Date,Open,High,Low,Close,Volume
2021-01-01,493.8163321545005,498.60781138923585,490.88276978526585,493.91412353515625,111759
2021-01-04,495.2341948903228,503.6925966013139,494.7941486317222,496.4565124511719,121221
2021-01-05,495.57642284314716,497.8255050733547,490.24713615160294,493.3762512207031,84818
2021-01-06,494.79415764967786,498.7055739156832,488.0469705591662,492.2028503417969,123683
2021-01-07,496.65204781913707,496.7009584248864,483.0598829907802,488.0958251953125,125475
2021-01-08,488.9270240762596,498.6077731846221,486.4823889558783,488.8781433105469,123460
2021-01-11,488.92700156756996,493.3762253451405,480.3707790401375,481.0063781738281,145414
2021-01-12,479.14848162634365,481.10418971461445,473.28135736153126,474.7481384277344,206384
2021-01-13,477.0950221875512,477.7795320125625,469.3699805591957,470.4945068359375,100376
2021-01-14,469.3699640254958,485.9934835847321,464.4806935668969,480.90863037109375,249229
2021-01-15,483.9399800657366,485.4067611913198,475.0415019355175,476.75274658203125,109351
2021-01-18,476.75268193854635,492.8383913713896,469.36989654418056,472.25457763671875,287118
2021-01-19,473.33027633495334,496.3587588382769,472.3524222118841,482.7176818847656,331257
2021-01-20,485.015613624152,492.8384461019609,481.1041973852476,483.7444152832031,155797
2021-01-21,485.0155911496075,487.2157626820402,474.25919699104765,475.8726501464844,95448
2021-01-22,476.2637805151021,479.6373887642053,466.48524047913463,468.4409484863281,218265
2021-01-25,472.30353851826925,475.7749086969769,455.6800185290134,463.06280517578125,109007
2021-01-27,462.47606408889936,462.47606408889936,452.74640479219977,455.5332946777344,107198
2021-01-28,454.702151878759,456.6578600588827,447.8571732483261,451.96417236328125,131157
2021-01-29,461.547057242077,462.42711981508165,447.85710215438826,449.3238830566406,90106
2021-02-01,451.4752139057285,453.67538545528515,441.9900179553894,448.6883239746094,92047
2021-02-02,452.69752244035817,462.2315989657081,450.39955956590103,456.90228271484375,111736
2021-02-03,460.91151782070773,481.0064068462827,457.78237288745476,474.7970275878906,250991
2021-02-04,477.92622160133766,483.9889293414678,464.23626333551925,470.9345703125,442766
2021-02-05,469.56555384001547,474.0636588561604,454.50657672774224,456.31561279296875,252713
2021-02-08,459.5425290563121,460.52038311976486,449.8128691882622,451.0351867675781,158474
2021-02-09,454.702160321035,456.5111963895848,450.30181683405726,452.0130615234375,87042
2021-02-10,454.21315446621344,454.21315446621344,445.9991873505641,447.6126403808594,101657
2021-02-11,447.80834459044024,456.1201053231771,446.87937116008464,454.848876953125,110562
2021-02-12,454.89775321878875,461.5471493661819,454.7021704560902,457.9290771484375,88600
2021-02-15,463.0138437521783,470.3966291129058,463.0138437521783,465.3606872558594,168895
2021-02-16,467.36535949601756,470.05445815861435,459.64028855553124,460.66705322265625,84394
2021-02-17,459.5425281555436,459.5425281555436,452.25750346040525,455.67999267578125,101258
2021-02-18,454.89772926044066,470.5922752838617,454.89772926044066,463.99176025390625,106647
2021-02-19,469.07657414899586,490.10043507783575,456.7066972174759,476.166015625,509458
2021-02-22,478.6595699418244,487.7536009069861,461.1070773504698,465.01849365234375,186787
2021-02-23,467.12085382890353,468.04979719620417,450.44842572025743,458.7113037109375,191598
2021-02-24,458.61353704130363,464.4317804180745,451.42630399992095,455.9244384765625,61514
2021-02-25,458.32020707216236,462.62275894165583,452.9908905408689,455.1421813964844,103124
2021-02-26,452.74645354266033,460.2759421365449,451.1818809961953,454.2621154785156,98266
2021-03-01,458.3202138220135,460.47147486757393,454.7510225987588,456.56005859375,93765
2021-03-02,459.5914320503369,460.9604218370326,446.9771199900691,454.6043701171875,93744
2021-03-03,455.67999356897866,461.4493265750023,448.83501512480944,451.0351867675781,153885
2021-03-04,451.7197061500366,458.4179827536702,447.85717058060453,450.39959716796875,104622
2021-03-05,450.3995766955011,454.65324773693385,447.85715022370033,449.0794677734375,97565
2021-03-08,455.6311312449815,455.6311312449815,449.8128873952388,450.1062316894531,60773
2021-03-09,453.6754105825982,453.6754105825982,444.5324690019234,445.9014587402344,86480
2021-03-10,448.6393971716149,453.62645847224707,444.9235639587634,451.5240783691406,66098
2021-03-12,454.5065901437408,457.4401525495956,446.87933982521434,448.63946533203125,92142
2021-03-15,449.76401655748543,451.32855928349204,440.03435608078115,441.89227294921875,86998
2021-03-16,442.1367268758231,448.29722563217314,440.13213790058563,442.5278625488281,97414
2021-03-17,442.47896579714524,445.5592001431866,428.30008181027534,430.2069091796875,120443
2021-03-18,430.30466136279307,436.0740241123719,419.49938608221873,422.5796203613281,232327
2021-03-19,417.5436666977615,428.3000609218256,403.26699203202,421.30841064453125,133604
2021-03-22,416.6146654122177,428.006687856465,416.6146654122177,418.9126281738281,76533
2021-03-23,420.3794444031226,424.5842346659162,417.54367366507955,418.7659912109375,76337
2021-03-24,418.5215370162274,426.295488717593,416.8102924139414,418.47265625,105525
2021-03-25,418.03259438700695,421.8951297104353,402.5336021706268,404.7826843261719,134879
2021-03-26,406.7872717432229,412.55660448469536,403.8537096873824,405.8094177246094,84590
2021-03-30,406.88505861321016,411.6765372830745,400.92014319729344,401.99578857421875,120931
2021-03-31,403.26697291631854,404.0492740005733,392.11944358087027,394.51519775390625,149054
2021-04-01,398.42666300443966,453.72430014832076,398.32887162657715,442.3323059082031,1100784
2021-04-05,442.6745232965851,456.2666880989524,426.9799484944233,444.87469482421875,344851
2021-04-06,443.0167712633519,460.4714722545906,420.8683827068544,451.37744140625,304141
2021-04-07,452.7464119751921,468.2942849494053,450.79070393210264,460.9114990234375,329131
2021-04-08,463.79614603522054,468.7832074656314,459.68917708915103,460.7159118652344,156041
2021-04-09,460.56925041093996,474.2592068987386,452.9908816409086,463.0138854980469,256873
2021-04-12,463.5516823121829,463.5516823121829,438.0785972439554,440.5721130371094,173183
2021-04-13,440.767745858348,448.78616160211755,438.66536546264615,442.9190368652344,65538
2021-04-15,447.8571641661035,454.60435128235434,441.89224836934267,444.3368835449219,89802
2021-04-16,445.90143520132426,461.5470995943532,443.99460791672925,455.23992919921875,106074
2021-04-19,453.6264992634854,493.7185163242855,438.4208803393162,480.8597412109375,1483755
2021-04-20,499.68342288483507,508.48410939356995,490.8827363761002,496.309814453125,1068631
2021-04-22,496.60318696271776,519.2405023294489,491.8605888356173,509.9020080566406,1147680
2021-04-23,513.3734163570371,521.196249368192,489.6604537919739,495.8209228515625,664299
2021-04-26,498.70556397736226,502.61698016542,489.9048775542323,493.1806945800781,224679
2021-04-27,496.65209690935154,505.9417408037353,484.0866656171635,487.8514099121094,263594
2021-04-28,487.1669443295213,501.6391736602155,487.1669443295213,493.9630126953125,216644
2021-04-29,494.9897575541332,500.2212531178287,486.9713419942393,488.6825866699219,183029
2021-04-30,484.0378180928327,492.83850569452056,480.2241927671162,482.1799011230469,135962
2021-05-03,481.10420552673725,498.7055788996667,474.50369051188875,491.71392822265625,214869
2021-05-04,494.6474812674171,515.0846251137391,492.9851174319212,499.58563232421875,653800
2021-05-05,504.4748030215747,518.1647563227467,503.5947107216868,512.10205078125,600723
2021-05-06,523.1520230763658,559.3326302797781,508.92425569388354,547.8917236328125,2707513
2021-05-07,559.7237305711114,571.4579801874158,534.0061190819271,564.7596435546875,1436015
2021-05-10,567.1553061444229,585.7345316905333,567.1553061444229,568.7198486328125,580973
2021-05-11,560.3104021213287,574.8315117060557,560.2126405842276,564.319580078125,390165
2021-05-12,565.1995354393316,574.9291933580682,547.1581196464872,552.5363159179688,335950
2021-05-14,549.5540103452078,583.7789042279164,549.5540103452078,577.0806274414062,953227
2021-05-17,585.7345767867333,633.4538425582062,582.8010146325427,615.8035888671875,1343432
2021-05-18,622.3218208268636,625.1153346522718,599.0423395285626,612.8629760742188,515929
2021-05-19,611.6378028462275,611.6378028462275,564.1476441696545,577.1841430664062,544867
2021-05-20,578.311350647402,587.6231435815552,570.6168930479907,572.5772705078125,245094
2021-05-21,568.6075506101507,584.1925778765109,568.6075506101507,577.8213500976562,215534
2021-05-24,584.927723269734,612.6180595619334,583.2123927029605,608.4032592773438,538728
2021-05-25,612.6180801683156,623.5472106489121,594.0434880124154,599.9246215820312,322432
2021-05-26,600.8557672891569,604.776522703768,586.6430289111915,589.28955078125,230739
2021-05-27,594.8766876948837,598.3073489622683,585.6628877892283,588.6034545898438,131277
2021-05-28,593.0142111814353,593.8964050127564,580.2717570568755,582.7222290039062,112887
2021-05-31,584.1435473160893,596.7389498967458,578.3114117913034,585.6138305664062,194075
2021-06-01,587.1331843033607,592.9653205533743,574.9298198430436,576.8901977539062,121650
2021-06-02,579.1935706319274,583.212320675943,573.4104329334903,578.6544189453125,106669
2021-06-03,584.8786124399019,592.7691195526721,574.488576267745,586.2018432617188,129510
2021-06-04,595.8568431091035,596.8370319875023,585.1727604041625,586.3489990234375,141398
2021-06-07,591.0537959686342,593.014173401366,580.3697150298573,585.3687133789062,158503
2021-06-08,590.0736758962657,592.0340535570507,580.5168347999391,586.2509155273438,167240
2021-06-09,589.9265223793525,630.2613097568541,589.142383414833,610.4614868164062,1209785
2021-06-10,614.2843407055136,621.194659867842,599.9245506732467,602.6690673828125,228711
2021-06-11,604.5804214775043,668.4887412579781,597.1310107545795,652.3646240234375,1389390
2021-06-14,653.7859268879254,678.04559958729,632.7608652499475,661.1863403320312,1407547
2021-06-15,671.4293285250537,680.7411221323355,661.6274405173888,664.6170043945312,632900
2021-06-16,667.5084848721626,670.6940980525363,653.1977542076403,661.5293579101562,254065
2021-06-17,659.6671456994743,672.3606042275362,651.8256343092875,655.5013427734375,236564
2021-06-18,659.6671276072976,661.28446321756,609.3344516823641,640.2593994140625,295786
2021-06-21,632.2216784112354,666.528281115721,623.9390723645304,661.4802856445312,292482
2021-06-22,664.5680095566084,666.3323374397935,647.2676532240436,650.3062744140625,151056
2021-06-23,653.786033403509,661.1374505707149,643.3960544042525,654.080078125,178014
2021-06-24,657.0205058239156,661.1373105307398,643.0038186926098,647.6107177734375,104612
2021-06-25,646.9246320926171,673.977820049735,640.0633102370894,648.885009765625,422336
2021-06-28,642.2196861052005,661.0883196937156,642.2196861052005,649.1300048828125,126116
2021-06-29,651.9235680622411,654.5210923967528,642.4157842551115,645.454345703125,76843
2021-06-30,644.964217166223,661.5294314767182,642.121645774158,653.8839111328125,128486
2021-07-01,656.7265330947452,661.4314276353025,648.3949278241402,657.265625,119234
2021-07-02,659.5689801578576,692.5032955486813,651.8254657323043,666.871337890625,898889
2021-07-05,680.251079587693,708.0884675819045,667.753671425239,672.70361328125,1148964
2021-07-06,675.2520904301609,682.7504988787805,662.2645887882361,666.3323364257812,253667
2021-07-07,666.6264019677569,672.7525821792897,653.19786280486,657.853759765625,144865
2021-07-08,656.7264900764035,666.5283779879916,643.0038470001801,650.0612182617188,140152
2021-07-09,651.0414561914481,655.2562563463557,644.7682235241574,646.3855590820312,106967
2021-07-12,651.972633706198,659.6670922034394,643.0038818506036,646.3365478515625,159215
2021-07-13,649.228026005873,685.1519693597768,645.3072708164035,676.5753173828125,663204
2021-07-14,676.5753173828125,690.5430077452972,672.4095149940013,676.5753173828125,506995
2021-07-15,682.5054641085852,682.5054641085852,666.087301356559,670.008056640625,266064
2021-07-16,672.409561985657,681.2312617784718,666.7244785288169,676.5263671875,135139
2021-07-19,672.8997016570032,696.9143304852576,667.9007620353931,689.513916015625,253610
2021-07-20,697.8943188521844,703.7754507526241,676.7712654082984,698.4334106445312,482203
2021-07-22,703.7755215711235,739.0623165245503,703.7755215711235,733.7202758789062,1017618
2021-07-23,740.0425115116719,784.1510055752815,727.9862017661468,776.260498046875,1403740
2021-07-26,799.2949607823028,931.473395185332,793.9529199115301,925.2982177734375,7539852
2021-07-27,942.9416589178303,1014.2994539399626,868.7903496473829,886.972900390625,4255269
2021-07-28,882.2189210755572,924.3180421725789,867.4670915405433,912.9478759765625,1601805
2021-07-29,914.5162210074566,920.3973542615238,879.2294214830531,886.6788330078125,348407
2021-07-30,889.9134265661405,903.2929676569829,862.6641303373964,867.1730346679688,463983
2021-08-02,868.4473696045126,900.7446059810734,868.4473696045126,878.0042114257812,446412
2021-08-03,881.1897056531933,884.7183613005026,857.7141726085835,863.0562133789062,316472
2021-08-04,866.4868508163346,876.288738269008,839.0415659488489,843.7464599609375,219097
2021-08-05,847.8632774383299,904.7142255209,826.3481221901624,895.5004272460938,1214227
2021-08-06,894.9123921745822,900.4504829349694,871.2408082540311,876.2398071289062,313171
2021-08-09,881.7288641625616,916.3785757527925,874.3284503429045,896.6277465820312,679080
2021-08-10,894.4223476516147,894.4223476516147,835.12092076622,842.42333984375,361651
2021-08-11,848.5003707942043,855.6067388583904,791.9924683948055,823.3095092773438,408592
2021-08-12,820.4180271883104,852.764257650932,820.4180271883104,834.728759765625,267027
2021-08-13,836.1011207347957,849.4316656695767,828.2596096376346,833.6996459960938,192113
2021-08-16,830.2199868578579,833.6996454397045,800.8143202631285,804.1959838867188,199688
2021-08-17,804.1958573984767,822.0843017633465,785.47421671555,790.0811157226562,374573
2021-08-18,792.4825715058943,800.0300365330494,776.3094578016924,781.8965454101562,157319
2021-08-20,768.4679506228498,779.936170524635,750.0404147924961,757.9799194335938,194259
2021-08-23,714.557749730633,736.8570485048056,665.7443516319269,690.0040283203125,1220611
2021-08-24,692.0132920275009,734.1614103804507,692.0132920275009,728.7213745117188,361296
2021-08-25,730.2405927929585,743.669190155822,726.4668901699876,732.3480224609375,200483
2021-08-26,728.3782359688141,732.0049463078846,698.6785288182157,703.3834228515625,317555
2021-08-27,710.3427988699892,719.4585422769686,696.9142010339574,703.3834228515625,223160
2021-08-30,705.7359544559746,727.202113667735,705.2458600431579,717.8903198242188,188006
2021-08-31,724.3104105120486,732.2009171317422,712.5971442500356,715.9298095703125,113484
2021-09-01,720.9288284963919,726.7609635473154,711.4699830908288,715.1456909179688,122209
2021-09-02,715.1458016450977,742.0030015907985,715.1458016450977,723.8695068359375,238496
2021-09-03,718.478245885343,736.121640736552,718.478245885343,725.4375610351562,108513
2021-09-06,729.3584253676809,849.6275970276386,728.7703360477291,822.1823120117188,3156775
2021-09-07,812.3804736133065,837.7673877180256,796.8935023833519,804.8330078125,1436808
2021-09-08,808.9007698939068,838.061385349034,799.9320188571505,823.2605590820312,854068
2021-09-09,823.30963648617,928.2388409088188,817.4775008637328,914.8102416992188,5292946
2021-09-13,920.2012266398731,988.4224025087361,917.4567099854538,937.0604858398438,4348566
2021-09-14,941.7652499019218,945.8820542274836,894.7161943548552,907.5567016601562,551938
2021-09-15,907.5569629450634,914.2222357679642,886.9729952171144,893.295166015625,217562
2021-09-16,897.8039109812719,902.7048548047125,864.9675873642201,874.5734252929688,170767
2021-09-17,879.7193719605498,883.1010349934476,842.9622951376856,853.6953735351562,212750
2021-09-20,852.9590404235504,908.7788861038646,835.7761429932983,849.5224609375,412723
2021-09-21,856.002840634817,859.1448681384182,834.9906478172884,857.7211303710938,169201
2021-09-22,864.8398091215946,915.1120722889734,858.506671742769,882.9555053710938,656913
2021-09-23,889.6813341871402,900.3838488374739,874.8549719893012,879.6170654296875,172445
2021-09-24,883.0045307563531,912.6573139985173,864.9379776040523,872.5475463867188,589109
2021-09-27,881.6299475404674,883.6918712684175,867.4908536284966,881.9244995117188,157917
2021-09-28,882.7100134307715,901.3657311784741,857.8684644157217,868.2763671875,247727
2021-09-29,859.6849037566445,881.237178777772,858.2120839592444,874.0203857421875,177233
2021-09-30,878.4388697753021,898.6164895798447,861.7469116032106,868.227294921875,202096
2021-10-01,859.6848244098778,871.0255238173028,855.7082233097659,861.2067260742188,91644
2021-10-04,864.5453142999589,882.7100937599807,864.5453142999589,871.95849609375,181211
2021-10-05,873.8731569632257,913.1483550289887,871.9093970599375,888.4049682617188,598979
2021-10-06,897.1435599405403,901.9547348673216,872.9892815843361,878.5369262695312,154472
2021-10-07,885.6065151562291,909.6625707332284,883.6918375224262,889.337646484375,300330
2021-10-08,892.7251911427556,895.4744427970838,847.2150231417706,850.7007446289062,297962
2021-10-11,858.1630077833886,876.0332334324507,852.3208105614964,857.6229858398438,269705
2021-10-12,861.5014157123692,924.5871969060545,857.6720602752396,904.5568237304688,1032449
2021-10-13,913.1482152638899,931.8039314897113,886.8338485733055,911.7735595703125,637007
2021-10-14,916.0939720890892,920.0214917979386,887.1285142363259,891.3505859375,285224
2021-10-18,898.3710450412939,917.1249275468655,885.8520760577899,897.0454711914062,240964
2021-10-19,904.213225783873,913.1483089209925,864.0543138177133,870.387451171875,258172
2021-10-20,869.8965279501074,873.9222116543183,839.6546383707345,848.5897216796875,170562
2021-10-21,852.2717822110319,861.6487235893811,839.5073430765349,851.6826782226562,119491
2021-10-22,856.6411986557022,868.8164744234472,839.5073810564875,844.5640869140625,111412
2021-10-25,845.3986198701053,883.5937731251133,781.9200584134073,835.3343505859375,326981
2021-10-26,839.5563829960099,870.9765392902841,839.5563829960099,850.013427734375,118688
2021-10-27,851.9280683890681,860.1267410933391,834.5978652161396,838.8690185546875,99067
2021-10-28,840.4892540835662,841.3729700279965,807.1053351129572,813.1439208984375,108242
2021-10-29,812.9965109598622,821.8825115636218,792.9170561610663,806.1233520507812,124491
2021-11-01,806.02514145417,833.6159395086353,803.1285840954818,817.0712890625,162972
2021-11-02,822.7172000106758,836.561682760743,807.1052854804351,814.0275268554688,401185
2021-11-03,814.0765481782174,833.6159808892285,814.0765481782174,820.94970703125,230226
2021-11-04,826.7428112941526,829.2465928579587,821.833412177204,826.98828125,26744
2021-11-08,833.2724243340105,844.3676555274496,824.7791389905842,834.4015502929688,187984
2021-11-09,839.9982032178624,846.9204441048311,836.6107057836299,841.0782470703125,136221
2021-11-10,841.0782629695562,860.4703901783927,834.5978798739757,846.0368041992188,182620
2021-11-11,845.3004077357805,852.9590587692941,829.5903297473665,837.1507568359375,62697
2021-11-12,839.4091164766636,849.2279150788976,839.4091164766636,846.9695434570312,70935
2021-11-15,854.1863925727583,873.5785197255736,835.7761452757818,845.10400390625,167178
2021-11-16,844.3675213656056,859.1447999387144,838.3780188028074,849.5714721679688,87278
2021-11-17,847.362311884532,855.7082906226763,840.4891529237073,844.8094482421875,72036
2021-11-18,844.809475120129,853.2536181404056,817.9059423601356,827.6756591796875,89461
2021-11-22,828.1174610639124,828.1174610639124,799.299252497131,811.2781982421875,127597
2021-11-23,809.3144626008049,809.3144626008049,760.0731643805025,770.2356567382812,249669
2021-11-24,779.3180921983493,791.3952030380289,764.8844456161594,772.199462890625,142256
2021-11-25,773.3286181256482,784.8166254295912,738.3737161721552,752.8564453125,256571
2021-11-26,760.9569953306635,783.9330111613593,746.4251834056726,755.1638793945312,352654
2021-11-29,751.1381447358341,755.9493803535324,712.8448275532229,720.5034790039062,145444
2021-11-30,722.6635649668716,769.6956334520164,709.162717115928,734.9861450195312,470850
2021-12-01,726.0020435078729,765.8663446554397,714.808588345077,751.3345336914062,248770
2021-12-02,757.9131172562128,803.8160024888233,751.3835919626777,787.9586181640625,554565
2021-12-03,793.3589428540791,804.8469494332253,786.7312536656323,795.2736206054688,146339
2021-12-06,795.3226682098301,798.3664717337722,759.3367482012528,763.6570434570312,109771
2021-12-07,771.9048558142608,781.7236541586301,762.5769973871102,768.0755004882812,60405
2021-12-08,767.0445405641276,787.5657931976102,767.0445405641276,783.4910278320312,68685
2021-12-09,785.4057237353541,786.6821555671091,773.9177173911773,776.4705810546875,39669
2021-12-10,778.5816724036218,790.0205371887347,775.6851147361735,779.1707763671875,57682
2021-12-13,786.6330601432871,795.1753668335159,776.6669557657673,781.5763549804688,51134
2021-12-14,782.5582277815719,798.6610810325673,756.0474722607407,787.9094848632812,81405
2021-12-15,788.4495369772766,788.4495369772766,744.5594947263272,757.2257690429688,79491
2021-12-16,760.9569457565947,768.3701272423199,755.0656661765436,761.3988037109375,48845
2021-12-17,767.7318545730133,767.7318545730133,731.5004652743277,735.0843505859375,115138
2021-12-20,716.7722513812946,732.8259620809681,700.8657866935711,721.632568359375,145591
2021-12-21,723.0071729841269,737.7353701109511,717.5086700284542,725.3637084960938,190364
2021-12-22,729.0457843228417,752.3163486163583,726.6401667186994,745.6886596679688,168393
2021-12-23,749.4198299633022,791.34611347149,748.4379500681653,781.674560546875,366921
2021-12-24,781.6745964474064,823.6008818811728,780.6927165071739,792.8189697265625,736724
2021-12-27,795.2245057786014,803.1777085048342,775.6850730058911,798.9065551757812,137351
2021-12-28,795.3227110000438,822.6189599596389,795.3227110000438,816.6295166015625,151228
2021-12-29,818.7896711242241,863.5633705128492,818.7896711242241,852.4681396484375,585869
2021-12-30,855.1193176311691,859.9795756972418,843.9258616377668,845.398681640625,107345
2021-12-31,846.3804234041871,853.2535822949403,832.6341056226805,842.6492919921875,106771
2022-01-03,844.9076367295567,867.9818139092714,843.1402649314169,856.64111328125,108810
2022-01-04,860.1266968913811,863.612358163494,838.1817075348338,848.54052734375,85913
2022-01-05,847.4604419651125,855.2173164534145,839.5072394577146,848.4423217773438,60946
2022-01-06,843.9258084573064,871.9093867482119,825.1719255743778,837.4945068359375,220821
2022-01-07,834.5977973254562,844.7602288859217,828.7556007583411,839.850830078125,85135
2022-01-10,845.9385133864461,845.9385133864461,815.9420980608988,824.337158203125,86814
2022-01-11,824.33725834884,831.9959095856927,815.9912791959072,820.3606567382812,85110
2022-01-12,820.9007116238427,826.5465212772792,815.1076559369642,820.5079956054688,53815
2022-01-13,820.3606542539604,831.5049671174507,815.0584788364768,826.35009765625,89683
2022-01-14,826.693756399082,854.1863923555768,822.2262150419896,838.1817626953125,117845
2022-01-17,843.9748826242896,845.202232537922,815.0094246625669,821.4898681640625,62822
2022-01-18,826.7428203039511,826.7428203039511,802.4903764160854,810.8854370117188,81122
2022-01-19,803.4723183286505,812.309237518227,787.7622397694035,793.2608032226562,79619
2022-01-20,793.948035830954,818.2987044558618,790.4132922843403,795.9609375,78427
2022-01-21,794.3407612454067,796.3536028572863,765.8662469362389,773.8685913085938,69959
2022-01-24,775.6360302538596,794.5372181159514,750.1562351500326,775.0960083007812,132727
2022-01-25,775.0960104501343,809.8545226574747,768.026463244325,807.498046875,111987
2022-01-27,806.9579515930853,818.6423460815481,792.8679993533434,798.1210327148438,78277
2022-01-28,804.6996471952829,813.9293420794147,785.6512133973058,788.6459350585938,40703
2022-01-31,788.7931268078385,799.1520068178148,774.7031754092691,780.7417602539062,57635
2022-02-01,777.6488671419723,792.1315954126088,777.6488671419723,783.9329223632812,41535
2022-02-02,784.5220157139099,814.9602916677662,784.5220157139099,810.7382202148438,55181
2022-02-03,818.5440962380621,830.6702874556039,796.3044954213887,814.6165771484375,275012
2022-02-04,811.0817826182624,816.8748973086151,785.9456841495701,790.9532470703125,63024
2022-02-07,795.3226915518384,802.7849545626236,772.7394546312306,786.8294067382812,70844
2022-02-08,787.4676634918194,793.408024777958,772.7394652968352,776.077880859375,55375
2022-02-09,781.5763680372596,786.485767333976,760.9568909910505,767.9773559570312,53910
2022-02-10,767.9773073842988,790.8060126701691,764.9334440553373,784.9147338867188,68059
2022-02-11,780.5944919292327,790.413290569852,760.9568946479942,768.2719116210938,61001
2022-02-14,756.0475342592122,764.5899015022654,737.637285860043,753.5928344726562,72098
2022-02-15,756.0475109936466,770.186605300789,722.6635949237973,765.669921875,108056
2022-02-16,775.6850518837861,777.943363466724,760.9568546961192,767.5354614257812,52160
2022-02-17,771.3156322658901,775.6850091768371,761.0549768042331,771.2174682617188,32684
2022-02-18,765.9645668798008,774.4578528830988,751.1382027962859,754.1820068359375,29741
2022-02-21,756.0474532956704,756.0474532956704,732.3350319251766,736.0662231445312,66530
2022-02-22,723.645428235808,738.3736255540402,710.8809905600068,719.96337890625,101113
2022-02-23,726.7874600732989,733.316924966612,706.0697597620361,711.12646484375,47682
2022-02-24,693.2071777383375,697.7729430364772,638.2219058497442,648.3843383789062,155112
2022-02-25,664.2907899764743,672.734992509815,658.7432048696362,667.9728393554688,110486
2022-02-28,667.6783414391837,671.7040251144189,640.480255838837,655.1102905273438,118901
2022-03-02,648.0406902219667,690.8997689333223,648.0406902219667,682.45556640625,172985
2022-03-03,682.406424903254,716.7722160854322,682.406424903254,711.4209594726562,137303
2022-03-04,706.9535991643719,706.9535991643719,688.3469612005252,691.9308471679688,50446
2022-03-07,677.4971298970158,704.989767052257,675.5333701002129,691.9798583984375,106245
2022-03-08,699.5403720579707,708.868231445556,677.055297562534,704.7443237304688,71309
2022-03-09,708.9172473101756,712.1083568029153,692.3234539762532,708.2299194335938,101179
2022-03-10,715.3976610722617,736.2626086528048,715.3976610722617,719.7179565429688,73829
2022-03-11,719.7179844430361,729.5367836850967,712.0102510096965,723.3509521484375,56923
2022-03-14,726.5911454984354,729.4877032670046,706.560771029233,715.7904663085938,53484
2022-03-15,719.3743618057629,726.5911553910089,711.8629562952452,715.7413940429688,42712
2022-03-16,715.7904418670792,722.6636011168316,712.8938841974164,716.2322998046875,32920
2022-03-17,721.6816785960584,741.0247233279403,720.8471047081332,725.2655639648438,184711
2022-03-21,727.573034994652,730.960532770952,717.0178256475635,721.0926513671875,102179
2022-03-22,716.7721555710012,720.3068983939264,687.3157656160286,694.0907592773438,267558
2022-03-23,701.6023770170386,725.6093562005844,694.1891946330354,714.072265625,119715
2022-03-24,711.8628224377874,716.1831173318421,703.025904642008,704.1550903320312,43348
2022-03-25,704.0079045599948,708.8682221630888,688.2978257971497,690.9489135742188,85476
2022-03-28,691.243458967093,696.7419625099265,667.6783410477603,668.9547729492188,141558
2022-03-29,672.5877064195146,687.315904370307,666.6964272391978,676.367919921875,294715
2022-03-30,681.0318541007834,691.0470407641578,669.2002136489441,676.6625366210938,125040
2022-03-31,681.5226789821428,685.3029518023113,662.7688005962042,665.9108276367188,52673
2022-04-01,671.0167065596247,702.9768833625455,665.3708974801972,698.8038940429688,96066
2022-04-04,709.3100604214281,777.2070192320468,707.0026067096808,762.4788208007812,350744
2022-04-05,770.186623942563,788.449566262903,751.1872117618996,757.0784912109375,215943
2022-04-06,756.0475649828588,773.7214041642764,741.3684476768979,768.222900390625,100474
2022-04-07,771.8557493526595,774.2613670434267,747.5542223334795,751.5308837890625,73392
2022-04-08,752.6109412529801,758.9931605851972,742.3012023317065,747.99609375,78117
2022-04-11,752.3163517291867,770.7756808907972,750.8926139633594,762.0369262695312,63085
2022-04-12,762.0369961154815,772.7395114142439,744.3631572267186,755.7039184570312,67119
2022-04-13,761.9388666053948,768.8120264845671,752.7091707959697,755.2130126953125,40151
2022-04-18,755.0656106900225,814.96028201914,736.9008333197164,770.1865844726562,321626
2022-04-19,774.7031690080569,780.8399178119863,751.1380536009677,759.680419921875,50861
2022-04-20,762.9206292873066,780.3489963012702,759.1894979124086,774.06494140625,68892
2022-04-21,778.876285730492,805.1415749120749,775.7342578425566,789.235107421875,154256
2022-04-22,792.2789563129581,797.0901321146079,770.8739254410599,775.7833251953125,41001
2022-04-25,774.7032387337136,774.7032387337136,755.0656407936956,758.6986083984375,86993
2022-04-26,763.1170771068987,765.6208588885056,728.7512802988222,737.8827514648438,64844
2022-04-27,737.8827764501192,739.4046783744566,705.1371043544501,708.180908203125,131446
2022-04-28,716.3304364792008,718.7360541106277,695.1709375824104,698.1165771484375,86606
2022-04-29,698.8038801363875,703.3205033383705,688.5923060329634,691.6361694335938,71051
2022-05-02,691.1943208975855,693.8454084343313,674.4532817193558,682.45556640625,57313
2022-05-04,686.6776270035076,717.655983216347,682.5046377754464,688.494140625,145390
2022-05-05,696.74179925687,720.6996874996474,687.3157782694185,690.5559692382812,50021
2022-05-06,691.2433580194851,706.5115764558113,661.1978610317894,679.8535766601562,74918
2022-05-09,679.8537154720933,683.2411534265927,663.7508599859619,670.3294677734375,53645
2022-05-10,671.1148937105027,674.5023912607904,657.8595154148306,661.5415649414062,57195
2022-05-11,665.0272326197988,665.2236205821929,614.6568066191184,655.8466796875,108585
2022-05-12,648.1389170660412,667.6783516219498,639.4493036673452,651.2809448242188,333769
2022-05-13,657.515797404132,703.909615510133,657.2211855363023,694.72900390625,253747
2022-05-16,694.7782064783856,711.862941034901,688.297822986849,700.7186279296875,74836
2022-05-17,705.9226050029625,713.2376226470222,701.2095932090087,706.560791015625,35497
2022-05-18,710.6846304874274,736.3117307839196,708.9172587257498,728.9476318359375,85157
2022-05-19,714.2193642094647,799.2501277887843,709.8990692767704,785.9947509765625,848372
2022-05-20,772.7886647808158,785.5040231412551,757.0785843179907,762.5771484375,248738
2022-05-23,768.7296551920576,773.7993561124654,730.7312022346526,734.3243408203125,76142
2022-05-24,733.3890117254548,742.1503273084907,718.7212074573816,722.26513671875,54925
2022-05-25,714.7836333140705,748.1553223856278,705.0871706035604,709.9108276367188,110802
2022-05-26,715.6696153655156,746.87557897389,696.3258390046694,728.3685913085938,72235
2022-05-27,734.3734953450486,740.3784020374941,719.6072722482983,721.1823120117188,31854
2022-05-30,725.8582649388466,755.1446066991086,724.1848077625342,745.15283203125,89181
2022-05-31,751.6499375777116,751.6499375777116,723.5449059681139,730.58349609375,60946
2022-06-01,729.9436245691842,742.0027067013116,723.5449279276471,728.8115234375,33267
2022-06-02,732.9461031171818,748.1553253667499,725.4645738970813,744.16845703125,39130
2022-06-03,749.3366032157626,765.9239695680385,733.1429667570153,747.6630859375,103548
2022-06-06,738.3112137689953,759.5745526919742,738.3112137689953,753.7665405273438,58467
2022-06-07,757.5565009169952,776.7033834120612,753.8157361822381,770.944580078125,102763
2022-06-08,770.9446653943355,774.8330567492403,748.2538505732324,749.9273681640625,42470
2022-06-09,750.4194804556394,764.890391776299,745.2020934036786,758.2947998046875,46782
2022-06-10,758.2947468577408,759.2299529819245,746.6294549200446,750.8624267578125,22482
2022-06-13,746.2849709708596,748.1553834630861,700.4112570184024,703.364501953125,81254
2022-06-14,701.3956266450699,710.1569434184843,694.0125147856481,704.7918701171875,42510
2022-06-15,704.7918461026371,708.1388206478484,692.3389738238216,695.1445922851562,32168
2022-06-16,699.0329781538197,701.5432841502268,669.4021144732045,675.0625,79525
2022-06-17,674.3242604452366,677.917399151251,647.9911597636161,653.4546508789062,38809
2022-06-20,654.8327402236506,658.9180256135601,621.1657418799367,624.0205688476562,41700
2022-06-21,641.8384919973619,673.0936639619573,630.271617333299,665.5628662109375,43111
2022-06-22,664.381661924234,686.9247278263143,652.1256839988135,676.1946411132812,50157
2022-06-23,679.5907919952939,684.0206589788962,669.4021219665751,671.8631591796875,19167
2022-06-24,675.751618364334,684.1683537206609,673.3397898488231,682.1995239257812,19858
2022-06-27,687.4168638581347,704.9394358175422,686.1371365957573,700.558837890625,53036
2022-06-28,700.4111918381221,705.5301612653878,692.0436653017566,703.1675415039062,15394
2022-06-29,702.8720726982797,714.6850487100154,695.5381714075464,699.475830078125,36039
2022-06-30,703.0198636590578,706.7606279365789,694.0124440747358,699.3283081054688,24413
2022-07-01,693.0280698853616,703.0199048696898,693.0280698853616,697.7040405273438,26432
2022-07-04,699.7220841710339,727.2364920635198,694.9969047673028,723.4957275390625,80408
2022-07-05,731.0757209930171,731.0757209930171,701.7401100505177,715.0789794921875,46090
2022-07-06,718.6720852185556,733.0445787987134,708.8279362255367,729.1561279296875,48031
2022-07-07,733.1429598719737,734.1273747224229,718.6228408278495,722.5112915039062,20909
2022-07-08,726.1536661154588,726.6458735594241,717.6384533012939,718.8197631835938,16658
2022-07-11,718.5737127620674,727.876446159827,718.1799227441192,719.9026489257812,20310
2022-07-12,715.8665232740055,730.4358516953505,713.9469022130094,724.7262573242188,24161
2022-07-13,724.7262917772133,730.4358864197753,718.6229071245768,719.9518432617188,16949
2022-07-14,722.5604845483149,727.8763486589385,716.6539955738054,721.0838623046875,19537
2022-07-15,724.7262260842552,724.7262260842552,702.8722043523163,711.9288330078125,31911
2022-07-18,716.9002152661163,716.9494239987492,710.7476215889268,715.8173828125,17329
2022-07-19,718.2290359927717,735.8992942094895,716.653996298209,726.79345703125,36077
2022-07-20,730.4357619217933,764.6441753002061,728.7622447900962,760.1651000976562,211392
2022-07-21,767.8436392543905,799.148021761055,757.9994900331803,776.9002685546875,213247
2022-07-22,778.6721478675338,810.0257368675723,767.8435844964303,788.5162963867188,336403
2022-07-25,788.5162592348845,812.0437971207759,777.687696373981,792.4539184570312,236067
2022-07-26,796.4409786465363,798.3113912620984,760.0176220498577,764.939697265625,66518
2022-07-27,771.3874289864315,771.3874289864315,742.7409817554712,746.2848510742188,43884
2022-07-28,752.6343678414796,765.6778647130014,744.3160502726696,748.302978515625,40854
2022-07-29,750.1241638897324,774.7345367207604,750.1241638897324,765.9240112304688,59348
2022-08-01,771.7812740602127,832.814997263954,771.7812740602127,821.1989135742188,564782
2022-08-02,823.9552196950624,843.4466214775177,807.8600611216813,829.8125,285473
2022-08-03,829.566435575104,829.566435575104,797.4744742749604,803.2333374023438,86087
2022-08-04,810.764127931737,818.5410300621069,776.8018121925395,802.839599609375,87535
2022-08-05,810.1734171604525,828.8772992091142,792.4539499564571,807.3678588867188,212309
2022-08-08,811.4531695850873,811.4531695850873,797.3760488869526,800.7230834960938,56095
2022-08-10,805.2513564875097,806.9248737683865,793.4383781527296,797.3760375976562,47707
2022-08-11,803.4794459257862,807.0233154992673,787.5319126772878,791.3711547851562,57607
2022-08-12,795.8993538404378,796.2438749816964,776.7032655288874,781.0839233398438,55022
2022-08-16,785.5631118150553,826.8593300231194,781.0840359135954,800.575439453125,54428
2022-08-17,804.2670042595863,807.0233540689063,787.5811590454952,791.026611328125,36775
2022-08-18,794.9150465037616,794.9150465037616,781.3301326484067,783.8895874023438,48110
2022-08-19,785.5630974393192,790.3867545273383,755.4892339839585,767.2037353515625,76684
2022-08-22,767.2530431503461,767.7944593610629,748.3030551878135,751.20703125,70299
2022-08-23,747.7615722649438,758.7378229951001,743.2332875268253,755.8829956054688,53643
2022-08-24,759.6729374730934,767.7943598328375,757.0150054113036,762.970703125,31501
2022-08-25,767.4005350693767,777.6876816087042,753.8156230276776,755.68603515625,55547
2022-08-26,760.6573879645762,762.9215301663512,744.2668562184037,751.8468627929688,33877
2022-08-29,725.1691935551037,749.1396701362806,725.1691935551037,745.89111328125,40975
2022-08-30,748.2537818744752,775.2267756250285,748.2537818744752,766.662353515625,116330
2022-09-01,762.9215095464533,775.7189026098132,762.3308846694024,770.7476196289062,37997
2022-09-02,774.5375297111752,777.5399827455758,757.9993735771823,760.804931640625,49507
2022-09-05,767.843521610383,767.843521610383,750.7639493619723,762.9214477539062,65785
2022-09-06,763.4137828661378,772.7657247581151,759.32843684818,762.4785766601562,36756
2022-09-07,761.9371405438113,767.745212547932,758.9838958130213,765.0872802734375,26061
2022-09-08,768.8280133950656,785.5138574567223,768.8280133950656,774.29150390625,87229
2022-09-09,778.6722119188448,779.5582093920168,750.3702825981536,753.8157348632812,88393
2022-09-12,757.6056439518529,762.9215081713869,752.4374659932726,757.2119140625,156988
2022-09-13,761.5432920427028,764.8903265140386,752.8804535146675,755.9813842773438,33771
2022-09-14,745.202132769012,755.2923862179979,744.8083427471903,751.600830078125,37863
2022-09-15,755.046156309682,758.9838155342436,741.2643490237165,742.9378662109375,48112
2022-09-16,745.7434209859814,746.6786270643472,724.5292940268419,727.925537109375,53219
2022-09-19,726.4981153804202,726.4981153804202,708.1387555042478,710.5997924804688,53639
2022-09-20,710.0092370567263,723.987940465129,698.1962584159212,705.2840576171875,100286
2022-09-21,706.7154959694432,725.0768460504045,705.2840864693632,710.1705932617188,51512
2022-09-22,714.5140305708685,725.5703527585636,706.5179732331482,721.3748779296875,46144
2022-09-23,725.0274451994662,733.270295449217,704.8891412480665,708.34423828125,40551
2022-09-26,700.8910229669758,708.2948013785988,688.1071535258195,693.5859375,48370
2022-09-27,698.1270318951708,733.9119646855726,693.6354178987974,722.06591796875,96202
2022-09-28,715.501271433122,728.3344898178987,710.7628643876275,714.6128540039062,22824
2022-09-29,718.2160204350658,737.3178093574091,715.6987472365882,719.5980834960938,25587
2022-09-30,719.5979952050801,739.884338259711,680.6047578985309,734.8497924804688,246366
2022-10-03,725.570425188566,743.142050646111,725.570425188566,737.3671264648438,45553
2022-10-04,739.3908065603779,749.6574052783503,727.1498665698812,736.7747802734375,36981
2022-10-06,736.7747693351073,745.9060975849667,728.8280578815983,730.8517456054688,39044
2022-10-07,730.5062229357436,734.5535981781923,720.78261690697,725.2742309570312,39310
2022-10-10,721.7698132929061,727.2979445903727,716.5871676069888,719.8941650390625,21097
2022-10-11,717.6729888635087,724.0402509526782,705.826942279792,711.4044799804688,27083
2022-10-12,710.8615737568285,713.7243927941938,695.560428406469,703.408447265625,19929
2022-10-13,705.8270302203084,710.5654373937417,691.0688166289151,701.088623046875,29805
2022-10-14,705.7776413769695,710.7628409191046,696.0046282134869,700.1507568359375,21450
2022-10-17,703.6551641795531,705.8269514652528,691.0193930429049,699.7064819335938,18406
2022-10-18,703.2110091287548,725.5704491103489,698.9661872592128,709.134033203125,65412
2022-10-19,712.687841006344,725.5704055441544,708.2949196978649,720.6838989257812,35690
2022-10-20,716.1922556128352,733.1222551564914,716.1922556128352,728.2850952148438,36391
2022-10-21,729.5190953499588,736.3305967957498,722.6582474231055,731.3453369140625,28606
2022-10-24,735.5408580405987,737.1203672980646,725.5704581585861,730.0620727539062,7091
2022-10-25,731.4934227089627,738.4036169855656,727.1498479199673,735.1953125,34978
2022-10-27,736.4292671513618,744.82021724625,730.9998288546694,737.0215454101562,43607
2022-10-28,736.4292402453277,739.3907519353223,721.6216817953547,724.7806396484375,22911
2022-10-31,728.6800155617331,732.6286980325636,707.7519864159087,715.5505981445312,21704
2022-11-01,714.7114522332836,734.8497548224674,713.526835565901,724.3363647460938,31645
2022-11-02,724.4351322723031,731.4934262758096,720.1903106749713,730.4569091796875,24845
2022-11-03,729.5190644643689,730.9998203462316,724.6325580037997,728.7786865234375,20553
2022-11-04,730.5063306829675,732.9742574758153,725.5704770972717,729.124267578125,33705
2022-11-07,730.5061668963328,748.5713749191589,721.6216324340801,728.1863403320312,83288
2022-11-09,728.1864743420539,737.416496075621,724.5339307849641,729.1736450195312,39307
2022-11-10,729.1241357494537,740.3285575144483,716.7351575397598,723.2998657226562,37377
2022-11-11,726.5082452205006,730.5556207473434,717.623709452404,721.9672241210938,48138
2022-11-14,726.2121133996974,769.9931076641121,726.2121133996974,765.3533935546875,297168
2022-11-15,775.6199269094386,775.66927338739,745.3137784377722,752.5694580078125,98718
2022-11-16,752.2239939799875,762.0463534583638,740.3779468306965,741.760009765625,36038
2022-11-17,742.4016419089229,746.4490775432477,705.9256759807027,719.7954711914062,67529
2022-11-18,712.7371089714618,725.5703256149923,708.88711987756,716.685791015625,66724
2022-11-21,716.6858493490828,729.5190670371517,711.1083114068852,726.4588623046875,50880
2022-11-22,730.1113062881083,730.1113062881083,720.6838396943783,723.2998657226562,25857
2022-11-23,723.5960538329663,726.9524579925179,721.6710591018149,724.8300170898438,14792
2022-11-24,724.583148276192,733.4676827918402,723.8427703998881,728.5811767578125,23798
2022-11-25,732.2338078547092,732.2338078547092,723.4479652302281,725.718505859375,19051
2022-11-28,728.4825439376187,755.6790814549075,725.8171713125026,748.5220947265625,82789
2022-11-29,752.2732822587149,753.6059986111696,740.3778895503605,744.5733642578125,23741
2022-11-30,747.2388125700516,749.2625002898453,737.9593846447998,745.758056640625,24196
2022-12-01,749.9535292028168,751.2368389534975,736.8735185377263,745.5606079101562,60883
2022-12-02,749.4600131748083,756.5182475820717,739.4895528779151,751.2862548828125,27874
2022-12-05,755.5309173361785,767.821202099595,749.2624087681437,755.7777099609375,121516
2022-12-06,755.1855609949814,759.8252751848509,745.8074396492921,751.3355712890625,27221
2022-12-07,751.2368678090533,751.2368678090533,721.128162857442,730.308837890625,61888
2022-12-08,736.0837531825612,741.3157451073731,730.5555618876522,737.1696166992188,27891
2022-12-09,740.378024860964,740.378024860964,722.2140598835279,728.0383911132812,37649
2022-12-12,721.4242588749674,730.012655103073,711.7993455723915,714.1685791015625,54228
2022-12-13,713.7242838256623,714.1685226087552,699.0154190208052,704.5929565429688,105373
2022-12-14,708.3935279468353,731.1972026882623,696.9917207021747,728.5811767578125,70323
2022-12-15,732.2337930825171,736.3305751763412,726.06397682803,729.5684204101562,26424
2022-12-16,726.8536762499901,733.3690381418274,714.5633906434903,717.52490234375,26396
2022-12-19,721.1281689226311,728.3838491908216,711.5526014464044,718.2160034179688,26181
2022-12-20,718.2159245255835,730.6543096574794,714.8595807931868,726.7056274414062,35604
2022-12-21,731.1972814913336,734.3068327556715,710.8615308126155,717.4755859375,32145
2022-12-22,717.4755212075189,721.2267571295523,691.6116415575405,699.7557983398438,53819
2022-12-23,695.9553392713004,716.1429920140616,691.8092103060692,697.33740234375,78322
2022-12-26,700.8417676682537,705.8269670635251,687.712410960711,695.9552612304688,33118
2022-12-27,695.9552391447821,711.2070362232704,692.2040030976859,704.1487426757812,26439
2022-12-28,704.1980942157791,710.4173169396431,696.9424147074167,702.0263671875,14941
2022-12-29,701.2860451393612,704.9385282972456,697.8802943887937,701.6315307617188,12337
2022-12-30,701.631469818658,705.7775981873891,701.3846771806634,704.1487426757812,16723
2023-01-02,707.8999824100226,718.5614726286077,703.3590219481137,714.4153442382812,32121
2023-01-03,715.7973873531092,717.9691747520336,713.4282140332838,715.2544555664062,10757
2023-01-04,718.8576030642134,746.0541395340196,715.2544064733943,736.1824340820312,152468
2023-01-05,740.08179829827,740.1311447770094,723.5466910291605,728.4825439453125,22042
2023-01-06,724.5338755076236,733.3690644474008,712.2435894602776,717.0807495117188,24054
2023-01-09,720.8320132840248,723.201186668446,713.2801337881681,719.3512573242188,23446
2023-01-10,723.1024746486412,723.1024746486412,712.7371832031657,720.2890625,17023
2023-01-11,724.089682588679,724.3858217376786,716.6859026031096,718.3147583007812,15877
2023-01-12,721.8685073499345,721.8685073499345,705.9750846564766,709.9237670898438,24139
2023-01-13,708.7884476530585,711.7006127962051,700.9897762869518,703.4577026367188,23584
2023-01-16,706.9623003794891,710.1706050613373,701.8783473212524,703.6058959960938,11632
2023-01-17,707.159677925435,707.3077776252258,697.9790028412948,700.3975830078125,17165
2023-01-18,703.9019915464082,703.9019915464082,694.4251777894177,695.0174560546875,25294
2023-01-19,697.0904773318739,705.8269122143843,692.1546247989062,696.5474853515625,29524
2023-01-20,696.9424570481196,705.8763391000844,682.3816904171567,687.959228515625,39898
2023-01-23,690.2296593620781,694.0795883488498,673.349006836343,676.4586181640625,46138
2023-01-24,675.3234110135237,686.4784874520114,675.3234110135237,684.2079467773438,12248
2023-01-25,679.2228274955605,686.0836763090756,675.2247979790038,678.2356567382812,28357
2023-01-27,676.2119200280076,687.3175902474457,662.3915304215958,676.7055053710938,37656
2023-01-30,680.2592014731376,681.9867499345431,670.5849421396891,674.0400390625,18523
2023-01-31,677.347187932521,689.0451364198916,673.7439908403668,684.0599365234375,32325
2023-02-01,687.2187730258689,702.7667085219102,681.1969967777258,684.1585083007812,23645
2023-02-02,685.0964061237164,700.7430362549476,684.1585819899833,690.1803588867188,22654
2023-02-03,684.1091970312303,692.6975929404858,675.2246620048508,684.5040893554688,26454
2023-02-06,683.9118023149073,707.0609657031866,683.171424340349,686.231689453125,31599
2023-02-07,686.0835663690507,698.6206450279435,684.0105322118019,696.84375,33825
2023-02-08,696.9424980319753,698.7687396837621,690.5258886308311,696.3502197265625,24173
2023-02-09,698.7686828121972,698.7686828121972,691.5623495063078,694.2277221679688,9733
2023-02-10,691.5130248438859,707.8013402042344,691.5130248438859,703.5565185546875,27491
2023-02-13,714.1192178857758,717.6236613757692,678.2355313418054,695.461669921875,74415
2023-02-14,698.966108999062,700.8417571801178,681.1476922874712,687.6136474609375,86669
2023-02-15,677.29773210845,690.0322570912363,671.8189472678048,674.9779052734375,198356
2023-02-16,678.3342597326973,689.045035976183,676.2611654502721,683.4181518554688,40142
2023-02-17,682.6778316555103,683.4675561027593,676.2118761312473,678.0875244140625,17228
2023-02-20,677.3964299842817,680.2098418949681,671.8188923868979,672.9541625976562,24753
2023-02-21,672.2631507322632,673.8425995259446,663.3786157005593,664.563232421875,43827
2023-02-22,666.2908431413267,679.1734080902908,660.4171657157042,662.1447143554688,61132
2023-02-23,662.1447207042714,665.353025351739,656.4684894049057,657.603759765625,34372
2023-02-24,659.4793451384501,666.1427470709774,656.4684866860275,659.923583984375,50416
2023-02-27,654.5928370217647,670.2888745321259,649.4101910846606,654.790283203125,71703
2023-02-28,648.8672919979941,656.4191719880403,642.5987821254541,644.8692626953125,64582
2023-03-01,647.5839095092566,654.8889960039556,646.5473924362266,651.4338989257812,27030
2023-03-02,651.5325115402376,656.3202642287447,646.5966591800843,647.4357299804688,32954
2023-03-03,650.0024451912483,665.3529348271202,647.6332118269261,655.3331298828125,73851
2023-03-06,658.7389698742288,669.5485006599658,651.5326361011093,657.603759765625,67751
2023-03-08,655.4813002732632,671.2760304003298,648.5711058426715,651.08837890625,69805
2023-03-09,652.3717929639594,661.4537762892516,652.3717929639594,654.642333984375,54050
2023-03-10,654.6421930473854,654.790232482852,647.7813454783347,650.6441040039062,30244
2023-03-13,651.5326163996542,653.8524432814439,636.7250569360258,643.4378051757812,36998
2023-03-14,646.7448061986283,649.0152864000954,626.853295630151,628.82763671875,42537
2023-03-15,631.9866912271807,636.3796128720069,613.0823483099717,621.6213989257812,62394
2023-03-16,617.4752630612303,624.7309434903597,602.1741174537977,605.9253540039062,86012
2023-03-17,608.0971028791282,623.8424863433854,597.2382260420009,602.766357421875,82915
2023-03-20,631.739858289188,653.50695868437,603.1612564292298,623.3982543945312,1372787
2023-03-21,617.5738710307375,628.6795397011823,603.4079977608358,606.5669555664062,108090
2023-03-22,609.5778124757577,612.5393241153159,593.8817766852551,596.497802734375,108187
2023-03-23,601.1868636275999,601.1868636275999,592.3023286971428,594.0792236328125,50677
2023-03-24,596.4484673481941,598.9163937603828,583.5164967970593,589.93310546875,129626
2023-03-27,589.8344653405804,597.1888987580115,582.4306854409078,584.2075805664062,144527
2023-03-28,584.2075192372126,591.3151592451724,572.5589188016694,576.6557006835938,130833
2023-03-29,580.6537381926292,592.3023388053797,567.6230746884889,584.8985595703125,156855
2023-03-31,588.7484990208161,596.0535244295933,576.0633221875921,588.3042602539062,167020
2023-04-03,591.4138876410617,608.0477485508856,588.3536828545758,602.0753784179688,217297
2023-04-05,607.1099183072492,619.9431360926058,600.9894485438108,606.6163330078125,80205
2023-04-06,609.7753731638945,610.4169979883775,604.1484879414668,605.77734375,42421
2023-04-10,608.985655476128,612.9836849349758,602.9638777923719,606.36962890625,34662
2023-04-11,609.5777910038232,644.5729976956786,605.0861772257953,627.1494140625,152041
2023-04-12,626.8533781855521,635.7379142543236,623.1021416736052,625.570068359375,98768
2023-04-13,628.6302407387465,628.6302407387465,616.981639436606,620.3873901367188,56944
2023-04-17,619.9431133646967,623.2007641711275,610.0714077378703,612.2925415039062,66786
2023-04-18,615.5008769560548,616.4880475686547,605.0368925633405,612.3419189453125,119105
2023-04-19,613.03289754322,679.1733228820215,613.03289754322,667.8208618164062,774672
2023-04-20,678.1861026062954,680.9501678299616,656.4683525956134,661.3548583984375,239713
2023-04-21,663.8723726811153,666.6857854012932,657.060869960935,661.0589599609375,66641
2023-04-24,659.4792865741681,659.4792865741681,639.5878357599591,647.6332397460938,79681
2023-04-25,650.5454300437096,651.9274929944197,641.9076872320519,647.1890258789062,34886
2023-04-26,641.7595747289218,651.5325876444329,638.501923841122,646.1031494140625,38251
2023-04-27,649.3608471926522,670.8318090177311,649.3115007101441,665.056884765625,63622
2023-04-28,665.0568784696317,674.1882069754616,658.44282306904,669.5978393554688,65155
2023-05-02,669.9927176383997,679.6669777476383,667.3766913719314,675.965087890625,67435
2023-05-03,673.052864274149,686.0835274942456,670.2887988037306,676.1624755859375,50496
2023-05-04,676.1624518604133,678.136792877451,666.6855788273685,669.2522583007812,26219
2023-05-05,671.2760269293861,673.9413996749696,664.3658325345248,668.4132080078125,34959
2023-05-08,668.4131591719723,682.1348539972173,665.4516475048354,676.853515625,36582
2023-05-09,680.8515391540393,684.1091899127257,670.2888022377211,676.4586181640625,24776
2023-05-10,674.237493753745,681.6906194454032,664.5138878202192,672.2138061523438,59803
2023-05-11,673.2503189958063,687.070706775779,673.2503189958063,676.853515625,57602
2023-05-12,680.259185440782,700.8910735373003,667.5740682811258,697.6334228515625,193556
2023-05-15,697.584298815214,714.0206571647434,689.7856250713386,698.3740234375,96776
2023-05-16,702.0758074194589,713.1321312079774,698.9168491581511,709.8250732421875,54538
2023-05-17,704.9879169374819,713.3788671427769,696.2514208665838,700.1507568359375,73783
2023-05-18,703.6552449043005,709.7757151381122,694.0796773088986,696.25146484375,39545
2023-05-19,696.2019941609902,699.558397957185,682.2335075044897,691.1180419921875,41448
2023-05-22,694.7705653556438,703.8525457381701,690.871229945243,701.9275512695312,44116
2023-05-23,704.8397493528169,713.1813522744305,702.8654083182151,707.1102294921875,42567
2023-05-24,707.8013057259582,750.2496406579194,706.7154421890081,733.3196411132812,254537
2023-05-25,732.4805641213123,750.2496344099695,723.5960289769837,727.79150390625,131338
2023-05-26,732.9248532230738,733.6652312025734,720.6345667129573,726.903076171875,53297
2023-05-29,746.3009670907804,760.1213553702393,722.1646340808745,726.4588623046875,162699
2023-05-30,734.7510272056752,741.2169822479949,726.6068701804666,733.8626098632812,79577
2023-05-31,737.5645494520708,742.3029563559222,732.1844575473161,738.0087280273438,75164
2023-06-01,737.2190219173051,772.1648866748964,735.6889194756953,747.0413818359375,255167
2023-06-02,750.940744260699,758.541970505968,746.0542373707322,751.73046875,132048
2023-06-05,751.7304291484016,760.0226864795115,749.3118490724851,753.50732421875,65450
2023-06-06,763.0334619443558,768.9071385615265,754.5437593604793,764.2180786132812,84109
2023-06-07,768.2655235503522,771.7699671486337,764.3661876091185,767.4264526367188,58403
2023-06-08,773.448181869073,822.3131276285103,767.4264651793613,798.6210327148438,674987
2023-06-09,796.6417194695857,801.9361464880969,782.292272348705,791.7431030273438,128490
2023-06-12,793.9202896847012,806.2410342131952,783.6777772317039,802.8268432617188,155856
2023-06-13,806.5379493292069,818.4133547181032,802.5794808662414,808.863525390625,116106
2023-06-14,811.436546331325,811.436546331325,799.8085455051164,801.6887817382812,55913
2023-06-15,805.548228494429,809.7046319256687,798.4229740982223,802.7278442382812,63202
2023-06-16,800.6002725898834,810.0511042713183,800.6002725898834,803.8165283203125,51891
2023-06-19,811.4859216260012,822.9159856369114,801.5897518500743,805.8450927734375,84980
2023-06-20,805.845128534091,809.0119150832041,793.02957602527,797.9776611328125,68961
2023-06-21,800.6002598115605,805.3998787413271,788.3289832138248,793.2276000976562,63790
2023-06-22,793.2275534132208,804.0144036780658,774.8701687747691,777.8884887695312,71166
2023-06-23,776.849440074179,791.1494195545578,773.7321219820969,778.8286743164062,62814
2023-06-26,785.5580062671686,791.6936440891458,780.510983446673,788.82373046875,43433
2023-06-27,791.5947014908663,803.5690436207009,788.8237254330983,801.0455322265625,71776
2023-06-28,804.4102374577819,810.4964067976051,789.7144476489486,794.167724609375,66004
2023-06-30,796.493298030971,806.5874045218359,791.6936792610247,798.1756591796875,52834
2023-07-03,802.3816088704402,805.152524933544,797.1861186015807,800.4518432617188,43047
2023-07-04,800.4517434140531,800.550741361975,778.8286345814807,781.8964233398438,61681
2023-07-05,776.948332580139,789.7144168629321,774.9196296797625,781.104736328125,55829
2023-07-06,785.261182808191,792.683311190121,781.7975228966237,787.1414794921875,63585
2023-07-07,791.2977275099872,793.6233636963491,776.8493434984847,778.0863647460938,37153
2023-07-10,796.0974725737702,818.3143881136613,778.8286424369093,813.415771484375,315351
2023-07-11,819.4029523017608,821.283248937423,797.1860365026643,806.0925903320312,127922
2023-07-12,810.1004913249186,830.1897657202823,798.6209577287947,813.9600219726562,117689
2023-07-13,818.3638386324867,819.2049889716653,792.6832638833213,797.8292846679688,64782
2023-07-14,801.985727848616,813.9600706853586,799.0663453020411,812.1787719726562,57767
2023-07-17,819.4029597686236,877.7903687376439,812.8715110614764,868.2405395507812,844039
2023-07-18,872.5454075854117,877.1470908512981,842.8568946386569,850.4274291992188,205620
2023-07-19,851.0707072495825,867.3499206487712,851.0707072495825,859.5319213867188,99201
2023-07-20,862.8966026164449,878.7799442583965,841.7187734928884,849.3883056640625,115927
2023-07-21,841.1745796586454,853.8416671308646,841.1745796586454,843.9454956054688,59489
2023-07-24,845.1330532080678,853.9901388553486,841.718861931565,844.6382446289062,62707
2023-07-25,846.122579065746,858.9381319634607,846.122579065746,848.9924926757812,67931
2023-07-26,853.0499096505715,853.0499096505715,831.2783342302554,833.257568359375,68975
2023-07-27,835.1872687013087,853.0498432458345,833.5543765113229,845.5782470703125,66688
2023-07-28,849.8337028223843,878.780003617208,841.1745530119671,866.3108520507812,274914
2023-07-31,866.9046120191117,905.5491491389914,860.7689736893741,899.0177001953125,369887
2023-08-01,904.5099333378666,908.4684013174634,887.6864444245803,898.0279541015625,175709
2023-08-02,890.6553017027184,914.4061097481242,889.8636201814904,903.2234497070312,261509
2023-08-03,899.3146261755901,931.9225248390811,898.6713508381072,928.8546752929688,224243
2023-08-04,933.0604480304191,968.6371944536726,914.4556588409486,940.72998046875,277136
2023-08-07,948.7953708853041,975.9109029074233,866.70662241395,886.6968994140625,734060
2023-08-08,886.6968628443879,998.1772459328845,885.7072458099634,985.2626953125,2431270
2023-08-09,987.6378859781678,1009.4094626229771,970.0227133185638,997.4351196289062,468518
2023-08-10,1000.5027480461114,1066.2627468146484,999.5131310846415,1052.061767578125,842701
2023-08-11,1054.931992839771,1056.8122897830835,1009.5085367173309,1021.7302856445312,250677
2023-08-14,1023.9568047866107,1031.2305873961868,990.6067555435081,1004.5108642578125,161070
2023-08-16,1005.0551298273317,1056.3173453172217,1000.5029152045817,1050.973388671875,210592
2023-08-17,1055.228856344833,1056.9111572440136,1026.7773621774497,1038.3558349609375,108803
2023-08-18,1041.9679238594467,1058.791415449228,1020.1468173291979,1046.124267578125,286091
2023-08-21,1050.973460599732,1050.973460599732,1015.3472415963513,1021.6312866210938,83758
2023-08-22,1023.4620336871893,1039.0980333675861,1014.6050082953501,1018.6624145507812,90684
2023-08-23,1024.0063416320352,1033.4572336957178,1014.3575744603393,1018.7119140625,64771
2023-08-24,1020.3447928722675,1031.4779856138418,1008.4693268798187,1012.4277954101562,66101
2023-08-25,1012.4278136602246,1023.3136627163178,996.6929372093573,1015.0008544921875,72057
2023-08-28,1021.3343116573428,1034.149803969117,1002.1357169733249,1007.2816772460938,73317
2023-08-29,1014.6544958649317,1061.116971987536,1012.3783281354623,1047.658203125,196385
2023-08-30,1056.8614547420304,1085.214006701432,1041.1760490383285,1066.06494140625,240479
2023-08-31,1080.6617375645342,1082.5914423461868,1035.436290091995,1045.6292724609375,136751
2023-09-01,1046.0252373651165,1098.7718752336232,1041.1266812161039,1084.917236328125,215560
2023-09-04,1097.7823682046808,1107.2826688172795,1050.973428032371,1061.01806640625,274043
2023-09-05,1063.838434269843,1109.9545692134307,1063.838434269843,1102.4830322265625,202027
2023-09-06,1113.3191740627103,1116.1890876497553,1076.2580641006118,1081.7503662109375,108264
2023-09-07,1107.3815992070986,1107.3815992070986,1053.4474641250727,1060.0284423828125,155507
2023-09-08,1072.7449239487871,1081.0082024773026,1044.0460283818916,1053.84326171875,74716
2023-09-11,1066.8072742655506,1068.7865085406258,1019.4045892169243,1026.3319091796875,137643
2023-09-12,1031.4283392778361,1037.4649789403345,951.9621046380355,961.6603393554688,271291
2023-09-13,971.4080628865336,999.5132109999764,950.1312965137618,990.4581909179688,150368
2023-09-14,1003.9011951024795,1028.8027613440224,981.5790522575031,1023.84228515625,158233
2023-09-15,1031.7790321815557,1040.5095185883185,1003.5539109695133,1036.5411376953125,130730
2023-09-18,1036.243309465859,1050.6286881037288,1019.6753700974895,1035.4495849609375,89452
2023-09-20,1029.794859097684,1047.354896403153,1011.9371447780709,1016.6495971679688,85109
2023-09-21,1021.7588448897644,1025.8760640868309,986.7378367723043,995.4683227539062,66589
2023-09-22,1002.0161729125143,1004.0995486549211,976.5193136298467,991.8967895507812,40371
2023-09-25,991.7975706308272,1006.6789984369734,983.1663303927255,989.962158203125,49543
2023-09-26,995.9643690571183,1011.3418442488294,980.9836956032605,1005.6868896484375,53901
2023-09-27,1006.9766559182843,1041.6008035793081,1006.9766559182843,1014.0205078125,101506
2023-09-28,1016.8975664814586,1035.6481897332637,1009.5064452291784,1019.4769897460938,56729
2023-09-29,1024.5367069552735,1029.6956748717835,1010.5481882780203,1022.7013549804688,65627
2023-10-03,1029.6955601162667,1046.4619920419627,1021.9076375632981,1041.799072265625,106337
2023-10-04,1046.511669929664,1069.478699620323,1019.4770738585567,1064.369384765625,188240
2023-10-05,1075.4312119122574,1081.1854125952655,1052.265812887805,1073.447021484375,103482
2023-10-06,1069.825879841907,1076.3736842171274,1056.7302710914655,1071.4132080078125,73864
2023-10-09,1056.5814122039708,1067.8913219641304,1035.896251031193,1044.67626953125,84335
2023-10-10,1049.9344834838503,1066.5024262211332,1039.269459221639,1048.743896484375,50245
2023-10-11,1054.2994510189021,1069.4289018204274,1036.7394155799327,1063.07958984375,61824
2023-10-12,1068.684877879174,1134.9072310465974,1054.9940370785685,1104.2515869140625,267344
2023-10-13,1106.186185924794,1114.7678339200838,1096.3644188869878,1099.142333984375,82628
2023-10-16,1089.1716806705049,1120.8195414685624,1064.617324705604,1084.459228515625,87624
2023-10-17,1088.3284643218217,1098.1502312929294,1057.1271178661398,1061.7899169921875,63691
2023-10-18,1071.3139247343813,1089.3701291482964,1051.6208602053819,1079.79638671875,57392
2023-10-19,1071.4628382953974,1086.3939198082373,1059.75606624965,1064.07177734375,36863
2023-10-20,1069.4287756086403,1075.6790226606597,1051.6207184877098,1057.027587890625,39802
2023-10-23,1059.5079886711926,1062.3355567908186,983.1663137593703,989.5157470703125,132784
2023-10-25,1003.3554479721696,1011.6394791550325,975.5767826027022,991.84716796875,53839
2023-10-26,989.0693269552121,989.0693269552121,946.4588257804502,969.0289916992188,89532
2023-10-27,974.0886258066568,1013.028361523506,974.0390331583186,1008.6135864257812,52548
2023-10-30,1008.6136080040174,1025.7272501820096,993.2857250731917,1006.87744140625,36571
2023-10-31,1012.1355233345778,1024.3382820415823,1002.5121878963862,1017.3936157226562,34843
2023-11-01,1018.8817822074681,1031.2829723511811,999.932787888949,1012.5323486328125,33081
2023-11-02,1019.4770623230621,1028.7531287590396,993.1865380009332,1000.82568359375,38875
2023-11-03,1007.9685949598982,1049.8349586312477,1004.9923097385598,1044.824951171875,98047
2023-11-06,1045.6684664335426,1089.8167081378049,1041.89845577844,1082.8223876953125,98820
2023-11-07,1045.6683821595695,1100.183967113689,1045.6683821595695,1067.44482421875,82522
2023-11-08,1071.4627971953303,1107.128570567231,1070.966749604036,1088.824462890625,77286
2023-11-09,1086.5921962154175,1128.9050779289234,1073.5957741726945,1097.70361328125,264234
2023-11-10,1106.1861014346266,1220.2770446319198,1102.7634215808541,1189.5220947265625,1483187
2023-11-13,1271.8661042369486,1282.5311281219308,1244.0874373737392,1252.0738525390625,276152
2023-11-15,1273.8501774372346,1327.2249451520624,1242.1527857165152,1302.769775390625,345283
2023-11-16,1309.5160406768764,1312.7403501504448,1269.38583736338,1274.3463134765625,107250
2023-11-17,1274.3462603097357,1299.4463168373923,1251.577724342301,1276.132080078125,76281
2023-11-20,1281.7870444128841,1287.7396158265663,1254.0580310196317,1259.5640869140625,84978
2023-11-21,1259.9608573011099,1305.0020019327899,1227.6681112958522,1241.2598876953125,115229
2023-11-22,1250.0400283018698,1266.211229491101,1196.0204898066904,1210.8026123046875,180663
2023-11-23,1210.8025715453193,1240.019848648407,1208.4711719825682,1219.2850341796875,91970
2023-11-24,1220.2769018872173,1236.100769367923,1200.4350010435228,1219.731201171875,67916
2023-11-28,1215.3664206590008,1262.8876896203205,1211.9436191404998,1241.8056640625,86418
2023-11-29,1259.9609122407232,1259.9609122407232,1234.1664368720155,1246.567626953125,58877
2023-11-30,1250.5359913373848,1256.538215699875,1237.1427062258776,1245.0794677734375,63415
2023-12-01,1251.3297906257183,1299.6447809882447,1249.6431560329652,1284.2176513671875,178641
2023-12-04,1317.8992159692152,1317.8992159692152,1230.1979808549356,1248.1053466796875,156901
2023-12-05,1269.881875,1269.881875,1228.4122465773821,1240.1190185546875,132423
2023-12-06,1248.0555711047673,1249.3453431100531,1190.6132435713232,1195.9705810546875,174693
2023-12-07,1199.4431621086278,1230.198114983208,1175.6825292170306,1221.2196044921875,129346
2023-12-08,1221.2194675928122,1226.5272734911064,1192.4983616507732,1200.3359375,66756
2023-12-11,1207.975232191014,1210.3562851698018,1179.6013303827003,1193.3914794921875,73351
2023-12-12,1200.7328484905681,1203.2130864481994,1184.7104870631968,1188.530029296875,70037
2023-12-13,1172.6566037207806,1214.3246048682195,1168.6882226591197,1211.64599609375,88746
2023-12-14,1213.3323731958164,1245.4762804026168,1213.1340026071864,1241.65673828125,102169
2023-12-15,1241.6567772835651,1268.790556373436,1230.7437302480846,1259.6632080078125,111020
2023-12-18,1268.5920936185175,1291.112727496081,1258.0263765410211,1285.16015625,106139
2023-12-19,1283.7712150697394,1300.6368338148595,1271.122001010899,1286.6483154296875,145120
2023-12-20,1296.6684487717364,1299.5950812200817,1255.3476587577445,1276.628173828125,145807
2023-12-21,1230.1980759452051,1296.3212467483345,1230.1980759452051,1290.61669921875,113571
2023-12-22,1298.6526348621617,1409.9656694081978,1291.8071536658779,1394.6875,514845
2023-12-26,1398.8542226527836,1417.8032166250912,1384.9648899455929,1409.866455078125,199075
2023-12-27,1414.5788869701792,1416.9599396212134,1365.5198288033514,1381.046142578125,122822
2023-12-28,1380.9964904397589,1383.9727759794996,1357.235859322975,1362.6923828125,90812
2023-12-29,1364.1307781994658,1384.9647755392396,1329.6058198799826,1345.4298095703125,81734
2024-01-01,1357.4836716191423,1414.132273345165,1330.449082178542,1345.231201171875,313018
2024-01-02,1356.0950479695957,1386.9491866269886,1335.3105794123512,1382.93115234375,213457
2024-01-03,1388.9332971230058,1408.7752013676202,1369.19057817854,1388.6356201171875,129735
2024-01-04,1387.9410813875852,1408.6758937437544,1371.1251174426538,1395.72900390625,121300
2024-01-05,1404.5587030006404,1412.7434879554385,1368.9424630368708,1388.6851806640625,107829
2024-01-08,1398.8045918022449,1411.7514827247578,1364.1309126820393,1378.615478515625,144865
2024-01-09,1390.9175071961215,1458.379982580812,1380.5501605240063,1433.7264404296875,421273
2024-01-10,1436.6037212086599,1470.731704392832,1398.1103731543772,1426.7322998046875,191080
2024-01-11,1428.6171255985485,1429.6092208246585,1409.0728980863291,1418.497802734375,43171
2024-01-12,1422.6645219400255,1438.5380451973758,1404.01308367049,1430.7501220703125,68356
2024-01-15,1435.5616389331851,1449.4509706160218,1408.7750706877146,1445.9786376953125,83547
2024-01-16,1453.8163233198627,1468.2512357473238,1441.8615277751212,1463.6876220703125,93164
2024-01-17,1463.340305637669,1481.1980178420608,1424.6485958614865,1468.30078125,129597
2024-01-18,1467.3088292282077,1496.9228473008868,1413.9837111950662,1439.13330078125,134992
2024-01-19,1448.409428034687,1486.5555634881018,1438.637313933699,1465.5230712890625,90803
2024-01-23,1440.5221927987036,1507.935011436909,1421.7220376915839,1492.2103271484375,131227
2024-01-24,1506.9924975182557,1537.7474464471995,1462.6954258882365,1468.1024169921875,127749
2024-01-25,1483.0832307807539,1483.0832307807539,1428.6171766980644,1435.0657958984375,75613
2024-01-29,1447.4669414061632,1455.4037032507479,1401.433698486496,1409.1224365234375,114093
2024-01-30,1408.6263456388801,1449.4510873440104,1379.012328137012,1437.000244140625,156757
2024-01-31,1443.4984580126074,1444.4905531727536,1424.7478352647724,1436.9010009765625,107567
2024-02-01,1437.5461005798024,1441.4648286023073,1385.0147024893815,1389.2806396484375,190701
2024-02-02,1393.8440498346238,1429.6091288777723,1379.0122756003493,1389.9749755859375,62562
2024-02-05,1389.9253094188668,1408.7751173267602,1380.20272847686,1391.4134521484375,151214
2024-02-06,1396.6715522512363,1451.4351541928552,1389.974910220613,1400.2926025390625,175075
2024-02-07,1410.7592559090238,1413.7851944570207,1382.732568863011,1389.0323486328125,142528
2024-02-08,1408.775225059452,1437.347616094357,1378.8635296865866,1428.5179443359375,95232
2024-02-09,1433.5775084089937,1461.4058261320208,1385.2128692844688,1417.505615234375,206153
2024-02-12,1417.704097223132,1535.565060116023,1399.9952214194118,1469.6402587890625,354956
2024-02-13,1468.3009329907813,1518.8977894654638,1429.5100339145997,1515.0782470703125,169995
2024-02-14,1512.746853870736,1526.1896715626774,1473.410253813326,1505.702880859375,133568
2024-02-15,1517.3599932573304,1545.6347071665364,1502.726588690285,1531.3486328125,120983
2024-02-16,1530.8029278863999,1576.2409375062532,1522.8661661086348,1559.9208984375,86407
2024-02-19,1571.9252943777803,1606.2518874352475,1534.8210283465826,1585.070556640625,122943
2024-02-20,1586.955465441868,1591.27105536185,1543.3529296312745,1549.6527099609375,44484
2024-02-21,1560.0696206401003,1560.0696206401003,1514.9292913942343,1533.2333984375,102635
2024-02-22,1542.7080907705697,1542.7080907705697,1503.0242813616803,1509.472900390625,54531
2024-02-23,1517.0623514051733,1517.9056080774762,1478.2218013303527,1487.398681640625,93032
2024-02-26,1487.3985989277865,1490.0276751996564,1442.7046656220791,1461.6041259765625,79895
2024-02-27,1461.9515754748168,1471.6245044223162,1415.7199598032296,1422.1685791015625,106884
2024-02-28,1434.668824639533,1483.083118171507,1422.1684495136437,1440.7205810546875,95325
2024-02-29,1443.4985553229571,1484.8688778477951,1407.4359180416336,1471.2772216796875,112553
2024-03-01,1488.3411512482658,1521.4771547185464,1486.00975177965,1514.97900390625,67274
2024-03-04,1527.8265706252519,1527.8265706252519,1473.2613359600641,1479.9083251953125,44596
2024-03-05,1487.3490405800687,1487.3490405800687,1413.7356269054549,1418.7952880859375,99546
2024-03-06,1423.6565712886968,1430.5020521940155,1340.3205768717974,1362.0474853515625,194348
2024-03-07,1362.0475634066036,1400.8384626192487,1341.3127489102155,1358.4263916015625,114486
2024-03-11,1349.2494364342763,1398.5565181324112,1324.992757875822,1332.4334716796875,238455
2024-03-12,1332.4334094236638,1355.946015503139,1284.8128433039267,1301.8768310546875,228011
2024-03-13,1289.7733329207947,1293.642407075669,1240.1685760084204,1261.6473388671875,291726
2024-03-14,1256.984506831379,1289.7236455254874,1233.42224792274,1269.931396484375,98025
2024-03-15,1269.881942630373,1294.6843243223725,1259.9609899535733,1274.445556640625,51017
2024-03-18,1264.9213796640136,1288.3348021567203,1261.9450940648042,1274.296630859375,56523
2024-03-19,1274.2966376032173,1287.441899069293,1256.290206517003,1265.963134765625,40100
2024-03-20,1272.3124198481914,1286.6978000113243,1241.6071223559275,1254.6531982421875,69921
2024-03-21,1274.8422089466073,1274.8422089466073,1249.2957600124632,1256.9844970703125,66563
2024-03-22,1259.96091479132,1279.703633661487,1253.0162483318404,1258.671142578125,125971
2024-03-26,1274.0983109857643,1283.771239568292,1239.1269538027796,1246.220458984375,87883
2024-03-27,1245.0794099725388,1279.1578540642602,1230.1979827617117,1253.1153564453125,227619
2024-03-28,1263.929162188466,1319.4368348016164,1247.2123839112053,1304.9522705078125,276479
2024-04-01,1339.1301746032746,1398.7550730242829,1331.0941064477465,1360.9066162109375,262186
2024-04-02,1364.130969888857,1364.130969888857,1291.013598344965,1302.5714111328125,379987
2024-04-03,1294.6843818025964,1310.8059306181458,1292.204143523281,1305.002197265625,134018
2024-04-04,1311.896931143798,1331.3916240780845,1289.7236298819,1293.890380859375,112418
2024-04-05,1297.2636739708764,1303.8114781438574,1260.1097567528168,1270.7747802734375,204451
2024-04-08,1279.4556480190404,1299.0990610699232,1274.3959865258755,1286.8963623046875,92386
2024-04-09,1293.2952207172857,1304.6051297130577,1278.5626318765803,1281.2908935546875,41251
2024-04-10,1284.6640566193914,1307.3830601762604,1269.4849521144642,1302.174560546875,82452
2024-04-12,1303.6131688687842,1314.5262167055853,1279.8028826794,1282.9775390625,70151
2024-04-15,1257.4309902161115,1304.8531883666221,1243.3432870712556,1290.3189697265625,78919
2024-04-16,1289.7237604928814,1318.4945213038766,1275.8344276875735,1305.795654296875,128852
2024-04-18,1309.565594735093,1334.7648357033413,1297.3132438842126,1306.09326171875,102719
2024-04-19,1307.5814247263445,1307.5814247263445,1279.8027601646318,1301.3311767578125,72593
2024-04-22,1323.7527001799062,1334.3184173861473,1304.6052139962155,1327.32421875,74419
2024-04-23,1327.3241913634802,1344.2393418483089,1318.5441730707564,1324.1494140625,64347
2024-04-24,1331.3919029007416,1343.6442557294592,1314.5262826702553,1325.4393310546875,50158
2024-04-25,1328.4154453414367,1361.849004448211,1314.5261128285313,1346.4219970703125,91456
2024-04-26,1350.2416803070823,1356.4422758264939,1326.4313935125415,1344.78515625,72784
2024-04-29,1344.7850880702604,1356.6902308639476,1331.6894794393543,1334.8641357421875,40318
2024-04-30,1336.3522874921773,1352.6722057384059,1334.7649593301885,1345.7275390625,37391
2024-05-02,1349.6958736270806,1353.0690215462218,1319.4866230674224,1321.86767578125,38493
2024-05-03,1321.8676703200877,1328.8123367285934,1282.7294419689288,1288.483642578125,91978
2024-05-06,1289.7238179628307,1316.9567839845874,1264.9214368481607,1298.801513671875,160269
2024-05-07,1296.4700496611047,1313.9309008773228,1260.456945629541,1282.6302490234375,112253
2024-05-08,1280.7950553442415,1294.6843897941403,1260.0107068774398,1288.533447265625,30475
2024-05-09,1291.360702677381,1301.1824690846931,1255.0003904638181,1262.3419189453125,46328
2024-05-10,1258.9190946479018,1276.8264605830739,1245.7738338843233,1271.270751953125,34324
2024-05-13,1271.270850131561,1306.0933684338652,1257.6790728367039,1295.4283447265625,54752
2024-05-14,1290.9143201442557,1324.0999796728504,1290.9143201442557,1318.8914794921875,39092
2024-05-15,1324.4469315059198,1343.7927855616242,1312.9386528015464,1338.6834716796875,58307
2024-05-16,1343.2969494954016,1379.0123779901094,1331.3918066638323,1353.01953125,194634
2024-05-17,1379.0123772175468,1379.0123772175468,1319.6355015994347,1330.6973876953125,135116
2024-05-21,1301.628963194475,1304.5555957290192,1271.4692434847473,1280.44775390625,110742
2024-05-22,1287.8388300472416,1290.319068191969,1264.921453811035,1282.9775390625,60864
2024-05-23,1289.426140947304,1314.5261990775005,1283.9200850030732,1298.801513671875,66575
2024-05-24,1304.5556443465719,1328.4155843523342,1288.781426226245,1293.04736328125,80792
2024-05-27,1296.0731806088907,1317.7504362921902,1280.8445436614456,1283.870361328125,93856
2024-05-28,1288.7316202833247,1291.757558980948,1275.9335684243338,1279.8524169921875,37507
2024-05-29,1279.8524976995554,1310.2601195623893,1269.8818922130763,1296.4700927734375,80869
2024-05-30,1299.247885606538,1299.247885606538,1279.8028433702052,1281.2413330078125,30037
2024-05-31,1294.3623573142233,1296.4995232449473,1280.197581177904,1282.583251953125,60469
2024-06-03,1317.0757113179416,1317.0757113179416,1274.0346225553722,1277.8616943359375,69461
2024-06-04,1272.39458297673,1287.7023846822156,1217.6737664073805,1232.981689453125,110213
2024-06-05,1232.6338681336194,1302.1654801602697,1226.321747550707,1280.3468017578125,84820
2024-06-06,1312.4038531535643,1312.4038531535643,1290.237172152893,1295.7540283203125,55602
2024-06-07,1296.5988708866705,1366.776613079272,1287.4538200168245,1357.3831787109375,147023
2024-06-10,1366.7766614535142,1533.871296669343,1361.806564502774,1467.0732421875,947654
2024-06-11,1466.1785716078887,1473.13670720196,1431.387893637532,1450.0257568359375,106410
2024-06-12,1450.6720007032256,1469.0613604154707,1431.9843866217032,1453.1072998046875,69335
2024-06-13,1456.7353305419822,1463.0473290299483,1382.1341311650933,1389.7384033203125,374765
2024-06-14,1396.6967006806576,1397.5913424509906,1369.460543565409,1373.635498046875,91250
2024-06-18,1376.5677310260742,1398.6350343371644,1361.8065673198919,1391.03076171875,114835
2024-06-19,1396.597195239171,1398.4858562837017,1370.9018191535329,1393.4163818359375,63956
2024-06-20,1397.5912780284182,1415.0859952207506,1387.4523286727083,1412.1536865234375,76628
2024-06-21,1425.423818702974,1425.423818702974,1401.5673531179868,1415.1357421875,85378
2024-06-24,1415.1358421133873,1430.9407759475143,1389.1422087162252,1412.3525390625,68792
2024-06-25,1415.831537875922,1427.4118883973372,1390.6331698244253,1394.1619873046875,53936
2024-06-26,1394.1619071717175,1399.1320039904963,1356.8364315265878,1372.0946044921875,62732
2024-06-27,1371.7467220131377,1476.1187552097897,1370.2059434631808,1469.359375,581647
2024-06-28,1486.0590279519135,1506.3370483204467,1443.1670658536775,1463.79296875,250941
2024-07-01,1463.4451967241264,1496.9933545705787,1431.934827371863,1443.6641845703125,315263
2024-07-02,1453.2066082526896,1470.1049379940691,1438.3460668103448,1441.328125,125382
2024-07-03,1442.3719733761466,1449.2803600267248,1415.185444310292,1420.9508056640625,139105
2024-07-04,1440.3340414830081,1440.3340414830081,1413.0978869619316,1422.5908203125,118767
2024-07-05,1421.4477076817454,1457.182655712887,1413.5949303432847,1447.490966796875,127153
2024-07-08,1454.250490282386,1454.250490282386,1401.4680804875586,1412.7999267578125,118649
2024-07-09,1418.4657642243842,1528.7521743713162,1399.579394553562,1500.3232421875,713068
2024-07-10,1504.8955761943532,1550.6702167043234,1473.981598065286,1526.0682373046875,485012
2024-07-11,1530.789800808379,1542.3204010139498,1499.080559237869,1508.0267333984375,144076
2024-07-12,1507.9274636195585,1528.3546112837987,1495.9992305520339,1510.1142578125,88827
2024-07-15,1510.9591920272721,1524.8257137037958,1487.2021048142922,1510.2633056640625,122520
2024-07-16,1512.897584847779,1584.4669843937975,1501.3669836334175,1524.7264404296875,410908
2024-07-18,1517.8677051755735,1540.7301526012698,1494.6076257005077,1519.1102294921875,101742
2024-07-19,1513.8914816824438,1513.8914816824438,1452.3616591766101,1488.693115234375,224986
2024-07-22,1488.6931007811163,1500.422456283214,1456.238344801283,1468.564208984375,52403
2024-07-23,1471.1487912680097,1483.1764023880262,1413.6447901476477,1471.2481689453125,77727
2024-07-24,1466.1786409422261,1515.8796118216237,1462.6001953069617,1511.655029296875,72407
2024-07-25,1510.7603700291927,1510.9094972081534,1491.0291090869935,1496.4962158203125,58637
2024-07-26,1497.937489215263,1548.7816058924739,1496.4962096185554,1518.2652587890625,57517
2024-07-29,1532.777940311848,1554.6463674758304,1518.9114179871544,1548.6822509765625,83472
2024-07-30,1550.7201832230128,1582.4790579927253,1526.0187013573786,1545.05419921875,174625
2024-07-31,1548.1355327157005,1591.3753784792586,1540.8295140788762,1564.6363525390625,101926
2024-08-01,1572.886534413446,1600.3711944116096,1555.6403225181175,1574.3775634765625,96973
2024-08-02,1570.550628073678,1645.1020819379346,1534.6168030430547,1629.545654296875,330143
2024-08-05,1629.4960701014772,1629.4960701014772,1522.3904784930658,1536.4061279296875,216246
2024-08-06,1544.1096588235964,1580.4907422063336,1516.6249999505117,1532.429931640625,92911
2024-08-07,1535.760003502726,1628.2038095388123,1500.9693238117256,1571.345947265625,453801
2024-08-08,1582.1308760184822,1603.9993010733056,1459.2203627491187,1472.83837890625,312147
2024-08-09,1473.1366311407833,1499.975152760757,1443.3160515630345,1491.6253662109375,221469
2024-08-12,1510.959209623446,1560.6104292010982,1505.2435981789197,1547.638427734375,162990
2024-08-13,1559.9644995599008,1584.4671048407054,1532.9768454948419,1562.747802734375,118567
2024-08-14,1585.4607807928724,1585.4607807928724,1525.819622894708,1550.173095703125,65689
2024-08-16,1563.393702820042,1588.4429422340645,1553.7020140298155,1576.0177001953125,70156
2024-08-19,1595.8981217260496,1888.636830445029,1595.401112033827,1834.9100341796875,5685435
2024-08-20,1804.6919312791226,1804.6919312791226,1742.3172152745376,1767.366455078125,757169
2024-08-21,1759.5634100131485,1798.8271750821718,1725.6176242993472,1751.213623046875,469509
2024-08-22,1752.5556302986347,1779.8911645851663,1744.504097195018,1763.688720703125,167013
2024-08-23,1767.3665726635097,1767.3665726635097,1731.5818726545747,1738.29150390625,84646
2024-08-26,1763.2910906341895,1948.2780822355423,1756.9790915235708,1830.7850341796875,3380750
2024-08-27,1812.3957620667898,1973.0292853808992,1812.3957620667898,1945.494873046875,613443
2024-08-28,1940.3259212516364,1945.4947737352593,1820.248325949549,1836.7491455078125,313661
2024-08-29,1828.9458991062797,1851.858094218733,1771.8892840968122,1783.718017578125,237846
2024-08-30,1800.6661208425608,1908.119592386312,1799.4733461134076,1893.60693359375,489755
2024-09-02,1913.1890967068425,1924.9683237063782,1858.8162838906371,1873.627197265625,203797
2024-09-03,1879.3924321194197,1938.3378311092558,1862.9414838441605,1922.035888671875,279064
2024-09-04,1898.5770557658313,1984.06272424534,1880.137947342578,1957.0750732421875,381304
2024-09-05,1960.206225792979,2145.8890953119053,1960.206225792979,2106.923583984375,3934615
2024-09-06,2072.5303820557406,2131.1775247613946,1975.2656111755161,1992.1639404296875,667963
2024-09-09,2007.720362902602,2025.8612163223409,1943.158732311488,1998.1280517578125,358441
2024-09-10,1998.1280237050735,2037.7396705946803,1985.5039051367498,2002.3028564453125,176209
2024-09-11,2007.9191118002543,2015.225129844942,1945.4450191491735,1953.248046875,147535
2024-09-12,1963.1883193764525,2007.9191924761692,1943.3576808383484,1954.093017578125,171784
2024-09-13,1963.188275834057,1963.238025339168,1912.4932874454307,1917.91064453125,124894
2024-09-16,1917.9106392778683,1957.6714143757245,1893.606914035406,1947.085205078125,124957
2024-09-17,1958.6655674236404,2012.8893766999852,1914.0341914026026,1995.8419189453125,151555
2024-09-18,2012.2432599301421,2012.2432599301421,1940.3259766121853,1953.7452392578125,117080
2024-09-19,1968.953785035655,1969.1525403905525,1894.2034492141463,1906.877197265625,83491
2024-09-20,1918.457559513841,1946.240354909554,1914.3323544831026,1928.0001220703125,115011
2024-09-23,1929.8911689382592,1940.7896805766845,1879.1307513952725,1894.8067626953125,124834
2024-09-24,1906.0038867872695,1938.848862382037,1881.1213295185062,1926.4573974609375,148105
2024-09-25,1918.9427695686902,1969.1060280933016,1899.0865379532763,1947.06005859375,139797
2024-09-26,1947.060135068661,1951.7380073056077,1900.977589726821,1909.2386474609375,72758
2024-09-27,1894.1100855147372,1916.9522246395002,1894.1100855147372,1903.4161376953125,53396
2024-09-30,1903.4161265571151,1929.2441724227024,1866.1917965557768,1889.033935546875,104694
2024-10-01,1891.0744290590083,2100.038104871282,1890.6762838272016,2068.437255859375,2084096
2024-10-03,2009.5153333661058,2040.27007708046,1980.651566814537,1992.0477294921875,187530
2024-10-04,1995.5810801026723,2010.4608006548183,1920.933408777136,1959.9990234375,129658
2024-10-07,1969.8028409292608,1978.4122304877055,1896.0509616798286,1918.047119140625,169453
2024-10-08,1889.282740831264,1929.741802845487,1817.7206040386473,1916.056396484375,582892
2024-10-09,1950.7923823715546,1966.1200611038448,1886.097737037804,1894.8564453125,150793
2024-10-10,1913.9663458768607,1913.9663458768607,1872.163648775026,1878.9814453125,72003
2024-10-11,1878.9812992208695,1903.4657098917546,1871.1682009789188,1897.493896484375,80915
2024-10-14,1897.4939613774516,1935.8629124308004,1891.0743103437123,1897.1456298828125,68893
2024-10-15,1907.198231961034,1922.4762195700648,1888.7354470654022,1913.8170166015625,60202
2024-10-16,1923.9691657421426,1925.1634799072017,1885.102562204596,1900.728759765625,56403
2024-10-17,1909.2885104893685,1939.2470863583253,1849.122411671795,1864.3505859375,51893
2024-10-18,1879.1307387664303,1924.9146444779005,1824.5881242331511,1917.8480224609375,275868
2024-10-21,1928.8958507221405,1935.6141412238817,1849.4706788583662,1888.9842529296875,137594
2024-10-22,1876.2444092819217,1928.8959271553497,1851.610676466083,1864.30078125,186360
2024-10-23,1851.262293285612,1874.8509093916348,1812.4953169792636,1820.60693359375,88276
2024-10-24,1827.0266514627328,1862.2105627013036,1816.4266578994543,1855.6912841796875,51516
2024-10-25,1855.6912618687365,1855.6912618687365,1771.6878477875862,1782.2877197265625,88353
2024-10-28,1785.7713255453023,1832.8989863174884,1775.81830261506,1796.4708251953125,66754
2024-10-29,1796.470928635825,1871.1684186271068,1781.5912070970855,1860.2200927734375,112589
2024-10-30,1856.935360912468,1989.4598799196797,1851.2621866810591,1970.2008056640625,268354
2024-10-31,1965.771907823622,2037.682500886581,1950.7925592166052,2025.83837890625,182651
2024-11-01,2035.343338605695,2049.277570455306,1996.0787124567848,2015.23828125,23597
2024-11-04,1996.2280717563276,2001.403595090261,1944.2235268558586,1960.5465087890625,61053
2024-11-05,1960.1980908871037,2028.4759267267184,1941.8846255333551,2012.20263671875,78444
2024-11-06,2011.306753319997,2114.0218927295864,1983.6373033004077,2085.55615234375,129730
2024-11-07,2075.3047506557537,2166.524101681115,2033.601441951324,2111.732666015625,348917
2024-11-08,2108.099985470226,2108.099985470226,1990.6045059101373,2002.34912109375,127535
2024-11-11,1990.604674537195,2061.2213267676552,1980.651651164509,2002.747314453125,102328
2024-11-12,1998.2683289624395,2051.3179888198433,1992.8937938748097,2001.453369140625,67150
2024-11-13,1991.9980316545773,2000.0599559209975,1941.8347718347181,1944.8206787109375,79100
2024-11-14,1944.5220138759848,1999.5622785032147,1905.5560268507747,1942.3323974609375,116252
2024-11-18,1949.2995757999095,2004.5388540520898,1949.2995757999095,1979.407470703125,75496
2024-11-19,1980.6515371141832,1991.6496759064507,1933.6733180989627,1942.9793701171875,55774
2024-11-21,1940.8395902639818,1964.478021171043,1914.0162404229272,1933.6734619140625,64660
2024-11-22,1936.7088458190597,1972.689046213598,1925.9098407786641,1954.5247802734375,60778
2024-11-25,1971.6938170559126,2002.5481877417953,1935.8629349690814,1967.2647705078125,65855
2024-11-26,1972.9878341065435,2128.9516587807993,1968.260148094758,2104.019287109375,458043
2024-11-27,2124.920829854955,2124.920829854955,2062.465603679649,2072.81689453125,82180
2024-11-28,2081.3261052241496,2184.68833623388,2066.297187750607,2097.4501953125,257648
2024-11-29,2090.1347561483954,2189.664982631652,2090.0351287244252,2186.0322265625,261254
2024-12-02,2205.5900374511634,2292.181343073118,2194.6417114529854,2225.5458984375,575540
2024-12-03,2228.4817760270453,2342.792338600462,2204.992545326102,2301.536865234375,462926
2024-12-04,2301.5368704364414,2386.734841889881,2297.2074513610205,2351.401611328125,379294
2024-12-05,2353.0440912402946,2478.30299651465,2289.5935627150698,2369.3173828125,548056
2024-12-06,2365.6845300061245,2418.13691618829,2334.033866112631,2343.588623046875,201865
2024-12-09,2352.0983368743396,2406.640951283818,2329.0073722101465,2374.691650390625,139725
2024-12-10,2377.7274147706908,2397.7829021968887,2330.9980197204713,2373.149169921875,76389
2024-12-11,2387.531314476316,2472.9778750230744,2369.018593656459,2458.04833984375,259089
2024-12-12,2456.4058578532745,2458.1974504326213,2416.5937693953606,2426.99462890625,68326
2024-12-13,2427.4426763928327,2446.9008849094466,2352.795004073642,2435.056884765625,98942
2024-12-16,2435.106990024683,2450.3847363255845,2391.81133489594,2409.8759765625,111349
2024-12-17,2423.0135830813642,2527.918589022222,2406.640909200231,2424.80517578125,417831
2024-12-18,2432.4687487525666,2436.1017475573717,2364.9376406768633,2385.19189453125,73000
2024-12-19,2358.9160530890676,2403.654838861686,2300.6908737626045,2382.35546875,95543
2024-12-20,2381.758507426144,2396.6880425750755,2281.730621928306,2300.591552734375,69711
2024-12-23,2343.9368892949738,2426.5469792361555,2313.4805420709768,2406.29248046875,310863
2024-12-24,2427.542416297186,2427.791241883112,2364.2909037559675,2385.888916015625,110794
2024-12-26,2398.678531806258,2401.614624978811,2361.902160591625,2387.829833984375,71633
2024-12-27,2388.72563499663,2628.5935008442084,2369.9640885409326,2587.935302734375,840106
2024-12-30,2587.935068516287,2596.6937769839924,2440.4811362152846,2526.1767578125,484329
2024-12-31,2521.100714345548,2521.100714345548,2452.4248559602966,2488.902587890625,108505
2025-01-01,2503.18507011548,2516.123998907329,2454.415261592355,2500.497802734375,157454
2025-01-02,2513.0885374429186,2613.61407148922,2480.6418276954987,2547.67529296875,305917
2025-01-03,2538.0208595408517,2594.8029042324615,2509.157092902936,2525.62939453125,182816
2025-01-06,2567.531529377194,2567.8301686715668,2474.9188430120853,2496.467041015625,149710
2025-01-07,2582.759389362906,2582.759389362906,2503.1850272542974,2538.81689453125,243741
2025-01-08,2538.7674203420625,2588.7813624658256,2460.636187372602,2571.11474609375,193723
2025-01-09,2589.776458438446,2589.776458438446,2456.4059567356207,2465.861328125,160902
2025-01-10,2442.472022208201,2452.076592905695,2338.960575464251,2361.90234375,161508
2025-01-13,2324.528333131945,2393.652023662304,2228.531482680986,2248.2880859375,153178
2025-01-14,2234.4535911009148,2346.375282510767,2221.5146616201523,2322.537841796875,160961
2025-01-15,2331.346451265464,2337.6166613918513,2204.6444192428694,2222.31103515625,120317
2025-01-16,2274.2158397344588,2287.154769053845,2196.632077529651,2233.408447265625,104812
2025-01-17,2233.408591030326,2235.4490093838526,2172.446323966764,2195.8857421875,107646
2025-01-20,2199.618210355032,2217.334640919535,2155.824906619456,2199.369384765625,108370
2025-01-21,2212.855779722766,2229.3280823358627,2173.690534763056,2184.9375,78548
2025-01-22,2174.7355475058043,2189.6650821568737,2106.905792271936,2167.12158203125,91673
2025-01-23,2144.876329900089,2237.3896246258073,2144.876329900089,2204.694091796875,125515
2025-01-24,2214.5974046681754,2221.2658813994976,2123.5272453098,2135.868896484375,140951
2025-01-27,2075.2054257915706,2075.2552395084435,1835.4370623683646,1890.2781982421875,482636
2025-01-28,1890.278000369263,1906.4019698518773,1776.664344781525,1890.0291748046875,300170
2025-01-29,1868.033035997112,2010.510579853956,1868.033035997112,1992.3463134765625,171109
2025-01-30,2001.3040007502311,2040.2699866706726,1985.677804011772,2021.4090576171875,112335
2025-01-31,2032.9049925981617,2080.032654740341,2014.4918996419483,2064.60546875,136728
2025-02-01,2084.113402685188,2105.064566711492,2027.3811661355164,2072.966064453125,102495
2025-02-03,2000.5576104211202,2046.2418885063817,1943.8253796778347,2022.2552490234375,183471
2025-02-04,2080.131872856085,2163.3890512271087,2036.0400564169183,2097.002197265625,316729
2025-02-05,2117.7546364181503,2217.334688012381,2102.0786239525946,2188.6201171875,156568
2025-02-06,2214.5476964342047,2235.5486729102427,2144.9761603819225,2166.822998046875,87931
2025-02-07,2171.8987770854774,2239.2809359599614,2135.9186967950163,2206.833984375,143161
2025-02-10,2214.5477545638537,2226.3421847463305,2056.045853478778,2110.0908203125,189147
2025-02-11,2110.9863443239883,2122.084110658702,2013.7453591460994,2026.88330078125,97212
2025-02-12,2035.3932445549242,2087.7462437884014,2012.5511049079316,2052.81103515625,212339
2025-02-13,2068.6861565483628,2069.0844232914956,1993.590641540409,2007.6741943359375,86699
2025-02-14,2024.4449523053222,2024.4449523053222,1882.116718195361,1906.949462890625,106042
2025-02-17,1886.0978210101864,2009.515303757027,1886.0978210101864,1977.76513671875,229102
2025-02-18,1977.7652265715199,1984.7323428495613,1905.0584645966492,1923.4715576171875,94560
2025-02-19,1908.04435392805,2027.6796437401865,1904.5109821066865,2014.79052734375,213193
2025-02-20,2018.423108375594,2056.2944068191905,1997.6213889697274,2040.0211181640625,63836
2025-02-21,2040.0212435180554,2089.8361717805537,2013.5463483741125,2020.3143310546875,90880
2025-02-24,2020.2646797753757,2025.4402031946213,1953.7784367916668,1965.62255859375,77830
2025-02-25,1965.6226134843537,1990.4056660234892,1945.8160726399494,1958.1080322265625,69140
2025-02-27,1972.9378701340006,2013.8447680001016,1899.0366786306838,1913.169921875,100620
2025-02-28,1906.1033187393052,1906.1033187393052,1797.5656810435248,1813.9383544921875,121213
2025-03-03,1813.9383347257237,1826.2302931061126,1673.103067585153,1714.90576171875,273639
2025-03-04,1598.4554195659168,1816.4266131430873,1598.4554195659168,1801.447265625,462595
2025-03-05,1791.544161488773,1858.229416388633,1780.944167567258,1836.979736328125,101765
2025-03-06,1851.2622467237538,1949.7971727590502,1851.2622467237538,1924.5662841796875,201782
2025-03-07,1940.0431863653844,1959.5512085604614,1904.1127977865478,1933.62353515625,98236
2025-03-10,1914.2649820182264,1954.226272579687,1880.1260641758433,1898.6884765625,81325
2025-03-11,1880.623789372499,1914.9119067138852,1847.0323350770125,1902.2218017578125,77312
2025-03-12,1892.1193326908967,1916.4046096455138,1836.38240840739,1846.4349365234375,58985
2025-03-13,1855.5421003595538,1885.1025296545474,1819.910229922566,1833.2969970703125,67810
2025-03-17,1833.2971014823183,1887.7899047435026,1822.4484031447093,1840.6126708984375,86503
2025-03-18,1840.6126708984375,1840.6126708984375,1840.6126708984375,1840.6126708984375,0
2025-03-19,1906.202907850544,1928.7465291442652,1893.562617295725,1923.123046875,93802
2025-03-20,1939.7944024738003,1979.6563088756996,1922.4762393523195,1949.1502685546875,103916
2025-03-21,1952.2855537841217,2041.2159156926086,1877.986209275732,1988.8629150390625,1080180
2025-03-24,2024.4449086146342,2075.205326677243,1998.766060290098,2041.7135009765625,133083
2025-03-25,2050.322828863517,2071.9706548478766,2018.5726597870819,2046.6402587890625,107331
2025-03-26,2055.2992870416847,2055.2992870416847,1975.675101587285,1981.298583984375,57863
2025-03-27,1970.9473554994709,2018.423226030798,1912.9709972326639,2000.6571044921875,63631
2025-03-28,2029.421442219382,2030.4665582601738,1975.3267851138394,1990.4056396484375,65258
2025-04-01,1984.8816033516532,1993.4909925094896,1953.2807554607593,1968.4093017578125,41608
2025-04-02,1968.409348040732,1975.6751035694817,1928.8958945680886,1968.1605224609375,31445
2025-04-03,2018.4730410851264,2101.282142889874,1995.6805943790237,2045.9434814453125,185017
2025-04-04,2050.2729994074875,2060.027010903616,1907.9945790082047,1927.950439453125,110853
2025-04-07,1591.4883534556996,1877.0406032750468,1591.4883534556996,1835.9345703125,131362
2025-04-08,1889.7307971687296,1909.7861634602118,1843.7975702422682,1854.4970703125,67941
2025-04-09,1848.1269356313956,1848.1269356313956,1693.556571026615,1705.7490234375,299971
2025-04-11,1811.4500867663023,1870.7700762973002,1744.5658244690583,1860.6180419921875,412770
2025-04-15,1904.0132925164419,1927.2038846152564,1832.45103312458,1916.5540771484375,212119
2025-04-16,1916.5540705534306,1974.6797487473832,1900.5297279400847,1962.537109375,101442
2025-04-17,1960.745409579693,1967.2148741290675,1900.1314789638736,1957.8590087890625,127499
2025-04-21,1940.8394349284615,1950.294806534523,1883.4105422988093,1897.7427978515625,147127
2025-04-22,1903.017947482947,1909.387906334563,1873.7560363342034,1880.0264892578125,81806
2025-04-23,1891.0742420261188,1904.1126769744017,1867.186988442631,1879.130615234375,108309
2025-04-24,1886.0979098601056,1924.9147006171208,1868.3814798389265,1875.5477294921875,153945
2025-04-25,1877.1401687755388,1891.0744012054738,1790.5488672466565,1798.212646484375,113217
2025-04-28,1801.39756847579,1911.9756242681365,1780.7947389809292,1898.6385498046875,257962
2025-04-29,1903.018093837781,1915.6583850882696,1856.2388833721031,1860.2200927734375,72850
2025-04-30,1860.5186086979234,1916.9521996207238,1837.427522803337,1870.073486328125,124384
2025-05-02,1870.073588359584,1886.0979317122246,1814.2371514615666,1876.7420654296875,70134
2025-05-05,1876.6424934922834,1901.4255451520157,1855.3429998952524,1897.4443359375,68602
2025-05-06,1890.576654617107,1893.4630554884131,1821.5026530445436,1843.9964599609375,90326
2025-05-07,1801.4971188129196,1868.3813831336388,1801.4971188129196,1853.75048828125,75646
2025-05-08,1861.2153049902738,1913.9663270033673,1861.2153049902738,1892.865966796875,81238
2025-05-09,1842.3044425288529,1871.1682074307096,1828.0715719267814,1852.157958984375,62212
2025-05-12,1861.2153517039399,1940.8395378730925,1861.2153517039399,1935.265869140625,86236
2025-05-13,1896.0508593603772,2023.9472034169694,1896.0508593603772,1994.088134765625,186283
2025-05-14,1994.0881294769033,2027.729395333606,1992.5951760482956,2005.9322509765625,80385
2025-05-15,2016.9801364214775,2034.696566183955,1949.4985910305402,1991.2017822265625,203731
2025-05-16,2002.747233642393,2026.3359709819752,1964.2290833430504,2000.5576171875,80138
2025-05-19,2014.491720502773,2177.721286788571,1999.1640418082723,2150.94775390625,587808
2025-05-20,2150.9477152481404,2185.086386846947,2110.0406969910673,2117.0078125,121113
2025-05-21,2115.017429326142,2277.251707434453,2109.941290298267,2241.81884765625,601595
2025-05-22,2239.231357956339,2286.1099545686347,2224.5008340360087,2277.74951171875,180318
2025-05-23,2271.8772223192277,2276.6544791643096,2172.745011890276,2182.4990234375,105695
2025-05-26,2180.707210040753,2202.006580800764,2153.137386563672,2170.55517578125,60455
2025-05-27,2170.7543891184196,2181.7027147856834,2156.322505284299,2161.59765625,36309
2025-05-28,2171.2519322490425,2172.9438975328667,2127.359004333157,2135.918701171875,42441
2025-05-29,2147.1657670163145,2180.1101283723583,2135.0231271782677,2152.44091796875,66930
2025-05-30,2167.291414305238,2174.5672630747044,2139.384235827176,2145.464111328125,49326
2025-06-02,2135.8957814133228,2160.81290438828,2095.0316997343934,2152.64013671875,75117
2025-06-03,2152.839406120332,2182.7399534275587,2134.9988435595305,2161.8095703125,75754
2025-06-04,2171.776700273184,2172.673619475881,2140.1818331988948,2151.5439453125,56351
2025-06-05,2142.872475169319,2153.6367204550274,2103.7027110267145,2115.7626953125,103325
2025-06-06,2117.955459061456,2119.948828905279,2079.0847471069164,2086.360595703125,64316
2025-06-09,2075.3970579526695,2111.9753458569417,2039.815333302935,2044.300537109375,114435
2025-06-10,2057.1577108977485,2058.5529724776657,2008.3201489626758,2024.566162109375,109514
2025-06-11,2030.2471736413029,2120.746212669184,2019.3832837251166,2109.1845703125,212022
2025-06-12,2114.5668097837297,2174.766481225754,2092.0416334064425,2106.393798828125,250292
2025-06-13,2073.1046832040765,2141.8759443295967,2049.184244551722,2133.204833984375,113463
2025-06-16,2122.939029381102,2132.9058792842998,2074.6995731821444,2088.752685546875,74122
2025-06-17,2098.0216838847355,2130.812519283727,2068.121137321057,2072.9052734375,99457
2025-06-18,2074.1015405474113,2101.908955459614,2038.2208795864756,2081.875732421875,94236
2025-06-19,2092.0417880025725,2092.0417880025725,2032.4399771054634,2043.2042236328125,121162
2025-06-20,2047.1909035655856,2054.865329075304,1997.3566556696367,2038.8187255859375,85307
2025-06-23,2033.1376303487052,2045.79560206685,2003.9347129848375,2015.7952880859375,55230
2025-06-24,2028.2538038046712,2085.961763101295,2022.572748450442,2049.582763671875,74214
2025-06-25,2062.141162141396,2113.968779556259,2061.1444771911097,2100.912109375,63819
2025-06-26,2122.2412827653393,2127.922338233946,2068.1212420774887,2073.303955078125,49085
2025-06-27,2081.078048149592,2149.650017176331,2068.1211445931053,2077.09130859375,179412
2025-06-30,2093.03832624869,2163.802955374241,2093.03832624869,2110.580078125,209314
2025-07-01,2108.7860523656313,2111.0784764022014,1980.412982961838,1991.5758056640625,282140
2025-07-02,1988.3864879750615,1990.3798578878186,1948.4194455574134,1975.7286376953125,173778
2025-07-03,1986.3931000524822,2007.2238397850574,1983.4030452104564,1995.761962890625,67104
2025-07-04,2004.2338113536516,2013.5029084866885,1992.2735918279434,2011.1109619140625,53263
2025-07-07,2011.1110064755383,2058.1544889861048,1993.569253449967,2047.7890625,106610
2025-07-08,2043.2040850085452,2052.5728259194875,1997.9545653293744,2013.8018798828125,76556
2025-07-09,2013.3035390595248,2031.243867625402,2004.4330189354912,2024.665771484375,52583
2025-07-10,2029.7488942252523,2043.204141007497,2014.997908345868,2035.72900390625,31062
2025-07-11,2025.4630498405563,2047.1908298066096,2008.3201178482564,2016.5926513671875,35939
2025-07-14,2004.3333947957854,2043.204107076758,1994.366545492972,2026.360107421875,52421
2025-07-15,2035.72895189479,2087.955144441978,2027.356774222168,2066.028076171875,85595
2025-07-16,2068.121432277543,2096.327667224987,2057.1578969739035,2072.4072265625,57190
2025-07-17,2068.6195487026694,2117.955452176908,2064.134466568648,2102.5068359375,68036
2025-07-18,2112.971981692181,2114.9653514862307,2076.0946405022705,2096.327392578125,49757
2025-07-21,2096.0283848353793,2109.3838654186043,2076.0946864536827,2093.038330078125,32404
2025-07-22,2093.0382228271724,2104.5000988093216,2068.121101126849,2072.30712890625,28505
2025-07-23,2073.1045272798283,2115.961976641863,2067.42347219344,2102.108154296875,63219
2025-07-24,2111.4769623413667,2143.1715908530105,2058.1543201486534,2091.044921875,65563
2025-07-25,2092.041693582484,2094.035063466793,2023.2704325738173,2030.1475830078125,31672
2025-07-28,2033.2372893761994,2078.686220235946,2029.748892065995,2044.4998779296875,51325
2025-07-29,2035.2308021501044,2088.9520271662077,2031.3437062555709,2078.785888671875,39924
2025-07-30,2078.7856631570207,2155.2313469052283,2072.30721125749,2138.6865234375,121697
2025-07-31,2090.048215530908,2117.9553924669426,2048.7855583937076,2059.549560546875,60765
2025-08-01,2059.450111567988,2084.0681805776126,1970.4460989966237,1981.50927734375,83588
2025-08-04,1981.4095993843855,2007.3234070222095,1973.3364759534218,2001.9412841796875,35376
2025-08-05,2001.9413703647906,2017.689041273519,1945.6286705736761,1950.512451171875,65542
2025-08-06,1950.5124389181874,1964.4660281592985,1893.0037662121504,1923.2032470703125,118325
2025-08-07,1893.7015207459033,2079.0849327768183,1879.7479305930387,2051.476806640625,1027048
2025-08-08,2036.3270199253684,2152.8395162245383,2001.4430462828411,2104.001953125,459509
2025-08-11,2092.1415457674384,2121.9423294354465,2061.0447796235926,2100.712890625,76043
2025-08-12,2093.038358402274,2135.596756356864,2081.078139211404,2089.4501953125,71021
2025-08-13,2083.569733284646,2181.7431935709596,2077.091281590626,2149.74951171875,164257
2025-08-14,2152.8394165917066,2178.454170243232,2117.9554445636004,2128.12158203125,57779
2025-08-18,2143.7694979286844,2150.148427417931,2103.7028127953677,2144.56689453125,71747
2025-08-19,2144.865921967113,2169.1849363892484,2114.467032273806,2129.218017578125,54368
2025-08-20,2144.0687450978107,2147.8561968025165,2105.7961380418315,2113.869140625,42299
2025-08-21,2113.8688493416885,2214.6337873120196,2092.041547960364,2203.77001953125,236393
2025-08-22,2211.643760997363,2227.5907191658885,2146.9590092587905,2160.91259765625,172520
2025-08-25,2187.723294902619,2212.6404167124433,2144.3675029535234,2155.031982421875,102677
2025-08-26,2154.8326765917336,2161.6101823351487,2063.1376690771917,2077.589599609375,98702
2025-08-28,2077.091398520912,2161.809617750412,2064.533071043791,2149.052001953125,158529
2025-08-29,2140.0818074259632,2144.2678354156255,2078.0880541879083,2091.64306640625,50682
2025-09-01,2091.6429984550323,2132.805889569278,2073.1045622485703,2102.7060546875,39386
2025-09-02,2116.4604382343928,2142.772822921842,2079.1845193719596,2120.347412109375,33286
2025-09-03,2120.3474699151784,2179.74999039706,2108.287727992687,2153.836181640625,94914
2025-09-04,2172.7730823024917,2172.7730823024917,2098.021714792085,2109.98193359375,38656
2025-09-05,2109.9820742044135,2177.7566519303937,2104.1017302342348,2131.31103515625,48681
2025-09-08,2108.985451744867,2198.687101393751,2108.985451744867,2168.98583984375,86955
2025-09-09,2167.889660544662,2206.1622675601466,2167.7898947112353,2196.593994140625,64216
2025-09-10,2196.593881730806,2225.5975113428,2186.5275096531964,2212.341552734375,77351
2025-09-11,2212.3415661903573,2263.9698959980187,2201.278509087402,2230.182373046875,90699
2025-09-12,2229.6833795280068,2265.412409568249,2215.6111571477995,2241.16064453125,78503
2025-09-15,2258.4263220142752,2287.468890999316,2245.5519217925225,2268.805908203125,120347
2025-09-16,2277.3885805229875,2282.4785952734005,2225.1921726803125,2242.956787109375,68976
2025-09-17,2242.9569495470537,2390.2652521088967,2229.0845263403844,2325.49365234375,497745
2025-09-18,2337.1703160737266,2357.7294437312216,2282.079495065253,2316.910400390625,79639
2025-09-19,2319.305582906617,2352.140686235594,2285.4727002224045,2338.367919921875,84437
2025-09-22,2338.3678587814857,2364.3164564461545,2302.538931007683,2315.413330078125,68517
2025-09-23,2309.2257124645134,2314.016271692224,2237.5676108951543,2249.144775390625,64060
2025-09-24,2254.5339370678466,2275.2928640159103,2231.1802965374977,2256.6298828125,41458
2025-09-25,2255.4321659940074,2255.4321659940074,2160.719877155992,2179.283203125,54307
2025-09-26,2145.6496514353835,2145.6496514353835,2001.1359873168515,2032.8731689453125,285785
2025-09-29,2064.4106209918923,2065.907655524881,1996.0460439853923,2006.225830078125,99908
2025-09-30,2026.086485240916,2045.9471674763606,1945.6458551195929,1962.2130126953125,98326
2025-10-01,1969.8979174912715,2064.310750516607,1956.2249287985787,2054.430419921875,85457
2025-10-03,2055.927437331469,2062.9135985262847,1991.1557184594528,2015.90673828125,70816
2025-10-06,2029.679418956339,2049.540223757105,2006.026321508947,2017.40380859375,42984
2025-10-07,2026.0865400633666,2026.4857736433753,1986.065840704416,1993.052001953125,56366
2025-10-08,2001.9344363236958,2024.5895105550835,1989.7584821625003,2001.4354248046875,40353
2025-10-09,2016.0065661670685,2042.2546211809372,1996.0461051159095,2022.094482421875,57625
2025-10-10,2022.793194799451,2082.7742347496624,2008.0224047210017,2052.73388671875,76725
2025-10-13,2052.7337693251193,2056.027293979484,1997.4432703770199,2003.930419921875,47516
2025-10-14,2008.920546353204,2022.7930905936212,1958.0213727125074,1965.6063232421875,60826
2025-10-15,1966.3049090675872,2022.0944203590634,1965.1073301728686,2015.40771484375,51147
2025-10-16,2020.9966929019201,2026.785275371209,1992.0540242134482,2011.31591796875,49816
2025-10-17,2004.0302262213004,2025.9867326838844,1972.6922789952705,1983.6705322265625,33974
2025-10-20,1987.1636725748863,2025.9867936264313,1968.101456665676,2006.6251220703125,62318
2025-10-21,2006.0262803265703,2032.9729020025989,2000.0381421763418,2025.886962890625,16784
2025-10-23,2033.871178016538,2054.929439799242,2011.1162039680803,2019.0006103515625,52185
2025-10-24,2029.978834081816,2032.6734475193582,1967.6023949814653,1989.15966796875,39858
2025-10-27,2004.0302954288086,2023.0925114229167,1982.6725776754731,2012.1142578125,34353
2025-10-28,2019.6991596011737,2025.3879639766665,1988.261434116921,2008.0223388671875,30388
2025-10-29,2017.4037501740092,2023.7911218462132,2005.1280183379142,2017.0045166015625,19380
2025-10-30,2015.0084531812706,2031.9748443175172,2008.1220700601746,2026.4857177734375,27977
2025-10-31,2031.9748749421867,2044.9491742419157,2006.1260542792377,2028.78125,43860
2025-11-03,2028.7812748500896,2049.8394146997307,1992.7525458132714,2002.2337646484375,51352
2025-11-04,2015.008489919471,2015.008489919471,1971.1952547030232,1991.2554931640625,53166
2025-11-06,2045.9472035551669,2069.8997561821543,1992.1537380812615,2000.4373779296875,155904
2025-11-07,1999.040191231909,2000.0382142929334,1892.2517237022962,1928.6795654296875,156822
2025-11-10,1952.532253278545,1952.532253278545,1904.227914928197,1939.3582763671875,69503
2025-11-11,1946.1448962496358,1955.8256708481051,1915.0066266412346,1944.049072265625,47804
2025-11-12,1954.628073217851,1954.628073217851,1928.2802412784263,1942.2525634765625,69728
2025-11-13,1943.6498083683975,1973.7900544828776,1926.284183660825,1932.57177734375,82736
2025-11-14,1928.5797427019434,1945.9453679262833,1911.2141174776032,1921.693359375,60899
2025-11-17,1944.0490576407622,1946.1448816090065,1918.499692791589,1939.3582763671875,46042
2025-11-18,1946.1449648849443,1946.1449648849443,1902.1321723525743,1911.1143798828125,36910
2025-11-19,1896.2437639093343,1932.072815182681,1896.2437639093343,1927.48193359375,40145
2025-11-20,1938.1607424163224,1938.1607424163224,1911.613353935428,1916.7032470703125,23799
2025-11-21,1911.2140556441614,1930.875060122068,1901.2338255885784,1915.006591796875,59702
2025-11-24,1903.7289409306118,1935.9651337209518,1875.48484028377,1915.40576171875,79387
2025-11-25,1906.2240019069882,1916.0046764075287,1899.2378406434548,1901.23388671875,23787
2025-11-26,1900.1360416743933,1918.3000118067202,1882.2714053490276,1914.7071533203125,52179
2025-11-27,1914.7071881233583,1922.391916743107,1896.143984082017,1904.926513671875,29167
2025-11-28,1910.2160859127619,1922.2921402510112,1896.3435413828129,1907.0224609375,25901
2025-12-01,1907.2220738500143,1925.6855005199386,1901.2339354705796,1905.3258056640625,22042
2025-12-02,1877.281359219905,1921.99284064318,1876.782347694328,1915.60546875,38531
2025-12-03,1901.2338766912674,1919.697302790369,1867.8001051064077,1884.467041015625,48119
2025-12-04,1871.1933578539745,1981.075666421694,1868.6983003395894,1972.1932373046875,122324
2025-12-05,1972.1932763093455,1976.0855904745615,1919.7970674710048,1959.5184326171875,58334
2025-12-08,1958.021423521095,1970.5964894398983,1893.6489375404044,1923.7891845703125,37701
2025-12-09,1941.154778525828,1952.9314989214852,1865.3050288250759,1901.0343017578125,116362
2025-12-10,1910.814850739722,1966.105350442845,1897.5412176640707,1924.387939453125,61388
2025-12-11,1931.174599381744,1951.1350603572657,1912.0126055768371,1948.1409912109375,21558
2025-12-12,1948.1409576132771,1971.9937324334576,1936.1646812345068,1960.0174560546875,37297
2025-12-15,1961.1152052633304,1965.606308786834,1940.156722153646,1951.7337646484375,20126
2025-12-16,1936.1646355599432,1954.129049704314,1927.7812179267742,1941.7535400390625,26232
2025-12-17,1941.7536470894713,1946.943440114684,1882.7705084294637,1894.0482177734375,44182
2025-12-18,1894.0481826127038,1916.2042454693492,1884.467063922169,1903.8287353515625,24425
2025-12-19,1904.2279167813576,1930.1765152280639,1904.2279167813576,1923.090576171875,23454
2025-12-22,1923.0906553664577,1960.0175085228354,1920.4958197807257,1949.9375,36419
2025-12-23,1952.9315096217686,1985.0678023868352,1933.1706049388133,1977.0836181640625,42769
2025-12-24,1974.189384651172,1975.985874885335,1960.017505973616,1966.2052001953125,16243
2025-12-26,1966.2051507768704,1988.1616574786312,1897.2417836385007,1912.0125732421875,124906
2025-12-29,1906.2240478905514,1925.3860419440343,1874.2873099154217,1889.8564453125,41821
2025-12-30,1878.2793413561033,1881.97197783334,1743.5462323852882,1787.1597900390625,597782
2025-12-31,1782.2695342943086,1846.043106966334,1779.4750211436462,1834.466064453125,90935
2026-01-01,1836.4621274591611,1867.3010630207573,1784.4651526889973,1795.3436279296875,130326
2026-01-02,1807.4197004100922,1862.310966849935,1798.83672675075,1845.14501953125,96233
2026-01-05,1833.368337516566,1866.3030980707558,1826.3821761868894,1841.6519775390625,55824
2026-01-06,1835.3643388687192,1849.0372055490357,1823.3880625955137,1834.665771484375,46553
2026-01-07,1827.579755660031,1862.2112285020648,1823.4878855315044,1852.9295654296875,54316
2026-01-08,1852.9294958916407,1856.422576426436,1806.4216479941617,1815.3040771484375,31893
2026-01-09,1800.433575979632,1827.9789876986674,1788.5570773598674,1809.914794921875,71702
2026-01-12,1806.9206557871066,1809.9147248107804,1760.7121417901496,1799.834716796875,56831
2026-01-13,1808.8169116866304,1833.2684752153,1801.4315171121752,1808.5174560546875,47882
2026-01-14,1806.4216692776479,1857.8198548952164,1799.834741700222,1850.9334716796875,43178
2026-01-15,1850.9334716796875,1850.9334716796875,1850.9334716796875,1850.9334716796875,0
2026-01-16,1829.3762049112881,1859.815907175224,1816.4019055856763,1822.589599609375,39987
2026-01-19,1816.6014939133293,1825.3841454222418,1800.5333472888049,1808.6173095703125,30086
2026-01-20,1796.5412084608326,1817.2003580092583,1761.5106249313928,1779.0758056640625,46545
2026-01-21,1762.5086624863854,1783.8663795912582,1701.6292579497663,1735.7615966796875,115934
2026-01-22,1727.577877976378,1763.4069293897496,1718.595670638546,1732.5679931640625,31621
2026-01-23,1726.5797889253392,1745.142992347989,1706.2200953722156,1719.5936279296875,65712
2026-01-27,1706.619339320699,1736.8594851174473,1668.6944651135725,1727.1785888671875,108496
2026-01-28,1746.5403357294128,1796.4414881788246,1729.3743880184093,1756.9197998046875,48261
2026-01-29,1740.651955925942,1766.5007769717204,1706.6193947014926,1723.38623046875,52279
2026-01-30,1706.619370815252,1786.361434788147,1698.6351866243035,1770.39306640625,52163
2026-02-02,1786.5610466271962,1804.3259057401524,1740.5522081513775,1796.241943359375,33192
2026-02-03,1896.2437314361614,1914.607379306392,1810.812985585676,1863.8079833984375,69836
2026-02-04,1887.5610051734282,1916.204217399843,1848.8376628818796,1905.7249755859375,68006
2026-02-05,1913.210185981707,1935.166693071742,1849.5362666890103,1900.1361083984375,123694
2026-02-06,1935.1666329012564,1935.1666329012564,1801.7310040573473,1822.090576171875,137298
2026-02-09,1822.0905823304001,1822.1904820957748,1744.1450086866978,1754.9237060546875,195605
2026-02-10,1766.5008212977136,1766.5008212977136,1701.030532738579,1728.2764892578125,194129
2026-02-11,1729.4741810728576,1752.8279449890879,1714.703391087143,1743.246826171875,54196
2026-02-12,1747.438555498997,1751.9296591543168,1722.587757573764,1733.366455078125,42026
2026-02-13,1726.3803310050978,1734.26461568433,1704.8229355322499,1727.7774658203125,38711
2026-02-16,1726.6796271971912,1738.4563477329827,1707.4178557334776,1712.906982421875,32083
2026-02-17,1712.90700332297,1735.2626220998604,1706.9188650443775,1718.8951416015625,33823
2026-02-18,1726.579881557205,1732.3684639957542,1677.9762076114375,1708.116455078125,114518
2026-02-19,1708.116427446954,1714.5037992481352,1692.6470703768823,1700.830810546875,27814
2026-02-20,1696.8387229961972,1702.527527418637,1677.7765073078824,1688.7547607421875,43265
2026-02-23,1696.639131500253,1736.5600522414354,1682.3673536036874,1726.080810546875,46179
2026-02-24,1725.5818356150655,1726.0808471349078,1691.6490522657814,1709.2142333984375,59587
2026-02-25,1726.579884593723,1730.5719768124368,1714.2043743499128,1723.5858154296875,21410
2026-02-26,1723.5858046757746,1739.653951390047,1711.8090839724525,1725.1826171875,24774
2026-02-27,1725.1825473306783,1725.1825473306783,1684.2636040010732,1696.7388916015625,27815
2026-03-02,1676.6787126788577,1681.6688278951638,1635.0612005064586,1669.5927734375,90268
2026-03-04,1662.1075815950387,1662.6065931109595,1642.745910411512,1647.3367919921875,56840
2026-03-05,1647.3367589113764,1666.0996402648098,1614.2024436512067,1650.031494140625,111197
2026-03-06,1653.8239386341706,1678.8742923211767,1632.1668876149345,1661.5087890625,83972
2026-03-09,1650.7300833616173,1676.3792263727048,1615.6994995496673,1667.2972412109375,86795
2026-03-10,1686.5590899367846,1686.6588678708629,1662.3070823358073,1680.7705078125,43345
2026-03-11,1685.6608660455797,1706.6193492823809,1679.6727279779222,1686.7586669921875,54031
2026-03-12,1683.1658708877128,1694.1441244185548,1656.7182601088664,1684.263671875,50022
2026-03-13,1686.6589071012727,1686.6589071012727,1652.7261243548567,1658.913818359375,64757
2026-03-16,1646.7379469743275,1658.7142229523226,1621.288360521088,1632.765625,81182
2026-03-17,1646.6382212130814,1646.7379991502635,1621.6876454683804,1631.867431640625,51002
2026-03-18,1631.767672903693,1675.6806867310706,1631.767672903693,1644.9415283203125,83039
2026-03-19,1630.9691377358104,1635.7596968670127,1611.0086777374331,1618.59375,50642
2026-03-20,1627.7755546909025,1644.741946125449,1596.836840898494,1600.9287109375,65307
2026-03-23,1596.8367963080518,1600.9286662327954,1552.1253172798347,1557.21533203125,101864
2026-03-24,1600.828898873949,1600.828898873949,1555.518630113591,1583.1639404296875,71266
2026-03-25,1588.6531421422378,1626.7775739787342,1579.0720233844506,1592.445556640625,107146
2026-03-27,1592.4454992436936,1602.0264958271648,1545.937651084921,1555.319091796875,100167
2026-03-30,1544.939618515684,1558.7123847766798,1497.3339696999908,1501.8250732421875,148965
2026-04-01,1561.9060784734625,1589.950501906454,1541.0473722929078,1566.9959716796875,72897
2026-04-02,1566.995893591543,1568.892161664185,1505.0186894335823,1562.7044677734375,65274
2026-04-06,1579.371457881774,1586.7568527299247,1542.544383408023,1565.9979248046875,62429
2026-04-07,1567.8941315748941,1623.7834195240948,1542.444545098026,1607.3160400390625,132044
2026-04-08,1671.489034259171,1671.489034259171,1620.2904036326854,1657.0177001953125,170696
2026-04-09,1658.7142333984375,1686.559099588431,1641.2488308205359,1658.7142333984375,68094
2026-04-10,1658.714289664616,1706.6193955033052,1647.0374688480292,1705.0225830078125,95593
2026-04-13,1696.639170034737,1707.51764554958,1645.7399949336948,1683.7646484375,75016
2026-04-15,1695.1420720936471,1749.5343258052185,1685.5610756221756,1732.168701171875,233605
2026-04-16,1745.5422979609782,1766.5007818129968,1732.6677763717985,1761.410888671875,107612
2026-04-17,1761.4109095371944,1796.2419384315665,1751.5304569526897,1767.3990478515625,148567
2026-04-20,1767.498769067485,1771.4908611489475,1736.5600554361513,1750.73193359375,55397
2026-04-21,1756.4208050210598,1764.5047674291175,1736.5601217910998,1745.3427734375,49325
2026-04-22,1745.3427638261023,1757.019584814662,1731.5699969630439,1749.035400390625,44700
2026-04-23,1749.0354033940519,1781.4711526724009,1744.4445217081443,1764.5047607421875,64210
2026-04-24,1773.9859212002943,1779.4750478200422,1711.6094823395244,1716.1005859375,71492
2026-04-27,1716.100553575809,1761.4108222756215,1703.2260324719334,1757.6182861328125,84268
2026-04-28,1757.618279670051,1757.618279670051,1723.5857197603243,1728.775390625,72161
2026-04-29,1728.7754519061384,1737.7576592180767,1710.1124698895935,1724.1845703125,48595
2026-04-30,1716.699369025464,1721.5897061798291,1675.0818579033182,1705.621337890625,56199
2026-05-04,1707.1183887956568,1761.8100994424806,1707.1183887956568,1732.867431640625,76083
2026-05-05,1729.5739330430843,1771.4909008375503,1724.5838178294575,1738.05712890625,124308
2026-05-06,1749.534427035925,1846.2428860735886,1749.534427035925,1837.659912109375,253677
2026-05-07,1841.352516648969,1881.2734384191365,1836.4621793663266,1862.9097900390625,124846
2026-05-08,1866.3031161696633,1866.9019056379313,1841.8515512786705,1852.6302490234375,54449
2026-05-11,1846.3425837067193,1872.9897495615967,1817.0006826052595,1849.6361083984375,53644
2026-05-12,1831.3723265592716,1851.1332320025144,1798.0383317808967,1811.411865234375,69891
2026-05-13,1836.3623233417015,1863.3089443907372,1811.6113041650692,1838.1588134765625,65257
2026-05-14,1845.3445965581698,2055.9274574958517,1799.43553682768,2019.799072265625,2271123
2026-05-15,2019.9986427403649,2052.933403219827,1946.7437268838846,1994.8485107421875,405860
2026-05-18,1986.0657759916007,2042.5538535962191,1944.7475993011553,1982.1734619140625,186105
2026-05-19,1983.3712564335592,2055.92748345295,1983.3712564335592,2034.1705322265625,200976
2026-05-20,2034.2704547797352,2064.011590740999,2005.8267975298838,2012.61328125,178178
2026-05-21,2012.6132344740574,2045.9472283158293,1994.0500303292813,2021.8948974609375,97506
2026-05-22,2021.894898640598,2054.829537091523,2009.020377074473,2023.99072265625,89926
2026-05-25,2055.3285658154236,2088.3632261389216,2029.3800884187879,2073.7919921875,160356
2026-05-26,2094.8503991719513,2094.8503991719513,2025.9868081558175,2031.775390625,109242
2026-05-27,2038.262486430969,2059.6200818467746,2010.6171753546957,2019.300048828125,72577
2026-05-28,2019.300048828125,2019.300048828125,2019.300048828125,2019.300048828125,0
2026-05-29,2023.0,2086.5,2012.0,2024.5,97307
2026-06-01,2024.5,2072.89990234375,1990.0,1998.9000244140625,176474
2026-06-02,2000.0,2007.800048828125,1962.699951171875,1988.0999755859375,75756
2026-06-03,1988.0999755859375,1993.9000244140625,1952.4000244140625,1972.9000244140625,45721
2026-06-04,1950.0,2040.0,1950.0,2019.699951171875,97390
2026-06-05,2025.0,2048.699951171875,2015.199951171875,2033.0999755859375,84426
2026-06-08,2011.5999755859375,2148.0,2001.5,2111.0,628306
2026-06-09,2122.300048828125,2286.0,2121.300048828125,2255.199951171875,614724
2026-06-10,2260.800048828125,2409.0,2240.39990234375,2309.39990234375,861544
2026-06-11,2309.39990234375,2375.0,2291.10009765625,2331.0,286180
2026-06-12,2350.0,2425.0,2344.0,2407.800048828125,226664
2026-06-15,2435.0,2447.300048828125,2349.60009765625,2364.60009765625,146915
2026-06-16,2375.0,2417.89990234375,2341.0,2377.800048828125,101405
2026-06-17,2389.89990234375,2409.39990234375,2325.39990234375,2334.89990234375,66318
2026-06-18,2345.800048828125,2382.199951171875,2338.800048828125,2359.39990234375,56125
2026-06-19,2346.0,2560.0,2342.10009765625,2503.5,402481
2026-06-22,2520.0,2550.699951171875,2487.199951171875,2537.39990234375,157432
