Date,Open,High,Low,Close,Volume,is_outlier,data_quality,return_1d,return_3d,return_7d,return_14d,return_30d,log_return_1d,momentum_7d,momentum_30d,sma_20,dist_from_sma_20,sma_50,dist_from_sma_50,sma_100,dist_from_sma_100,sma_200,dist_from_sma_200,ema_12,ema_26,golden_cross,above_sma_200,above_sma_50,rsi_14,rsi_overbought,rsi_oversold,macd_line,macd_signal,macd_histogram,macd_bullish_cross,bb_upper,bb_lower,bb_middle,bb_bandwidth,bb_pct_b,atr_14,natr_14,adx_14,di_plus,di_minus,adx_strong_trend,stoch_k,stoch_d,volume_ma_7d,volume_ma_30d,volume_ratio_7_30,volume_spike,obv,vwap_20d,vpt,vol_7d,vol_30d,vol_60d,vol_ratio_30_60,parkinson_vol_30d,price_to_high_6mo,price_to_low_6mo,price_to_high_1yr,price_to_low_1yr,day_range_pct,gap_pct,target_3d,target_5d,target_7d,target_10d,target_14d,n50_close,n50_return_1d,n50_return_7d,n50_vol_30d,corr_n50_30d,beta_n50_30d
2024-01-16,1524.4896453238223,1524.4896453238223,1471.9004377317383,1483.2265625,119326.0,0,1,-0.02297387117167149,-0.007379589369267414,0.12444678062973358,0.16444039385876263,,-0.02324188335804331,,,1341.6273376464844,0.1055428887591933,,,,,,,1404.0295503488144,1360.886012644068,0,0,0,77.60392391677084,1,0,43.14353770474645,17.756935747904496,25.386601956841954,0,1515.5625360247525,1167.6921392682164,1341.6273376464844,0.25928988400518055,0.9070459175996415,72.87776875243067,0.04913461678409678,73.48117512202825,21.436408180737097,33.8389347629711,1,74.72132522946247,81.93498025790156,,,,0,2505592.0,1348.172062090912,208947.01012785992,0.731271373818705,,,,,,,,,0.035455950507954845,0.004206811196186148,0.0,0.0,0.0,0.0,0.0,3052.4267578125,-0.010681350318664906,0.01659681873302543,0.28060803613086993,,
2024-01-17,1456.8820784184995,1456.9320220762822,1417.0160762659732,1444.707763671875,442540.0,0,1,-0.025969598847529363,-0.04834684780089771,0.1036783072335643,0.13714010040038516,,-0.026312763144499533,,,1347.6995483398437,0.07198059497128302,,,,,,,1410.2877370139006,1367.0950312387204,0,0,0,69.81636356934422,0,0,43.19270577518023,22.844089753359643,20.348616021820586,0,1527.321850048209,1168.0772466314784,1347.6995483398437,0.2665613443732797,0.7700338833468848,72.4015342868304,0.050115003260461734,70.36076635225952,20.036166535566164,37.0432313236839,1,62.77088602745425,74.34467300967928,,,,0,2063052.0,1347.8193529367677,197454.42385387426,0.7651929433039022,,,,,,,,,0.027629079606285575,-0.017761604833381933,0.0,0.0,1.0,0.0,0.0,2967.090576171875,-0.02795683186245579,0.0025476973506470824,0.28274148521527015,,
2024-01-18,1436.974026568024,1452.8406391408053,1393.066486867334,1422.205078125,130917.0,0,1,-0.015575942839596957,-0.06316974290267319,0.05597747287502819,0.1394305910118736,,-0.015698522364414855,,,1351.596337890625,0.05224099700105059,,,,,,,1412.121174107916,1371.1772569340005,0,0,0,65.67032616045668,0,0,40.94391717391545,26.464055237470806,14.479861936444646,0,1534.261070428681,1168.9316053525688,1351.596337890625,0.27029480240103737,0.6932741456254139,71.49957842873332,0.05027374710474005,67.67724876727075,18.839711060090572,37.22378302761632,1,55.7140323219796,64.40208119296544,,,,0,1932135.0,1360.013592598668,195415.26814514276,0.7761353419594589,,,,,,,,,0.04202920745598512,-0.005353149819168136,0.0,1.0,1.0,0.0,1.0,2915.010009765625,-0.017552738977535398,-0.031745599243943046,0.28788959674205816,,
2024-01-19,1424.0013067917475,1464.8652058679972,1417.814384177315,1429.8389892578125,175624.0,0,1,0.005367658469393799,-0.035994213286068666,0.07217140402958999,0.120902648263431,,0.005353303934587573,,,1357.8756103515625,0.05299703327583757,,,,,,,1414.8469918232845,1375.5225704394682,0,0,0,66.3993161096571,0,0,39.32442138381634,29.036128466739918,10.288292917076426,0,1542.3135378185318,1173.4376828845932,1357.8756103515625,0.27165658777716345,0.6950883419006587,69.75323866172967,0.04878398140334425,64.97147826649453,19.16333432014092,35.43030810752948,1,55.833302882947336,58.106073744127066,,,,0,2107759.0,1366.0167311596956,196357.95779617157,0.7669189843101835,,,,,,,,,0.03290637760207171,0.001262988505930271,0.0,1.0,0.0,0.0,1.0,2911.7646484375,-0.0011133276788939384,-0.058921205698745704,0.279569158828491,,
2024-01-22,1424.0013067917475,1464.8652058679972,1417.814384177315,1429.8389892578125,175624.0,0,1,0.0,-0.010291890711704887,-0.043108180141615104,0.11775480668574057,,0.0,,,1364.1548828125,0.04815003580083988,,,,,,,1417.153452967058,1379.5460088704567,0,0,0,66.3993161096571,0,0,37.607444096601284,30.750391592712194,6.85705250388909,0,1549.4553355035764,1178.8544301214238,1364.1548828125,0.271670695205869,0.6772367673456732,68.13163744951198,0.0476498668461105,62.45897708720233,18.21805223738706,33.68261457565302,1,54.49493588155104,55.347423695492665,,,,0,2107759.0,1372.995073408724,196357.95779617157,0.24940368959919423,,,,,,,,,0.03290637760207171,-0.0040827551283205196,1.0,1.0,0.0,0.0,1.0,2911.7646484375,0.0,-0.0536367725002912,0.27773888776984695,,
2024-01-23,1429.988806399157,1473.596929927399,1396.958384501058,1410.1805419921875,175524.0,0,1,-0.01374871395542876,-0.008454853886941116,-0.07109050584329646,0.09169937203797063,,-0.013844102848686507,,,1370.3518371582031,0.029064583090266816,,,,,,,1416.0806974324626,1381.8152335461405,0,0,0,62.43943363220774,0,0,34.265463886322095,31.453406051434175,2.81205783488792,0,1552.9512195368552,1187.752454779551,1370.3518371582031,0.26650000011284913,0.6090603492606358,68.73927373357121,0.04874501646183686,60.343574382330665,16.76722325902992,33.16743121614752,1,45.263384730148836,51.86387449821574,,,,0,1932235.0,1381.6594007553404,193944.72852785888,0.19682954500920197,,,,,,,,,0.05434661955984194,0.00010477902929638381,1.0,0.0,1.0,1.0,1.0,2892.68994140625,-0.006550909614719602,-0.06686318906552102,0.27856475701277705,,
2024-01-24,1421.8558230932938,1431.7350437853613,1389.1248214743682,1416.51708984375,46721.0,0,1,0.00449343021185844,-0.00931706263023191,-0.06691651585817071,0.08201845475141445,,0.004483364894926685,,,1377.489306640625,0.02833254894610007,,,,,,,1416.1478347265067,1384.3857414200374,0,0,0,63.20123221014633,0,0,31.762093306469296,31.5151435024412,0.24694980402809463,0,1555.2892558706596,1199.6893574105904,1377.489306640625,0.2581507506053128,0.6097519526077915,66.87291291767278,0.047209393657967974,58.462030259237444,16.004096520955777,32.49460347313857,1,42.66407987983787,47.47413349717925,180896.57142857142,,,0,1978956.0,1390.2898745059745,194154.6660807871,0.20840571818689138,,,,,,,,,0.03008098004358934,0.008279281094470651,1.0,0.0,0.0,1.0,1.0,2899.58056640625,0.00238208212410429,-0.06022015982619666,0.278136965656595,,
2024-01-25,1421.955663586707,1457.8800157697592,1399.1537032999468,1447.102783203125,113985.0,0,1,0.021592180975909647,0.012073942643201718,-0.02435486270956999,0.09706103366327845,,0.021362372002820564,,,1386.3207092285156,0.043844165040594726,,,,,,,1420.9101344921403,1389.0314482187846,0,0,0,66.71085879658648,0,0,31.878686273355697,31.587852056624104,0.29083421673159293,0,1559.218578458916,1213.4228399981153,1386.3207092285156,0.24943415773773972,0.6757745027314719,66.29101288568276,0.04580947093401983,56.15600181212886,17.808516534700942,30.438422752407142,1,54.49809390556039,47.47518617184903,180133.57142857142,,,0,2092941.0,1400.3644736922397,196615.85082932617,0.25504211538412835,,,,,,,,,0.04058199123895213,0.0038393986080019257,0.0,0.0,0.0,1.0,1.0,2889.743896484375,-0.003392445802623989,-0.053296237464747764,0.27773125966898116,,
2024-01-26,1421.955663586707,1457.8800157697592,1399.1537032999468,1447.102783203125,113985.0,0,1,0.0,0.02618263414610489,0.0016577882333537186,0.10550797214470387,,0.0,,,1396.2672607421875,0.03640816045053994,,,,,,,1424.9397727553687,1393.333028587995,0,0,0,66.71085879658648,0,0,31.60674416737379,31.591630478774043,0.015113688599747377,0,1558.2455544639904,1234.2889670203847,1396.2672607421875,0.2320161738028622,0.6569207863994644,65.75067714169202,0.045436079527229285,54.0146896826709,16.672375593861087,28.496523875192118,1,54.144005676949185,50.43539315411582,133197.14285714287,,,0,2092941.0,1413.1642907089886,196615.85082932617,0.19899358784285232,,,,,,,,,0.04058199123895213,-0.017377562885170783,0.0,0.0,0.0,1.0,1.0,2889.743896484375,0.0,-0.026068189595779834,0.25879560754118724,,
2024-01-29,1465.314406118386,1482.4782142208396,1421.0076815717864,1443.9593505859375,159191.0,0,1,-0.002172224843787207,0.019373053060175005,0.0152961572107575,0.07212987031114282,,-0.00217458754634073,,,1404.6845336914062,0.027959884196432385,,,,,,,1427.8658616523794,1397.0831265137683,0,0,0,65.96101610355282,0,0,30.782735138611088,31.429851410741456,-0.6471162721303685,0,1557.5008228111228,1251.8682445716895,1404.6845336914062,0.21758093786101118,0.6285033719925085,65.44495253507496,0.04532326516568376,51.48650645729855,18.238533739255185,26.584670113911155,1,50.20575820089785,52.949285927802485,137236.2857142857,,,0,1933750.0,1422.064247490702,196270.05218421883,0.16757157145042242,,,,,,,,,0.04257081934066175,0.012584885556608475,0.0,0.0,1.0,1.0,1.0,3060.565673828125,0.05911311986905465,0.04993316097538991,0.3116834481544179,,
2024-01-30,1441.9634982005118,1457.9298760352578,1383.4367200872612,1397.90625,145203.0,0,1,-0.03189362676120333,-0.033996571476581416,-0.022333101487453377,0.04822649125145184,,-0.03241330803349118,,,1410.61953125,-0.009012551555084609,,,,,,,1423.2566906289364,1397.1440986238595,0,0,0,56.02533784681798,0,0,26.112592005076976,30.36639952960856,-4.2538075245315845,0,1551.685070576871,1269.5539919231287,1410.61953125,0.2000050845770837,0.45493838782078017,66.0912527788551,0.04727874475048315,49.66023500008825,16.770167891197847,28.504872536565315,1,27.294428736341587,43.88139753806288,132890.42857142858,,,0,1788547.0,1428.1499296006361,191639.00189761183,0.2632955959957834,,,,0.4845105660025631,,,,,0.05328909284724686,-0.0013822081519232455,1.0,1.0,1.0,1.0,1.0,3086.98095703125,0.008630849986004385,0.06017529908805441,0.3093846622098889,,
2024-01-31,1398.0059783737352,1421.9057226487246,1371.2124256440811,1401.5985107421875,223759.0,0,1,0.0026412792289809417,-0.03144508668569823,-0.01975081021555003,-0.0620075688724504,0.05919830630040557,0.0026377971810245216,,,1416.112969970703,-0.010249506597496818,,,,,,,1419.9246629540519,1397.474055077069,0,0,0,56.58990946915829,0,0,22.450607876982986,28.783241199083445,-6.33263332210046,0,1545.7810469789947,1286.4448929624114,1416.112969970703,0.18313239092919867,0.4440322569617987,64.99139879498283,0.04636948334125154,48.12563206127922,15.835829856265827,28.26025057846841,1,15.703998501848963,31.06806181302947,139766.85714285713,,,0,2012306.0,1432.031334589683,192230.0118966094,0.2651226011821319,0.41550141606480345,,,0.45879359836546285,,,,,0.03616820124744558,7.134124604934047e-05,1.0,1.0,1.0,1.0,1.0,3137.81298828125,0.01646658400474399,0.07763276471024239,0.26368910361552905,0.0584,0.09536150998345502
2024-02-01,1400.0518224668674,1429.5895984925742,1400.0518224668674,1413.4735107421875,85643.0,0,1,0.008472469048010023,-0.021112671787733683,0.002335139829222177,-0.06892137228574857,0.05148092297907403,0.008436779128262952,,,1421.3294860839844,-0.0055272021151418806,,,,,,,1418.9321779983804,1398.6591999411517,0,0,0,58.438063838286354,0,0,20.272978057228784,27.081188570712513,-6.808210513483729,0,1540.8775739300113,1301.7813982379575,1421.3294860839844,0.1682200911421364,0.46714303221681347,62.45899716860597,0.044188303985838374,46.51563449191749,16.179635281239076,27.305630073293763,1,27.571667326956398,23.523364855048985,126926.71428571429,,,0,2097949.0,1437.1121133285465,192955.6195632881,0.2599708492443794,0.4139234926239389,,,0.41816931026673965,,,,,0.0208972971910857,-0.0011035173507005773,1.0,1.0,1.0,1.0,1.0,3149.297607421875,0.003660071260944031,0.08870901175494739,0.2636521688124596,0.0567,0.09230843734980916
2024-02-02,1476.8899438803726,1476.8899438803726,1404.6920037568177,1411.1783447265625,73926.0,0,1,-0.0016237771689261438,0.00949426667672637,-0.003768923901776855,-0.0704332365039061,0.08198160971393453,-0.0016250969239254838,,,1425.9347900390626,-0.010348611602425275,,,,,,,1417.739280571947,1399.5865439993302,0,0,0,57.92475712636489,0,0,18.152736572616732,25.29549817109336,-7.142761598476628,0,1535.583146885449,1316.2864331926762,1425.9347900390626,0.1537915444834369,0.43271013931757607,63.154635951102314,0.04475312152224069,43.96090217358101,20.208180393318983,25.075943916700997,1,26.074271940727094,23.116645923177487,130813.14285714286,,,0,2024023.0,1439.91117255883,192835.58021229808,0.2584543061317649,0.40292871074251757,,,0.4160150146424805,,,,,0.05116145694366103,0.0448656679139932,1.0,1.0,1.0,1.0,1.0,3153.241943359375,0.001252449412276757,0.08748209306269206,0.263766837807655,0.0565,0.08963402111185365
2024-02-05,1411.1783525917242,1434.978210227523,1405.0412517387708,1410.0806884765625,54743.0,0,1,-0.0007778295734921503,0.006051788489617849,-0.025583597209740017,-0.049315374921649946,0.08114001241992441,-0.0007781322398736023,,,1430.9891479492187,-0.014611193594738694,,,,,,,1416.5610356341954,1400.3638880346807,0,0,0,57.663888421285016,0,0,16.197147599514665,23.475828056777623,-7.278680457262958,0,1526.3259844582792,1335.6523114401582,1430.9891479492187,0.13324606499733388,0.3903442769958644,60.781944703791595,0.04310529546324035,41.58865073512571,19.497241525210544,24.193753494906066,1,34.93280668717634,29.526248651619948,122350.0,,,0,1969280.0,1443.733079723579,192792.9994879564,0.20907621986300345,0.40297909486890826,,,0.40621102655615976,,,,,0.021230670509427247,5.573471089117524e-09,1.0,1.0,1.0,1.0,1.0,3169.220947265625,0.005067484256925159,0.09671343232916185,0.263500369622468,0.0553,0.08786163061761038
2024-02-06,1417.1158304621174,1450.9446186292312,1405.2907559729126,1435.42724609375,43039.0,0,1,0.017975253348495812,0.015531762841480612,-0.00806821550265524,-0.006423802662026024,0.11598583642801619,0.017815608744938736,,,1435.4198181152344,5.174777735291943e-06,,,,,,,1419.46352955105,1402.961173816834,0,0,0,61.92775459884167,0,0,16.502355734216053,22.08113359226531,-5.578777858049257,0,1522.1315387218901,1348.7080975085787,1435.4198181152344,0.12081722644809488,0.5000428314561377,59.70136741468637,0.041591357261158736,39.03616180040605,20.34253976782426,22.872249545896068,1,57.712996304672075,39.57335831085851,112214.85714285714,,,0,2012319.0,1447.6299319280674,193566.63641682232,0.24633259567829777,0.40217475661556096,,,0.40541741102262624,,,,,0.03180506903471221,0.0049891768911150755,1.0,1.0,1.0,1.0,1.0,3199.48046875,0.009547936855107242,0.10718478292918854,0.25959265939132786,0.0852,0.13713484579396515
2024-02-07,1446.9529579562268,1472.8483776851676,1432.9823776725116,1451.742919921875,65288.0,0,1,0.011366423392425551,0.02874517976193336,0.005390435217431211,0.02076904537270874,0.13972345169317202,0.011302310963995366,,,1441.327374267578,0.007226356648911676,,,,,,,1424.4295896081,1406.5746364912816,0,0,0,64.41238714136833,0,0,17.85495311681848,21.235897497175944,-3.380944380357466,0,1513.7506842389114,1368.9040642962448,1441.327374267578,0.10049529519015177,0.5719074125334759,58.28455545739849,0.04014798671140415,36.29324901474977,22.033014817502046,21.75479460738614,1,72.37668946393043,55.00749748525962,98800.14285714286,,,0,2077607.0,1450.8386138544702,194308.727467267,0.25703434853481383,0.4007030995965042,,,0.39632768994965567,,,,,0.027460784871471206,0.008029464324187713,1.0,1.0,1.0,1.0,1.0,3225.5458984375,0.008146769434002277,0.053905141137853496,0.25751322193569265,0.075,0.12131641470043676
2024-02-08,1451.7429887204653,1532.073829158734,1451.7429887204653,1503.4840087890625,186787.0,0,1,0.0356406689897768,0.06623969895893822,0.07552563613551522,0.05150581295134282,0.18340331497870488,0.03502023906832672,,,1441.7888977050782,0.042790668718690764,,,,,,,1436.5918079436328,1413.7531085133396,0,0,0,70.89849736600334,1,0,22.838699430293218,21.5564578837994,1.2822415464938182,1,1515.7339744684475,1367.8438209417088,1441.7888977050782,0.10257406875731818,0.9171684835855539,59.859295013074245,0.039813722436121,34.82131043569936,26.98822213556174,19.66944902358148,1,82.22704779082244,70.77224451980832,104740.71428571429,,,0,2264394.0,1451.61531553222,200965.94110586043,0.20448982980212402,0.4097593753134598,,,0.40479279020671416,,,,,0.05342979371158652,4.739033980968907e-08,1.0,1.0,1.0,1.0,1.0,3164.377685546875,-0.018963677720492456,0.025071981198762305,0.26223796341684175,0.0074,0.011988832263312934
2024-02-09,1526.385803028071,1641.0443862083048,1526.385803028071,1553.4288330078125,415276.0,0,1,0.033219391710708424,0.08220659544757991,0.10832654365851635,0.08643619643786038,0.2445633618623646,0.03267955065682783,,,1443.55517578125,0.07611323700675247,,,,,,,1454.5667348765835,1424.099458475893,0,0,0,75.53392116769018,1,0,30.46727640069048,23.33862158717762,7.12865481351286,0,1526.33529040019,1360.77506116231,1443.55517578125,0.11468922838247517,1.1636476509626843,65.40937232780054,0.0421064492546802,34.84476727783424,34.83391482719854,16.714720830292084,1,67.52958655554126,74.04444127009805,132100.2857142857,,,0,2679670.0,1456.490961420663,214761.15721791657,0.23391224519136844,0.4108600782488019,,,0.4221996527304517,,,,,0.07381000065399014,0.015232482756803034,0.0,1.0,1.0,1.0,0.0,3210.915283203125,0.014706714014830702,0.02329721216493441,0.2625099369500013,0.0474,0.07702801880925426
2024-02-12,1569.544855953736,1586.6088983827317,1468.4577965271153,1508.124267578125,135953.0,0,1,-0.02916423621542219,0.03883700542468227,0.06696323356370382,0.06945474190671397,0.1822733175825173,-0.02959796631033139,,,1443.0562255859375,0.04509044127214611,,,,,,,1462.8063552922054,1430.3235184093917,0,0,0,65.36336712069232,0,0,32.48283688281367,25.16746464630483,7.315372236508843,0,1524.045334735652,1362.067116436223,1443.0562255859375,0.11224664391275505,0.901708591904032,69.17663872264453,0.04586932271419138,33.73969182267788,30.58427062982778,20.656945543810416,1,50.739668365362895,66.83210090390888,139287.42857142858,,,0,2543717.0,1459.3384143995447,210796.19181172128,0.35606499457175195,0.42196296568407893,,,0.43982992743898763,,,,,0.07834308113439056,0.010374484239950039,1.0,1.0,1.0,1.0,0.0,3165.52587890625,-0.014135970679237553,0.00515298123814345,0.2607700618298971,0.0714,0.11963882292544771
2024-02-13,1526.784945893053,1622.5832170079111,1512.065940695718,1578.625732421875,223826.0,0,1,0.0467477822347937,0.04997839896769718,0.11865784953478586,0.11444171322776375,0.2340665722706703,0.045688007199603635,,,1447.8261840820312,0.09034202432440118,,,,,,,1480.6247210044621,1441.3088675955016,0,0,0,71.74028967020622,1,0,39.31585340896049,27.997142398835962,11.318711010124531,0,1547.7911834188692,1347.8611847451932,1447.8261840820312,0.13808977961013882,1.1542267253916891,72.41108948744035,0.04586970046177422,33.13058582011042,30.67974572293527,18.324654511249978,1,76.86758319662681,65.04561270584367,160701.7142857143,,,0,2767543.0,1465.917768223345,221259.5609182062,0.40510576932412495,0.4375286940051547,,,0.4547268484755895,,,,,0.07000853593247924,0.012373435476172583,0.0,0.0,0.0,1.0,0.0,3174.21435546875,0.002744718222143172,0.00665106340905508,0.2606781183940889,0.0693,0.12030002929463923
2024-02-14,1547.840608930638,1655.2144818938843,1537.8118003448828,1545.5953369140625,266803.0,0,1,-0.020923512666386368,-0.005042713207905725,0.09610418009760036,0.068061892254071,0.19653151386572287,-0.02114551148138438,,,1452.8705627441407,0.06382177225394801,,,,,,,1490.6202003751698,1449.0337912487282,0,0,0,65.64264818917886,0,0,41.586409126441595,30.71499574435709,10.871413382084505,0,1561.940238945684,1343.8008865425973,1452.8705627441407,0.1501436934554386,0.9250712819509118,75.62477463469472,0.048929220235412484,32.91790230554105,30.359784506377082,16.292663966511252,1,61.40198897595207,63.00308017931394,190996.0,,,0,2500740.0,1479.857135630893,215677.1049682763,0.4558303214556379,0.44494828139034465,,,0.47077885074480874,,,,,0.07595952106287267,-0.01950121733034692,1.0,0.0,1.0,1.0,0.0,3202.92578125,0.00904520696019917,0.010635053391734983,0.2535699886096935,0.0521,0.09437846277959809
2024-02-15,1556.222944503692,1594.6420425244628,1536.9136299910774,1563.2581787109375,68170.0,0,1,0.01142785655147005,0.03655793644999239,0.0890542749310741,0.08026755034684241,0.19410786571794802,0.011363051850671288,,,1459.9232177734375,0.07078109292288572,,,,,,,1501.7952739652878,1457.4948569866697,0,0,0,67.24587951700977,0,0,44.30041697861816,33.43207999120931,10.868336987408853,0,1578.4733872283819,1341.3730483184931,1459.9232177734375,0.16240603342927576,0.9358279765123956,74.34646305602978,0.047558659259557406,32.70224053495898,28.675947881043232,15.475320260170049,1,67.62125443836094,68.63027553697995,194586.14285714287,,,0,2568910.0,1484.3610189882347,216456.14194939003,0.4546746630054671,0.44469359991839236,,,0.47336474291508684,,,,,0.03692826515770301,0.006876060852285243,1.0,0.0,1.0,0.0,0.0,3189.543701171875,-0.004178079978145011,-0.0031057440966367755,0.2540302660926663,0.0516,0.09331225447155565
2024-02-16,1574.6841188869294,1586.6589030609744,1537.0134436727458,1564.9046630859375,50084.0,0,1,0.0010532389322650548,-0.008691781119573583,0.07794888586069515,0.0837594994976294,0.18636764934516892,0.0010526846652904004,,,1466.6765014648438,0.06697329746742944,,,,,,,1511.50441075308,1465.4511389199488,0,0,0,67.39859901577927,0,0,46.05327183313125,35.956318359593695,10.096953473537553,0,1593.135218640987,1340.2177842887006,1466.6765014648438,0.1724425489190595,0.8883803497874828,72.58210565118684,0.04638116772433756,32.501983176561346,27.274942777753783,14.719251001379499,1,68.20099826019855,65.74141389150385,192414.14285714287,,,0,2618994.0,1488.6677998570553,216508.8923680736,0.4596442067054953,0.4448842600943737,,,0.47617549844214613,,,,,0.03172427085131784,0.00730905510784769,0.0,1.0,1.0,0.0,0.0,3219.30419921875,0.009330644391528642,-0.0019350830573434674,0.2548618251189156,0.0487,0.08780183513325264
2024-02-19,1541.9529917427308,1581.669407935659,1541.9031698970089,1566.700927734375,79619.0,0,1,0.001147842862769144,0.013655314762046178,0.04204695133154668,0.12074821021393611,0.1968744623261085,0.0011471845948276243,,,1473.519598388672,0.06323725144042806,,,,,,,1519.996182596356,1472.951123276573,0,0,0,67.57621809317229,0,0,47.04505931978292,38.17406655163154,8.870992768151382,0,1606.2420297585584,1340.7971670187856,1473.519598388672,0.1801434219334734,0.8510383602226755,70.23811510743421,0.04483185901281516,32.31602991519212,26.17193780131276,14.124001096135041,1,68.83348123308855,68.21857797721601,177104.42857142858,,,0,2698613.0,1494.1442885716765,216600.28246896443,0.428304106199071,0.4433134029011862,,,0.47757547865709277,,,,,0.0253821500547373,-0.01466649814816631,0.0,1.0,0.0,0.0,0.0,3254.457275390625,0.01091946395758625,0.028466763071672396,0.25088960235690133,0.0284,0.05194947771930921
2024-02-20,1572.7880551314877,1584.1641242288676,1550.1856260986272,1573.2371826171875,132431.0,0,1,0.004171986348578072,0.0063834650233389745,0.01275137244042357,0.12245922820231336,0.1681177699937253,0.004163307743173891,,,1481.672430419922,0.06179824252470912,,,,,,,1528.187105676484,1480.3797202647665,0,0,0,68.25399347056414,0,0,47.807385411717405,40.10073032364871,7.706655088068693,0,1617.996189891391,1345.348670948453,1481.672430419922,0.18401335770664687,0.83583563331977,67.6481424662061,0.04299932852697315,32.17708057220361,25.496371252106204,13.617269470507116,1,67.87253297140663,68.30233748823126,136698.0,,,0,2831044.0,1502.2428415289598,217152.78279309298,0.38540017812935945,0.4381645640835255,,,0.4756060219671569,,,,,0.0215978229510918,0.003885315499184231,0.0,1.0,0.0,0.0,0.0,3224.297607421875,-0.009267188171991014,0.004167759980699293,0.24984099101226245,0.0053,0.009529287636758895
2024-02-21,1576.6797561034757,1640.3457342210188,1498.8436668781144,1527.0343017578125,258142.0,0,1,-0.029368032595386118,-0.02419978815415247,0.012538777199079698,0.08034164782896891,0.145053760330639,-0.029807906838766156,,,1487.198291015625,0.026785944404886977,,,,,,,1528.0097512274574,1483.8356151901774,0,0,0,58.88390891474946,0,0,44.17413603728005,40.91541146637498,3.2587245709050734,0,1621.3439882354223,1353.0525937958278,1487.198291015625,0.18040055321498202,0.6484803894862028,72.9234228145417,0.04775493433945621,32.74633268283251,27.46553256025647,11.72989647872153,1,48.834858616582295,61.84695760702582,154153.57142857142,,,0,2572902.0,1508.4306301801591,209571.6601228548,0.3861201439151488,0.44782057413934373,,,0.4977268180927207,,,,,0.09266462919661815,0.002188210095925431,1.0,1.0,0.0,0.0,0.0,3218.904541015625,-0.0016726329461138612,0.016862494306259856,0.23820471898223644,0.0459,0.08905390801410158
2024-02-22,1536.4146229989358,1541.952887209675,1471.800687843743,1520.7974853515625,149996.0,0,1,-0.0040842673927302675,-0.029299428863678534,-0.03663201852258824,0.07767915447018892,0.01776401701668795,-0.004092630792807,,,1490.8830261230469,0.020064927096464708,,,,,,,1526.9001718619352,1486.573531498428,0,0,0,57.73175944495864,0,0,40.32664036350707,40.797657245801396,-0.4710168822943288,0,1624.438679060079,1357.3273731860147,1490.8830261230469,0.17916315444858977,0.6119924861683671,72.72547828249816,0.0478206197623257,32.595794059641115,25.573124914642147,13.577765156101744,1,46.27043170886829,54.32594109895242,143606.42857142858,,,0,2422906.0,1511.4545580038557,208959.03635101483,0.23387329849913216,0.30573784008031435,,,0.44263413795932144,,,,,0.046128560864706486,0.0061428359731836605,1.0,0.0,0.0,0.0,0.0,3258.701416015625,0.012363484065123442,0.026616684031220306,0.2392918539802233,0.162,0.20754590633652245
2024-02-23,1516.8059520488257,1593.544382801424,1515.708287893655,1565.7529296875,68382.0,0,1,0.029560440998194437,-0.004757231148857621,0.013041960137951891,0.11039952712147572,0.03138762632171521,0.029131954842721335,,,1496.8155334472656,0.04605604010633629,,,,,,,1532.8775192197145,1492.4386721050262,0,0,0,63.30517060635559,0,0,40.438847114688315,40.72589521957878,-0.2870481048904665,0,1632.7034005141277,1360.9276663804035,1496.8155334472656,0.1815692903104811,0.7536554503659791,73.09052232716037,0.046680750801308166,33.06208242308508,28.669713012663788,12.544955640608835,1,64.20445802945777,53.103249451636124,115260.57142857143,,,0,2491288.0,1515.5959968619197,210980.43842735337,0.2809101846975501,0.31382247315168493,,,0.4434373557392518,,,,,0.04971160738834052,-0.0026246317088130084,0.0,0.0,0.0,0.0,0.0,3268.937744140625,0.003141229225448905,0.020609894639788573,0.2387518260525425,0.1523,0.20093760260408247
2024-02-26,1577.6777867966723,1609.6105440246886,1557.7697571878518,1603.673095703125,133743.0,0,1,0.02421848638864965,0.050187997648180716,0.025853002109679446,0.11720959739842263,0.056366273511209375,0.023929869472026414,,,1504.801220703125,0.06570427617928282,,,,,,,1543.7691463710084,1500.6782590382188,0,0,0,67.23028401043419,0,0,43.090887332789634,41.19889364222095,1.8919936905686825,1,1646.2676180534181,1363.3348233528318,1504.801220703125,0.1880200459754975,0.8494535693701794,71.57268407785155,0.04463047005628709,33.6664261586054,28.78982631617809,11.895924739243704,1,76.80740756546261,62.427432434596234,124628.14285714286,150475.0,0.8282315524648138,0,2625031.0,1522.7882995432283,214219.49145243055,0.3076309047736831,0.3207277309417217,,,0.4470834682060088,,,,,0.032326280821034364,0.007616052879781183,0.0,0.0,0.0,0.0,0.0,3323.3154296875,0.016634665387661007,0.041940710348779886,0.24163252638375016,0.1824,0.2429250731739541
2024-02-27,1603.673067636175,1683.654546654871,1573.7361082588563,1590.500732421875,242441.0,0,1,-0.008213870592793437,0.04583335239681774,0.016356312265989992,0.09558015444460866,0.07232487108447061,-0.00824779029692242,,,1514.4309448242188,0.05022994799309627,1428.2105053710939,0.11363186759966666,,,,,1550.9586211480648,1507.3317755851563,0,0,1,64.64355621881344,0,0,43.62684556290856,41.684484026358476,1.9423615365500808,0,1651.408670493898,1377.4532191545397,1514.4309448242188,0.18089662805401566,0.7776721077304859,74.31166652914891,0.046722183155485646,34.910932934469166,32.86519824120834,10.639073953427912,1,59.832181257932916,66.94801561761778,152107.7142857143,154578.83333333334,0.9840138588554984,0,2382590.0,1535.8096926551736,212228.1124520431,0.31587498789975577,0.3134038084910724,,,0.45821354485933974,,,,,0.0691093290027226,-1.7501665509787202e-08,0.0,0.0,0.0,0.0,0.0,3297.899169921875,-0.007647862594859056,0.02441365147232699,0.24034128015426914,0.1613,0.21117743762447655
2024-02-28,1633.4603106605214,1635.50592978735,1539.707660201801,1555.77392578125,69985.0,0,1,-0.0218338828349649,-0.006373294098348969,-0.006974529573379851,0.03477916405263448,0.0768779436936704,-0.022075769418890348,,,1522.139715576172,0.02209666422924032,1432.860712890625,0.08578168958423195,,,,,1551.6994372454778,1510.920083007089,0,0,1,58.27747278612897,0,0,40.779354238388805,41.503458068764544,-0.7241038303757392,0,1649.388616536533,1394.890814615811,1522.139715576172,0.16719739936907663,0.6321591383156832,75.84642389032034,0.04875157157055012,35.25818859903818,29.900156742494488,12.883873198225702,1,40.575022253959595,59.071537025785055,150731.42857142858,142160.33333333334,1.0602917497245732,0,2312605.0,1547.8146117385654,210700.06816183808,0.34853319984503534,0.3102640483847874,,,0.46761048265466765,,,,,0.061575957790552846,0.027010096482779543,0.0,0.0,0.0,0.0,0.0,3214.710205078125,-0.02522483573860168,-0.012213117871620938,0.23742677694244535,0.1421,0.18654128684061774
2024-02-29,1559.715495435092,1568.6466390858668,1505.3300223057174,1510.868408203125,103686.0,0,1,-0.028863780806440253,-0.057870078227701405,-0.03964359290714692,-0.027397730684759036,0.06234215546116362,-0.029288532998200358,,,1527.0094604492188,-0.010570368202791188,1436.1926953125,0.051995608343054764,,,,,1545.4177404697311,1510.9162552438324,0,0,1,51.24912730533426,0,0,34.501485225898705,40.103063500191375,-5.60157827429267,0,1643.7708034334164,1410.248117465021,1527.0094604492188,0.1529281199735967,0.43088015333859997,74.95143766816527,0.04960818378438727,34.82834864336482,28.095963039563955,15.382634500253904,1,19.70783092720119,40.038344813031244,146625.0,141252.63333333333,1.0380337452115938,0,2208919.0,1551.1463266246024,207707.29818514152,0.3837343738241696,0.3195403381082485,,,0.4673914828208364,,,,,0.04190743312678819,0.0025335105496530593,0.0,0.0,0.0,0.0,0.0,3281.021728515625,0.020627527586390526,0.01759270638143917,0.23478398077315318,0.0339,0.0463086263198781
2024-03-01,1521.196724247263,1537.1631026244293,1492.4073725986957,1499.1431884765625,61322.0,0,1,-0.007760583028211809,-0.05743948561796719,-0.01826488982542418,-0.0059551320104311856,0.0484699324465363,-0.007790853063129436,,,1531.4077026367188,-0.021068533287774704,1440.09048828125,0.04100624278533501,,,,,1538.2985786246281,1510.0441762240348,0,0,1,49.568152926942034,0,0,28.254402400593335,37.73333128027177,-9.478928879678435,0,1635.7659361966407,1427.0494690767969,1531.4077026367188,0.1362905950913554,0.3454146210627924,72.79460140799158,0.04855747067227504,34.15595314247628,26.86210453093631,15.97510772751204,1,12.906302857195513,24.396385346118777,118507.85714285714,137442.56666666668,0.862235477821576,0,2147597.0,1553.4022043022085,207231.4037126855,0.34678908862398133,0.3206164288035907,,,0.4667664571259723,,,,,0.02985420630247773,0.006836012976419007,0.0,0.0,0.0,0.0,0.0,3314.3271484375,0.010150929398734299,0.029644435305859584,0.23489926586581292,0.0292,0.04002896538759274
2024-03-04,1525.6871770782034,1525.6871770782034,1487.8667961925098,1496.8978271484375,84561.0,0,1,-0.0014977630858642454,-0.03784360803144793,-0.015715214177645875,-0.051771552683392064,0.0468995728850794,-0.001498885854228981,,,1535.7485595703124,-0.025297586756483737,1443.9433740234374,0.03667349708974153,,,,,1531.9292322436756,1509.0703725888054,0,0,1,49.23511057183933,0,0,22.85885965487023,34.75843695519146,-11.899577300321234,0,1624.9843450444544,1446.5127740961705,1535.7485595703124,0.11621145260798325,0.2823141679347196,70.29644279925601,0.046961416821059476,33.43235870619935,25.829807808761263,15.822562904120721,1,11.84643954352947,14.820191109308732,109160.0,134407.13333333333,0.8121592752765603,0,2063036.0,1554.5511065957892,207104.75136838175,0.346679869151716,0.32070993995656744,,,0.4653502290753583,,,,,0.025265839925588434,0.017706106265015967,0.0,0.0,0.0,0.0,1.0,3312.729248046875,-0.00048211909056061764,0.016579558889844304,0.23498241559354632,0.0301,0.04128946944932072
2024-03-05,1512.4651322598477,1512.4651322598477,1422.005594136739,1429.589599609375,72867.0,0,1,-0.044965144793671974,-0.05379608717241946,-0.08696348414644262,-0.07505569830218606,0.01376352675365089,-0.04600744156917869,,,1535.4566772460937,-0.06894826744743836,1446.8103369140624,-0.011902553406839735,,,,,1516.1846733768602,1503.1829079236622,0,0,0,40.459392052347134,0,0,13.001765453198004,30.407102654792773,-17.40533720159477,0,1626.1011831383457,1444.8121713538417,1535.4566772460937,0.11806846423674652,-0.08396852955744254,71.73666389381692,0.05017990052069381,31.45371097545325,23.503290279864853,20.955242618217156,1,2.8985422642234155,9.217094888316142,109800.71428571429,130985.23333333334,0.8382678832681212,0,1990169.0,1553.874959194419,203828.27616270125,0.35395683139882494,0.34660787181114344,,,0.468435694206098,,,,,0.06327657822064878,0.010399711208790786,1.0,0.0,0.0,0.0,1.0,3305.78857421875,-0.0020951527602858233,0.011273029027297321,0.23352605127143167,0.0431,0.06393398884927817
2024-03-06,1400.6007151190674,1438.5208642572918,1393.3659498229588,1417.415283203125,187513.0,0,1,-0.008515951997395965,-0.05451641037470867,-0.11614450164379408,-0.0932941835801393,0.0006340857909974407,-0.008552419903497886,,,1533.7402954101562,-0.07584400863375854,1449.6832885742188,-0.022258658581095825,,,,,1500.9893825809008,1496.8297505369558,0,0,0,39.10181104414807,0,0,4.1596320439450665,25.157608532623232,-20.997976488678166,0,1632.036179395595,1435.4444114247176,1533.7402954101562,0.12817800285954167,-0.09170845965566268,69.83796750385379,0.04927135210933488,29.28561136269317,22.417829688068128,22.916652428203314,1,8.284629035597865,7.676536947783593,117482.14285714286,135678.3,0.8658874916412047,0,1802656.0,1547.472004663778,202231.42445581354,0.250026862002445,0.34734990074788136,,,0.46877297042286764,,,,,0.0318572227698084,-0.02027776677882139,1.0,0.0,0.0,1.0,1.0,3229.64013671875,-0.023034878302220507,-0.02818730119083479,0.2468280981591984,0.0661,0.09306225974281618
2024-03-07,1434.9782362167336,1472.998149823277,1420.9078898349485,1446.903076171875,84224.0,0,1,0.02080391916059532,-0.03339890677228219,-0.09028455839271576,-0.07540496855659407,-0.00013800473163905203,0.020590472904109303,,,1530.9112487792968,-0.05487461972364983,1453.21185546875,-0.004341266053627107,,,,,1492.6684123641276,1493.1314783617645,0,0,0,44.002917843461276,0,0,-0.46306599763693157,20.0334736265712,-20.496539624208133,0,1635.902550181814,1425.9199473767796,1530.9112487792968,0.1371618393766903,0.09992793933780256,68.8197460121608,0.04756348033638836,27.67334741133087,24.702972550101904,21.594592877080416,1,18.44272456210748,9.87529862064293,94879.71428571429,134686.26666666666,0.7044498049718082,0,1886880.0,1547.8840193676806,203983.6137431955,0.3394085341184162,0.34694475663898655,,,0.46749728948796576,,,,,0.036001208958754534,0.012390830846637457,0.0,0.0,0.0,1.0,1.0,3222.250244140625,-0.0022881473679086106,-0.022938519913282218,0.24657239245137752,0.0691,0.09730399560184548
2024-03-08,1434.9782362167336,1472.998149823277,1420.9078898349485,1446.903076171875,84224.0,0,1,0.0,0.012110801986269903,-0.06997857966716103,-0.07646504156714906,-0.00013800473163905203,0.0,,,1525.5849609375,-0.051574895387847514,1457.1864819335938,-0.00705702797082865,,,,,1485.6275914114735,1489.7071522736246,0,0,0,44.002917843461276,0,0,-4.079560862151084,15.210866728826744,-19.290427590977828,0,1636.4124875678924,1414.7574343071076,1525.5849609375,0.14529184472595594,0.1450255313013187,67.62478272474421,0.04673760380941452,26.17624517078016,23.343808676854646,20.406452849135107,1,18.44272456210748,15.056692719937617,96913.85714285714,133694.23333333334,0.7248918276170262,0,1886880.0,1540.382133340954,203983.6137431955,0.3418661619602702,0.34694475663898655,,,0.46621811800713087,,,,,0.036001208958754534,-0.008241630107450833,0.0,0.0,0.0,1.0,1.0,3222.250244140625,0.0,0.0023454801775255607,0.24657239245137752,0.0691,0.09730399560184548
2024-03-11,1458.5786282675829,1460.9236658000614,1403.7440227778573,1450.2960205078125,54070.0,0,1,0.0023449700203239665,0.023197673747656022,-0.04009110744949074,-0.07814534481371338,0.004388399105074381,0.0023422248688202635,,,1522.6935485839845,-0.04754569830777665,1460.6801245117188,-0.007109088314169739,,,,,1480.1919651186026,1486.7878091798607,0,0,0,44.59792156136176,0,0,-6.595844061258049,10.849524570809786,-17.445368632067833,0,1638.351266428514,1407.035830739455,1522.6935485839845,0.1519120087585377,0.18701817126682882,66.87870131741991,0.04611382805422215,24.46045394002793,21.918209985676643,20.993392878109407,0,19.61154220529659,18.832330443170523,89825.85714285714,130190.2,0.6899586692612589,0,1940950.0,1539.2141512934872,204110.40627219444,0.3203253708580957,0.34694624303085503,,,0.4655699393487878,,,,,0.039426187629049,0.00806933946577701,0.0,0.0,0.0,1.0,1.0,3203.075927734375,-0.005950598170057386,-0.0237565634216369,0.1837314662364179,0.1094,0.20665879521751532
2024-03-12,1429.340116999448,1440.0177057176902,1399.0539171220832,1406.6878662109375,59608.0,0,1,-0.030068450633689126,-0.027793990228658805,-0.06167210909291365,-0.07881056464045422,0.006281977930163496,-0.0305297776383203,,,1514.0966552734376,-0.07093918917818536,1463.229755859375,-0.038641839685135224,,,,,1468.883642209731,1480.8544800710515,0,0,0,38.87979340682496,0,0,-11.970837861320433,6.285452084383742,-18.256289945704175,0,1637.5471688814373,1390.6461416654379,1514.0966552734376,0.1630682072746607,0.0649722875857687,65.7618014651563,0.04674939127917031,22.776628561963953,20.698292954933002,20.334374779910398,0,4.589197279317382,14.214488015573826,89581.0,127337.03333333334,0.7034952649281656,0,1881342.0,1532.931761338547,202318.0860668215,0.35346662053294103,0.3454499762487301,,,0.4592875527341801,,,,,0.029120737854906827,-0.014449397372701206,0.0,1.0,1.0,1.0,1.0,3118.338623046875,-0.026454978464227952,-0.059133729596675844,0.19950023642454068,0.2377,0.41177630800096715
2024-03-13,1416.6668531067116,1416.6668531067116,1369.4661978939662,1402.74609375,97278.0,0,1,-0.0028021656798356,-0.030518272542970015,-0.06289790237573845,-0.07762466254622491,0.0008187672853654515,-0.0028060990958582543,,,1506.9541931152344,-0.0691514711205729,1465.4500830078125,-0.042788212293873286,,,,,1458.7086347543877,1475.0686736768994,0,0,0,38.40051829195484,0,0,-16.36003892251165,1.7563538830046639,-18.116392805516313,0,1638.9642601282708,1374.944126102198,1506.9541931152344,0.1752011675154373,0.1053024525964997,64.43600530426981,0.045935615569608367,21.646912632313754,19.61529929917344,22.550278872238845,0,10.592339272695181,11.59769291910306,91397.71428571429,123121.0,0.7423405778519854,0,1784064.0,1520.9228222457605,202045.49699381847,0.3523722669416625,0.3454776592301291,0.3791469142934876,0.9111973385670334,0.4587277065625976,,,,,0.03364875184685964,0.0070939596021778436,1.0,1.0,1.0,1.0,1.0,2902.3271484375,-0.06927133346355885,-0.12388639966617876,0.27861936047580216,0.186,0.23068939326417787
2024-03-14,1402.7460034642395,1455.9340471970231,1372.110565384446,1416.267578125,52139.0,0,1,0.009639295689537475,-0.023463101257698904,-0.009318773365457611,-0.0954718645120689,0.001976738411847201,0.009593134085341728,,,1499.6046630859375,-0.05557270326796908,1467.5925708007812,-0.034972235276290696,,,,,1452.1792414267898,1470.7130369693512,0,0,0,41.083486184393195,0,0,-18.533795542561393,-2.3016760021085476,-16.232119540452846,0,1634.7460985698742,1364.4632276020009,1499.6046630859375,0.18023608329656435,0.19166716091733668,65.82082505486318,0.046474851272104614,20.367906604774014,22.09225822850504,20.498992683732734,0,14.895963015690743,10.025833189234445,88436.57142857143,122004.2,0.7248649753743841,0,1836203.0,1516.9087532050962,202548.08023177527,0.2528356947126845,0.3457384096353729,0.3783311057616706,0.9138513972815403,0.4687892608348224,,,,,0.05918618988902587,-6.436358005859424e-08,1.0,1.0,1.0,1.0,1.0,3083.33544921875,0.062366608422726566,-0.06729200007976066,0.3358677196993277,0.1957,0.20155503773569539
2024-03-15,1437.4729832743494,1437.4729832743494,1390.671512944518,1397.1080322265625,86511.0,0,1,-0.013528196362302403,-0.006810205884678067,-0.0143269592315044,-0.12880746333528448,-0.00997061253992415,-0.013620536150250015,,,1491.2148315429688,-0.06310747273015883,1469.1532861328126,-0.04903862284914573,,,,,1443.7067477036778,1465.2608143958114,0,0,0,38.52310168798756,0,0,-21.554066692133574,-6.152154140113553,-15.401912552020022,0,1630.0702428229765,1352.359420262961,1491.2148315429688,0.1862312637225224,0.16113384257443158,64.4622997173609,0.046139810401510425,19.18025815062997,20.946571776851712,19.435931680761538,0,8.797854675900656,11.428718988095534,74007.71428571429,122423.7,0.6045211367220097,0,1749692.0,1511.504937904817,201377.74243627614,0.26061874065196144,0.3479888497259688,0.37400978175200766,0.9304271350761291,0.46418962996805313,,,,,0.03349881988384542,0.014972739245660982,1.0,1.0,1.0,1.0,1.0,3128.02587890625,0.014494183465773691,-0.03146302792599609,0.3386449515459349,0.1782,0.1832216125351314
2024-03-18,1363.1294844327033,1461.7219146091368,1363.1294844327033,1434.87841796875,311904.0,0,1,0.027034692286460604,0.022906728710147206,-0.008310617622666938,-0.09784485557334954,0.017586035816842926,0.026675710596389294,,,1484.6237060546875,-0.03350700105559619,1471.6709838867187,-0.025000537702250948,,,,,1442.3485431290735,1463.0102665123254,0,0,0,45.70659761749149,0,0,-20.66172338325191,-9.054067988741226,-11.607655394510685,0,1620.8825170458208,1348.3648950635543,1484.6237060546875,0.18356006365173053,0.3174602885343884,66.90016617872324,0.04662427515874745,18.10072939402958,18.741608841239977,20.330619949539997,0,26.341827555105326,16.678548415565583,106533.42857142857,130995.73333333334,0.8132587669885576,1,2061596.0,1497.8505489148345,209809.97109919233,0.28431320728816084,0.35667286816140337,0.37763847109795756,0.9444823434551088,0.4784344306478372,,,,,0.06871134790361082,-0.024320630194722883,1.0,1.0,1.0,1.0,1.0,3107.603271484375,-0.006528912551393651,-0.03557978554419394,0.33879115639598645,0.1621,0.17082052922265126
2024-03-19,1449.198275776116,1454.936192860442,1387.0790864718897,1417.215576171875,175959.0,0,1,-0.012309643504067047,0.0006693636580525908,-0.020517960386500333,-0.08906072232814699,-0.01268728176327616,-0.0123860347120212,,,1476.8226257324218,-0.040361684959278714,1473.0790185546875,-0.03792290955146655,,,,,1438.481932827966,1459.6180672278476,0,0,0,43.16642170531479,0,0,-21.136134399881712,-11.470481270969323,-9.665653128912389,0,1609.5392392423435,1344.1060122225,1476.8226257324218,0.17973263843259663,0.2754348608507455,66.96851905085389,0.04725358666445547,17.098309834329214,17.385159824963154,18.859164128192965,0,26.31706916653693,20.485583799180976,119638.42857142857,135426.4,0.8834202826880768,0,1885637.0,1488.340031539773,207643.9785378602,0.29174733949741727,0.3547272117489091,0.3773847343663876,0.9399617404887363,0.4824044854546707,,,,,0.047880581846161376,0.009979840541219831,1.0,1.0,1.0,1.0,1.0,3048.6318359375,-0.01897650066467682,-0.053881106384842226,0.34156460546778233,0.1648,0.17130644408872756
2024-03-20,1438.4709705638918,1453.9384003549014,1408.633775184925,1419.0618896484375,264115.0,0,1,0.001302775320568772,0.015713786561578402,-0.021536383205711718,-0.06076407320202881,-0.022511582336627645,0.0013019274451150835,,,1471.424005126953,-0.03558601415775991,1474.7884204101563,-0.037786119005613406,,,,,1435.4942338772694,1456.613905925669,0,0,0,43.51977638810493,0,0,-21.119672048399707,-13.4003194264554,-7.7193526219443065,0,1604.3246492718995,1338.5233609820066,1471.424005126953,0.1806422128249565,0.30300277769381073,65.42109805936263,0.046101652462508344,16.167491671750305,16.5252055411507,17.926298445941693,0,32.138850985742124,28.26591590246147,149644.85714285713,142053.96666666667,1.053436666742314,0,2149752.0,1474.6531217013012,207988.06104165222,0.29101888788584146,0.3530342028076994,0.37664260048837644,0.9373188331589019,0.48318610737066475,,,,,0.03192575707970021,0.014997996599381868,1.0,1.0,1.0,1.0,1.0,3047.38330078125,-0.00040953949950017776,-0.04860722332712564,0.34038829473836674,0.1581,0.16413013273390886
2024-03-21,1466.9110841686029,1501.1888800379447,1423.5024908615726,1491.4095458984375,263111.0,0,1,0.05098273498693118,0.03939785226522141,0.06022777456359729,-0.005158708412626001,-0.008030988570573494,0.04972566453527221,,,1469.954608154297,0.014595646440456966,1474.7315405273437,0.01130918062899096,,,,,1444.0965895728339,1459.1913607384668,0,0,1,55.25848337568935,0,0,-15.094771165632892,-13.739209774290899,-1.3555613913419933,0,1601.1962571183733,1338.7129591902205,1469.954608154297,0.1785655805098171,0.5817382969258991,66.61437608294439,0.04466538132744439,15.754444171606725,20.136483691260647,16.34766779725307,0,78.91355947422477,45.78982654216795,178716.7142857143,144598.1,1.235954789763588,0,2412863.0,1472.2217221509331,221402.17942679868,0.3629298097846732,0.36823055299432056,0.3890922742291752,0.946383614847703,0.4829444110523437,,,,,0.05208923959888778,0.03371889194488881,1.0,1.0,1.0,1.0,1.0,3062.41357421875,0.004932189998431369,-0.0179342449901998,0.3368651746960749,0.2193,0.24056757202823656
2024-03-22,1491.8583965666908,1510.6687606823816,1471.900424706267,1497.5963134765625,57877.0,0,1,0.004148268726815729,0.05671736795456961,0.067617525473193,0.0004666225813525493,-0.035941472402790886,0.004139688380969575,,,1466.54677734375,0.021171868918528715,1474.3214013671875,0.015786864443391654,,,,,1452.3273163272536,1462.0361720523997,0,0,1,56.0987645140954,0,0,-9.708855725146122,-12.933138964461945,3.224283239315822,1,1590.660679831683,1342.4328748558169,1466.54677734375,0.16926006644361058,0.6250848434800903,64.62537321817084,0.04315273257327114,15.557366928399293,20.321428850669133,15.647177918842345,0,90.0433560240782,67.03192216134836,173088.0,132684.8,1.3045051128689948,0,2470740.0,1470.3908271341265,221642.2687759006,0.356290656685799,0.35509613411202273,0.3867731689891122,0.9180991924546318,0.4683898768071429,,,,,0.025887040203856272,0.00030095735238363396,1.0,1.0,1.0,1.0,1.0,3103.558349609375,0.013435407855100445,0.06933443091700053,0.33637407538324005,0.1946,0.20598831125876463
2024-03-25,1491.8583965666908,1510.6687606823816,1471.900424706267,1497.5963134765625,57877.0,0,1,0.0,0.05534249379890066,0.057424696157511335,0.04757079506298156,-0.006980826665211826,0.0,,,1461.242938232422,0.024878392423996986,1473.9112622070313,0.01606952323172105,,,,,1459.2917774271473,1464.6702566023375,0,0,1,56.0987645140954,0,0,-5.37847917519025,-11.422207006607607,6.043727831417357,0,1568.621335625756,1353.8645408390878,1461.242938232422,0.14696857666011834,0.6692769501437789,62.7784419865954,0.04191946883259865,15.374366631135247,19.42504745846438,14.956978463379084,0,91.1396832503795,86.69886624956082,173907.7142857143,130082.26666666666,1.3369056270471478,0,2470740.0,1464.4372879025357,221642.2687759006,0.36063523294680705,0.34475302404166813,0.3848425603531296,0.8958287350685031,0.4508805966754731,,,,,0.025887040203856272,-0.0038314176245209668,1.0,1.0,1.0,1.0,1.0,3103.558349609375,0.0,0.00655877400421967,0.3340327372406488,0.1727,0.17886148374164137
2024-03-26,1509.7208280479383,1509.7208280479383,1481.879432528582,1492.1578369140625,45627.0,0,1,-0.0036314703191776543,0.0005017340928807901,0.06803325333118271,0.05273158445281578,-0.05477415813763298,-0.003638080114553025,,,1456.3257934570313,0.024604414491604228,1474.0898876953124,0.012257019988786894,,,,,1464.3480942712881,1466.7063736624652,0,0,1,55.04483083688656,0,0,-2.3582793911771205,-9.60942148352151,7.25114209234439,0,1546.393204964125,1366.2583819499375,1456.3257934570313,0.12369129477998385,0.698917915245122,60.282938667506905,0.04039984053709646,15.204437783675775,18.784235455661243,14.463563384445779,0,87.4535620352418,89.54553376989985,168067.14285714287,124142.3,1.353826559175582,0,2425113.0,1448.890444950782,221476.57567964747,0.3399049241859103,0.3161107398644932,0.38505963332537746,0.8209397000006435,0.43504784677354164,,,,,0.018658478902563894,0.008095983184700568,1.0,1.0,1.0,1.0,1.0,3105.805419921875,0.0007240303095261691,-0.007103668525960116,0.33391647734354796,0.176,0.16677604142804858
2024-03-27,1506.8268893246743,1605.419319947727,1505.2302759239103,1592.4964599609375,205703.0,0,1,0.06724397417258876,0.06336830935705962,0.10984766375907684,0.10062414420616506,0.030345021058693078,0.0650796005145218,,,1458.1619201660155,0.0921259415275552,1477.0456616210938,0.07816332381568597,,,,,1484.0632274543111,1476.0241578327225,0,0,1,67.26439909673172,0,0,8.039069621588624,-6.079723262499484,14.118792884088109,0,1557.75873959479,1358.565100737241,1458.1619201660155,0.13660598051749315,1.1743917153448342,64.06712040794673,0.04023062029884716,16.716042876675502,27.081692846807368,12.637170077325349,0,94.66636313516001,91.08653614026043,152895.57142857142,122105.63333333333,1.2521582113348149,0,2630816.0,1455.3120439831412,235308.8628988715,0.47365784155438256,0.36538286227764244,0.4056160302030849,0.9008097192182015,0.4306376229092741,,,,,0.06291319732432826,0.009830764579804063,0.0,1.0,1.0,1.0,1.0,3117.939453125,0.003906887767434641,0.003326094336259189,0.33296945501902364,0.1871,0.20718422127442013
2024-03-28,1586.6588815576104,1591.6483748958417,1547.840599023409,1562.4598388671875,57525.0,0,1,-0.018861342457544117,0.043311755515776484,0.10248565224469264,0.07986489530525098,-0.0005106896958045892,-0.01904148634415579,,,1460.7414916992188,0.06963473533543844,1479.8507568359375,0.05582257646566744,,,,,1496.1242445947537,1482.4268008723125,0,0,1,61.84503089400504,0,0,13.697443722441221,-2.124289865511343,15.821733587952565,0,1568.4298811137942,1353.0531022846435,1460.7414916992188,0.1474434594026709,0.9722809381816298,62.68060187434544,0.04011661632198498,18.119676177318105,25.703553662301918,11.99408696714692,0,82.2693836952662,88.12976962188934,135976.42857142858,121750.8,1.1168421773937303,0,2573291.0,1454.8370522644566,234223.86417400127,0.4911157482032084,0.36849977843389237,0.40767485740450526,0.9039060705876635,0.42859011215198595,,,,,0.028037697214793208,-0.0036656774756474706,1.0,1.0,1.0,1.0,1.0,3192.839599609375,0.02402232230946799,0.047302452848501764,0.34034592695410426,0.1518,0.16582525340146798
2024-03-29,1586.6588815576104,1591.6483748958417,1547.840599023409,1562.4598388671875,57525.0,0,1,0.0,0.047114320089969075,0.10105122987572845,0.07733856866000477,-0.001562283170611134,0.0,,,1463.90732421875,0.06732155309150623,1482.503173828125,0.05393355403927946,,,,,1506.3297206366665,1488.3551740571181,0,0,1,61.84503089400505,0,0,17.97454657954836,1.8954774235005976,16.079069156047762,0,1579.7622522825914,1348.0523961549088,1463.90732421875,0.15828177938199753,0.9253272445783685,61.332542874208826,0.039253836385757,19.42304995648624,24.39218328557596,11.382160283730384,0,82.2693836952662,86.4017101752308,106463.57142857143,121998.83333333333,0.8726605699390959,0,2573291.0,1456.1564042667565,234223.86417400127,0.4925826064553593,0.3684858542928172,0.40760418223799466,0.9040286394256456,0.42777066675824527,,,,,0.028037697214793208,0.015487785406354902,1.0,1.0,1.0,1.0,1.0,3192.839599609375,0.0,0.047731540299126296,0.33925722794072266,0.1518,0.1663176297868007
2024-04-01,1601.4775848103625,1606.467077937985,1556.7717994751397,1574.833740234375,90872.0,0,1,0.00791950043090961,-0.011091214436354746,0.05593647604399776,0.11953318007665503,0.005191043393177219,0.007888305776521273,,,1467.8041198730468,0.0729181904534955,1485.4030688476562,0.06020633272024758,,,,,1516.8688005747754,1494.760993773952,0,0,1,63.259311616703854,0,0,22.107806800823482,5.937943298965175,16.16986350185831,0,1593.1825590950662,1342.4256806510275,1467.8041198730468,0.17083810778901962,0.9268262590659659,60.50130970196858,0.03841758539727785,20.857798118611818,24.71058721157525,10.714359362684117,0,87.00022579827007,83.84633106293417,81858.0,122373.93333333333,0.6689169643426242,0,2664163.0,1459.1960755904033,234943.52501715889,0.4233530731146057,0.36919378247738477,0.4071404530589297,0.9067971008617693,0.42896955157433075,,,,,0.031555888849225125,0.024971999262050525,1.0,1.0,1.0,1.0,1.0,3247.76611328125,0.0172030294533414,0.06052498611647672,0.34150453498680244,0.1588,0.17317583935335157
2024-04-02,1571.69040226294,1654.1168078855246,1570.4430289278105,1592.5465087890625,167061.0,0,1,0.011247389551135356,0.019255963688441735,0.06340172879571249,0.1353063222807942,0.012273626879166777,0.011184607979208184,,,1475.9519653320312,0.0789961639644567,1489.0503881835937,0.06950478064863726,,,,,1528.511524915435,1502.0043652565528,0,0,1,65.24523873628992,0,0,26.5071596588823,10.0517865709486,16.4553730879337,0,1611.6306827216463,1340.2732479424162,1475.9519653320312,0.18385248378878324,0.9296714536378552,62.15648607737898,0.039029620632330175,22.82107728436894,27.81030369529409,9.684112971031059,0,78.84089988324021,82.70350312559218,97455.71428571429,123528.26666666666,0.7889345241821653,0,2831224.0,1469.2760499170706,236822.5251629611,0.4229219791789751,0.37041210405649333,0.4040625474822797,0.9167197166986576,0.4367542453480015,,,,,0.052540869918667465,-0.0019959808398358897,1.0,1.0,1.0,1.0,1.0,3264.393798828125,0.005119729982672849,0.051822917793375334,0.34059908314241066,0.1645,0.18050067429984776
2024-04-03,1596.6377539692808,1632.113097790803,1577.5279714887022,1625.1278076171875,66438.0,0,1,0.02045861684309558,0.04010853091458366,0.08515745731542945,0.1474722945848257,0.06423791904769716,0.020252150601413808,,,1486.3375915527345,0.0933773167369486,1493.2226025390626,0.08833592851717788,,,,,1543.3755684080124,1511.1246202462294,0,0,1,68.60664061023407,0,0,32.25094816178307,14.491618889115495,17.75932927266758,0,1634.385277541323,1338.289905564146,1486.3375915527345,0.19921138620187526,0.9687348374872641,61.615674664859114,0.037914356259279025,24.644122224000554,26.050513850578326,9.071318380643886,0,90.03771026024191,85.29294531391741,98678.71428571429,117138.13333333333,0.8424132387777589,0,2897662.0,1477.552335310784,238181.7547487827,0.42271606717999194,0.36327493394697885,0.40474613198882486,0.897537753262603,0.41182928620386816,,,,,0.033588205214539577,0.0025689957295684626,1.0,1.0,1.0,1.0,1.0,3229.140869140625,-0.010799227011200507,0.040464043328541255,0.3421602218348032,0.1475,0.15803969151136182
2024-04-04,1649.5264687112997,1706.40669177031,1620.737117016999,1681.1099853515625,215858.0,0,1,0.034447861560167325,0.06748410476738376,0.12663013507222054,0.2032784484621335,0.1054134436334504,0.03386781728151149,,,1498.0479370117187,0.1222003941375955,1497.9027465820313,0.1223091680601962,,,,,1564.56547870702,1523.7161287725503,0,0,1,73.37214050122284,1,0,40.84934993446973,19.76316509818634,21.086184836283387,0,1668.3415644652944,1327.754309558143,1498.0479370117187,0.22735404287966196,1.0374894265780703,63.333810385462826,0.037673805365101155,27.10778111857988,31.91245047160338,8.194855822976544,1,92.63082258943317,87.16981091097176,122997.42857142857,119333.53333333334,1.0307029812639579,0,3113520.0,1495.3545621448259,245617.60124943728,0.42554196644613673,0.3741709429791032,0.3394804001466972,1.1021871743329377,0.41360951554781245,,,,,0.05096012485786014,0.015013379858342498,1.0,1.0,1.0,1.0,1.0,3206.521240234375,-0.0070048442675311184,0.03242824539698086,0.3408442613069159,0.1347,0.1492733179689876
2024-04-05,1701.417152286132,1724.3688206160914,1684.5526411939677,1707.7537841796875,241820.0,0,1,0.01584893258637865,0.07234154528913961,0.07237524673780249,0.1901731622650138,0.0906917380129244,0.015724649701840634,,,1511.0904724121094,0.13014661620733417,1503.1157666015624,0.13614255277276283,,,,,1586.5944487797383,1537.3485476915976,0,0,1,75.29433882271196,1,0,49.24590108814073,25.65971229617722,23.586188791963508,0,1703.4214419857294,1318.7595028384894,1511.0904724121094,0.2545591717835501,1.0112627264438028,61.89988359111041,0.03624637472013787,29.546046001344916,32.3921622515914,7.785785219774291,1,95.07395726746299,92.58083003904603,128157.0,125114.8,1.0243152688570816,0,3355340.0,1516.2415981460197,249450.19012747536,0.2637923539555158,0.36810897612786986,0.33946122866764655,1.084391809847219,0.4063600338824546,,,,,0.023314941410742786,0.012079618294767776,1.0,0.0,1.0,1.0,1.0,3220.502685546875,0.004360315826717587,0.03289455551135845,0.34096992964920403,0.1347,0.14677881228546208
2024-04-08,1689.4423446827132,1689.4423446827132,1650.4245334417544,1661.251708984375,95652.0,0,1,-0.027229964662411565,0.02222834487101255,0.06322842204303525,0.1721940803612112,0.035904208554427886,-0.0276075707347844,,,1521.6382568359375,0.09175206493476762,1507.4616137695311,0.10201924467600813,,,,,1598.0801811189133,1546.5265596392105,0,0,1,66.29877639784294,0,0,51.55362147970277,30.83849413288233,20.715127346820438,0,1722.8637262309467,1320.4127874409282,1521.6382568359375,0.2644852920738641,0.8469080046581325,61.57340981588346,0.037064467403032535,30.710475283802502,30.23791789140626,11.227040545311128,1,80.00946915933137,89.23808300540918,133603.7142857143,123845.1,1.0787969349268909,0,3259688.0,1523.2206495630724,246845.58954758637,0.30514275066131424,0.3727918611163204,0.3448155578283468,1.0811341096792986,0.40439539380483863,,,,,0.023486995396268223,-0.010722529012442018,1.0,1.0,1.0,1.0,1.0,3220.2529296875,-7.755182459434629e-05,0.00858587762488261,0.33718809246673853,0.1078,0.12023216729389423
2024-04-09,1696.4276784797758,1732.302085660932,1658.507530372581,1715.9366455078125,152026.0,0,1,0.03291791137230482,0.02071646736960342,0.09822768100836332,0.20920493885782787,0.0788656745193288,0.032387720738173954,,,1537.1006958007813,0.11634628114839496,1513.8222216796876,0.13351265487691505,,,,,1616.2119448710516,1559.0754548887367,0,0,1,70.7277417898341,1,0,57.13648998231497,36.09809330276886,21.03839667954611,0,1748.4084317010752,1325.7929599004874,1537.1006958007813,0.27494325710419276,0.9231647008688205,62.44634877820258,0.036391989728573146,32.23408844421864,32.588027150198464,10.279376235461296,1,94.70030387709772,89.92791010129736,147103.85714285713,120831.26666666666,1.2174320538132553,0,3411714.0,1535.4009385660354,251849.96794187237,0.3271796754941548,0.38234684592827944,0.3466076762121597,1.103111304708219,0.394293680461151,,,,,0.043005407852055325,0.021174376709539085,0.0,1.0,1.0,1.0,1.0,3194.1875,-0.00809421814268152,0.00042216351575885547,0.33726898902772473,0.0855,0.09772565366037138
2024-04-10,1716.3856732432537,1756.3016191326317,1678.7649429680348,1738.439208984375,133905.0,0,1,0.01311386614154575,0.017968295599138262,0.10388745463737115,0.16563502879896408,0.11741119977402725,0.01302862382772144,,,1553.8853515625,0.11876928837529609,1520.5590356445311,0.14328951933621525,,,,,1635.0161393500246,1572.361658895821,0,0,1,72.33867860508758,1,0,62.65448045420362,41.409370733055816,21.245109721147806,0,1773.4272674077115,1334.3434357172887,1553.8853515625,0.28257157534106664,0.9203157668351475,63.524229305802166,0.036540955230130866,33.869877808419695,32.445433683777516,9.383173012743864,1,93.71929144521174,89.47635482721363,153251.42857142858,122961.93333333333,1.246332295019992,0,3545619.0,1549.2797152668581,253605.98018755607,0.32499876679719913,0.3762029249687976,0.34202076467547204,1.0999417691079647,0.3880800651457666,,,,,0.04460131580321126,0.00026168083572123525,0.0,1.0,0.0,1.0,1.0,3237.6796875,0.013616040855460199,-0.003105650292982376,0.3316106987017292,0.054,0.06179330255277011
2024-04-11,1716.3856732432537,1756.3016191326317,1678.7649429680348,1738.439208984375,133905.0,0,1,0.0,0.0464634585972461,0.09160969515813133,0.16081963700131774,0.15062251586284736,0.0,,,1569.9939331054688,0.10729039923467676,1527.058349609375,0.13842356412187634,,,,,1650.9273808322323,1584.6636996431212,0,0,1,72.33867860508758,1,0,66.26368118911114,46.38023282426688,19.883448364844256,0,1794.2472426972186,1345.7406235137191,1569.9939331054688,0.2856741097695501,0.8755692082885167,64.52511836714464,0.03711669527106518,35.38882507517781,29.660570153971648,8.57779446327746,1,93.71929144521174,94.04629558917374,148514.85714285713,123969.23333333334,1.1979977059592242,0,3545619.0,1559.85709371898,253605.98018755607,0.3359839101337561,0.36323879771398077,0.33984465582032847,1.068837751287225,0.3894094826843722,,,,,0.04460131580321126,-0.012685825093651312,1.0,1.0,1.0,1.0,1.0,3237.6796875,0.0,-0.008183483052110585,0.32604634814819156,0.1065,0.11986170822327362
2024-04-12,1746.3225964467229,1756.3015827121328,1686.4486788542638,1694.4818115234375,55722.0,0,1,-0.025285553405470007,-0.012503278626598502,0.04267603051352564,0.13146767007580262,0.13030017716011444,-0.025610726168294205,,,1584.8626220703125,0.0691663668046692,1532.7244189453124,0.10553586188013657,,,,,1657.6280624770332,1592.7983745972185,0,0,1,64.31942783208603,0,0,64.82968787981463,50.070123835376435,14.759564044438193,0,1800.1037287479821,1369.6215153926428,1584.8626220703125,0.2716211533798423,0.7546427844224087,64.90567447362496,0.03830414350406688,36.79927610859607,27.38047350147492,7.918393772731228,1,77.4727370355113,88.30377330864492,146984.0,123782.56666666667,1.1874370031105619,0,3489897.0,1567.4353844857005,252197.01858069646,0.3985311962190885,0.3721169349136939,0.3449498063960874,1.078756758269961,0.3924091396005721,,,,,0.04122375547664758,0.004534750149217734,1.0,1.0,1.0,1.0,1.0,3205.6220703125,-0.009901417151075065,-0.007283299113049924,0.3256737254042128,0.1335,0.15392133048066778
2024-04-15,1632.113238369183,1695.429861028144,1627.921990815734,1681.3095703125,161804.0,0,1,-0.007773610269144693,-0.032862603637001,0.0001187221316134579,0.12676389100339613,0.12319594552112045,-0.00780398227995854,,,1597.1841796875,0.05267106429858303,1538.1489965820313,0.09307328096861248,,,,,1661.2713713747971,1599.3547594650172,0,0,1,62.097896222039786,0,0,61.91661190977993,52.439421450257136,9.477190459522795,0,1804.3362078779148,1390.0321514970854,1597.1841796875,0.25939654402405293,0.7030522977734778,65.09154559782388,0.038714789201922825,36.28912958182031,25.35212422539486,13.754256892137272,1,70.13117950391134,80.44106932821147,139262.0,126357.33333333333,1.1021283555630592,0,3328093.0,1590.5140478673543,250939.21734470778,0.3516935915694883,0.3733852934215645,0.3455934538512913,1.0804177256847927,0.39633044901233666,,,,,0.040151957381567994,-0.036806870826297994,1.0,1.0,1.0,1.0,1.0,3143.25537109375,-0.019455412350798507,-0.019730375818748924,0.3300717946722062,0.1469,0.167677753602737
2024-04-16,1676.469725256064,1805.0988850863876,1676.2701942523868,1744.1771240234375,381202.0,0,1,0.03739201561747629,0.003300612992049645,0.02132821498108739,0.09524709654062313,0.22005442995669622,0.03670988637332558,,,1613.5322570800781,0.08096823994072502,1544.323994140625,0.12941139983648664,,,,,1674.026102551511,1610.0823420249003,0,0,1,67.81208674943917,0,0,63.94376052661073,54.740289265527856,9.203471261082875,0,1812.3206174116103,1414.743896748546,1613.5322570800781,0.2464014703880401,0.8286029089567278,69.64419882897937,0.03992954492392684,37.06610543110293,33.250250457924885,11.936914561299538,1,76.31883427535703,74.6409169382599,159173.7142857143,136635.16666666666,1.164954222027133,1,3709295.0,1620.709850552502,265193.128482121,0.40893881510903185,0.3538143958135644,0.3507479604261282,1.008742560851133,0.4026968043617987,,,,,0.07386216059113365,-0.0028786162536006774,0.0,1.0,1.0,1.0,1.0,3102.26025390625,-0.013042248353252628,-0.03671552027305525,0.331752764993737,0.1258,0.1360054312777205
2024-04-17,1676.469725256064,1805.0988850863876,1676.2701942523868,1744.1771240234375,381202.0,0,1,0.0,0.029327734391743743,0.04991742948439759,0.11630205182617592,0.2305335949827525,0.0,,,1629.788018798828,0.07018649290900758,1550.1726782226563,0.12515021618315206,,,,,1684.8185673933458,1620.0152888396067,0,0,1,67.81208674943917,0,0,64.80327855373912,56.75288712317011,8.050391430569007,0,1814.2754850022109,1445.3005525954452,1629.788018798828,0.2263944317609503,0.8100186358961224,73.87166254362376,0.04235330318587019,37.787583005436794,29.108331419941283,10.449956328043696,1,76.31883427535703,74.25628268487515,199966.57142857142,143091.46666666667,1.3974737703569424,1,3709295.0,1652.894273004036,265193.128482121,0.3516459387537657,0.351486011604591,0.3508169465394547,1.001907162900014,0.4191578187821203,,,,,0.07386216059113365,-0.03881910720809546,1.0,1.0,1.0,1.0,1.0,3102.26025390625,0.0,-0.03664081001013175,0.32566471636067784,0.1031,0.11284559852263686
2024-04-18,1776.259574432965,1794.2217499047597,1738.88831919078,1756.4013671875,101047.0,0,1,0.007008601933652159,0.0446626833040884,0.023581710773309172,0.12412576854514468,0.21390395535993756,0.0069841558386227725,,,1643.0376098632812,0.0689964469733909,1555.231025390625,0.12935077715952026,,,,,1695.8313058232156,1630.117961309821,0,0,1,68.87043651243391,0,0,65.71334451339453,58.544978601215,7.168365912179532,0,1823.7033521637359,1462.3718675628265,1643.0376098632812,0.21991674592949584,0.8137389409877445,72.54750312722061,0.041304626882288226,38.45752646731824,27.522509549151337,9.880642716255606,1,80.38976788254071,77.67581214441827,192683.85714285713,143652.23333333334,1.3413216952621259,0,3810342.0,1673.4244123480873,265901.3266817107,0.3043425086029611,0.34908980235384984,0.3489168278980257,1.0004957469574232,0.4180178635735021,,,,,0.03150386451963667,0.018394032330569944,1.0,1.0,1.0,1.0,1.0,3015.2763671875,-0.028038874755663468,-0.056011468585516644,0.33487796927656355,0.1016,0.10737508791052251
2024-04-19,1741.3331172020023,1756.4013622201885,1706.4066649945123,1729.9072265625,119063.0,0,1,-0.015084331588414046,-0.008181449730300328,-0.004907840537524133,0.09846975103863742,0.19559302558080094,-0.01519925730109325,,,1654.6531555175782,0.04548026926004455,1558.7605932617187,0.10979661279648831,,,,,1701.073755167721,1637.5097587359455,0,0,1,63.96170827178033,0,0,63.56399643177542,59.54878216732709,4.015214264448332,0,1825.5549532282464,1483.75135780691,1654.6531555175782,0.20657114409842572,0.7201675817720911,70.9365887747754,0.04100600753933698,38.193294794144485,26.136986735970524,12.6539300756553,1,67.9566239024207,74.88840868677282,190563.57142857142,144813.53333333333,1.3159237748168893,0,3691279.0,1679.332947809132,264105.3409097994,0.31354765840826165,0.35427535673399363,0.35090225579390444,1.0096126510570804,0.41633889157307824,,,,,0.028900218727347993,-0.00857904706008414,1.0,1.0,1.0,1.0,1.0,3022.916015625,0.0025336478342865565,-0.06633258771834571,0.3350895195902214,0.094,0.10073514761777976
2024-04-22,1768.176606100643,1828.1502893751356,1742.4307727321773,1802.6539306640625,87017.0,0,1,0.04205237308946197,0.033526873982690386,0.03693814621059022,0.13193173368278033,0.24295585533832886,0.0411922041500963,,,1669.9060363769531,0.07949422985207041,1564.6511865234374,0.15211233416788128,,,,,1716.7014744748506,1649.7426603602503,0,0,1,70.23493705941196,1,0,66.95881411460027,61.03078855678173,5.928025557818543,0,1836.177619232653,1503.6344535212534,1669.9060363769531,0.1991388488138464,0.8991899638145496,72.88705120605113,0.04043319128880215,38.72647624608111,30.651912824277698,11.435645045521195,1,89.8267804215958,79.39105740218575,183865.2857142857,145911.76666666666,1.2601128059419864,0,3778296.0,1686.2749455462288,267764.6122589251,0.4022795055792971,0.3684429428316648,0.35933761942569514,1.0253391877547418,0.41892212164795545,,,,,0.04755184297153525,0.02212221496651482,1.0,1.0,1.0,0.0,1.0,3059.267822265625,0.012025410713605078,-0.05510485361575013,0.3372490462892346,0.1215,0.13459007578318508
2024-04-23,1823.3603169970704,1842.1208598532723,1795.0699153702087,1813.4312744140625,106462.0,0,1,0.005978598313670647,0.03246974654653312,0.07019813495884186,0.1158699432218635,0.28914972395314065,0.0059607974091749295,,,1685.969708251953,0.07560133823179072,1569.3472973632813,0.15553216133922412,,,,,1731.5829821578063,1661.8677428827548,0,0,1,71.03924058578451,1,0,69.71523927505154,62.767678700435695,6.947560574615849,0,1841.6778542508869,1530.2615622530193,1685.969708251953,0.1847104906296034,0.9092963966155702,71.04161501155203,0.039175245300931666,39.35295103605841,30.60652252655896,10.894656398959853,1,87.04078941314695,81.6080645790545,191113.85714285713,147473.56666666668,1.295919407542575,0,3884758.0,1693.7953521631373,268401.10579259513,0.34066155654761765,0.3506797229416109,0.35138422728292346,0.997995059861508,0.4183308111680907,,,,,0.025945810655695376,0.011486612033947128,0.0,1.0,1.0,0.0,0.0,3061.01513671875,0.0005711544574187322,-0.04511041240106417,0.3287280534825639,0.0579,0.06276892503805254
2024-04-24,1831.144014636627,1865.0226249284983,1815.2275799651688,1835.884033203125,107805.0,0,1,0.012381367359133755,0.06126155496281238,0.09193694345170167,0.09206658053321548,0.30877857467077696,0.012305345093484367,,,1698.1390869140625,0.08111523216827839,1575.1530712890626,0.16552738058701003,,,,,1747.6292977032401,1674.7578384620415,0,0,1,72.6946433641351,1,0,72.87145924119864,64.78843480858829,8.083024432610344,0,1860.968709273125,1535.3094645550002,1698.1390869140625,0.19177418812609032,0.9229726271345007,69.65231040461516,0.0379393845934215,40.146125425424586,31.33580268938878,10.31825255028022,1,87.7104539030819,88.19267457927488,183399.7142857143,147824.46666666667,1.2406587246431078,0,3992563.0,1708.0571845221557,269735.87910074653,0.31789035923565656,0.34919060627483894,0.3517428778235936,0.9927439282792396,0.4168221454047642,,,,,0.027123197360374926,0.0097675277097488,0.0,0.0,0.0,0.0,0.0,3039.494140625,-0.0070306728756720505,-0.03301075420819033,0.25712878450145427,-0.0067,-0.00918861378025162
2024-04-25,1821.214899282853,1836.08349105858,1806.196476539698,1819.6181640625,57557.0,0,1,-0.008859965469739106,0.009410698920002014,0.04325308421947227,0.06550381027938768,0.2847982910626936,-0.008899448348099527,,,1710.997003173828,0.06348413275253215,1580.2802709960938,0.15145281344020387,,,,,1758.704507912357,1685.4882329509644,0,0,1,69.5912240675673,0,0,73.21627496139263,66.47400283914916,6.742272122243463,0,1869.264495418667,1552.7295109289892,1710.997003173828,0.18500031496403474,0.8431568901105594,66.81193212706279,0.03671755615908874,40.631332196998,30.334555542442583,10.954076293385084,1,80.85013098513937,85.20045810045609,137164.7142857143,148005.06666666668,0.9267568832263914,0,3935006.0,1713.0592146257811,269225.92606820475,0.2888552641047288,0.35299624032524657,0.35270684327763424,1.0008205030696966,0.40485036828594295,,,,,0.016424882488618262,-0.007990229042233342,1.0,1.0,0.0,0.0,0.0,3111.0986328125,0.023558029354442622,0.002849012714236654,0.19448738671332735,-0.0641,-0.11809665056144285
2024-04-26,1826.1045431365249,1844.0667184164597,1741.931818340256,1758.2474365234375,81814.0,0,1,-0.033727255943656664,-0.03043061993537932,0.008067020433992989,0.05838713484205349,0.25849067929366165,-0.03430914087748616,,,1720.7863830566407,0.021769729139914824,1584.1471264648437,0.1099016039293731,,,,,1758.6341892371388,1690.8778035859625,0,0,1,59.30415109378766,0,0,67.75638565117629,66.73047940155459,1.0259062496216984,0,1863.8605418427314,1577.71222427055,1720.7863830566407,0.166289273549396,0.6309148129355929,69.33500126628714,0.03943415461670312,39.486865505982976,27.142788095987274,16.42201377636781,1,54.96629994069148,74.50896160963758,94395.0,147848.5,0.6384576103240818,0,3853192.0,1717.8159355393855,266466.56435043045,0.37847976486704005,0.3689207318947867,0.36127247227815623,1.021170335974953,0.4128201368438376,,,,,0.05808903681847749,0.003564692418514492,1.0,1.0,1.0,1.0,1.0,3076.294677734375,-0.011187030430681477,-0.008369889708376377,0.1925150898390786,0.0327,0.0635806761876928
2024-04-29,1765.9314089895454,1876.049503064649,1735.4455558392235,1821.41455078125,170017.0,0,1,0.03592618020971616,-0.007881479527129809,0.03701499259127461,0.06146958021414739,0.2693859827926677,0.03529588667473391,,,1733.1154235839845,0.0509482092165956,1589.2413989257811,0.14609055113490127,,,,,1768.2927063977713,1700.547192267095,0,0,1,65.03348510876062,0,0,67.74551413067638,66.93348634737896,0.8120277832974239,0,1865.3172391778241,1600.9136079901448,1733.1154235839845,0.15255973583162027,0.8339558038618196,74.42564026336844,0.04086145036638992,38.82972156869582,26.549574061921184,14.205995642432075,1,77.98109859393965,71.26584317325684,104247.85714285714,143118.93333333332,0.7284001823857721,0,4023209.0,1727.234627286575,272574.62573114573,0.4312572286856722,0.3735972686973269,0.36689815846901275,1.0182587731055073,0.4171731544447035,,,,,0.07719491818329706,0.0043702452262926765,1.0,0.0,0.0,0.0,0.0,3077.093994140625,0.0002598308972268093,0.020501479607584194,0.19166653775239573,0.0485,0.09586984866837973
2024-04-30,1833.4890798650235,1846.1125222855744,1773.3158637134013,1835.085693359375,127951.0,0,1,0.0075057831136031705,0.008500425859863991,0.060800062096899365,0.055593824549932114,0.29485289620950517,0.007477754885356593,,,1745.2423828125,0.051478987349648474,1594.478369140625,0.15090033761224989,,,,,1778.5685505457104,1710.5130071628193,0,0,1,66.14440548704657,0,0,68.05554338289107,67.15789775448138,0.8976456284096912,0,1867.255603432496,1623.229162192504,1745.2423828125,0.1398238110896307,0.8681703920704114,74.30928442828306,0.0404936318217651,38.219516484072024,24.69177863963199,13.211936995313394,1,83.49082319248012,72.1460739090371,105517.57142857143,141518.66666666666,0.7456088579261966,0,4151160.0,1737.9585781148955,273534.99818631436,0.40700412914674683,0.36860350003594494,0.3658777994246971,1.007449756764509,0.4147599003941833,,,,,0.039669351047530034,0.006629204251494793,0.0,0.0,0.0,0.0,0.0,3050.629150390625,-0.00860059647199407,0.009167682668780763,0.18510814205933815,0.0025,0.005014800364393911
2024-05-01,1833.4890798650235,1846.1125222855744,1773.3158637134013,1835.085693359375,127951.0,0,1,0.0,0.043701617440073726,0.0179911197283249,0.055593824549932114,0.29316818860804195,0.0,,,1755.7402770996093,0.04519200094380709,1600.6393969726562,0.14647040228432157,,,,,1787.2634955939666,1719.7406135477493,0,0,1,66.14440548704655,0,0,67.52288204621732,67.23089461282858,0.29198743338874067,0,1870.1306678583553,1641.3498863408633,1755.7402770996093,0.13030445590473427,0.8468185383993854,74.20123972427521,0.040434754623605455,37.65289747692136,22.961465829064185,12.286091021677766,1,83.49082319248012,81.65424832629998,111365.28571428571,136979.86666666667,0.8130047752585955,0,4151160.0,1744.0968532837096,273534.99818631436,0.3367220206333667,0.3688471342426288,0.36565982991000273,1.0087165832063385,0.41700525710088904,,,,,0.039669351047530034,-0.0008700484670166219,0.0,0.0,0.0,0.0,0.0,3050.629150390625,0.0,-0.0028237710383272052,0.18510239088149733,0.0021,0.004257988026268469
2024-05-02,1821.16512337483,1844.6157427717117,1817.1735285838715,1834.88623046875,26815.0,0,1,-0.00010869404701197016,0.007396273232648687,0.01183113821703552,0.08285979701315349,0.23030339688713686,-0.00010869995463798448,0.4111111111111111,,1763.4290893554687,0.04052169806238072,1606.921171875,0.1418644937808331,,,,,1794.5900701900873,1728.2699185048602,0,0,1,66.10886552562192,0,0,66.32015168522707,67.04874602730828,-0.7285943420812089,0,1877.3695742129526,1649.4886044979849,1763.4290893554687,0.1292260466216183,0.8135722179989822,70.86130932881557,0.038618911708064294,37.12675125599574,22.326308153441737,11.946234451809433,1,83.41043593964503,83.4640274415351,99987.14285714286,129103.33333333333,0.7744737511849128,0,4124345.0,1750.580511181314,273532.08355544374,0.336106520150302,0.34823093516346637,0.3599347440404691,0.9674835256368393,0.40745510506114585,,,,,0.014955812372535815,-0.007585787429393256,0.0,0.0,0.0,0.0,0.0,3035.54931640625,-0.004943188188719749,-0.008319403588378904,0.18507554980935517,-0.0211,-0.04012796107884377
2024-05-03,1845.9628724908457,1876.0495424411608,1796.2176470181323,1813.7806396484373,52073.0,0,1,-0.011502397516450324,-0.01160984132132592,-0.012039645835430712,0.07879040937792037,0.2111278742653122,-0.011569061783056556,0.26666666666666666,,1768.7304321289062,0.025470363771209103,1611.8817260742187,0.1252566551926541,,,,,1797.542465491372,1734.604045996977,0,0,1,62.294737357334256,0,0,62.93841949439502,66.22668072072564,-3.2882612263306186,0,1881.625368131939,1655.8354961258733,1768.7304321289062,0.1276564635880082,0.6995227116224277,71.50206547840222,0.039421561745339485,37.08907065144746,23.68593767717922,10.993524171868636,1,68.83116130007348,78.57747347739955,92025.42857142857,128909.86666666667,0.7138742049077332,0,4072272.0,1756.200319521474,272933.11920956965,0.3349313689846249,0.3522691687201458,0.3559196371998473,0.9897435597866386,0.41194765056093685,,,,,0.04401408509824112,0.006036691451581721,0.0,0.0,0.0,1.0,0.0,2989.260986328125,-0.01524874915652008,-0.01652681399364231,0.18534554306557569,0.0195,0.03757654832655586
2024-05-06,1826.1046736182277,1826.1046736182277,1779.5527968091362,1794.770751953125,28713.0,0,1,-0.010480808582782664,-0.02196896937954329,-0.013655289115107716,0.02900716173422735,0.19843427484586496,-0.010536119062194404,0.25555555555555554,,1775.4063842773437,0.010907005769083855,1615.7036791992186,0.11082915454067437,,,,,1797.1160480239496,1739.0608390307657,0,0,1,58.993286118516664,0,0,58.055208993183896,64.59238637521729,-6.537177382033391,0,1876.739676793586,1674.0730917611013,1775.4063842773437,0.11415222274024751,0.5955479053080084,69.71990914488003,0.038846136237181646,36.57446228035921,22.556290220274615,12.176539234890791,1,59.31571945502872,70.51910556491575,87904.85714285714,127937.73333333334,0.687090937540896,0,4043559.0,1759.9743882169134,272632.18375273224,0.33654280528700725,0.35523966917618405,0.3506634046680245,1.013050305356192,0.411914290167507,,,,,0.02593750581149837,0.006794666179797347,1.0,0.0,1.0,1.0,1.0,2870.819091796875,-0.03962246691505478,-0.07723301938466898,0.2161598184252185,0.0895,0.14894731386894952
2024-05-07,1794.770756937358,1811.186141838971,1746.5722009662034,1773.2659912109375,32250.0,0,1,-0.011981898367123156,-0.033582593969365915,0.008541775392657991,0.01667770250328604,0.18839036149033395,-0.012054259911339663,0.4,,1778.2728515625,-0.002815574869268838,1619.358984375,0.09504193222192707,1523.784744873047,0.1637247302660691,,,1793.4468085142555,1741.5945540070747,0,0,1,55.41542140050957,0,0,51.85225450718076,62.04436000160998,-10.19210549442922,0,1875.6907474404256,1680.8549556845742,1778.2728515625,0.10956462141603115,0.4743021530775182,69.35519712544344,0.03911155882377341,35.216824637130095,21.05526891153291,14.76289953480863,1,39.411808631607286,55.85289646223651,80824.28571428571,127491.83333333333,0.6339565727552671,0,4011309.0,1763.7432234762853,272245.7675303925,0.26575396268511486,0.3580571214770526,0.3403865185118992,1.0519133455766865,0.4154777567302158,,,,,0.03643781654473831,2.7770862075221133e-09,1.0,1.0,1.0,1.0,1.0,2832.170654296875,-0.01346251235768725,-0.07935651457723558,0.21821902212251776,0.1131,0.18782760705213014
2024-05-08,1773.315835453942,1821.1650267462203,1772.3179368091496,1791.8267822265625,60415.0,0,1,0.010467008958396695,-0.012103920916329836,-0.016244390131832764,0.020169316479062394,0.1251684554893857,0.010412609093439025,0.2222222222222222,,1780.9422302246094,0.006111681680197108,1624.0800415039062,0.10328723735027372,1528.4703771972656,0.17230062744965313,,,1793.1975737007642,1745.3154598011108,0,0,1,57.79464590677704,0,0,47.882113899653405,59.21191078121867,-11.329796881565265,0,1876.675575769366,1685.2088846798526,1780.9422302246094,0.10750864786072595,0.5568482796669026,67.89033232627396,0.03788889249769555,34.13264702693118,21.023074002060728,14.004192012797684,1,50.3529051839587,49.693477756864915,65166.857142857145,122648.9,0.5313285087991588,0,4071724.0,1766.7210920337347,272878.13187661406,0.1472412939016614,0.31135790645863454,0.337376637718871,0.9228792739291055,0.4028410764137149,,,,,0.027261055823918554,2.8108723255083613e-05,1.0,1.0,1.0,0.0,1.0,2856.738037109375,0.008674400596315524,-0.07161170814113893,0.21995658924973344,0.0844,0.12009455199836921
2024-05-09,1805.8971219219743,1831.09406260764,1776.3095246668754,1799.01171875,192089.0,0,1,0.004009838782803143,0.0023629573817491867,-0.019657923736158933,0.03994693537688576,0.15139709450344463,0.004001820805987121,0.2111111111111111,,1783.9708557128906,0.0084311147735084,1629.8429077148437,0.10379454991299933,1533.0178015136719,0.17350999901872693,,,1794.0920575544928,1749.2929604639914,0,0,1,58.71313458649122,0,0,44.79909709050139,56.32934804307522,-11.53025095257383,0,1877.8573460113996,1690.0843654143816,1783.9708557128906,0.10525563239763927,0.5801013169694993,66.95420415588043,0.037217214017039285,33.30364607742769,20.853623627992206,13.1857080544313,1,45.20936030835176,44.99135804130592,74329.42857142857,127134.36666666667,0.5846525256724072,0,4263813.0,1771.7868898518623,273648.3777985639,0.13873887207561433,0.3036512986417672,0.33688421806326585,0.9013521036617465,0.4033812680938668,,,,,0.030452574249394113,0.007852511099274729,1.0,1.0,1.0,0.0,1.0,2762.962890625,-0.03282595228061669,-0.09429735493374869,0.2213792490750033,0.1713,0.23625553205785169
2024-05-10,1821.1649763976775,1827.1523681009028,1776.409247778828,1812.0341796875,82424.0,0,1,0.007238674880088336,0.021862590648393576,-0.012561546174814309,0.00520357727230647,0.15973168372843327,0.00721260142232558,0.2777777777777778,,1789.8484741210937,0.012395298198245886,1636.1007275390625,0.10753216424093119,1538.0956079101563,0.17810243418453675,,,1796.852384036494,1753.9404581842514,0,0,1,60.39544528080651,0,0,42.911925852242575,53.6458636049087,-10.733937752666122,0,1874.4005822491026,1705.2963659930847,1789.8484741210937,0.09447962701929652,0.6311954607495885,65.79626959632287,0.0363107221342094,32.53385948146017,19.7048633938866,12.45934906082578,1,54.471160953000464,50.01114214843699,67825.57142857143,127964.33333333333,0.5300349688212974,0,4346237.0,1774.2258639663833,274245.0183368803,0.15112781263842018,0.3034008035192011,0.33702009946272604,0.9002454275067854,0.4034350091455939,,,,,0.028003401310468513,0.012314126371044514,0.0,1.0,0.0,0.0,1.0,2793.522216796875,0.011060346223094708,-0.08427997010414334,0.22570432586911188,0.1754,0.23708772045916346
2024-05-13,1826.0547589102337,1826.0547589102337,1776.459123055131,1794.321533203125,33328.0,0,1,-0.009775006830958222,0.0013922947247515527,-0.022107472709772424,-0.01053789105799563,0.13937204122645008,-0.00982309584715257,0.17777777777777778,,1795.499072265625,-0.0006558282767666287,1642.0492016601563,0.09273311140069203,1542.9962878417969,0.16288130265877637,,,1796.4630223698218,1756.9316489263902,0,0,1,56.99374117028661,0,0,39.531373443431676,50.8229655726133,-11.291592129181623,0,1862.8688446955596,1728.1292998356905,1795.499072265625,0.07504294874953618,0.49126062757800837,64.63908147195,0.036024246644668995,31.819057642347467,18.624938185435305,11.776514327962106,1,41.87361879758412,47.18471335297878,68756.0,126046.2,0.5454825294217517,0,4312909.0,1781.8518516711172,273919.23690921813,0.15764519840562094,0.3062342813604247,0.337948974483964,0.9061553799002748,0.4025734867480003,,,,,0.027640328077971232,0.0077374805508092686,1.0,1.0,0.0,1.0,1.0,2875.7626953125,0.029439708057852565,-0.052638453353450854,0.23829133755937498,0.0987,0.12754761162213565
2024-05-14,1813.9801940634,1818.121375962758,1788.433891462922,1810.487548828125,59522.0,0,1,0.009009542228555434,0.0063789634934110495,-0.0018155948676078504,-0.013833381583851945,0.13685065951686393,0.00896919844127839,0.37777777777777777,,1798.8145935058594,0.006489248733253373,1649.6671606445314,0.09748656699983074,1548.2387487792969,0.16938524517332823,,,1798.6206418249453,1760.898752622815,0,0,1,59.249681348265646,0,0,37.72188920213034,48.202750298516705,-10.480861096386363,0,1861.9428973812835,1735.6862896304353,1798.8145935058594,0.07018878332801168,0.5924542131315671,62.14253883108473,0.0343236488266974,31.1553130774571,17.98938600619061,11.374655848190312,1,53.37117019402316,49.905316648202586,69820.14285714286,122461.56666666667,0.5701392261883214,0,4372431.0,1790.0402576570998,274455.5028817462,0.15996295154522738,0.30587168123462083,0.33820794683704836,0.9043893973963674,0.393348308644893,,,,,0.016397508239729058,0.010956041320632975,1.0,0.0,0.0,1.0,1.0,3033.501953125,0.05485127756529273,0.014799967951683923,0.29220845552797686,0.1005,0.1057593000330361
2024-05-15,1837.63032165348,1847.11035861015,1791.228035497147,1804.1009521484373,46814.0,0,1,-0.0035275562562259166,-0.0043780783099968135,0.005198547048506752,-0.008527729729526756,0.11012865799993032,-0.003533792753512524,0.4222222222222222,,1801.8107849121093,0.0012710364792492353,1657.4008740234376,0.08851212788905839,1553.5420812988282,0.16128231984558222,,,1799.463766490098,1764.0989155506388,0,0,1,57.95623837823433,0,0,35.364850939459075,45.63517042670519,-10.270319487246113,0,1859.471803981896,1744.1497658423225,1801.8107849121093,0.06400341207037391,0.51985888623956,61.695380565507456,0.03419729948705847,31.141590375772697,20.18173535457623,10.638733427440625,1,48.82891158952941,48.024566860378904,72406.0,121807.43333333333,0.5944300607817311,0,4325617.0,1801.5027835343292,274290.36386316724,0.1459750696698774,0.3028290589660771,0.33176556242110466,0.9127802679583152,0.39252584323179357,,,,,0.030975164137270004,0.0149919687892489,1.0,0.0,0.0,1.0,0.0,3045.685791015625,0.00401642658514656,0.0609117794006655,0.291609157698756,0.1112,0.11618718407075385
2024-05-16,1823.8094800914223,1827.451834502829,1793.2238623064625,1815.47705078125,56189.0,0,1,0.006305688503331908,0.011790260099236116,0.023804133040123965,0.03254923799062781,0.07992758748713746,0.0062858908312970856,0.5666666666666667,,1804.7645690917968,0.005935667107452116,1664.772353515625,0.09052570878376895,1558.9921044921875,0.16451972113906738,,,1801.9273486887366,1767.904703345499,0,0,1,59.64611560211505,0,0,34.02264534323763,43.312665410011675,-9.290020066774048,0,1858.5536740459545,1750.9754641376392,1804.7645690917968,0.05960789110706634,0.5995785456793062,59.73342282485452,0.03290232878413394,31.12884786706575,19.355708359586092,10.203296095161008,1,56.919790737230606,53.03995750692773,75825.85714285714,116485.13333333333,0.6509487946918875,0,4381806.0,1804.199237677873,274644.67419448093,0.11707312361447486,0.2890164536844356,0.33152914500496805,0.8717678612542636,0.38356417557715755,,,,,0.018853431488785367,0.010924293299393734,0.0,0.0,1.0,1.0,1.0,3037.596435546875,-0.0026560045992309878,0.07253298135065944,0.2912049078226928,0.1335,0.13315570198607196
2024-05-17,1831.8924811867491,1831.8924811867491,1801.2070971222022,1816.7742919921875,34174.0,0,1,0.0007145456398798267,0.00347240342422217,0.013922947247515083,-0.0025476126711913016,0.06383853973707776,0.0007142904736887821,0.5111111111111111,,1809.1079223632812,0.0042376519024313,1672.1697778320313,0.08647717240030257,1564.6781298828125,0.161116946223474,,,1804.2114938123445,1771.5246728748834,0,0,1,59.844319708008484,0,0,32.68682093746111,41.187496515501564,-8.500675578040457,0,1849.9061149617464,1768.309729764816,1809.1079223632812,0.045103105341741646,0.5939547703051273,57.65856291340398,0.031736778293014245,31.210604924525867,19.17004311517091,9.815431441606139,1,54.219595665363656,53.32276599737457,72077.14285714286,109563.6,0.6578566499927243,0,4415980.0,1810.0229384260283,274669.0930771782,0.1065238057417368,0.28633840316838605,0.32702907886934174,0.8755747475373196,0.38253445656096735,,,,,0.01689003647827867,0.009041937709119001,0.0,0.0,1.0,1.0,1.0,3056.421630859375,0.006197398407570498,0.0698991616158311,0.2915823079903178,0.1248,0.12324546590616474
2024-05-20,1831.8924811867491,1831.8924811867491,1801.2070971222022,1816.7742919921875,34174.0,0,1,0.0,0.007024739845438166,0.009873517252310782,-0.009978499333001656,0.09361771137192276,0.0,0.4666666666666667,,1809.8139404296876,0.003845893440762964,1679.4993432617186,0.08173563704042312,1570.0897338867187,0.15711494240192705,,,1806.144231993859,1774.8764965132023,0,0,1,59.844319708008484,0,0,31.26773548065671,39.20354430853259,-7.935808827875881,0,1850.6305764882813,1768.9973043710938,1809.8139404296876,0.0451058919889887,0.5852636600491534,55.73190728134277,0.03067629673481885,31.2865221921674,18.41612754710602,9.429412144380658,1,54.219595665363656,55.11966068931931,49517.857142857145,107514.33333333333,0.4605698199265569,0,4415980.0,1811.2570926774392,274669.0930771782,0.10603120199514761,0.2723162169593952,0.32398766797315487,0.8405141425998933,0.3815010482651996,,,,,0.01689003647827867,0.008321446016270825,0.0,1.0,1.0,1.0,1.0,3056.421630859375,0.0,0.1062116111765774,0.2915858657321535,0.1355,0.1273974361666426
2024-05-21,1824.8073670110005,1824.8073670110005,1778.2553712296858,1792.2259521484375,40586.0,0,1,-0.013512047122172466,-0.01280715645664976,-0.010931486702131954,-0.023355716501978097,0.04445927933315286,-0.013604165577989769,0.3111111111111111,,1808.7536743164062,-0.009137630182957407,1687.2101049804687,0.06224230571994142,1575.2199304199219,0.13776236418660992,,,1804.0029581714864,1776.1616413750714,0,0,1,54.02112051435968,0,0,27.841316796414958,36.93109880610907,-9.089782009694112,0,1850.2703377887772,1767.2370108440352,1808.7536743164062,0.04590637637605532,0.3009507413936601,55.07619931705505,0.03073061142264582,30.391937203322737,17.304281592239793,11.83674528063191,1,35.26003133997322,47.89974089023352,43541.0,103799.66666666667,0.41947148192511857,0,4375394.0,1810.4870526959335,274120.6931326777,0.1291707416360714,0.26157384694723224,0.32490159144956776,0.805086382557269,0.3765961155135817,,,,,0.02597440112141567,0.004421614206134691,1.0,1.0,1.0,0.0,1.0,3113.34521484375,0.018624257664466848,0.11448736513489854,0.29663539038068104,0.1276,0.11315137734654485
2024-05-22,1788.334129003901,1818.869803035773,1757.299505651855,1778.953857421875,64209.0,0,1,-0.007405369122488459,-0.020817354548120837,-0.008564616484213139,-0.03048274716879107,0.023305185610240198,-0.0074329249936260664,0.3333333333333333,,1805.9071655273438,-0.014925079550032187,1694.7342602539063,0.04969486906776219,1580.0921716308594,0.12585448454299006,,,1800.1492503638538,1776.3684721933532,0,0,1,51.12463752180705,0,0,23.780778170500525,34.301034678987364,-10.520256508486838,0,1847.3982650442338,1764.4160660104537,1805.9071655273438,0.0459504234867734,0.1751916866592471,55.54006346468811,0.031220631852238598,28.787005156500463,15.934061228279779,13.594542838355881,1,25.009516017854487,38.16304767439713,47952.57142857143,101476.46666666666,0.4725486903883603,0,4311185.0,1807.1681219351563,273645.20178669185,0.1234252144186653,0.2604232946818942,0.32163846229847165,0.8096770915420822,0.3731501028836957,,,,,0.03461039595099328,-0.0021715025049555076,1.0,1.0,1.0,1.0,1.0,3136.764404296875,0.00752219488589545,0.09075912606064773,0.29460105077317494,0.1016,0.09040288797398623
2024-05-23,1796.217522508558,1814.129754076944,1771.2700569181611,1785.4901123046875,47481.0,0,1,0.0036742127152669113,-0.017219629221632893,-0.01380701929688366,-0.015597546211119195,0.0270650265348078,0.0036674792840606265,0.2777777777777778,,1804.2007629394532,-0.010370603437880032,1702.1187109375,0.04898095581198787,1584.8556408691406,0.12659479277590113,,,1797.8939983547511,1777.0441492386371,0,0,1,52.476068729844116,0,0,20.849849116114,31.610797566412693,-10.760948450298692,0,1846.1225127182438,1762.2790131606625,1804.2007629394532,0.046471269317601406,0.2768383865953049,54.63432301426631,0.030599062205808034,27.29671111302264,15.041204084016867,12.832779435898775,1,38.70959270639412,32.99304668807395,46232.42857142857,98595.66666666667,0.4689093358203224,0,4358666.0,1806.041554028869,273819.6570806254,0.10818532356351043,0.2605462138852239,0.3148627534209007,0.827491378559255,0.367146208839509,,,,,0.02400444385741242,0.009704391721380627,1.0,1.0,1.0,1.0,1.0,3382.7861328125,0.07843168845534398,0.11514223003142643,0.37373107524066784,0.0988,0.06932166969463674
2024-05-24,1785.490132630266,1826.1045583482571,1777.2574688917164,1799.7601318359375,66060.0,0,1,0.007992214256975272,0.0042038112875602,-0.0024060850404908907,0.0027799538617301334,0.062130097588860345,0.007960445667933587,0.4111111111111111,,1806.2763977050781,-0.0036075685190924893,1710.1717529296875,0.052385603231240696,1589.66251953125,0.13216491533475916,,,1798.1810958133951,1778.726814616215,0,0,1,55.37703480325786,0,0,19.45428119718008,29.179494292566172,-9.725213095386092,0,1842.31629679,1770.2364986201562,1806.2763977050781,0.039905187412858346,0.40959650228506256,54.220949188714485,0.030126764244634993,26.28799410561522,15.650827950581572,12.006999608227252,1,52.90322810379908,38.8741122760159,48981.857142857145,98940.26666666666,0.49506493961532155,0,4424726.0,1807.2592901564071,274347.6227544412,0.12233578701661912,0.24877608578152152,0.3142574989265686,0.791631342549608,0.36336378159887606,,,,,0.0271408887176047,1.1383753093358092e-08,1.0,1.0,0.0,1.0,1.0,3380.43896484375,-0.0006938564474954223,0.1099106069364093,0.3721915994216764,0.0728,0.04901186059883597
2024-05-27,1811.8347339255577,1963.7648055422983,1807.1944807745024,1845.8131103515625,483218.0,0,1,0.025588397976482824,0.03758346662604417,0.016709690468000193,0.040911583203083746,0.0978425049995324,0.025266494694856312,0.5888888888888889,,1807.4963256835938,0.02119881746010041,1718.3904467773436,0.07415233471134942,1595.0307153320311,0.15722731393754194,,,1805.5090980500363,1783.6961698558705,0,0,1,63.187003598967465,0,0,21.812928194165806,27.706181072886103,-5.893252878720297,0,1847.1630332715413,1767.8296180956463,1807.4963256835938,0.043891328601119634,0.9829841824282267,62.06264379711779,0.03362347111365843,27.918105728543868,28.540127147724487,9.740621256498564,1,42.870935090146126,44.82791863344645,109986.0,109654.06666666667,1.0030270955143175,1,4907944.0,1825.4016938102293,286712.3972478413,0.1962301007919838,0.2558050003236602,0.317375888128378,0.8060001086792943,0.3846386815085159,,,,,0.08482458158397996,0.006709006314804207,1.0,1.0,0.0,1.0,1.0,3284.6669921875,-0.02833122374113828,0.0813375186214107,0.3774955374750205,-0.012,-0.008163397573987135
2024-05-28,1855.2930034932556,2030.723623744192,1851.101878155025,1902.8428955078125,1539395.0,0,1,0.030896836107848324,0.06572580962190133,0.04737440632828771,0.061956944935993796,0.09096884100759639,0.030429138057240717,0.7,,1810.8841857910156,0.05078111037599471,1728.1029931640626,0.10111660186631044,1600.591005859375,0.1888376784212624,,,1820.4835284281558,1792.5218532374959,0,0,1,70.1534812861201,1,0,27.96167519065989,27.757279896440863,0.2043952942190259,1,1868.1446613262356,1753.6237102557957,1810.8841857910156,0.06324035074634868,1.3029859065721052,70.83749162536863,0.03722718874616509,30.079435801948897,29.97047570676425,7.924448940343237,1,53.229901908948115,49.66802170096445,325017.5714285714,148260.5,2.192206092847194,1,6447339.0,1876.6287115526086,334274.8322680825,0.2572296161236639,0.2491989812230389,0.3048695848212288,0.8173953507666751,0.3966377851915246,,,,,0.09439651902593432,0.005135890025121501,1.0,0.0,1.0,1.0,1.0,3239.72705078125,-0.013681734408126811,0.0599738655397275,0.3777175660555328,-0.0051,-0.003392998172092795
2024-05-29,1945.9024123277509,1948.4969245147608,1878.3447208919445,1907.7327880859373,214716.0,0,1,0.0025697826077333286,0.059992803674263406,0.050065930861455055,0.060433774945879426,0.09377239376079682,0.0025664863622896377,0.7111111111111111,,1814.5165405273438,0.051372498115394724,1737.8764111328126,0.09773789198416359,1606.3324157714844,0.18763262781427292,,,1833.90649145243,1801.0559965596026,0,0,1,70.66606484971521,1,0,32.85049489282733,28.775922895718157,4.074571997109171,0,1885.7525139311704,1743.2805671235171,1814.5165405273438,0.07851785510108789,1.1542779097729448,70.78854248232918,0.037106109893593954,32.08638515582499,27.8489712526678,7.363505100556148,1,55.018293003428454,50.37304333417424,350809.28571428574,142710.96666666667,2.458180292014132,0,6662055.0,1881.315438102845,334826.60571048455,0.25490915843139134,0.24905022092513376,0.3036440340840153,0.8202045585266596,0.38050580121180333,,,,,0.036772552246796236,0.022629044637154382,0.0,0.0,0.0,1.0,1.0,3254.457275390625,0.004546748654588928,0.06479330028676977,0.37776806739693275,-0.0057,-0.0038104742042172524
2024-05-30,1910.9759180913356,1944.9044722506596,1891.017945056439,1911.07568359375,89684.0,0,1,0.001752287075364789,0.035357086194797605,0.0663140332851675,0.05465763561001391,0.08806319517612748,0.0017507536114854945,0.7777777777777778,,1818.3260131835937,0.0510082733996456,1746.2697338867188,0.09437599845484253,1610.5006372070313,0.18663454049169648,,,1845.7786748587869,1809.2056030065764,0,0,1,71.03232760676053,1,0,36.57307185221043,30.335352687016613,6.23771916519382,0,1901.3259253716146,1735.3261009955727,1818.3260131835937,0.09129266323666745,1.0587335454045366,69.58125567603571,0.036409471520871,33.94998098442423,26.308445172601267,6.956176889212504,1,56.240897479996185,54.82969746412426,357823.28571428574,142332.2,2.5140009478830914,0,6751739.0,1882.665257143327,334983.75782455155,0.2166058546646807,0.24878221710873444,0.30194954682165615,0.8239198227897175,0.37974144566527734,,,,,0.028196961353664358,0.0016999917523314474,0.0,1.0,0.0,0.0,1.0,3189.993408203125,-0.019807870170845177,0.024619240100305362,0.3728268955625944,0.0079,0.005305337451166378
2024-05-31,1915.4664823487,1984.4212555531683,1883.0847194815065,1921.4039306640625,423521.0,0,1,0.0054044155126762305,0.00975437078913255,0.08007519287129305,0.07082476307023788,0.11069767277756615,0.005389864063666483,0.8555555555555555,,1823.707177734375,0.05357041641468894,1754.7458862304688,0.09497560059343245,1614.533643798828,0.19006744643809398,,,1857.41332959806,1817.5165902404642,0,0,1,72.18776603401322,1,0,39.896739357595834,32.24763002113246,7.6491093364633755,0,1918.5732204343462,1728.8411350344036,1823.707177734375,0.10403648552595507,1.0149195125523935,71.849489990009,0.037394266163063836,36.02725087510608,27.58658490132645,6.255391648175436,1,60.018269842892344,57.092486775439006,409153.5714285714,152480.8,2.683312072264649,1,7175260.0,1888.9217027660866,337272.64128689567,0.18695282726047474,0.24291585058236212,0.30179799156282744,0.8048955174434704,0.3872995860615173,,,,,0.0527408810060249,0.002297553567681448,0.0,0.0,1.0,0.0,1.0,3406.803955078125,0.06796582911973048,0.08608856642575335,0.4188200863928886,0.0178,0.010388465531046224
2024-06-03,1945.9022886255188,1945.9022886255188,1845.8130093619804,1856.141357421875,128633.0,0,1,-0.033966087089054686,-0.02704332125875175,0.03956966472695367,0.02521630630561389,0.029671489268108697,-0.034556338852769285,0.6222222222222222,,1826.7757080078125,0.016075125854441763,1761.916787109375,0.053478445180765936,1617.914024658203,0.14724350560840174,,,1857.2176415709546,1820.377684105754,0,0,1,56.77689730112523,0,0,36.83995746520054,33.166095509946075,3.6738619552544662,0,1921.670974916129,1731.880441099496,1826.7757080078125,0.10389372542270593,0.6547266284757611,73.8666177952611,0.039795793299848475,36.727875963935,24.916597252808337,9.254110790225043,1,36.14964636610456,50.80293789633104,420746.71428571426,153868.0,2.7344653487776163,0,7046627.0,1889.3878907535232,332903.4816063693,0.3333269511649322,0.239969347409605,0.3123332911842274,0.7683117816219626,0.3891810471855934,,,,,0.05392330646764933,0.012750238286953746,1.0,1.0,1.0,1.0,1.0,3640.392333984375,0.06856525411685843,0.07615208028469045,0.4580750857072925,-0.1864,-0.09763916905341845
2024-06-04,1883.9827358168116,1883.9827358168116,1692.6856104663425,1761.9896240234375,113438.0,1,0,-0.05072444133738363,-0.07801159360154608,-0.020986412102578456,-0.023342002050855792,-0.028367025051581507,-0.052056155120646604,0.14444444444444443,0.03333333333333333,1826.2118896484376,-0.035166929965264576,1767.3134228515626,-0.0030123682416982422,1620.7016552734376,0.08717703735926796,,,1842.567177332875,1816.052642618175,0,0,0,42.635711125700354,0,0,26.51453471469995,31.835783350896854,-5.321248636196906,0,1922.5685402545164,1729.8552390423588,1826.2118896484376,0.10552625481441623,0.1667471045275803,82.25451119206168,0.04668274436499608,34.14491371437982,20.777463936245073,21.01417363962894,1,20.50184027680068,38.88991882859921,427515.0,154100.53333333333,2.77426035298169,0,6933189.0,1887.0689723644582,327149.4024299392,0.47811661030276653,0.28430953802888576,0.32537438189486156,0.8737920188220438,0.42914651678898696,,,,,0.1085688149023541,0.014999600264070082,1.0,1.0,1.0,1.0,1.0,2937.33056640625,-0.19312802112420413,-0.13108013575922717,0.7375403913347107,0.3183,0.12190651664811977
2024-06-05,1771.2701231160636,1855.692325466328,1715.3877981050778,1845.1146240234373,66998.0,0,1,0.04717678178500684,-0.03970498104178366,-0.00037841660361392915,0.016324950640072,0.005027872487243901,0.04609776365748863,0.37777777777777777,0.18888888888888888,1828.8762817382812,0.008878863183529321,1772.3657861328124,0.04104617594168193,1624.705723876953,0.13566081346752054,,,1842.9590922083462,1818.2053819815278,0,0,1,53.61920258857801,0,0,24.753710226818384,30.41936872608116,-5.665658499262776,0,1924.170692687633,1733.5818707889296,1828.8762817382812,0.10421088829341454,0.5852009164198863,86.40094091843228,0.04682686907007832,31.746448768364296,18.36746020715839,18.576713659403204,1,45.09226997255072,33.91458553848533,368055.0,152740.3,2.4096783887421984,0,7000187.0,1887.0910687119401,330310.15245597105,0.5419698283563136,0.3133915246633777,0.33641177348063295,0.9315712153023666,0.44796641638698653,,,,,0.0760410900951528,0.005267056608105565,1.0,1.0,1.0,1.0,1.0,3111.198486328125,0.059192493317018036,-0.05281159590057849,0.7569678847387793,0.3851,0.1591735992453046
2024-06-06,1891.017832775828,1945.9022553629893,1846.1123961136052,1923.948486328125,170312.0,1,0,0.042725726238505235,0.036531231112931994,0.011091609754088516,0.0589914745097011,0.05733638206418856,0.0418381752226771,0.45555555555555555,0.37777777777777777,1835.1231201171875,0.04840294650381023,1779.5955590820313,0.08111558073372316,1629.7231579589843,0.18053699914138763,,,1855.4189989960046,1826.0382045257202,0,0,1,61.205571978876165,0,0,29.3807944702844,30.211653874921808,-0.8308594046374083,0,1938.2339340580224,1732.0123061763525,1835.1231201171875,0.11237481868164849,0.9307276939056343,87.42856166279797,0.04544225704798171,30.72113323239379,24.22512440857005,17.047054201118353,1,68.41327506906643,44.669128439472615,172471.7142857143,156498.8,1.1020641326688403,0,7170499.0,1892.2093519634327,337586.85634310334,0.5723907194887936,0.3344302760251405,0.34485335103830717,0.9697753407882389,0.4563487621733137,,,,,0.051867219917012465,0.02487824233504516,1.0,0.0,0.0,1.0,1.0,3181.404541015625,0.022565598111471852,-0.01800229119658725,0.7567272203989945,0.397,0.17557185952455734
2024-06-07,1924.2480330592628,1945.902385236113,1891.017958985864,1896.7059326171875,52860.0,0,1,-0.014159710566331363,0.07645692503349166,-0.00578008384487283,0.043996461738431414,0.07874801533481679,-0.014260915761396447,0.3333333333333333,0.45555555555555555,1839.356707763672,0.03117895762765992,1786.2804809570312,0.06181865213070792,1634.391827392578,0.1604964616367982,,,1861.7708349377249,1831.272851051014,0,0,1,57.69366047751712,0,0,30.497983886710927,30.268919877279632,0.22906400943129412,1,1945.3876050559309,1733.325810471413,1839.356707763672,0.11529128291942188,0.770436383724268,85.10398056190164,0.04486935960835537,29.76905615407109,23.109204584109953,16.2617813897143,1,60.354254295995695,57.95326644587096,149349.42857142858,155533.66666666666,0.9602385886748759,0,7117639.0,1894.3807744098972,336838.37404256704,0.5800212075025335,0.3203407111223775,0.3450043427485326,0.9285121125442413,0.44821668392613884,,,,,0.028936708272176037,0.00015569373778267855,1.0,1.0,1.0,1.0,1.0,3215.259521484375,0.01064152013121289,-0.012044328927791836,0.7560850769021047,0.3919,0.16636726281645178
2024-06-10,1923.9487051088508,1923.9487051088508,1877.0474659282927,1882.8353271484373,32701.0,0,1,-0.007312997355162332,0.020443555448466766,-0.014777204632841712,0.050556892612441784,0.03372147012926985,-0.0073398684057515325,0.2,0.32222222222222224,1843.7823974609375,0.021180877820115487,1792.4405126953125,0.0504311377771735,1638.9217907714844,0.14882561068526412,,,1865.0115260470652,1835.092293724897,0,0,1,55.93387473630863,0,0,29.919232322168227,30.198982366257354,-0.27975004408912696,0,1949.2863080074032,1738.2784869144718,1843.7823974609375,0.11444290898075017,0.6850781145704554,82.37521332037711,0.043750620212302235,28.62440379841976,22.169384488976274,16.811835553657524,1,56.250986342711,61.67283856925772,141209.0,150956.46666666667,0.9354286246763415,0,7084938.0,1895.2276423720327,336599.2317160559,0.5808875613638503,0.3059517047102655,0.34295324420452616,0.8921090844902632,0.42936742553465834,,,,,0.024909899715760214,0.014363203079178516,1.0,1.0,1.0,1.0,1.0,3215.808837890625,0.00017084667740796533,0.008092627909861871,0.7560875670897433,0.4146,0.16794991185462452
2024-06-11,1886.0283981227617,1970.8497811071188,1877.1470760122288,1950.642333984375,107181.0,0,1,0.03601324335603562,0.013874512673255346,0.015217208028822649,0.09651092176798626,0.06297070542436511,0.03537992691778394,0.5111111111111111,0.4222222222222222,1850.79013671875,0.053951118111452666,1799.6024291992187,0.08392959596768579,1644.3264086914062,0.18628656918351283,,,1878.1854964989589,1843.6515559663396,0,0,1,62.030994919937456,0,0,34.533940532619226,31.065973999529728,3.4679665330894984,1,1965.2232362881496,1736.3570371493506,1850.79013671875,0.1236586442720912,0.9362907132698447,83.18431987569947,0.04264457836603366,28.183821532394695,24.412918836061703,15.459147183556974,1,76.30997502816513,64.30507188895729,96017.57142857143,150264.13333333333,0.6389919490339995,0,7192119.0,1897.684290391309,340459.16715219914,0.6234938431784469,0.3213038108123785,0.3468399546954688,0.9263748494445762,0.4320204453707196,,,,,0.048036845844257464,0.0016958843549851747,0.0,1.0,1.0,1.0,1.0,3216.957275390625,0.0003571224403853268,-0.05572574242334016,0.7553748325577024,0.394,0.1679909681997915
2024-06-12,1970.849857537528,1970.849857537528,1925.345702911067,1939.3162841796875,52963.0,0,1,-0.005806318056038928,0.022465449614376354,0.044810664029026226,0.08615347170780074,0.05679875942441903,-0.005823240256300657,0.6555555555555556,0.3888888888888889,1857.5509033203125,0.044017841294804905,1805.8861987304688,0.0738862091880538,1649.5544006347657,0.1756607017224885,,,1887.5902330652248,1850.7378321302913,0,0,1,60.52459474415434,0,0,36.852400934933485,32.22325938661048,4.629141548323005,0,1976.266642837827,1738.835163802798,1857.5509033203125,0.1278196353115427,0.8443746431251935,80.49287950075386,0.04150580292517968,27.77471041004726,23.427133689201,14.834907917925316,1,72.95944953700443,68.5068036359602,85207.57142857143,147764.53333333333,0.5766442698151165,0,7139156.0,1899.367090051331,340151.64712899714,0.5743291905348392,0.3220667524261171,0.3474996570477492,0.9268117130310219,0.4282420280617885,0.9549877991787133,1.5856723471546046,,,0.023464019251356237,0.01035942017718701,0.0,1.0,1.0,1.0,1.0,3214.76025390625,-0.0006829501595131404,-0.11691928809559782,0.7554005816123317,0.3939,0.16832175124865373
2024-06-13,1939.9150064197609,1949.8939930782983,1890.1198386308963,1894.161376953125,79994.0,0,1,-0.023283931349889375,0.006015422401193682,0.07501278732157246,0.05245212595130044,0.032304535016992375,-0.023559284682763748,0.8333333333333334,0.32222222222222224,1861.4851196289062,0.017553864374018163,1810.1472265625,0.04641288242071297,1654.0249865722656,0.14518304882352978,,,1888.601178278748,1853.9543910060568,0,0,1,54.80979568458152,0,0,34.6467872726912,32.707964963826626,1.938822308864573,0,1979.5433870418,1743.4268522160123,1861.4851196289062,0.12684309551336004,0.6383903814628149,79.01297056837159,0.04171395929077004,26.68748828475108,22.161213949943495,17.217737626549972,1,59.60151183387176,69.62364546634711,80429.85714285714,149537.16666666666,0.5378586403348363,0,7059162.0,1900.8943292340068,338289.0723245941,0.46849726622626753,0.3303652654230404,0.3397677752856683,0.9723266579512359,0.430868265053929,0.9327519288226541,1.5487516610800387,,,0.03155705483951552,0.0003087285168270585,1.0,1.0,1.0,1.0,1.0,3220.502685546875,0.0017862705729447814,0.09640457985192952,0.7550432248538571,0.3849,0.16874182170568927
2024-06-14,1905.9365171200277,1930.484921866968,1882.0368926855176,1919.2086181640625,48957.0,0,1,0.013223393484681711,-0.016114546102414473,0.040156851599309595,0.03976323897630185,0.05812609100076194,0.01313672759250424,0.6222222222222222,0.4222222222222222,1866.6068359375,0.028180429436895017,1814.3763232421875,0.057778694297854184,1658.746044921875,0.1570237795228353,,,1893.3100151841809,1858.7880374622052,0,0,1,57.222605182035096,0,0,34.521977721975645,33.07076751545643,1.4512102065192138,0,1985.3836177487274,1747.8300541262724,1866.6068359375,0.12726491677244078,0.7214312487021364,76.8297604693058,0.04003200055593854,25.520417053444508,21.163026404625434,17.193685506759643,1,67.0111049053912,66.52402209208914,77852.57142857143,149433.3,0.5209854257957994,0,7108119.0,1901.763861966457,338936.44999942364,0.39947329408615645,0.32991805379308853,0.34028526903528117,0.96953375245545,0.426468850153069,0.9450860746010719,1.5447790582209613,,,0.025243753452814537,0.006216545385295385,1.0,1.0,1.0,1.0,1.0,3258.6767578125,0.011853451461768527,0.04740239882876485,0.7533888008656585,0.381,0.16713720603716775
2024-06-17,1905.9365171200277,1930.484921866968,1882.0368926855176,1919.2086181640625,48957.0,0,1,0.0,-0.010368430451317745,-0.002463614903280842,0.008600669395716132,0.06933357147452979,0.0,0.34444444444444444,0.4888888888888889,1871.7285522460938,0.02536696139031062,1819.5354614257812,0.054779452696227054,1663.4985375976562,0.1537182478895896,,,1897.2944156426242,1863.263636032713,0,0,1,57.222605182035096,0,0,34.03077960991118,33.26276993434738,0.7680096755637962,0,1990.291583682618,1753.1655208095697,1871.7285522460938,0.1266882757056276,0.7002313256615252,74.80249394874471,0.038975697191429695,24.436708052945548,20.183965349787904,16.3982573129398,0,77.6466679724045,68.0864282372225,60516.142857142855,150108.1,0.403150415314982,0,7108119.0,1902.6267548466892,338936.44999942364,0.3087473467853353,0.3278784464924581,0.34028526903528117,0.9635399364245277,0.426394872145456,0.9450860746010719,1.5447790582209613,,,0.025243753452814537,-0.006915403004354496,1.0,1.0,1.0,1.0,1.0,3258.6767578125,0.0,0.024288711416815545,0.7420965034166178,0.3694,0.16351190625043582
2024-06-18,1925.944398366584,2130.0146727012816,1913.02165954866,1973.045166015625,698834.0,1,0,0.028051430856465887,0.041645759449170816,0.04024832320374516,0.034235600676139066,0.11266170771608897,0.027665195797531253,0.6444444444444445,0.6555555555555556,1880.769512939453,0.04906271206616614,1824.6776318359375,0.08131164189830309,1669.2499267578125,0.18199505921074058,,,1908.9483772384706,1871.3956012166325,0,0,1,62.24733807534583,0,0,37.5527760218381,34.12077115184553,3.432004869992568,0,2001.365643984573,1760.1733818943333,1880.769512939453,0.12824126530702876,0.882581316152041,84.95895960616448,0.04305981488387867,25.73150556185701,33.27700605102247,13.406638703132954,1,64.10723177566223,69.58833488448599,152798.14285714287,172327.56666666668,0.8866726653936942,1,7806953.0,1919.4084107673236,358539.7436305711,0.3310931746204909,0.3330058740953253,0.34326561853021875,0.9701113543534501,0.46129179888537614,0.9263059035708012,1.588112321161163,,,0.10997873585976654,0.0035096654625097552,1.0,1.0,1.0,1.0,1.0,3305.932373046875,0.014501473679794152,0.0282007878233852,0.7403525413866757,0.3619,0.16308984353613895
2024-06-19,1985.7684063970205,1994.699672567212,1924.846765781324,1950.7421875,80567.0,0,1,-0.011303835766042658,0.016430506323019234,0.036066276945423636,0.020756113557814482,0.08868904452693016,-0.011368209692161247,0.6,0.5666666666666667,1889.3589294433593,0.03248893426233486,1828.92369140625,0.06660665869557646,1674.7413635253906,0.16480205838686504,,,1915.3781942017827,1877.2731261265117,0,0,1,59.14772802179365,0,0,38.10506807527099,34.91763053653062,3.187437538740369,0,2003.7317854139465,1774.9860734727722,1889.3589294433593,0.12107054322842035,0.7683471420545204,83.87995583328761,0.04299899616196085,26.933817534417653,31.297565331498866,12.609161714961807,1,59.00741554080072,66.9204384296225,159636.14285714287,172999.3,0.922756004545353,0,7726386.0,1921.9680076997438,357629.02749440836,0.3385233004935805,0.335087127459844,0.3208080117059342,1.0445098477372148,0.46303396742379394,0.9158350937677211,1.5701605603047284,,,0.03580837449125403,0.0064485297146485805,1.0,1.0,1.0,1.0,1.0,3258.82666015625,-0.014248843465364258,0.013376983656106178,0.7426924124496226,0.3681,0.16643566630764844
2024-06-20,1950.8418639082372,1980.7788225920976,1935.9233282229657,1962.4674072265625,31401.0,0,1,0.006010645487494637,0.022539909759201615,0.006062143241828188,0.021371600165462246,0.09085860129367895,0.005992653617080052,0.4111111111111111,0.5888888888888889,1898.2077941894531,0.03385278115168031,1833.4042553710938,0.07039535960351824,1680.2313024902344,0.1679745546449659,,,1922.6226885132874,1883.5838136154043,0,0,1,60.267864628695065,0,0,39.038874897883034,35.74187940880111,3.2969954890819224,0,2005.936042522907,1790.4795458559993,1898.2077941894531,0.11350522178153262,0.7982486675092174,81.09249430013364,0.04132170246574275,28.050250080366823,30.060998743809954,12.110973823656547,1,61.68851330883873,61.60105354176724,148810.42857142858,167643.03333333333,0.8876624671634347,0,7757787.0,1923.6096850193055,357817.7677733612,0.26616966886857024,0.3351971572266753,0.3174188350879715,1.0560090334077896,0.46173002182733397,0.9213398538413654,1.5795982387911662,,,0.02285668246206624,5.109665894135538e-05,1.0,1.0,1.0,1.0,1.0,3256.37890625,-0.0007511150980128445,0.01225432216987965,0.7340617253952157,0.3729,0.17063014381025937
2024-06-21,1963.016250858405,2032.71944354606,1963.016250858405,2012.4122314453125,124177.0,0,1,0.025450014626909878,0.01995244006967445,0.03769160701733809,0.08419125698513241,0.11058182787278836,0.02513155490149839,0.6444444444444445,0.6666666666666666,1908.840399169922,0.05425903198634614,1839.7628637695314,0.09384327245416618,1686.243641357422,0.19342910009453065,,,1936.4364643489837,1893.1266593805829,0,0,1,64.70699224045828,0,0,43.30980496840084,37.25546452072106,6.0543404476797775,0,2017.628168476049,1800.052629863795,1908.840399169922,0.11398309607595743,0.9760270062342258,80.31817587294533,0.03991139321154935,29.516106839361427,32.802075259934185,11.354321952451999,1,73.1089352591913,64.60162136961027,158983.85714285713,169034.8,0.9405392093394801,0,7881964.0,1927.5151138778929,360978.07423968695,0.2965718000252926,0.3411710267928048,0.3202995953418782,1.065162216107857,0.4631197273682102,0.9447879665979831,1.6197990370730424,,,0.0346366373641021,0.0002796701895896701,0.0,1.0,1.0,1.0,1.0,3186.295166015625,-0.02152198569394448,-0.008854497891728319,0.7384065527092898,0.3426,0.15863902555470621
2024-06-24,2011.8634438820343,2030.7237527296047,1986.167553644792,2022.4910888671875,60407.0,0,1,0.005008346334009595,0.03678030947756272,0.06775014709701699,0.1478450617937832,0.12716202277121802,0.004995846286514126,0.8444444444444444,0.7333333333333333,1917.674298095703,0.05465828627706489,1846.586494140625,0.0952593313580071,1692.3677453613282,0.1950659627085817,,,1949.6756373517842,1902.709209712924,0,0,1,65.54361736185714,0,0,46.966427638860296,39.19765714434891,7.7687704945113865,0,2033.385812141916,1801.9627840494902,1917.674298095703,0.12067900598252498,0.9529229076097936,77.7637489595073,0.03844948904227972,30.877259544142127,31.459606366989433,10.889631108935014,1,74.06738674650336,69.62161177151114,156185.7142857143,169937.43333333332,0.9190777524534871,0,7942371.0,1935.1664344749424,361280.6134166855,0.21936505838807438,0.3388392594403415,0.3202128646674704,1.0581687896650058,0.46224876756480454,0.9495197919469105,1.6271927443951462,,,0.022030356192950656,-0.000272701365407659,0.0,1.0,1.0,1.0,1.0,3191.590087890625,0.0016617800922760217,-0.008977666060023926,0.734969596529491,0.3582,0.16546083166565784
2024-06-25,2024.387107503524,2028.5782330807135,1995.9968180076064,2001.0362548828125,33744.0,0,1,-0.010608122875039205,0.01965324239996269,0.04263613446933512,0.08450511899329816,0.10524717840673592,-0.01066479012220923,0.6777777777777778,0.6444444444444445,1922.583966064453,0.04080565020988497,1851.7236767578124,0.08063437325942271,1698.0238354492187,0.17845003886734645,,,1957.5772708180962,1909.992694540323,0,0,1,62.16538589093568,0,0,47.58457627777307,40.87504097103374,6.709535306739326,0,2043.8454341832098,1801.3224979456963,1922.583966064453,0.12614426236683962,0.8234839971652315,74.536439396193,0.037248920010476326,32.14118705572421,30.477346164191996,10.549625225305281,1,54.56943164785182,67.24858455118218,154012.42857142858,169078.16666666666,0.9108948340743498,0,7908627.0,1940.1155301961537,360922.6529183902,0.2469295431684958,0.3411029101470324,0.32129742429831754,1.0616422179292853,0.4622196745357436,0.939447169321656,1.5889461131007476,,,0.016282271245013094,0.0009374669914607611,1.0,1.0,1.0,1.0,1.0,3168.1123046875,-0.007356139904119652,-0.027791787850045768,0.7199699159465093,0.3594,0.17068055976253715
2024-06-26,1997.4936052159576,2019.497318361424,1983.2237281361963,1990.1092529296875,24397.0,0,1,-0.005460671652730675,-0.011082708685191678,0.03694264088572585,0.03438801354179244,0.10310304451629482,-0.0054756356205854,0.6111111111111112,0.6444444444444445,1926.7027893066406,0.032909312206821924,1856.6423193359376,0.07188618518697064,1703.407498779297,0.16831072679664025,,,1962.5821911429564,1915.9272544210169,0,0,1,60.45631064703424,0,0,46.65493672193952,42.0310201212149,4.62391660072462,0,2051.3880310111886,1802.017547602093,1926.7027893066406,0.12942862012403905,0.7542661134398476,71.80337874112406,0.036080119036389885,32.984472367329744,29.377594129742764,11.439591507805352,1,44.6942465166466,57.777021637000615,150503.85714285713,168330.93333333332,0.8940950671545642,0,7884230.0,1943.169140127988,360789.4289120785,0.25455257552311383,0.34148894312657846,0.3199961140660897,1.067165906446132,0.4601988483753824,0.9343171567949031,1.5690795941901945,,,0.018226934110189434,-0.00177040753670022,1.0,1.0,1.0,1.0,1.0,3167.5126953125,-0.00018926392669627035,-0.027975791793843685,0.7199973773777222,0.3602,0.17125094696239546
2024-06-27,1994.998832511882,2005.7761861180336,1965.860242115685,1985.1695556640625,141265.0,0,1,-0.00248212366147893,-0.01845324976142615,0.006145013736772009,0.04664066343948625,0.09346992560979439,-0.0024852092373257597,0.4111111111111111,0.6,1930.4074829101562,0.02836814156529821,1861.2176831054687,0.06659719262487249,1708.224354248047,0.1621246065994216,,,1966.0571703000496,1921.0563137723536,0,0,1,59.657830719321076,0,0,45.00085652769599,42.62498740251112,2.3758691251848703,0,2057.5171383149036,1803.2978275054086,1930.4074829101562,0.1316920458815517,0.7154127181744412,69.52570483121154,0.03502255242270949,33.31936982733946,28.17286560004351,12.754343174239516,1,42.74154390011424,47.33507402153757,70851.14285714286,171166.8,0.4139304050618628,0,7742965.0,1946.5248860940424,360438.7917130397,0.20144960292941244,0.34176210641656146,0.3138140403071256,1.0890593234199575,0.4603520944191525,0.9319980660726968,1.548011849285053,,,0.020107070395302466,0.0024569402785281566,1.0,1.0,1.0,1.0,1.0,3172.158447265625,0.0014666877136750855,-0.040464810130994566,0.7198457092419632,0.3607,0.17167256709598477
2024-06-28,2015.7053934912783,2060.511190478772,1980.8288832893625,2035.912841796875,108309.0,0,1,0.02556118493155024,0.017429262877650897,0.043660640981997956,0.08130159469669307,0.12061957876142704,0.025239960262496093,0.7,0.7222222222222222,1936.1329284667968,0.051535672919468846,1867.3377954101563,0.09027560348270654,1713.0491943359375,0.18847307393649917,,,1976.8041966841768,1929.564204737133,0,0,1,64.80084302197328,0,0,47.23999194704379,43.547988311417654,3.6920036356261363,0,2071.577466446557,1800.6883904870365,1936.1329284667968,0.13991243678399437,0.8683423297032048,70.25117642822568,0.03450598423762716,34.20417555346044,31.455598125042407,11.72101478390366,1,62.78612517517533,50.07397186397875,74814.28571428571,173637.96666666667,0.43086363628011676,0,7851274.0,1953.6566855023361,363207.29809179093,0.22622594165567536,0.34769080898769017,0.31608931322983913,1.0999764763792332,0.464512524314683,0.9558210409954281,1.5585943875441446,,,0.039138368575288615,0.015381979710544778,1.0,1.0,1.0,1.0,1.0,3174.156494140625,0.000629869821516138,-0.025981794935839075,0.7197795388277483,0.3536,0.1712257737937888
2024-07-01,2066.398542347228,2125.274560214419,2049.434266012613,2114.09814453125,84719.0,0,1,0.03840306968414686,0.062302555208481936,0.07726535317036332,0.08379589005074073,0.16365481053402142,0.03768402313064075,0.8888888888888888,0.8222222222222222,1949.0307678222657,0.08469203228301062,1873.5666796875,0.12838158761655027,1719.1089331054689,0.2297639223549705,,,1997.9263425068034,1943.2333854626231,0,0,1,70.94672980534463,1,0,54.692957044180275,45.77698205797018,8.915974986210095,0,2100.5741888122902,1797.4873468322412,1949.0307678222657,0.15550644298894303,1.0446207286024314,71.61621514174843,0.03387553947152609,35.57287152871096,35.111404947964914,10.676349110460496,1,93.58147001355535,66.36971302961499,82431.14285714286,175322.8,0.4701678438693819,0,7935993.0,1963.4707469618606,366460.7677523622,0.2950181051834534,0.3610145354361031,0.31746678823010654,1.1371726077199367,0.4678757212601726,0.9925275030383494,1.6184491964183227,,,0.035873591960708995,0.01497397134321664,1.0,1.0,1.0,1.0,1.0,3180.80029296875,0.0020930911378784778,-0.023209403898358127,0.7197460645860809,0.3396,0.17089836554851706
2024-07-02,2132.50943097394,2175.31918592757,2114.547255139812,2138.1474609375,81649.0,0,1,0.011375685877432318,0.0770603724185488,0.062479857519989634,0.10252643077347035,0.19301221945502345,0.011311469308961224,0.7777777777777778,0.8333333333333334,1967.8386596679688,0.08654612024863216,1880.0610034179688,0.13727557619158506,1724.704150390625,0.23971839486397417,,,2019.4988222653722,1957.671465127429,0,0,1,72.53524135827735,1,0,61.82735713794318,48.987057073964785,12.840300063978397,0,2114.945272166047,1820.7320471698908,1967.8386596679688,0.1495108471168049,1.0788618144944242,70.87370273136067,0.03314724733732122,37.19376611845065,37.98866173966339,10.017614744495118,1,87.32561567929667,81.23107028934247,76355.71428571429,176691.56666666668,0.43214124887896527,0,8017642.0,1980.1319277797052,367389.5811285687,0.2776318363721409,0.35702606312835306,0.3123188260673371,1.143146148517403,0.4683128039801817,0.982912059420733,1.6343631340824403,,,0.02842270325036961,0.008708813491141137,1.0,1.0,1.0,1.0,1.0,3150.22900390625,-0.009611194116801003,-0.01131915288139318,0.7188690888648579,0.3526,0.17561954221289994
2024-07-03,2139.844014997969,2207.3517595606186,2137.498855777055,2146.23046875,70561.0,0,1,0.0037803790244457236,0.05418582990800336,0.061181668766768116,0.13307688292237474,0.20645651363908657,0.0037732513495555534,0.7666666666666667,0.8555555555555555,1982.8944519042968,0.08237252199119395,1886.2679321289063,0.13781845738515583,1730.7105017089843,0.24008634987232808,,,2038.9959986476226,1971.638798729101,0,0,1,73.06822668238893,1,0,67.3571999185217,52.66108564287617,14.696114275645527,0,2138.505708004094,1827.2831958045,1982.8944519042968,0.15695364516286145,1.0248207004413363,70.80078852080375,0.03298843696037886,38.900193860915635,38.54317435922706,9.311650574253049,1,81.21165153079677,87.37291240788295,77806.28571428571,176903.3,0.439823823039399,0,8088203.0,1991.6875176740427,367656.32845291257,0.27840498915985007,0.3548650066662514,0.3117091926789502,1.1384489614066347,0.46782142415112565,0.9723101265822784,1.6232074870155089,,,0.032546786004881964,0.0007934691556424962,1.0,1.0,1.0,1.0,1.0,3187.943603515625,0.011972018403300089,-0.0011425290449532666,0.7193104565803361,0.3564,0.1763373937113857
2024-07-04,2160.400571511834,2270.21936351416,2150.4715289551705,2181.00732421875,148509.0,0,1,0.016203691064457182,0.03164904139411906,0.08993893483777837,0.13640971782688593,0.22151744733188927,0.0160738123933514,0.9111111111111111,0.8888888888888888,1995.7473937988282,0.09282734427992247,1893.4957153320313,0.15184170027884247,1736.8879931640624,0.2556983137672811,,,2060.8438948893345,1987.147578395001,0,0,1,75.29006786275245,1,0,73.69631649433359,56.86813181316766,16.82818468116593,0,2171.959419423842,1819.5353681738143,1995.7473937988282,0.17658750418268226,1.0256733465347088,74.59993896675775,0.0342043505028026,40.83193288854074,39.986908598476575,8.206190781349157,1,77.01801446495733,81.85176055835028,94201.28571428571,180270.9,0.5225540323717567,0,8236712.0,2013.338228320479,370062.72240920406,0.24543884104749775,0.3558987246553606,0.31267479019843497,1.138239269080485,0.47541723590389323,0.9607033396291207,1.6333607068680296,,,0.05490482917194408,0.006602321124481607,1.0,1.0,1.0,1.0,1.0,3141.287353515625,-0.01463521812260038,-0.008467171802017615,0.6825793699517367,0.3781,0.19769087646350877
2024-07-05,2189.3898285674627,2290.2774883102934,2189.3898285674627,2246.51953125,191740.0,0,1,0.030037591485263304,0.05068503098705035,0.1288423125227145,0.17054472869085324,0.2482327458594844,0.02959529816319443,1.0,0.9222222222222223,2013.2380737304688,0.11587375609645,1903.2611572265625,0.18035274492946335,1743.7041418457031,0.28836049495877725,,,2089.40937740636,2006.3603156435195,0,0,1,78.83272845372036,1,0,83.04906176284044,62.10431780310222,20.94474395973822,0,2215.5664657751313,1810.9096816858066,2013.2380737304688,0.200997979011746,1.076492145175641,77.07638361852815,0.03430924260678099,42.72579027352896,37.796536367809516,7.375204528170101,1,88.40098582335183,82.21021727303533,118107.42857142857,184460.23333333334,0.6402866701247183,0,8428452.0,2035.2189096877887,375822.13020058844,0.2283500705267782,0.36205102712901144,0.31097509073011764,1.1642444617637253,0.4795237511751327,0.9808940369524495,1.6480602590625784,,,0.044908427609661225,0.003843409536332192,1.0,1.0,1.0,0.0,1.0,3144.93408203125,0.0011609025552989927,-0.00712818398949544,0.6826193109619155,0.3737,0.19876826426699898
2024-07-08,2264.8805133280625,2360.030244527822,2248.465129697352,2265.179931640625,283653.0,0,1,0.008306360185634354,0.05542250220681244,0.14105111333066755,0.1480628880964434,0.22719896122592176,0.00827205222777838,1.0,0.8777777777777778,2032.3553039550782,0.11455901791997539,1912.13646484375,0.18463298686462942,1750.6889318847657,0.29387916401685704,,,2116.4510011347083,2025.5321390507124,0,0,1,79.72442008158625,1,0,90.91886208399592,67.86722665928096,23.05163542471496,0,2254.1233905974877,1810.5872173126686,2032.3553039550782,0.21823751605916186,1.0249281607884488,79.67883573704916,0.03517549958132436,44.795824749728276,40.20348832901286,6.6247231749273965,1,78.2045234896316,81.20784125931361,138448.57142857142,177808.06666666668,0.7786405534014285,0,8712105.0,2066.080402039548,378178.2541863242,0.1960090830326916,0.3580885217093671,0.30995773608584476,1.15528176915769,0.46490050668970073,0.9598097045124208,1.661749641181982,,,0.04925220874161006,0.008173079211043486,0.0,1.0,1.0,0.0,1.0,3110.66650390625,-0.010896119674110083,-0.019384890251109788,0.6785059874774244,0.3975,0.21036052921591675
2024-07-09,2313.1290778100674,2313.1290778100674,2224.3660413452485,2244.922607421875,189555.0,0,1,-0.008942920575884639,0.029305395948644897,0.10266145059556187,0.1508043563147039,0.17977296639761287,-0.008983148506484353,0.9444444444444444,0.7666666666666667,2047.069317626953,0.09665197367340818,1920.333203125,0.16902764778980214,1757.4057861328124,0.27740708784272744,,,2136.2158636404265,2041.7832848559838,0,0,1,75.98237942454418,1,0,94.43257878444274,73.18029708431331,21.25228170012943,0,2284.506491711475,1809.632143542431,2047.069317626953,0.23197765902697318,0.9166434564380616,80.32770721760414,0.035781949432036095,46.137493604217774,37.03025153957165,8.244763981670593,1,72.85881633130325,79.82144188142892,150055.14285714287,132813.4,1.1298193017959248,0,8522550.0,2085.887168221173,376483.07887656236,0.24942731721557443,0.3537048732257355,0.3040609757213127,1.1632695461384166,0.4413460539182624,0.9512262025570029,1.6468887461238868,,,0.039539463931345324,0.021167919377916178,1.0,1.0,1.0,1.0,1.0,3107.819091796875,-0.0009153704216763314,-0.020899222349687663,0.6774153317042204,0.4147,0.2171658933727495
2024-07-10,2251.2592333929874,2303.100016748483,2224.16638395279,2266.078125,93057.0,0,1,0.009423717997308012,0.008706175698867558,0.07188880084015592,0.15470866759642776,0.18783832785806287,0.009379591772311076,0.8111111111111111,0.7666666666666667,2063.4074096679688,0.09822137614822456,1928.9530517578125,0.17477101007459606,1764.7962243652344,0.28404520233777575,,,2156.194673080361,2058.397717459244,0,0,1,77.18667207361092,1,0,97.79695562111692,78.10362879167404,19.69332682944288,0,2314.2180665959095,1812.596752740028,2063.4074096679688,0.2431033791511873,0.9040313075497818,80.22813047318192,0.03540395610728642,47.37839683682784,34.427911490979355,7.6831303451447726,1,76.3353128539712,75.79955089163536,151246.2857142857,128758.1,1.1746545321365078,0,8615607.0,2095.0582723009525,377360.02180223784,0.18614986795158373,0.35376324315555285,0.304114353888776,1.163257303155559,0.4409054431111066,0.9601902900415501,1.6624085612402983,,,0.03483270586520181,0.0028226478499361564,1.0,1.0,0.0,1.0,1.0,3093.0830078125,-0.00474161575983334,-0.02757711175711075,0.6773583991668355,0.4148,0.21724406177709132
2024-07-11,2294.069061672247,2305.145833909604,2246.319758432105,2254.751953125,27736.0,0,1,-0.004998138303373811,-0.0046035983146258674,0.054535290160189875,0.12042250483919958,0.17983393984950502,-0.005010670773409081,0.6555555555555556,0.7555555555555555,2081.4369384765623,0.08326700244653569,1937.3503662109374,0.16383282675649188,1772.1357690429688,0.2723358968950021,,,2171.357331548767,2072.9424756567078,0,0,1,75.01791348186057,1,0,98.41485589205922,82.16587421175109,16.248981680308134,0,2332.8626283568033,1830.0112485963214,2081.4369384765623,0.24158857300213335,0.8446644905916159,78.69941225920455,0.03490380046023696,48.54274856979107,32.77544207645717,7.2729181641999405,1,73.29114575980721,74.16175831502724,143544.42857142858,126693.16666666667,1.1330084514273613,0,8587871.0,2102.6430169172913,377221.3934382555,0.20574587579827008,0.3549661556243754,0.30466575639218163,1.1651002719434096,0.4404887885172795,0.9553911261743658,1.6540996133345067,,,0.02608982127544809,0.012352149894323167,1.0,1.0,0.0,1.0,1.0,3075.399658203125,-0.00571706273795769,-0.023753620962265742,0.6751372371777186,0.4139,0.2182383045511719
2024-07-12,2284.190008350162,2339.074434064124,2256.148958852534,2319.81494140625,55129.0,0,1,0.028855940535310376,0.033360764302865276,0.0808787663690882,0.14700873303011486,0.2073541145533575,0.028447447571294516,0.8555555555555555,0.8222222222222222,2101.467254638672,0.10390249302510356,1947.4710522460937,0.19119354237934255,1779.6763891601563,0.3035038030149905,,,2194.1969638345336,2091.2293249714885,0,0,1,78.7173105335949,1,0,102.96763886304507,86.32622714200988,16.641411721035183,0,2362.1354007289133,1840.7991085484307,2101.467254638672,0.24808204411927495,0.9188231090805927,79.10106002205593,0.03409800437534281,49.8223321453908,33.343570119163516,6.719132463530118,1,89.79747244197348,79.80797701858398,141339.85714285713,114413.43333333333,1.2353432024985742,0,8643000.0,2110.616837473559,378812.1925840266,0.23737491476619768,0.3611339417109603,0.30594650664912393,1.1803826285394665,0.43549276438167484,0.9829598356992166,1.7018302134163672,,,0.035746590700601835,0.013056006087215865,0.0,0.0,0.0,1.0,0.0,3062.5615234375,-0.004174460620551046,-0.039330080977547754,0.643418427009757,0.4265,0.2400966898452088
2024-07-15,2339.7729001541093,2358.93250537941,2305.1958096157773,2338.12646484375,64731.0,0,1,0.007893527673547895,0.03179428769418524,0.07203971251278629,0.1684578223599844,0.2596704747160734,0.007862536762231715,0.8,0.9333333333333333,2122.4131469726562,0.10163587526716016,1958.3381665039062,0.19393397158666173,1787.0209228515625,0.3083934468505183,,,2216.3399639897975,2109.5180019990635,0,0,1,79.63150045715726,1,0,106.82196199073405,90.42537411175473,16.396587878979318,0,2388.6806042905528,1856.1456896547595,2122.4131469726562,0.25091010927603064,0.9050688733125088,77.28931971788285,0.03305609036979437,51.12069640056972,33.52289063392361,6.385447496904346,1,94.44306275210413,85.84389365129495,129371.57142857143,112283.36666666667,1.1521882115686304,0,8707731.0,2119.968172582218,379323.14852386306,0.2352675248919341,0.3397449004690478,0.2965353880882036,1.1457145221668843,0.4275682516961659,0.9907188563642945,1.715263657301649,,,0.022982801217821973,0.008603254678479198,0.0,0.0,1.0,1.0,0.0,3087.48828125,0.008139185979363361,-0.017126440917738628,0.6081569158099862,0.604,0.3388758932574242
2024-07-16,2357.036598108917,2357.036598108917,2296.314368145207,2310.534423828125,67354.0,0,1,-0.01180091899668434,0.02473995892355818,0.028495141790512823,0.16100883427717938,0.3113212429435912,-0.01187110254125412,0.4444444444444444,1.0,2139.2876098632814,0.08004852324451488,1969.08353515625,0.1734059945023004,1794.221259765625,0.2877644890518936,,,2230.8314193495403,2124.4081073197344,0,0,1,74.44259834118955,1,0,106.42331202980586,93.62496169536496,12.798350334440897,0,2408.458295504104,1870.116924222459,2139.2876098632814,0.2516451592575015,0.818100787158808,76.10595616401336,0.032938680929894985,52.06629093324454,31.612410658072015,6.855098682614811,1,87.44302701960939,90.56118740456236,111602.14285714286,110747.23333333334,1.007719466194125,0,8640377.0,2167.6850030862847,378528.30942576035,0.2208622941408073,0.29540094293643554,0.2983639731207208,0.9900690751859427,0.38748597370654386,0.9790274633918516,1.6950219698238758,,,0.026280599560643932,0.008087729021291772,0.0,0.0,1.0,1.0,0.0,3106.370361328125,0.006115676678934756,-0.012262171383324305,0.22532964445510686,0.3733,0.49549431217842604
2024-07-17,2357.036598108917,2357.036598108917,2296.314368145207,2310.534423828125,67354.0,0,1,0.0,-0.004000542203810076,0.020022467775727915,0.16389777247778925,0.2522443829477641,0.0,0.4,0.9,2157.2772216796875,0.07104196002640273,1979.4576879882814,0.1672562832986424,1801.7688647460936,0.28237004703360047,,,2243.0934200385536,2138.1952418759115,0,0,1,74.44259834118955,1,0,104.89817816264213,95.8796049888204,9.018573173821721,0,2421.4361243649846,1893.1183189943904,2157.2772216796875,0.24490028451662707,0.7900852490499228,75.00711857827743,0.032463103689234205,52.94434299929972,29.78441647558517,6.458701183932013,1,86.9473515237273,89.61114709848029,80702.28571428571,110759.1,0.7286289407758433,0,8640377.0,2181.7092979559234,378528.30942576035,0.2197377376571907,0.2746245066451599,0.29797307791874017,0.9216420106250417,0.3653534827953242,0.9790274633918516,1.6950219698238758,,,0.026280599560643932,0.020126155144551666,0.0,1.0,1.0,1.0,1.0,3106.370361328125,0.0,-0.001381100343842756,0.14605055486379084,0.1392,0.26453192107429097
2024-07-18,2305.0459872439355,2335.082833969541,2254.4026309089127,2315.1748046875,83076.0,0,1,0.0020083582445340475,-0.009816261225110368,0.0312938170043664,0.1371679362482685,0.20334552673290873,0.0020063441892936512,0.4444444444444444,0.7666666666666667,2174.9125915527343,0.06449096560456638,1989.7809497070311,0.16353250091593188,1809.8119287109375,0.27923502324162147,,,2254.1828638306993,2151.304839121214,0,0,1,74.76334455906039,1,0,102.87802470948509,97.27928893295334,5.598735776531754,0,2431.2903167424033,1918.5348663630652,2174.9125915527343,0.2357591069962342,0.7735460208779825,75.41233889844534,0.0325730647836004,52.51499871156958,27.508346382250355,9.934907990225375,1,85.55826767147738,86.64954873827138,65491.0,107851.23333333334,0.6072345950610362,0,8723453.0,2190.167930887312,378695.15579528327,0.2042682066485852,0.2548996095486283,0.2968187291798763,0.858771986029748,0.3589327546769354,0.98099370126958,1.698426181171638,,,0.03484842824709226,-0.002375397019662724,0.0,1.0,1.0,0.0,1.0,3089.28662109375,-0.0054995825504434714,-0.005963175511741192,0.1301357537867626,-0.0387,-0.07647143313998855
2024-07-19,2305.19593557706,2315.573984583129,2200.366628647709,2216.3330078125,85190.0,0,1,-0.04269301681880633,-0.04077040144658428,-0.02195207510222097,0.04835861738288316,0.16851693754881247,-0.04363116239311814,0.022222222222222223,0.6777777777777778,2185.1086303710936,0.01428962249629834,1997.8669262695312,0.10934966622171094,1816.9838269042968,0.21978686601112904,,,2248.359809058669,2156.121740505754,0,0,1,58.051332894061815,0,0,92.23806855291468,96.27104485694562,-4.032976304030939,0,2430.2489360910154,1939.9683246511718,2185.1086303710936,0.22437356414476292,0.563686747370465,78.25484011537209,0.035308250086754284,50.76960742870048,24.615632700914578,13.822413532398024,1,41.463464709485656,71.32302796823014,64367.142857142855,108928.9,0.590909692993713,0,8638263.0,2204.372328334132,375058.13769248914,0.3474563292377734,0.2874865024917963,0.30251961642322167,0.9503069780757814,0.3663922599957942,0.9391121206821347,1.6259152436533764,,,0.05198106761453165,-0.004310201152084026,1.0,1.0,1.0,1.0,1.0,3002.8681640625,-0.027973596376969945,-0.02916664167179983,0.14725523508753127,0.2816,0.5514332818784438
2024-07-22,2195.3269092769897,2255.6498290786,2166.387850761081,2231.500732421875,37396.0,0,1,0.006843612650224262,-0.0342058056314547,-0.010312096934165904,0.04366082002755922,0.18518104066036045,0.006820301428053595,0.15555555555555556,0.7,2195.559112548828,0.016370144473733705,2006.6105102539063,0.11207467568756639,1824.3298559570312,0.22318928516972864,,,2245.7661049607004,2161.705369536578,0,0,1,59.545739443581226,0,0,84.06073542412241,93.82898297038099,-9.768247546258578,0,2429.0538057571553,1962.064419340501,2195.559112548828,0.21269725043955912,0.5769645326392477,79.04106427266828,0.035420586300630094,48.41748487689896,22.63001015264992,15.778053238300712,1,42.242075229261815,56.42126920340831,65747.14285714286,109085.4,0.6027125798424249,0,8675659.0,2210.5897724063802,375314.06143115694,0.35204625491205366,0.28504203400678463,0.29542633321709766,0.9648497847255817,0.3705903483008118,0.9455390402712138,1.637042377783035,,,0.04000087341250459,-0.009477862063807433,1.0,1.0,1.0,1.0,1.0,2998.022705078125,-0.0016136102951052056,-0.025159966744032647,0.14709278014692873,0.291,0.5656000895711558
2024-07-23,2230.3036344693105,2315.075081827979,2116.543180630608,2293.919677734375,45811.0,0,1,0.0279717341812189,-0.009180787087908038,-0.011162641989096556,0.06881330366649374,0.17598169473171588,0.02758767072228684,0.13333333333333333,0.6666666666666666,2210.2032836914063,0.037877237202882254,2016.2791528320313,0.1376994472776126,1832.9731567382812,0.2514747798141975,,,2253.174346925881,2171.499021995674,0,0,1,65.06183041007665,0,0,81.6753249302069,91.39825136234617,-9.722926432139275,0,2428.577920498574,1991.828646884239,2210.2032836914063,0.19760592920886938,0.6916806714987078,87.5761240530042,0.03817750242218598,47.00138762993121,23.81244784075368,13.223176437879866,1,72.84842745429998,52.1846557976825,64416.0,107039.73333333334,0.6017952212138047,0,8721470.0,2214.817930203098,376595.4745457328,0.34900103353990747,0.2788093284894159,0.2994635645800184,0.9310292184641262,0.39306792946627866,0.971987406963645,1.6828332920177724,,,0.0865470151916802,-0.00053645420553605,1.0,1.0,0.0,1.0,1.0,2992.528076171875,-0.0018327509317868085,-0.022867605019414428,0.14688671872520537,0.2833,0.5388451402091645
2024-07-24,2291.1753411312147,2534.113723067016,2270.2194691086734,2488.75927734375,259076.0,1,0,0.08493741149725498,0.12291757085733801,0.06442457872357488,0.14110541936636478,0.28331788767321764,0.08152230007257831,0.7222222222222222,0.9333333333333333,2235.1357849121096,0.11347117886245711,2029.9723193359375,0.22600650936850947,1843.6865966796875,0.3498819603211197,,,2289.4181823747836,2194.999781651087,0,0,1,76.04293883288051,1,0,94.41840072369678,92.0022812346163,2.4161194890804722,1,2461.426239339456,2008.845330484763,2235.1357849121096,0.20248474920841977,1.0603937052348569,100.17027618909981,0.04024908198273456,47.430229486042904,34.95055085058629,10.73489889560034,1,89.13849490947435,68.07633253101206,92179.57142857143,113910.16666666667,0.8092304148611678,1,8980546.0,2242.868450543846,398600.7193667956,0.6129439289291014,0.3532394690721736,0.3391178240761488,1.0416422965513419,0.4353003905234711,0.9821024426368782,1.825768795823166,,,0.10603446318038309,-0.0011963525269859273,0.0,0.0,0.0,0.0,0.0,2967.901123046875,-0.008229481060208932,-0.038732829831084836,0.1477611223374396,0.1496,0.36396885513255595
2024-07-25,2445.84959697749,2524.633646857181,2406.033538198664,2420.453125,181681.0,0,1,-0.027445865482278786,0.08467503049978964,0.04757284723322153,0.07742358405102334,0.27784947705640994,-0.027829539724939636,0.6,0.9222222222222223,2256.8999633789062,0.0724680598497733,2042.0718408203124,0.18529283672394675,1853.4220971679688,0.3059373408240116,,,2309.5774043171245,2211.7000293065616,0,0,1,67.97666166360409,0,0,97.8773750105629,93.17729998980563,4.700075020757268,0,2464.9590733349155,2048.840853422897,2256.8999633789062,0.1843760142957463,0.8930449420255485,101.48669279405819,0.041928799093788764,47.828439781003766,32.033110561876235,9.838820700233981,1,72.78050376737832,78.25580871038424,108512.0,117299.73333333334,0.9250830919763386,0,8798865.0,2276.1267377906174,393614.32708010974,0.6424468962200094,0.3567867923760301,0.34562499743372527,1.0322945244851542,0.4399588491656151,0.955147791106449,1.7756589910512615,,,0.04899913468000625,-0.017241394439745712,0.0,0.0,0.0,0.0,0.0,2970.698486328125,0.0009425392441573255,-0.04367537003604216,0.14756271059266277,0.1503,0.36972160847800256
2024-07-26,2433.4258329317745,2523.6357745991622,2420.453150315186,2439.36328125,72424.0,0,1,0.007812651298504392,0.06340396524226799,0.055757168598435936,0.07689603248569199,0.27102559782350477,0.007782290567691448,0.6444444444444445,0.9111111111111111,2277.0724853515626,0.0712716863176101,2054.5236206054688,0.18731332985654303,1863.34669921875,0.30913011640440174,,,2329.544462306798,2228.5639738949644,0,0,1,68.9583618174396,0,0,100.98048841183345,94.7379376742112,6.242550737622253,0,2472.784281773149,2081.3606889299763,2277.0724853515626,0.17189773068762887,0.9146167958850162,101.60783256585133,0.0416534238040119,48.19820648346742,29.709568356789987,9.125155534901037,1,77.30911733759439,79.74270533814904,109236.28571428571,118081.96666666666,0.9250886379852445,0,8871289.0,2294.6247784848656,394180.1505377526,0.6407636469890969,0.3564767888488021,0.34402602217617306,1.03619135143868,0.44371889546264426,0.9626100277369003,1.7895315955733988,,,0.04229899870883617,0.00535961956783381,0.0,0.0,0.0,0.0,0.0,3077.59765625,0.03598452364447313,-0.009262483777312092,0.1809608156011702,0.1108,0.22207608267432746
2024-07-29,2439.413167078713,2475.736580093017,2424.6442184936577,2432.727294921875,26395.0,0,1,-0.0027203764109806627,-0.022514022521968435,0.050774779509680235,0.08365753317245961,0.2675679297694331,-0.0027240833592787855,0.6333333333333333,0.8888888888888888,2293.003942871094,0.060934632269245954,2066.8426806640623,0.17702586543270749,1873.1710119628906,0.2987214084487817,,,2345.418744247579,2243.6871828599205,0,0,1,68.16860800749309,0,0,101.73156138765853,96.13666241690066,5.594898970757868,0,2484.6897146192737,2101.318171122914,2293.003942871094,0.16719183788944392,0.8644593721706627,97.99958463967333,0.040283834873000225,48.54156127861225,28.603199229215793,8.785339410786264,1,75.71992805010157,75.26984971835812,101139.0,117329.9,0.8620053370879887,0,8844894.0,2304.36036137947,394108.3462023848,0.6431690000848683,0.35709452287375704,0.342895805193133,1.041408257160296,0.4429974610816039,0.9599913661244713,1.7846633960340963,,,0.02100209164669238,2.0450348292226686e-05,0.0,0.0,0.0,1.0,0.0,3086.439453125,0.0028729541228509348,-0.0009216263551945492,0.18140586096252004,0.1056,0.2113937505203639
2024-07-30,2431.5296214374825,2447.9452489522528,2394.956733766627,2404.7861328125,33639.0,0,1,-0.01148552991027807,-0.006472751744572625,0.08502924620790697,0.0612106027070447,0.21881960648104903,-0.011551998046919924,0.8555555555555555,0.7666666666666667,2306.3358764648438,0.04268686853129172,2079.093884277344,0.15665105409530888,1883.1519946289063,0.2770005499669647,,,2354.552188642182,2255.6204384119633,0,0,1,64.80329437942619,0,0,98.93175023021877,96.69567997956429,2.2360702506544783,0,2489.5764348373004,2123.095318092387,2306.3358764648438,0.15890188436328553,0.7686366414239615,94.7845082500985,0.039414942957627576,48.219199302410125,27.461028662756014,10.671743504916677,1,69.02856473066193,74.01920337278598,93774.57142857143,95156.73333333334,0.9854748911995518,0,8811255.0,2312.4952719946355,393721.98446173297,0.5604253413255976,0.35632366220857364,0.3427902063419408,1.039480287406849,0.40338823486277686,0.9489653565752401,1.7641655912191683,,,0.022034606097654626,-0.0004923171976129431,0.0,0.0,0.0,0.0,0.0,3125.80224609375,0.012753463518908603,0.04093888752842734,0.18011157917128895,0.0253,0.05096845532093567
2024-07-31,2404.786086933193,2462.963381578937,2337.577517423056,2359.78076171875,129414.0,0,1,-0.018714916257902003,-0.03262430001425187,0.05748599022759504,0.04658109218984552,0.20968356394801657,-0.018892256392608216,0.6777777777777778,0.7333333333333333,2317.013391113281,0.018457972996401166,2090.7104223632814,0.12869804276927022,1892.7223413085937,0.2467654183694163,,,2355.356584500116,2263.3360179161696,0,0,1,59.691664792700934,0,0,92.02056658394622,95.76065730044068,-3.740090716494464,0,2485.2448503428986,2148.7819318836637,2317.013391113281,0.14521405864537143,0.6271087191459715,96.97031938622581,0.041092935818155124,46.800276232994435,24.92474095321842,13.912673219133797,1,58.25065620503745,67.666382995267,106920.0,96784.96666666666,1.1047170204463572,0,8681841.0,2321.880727712084,391300.0122891328,0.5901918867411822,0.36026538657386403,0.34608723825267795,1.0409669781317814,0.40883177231521683,0.9312055493952843,1.7311493799144293,,,0.05313453952584811,-1.9078331480321832e-08,0.0,1.0,1.0,0.0,0.0,3166.41357421875,0.012992289635645138,0.056167309492153095,0.18105738187958242,-0.0534,-0.10804044497573699
2024-08-01,2355.0906800122434,2382.6325356676466,2280.2982273861207,2291.374755859375,66496.0,0,1,-0.028988288644895666,-0.05810455588571817,-0.001109420656573934,-0.012259678580065936,0.1675988846600196,-0.02941674963573611,0.2222222222222222,0.5777777777777777,2322.5317626953124,-0.013415104730270518,2100.828115234375,0.09070072855710129,1901.4734130859374,0.2050522190266438,,,2345.513226247694,2265.4129614675185,0,0,1,52.86588369331361,0,0,80.10026478017562,92.62857879638769,-12.528314016212065,0,2478.7935567200675,2166.2699686705573,2322.5317626953124,0.13456159914335236,0.40030510327111213,97.35346145017581,0.042486922403779215,44.52242799166946,23.053315731476882,17.07066879918046,1,41.868752093639905,56.38265767644645,109875.0,97954.8,1.1216908206642247,0,8615345.0,2330.5007368778006,389372.4070474018,0.6094614979254265,0.3748870460329175,0.35303616161002643,1.0618941819535987,0.41399584861122746,0.9042114941416851,1.6809663220020377,,,0.04466065972833222,-0.0019875073916148724,1.0,1.0,1.0,0.0,1.0,3214.21875,0.015097577957119857,0.07408140147233566,0.18689982514078224,-0.1171,-0.2384301927810619
2024-08-02,2269.2215275648723,2317.4700246895104,2201.563950444938,2303.698974609375,146675.0,0,1,0.005378526021762697,-0.042035820493067866,-0.07435845821613152,-0.014724391837665496,0.1447450669462791,0.0053641134066659745,0.011111111111111112,0.5222222222222223,2325.390734863281,-0.009328221674187332,2110.906892089844,0.0913314003767654,1910.5393225097657,0.20578464283223338,,,2339.0802644571836,2268.2489624409895,0,0,1,53.888926362549014,0,0,70.83130201619406,88.26912344034896,-17.437821424154905,0,2477.842725188357,2172.9387445382054,2325.390734863281,0.1311194613786392,0.4288570775374844,98.67864807834698,0.042834870860277804,41.37900993377857,21.119173676294572,21.33764593272819,1,44.82016209447272,48.31319013105004,93817.71428571429,98704.73333333334,0.9504885036149663,0,8762020.0,2334.8194179824136,390161.30235164386,0.24022853577896522,0.3700854022797865,0.35298535063954645,1.0484440830455366,0.4191415851846612,0.9090748191921032,1.6900074431066325,,,0.05031302940273511,-0.009668094770553661,1.0,1.0,0.0,0.0,1.0,3157.921875,-0.01751494822808808,0.06402529736504436,0.18328455719118492,-0.067,-0.13747768400330845
2024-08-05,2275.45842940362,2473.790788944885,2195.925954579763,2287.832275390625,269383.0,0,1,-0.006887488076188664,-0.030489479147936316,-0.05479174466945114,-0.00982549673503097,0.1311952314568947,-0.006911316296271935,0.022222222222222223,0.4888888888888889,2326.5233520507813,-0.01663042695275376,2119.747275390625,0.07929483007309232,1919.0688610839843,0.1921574685435441,,,2331.1959584469437,2269.6995782150366,0,0,1,52.31460565231431,0,0,61.4963802319071,82.9145747986606,-21.4181945667535,0,2477.420518185965,2175.6261859155975,2326.5233520507813,0.1297190213046185,0.3717965431322472,111.4776613845452,0.04872632604394545,39.98771850753677,27.375264171902053,17.538690429509252,1,41.020397119153294,42.56977043575532,106346.57142857143,105670.6,1.0063969678280564,1,8492637.0,2338.8929537019258,388305.9301512159,0.20966156286120266,0.3715545813908921,0.35254845208392294,1.05391068715413,0.4660453040901498,0.9028135772145542,1.6783675369935656,,,0.12145332389704108,-0.012258782730301681,1.0,1.0,0.0,0.0,1.0,3035.33740234375,-0.03881808274824716,0.021758827532686098,0.2145319954577267,-0.0105,-0.01844554884821028
2024-08-06,2304.996306913116,2410.973095404243,2304.996306913116,2357.385986328125,177705.0,0,1,0.030401577810429403,0.028808570182572657,-0.03360602151880698,0.020277370471882383,0.17808259624270595,0.029948607626901443,0.03333333333333333,0.6,2332.146520996094,0.010822418362140906,2128.838137207031,0.10735802085025657,1928.4705651855468,0.2224122207959707,,,2335.225193505587,2276.194867704895,0,0,1,58.094069674313474,0,0,59.030325800692026,78.13772499906688,-19.10739919837485,0,2478.5552532220336,2185.737788770154,2332.146520996094,0.12555706162356078,0.5861952185101955,112.3107441437647,0.04764206828882546,38.695805040312244,25.231332107141284,16.165123381914068,1,57.67715421022427,47.83923780795012,121386.71428571429,110469.3,1.0988275863585113,0,8670342.0,2348.019366283183,393708.44253601826,0.3018702916771822,0.3761385802527626,0.35639954528838286,1.0553845683175824,0.47172635506892574,0.9302605344305547,1.7293925582639742,,,0.04495521272534457,0.007502311995122224,1.0,0.0,0.0,0.0,1.0,3069.804931640625,0.011355419423969337,-0.002532080369098799,0.21699700202777877,0.0133,0.02339686298233451
2024-08-07,2414.9146172747314,2414.9146172747314,2365.418749155586,2390.715576171875,26603.0,0,1,0.014138367682275277,0.037772557318281885,-0.017269390957916242,0.032628539033609405,0.2012986586803942,0.014039353139893997,0.08888888888888889,0.6888888888888889,2338.3783935546876,0.022381827834812913,2138.49779296875,0.11794156815704997,1938.1871020507813,0.23348028353004555,,,2343.7621754542465,2284.6778831468937,0,0,1,60.56081580398044,0,0,59.084292307352825,74.32703846072407,-15.242746153371243,0,2483.5514530424944,2193.205334066881,2338.3783935546876,0.12416558405427433,0.6802579032288814,108.3977360582534,0.04534112595352095,37.53231467016052,24.534578094370396,15.552328943407705,1,65.65894086818177,54.78549739918646,121416.42857142857,110542.83333333333,1.0983654472226776,0,8696945.0,2352.6484646707213,394084.5655314698,0.3229283294765964,0.37545885098374765,0.3565484199322041,1.0530374838153518,0.4720484706210189,0.9434128999066437,1.753843346119701,,,0.020703369573724317,0.02440356873259151,1.0,0.0,0.0,0.0,1.0,3182.9482421875,0.03685684043982773,0.03126864807433227,0.24312940089742283,0.0402,0.06296773654298773
2024-08-08,2414.9146931281216,2414.9146931281216,2378.291862003309,2383.331298828125,23840.0,0,1,-0.00308873101315299,0.04174214362859896,-0.008921722265290422,0.07534891662352261,0.20056812881702335,-0.0030935109880308653,0.2,0.6777777777777778,2344.8073608398436,0.01642946820777774,2147.9429052734376,0.10958782609015481,1947.1063195800782,0.22403757558658896,,,2349.8497328963817,2291.9855435677255,0,0,1,59.72203919442786,0,0,57.864189328656266,71.03446863431051,-13.170279305654248,0,2485.712727703004,2203.901993976683,2344.8073608398436,0.12018502604213264,0.6367014573181367,103.27095713443623,0.043330508513530694,36.45193149924362,23.913107471387256,15.158378938836925,1,63.890550478221606,62.40888185220923,120016.57142857143,106628.66666666667,1.1255563365877665,0,8673105.0,2354.3520023994506,394010.93018411624,0.3168891059028961,0.3755840262793714,0.35688733606695416,1.0523882142147785,0.47150089650536753,0.9404989512244935,1.748426195784329,,,0.015366235966783185,0.010122122931492901,0.0,0.0,0.0,1.0,1.0,3164.565673828125,-0.005775327451363554,0.012401113276701015,0.2437263075930353,0.0464,0.0725909827846864
2024-08-09,2404.985712027673,2414.7651676121222,2373.751435273125,2386.374755859375,24767.0,0,1,0.001276976068222746,0.012296997479145588,0.011269688511764686,0.06940352794301496,0.17213993981843845,0.0012761614277272003,0.3888888888888889,0.5555555555555556,2348.1353515625,0.016285008558569496,2157.242321777344,0.10621543614685332,1955.9941040039062,0.22003167135038018,,,2355.4689671983806,2298.977337070811,0,0,1,59.968135036081684,0,0,56.491630127569806,68.12590093296238,-11.634270805392575,0,2489.69787136136,2206.5728317636404,2348.1353515625,0.12057441212207888,0.6350618947416579,98.82401250619058,0.041411774183222255,35.37368592517662,23.204224099281927,15.037197413921849,1,64.61939907311823,64.72296347317389,105067.0,103843.93333333333,1.011777930856497,0,8697872.0,2356.2806832851525,394042.5570503979,0.2919330761263082,0.3713664315766114,0.3568634951954439,1.0406400110306173,0.4674289104780276,0.9416999458773958,1.7506588941933994,,,0.01718662680213756,0.009085775532002321,0.0,0.0,0.0,1.0,1.0,3184.546875,0.006314042188198421,0.005726763215295971,0.24440291828045094,0.0431,0.0665293292074685
2024-08-12,2400.9443104760653,2459.021967016422,2389.967424601071,2438.265625,60747.0,0,1,0.021744643842386946,0.019889462929866486,0.06410599958169394,0.06292545840497366,0.1533360602521252,0.02151160130746425,0.7888888888888889,0.5,2353.1423095703126,0.03617431682031635,2168.8848071289062,0.12420245509842943,1965.4007971191406,0.2405946047106415,,,2368.206914552476,2309.2949880285287,0,0,1,64.00619708860089,0,0,58.911926523947386,66.2831060511594,-7.371179527212007,0,2500.1916347090078,2206.0929844316174,2353.1423095703126,0.124981242775365,0.789437966986248,96.95424098125176,0.03976360901255447,34.83666910882171,25.22281830916273,14.232391791420124,1,71.65831913562279,66.72275622898756,104245.71428571429,103044.86666666667,1.011653638438217,0,8758619.0,2359.3890741981213,395363.47892989137,0.214254196070423,0.36194807336022244,0.3584129894058743,1.009863158029535,0.4657762522079477,0.9621768758068947,1.7887263483371416,,,0.02832117293018519,0.006105308724422691,0.0,0.0,0.0,1.0,1.0,3148.780517578125,-0.011231223412867752,-0.020358985343444602,0.24655859661233773,0.0195,0.029066528067991718
2024-08-13,2454.8306116605304,2539.65199458376,2221.571808621649,2253.005615234375,376659.0,1,0,-0.07598024098199929,-0.05468215168316326,-0.022005201171561795,-0.09472738655584023,0.05371853737651655,-0.07902182335047656,0.05555555555555555,0.1,2350.265869140625,-0.04138266022720792,2178.705126953125,0.034103049266312566,1973.0092749023438,0.14191334216910353,,,2350.4836377343067,2305.1254048585915,0,0,1,46.11958830304858,0,0,45.3582328757152,62.09813141607056,-16.739898540355355,0,2502.9665337012652,2197.5652045799848,2350.265869140625,0.129943311150985,0.1815329711036517,112.74895133702742,0.05004379508628007,32.66885873454697,20.14017443333561,22.032603566743152,1,16.606149669064397,50.96128929260183,137100.57142857142,112878.53333333334,1.214584982458177,1,8381960.0,2356.9000223598405,366744.8373418525,0.5719765190425575,0.4350385417895377,0.39594983292118674,1.098721367249905,0.5184238104788071,0.8871316306483301,1.652818489339634,,,0.14118037869560388,0.006793758026478512,1.0,1.0,1.0,1.0,1.0,3089.28662109375,-0.018894265939543686,-0.021734310291083414,0.2510577798332111,0.139,0.24106630285825606
2024-08-14,2339.0246097397167,2339.0246097397167,2258.8435953507083,2277.204833984375,183737.0,1,0,0.010740860380626494,-0.04574718266984268,-0.004645201276581967,-0.05918242726374845,0.061025303266082354,0.010683587084431189,0.25555555555555554,0.14444444444444443,2348.5993896484374,-0.030398779791367264,2187.3469311523436,0.0410807730370839,1979.856358642578,0.150186893126764,,,2339.2099756189327,2303.0572144234643,0,0,1,48.15754923307103,0,0,36.15276119546843,56.90905737195014,-20.75629617648171,0,2503.83223721724,2193.3665420796347,2348.5993896484374,0.1321918486847939,0.2700404367303167,110.83966870619273,0.04867356113602614,30.655891958434722,19.023737141434555,20.81126259271117,1,23.646413115417957,37.303627306701735,124865.42857142857,116651.06666666667,1.0704182322501572,0,8565697.0,2352.752743280729,368718.33080560766,0.5768755018410833,0.43577900487108234,0.3954924499134645,1.1018642832914578,0.5189571064997345,0.8966601876323613,1.6705711819681492,,,0.035210277614208925,0.03817966272418424,0.0,1.0,1.0,1.0,1.0,3037.23583984375,-0.01684880285778456,0.0006254452959773005,0.2524781346244797,0.1258,0.21722264235533628
2024-08-15,2339.0246097397167,2339.0246097397167,2258.8435953507083,2277.204833984375,183737.0,0,1,0.0,-0.06605547376144671,-0.03401273818066619,-0.06647572688826009,0.04410691733925454,0.0,0.03333333333333333,0.08888888888888889,2346.700891113281,-0.02961436516774707,2194.4120581054685,0.037728910380844825,1987.00380859375,0.14604955669209677,,,2329.67072305977,2301.142223279828,0,0,1,48.15754923307103,0,0,28.52849977994174,51.232945853548465,-22.704446073606725,0,2504.5614353956944,2188.840346830868,2346.700891113281,0.13453827446029884,0.27988148512722283,108.64976482639385,0.04771189802732491,28.786708523473344,18.020945843629868,19.71424611959955,1,23.646413115417957,21.299658633300123,125727.14285714286,117825.33333333333,1.0670637570059314,0,8565697.0,2349.8639912550016,368718.33080560766,0.5367121488666365,0.43374527811284685,0.3955815998660125,1.0964748569189284,0.5139125162945206,0.8966601876323613,1.6705711819681492,,,0.035210277614208925,0.027147217866728728,0.0,1.0,1.0,1.0,1.0,3037.23583984375,0.0,-0.010609498819023955,0.24940155633129327,0.1429,0.24868778843224185
2024-08-16,2287.183504186456,2345.0616207845424,2271.3667145271543,2284.938232421875,117469.0,0,1,0.0033960047520051884,0.014173341145524931,-0.044245055666293664,-0.06075036145995394,0.017101432076354284,0.0033902513499083193,0.03333333333333333,0.03333333333333333,2350.13115234375,-0.027740119889419327,2202.1767041015623,0.03758169277068866,1994.228592529297,0.14577548480732017,,,2322.7888014231708,2299.9419276607205,0,0,1,48.874258428394185,0,0,22.846873762450286,45.55573143532883,-22.708857672878544,0,2498.7764571295024,2201.485847557997,2350.13115234375,0.12649958249139495,0.2807097909488647,106.152989214322,0.04645770625572108,26.96744953111034,17.533542295563205,18.736654700115565,1,25.896285844702614,24.396370691846197,138708.0,115349.63333333333,1.202500571451029,0,8683166.0,2351.176296549621,369117.256087821,0.5245586783805393,0.42553502878933364,0.3954997188876861,1.0759426833124424,0.5109267564954152,0.8997052498904947,1.6762444496406759,,,0.03225247195381585,0.004381981828407411,1.0,1.0,1.0,1.0,1.0,3105.870849609375,0.02259785324051622,-0.024215722881234525,0.25858748917351004,0.1401,0.23075893961665034
2024-08-19,2295.166937904102,2300.206374906325,2245.870841123638,2260.93896484375,160326.0,0,1,-0.010503245662219718,-0.007142909982394974,-0.051353470683893065,-0.05981703154638318,-0.0018722427907982286,-0.0105587940482006,0.03333333333333333,0.022222222222222223,2351.603063964844,-0.03855416779744818,2209.7387768554686,0.02317024461196313,2001.0896447753905,0.12985391271540256,,,2313.2734419494136,2297.0528193039077,0,0,1,46.715848268088585,0,0,16.220622645505955,39.68870967736426,-23.468087031858303,0,2495.8192874622623,2207.3868404674254,2351.603063964844,0.12265354277457642,0.18566608900725803,102.45174239777664,0.045313802800889376,25.612863181953585,16.869331058549896,19.804419574495366,1,18.914194066655792,22.81896434225881,158206.0,111238.73333333334,1.4222204376053664,0,8522840.0,2347.9860181283534,367433.31272377993,0.5244559187667788,0.42607102356367754,0.3940755896219603,1.0811911084683288,0.5056407337867385,0.8902554246273061,1.6586384423961675,,,0.024032286862923795,0.004476578551265739,1.0,1.0,1.0,1.0,1.0,3099.626953125,-0.002010352904777135,-0.02052057925047568,0.25669554504642567,0.1492,0.24784288569087995
2024-08-20,2296.164769673764,2348.50450459422,2261.936797610648,2269.37109375,163279.0,0,1,0.003729480997658241,-0.0034400683317840075,-0.04902987756725574,-0.03831274050344402,0.010890569789486992,0.0037225437263333906,0.044444444444444446,0.044444444444444446,2350.375634765625,-0.034464508488534655,2216.113352050781,0.024032047661250947,2007.857890625,0.13024487656524186,,,2306.5192345341193,2295.0023211147295,0,0,1,47.59159528906695,0,0,11.516913419389766,34.054350425769364,-22.537437006379598,0,2497.0558153583847,2203.695454172865,2350.375634765625,0.12481424536838896,0.2238735980271103,101.38844220868332,0.044676889772639596,23.905890231428028,19.231280251449615,18.582679381384494,0,21.367348010462887,22.059275973940448,177993.42857142858,110362.86666666667,1.6128017869364446,0,8686119.0,2346.4691082334666,368042.25865159655,0.526383282094368,0.4253501346963323,0.3900262670717498,1.0905679196680471,0.5052794661277388,0.8935756153165159,1.6648243029490697,,,0.03814612216661509,0.015580166195441067,1.0,1.0,1.0,1.0,1.0,3067.7568359375,-0.010281920266362654,-0.03667398962764523,0.2584179165013638,0.1453,0.2393455961912914
2024-08-21,2270.2193981268656,2353.992939938819,2257.795608827471,2340.32177734375,102328.0,0,1,0.031264469609731504,0.024238530449539608,-0.04016947401136828,0.021361421286155924,0.03276305945707403,0.030785689705027548,0.06666666666666667,0.1111111111111111,2342.953759765625,-0.0011233608050968094,2224.1334619140625,0.052239812681788074,2015.0098303222655,0.16144434738040783,,,2311.719625735601,2298.3593178724345,0,0,1,54.385065811017334,0,0,13.360307863166327,29.915541913248756,-16.55523405008243,0,2474.3799215403715,2211.5275979908783,2342.953759765625,0.11218843839913738,0.48998683981053215,101.01764855887365,0.043163999727220424,22.397309579663936,18.311247028014797,17.31868231404798,0,42.00898563353183,27.43017590355019,183933.57142857142,110671.9,1.6619717509916376,0,8788447.0,2336.6224284182845,371241.4892978212,0.5500259166431429,0.4337359775913058,0.3941776225617641,1.1003566736550177,0.5068501119981846,0.9215127829855762,1.7168741517741632,,,0.04110431823632871,0.0003738059320495824,1.0,1.0,1.0,1.0,1.0,3112.764404296875,0.014671165534415831,-0.011438114876597294,0.261626470380287,0.1776,0.2947193974954463
2024-08-22,2369.8095535956604,2453.8325637846074,2362.624732675284,2423.2470703125,235021.0,0,1,0.035433286897355476,0.07178791997154454,0.07556193110526932,0.051893974438824486,0.07472889288507867,0.03481997379771681,0.9,0.25555555555555554,2343.09345703125,0.0342084576441975,2234.71517578125,0.084365066552761,2022.431201171875,0.1981851688741633,,,2328.877694132047,2307.6102624976247,0,0,1,60.78351257203277,0,0,21.267431634422337,28.185919857483473,-6.918488223061136,0,2474.8719352635703,2211.31497879893,2343.09345703125,0.11248247724551824,0.8041225485239791,101.91001555044392,0.04205514856448447,22.217591055426123,23.85215646310855,15.940816024733248,0,66.13438880862608,43.17024081754028,163699.57142857142,117581.4,1.392223356998398,0,9023468.0,2335.5913356544193,379569.05581772455,0.2634999088494159,0.44411815478039746,0.3993762078148697,1.1120295753478329,0.5091357417315687,0.9541650098046845,1.777708646160631,,,0.03763868415512462,0.012599881151975115,1.0,1.0,1.0,1.0,1.0,3096.130126953125,-0.005343892175324272,0.0022152382406499527,0.2615535893865605,0.156,0.2653106177396678
2024-08-23,2446.0490497739715,2644.431344249204,2409.975112094968,2606.611083984375,654653.0,1,0,0.07566872396888047,0.14860504355729054,0.14465376372122174,0.13933661659673957,0.12362888843377817,0.07294253698328908,1.0,0.45555555555555555,2351.455847167969,0.1085094738749649,2248.463225097656,0.15928562001327096,2031.4197741699218,0.2831474405872059,,,2371.605907955482,2329.7584714966433,0,0,1,70.60288945333548,1,0,41.84743645883873,30.918223177754527,10.929213281084202,1,2523.9066115091036,2179.005082826834,2351.455847167969,0.14667574094476826,1.2397915509138273,111.37760245071476,0.042728891599918634,23.57031204426117,32.48917851180315,13.54393525902797,0,91.05607014189692,66.39981486135163,230973.2857142857,137565.53333333333,1.679005490093345,1,9678121.0,2377.854804126411,429105.81297012407,0.45872142391114673,0.4837478004775901,0.42366746201833233,1.1418101314012594,0.5304573860686069,0.9856981500589622,1.9122255910040522,,,0.08994676405497905,0.009409679987163265,0.0,0.0,0.0,1.0,1.0,3073.45166015625,-0.007324778309364066,0.011923940787674558,0.26218626534289985,0.1124,0.20882416820099395
2024-08-26,2610.2533990054394,2710.292738869836,2544.39208797252,2588.10009765625,281290.0,0,1,-0.0071015528330485855,0.10587361221486669,0.13652494454260777,0.09786861916808376,0.10691193849910285,-0.007126888880812876,0.9777777777777777,0.4,2359.2244873046875,0.09701307000803601,2261.8410546875,0.14424490274973203,2040.6882580566407,0.26824863495853735,,,2404.912706370985,2348.894888249207,0,0,1,68.73189000085662,0,0,56.017818121777964,35.93814216655922,20.079675955218747,0,2558.9347678594086,2159.5142067499664,2359.2244873046875,0.16930163418478372,1.0730190997574862,115.27210591118626,0.04453927652009101,25.204392495640754,33.23038347596829,12.151610019157804,1,74.9974609944508,77.3959733149913,244909.42857142858,144784.16666666666,1.6915484214187457,0,9396831.0,2396.7979352762,427108.2171737158,0.4730836891209612,0.48462688370654433,0.4163724753753097,1.1639263216659832,0.5402444066350786,0.9549153346200754,1.8986458199408294,,,0.06410132708837389,0.00139733734865306,0.0,1.0,1.0,1.0,1.0,3066.1083984375,-0.0023892556417746125,0.009506195803100859,0.26120724952984026,0.1124,0.2100036219703233
2024-08-27,2609.5048728399534,2659.9486964496245,2525.182440046464,2540.749755859375,97855.0,0,1,-0.018295405900163875,0.04848976688609885,0.11195555302444982,0.0627570176824388,0.09963726558543384,-0.018464836555550344,0.9555555555555556,0.37777777777777777,2366.022668457031,0.07384844183098621,2273.195146484375,0.11769979792046814,2048.936389160156,0.24003349703833882,,,2425.8107139845833,2363.106359924034,0,0,1,64.05574957623102,0,0,62.70435406054912,41.2913845453572,21.412969515191925,0,2580.940614120651,2151.1047227934114,2366.022668457031,0.18167023378839858,0.9064972026017294,116.66454523204158,0.04591736945482116,26.434394009240975,30.488496242796312,12.32508529667803,1,65.30883526425563,77.12078880020114,242107.42857142858,145800.86666666667,1.6605349070039495,0,9298976.0,2401.629736682907,425317.9202293553,0.5180177761023542,0.48680261321329776,0.4019675514552422,1.2110495273833108,0.5458849518091579,0.9374447709729102,1.8639093240043623,,,0.053041924373846014,0.008270458782906904,1.0,1.0,1.0,1.0,1.0,3064.210205078125,-0.0006190887968416936,-0.01341351477524888,0.26054289798891217,0.1194,0.2248083413642914
2024-08-28,2554.520658968476,2617.488161290828,2494.74662723106,2503.92724609375,110894.0,0,1,-0.014492773119708646,-0.03939361668548802,0.10747228696940625,0.05059974134729894,0.08370047218132726,-0.014598819204386652,0.9444444444444444,0.28888888888888886,2373.2299926757814,0.05507146539582089,2284.25884765625,0.09616615851696902,2056.59126953125,0.21751331107442629,,,2437.828642001378,2373.5375366773465,0,0,1,60.60274987935317,0,0,64.29110532403138,45.891328701092036,18.399776622939342,0,2596.7619221905525,2149.6980631610104,2373.2299926757814,0.18837780594770093,0.7923458266156381,117.09861586259348,0.04676598173739796,27.121043308384245,28.205801943728215,13.258841243402522,1,57.77436978782813,66.02688868217821,235045.7142857143,147252.2,1.5962119023397563,0,9188082.0,2406.5742424759756,423710.7586470183,0.5269326299114911,0.4894592026297733,0.39536389383920356,1.2379967170923272,0.5503771948169063,0.9238585965949427,1.8368961090558578,,,0.04901960879704112,0.005420015519963309,1.0,1.0,1.0,1.0,1.0,3025.14697265625,-0.012748222154321476,-0.024028691708742667,0.2630126416311613,0.1324,0.24825877861193515
2024-08-29,2524.68337838592,2527.627130437573,2472.393590845876,2488.40966796875,67577.0,0,1,-0.0061972959275107264,-0.0385187689524753,0.0965195048187566,0.042757287747384964,0.07482582435265961,-0.006216578875286876,0.9222222222222223,0.26666666666666666,2383.08173828125,0.04419820268668815,2294.7776928710937,0.08437940446222272,2064.090974121094,0.20557170161956367,,,2445.610338304051,2382.0465834396723,0,0,1,59.15554792010679,0,0,63.56375486437855,49.42581393374934,14.137940930629213,0,2608.781084949922,2157.3823916125784,2383.08173828125,0.18941804894317463,0.7333368067788915,112.67968184324374,0.045281805200195355,27.426283498150564,27.218232418650043,14.211586786707782,1,54.59922889154613,59.22747798120998,221374.0,146735.56666666668,1.5086594547515972,0,9120505.0,2410.019393316899,423291.9639801249,0.5387777360180603,0.4901371978659467,0.38849164472774983,1.2616415424054457,0.5483139234308154,0.9181331714766691,1.8255123202799455,,,0.02219632092845201,0.008289431062564113,1.0,1.0,1.0,1.0,1.0,3017.30419921875,-0.002592526415539309,-0.016446100332242253,0.2626912525200225,0.1332,0.2504541721186005
2024-08-30,2496.7424079265147,2644.431407276285,2480.1274929507053,2601.771240234375,212820.0,0,1,0.04555583179282552,0.024017117086905015,0.11171517755450222,0.06705816362168293,0.1739080864938698,0.04454864046246115,0.9444444444444444,0.6555555555555556,2397.9853515625,0.08498212407306427,2306.564873046875,0.12798528696812445,2073.163868408203,0.25497616463480144,,,2469.6350924471776,2398.3224839429836,0,0,1,65.61546032345831,0,0,71.31260850419403,53.80317284783828,17.50943565635575,0,2640.3626337970754,2155.6080693279246,2397.9853515625,0.20215076132691565,0.9203898294285039,116.36712702055344,0.04472611781582717,28.50065763355483,31.642877653228812,12.778303179644972,1,77.79479209528628,63.38946359155353,237158.57142857142,150989.9,1.570691625258189,0,9333325.0,2425.6311695586037,432987.156102274,0.5634482150978848,0.4847670717848626,0.39513716728502235,1.2268323810581654,0.5524706655954803,0.9599594917998735,1.9086750524783491,,,0.06315079196231667,0.003348620633099614,1.0,1.0,1.0,1.0,1.0,3016.50537109375,-0.00026474895212980076,-0.03092397004741143,0.24959915799298477,0.0483,0.09473193988972334
2024-09-02,2614.4944727952857,2679.3578852882983,2565.397907756864,2652.564208984375,152624.0,0,1,0.01952245761061766,0.05936153421490431,0.09463217411103786,0.17734469503682737,0.18869071851278973,0.019334338853140308,0.9,0.7444444444444445,2416.2219482421874,0.09781479756614564,2319.166335449219,0.1437576375782367,2082.876414794922,0.27351012769787597,,,2497.7780334529,2417.1552043164197,0,0,1,68.05349212412524,0,0,80.6228291364805,59.16710410556673,21.455725030913776,0,2677.8252128557256,2154.6186836286493,2416.2219482421874,0.21653910130553672,0.951718867291912,116.19518777133067,0.043804853951422335,29.701325722581867,31.573183455680024,11.883125252146437,1,87.56980879549117,73.32127659410787,225387.57142857142,154830.83333333334,1.4557021142122084,0,9485949.0,2443.2763172204222,435966.75167263695,0.5481725737589789,0.48645195418405124,0.39528333978170244,1.2306411761565696,0.553179785077846,0.9787002602864467,1.9459370802828013,,,0.04296219376912578,0.004890219541270864,0.0,1.0,1.0,1.0,1.0,3039.28369140625,0.007551228163151125,-0.01836048008835378,0.25041015177348447,0.0549,0.10768439275441409
2024-09-03,2674.3683598987263,2685.345244958012,2592.790145935397,2605.014404296875,146834.0,0,1,-0.01792597688170805,0.046859139726501464,-0.00061255002608962,0.14395260602839088,0.13561709661506427,-0.018088593511069954,0.35555555555555557,0.5444444444444444,2428.603369140625,0.07263888265899669,2331.2458984375,0.11743441824084988,2091.484787597656,0.24553351750125557,,,2514.2759366596656,2431.070700611268,0,0,1,63.513334906853366,0,0,83.20523604839764,63.97473049413291,19.230505554264724,0,2701.6706261913423,2155.536112089908,2428.603369140625,0.2248759600027596,0.8230175544691629,114.50661000356524,0.04395622911515991,30.851540974501233,30.123782940001774,11.197048929705124,1,77.33131553790462,80.89863880956071,152842.0,158198.26666666666,0.9661420647676713,0,9339115.0,2455.7721983905717,433334.6087831882,0.37392558087197053,0.4866566600208473,0.3933264187647793,1.237284445700766,0.5342106476392362,0.9611561020464303,1.9110542571683935,,,0.035529592032177836,0.008220027564459902,1.0,1.0,1.0,1.0,1.0,3033.239501953125,-0.0019886888052652596,-0.01308371259728247,0.2504235919925524,0.0629,0.1234789388362129
2024-09-04,2588.3493358556634,2660.148088583234,2546.6371272866595,2652.21484375,77654.0,0,1,0.01811907042635519,0.019388177844213983,0.02477290045767999,0.16467996386143202,0.06567753173006996,0.01795687634381099,0.5222222222222223,0.24444444444444444,2441.678332519531,0.0862261455272118,2344.4880102539064,0.13125545200069802,2100.5651647949217,0.26261964551284744,,,2535.4973069812554,2447.4517482511737,0,0,1,65.94228176149636,0,0,88.04555873008167,68.78889614132267,19.256662588759,0,2731.6274082739337,2151.7292567651284,2441.678332519531,0.2374998146911584,0.8630577381264029,114.43549223878018,0.04314714266397001,31.192693379975733,27.98946785713389,13.284509491703249,1,87.49458296396375,84.1319024324532,123751.14285714286,152150.86666666667,0.8133449750783073,0,9416769.0,2459.985078726469,434741.6270780764,0.384238459595452,0.43057984913089614,0.3935967784324003,1.0939618226698662,0.5044851068109616,0.9785713571501307,1.9456807838426138,,,0.0427985544097475,-0.006397303759135909,1.0,1.0,1.0,1.0,0.0,3009.511962890625,-0.007822507601929152,-0.01845871971640556,0.2503020681476666,0.1197,0.2060366038121921
2024-09-05,2654.460374850337,2683.0500739608174,2619.4839781499004,2629.9619140625,73860.0,0,1,-0.008390319411694547,-0.00852092282830319,0.03511253243157353,0.1509991284424892,0.08655767256905667,-0.008425716274659566,0.5444444444444444,0.32222222222222224,2454.00986328125,0.07169981401215107,2357.383857421875,0.11562735350988912,2109.300770263672,0.2468406360718975,,,2550.030323455293,2460.9710197927534,0,0,1,63.78633837909446,0,0,89.0593036625396,72.84297764556605,16.216326016973554,0,2754.304355139167,2153.715371423333,2454.00986328125,0.24473780350368596,0.792965831129032,110.80196392250424,0.04213063441338911,31.674810959972874,28.318895580617593,12.740137756468576,1,82.70304970605932,82.50964940264258,120323.28571428571,148556.83333333334,0.8099478362217313,0,9342909.0,2464.3534686931944,434121.91808632866,0.3643463522434898,0.4224474168213152,0.39007709933155904,1.082984408839243,0.4992321255212268,0.9703608308965057,1.929355900592978,,,0.0241699681927053,0.0008466625943326157,1.0,1.0,1.0,1.0,1.0,3012.509033203125,0.0009958658910333984,-0.016872593071232123,0.2503027795578869,0.1225,0.20689784316792262
2024-09-06,2642.535485301285,2652.115166066066,2606.5611906137547,2624.37353515625,71266.0,0,1,-0.0021248896709753495,0.007431487068725096,0.048102950774788766,0.16074497187393844,0.07584366597969172,-0.002127150452207126,0.6666666666666666,0.28888888888888886,2465.909802246094,0.06426177176708495,2369.1530712890626,0.10772645590532538,2118.2454333496094,0.23893742143293265,,,2561.467740640056,2473.0749098196793,0,0,1,63.22727483042097,0,0,88.39283082037673,75.95294828052819,12.43988253984854,0,2773.6885388093992,2158.1310656827886,2465.909802246094,0.24962692170083636,0.757431255127598,106.14139331749048,0.04044446870676549,31.91180397591841,27.45075556353056,13.219225676530515,1,81.01221024196514,83.73661430399609,114662.14285714286,148518.23333333334,0.7720408483434886,0,9271643.0,2468.160436428628,433970.4856990369,0.34334965858577904,0.4224014343997054,0.3900500058505567,1.0829417460938169,0.4948356497379846,0.9682989211898146,1.9252562321681725,,,0.017358037962991173,0.004780894799865228,1.0,1.0,1.0,1.0,1.0,2972.646484375,-0.013232341675583292,-0.017354690121105576,0.22960909255019585,0.1236,0.22769959895167707
2024-09-09,2623.475576420916,2768.7697187281324,2618.186664798845,2726.30908203125,633522.0,0,1,0.03884185902253079,0.02793674066633578,0.09560299380153658,0.20135005224120817,0.12068010570778065,0.03810649554960917,0.9,0.5333333333333333,2480.311975097656,0.09917990535199037,2381.3972900390627,0.14483588833954272,2127.4819848632815,0.2814722293436722,,,2586.827947007932,2491.832996650166,0,0,1,68.62851063275754,0,0,94.9949503577659,79.76134869597573,15.233601661790175,0,2808.8980844406333,2151.725865754679,2480.311975097656,0.26495546741053805,0.8743266984497249,109.31579764690456,0.04009662674250356,32.93098902408672,32.37216989241702,11.918543605607018,1,91.69025673235437,85.13517222679296,195511.42857142858,168755.8,1.158546423716569,1,9905165.0,2505.2151508954908,458577.6579107087,0.374804642690172,0.4344705832430346,0.3956514917373169,1.0981143564889948,0.5030100619208537,0.9846644390793226,2.000036763320298,,,0.05523330238737817,-0.0003421611761074063,1.0,1.0,1.0,0.0,0.0,2961.357177734375,-0.003797729296088348,-0.018542055354863085,0.2294314134696929,0.1143,0.21681775094941413
2024-09-10,2734.19217843626,2788.028758355564,2726.5084080595498,2742.67431640625,158826.0,0,1,0.006002706913482925,0.04285704737436413,0.05415659685714025,0.17192188824528554,0.14050654192627743,0.005984762442797058,0.6777777777777778,0.6222222222222222,2504.79541015625,0.09496939561828766,2393.4878271484376,0.1458902298549926,2136.7744152832033,0.28355819724785597,,,2610.80431153075,2510.4138351506167,0,0,1,69.40545962989515,0,0,100.39047638013335,83.88717423280725,16.503302147326096,0,2835.035830873849,2174.554989438651,2504.79541015625,0.26368654252444407,0.8601601913737554,105.91607469529096,0.038617809654510386,33.99151012090953,32.323549264420535,11.422457667679575,1,89.33850193900115,87.34698963777358,187798.0,172928.7,1.085985148792537,0,10063991.0,2531.5212587517285,459531.0438389495,0.30324947616989484,0.4320529210688023,0.39303201006816996,1.0992817633196448,0.5030671792785835,0.9837324339595173,1.977302046549047,,,0.022430789513727258,0.002891490351173425,1.0,1.0,0.0,0.0,0.0,2983.586181640625,0.0075063569073612335,-0.010913021991798666,0.2271356005763682,0.1373,0.2614453508512439
2024-09-11,2744.2213488400025,2808.5858132037047,2712.288591326228,2746.26708984375,119381.0,0,1,0.0013099526312725374,0.04644672454382248,0.03532539591011541,0.13330048903746072,0.163780608094924,0.0013090953918714558,0.5111111111111111,0.6777777777777778,2528.2485229492186,0.08623304430539579,2405.4885595703126,0.141667075870155,2145.8782458496094,0.27978700336580886,,,2631.6447389635196,2527.8844466093674,0,0,1,69.5835572350636,0,0,103.76029235415217,87.86179785707624,15.89849449707593,0,2857.054696935629,2199.442348962808,2528.2485229492186,0.26010589623749175,0.8315305248853722,105.2290137797328,0.03831710840103315,35.09938191768916,31.60609198270961,10.675820200568989,1,84.36601847702157,88.46492571612572,183049.0,172594.26666666666,1.0605740476508683,0,10183372.0,2550.0572492273623,459687.42729402345,0.2929001546438645,0.42652821677264363,0.3915655668293335,1.089289388304536,0.49849079917606537,0.9778113515111476,1.9495962245284235,,,0.03506476927666767,0.0005640598391498448,1.0,1.0,0.0,0.0,0.0,2935.08203125,-0.01625699659325852,-0.03428494037950003,0.22679165212246866,0.176,0.3314073689217986
2024-09-12,2764.179344966431,2852.992327530334,2734.242384551632,2804.943603515625,161404.0,0,1,0.02136591662510634,0.028842849111513136,0.0767478286833938,0.07608826677284197,0.2241313195682988,0.021140865402176974,0.8222222222222222,0.9,2554.635461425781,0.09798194140393833,2417.96728515625,0.16004199921768936,2155.7315002441405,0.3011562911234354,,,2658.3061027407666,2548.4073471209417,0,0,1,72.40849385649167,1,0,109.8987556198249,92.26918940962597,17.62956621019893,0,2883.317342066516,2225.953580785046,2554.635461425781,0.25732194327036595,0.8807756935093155,106.19479443680204,0.03785986795017944,36.38530008523894,32.06846991455127,9.823106194608865,1,87.37549040932716,87.02667027511664,185130.42857142858,175757.86666666667,1.053326557055551,0,10344776.0,2573.0620061090744,463135.97170098213,0.255427611302367,0.4160622590108324,0.3928424105222297,1.059107285432179,0.49812677137762684,0.983158481166929,1.9704521920561848,,,0.04233594672986111,0.006522400967088799,1.0,0.0,0.0,0.0,0.0,2988.181884765625,0.018091437632838714,-0.014854619016562043,0.2289575687739613,0.263,0.47852506676529233
2024-09-13,2836.4550643435887,2863.8219740699565,2778.875092131578,2838.2529296875,70603.0,0,1,0.011875221352089183,0.034848692281658655,0.07014442528134657,0.09665500660418247,0.23204158224221394,0.011805264204119507,0.7666666666666667,0.9111111111111111,2582.3011962890623,0.09911769152500771,2429.801953125,0.1681005219529047,2166.5315551757812,0.3100445838912412,,,2685.990229963341,2569.87739027402,0,0,1,73.89093621313002,1,0,116.11283968932094,97.03791946556495,19.07492022375598,0,2908.5382311683898,2256.064161409735,2582.3011962890623,0.25267155926516366,0.892278782041273,104.67708640120036,0.03688081682442784,37.64094243187465,30.94859604459531,9.253707299895249,1,93.46775924324858,88.40308937653246,184123.14285714287,173222.13333333333,1.0629308120968155,0,10415379.0,2586.374957085361,463974.3979541037,0.2505697964772357,0.4162957700711109,0.39100868041043624,1.064671427841784,0.4928504115248562,0.9910717060578599,1.9282913993682032,,,0.029929285388857568,0.011234258253345356,0.0,0.0,0.0,0.0,0.0,2965.55322265625,-0.007572719125546135,-0.014606600929458646,0.2250058016345149,0.2625,0.48633042442982
2024-09-16,2857.529542700652,2877.655002760001,2776.6277975210805,2793.806884765625,97004.0,0,1,-0.015659649095039807,0.01731069607092728,0.06229937012663189,0.09959939121224348,0.22115896117804779,-0.015783556668316705,0.7,0.8666666666666667,2608.9445922851564,0.07085711709904463,2440.3744921875,0.14482711309661153,2176.255478515625,0.28376788127431535,,,2702.5774076252305,2586.464760236361,0,0,1,68.5949538241031,0,0,116.11264738886939,100.85286505022584,15.259782338643546,0,2910.8016254915915,2307.0875590787214,2608.9445922851564,0.23140164348376643,0.8062083571762336,104.41638060389467,0.0373742298271465,38.88799090060593,29.756016814233018,8.614182446747183,1,79.31011551325703,86.71778838861094,187429.42857142858,167476.16666666666,1.119140904057564,0,10318375.0,2606.2085405696007,462455.3493532885,0.2755495343860635,0.41964461034626516,0.3934866667965739,1.0664773313989175,0.4513994049675692,0.970862345238065,1.898095032701114,,,0.03616112688024811,0.006791717824554351,0.0,0.0,0.0,0.0,0.0,2982.087646484375,0.005575493874736548,-0.010098355352117783,0.1969079438914276,0.2258,0.4817622095718047
2024-09-17,2796.6035448443104,2971.39126639708,2775.3793215129026,2808.68896484375,376266.0,0,1,0.005326810582104269,0.0013352715268253323,0.07023216292132228,0.12171348797192216,0.1914421232386201,0.005312673308777558,0.7666666666666667,0.7666666666666667,2635.9104858398437,0.06554793113501968,2451.6498193359375,0.14563219538609365,2185.991511230469,0.284858129784215,,,2718.9022625819257,2602.925812429501,0,0,1,69.38615769512353,0,0,115.9764501524246,103.87758207066561,12.098868081758994,0,2904.573213364336,2367.2477583153513,2635.9104858398437,0.20384814201222165,0.8215527523968787,110.95892090962914,0.03950559221704419,40.5351261004485,32.03555517653498,7.527240514201298,1,67.39417646112169,80.0573504058758,231000.85714285713,174094.86666666667,1.3268677104945683,1,10694641.0,2642.9904584353167,464459.6470637745,0.26682438116050905,0.4137978535182486,0.39206303549246735,1.0554370498062393,0.46016193251964777,0.9452437303046217,1.895355926528508,,,0.06978770071647351,0.0010010212566714243,0.0,0.0,0.0,0.0,0.0,2972.396728515625,-0.0032497093035392943,-8.401801582791357e-05,0.1937814637165258,0.2018,0.4314500907074237
2024-09-18,2826.5172213181627,2866.418713191319,2775.629072447194,2793.6572265625,70320.0,0,1,-0.005351870025268601,-0.01571237808249537,0.02470304815221902,0.12266772731313114,0.16854436989775,-0.005366242584634575,0.4111111111111111,0.6555555555555556,2658.577258300781,0.05080911899022816,2462.2014013671874,0.134617673847178,2195.5772265625,0.2724021695817926,,,2730.403026271245,2617.054065328242,0,0,1,67.53539530583328,0,0,113.34896094300302,105.7718578451331,7.577103097869923,0,2897.0324129311816,2420.1221036703805,2658.577258300781,0.17938553704684002,0.7832397741015276,109.51825804066456,0.03920246800478921,42.064608786016606,30.138613452224323,7.081525229367753,1,63.82105715067934,70.17511637501939,150543.42857142858,175552.1,0.8575427384316597,0,10624321.0,2654.670490292314,464083.3035635976,0.1883769625164779,0.41427796450585846,0.3920498394334649,1.0566971921338228,0.4621560935312807,0.9401849087178313,1.855966672506473,,,0.0324984897505978,0.006347536768068046,0.0,0.0,0.0,0.0,0.0,2953.5146484375,-0.006352476402957996,-0.002648288884515737,0.1574921831250185,0.2124,0.5594847306995536
2024-09-19,2836.5550800485594,2852.685392561042,2720.695788046576,2738.174560546875,75533.0,0,1,-0.01986022676228416,-0.019912730733862793,-0.0016406453483952532,0.05242709974002646,0.14888541173156455,-0.020060091734833863,0.26666666666666666,0.5888888888888889,2674.3236328125,0.023875542567458496,2471.869853515625,0.10773411336866999,2204.610109863281,0.24202213729151537,,,2731.5986469290337,2626.0259538629552,0,0,1,61.061332571385336,0,0,105.5726930660785,105.73202488932219,-0.15933182324369,0,2887.611456926489,2461.0358086985107,2674.3236328125,0.15950786321974153,0.6496825428259109,111.12335421736466,0.04058300585305666,42.398321798675475,27.581619985568565,10.0117571053277,1,45.0937179002799,58.76965050402699,138644.42857142858,177275.2,0.7820858674615997,0,10548788.0,2672.3226548361426,462583.201055562,0.23332268817433147,0.420104050273847,0.3952494301542246,1.062883380021381,0.4687002962552384,0.9215126232322178,1.7690287761378611,,,0.048203502587543114,0.01535544628674568,0.0,0.0,0.0,0.0,0.0,2940.376708984375,-0.004448239137759269,-0.014482394684000699,0.15729503582214144,0.2127,0.5689398368691524
2024-09-20,2746.0647772898787,2776.627755881617,2683.24117488344,2695.875732421875,71585.0,0,1,-0.015447820140638502,-0.04016579757814187,-0.01834903735628357,0.016328171544651715,0.12969504299463774,-0.015568380926717045,0.13333333333333333,0.5333333333333333,2678.786865234375,0.006379330662428362,2479.3910693359376,0.08731364154825287,2213.4310607910156,0.21796236629048105,,,2726.1028139279324,2631.200011533986,0,0,1,56.60615697346055,0,0,94.90280239394633,103.56618039024703,-8.663377996300696,0,2889.832707325273,2467.741023143477,2678.786865234375,0.15756822226499387,0.5404861498767167,109.85644184456554,0.04074981666379503,42.031973331539696,25.9068673034093,11.839140385382391,1,35.135291547192885,48.01668886605072,131816.42857142858,178835.8,0.7370807666665655,0,10477203.0,2698.220658793304,461477.3688507944,0.2500111616104326,0.4240891305589856,0.3953305311829637,1.07274570797749,0.4715261835985547,0.9072772619711985,1.7417011377804696,,,0.03464053623654293,0.002881560897062711,1.0,0.0,0.0,0.0,1.0,3005.66552734375,0.022204235994620625,0.024048219212357003,0.1710815170830866,0.1385,0.34395162841972143
2024-09-23,2726.6885767574263,2746.664317246492,2663.265600704644,2674.30224609375,141874.0,0,1,-0.008002403845500772,-0.0427235594023152,-0.04657539540478939,0.026597872811216394,0.09680513011938552,-0.008034594931551873,0.05555555555555555,0.3888888888888889,2683.09697265625,-0.003277826575829308,2486.1145849609375,0.07569548976994131,2222.2263757324217,0.20343376142870637,,,2718.1334957995964,2634.3927696495243,0,0,1,54.4250640015956,0,0,83.74072615007208,99.60108954221204,-15.86036339213996,0,2889.8213668212056,2476.372578491294,2683.09697265625,0.15409386710335699,0.47872837746598484,107.96660432294286,0.040371878115364676,41.341441931714414,24.47745739051911,12.507461001157752,1,30.056238904337608,36.76174945060348,129026.42857142857,181540.03333333333,0.7107326477929949,0,10335329.0,2705.9602500386236,460342.0358076178,0.18669372163873646,0.42216805338488933,0.39009655901287693,1.0822142457579425,0.471973839324356,0.9000168629210649,1.717851162897081,,,0.031185224730549913,0.011429623392866914,0.0,1.0,0.0,0.0,1.0,3041.08203125,0.011783248529835255,0.017703121337449668,0.17312859127135496,0.1393,0.34034307626684157
2024-09-24,2682.941454727209,2709.659005623837,2606.8839260676823,2620.866943359375,47694.0,0,1,-0.019981026008719094,-0.04284154081252989,-0.07659147782578346,-0.011819517737975516,0.16327581504351119,-0.020183346289352602,0.011111111111111112,0.6,2687.10283203125,-0.0246495548597243,2492.3212353515623,0.05157670134350889,2230.7023852539064,0.17490659475000234,1877.2435650634766,0.3961251444059438,2703.169410808793,2633.3908565909946,1,1,1,49.3526614893685,0,0,69.7785542177985,93.63658247732934,-23.85802825953084,0,2885.1352802807073,2489.0703837817923,2687.10283203125,0.1473947672480846,0.3327650613387388,107.59578112531514,0.04105350765628758,39.77394997354621,22.807402112241036,15.397053961782387,1,3.9212098166261398,23.03758008938556,125753.71428571429,170574.53333333333,0.7372361619771746,0,10287635.0,2709.336290085474,459389.060753158,0.14718260385442017,0.35121402677791685,0.392876790454544,0.8939546323710676,0.41598197110501584,0.8820336025747533,1.668871073373939,,,0.03921415385720406,0.0032304533438873555,1.0,1.0,0.0,1.0,1.0,3090.98486328125,0.01640956459524978,0.04229620283552049,0.17183256368109087,-0.101,-0.21033544828751793
2024-09-25,2626.709782343797,2721.6945217222437,2574.8728355963094,2713.404541015625,154910.0,0,1,0.03530801053854238,0.006502083305599093,-0.028778776438853626,0.031727694042622545,0.19155049230597365,0.0346989771680354,0.12222222222222222,0.7666666666666667,2697.576696777344,0.0058674306673800495,2500.3786376953126,0.08519745774050683,2239.918162841797,0.21138557025365307,1884.1942700195314,0.4400874602954281,2704.744046225229,2639.3177961780043,1,1,1,56.85239872054445,0,0,65.42625004722458,87.99451599130839,-22.568265944083805,0,2876.0052099082573,2519.1481836464304,2697.576696777344,0.13228800007360145,0.5443534611160163,110.39763148250223,0.0406860200216148,37.836423399752015,20.640804624528645,16.005560561624392,1,34.937015447062635,22.971488056008813,134026.0,169613.63333333333,0.7901841223848162,0,10442545.0,2713.6378049954214,464858.6246656836,0.30781334671381744,0.36131815959018554,0.3980823702368852,0.9076467249106698,0.4226957311694501,0.9131764543098111,1.7200357711914318,,,0.054109766496881845,0.0022293535348012947,0.0,0.0,0.0,0.0,1.0,3102.174560546875,0.0036201074287198765,0.04026941133137796,0.16439444601273734,-0.0766,-0.17133461753658694
2024-09-26,2741.470657146117,2759.2491148443046,2581.9144309408343,2636.897705078125,177865.0,0,1,-0.02819588261942818,-0.013986654302168167,-0.061164216442592734,0.004772251264578253,0.15795367448979247,-0.028601020159285392,0.03333333333333333,0.5777777777777777,2705.0010986328125,-0.02517684506269109,2506.813095703125,0.05189242452816901,2248.2970227050782,0.17284223501105517,1890.657412109375,0.3946988429470055,2694.3061475872128,2639.138530170606,1,1,1,50.229946434115114,0,0,55.167617416606845,81.42913627636808,-26.26151885976124,0,2857.215038896823,2552.787158368802,2705.0010986328125,0.11254260882995125,0.276290550535108,115.17884951257138,0.04367968059237205,36.453122994768165,20.699799054870542,14.245353324354975,1,15.642367331212348,18.166864198300395,105683.0,169417.9,0.6238006727742464,0,10264680.0,2715.268669981462,459843.564003579,0.3303570782736472,0.37460105433445356,0.4027522155425441,0.9301030258265164,0.43399795757246923,0.8874286381932661,1.6269743423482466,,,0.06725125649051913,0.010343505992654847,1.0,0.0,0.0,1.0,1.0,3119.707763671875,0.005651907325907812,0.04955968149978918,0.16498334912601578,-0.0968,-0.22350815048313022
2024-09-27,2651.7293488350942,2699.6711221585056,2606.8339244605017,2686.38720703125,89166.0,0,1,0.018768078055443116,0.024999462043613807,-0.03839770266420339,-0.014643194809832782,0.17569357845785927,0.018594130745985208,0.1111111111111111,0.6666666666666666,2709.231896972656,-0.008432164838651583,2516.2141796875,0.06763058117925587,2257.0405529785157,0.19022549394876606,1897.568080444336,0.4157000398121176,2693.0878490401415,2642.638432160283,1,1,1,53.96546843209876,0,0,50.44941687985829,75.23319239706612,-24.78377551720783,0,2853.880456449938,2564.5833374953745,2709.231896972656,0.10678196992949517,0.4210338145642089,113.58301724010228,0.04228095523341323,35.16862976156887,19.491298886031995,13.413678009439439,1,28.123376562783438,26.23425311368616,108375.28571428571,168474.46666666667,0.6432742471813871,0,10353846.0,2723.7629735881205,461517.03845147067,0.3703375746410484,0.37665872557444413,0.4002920286401959,0.9409598458754355,0.4347129904177622,0.9040839681435129,1.6501940646954039,,,0.034558382892464344,0.005624656477347049,0.0,0.0,0.0,1.0,1.0,3127.350830078125,0.002449930245150389,0.058857396130603146,0.15181448012668938,-0.0943,-0.23785472311428743
2024-09-30,2682.791941469432,2706.812818227179,2637.047446883932,2697.224365234375,85851.0,0,1,0.004034101329384088,-0.005963053255300332,-0.014955290251590592,-0.01657139927260065,0.19296646533789819,0.004025986160238054,0.2111111111111111,0.7666666666666667,2711.4649047851562,-0.005251972660848289,2525.52865234375,0.06798406849642648,2266.0695812988283,0.19026546558575863,1904.5329345703126,0.4162130337971309,2693.7242361469466,2646.681834610216,1,1,1,54.76610276676558,0,0,47.04240153673072,69.59503422499904,-22.552632688268318,0,2853.7902953765715,2569.139514193741,2711.4649047851562,0.10498044089764272,0.44997189365999113,110.4531853903269,0.04095068501308347,34.060245565757725,19.073767050131654,12.808502274255954,1,30.85645461447433,24.87406616949006,109849.28571428571,165991.96666666667,0.6617747106694463,0,10439697.0,2727.282639227041,461863.3700846996,0.35883927881951433,0.37365047289155945,0.40014683415120944,0.9337834039950509,0.4350973939695102,0.9077311344812754,1.6568511147655332,,,0.025865616610349966,-0.0013383273834865956,0.0,0.0,0.0,1.0,1.0,3132.895751953125,0.001773041202052017,0.0654742783060771,0.1517158014317741,-0.1014,-0.25375074655932356
2024-10-01,2710.1085987072643,2710.1085987072643,2628.308039422449,2644.738037109375,32487.0,0,1,-0.019459385285672814,0.0029733167184116116,-0.01896886221330385,-0.03696983920822916,0.16540571279556726,-0.01965121175147817,0.18888888888888888,0.5888888888888889,2713.4510864257813,-0.025323120678367086,2532.54501953125,0.044300502740476755,2274.4120861816405,0.16282271501179463,1911.3254174804688,0.38371938808604306,2686.187897833474,2646.537849610154,1,1,1,50.21132083317403,0,0,39.65004822332003,63.60603702466324,-23.95598880134321,0,2850.5337140622546,2576.368458789308,2713.4510864257813,0.10103932097559316,0.24937360590057722,108.40656923993322,0.040989530047527346,32.87093299579774,18.045729184827564,12.693985028994348,1,17.619660546918972,25.533163908058935,104263.85714285714,161632.23333333334,0.6450684680439596,0,10407210.0,2731.756163911869,461231.1930349239,0.3660147189666849,0.38089480500261064,0.4020935999383463,0.9472789546041367,0.43345367085696895,0.8900672445996034,1.6246098105623141,,,0.030929550729425388,0.004776848985556932,0.0,1.0,1.0,1.0,1.0,3183.098388671875,0.016024355961238967,0.059032803122618605,0.1547484253977194,-0.1565,-0.39129249276982075
2024-10-02,2710.1085987072643,2710.1085987072643,2628.308039422449,2644.738037109375,32487.0,0,1,0.0,-0.015503785088338717,-0.011054924336827754,-0.057115432269459365,0.13007453193514928,0.0,0.25555555555555554,0.4666666666666667,2713.07724609375,-0.025188818004636213,2535.6645947265624,0.04301572164144,2282.81845703125,0.1585406754371491,1918.1802691650391,0.37877449769650573,2679.8109961836126,2646.404530165652,1,1,1,50.21132083317402,0,0,33.40646601796061,57.566122823322715,-24.159656805362104,0,2850.901797337335,2575.252694850165,2713.07724609375,0.10160016744235568,0.2520789715339056,106.50613995742481,0.040270960096234355,31.766571323692034,17.055745521772156,11.997596555629677,1,17.619660546918972,22.03192523610411,88637.14285714286,159304.2,0.5564017951638617,0,10407210.0,2734.0929400196383,461231.1930349239,0.3643001538549285,0.37322987859711015,0.401890667434686,0.9286851097575345,0.430643228614288,0.8900672445996034,1.6246098105623141,,,0.030929550729425388,0.024717216102558674,0.0,1.0,1.0,1.0,1.0,3183.098388671875,0.0,0.04669928530783518,0.149465355492893,-0.2197,-0.5574811602690836
2024-10-03,2596.846068689137,2616.6720871744174,2576.171227603468,2596.946044921875,77921.0,0,1,-0.018070595846133575,-0.03717833844489471,-0.009127093803105724,-0.08501951402625474,0.071680257757198,-0.018235863075551077,0.2777777777777778,0.2111111111111111,2711.4264526367188,-0.042221468925892354,2539.194453125,0.022744060316373053,2290.633146972656,0.13372411830940623,1924.8126257324218,0.3491942073757417,2667.062542143345,2642.740938666113,1,1,1,46.15739883021017,0,0,24.321603477232202,50.91721895410461,-26.59561547687241,0,2854.1465895129113,2568.706315760526,2711.4264526367188,0.10527310208794693,0.0989339338493149,103.79618778231638,0.03996855767769288,29.778861614608644,16.25096916206258,15.019345480929106,1,5.566754937718443,13.602025343852148,92955.28571428571,154067.53333333333,0.6033411693115901,0,10329289.0,2732.610106158239,459823.11413599737,0.36029038816573655,0.36687570302901246,0.40386599307458587,0.9084094955260518,0.42643174022002805,0.8739831991465623,1.595252143267979,,,0.015595572210730147,-0.01810839778770015,1.0,1.0,1.0,1.0,1.0,3113.064208984375,-0.02200188971121353,0.007143142616262033,0.16262207896642505,-0.1091,-0.2501443909616597
2024-10-04,2586.8583911149453,2593.749924039966,2509.002991394496,2564.135986328125,76446.0,0,1,-0.012634093287347103,-0.030476383539802643,-0.055011537141317235,-0.08220714885122327,-0.016295141963151627,-0.012714582097979196,0.044444444444444446,0.022222222222222223,2708.4145751953124,-0.05327049639613722,2541.6899072265624,0.008831163486050635,2298.1067639160156,0.11576016684220138,1931.3924468994142,0.32761003101389047,2651.227687402542,2636.91834960404,1,1,1,43.557405121031636,0,0,14.309337798501929,43.59564272298408,-29.286304924482153,0,2861.066756996678,2555.7623933939467,2708.4145751953124,0.11272438362975319,0.027427033257455186,102.66382104982085,0.04003836832259304,28.39000482070357,15.256628162006882,18.773607597350484,1,11.923527890779884,11.703314458472454,81746.14285714286,134793.96666666667,0.6064525355151369,0,10252843.0,2730.410391050875,458857.2882405528,0.259470647651545,0.3017917164111867,0.40130931736813863,0.7520177163849399,0.3988409155697575,0.8629412138769705,1.575097578873091,,,0.033050872924578735,-0.0038844294923474766,1.0,1.0,1.0,1.0,1.0,3107.71923828125,-0.0017169484290427972,0.0017873519449522757,0.16116317262504368,-0.0289,-0.05443919131668956
2024-10-07,2556.89461594445,2572.875207294103,2441.335013516168,2466.3046875,122894.0,0,1,-0.03815370922203731,-0.06746730568612291,-0.06469459063565408,-0.12190181313394277,-0.04705977572758735,-0.03890062197884652,0.03333333333333333,0.011111111111111112,2695.41435546875,-0.08499979511643811,2542.361455078125,-0.029915796365701165,2304.602067871094,0.07016509352448906,1937.3459008789061,0.2730327023073803,2622.7779951098432,2624.2803005592964,1,1,0,36.88560042401946,0,0,-1.5023054494531607,34.576053088496636,-36.078358537949796,0,2882.1337570922688,2508.694953845231,2695.41435546875,0.1385459725289971,-0.11351328779079448,104.726419101829,0.04246288774968279,27.930846533395695,13.887851003632964,21.70458708481729,1,5.874060568051347,7.7881144655165775,73893.14285714286,129514.1,0.5705412990334091,0,10129949.0,2724.7644064195133,454168.4262994198,0.29815310437697373,0.3212346865399241,0.40958459216245824,0.7842938740540052,0.3941194616093757,0.8300168057269968,1.5150017638524322,,,0.05333493239688567,-0.002824097638458251,1.0,1.0,1.0,1.0,1.0,3015.156494140625,-0.02978478332290324,-0.03351316131232562,0.18334434462189847,0.1368,0.24071597257737587
2024-10-08,2457.0158982793555,2704.5653415035413,2428.350761568324,2684.18994140625,255932.0,1,0,0.08834482414543521,0.03359480519627023,-0.00081792588173768,-0.03918422207113281,0.056455849387008206,0.08465803217799493,0.36666666666666664,0.13333333333333333,2692.49013671875,-0.003082720786719422,2547.94953125,0.05347060783005851,2313.5217077636717,0.1602181783722612,1944.3708190917969,0.38049281291930614,2632.225986847752,2628.718051733145,1,1,1,53.84283862124638,0,0,3.507935114607335,28.362429493718775,-24.85449437911144,0,2877.9205625619406,2507.059710875559,2692.49013671875,0.1377389824492867,0.4776191116566842,116.97557344707103,0.04357946941183581,26.228677864216117,19.586834752819254,18.04379630869072,1,60.291845433260534,26.02981129736394,97716.85714285714,134783.33333333334,0.7249921390591602,0,10385881.0,2709.851080055577,476778.6938326093,0.634210302579941,0.40287338300419506,0.4431392067831538,0.909135045686304,0.42696691178673557,0.9033444944667042,1.6012871615863775,,,0.10290426011748942,-0.00376627805466331,1.0,1.0,1.0,1.0,0.0,3157.721923828125,0.04728292875164142,0.009711444414198134,0.2297509101984909,0.4653,0.8308222069921607
2024-10-09,2681.693127749495,2701.7188560242275,2624.862244545041,2680.09521484375,61106.0,1,0,-0.0015254980652952277,0.0452235096476612,-0.006350658332843762,-0.02121097264577798,0.07035666432594256,-0.0015266628221757919,0.3111111111111111,0.2111111111111111,2689.18154296875,-0.00337884519130269,2554.3558203125,0.04922548124711426,2322.5331213378904,0.15395349595698626,1951.312646484375,0.37348323943495276,2639.590483462521,2632.5237675191156,1,1,1,53.551645417036426,0,0,7.0667159434055975,24.103286783656138,-17.03657084025054,0,2872.9255531016497,2505.43753283585,2689.18154296875,0.13665422523319395,0.4752744916189979,114.10993330650784,0.042576820657157316,24.648092671406506,18.64452430766727,17.175720483962245,0,72.28282585009595,46.149577283802635,94181.85714285714,133123.73333333334,0.7074760809707146,0,10324775.0,2706.350965002284,476685.47674783133,0.6335616181018798,0.4000122915667634,0.44318701146040373,0.9025812607834114,0.4217056231254689,0.9019664441881001,1.5988444011193954,,,0.02867682127616772,-0.0009301926135103848,1.0,1.0,1.0,1.0,0.0,3150.778564453125,-0.002198850798927343,0.005708077738894257,0.2262317865035731,0.4548,0.8190225391413333
2024-10-10,2696.724770602889,2761.5959343712752,2667.7599489927097,2731.4326171875,88570.0,0,1,0.019155066603386617,0.10750007127312822,0.03278002541714109,0.013189363418350863,0.09766195347453621,0.018973917936301293,0.5,0.3333333333333333,2685.505993652344,0.017101664879434847,2563.1569775390626,0.06565171041923548,2331.992546386719,0.17128702723329423,1958.4240936279298,0.394709463631849,2653.7200424971334,2639.850348976033,1,1,1,56.71253352675302,0,0,13.869693521100544,22.05656813114502,-8.186874610044477,0,2862.30974827948,2508.7022390252077,2685.505993652344,0.13167258240722032,0.6298802268990592,112.66179416879767,0.04124641166685752,23.874122045177383,21.331568150225863,16.153888049176658,0,90.94861091908123,74.50776073414592,102193.71428571429,133823.5,0.7636455053538003,0,10413345.0,2700.249785675687,478382.0409968933,0.6279355882420872,0.4020278041538599,0.44447303426889423,0.9045043751982575,0.42423732348737964,0.9192436715005431,1.6136680079858292,,,0.03435412786246453,0.006204837674063137,1.0,1.0,1.0,0.0,0.0,3171.209228515625,0.006484322412561028,-0.003735090375642014,0.22635029455750053,0.4563,0.8249791920972408
2024-10-11,2734.378994536594,2758.250149038112,2673.253281735449,2691.03173828125,31886.0,0,1,-0.014791094845989616,0.002548924265551644,0.01750407810615262,0.006255647510275297,0.03430758887120078,-0.014901573846428083,0.43333333333333335,0.1,2678.1449340820313,0.004811839731009845,2570.9036328125,0.04672602424126385,2340.905262451172,0.14956883623024503,1965.283890991211,0.36928397501085747,2659.4603033869976,2643.6415629986413,1,1,1,53.62004854955617,0,0,15.818740388356218,20.80900258258726,-4.990262194231043,0,2839.780098158951,2516.5097700051115,2678.1449340820313,0.12070680867189318,0.5398638633889282,110.68572796407376,0.041131335015308385,23.155435035107487,20.16151378564112,15.267833771129954,0,78.82514081254224,80.68552586057316,102107.85714285714,127792.36666666667,0.7990137424185519,0,10381459.0,2696.229015080277,477910.4121466341,0.6387995109671044,0.38535192130232926,0.4354752647180567,0.8848996774864373,0.4128913639647005,0.9056470511688027,1.5898000914297716,,,0.03158523405485733,0.0010786930384274539,1.0,1.0,1.0,0.0,1.0,3134.244140625,-0.011656464530385935,-0.015348016957546506,0.22961889203762867,0.4988,0.8521927710106603
2024-10-14,2705.4141731165164,2810.88617298055,2680.794172241976,2786.515625,110167.0,0,1,0.035482259595992494,0.03970769753508718,0.07299711923118823,0.06320377387350296,0.05049884016451878,0.03486726949621024,0.8,0.1111111111111111,2677.78037109375,0.04060648702934384,2580.8772998046875,0.07967768371277262,2350.3122875976565,0.1855937781988127,1972.6715014648437,0.4125593759177954,2679.007275942844,2654.2248268505937,1,1,1,59.27253908959081,0,0,24.782449092250317,21.603691884519872,3.1787572077304453,1,2838.3464823868385,2517.2142598006617,2677.78037109375,0.11992478025933435,0.838599636718394,112.07189030510949,0.04021936546833808,23.06422239456171,21.844585709234163,14.001922452432845,0,93.62920470798251,87.80098547986869,106714.42857142857,126377.13333333333,0.8444124799852656,0,10491626.0,2694.09144509072,481819.38623954577,0.6458954646997113,0.3942570077689388,0.44022911486594685,0.8955723155407227,0.41419693959866466,0.9377814549407193,1.6462097909796152,,,0.04668626279049626,0.005344580158854756,1.0,1.0,0.0,0.0,1.0,3098.17822265625,-0.011507054444571119,-0.004781779407300291,0.23179946568881563,0.4325,0.7488021799950532
2024-10-15,2798.950866404105,2830.2626927646256,2756.652139122886,2767.339111328125,66546.0,0,1,-0.006881897054453079,0.01314566353007729,0.07924818577621129,0.01987708411968403,0.06231240286560458,-0.006905686515224614,0.8444444444444444,0.17777777777777778,2675.7128784179686,0.034243671527391606,2589.0763623046873,0.0688518699636791,2358.9572497558593,0.17311965344625524,1979.774127807617,0.39780547308831127,2692.5967890790407,2662.603662737818,1,1,1,57.750282316517975,0,0,29.993126341222705,23.28157877586044,6.711547565362267,0,2830.1287413680616,2521.2970154678756,2675.7128784179686,0.11542035335375171,0.7966865941090842,109.32465197201164,0.03950533258627043,23.179147893459092,22.059972975071652,13.328509270958754,0,84.3439379246078,85.5994278150442,105300.14285714286,123700.86666666667,0.851248222382243,0,10425080.0,2665.5997579294944,481361.4235181601,0.6381852557919323,0.39071008738106155,0.4379049574424022,0.8922257689499936,0.41223279748642994,0.931327739508242,1.6348807446680607,,,0.02659975907557337,0.004462649084949954,1.0,0.0,0.0,0.0,1.0,3101.77490234375,0.0011609014811344576,-0.0019127647904215728,0.23165672474756374,0.431,0.7401520254438261
2024-10-16,2780.9225915166344,2837.553763583784,2746.664149896306,2806.841064453125,70896.0,0,1,0.01427434497033575,0.04303528811066415,0.13807555030774155,0.06444821846813542,0.05830079002366828,0.014173425744957037,0.9777777777777777,0.15555555555555556,2676.3720703125,0.048748451528038514,2597.3988720703123,0.08063535971888379,2367.948332519531,0.1853472585977439,1987.1403741455078,0.41250266009017983,2710.1728314442844,2673.2879147167296,1,1,1,60.02762276059297,0,0,36.88491672755481,26.002246366199312,10.882670361355498,0,2833.0045736309094,2519.7395669940906,2676.3720703125,0.11704837683507925,0.9164812263627108,108.0078635231164,0.038480220661927744,23.112460236381175,20.733996489750183,13.18789508055646,0,92.4945078654387,90.15588349934302,97871.85714285714,123475.6,0.7926412760323266,0,10495976.0,2665.08111444101,482373.41747917706,0.5354321182917113,0.3895206946189772,0.4070738618304718,0.9568796504581158,0.40912765621293534,0.9446218329424256,1.658217596402812,,,0.03238146072413503,0.004908498612586111,1.0,0.0,0.0,0.0,0.0,3082.992431640625,-0.006055394506201184,0.022498313978669415,0.23113808115054418,0.4384,0.7523736530193651
2024-10-17,2816.52934445852,2816.52934445852,2717.6994198378693,2786.61572265625,53876.0,0,1,-0.007205731045129782,3.592215860992454e-05,0.03815891702371066,0.03730977997612017,0.05956504835910992,-0.007231817716307874,0.5444444444444444,0.15555555555555556,2678.7941284179688,0.04025004874187853,2605.464560546875,0.06952739440499327,2376.7037329101563,0.17247079813527147,1993.6021850585937,0.397779227742143,2721.9332762461254,2681.6825671566944,1,1,1,58.295025481983664,0,0,40.250709089430984,28.851938910845647,11.398770178585337,0,2840.8545836604194,2516.733673175518,2678.7941284179688,0.12099508022899814,0.8326585565768487,107.35229645865456,0.03852425563590968,22.549974867231814,19.37056879968938,14.247899238881756,0,87.55188972792298,88.13011183932319,69006.71428571429,122809.46666666666,0.5619006104229285,0,10442100.0,2663.9370799497015,481985.20151338965,0.28253739569649167,0.3892612582285563,0.4027922910080563,0.9664069221741154,0.4117150017221146,0.937815142074885,1.6462689263888317,,,0.03546593231966849,0.003451666760933114,0.0,0.0,0.0,0.0,1.0,3010.910400390625,-0.023380541097092866,-0.04649286003611097,0.24161566258565143,0.4405,0.7227696710699947
2024-10-18,2796.503560380809,3034.914206952933,2746.6641877481875,2920.8525390625,897558.0,0,1,0.048171987014518525,0.05547329819680091,0.08983163093807711,0.08291048260966338,0.11297134342143034,0.04704768218099701,0.8555555555555555,0.4,2690.04296875,0.08580144369208786,2616.1541162109374,0.11646807080802539,2386.6982189941405,0.22380471725221954,2000.6159313964845,0.4599766468037997,2752.5362397563367,2699.3988613719393,1,1,1,65.42746592803857,0,0,53.13737838439738,33.70902680555599,19.428351578841387,0,2884.9906393375622,2495.0952981624378,2690.04296875,0.1449401908090337,1.091978271955884,120.27356236908963,0.04117755373151895,23.95070751329541,29.024109029587294,11.808842125879105,0,81.1954266683333,87.08060808723168,188499.85714285713,150352.53333333333,1.2537191955718547,1,11339658.0,2741.9211775354315,525222.3538341669,0.3697436680674982,0.410330047274632,0.41296473708840253,0.9936200610435982,0.44583956095066984,0.9624168394516327,1.72557297173324,,,0.09868694682452697,0.003548331994313848,0.0,0.0,0.0,0.0,0.0,2999.171630859375,-0.0038987442235833836,-0.04811729243818319,0.23863841855764178,0.4008,0.7016945529168408
2024-10-21,2935.384860918942,2963.800300906448,2817.577988815525,2835.3564453125,140695.0,0,1,-0.02927093805887282,0.01015924315078065,0.038047370259497004,0.07207458944079992,0.03999816601865391,-0.029707879553653737,0.5333333333333333,0.08888888888888889,2698.0956787109376,0.05087320204565212,2624.0959326171874,0.08050792277422888,2396.490369873047,0.18312866221227586,2007.202197265625,0.4125913419061888,2765.2778098419003,2709.4697935156846,1,1,1,58.55838409738966,0,0,55.80801632621569,38.12882470968793,17.67919161652776,0,2903.339121397316,2492.8522360245593,2698.0956787109376,0.15213948438213798,0.8343852666009489,122.12704449207773,0.043072907003978984,25.25138782749732,26.541932523301316,10.79893582827607,1,67.10026574155032,78.61586071260221,195946.2857142857,133924.96666666667,1.4631049802833802,0,11198963.0,2751.2780166660523,521104.07920397376,0.4412381360129421,0.40779208364420216,0.418231952067183,0.9750380898174327,0.4439076939836923,0.9342459957572278,1.6750638321615712,,,0.051571051086949676,0.004975369917546952,0.0,0.0,0.0,0.0,0.0,2934.882080078125,-0.02143576917031209,-0.07452272348113709,0.24667736231137447,0.4609,0.7754164525292866
2024-10-22,2835.8060174025827,2840.400535185178,2661.118266936956,2742.619140625,136213.0,0,1,-0.032707459000725025,-0.015788535776045776,0.019170120370523236,0.03700975376094573,-2.0117511189687853e-05,-0.033254304978877054,0.4111111111111111,0.044444444444444446,2704.1832885742188,0.014213478876665407,2633.888203125,0.041281530997023794,2406.2966650390626,0.13976766891312534,2013.49916015625,0.36211586023813863,2761.791860731608,2711.9253007089674,1,1,1,52.16132864355193,0,0,49.86656002264044,40.47637177227844,9.390188250362002,0,2906.989920541563,2501.3766566068743,2704.1832885742188,0.14999473802256522,0.5947598500057191,126.20956047465945,0.046017895304959575,24.338871758317975,23.84885045036272,18.558091330292587,0,51.811295495627036,66.70232930183691,210850.14285714287,133171.2,1.583301365889493,0,11062750.0,2752.939067057607,516648.898091108,0.4878659860417144,0.41956896163715474,0.42368733793765734,0.9902796804819581,0.4565351384707251,0.9036891831544067,1.6202767505475493,,,0.06536899914122467,0.00015855928478620654,0.0,0.0,1.0,1.0,1.0,2821.1396484375,-0.03875536683831515,-0.09989792694485622,0.2695264427860373,0.5036,0.7967912491738365
2024-10-23,2742.6190321477825,2743.7177953528308,2650.9803276287253,2701.119384765625,59424.0,0,1,-0.01513143230303493,-0.07522911593729487,-0.030646244890291996,0.0401137867486514,-0.01643966285911891,-0.015247080523318758,0.16666666666666666,0.022222222222222223,2703.5690307617188,-0.0009060785828736812,2642.366494140625,0.022234951417709422,2414.8567126464845,0.1185423013382107,2019.7812182617188,0.3373326577867108,2752.4576336599184,2711.1248624909417,1,1,1,49.55257530745053,0,0,41.332771168976706,40.64765165161809,0.6851195173586149,0,2906.3324797226155,2500.805581800822,2703.5690307617188,0.1499968720264332,0.49395935014755504,123.81869670676275,0.04583977198679297,23.37615626406436,22.57297459447585,18.150100520370216,0,44.96951230292889,54.62702451336876,203601.14285714287,131172.63333333333,1.5521617404733778,0,11003326.0,2756.5450994831403,515749.72785793245,0.4393940994213705,0.42185749564495834,0.4229778611418521,0.9973512431741244,0.4564192875186373,0.8900150714565208,1.5957596425844576,,,0.03433297626426545,-3.955241757860035e-08,0.0,0.0,1.0,1.0,0.0,2832.87841796875,0.004161002642230516,-0.08563090488062464,0.2664392103780393,0.5017,0.807309054122681
2024-10-24,2692.0805668710555,2697.573895225938,2549.2040415265305,2588.755859375,132805.0,0,1,-0.04159887416467334,-0.08697339847523855,-0.06453247859002642,0.009601625334282993,-0.0770738291741988,-0.04248887691867189,0.044444444444444446,0.011111111111111112,2701.1619384765627,-0.04161397267612876,2648.5975146484375,-0.022593714198731546,2421.5047863769532,0.0690690656235651,2025.6139721679688,0.27801046741611546,2727.2727453083926,2702.0604918897607,1,1,0,43.245984430801606,0,0,25.212253418631917,37.56057200502086,-12.348318586388942,0,2908.3526433605534,2493.971233592572,2701.1619384765627,0.15340857719981418,0.22873764012603615,125.82560003050074,0.04860466064222783,21.994907866739567,20.626299887230314,22.36247852500783,0,26.44490020412731,41.07523600089443,213066.7142857143,130219.33333333333,1.6362141383438784,0,10870521.0,2755.8092759484116,510225.189374493,0.4959833348897653,0.4335709119830293,0.4279769634053983,1.0130706768259676,0.46101910198034046,0.8529914464943383,1.5293778380155227,,,0.057313188944448486,-0.0033463229894793566,0.0,1.0,1.0,1.0,1.0,2827.533447265625,-0.001886763183771789,-0.08841436394075652,0.2601889843328104,0.4688,0.7926619033602037
2024-10-25,2595.4478722354675,2630.605124193641,2489.0270736805205,2532.224609375,102337.0,0,1,-0.021837227251568003,-0.07671299603125148,-0.09783826329034784,0.02672821497242528,-0.10782277967953846,-0.022079188492871566,0.011111111111111112,0.011111111111111112,2693.45380859375,-0.059859648865828445,2653.5432421875,-0.04571948588728798,2427.859973144531,0.04298626666483458,2031.1259002685547,0.246709821897397,2697.2653397801787,2689.4800561479265,1,1,0,40.45625537781042,0,0,7.785283632252231,31.605514330467138,-23.820230698214907,0,2913.999145645688,2472.9084715418126,2693.45380859375,0.16376396457831527,0.1344760642552572,126.95077506497358,0.050134089446475835,21.252663566223493,18.98323822143421,23.966959063079937,0,17.124976553905576,29.51312968698728,217558.2857142857,131277.13333333333,1.6572443363907934,0,10768184.0,2750.9388870709577,507990.4330492493,0.4702455792913906,0.4348584256370786,0.43075133078642724,1.009534723533304,0.4680428092840785,0.8343644784335977,1.495980466613266,,,0.05591054205419191,0.0025850305026767187,1.0,1.0,1.0,1.0,1.0,2690.912109375,-0.04831820398897313,-0.12717524643969957,0.2929078554034984,0.4788,0.7214460591578885
2024-10-28,2556.145629774839,2614.324972525404,2478.739637274087,2587.80712890625,66748.0,0,1,0.021950074778306794,-0.041950110201888435,-0.071344101066254,-0.03590759767526175,-0.07373442916998774,0.021712640077824627,0.044444444444444446,0.03333333333333333,2687.982946777344,-0.037268025822558094,2660.08060546875,-0.027169656593832525,2434.9096911621095,0.06279388442992606,2036.9157409667969,0.2704536947011757,2680.4256150303436,2681.9487282040986,1,1,0,44.26333156270655,0,0,-1.523113173755064,24.9797888296227,-26.502902003377763,0,2913.5066947644655,2462.459198790222,2687.982946777344,0.1678014722954287,0.27790405940572094,127.56752936399813,0.04929560937484364,20.65376269582333,17.542069469904852,22.72345826788146,0,19.610298201002323,21.060058319678422,219397.14285714287,130268.6,1.6841905329230749,0,10834932.0,2748.3915913179535,509455.5566405517,0.5191050393482898,0.4394368429670793,0.43233380568559304,1.0164295208657632,0.4730613975137519,0.8526788411275782,1.5288173497223134,,,0.05239391055724585,0.009446642415241064,1.0,1.0,1.0,1.0,1.0,2796.01318359375,0.03905778782316349,-0.07137283685658502,0.31661032641349546,0.5084,0.7156790521410948
2024-10-29,2596.846150016895,2618.819463593961,2541.91286607423,2586.35888671875,47754.0,0,1,-0.0005596406978414237,-0.0009259168444060162,-0.11451918502229896,-0.03497499924847436,-0.07915795622366761,-0.0005597973551473599,0.011111111111111112,0.022222222222222223,2685.0639892578124,-0.036760800835270155,2666.420361328125,-0.03002582629900753,2441.266856689453,0.059433088861925124,2042.7966326904298,0.2660873066509959,2665.9538106747136,2674.867999205184,1,1,0,44.18406159003083,0,0,-8.914188530470256,18.200993357604112,-27.115181888074368,0,2914.4230437483825,2455.7049347672423,2685.0639892578124,0.1708406618301622,0.28482405510805636,123.94889137512192,0.0479240881888487,20.043739897981858,17.023623197673214,21.716370450201005,0,19.349904744261526,18.695059833056494,97996.57142857143,119318.2,0.8213044734882979,0,10787178.0,2746.4574828004597,509428.831558667,0.3473224261613799,0.4388526397397159,0.4284295109153222,1.024328690155179,0.4608355161377175,0.852201647345895,1.5279617613138428,,,0.029735470167986007,0.003492926891528222,1.0,1.0,1.0,1.0,1.0,2845.916015625,0.017847852908586592,-0.051099314776614335,0.32172266142344597,0.5037,0.6969668322330798
2024-10-30,2584.960598569242,2605.635439631247,2565.5839854645187,2573.424560546875,32191.0,0,1,-0.00500097888127371,0.01627025936772797,-0.09238058417616557,-0.05784805220760769,-0.07883310232967045,-0.0050135256243033,0.03333333333333333,0.03333333333333333,2681.4983154296874,-0.04030349534845578,2671.0824169921875,-0.0365611543185858,2447.607939453125,0.05140391116800419,2048.5811700439453,0.25619848418877683,2651.7185414242767,2667.3536704156795,1,1,0,43.43589098402773,0,0,-15.63512899140278,11.433768887802735,-27.068897879205515,0,2915.6639717924627,2447.332659066912,2681.4983154296874,0.1746528461460191,0.26923653843716977,117.9562172888081,0.04583628333124379,19.477290157129065,16.61074550946656,21.18967852782905,0,17.024317262017647,18.661506735760515,82496.0,118047.23333333334,0.6988389110912383,0,10754987.0,2745.494696802426,509267.8450474999,0.3420577534693443,0.43883555022871173,0.4278351900570183,1.0257116768964876,0.458211534514877,0.8479398049049315,1.5203204568141186,,,0.015563484852346793,-0.0005406396446712915,1.0,1.0,1.0,1.0,1.0,2966.502197265625,0.0423716585375562,0.010773896982824605,0.34514677440414476,0.4621,0.5960608769280921
2024-10-31,2616.522169017754,2813.932559377396,2576.670666567115,2781.7216796875,501798.0,1,0,0.08094160688991026,0.07493392711349744,0.014257371168783228,0.03370080706077938,0.015903704522011175,0.07783251951990504,0.4444444444444444,0.13333333333333333,2690.737097167969,0.033813999374109595,2678.2519091796876,0.03863332278534763,2456.4835424804687,0.13239988446192377,2055.254264526367,0.35346838962942,2671.7190242340034,2675.8253748061848,1,1,1,56.276235831870586,0,0,-4.106350572181327,8.325744995805923,-12.43209556798725,0,2925.4364205940205,2456.037773741917,2690.737097167969,0.1744498365693738,0.6938322215662421,126.70991597035903,0.04555089637313884,19.33780261727717,26.10075417787604,18.316813290971037,0,54.47606901343317,30.28343033990413,134722.42857142858,132256.06666666668,1.0186483839034624,1,11256785.0,2745.7796100396067,549884.1815016432,0.6165711125316792,0.49356041217674596,0.4555894945920427,1.083344585499506,0.476094068606353,0.9165734152598536,1.6433776375762557,,,0.08529318175243729,0.016747181608354776,0.0,1.0,1.0,0.0,0.0,2944.47314453125,-0.007425935080944912,0.043717614674643634,0.34561591257970514,0.3724,0.5417607951209085
2024-11-01,2836.555056708648,2871.512601421606,2798.651139138779,2844.095947265625,43521.0,1,0,0.022422900189328798,0.09965247354896656,0.05293233735109637,0.020663915087727247,0.05498035872395146,0.02217520285403246,0.6222222222222222,0.2222222222222222,2704.7350952148436,0.051524769393252415,2683.0016064453125,0.060042580829366365,2465.7324157714843,0.1534487396418307,2062.2392303466795,0.3791299793998725,2698.238550854253,2688.2898616550324,1,1,1,59.258714486074666,0,0,9.948689199220553,8.65033383648885,1.2983553627317033,1,2941.03113417314,2468.4390562565472,2704.7350952148436,0.1747276761974553,0.7948861366131006,124.07284495348382,0.04362470438902391,19.638072641433588,28.066415922862735,17.369971164681424,0,65.69094128171072,45.73044251905387,132450.57142857142,131320.6,1.0086046776253794,0,11300306.0,2751.9172234630423,550860.0485407829,0.6134241952872438,0.49498599863089976,0.45734465369750926,1.0823041105412958,0.4744689655118959,0.9371256494664176,1.680226930317003,,,0.025618496574589127,0.01971202849715287,0.0,0.0,0.0,0.0,0.0,2946.72119140625,0.0007634801761311483,0.04018625462900327,0.3393237713550988,0.3986,0.5920902194547253
2024-11-04,2852.435628476689,2858.57831468848,2758.4499203003884,2778.32568359375,55665.0,0,1,-0.023125191586840788,0.07962196607128513,0.0732281584345762,0.003970085278183433,0.0388974124566297,-0.0233967739285811,0.7888888888888889,0.17777777777777778,2720.336145019531,0.021317048880296553,2686.8061181640624,0.03406258635893848,2474.3235864257813,0.12286270835218724,2068.911062011719,0.3428927587115452,2710.559648198791,2694.959181798641,1,1,1,54.998609356201335,0,0,15.600466400149799,10.04036034922104,5.560106050928759,0,2930.0571606593717,2510.6151293796906,2720.336145019531,0.15418757422593066,0.6382539999563177,122.36252705595582,0.04404182266266225,19.458005705779602,26.425948026709538,18.701433042425492,0,53.865470061433086,58.01082678552567,121430.57142857143,128446.96666666666,0.9453751581670005,0,11244641.0,2763.5380830603804,549572.7847511014,0.5562855053304138,0.499614789046633,0.45880722834658105,1.08894271532537,0.47549134262808485,0.9154544392815641,1.641371360644053,,,0.03603911340537159,0.00293227843423568,1.0,1.0,0.0,0.0,1.0,2894.669921875,-0.01766413113091636,0.02374383039546335,0.34083638625365137,0.4207,0.6278294141516291
2024-11-05,2781.621841611598,2837.304217794667,2758.1503467182865,2779.624267578125,61989.0,0,1,0.00046739804193696166,-0.000753997829721964,0.09770051885886533,-0.009696593519199825,0.060574354841248734,0.0004672888454963018,0.9,0.2777777777777778,2725.107861328125,0.020005228792459747,2691.5836083984377,0.032709613368493415,2482.3893774414064,0.11973741623204898,2075.8196520996094,0.33904901842828455,2721.1849742571503,2701.2306696341584,1,1,1,55.06729339318173,0,0,19.954304622991913,12.023149203975215,7.931155419016697,0,2935.7069785427775,2514.508744113473,2725.107861328125,0.15456204152742303,0.6294317064834469,119.27619448598614,0.042910905577145136,19.287311036671582,25.173323458166024,17.832900576949253,0,54.09895502373995,57.885122122294604,115666.57142857143,128923.46666666666,0.8971723644976821,0,11306630.0,2778.7967663537397,549601.7582883231,0.5165437666986327,0.4954764539714969,0.4265049024214872,1.161713385141467,0.47327331200696027,0.9158823208939668,1.6421385344041095,,,0.028476464247215217,0.001186382877037103,0.0,0.0,0.0,0.0,1.0,2912.802978515625,0.006264291656742582,0.08245935211617228,0.3374762070505397,0.448,0.6697390417110662
2024-11-06,2780.622997553892,2852.635637521152,2751.6581746627057,2826.6171875,55773.0,0,1,0.016906212997924275,-0.006145629433644606,0.09228278874658025,0.014354855073314576,0.04172346761165202,0.01676489353955343,0.8555555555555555,0.2,2732.4339599609375,0.03446861988950281,2698.0374072265627,0.04765678189970332,2491.1481274414064,0.13466443699722713,2082.9447454833985,0.3570293660593546,2737.4053147560503,2710.518559846443,1,1,1,57.58988200846725,0,0,26.886754909607134,14.9958703451016,11.890884564505534,0,2946.603845478729,2518.264074443146,2732.4339599609375,0.15676125290204873,0.7198797167756774,117.96914222687617,0.041735096902603186,19.26193851049687,24.562512176243803,16.742590601648285,0,62.54826617239787,56.83756375252366,114098.71428571429,125618.9,0.9082925760830122,0,11362403.0,2781.870714868528,550544.6685058563,0.514012982527696,0.48784688167808865,0.42712397757523746,1.1421669287862795,0.4675530970411904,0.9313664224920334,1.6699008782388445,,,0.0357237843543136,0.0003593039488885339,0.0,0.0,0.0,0.0,1.0,3043.3798828125,0.044828608477809784,0.08847122061878365,0.363327721426806,0.4477,0.6122151733904831
2024-11-07,2851.5367384655287,2897.4809381045534,2806.6913020078346,2820.274658203125,59099.0,0,1,-0.002243858604172977,0.015098652709107263,0.09044211639983901,-0.034434426084261394,0.06954268751944892,-0.0022463798271086625,0.8444444444444444,0.3333333333333333,2736.8760620117187,0.030472185916268667,2704.67470703125,0.04274079647040506,2499.726199951172,0.1282334274282577,2089.978751220703,0.3494274315257391,2750.154444517139,2718.648641206197,1,1,1,57.12374321885997,0,0,31.5058033109417,18.29785693826962,13.20794637267208,0,2954.614125079577,2519.13799894386,2736.8760620117187,0.1591143026826081,0.6915112934696562,116.02774893186493,0.04114058486976918,19.621217250914402,25.95042432718085,15.806820789172152,0,70.41078498748266,62.352668727873514,115719.42857142857,121660.03333333334,0.9511704493321298,0,11303304.0,2785.1636335960666,550412.0587062082,0.5159239771919473,0.47969246876038985,0.42722969282814865,1.1227975883065415,0.45640743803180156,0.9292765679312869,1.6661538567850924,,,0.032191771050612286,0.00881603319888139,0.0,0.0,0.0,1.0,1.0,2967.3017578125,-0.024997906252075652,0.04265260869296661,0.3697054620129682,0.462,0.6108514907468566
2024-11-08,2843.596526564708,2843.596526564708,2748.5617988975696,2768.287841796875,56243.0,0,1,-0.01843324594469542,-0.004078402219134247,0.07572138862644184,-0.023654381665664914,0.030487278435238796,-0.01860525529582031,0.7888888888888889,0.15555555555555556,2740.7388671875,0.010051659769266965,2708.0050390625,0.022260964017720035,2507.2849560546874,0.10409781509353687,2096.764298706055,0.32026658576036776,2752.9441979447906,2722.325619027729,1,1,1,53.31457271720453,0,0,30.618578917061768,20.762001334028053,9.856577583033715,0,2957.7925482169317,2523.6851861580685,2740.7388671875,0.15839063226929634,0.5634612011155881,114.52824741295589,0.041371509741059465,19.204704552836983,24.41231874780984,18.495336192526207,0,69.1472763609759,67.3687758402855,119155.42857142857,120562.6,0.9883282922849089,0,11247061.0,2786.0973414331406,549375.3176545408,0.5409933203454601,0.48078734200200013,0.4296393476427875,1.1190486733578655,0.4561780292067789,0.912146984403967,1.63544123296127,,,0.03432978544797996,0.008269360678665889,0.0,0.0,0.0,1.0,1.0,2926.34033203125,-0.0138042670157843,-0.01353845794262154,0.3712301507534271,0.4675,0.617175530335129
2024-11-11,2798.5010931416755,2841.548908770148,2709.4093448412214,2783.319580078125,85660.0,0,1,0.005429976628258837,-0.01531781792502629,0.0005744285642568236,0.014839989574290557,0.03191993070857069,0.005415287455750769,0.43333333333333335,0.16666666666666666,2740.579064941406,0.015595432251334314,2710.620146484375,0.026820221818258102,2514.893240966797,0.10673468548833405,2103.6304931640625,0.32310288766148504,2757.617333657611,2726.8436902166472,1,1,1,54.264237524592204,0,0,30.77364344096395,22.764329755415233,8.009313685548719,0,2957.495503836696,2523.662626046116,2740.579064941406,0.15829971240032636,0.5985183865141511,115.7861985926681,0.041600037387520584,18.3485767725552,22.422300449898827,19.402969500614915,0,72.73701977807815,70.76502704217891,59707.142857142855,120556.23333333334,0.4952638383455039,0,11332721.0,2786.9245514420045,549840.4494525174,0.26727918527825145,0.48088015005420476,0.42870089900531005,1.1217148160173287,0.46141361673396375,0.9170999212108173,1.6443216406331402,,,0.04747552701986801,0.010914057016986098,0.0,0.0,0.0,1.0,1.0,2900.914306640625,-0.008688676813259133,-0.014793423391049276,0.37155680529623597,0.4653,0.6138281131956249
2024-11-12,2784.6681962148714,2791.1103237164957,2656.773469703302,2676.2998046875,94255.0,0,1,-0.03845040869781147,-0.05104994050733891,-0.05899805973122951,-0.009188627580886677,0.011933797274160662,-0.03920913826599449,0.1111111111111111,0.13333333333333333,2736.027099609375,-0.02182993543097666,2712.0458544921876,-0.013180473975201567,2521.6458764648437,0.06133054988651673,2109.8348559570313,0.26848781416757733,2745.1069445852863,2723.0996986959694,1,1,0,46.942783246427524,0,0,22.00724588931689,22.612912982195567,-0.6056670928786758,0,2954.39513148883,2517.65906772992,2736.027099609375,0.15962417324786846,0.3632416695616736,117.11124540841993,0.04375864213841114,17.113228004737465,20.58513315306719,21.023561481524684,0,47.17952755594038,63.02127456499816,66954.85714285714,122615.16666666667,0.5460568946162762,0,11238466.0,2784.278465031483,546216.3061807052,0.3052357421743491,0.4914207353079125,0.4375282086869106,1.1231749760380974,0.46629211948357974,0.8818370544235307,1.58109680152014,,,0.050194994513658255,0.0004845351379695077,1.0,1.0,1.0,1.0,1.0,2867.2958984375,-0.011588900825566406,-0.02695378619476596,0.3683295494942848,0.4947,0.6718793381273639
2024-11-13,2665.8123625462754,2669.757522237104,2576.920323833555,2596.14697265625,59091.0,0,1,-0.029949122998426225,-0.062183153984771145,-0.0655714022345475,0.0028550831684199807,-0.018372732486667598,-0.030406758343102455,0.07777777777777778,0.07777777777777778,2725.492395019531,-0.04745763466434264,2710.9244970703126,-0.04233888643453636,2527.7062536621092,0.02707621540081435,2115.556876220703,0.2271695466274053,2722.190025826973,2713.6957930633976,1,1,0,42.335663119509334,0,0,8.494232763575383,19.78917693847153,-11.294944174896148,0,2949.7263281675673,2501.258461871495,2725.492395019531,0.1645456311364459,0.2115837452713076,115.84469079738602,0.04462177681676451,16.757302025909095,19.323752301576747,24.658973145104003,0,28.038155097029044,49.31823414368254,67444.28571428571,123501.96666666666,0.5460988803224379,0,11179375.0,2780.2864141354275,544446.5825536052,0.3218687425328121,0.4994694223905287,0.43875078434090903,1.1383898108372186,0.467308866984162,0.8554268080160304,1.533744338938995,,,0.0357596081351906,-0.003918635020955432,1.0,1.0,1.0,1.0,1.0,2814.046142578125,-0.018571419813487977,-0.027852494920958537,0.3708437945942361,0.5048,0.6916964178795967
2024-11-14,2636.79761057804,2690.332689906354,2596.1470295171903,2684.040283203125,89729.0,0,1,0.03385529073377036,-0.0356693847108327,-0.0343873758370522,0.05995347856033817,0.03353717665854328,0.033294815357733494,0.2222222222222222,0.2111111111111111,2720.363623046875,-0.013352384047492534,2712.006064453125,-0.010311843183742753,2534.6949609375,0.05892043207060583,2121.4596575927735,0.26518563461570294,2716.320834654073,2711.499088629303,1,1,0,48.32480324207368,0,0,4.821746024770164,16.795690755731258,-11.973944730961094,0,2943.4001789531985,2497.3270671405517,2720.363623046875,0.16397554651647409,0.418570882481242,114.29762125829446,0.042584167597474375,16.185502612854297,19.472171398656748,23.20754744315514,0,49.0280384385005,41.41524036382333,71407.14285714286,123895.56666666667,0.5763494592930782,0,11269104.0,2776.4292610850616,547484.3839358557,0.41279497885879335,0.5059617319471348,0.4382703453138118,1.1544512134054024,0.4706250115759255,0.8843875313028743,1.5856696994450492,,,0.03509100104740713,0.015658064951614876,1.0,1.0,1.0,1.0,1.0,2824.136474609375,0.0035857024085630407,-0.030440268209089405,0.3673514058355238,0.4979,0.6973252776444272
2024-11-15,2636.79761057804,2690.332689906354,2596.1470295171903,2684.040283203125,89729.0,0,1,0.0,0.002892231469010964,-0.050440825495360775,0.03718714320782812,0.04676206625324286,0.0,0.16666666666666666,0.2777777777777778,2708.5230102539062,-0.009039143089460465,2713.1993994140626,-0.01074713351965016,2541.1762353515624,0.056219653664358285,2127.11271484375,0.2618232519945634,2711.354595969312,2709.4651030421787,1,1,0,48.32480324207368,0,0,1.889492927133233,13.814451190011653,-11.92495826287842,0,2910.934668635198,2506.1113518726147,2708.5230102539062,0.14946275709307472,0.43952243846384065,112.86105262478513,0.04204894141532672,15.654546015017699,18.311452545226835,21.824166139260207,0,39.97192895226381,39.01270749593114,76258.0,124338.33333333333,0.6133104566840476,0,11269104.0,2714.3352581565086,547484.3839358557,0.3871291535760323,0.5042843453954012,0.41235701990359697,1.2229313945311167,0.47116043355536863,0.8843875313028743,1.5856696994450492,,,0.03509100104740713,-0.01760132771506166,1.0,1.0,1.0,1.0,1.0,2824.136474609375,0.0,-0.07203944845706023,0.3674365705883649,0.5001,0.6978096072321957
2024-11-18,2696.125467702632,2765.541162591944,2649.082747400877,2706.7626953125,53374.0,0,1,0.008465749285349045,0.04260765042245418,-0.040248549041300374,0.046553403401220717,0.09749728370189459,0.008430115798072743,0.2111111111111111,0.5,2702.0933227539062,0.0017280574728021762,2712.8084716796875,-0.0022286042049419513,2547.102880859375,0.06268290757036747,2133.105906982422,0.2689302891395563,2710.648149714418,2709.264924691832,1,1,0,49.88539552564367,0,0,1.3832250225859752,11.328205956526519,-9.944980933940544,0,2895.510971877375,2508.6756736304374,2702.0933227539062,0.14316133902166076,0.512070699286633,113.11800709380528,0.041790884472325575,14.790962491656977,21.713919872256568,20.219263267886554,0,42.5369105455751,43.84562597877982,75440.14285714286,122021.0,0.6182554056854382,0,11322478.0,2702.3347502727693,547936.2348382119,0.39823231689336186,0.48976378650410474,0.41236251476613733,1.1877020072541362,0.4682479449741788,0.8918745344139732,1.5990935815699259,,,0.04302498161096529,0.004502609210128685,1.0,1.0,1.0,1.0,1.0,2816.044189453125,-0.0028654015940816624,-0.05097478473873929,0.3585130072191745,0.4726,0.6572356655001782
2024-11-19,2706.7628049992973,2786.5657901436703,2661.767401101092,2724.1416015625,79016.0,0,1,0.006420550379276468,0.014940654434410394,-0.01594712788454833,0.058566722073871924,0.01488406596714964,0.006400026448799662,0.35555555555555557,0.15555555555555556,2701.1694458007814,0.00850452229031056,2712.4378173828127,0.004314858060407117,2552.962822265625,0.06705102706703826,2138.833486328125,0.2736576357981057,2712.7240653833537,2710.3669007563262,1,1,1,51.10173132820421,0,0,2.357164627027487,9.533997690626714,-7.1768330635992275,0,2893.9475030397484,2508.3913885618144,2701.1694458007814,0.14273673762944297,0.559581873815759,113.9523200901462,0.041830542151254535,14.216177683408315,21.333184525976822,18.637566967524233,0,45.96827099352249,42.825703497120486,78693.42857142857,116123.8,0.6776683898686451,0,11401494.0,2699.8694920248363,548443.5610469808,0.3928690360008406,0.4247230136663552,0.41055915505842033,1.0344989471880597,0.43641260428356077,0.8976008597941719,1.6093606424715732,,,0.04581200513622228,4.052324108395373e-08,1.0,1.0,1.0,1.0,1.0,2818.841552734375,0.0009933662588559322,-0.036734886274234935,0.32689354690368644,0.3359,0.4410082370353885
2024-11-20,2706.7628049992973,2786.5657901436703,2661.767401101092,2724.1416015625,79016.0,0,1,0.0,0.014940654434410394,-0.021261654227274884,-0.020699438964529526,0.01643463503639664,0.0,0.32222222222222224,0.17777777777777778,2702.320556640625,0.008074928367862366,2711.9953076171873,0.004478729705467166,2558.74193359375,0.06464101197436747,2144.7262176513673,0.2701582044097149,2714.480609410915,2711.387248964191,1,1,1,51.1017313282042,0,0,3.093360446724091,8.24587024184619,-5.152509795122098,0,2895.372100473308,2509.269012807942,2702.320556640625,0.14287834458297863,0.5565161109014161,114.72703930103418,0.04211493236446652,13.6824489328917,19.6756184592189,17.18944755831559,0,45.92619029750355,44.81045727886706,77744.28571428571,116720.8,0.6660705351084443,0,11401494.0,2700.9499453195876,548443.5610469808,0.38973556666433085,0.42468299192179876,0.4092535787179614,1.0377013519397238,0.4407869951092433,0.8976008597941719,1.6093606424715732,,,0.04581200513622228,-0.006379549636199048,1.0,1.0,1.0,1.0,1.0,2818.841552734375,0.0,-0.02829202976398626,0.3270359388275446,0.3358,0.44063523264816584
2024-11-21,2697.174160060288,2865.819433461657,2697.174160060288,2837.154296875,200409.0,0,1,0.04148561706472176,0.048172527938377785,0.06010331574428451,-0.0024407229992711166,0.03870557853862033,0.040648171796093584,0.7222222222222222,0.25555555555555554,2714.740478515625,0.04509227284455155,2712.639521484375,0.04590170363752923,2565.3034033203126,0.10597221880375887,2151.0956982421876,0.31893448496663324,2733.3534844053893,2720.7033265872137,1,1,1,58.66752883863063,0,0,12.650157818175558,9.126727757112063,3.523430061063495,1,2908.986863614985,2520.494093416265,2714.740478515625,0.1431049388599905,0.8150993474003608,118.57834173677237,0.04179481597718572,14.026039741597767,22.450856819375247,15.443212573415522,0,81.18089417605312,57.691785155693076,92909.14285714286,120448.76666666666,0.771358191771795,0,11601903.0,2717.514222093949,556757.6520773047,0.3728963711569976,0.437314789016483,0.4167275191802507,1.0494022326068837,0.44924026837251074,0.934838385340558,1.6761259618041837,,,0.05944169958860682,-0.009899427212867344,1.0,1.0,1.0,1.0,1.0,2181.592529296875,-0.22606769891672207,-0.2391463572051602,0.721718835726414,-0.0986,-0.060404131607808956
2024-11-22,2840.0007550229475,2906.370100269058,2807.040785083216,2892.686767578125,145043.0,0,1,0.019573299472746886,0.061870926944088245,0.1142230382351852,0.04116187121606618,0.07493595353344706,0.019384205919915517,0.9666666666666667,0.4888888888888889,2732.7635864257813,0.05852067919329581,2713.7281982421873,0.06594564977135801,2571.7650756835938,0.12478655026809864,2157.7346087646483,0.3406128612055091,2757.866297201195,2733.4428407346886,1,1,1,61.79561622515553,0,0,24.423456466506195,12.18607349899089,12.237382967515305,0,2922.5454928441127,2542.98168000745,2732.7635864257813,0.13889376114422666,0.9213341096907024,117.20341126884878,0.0405171457146659,14.723007167740745,23.56311018895252,14.508352089297723,0,95.84661041844356,74.31789829733343,105188.0,124220.66666666667,0.8467834123146444,0,11746946.0,2737.4558551409295,559596.6221527302,0.2573963103145306,0.43758996679099815,0.40891933185777,1.0701131805213855,0.4500135710356793,0.9531362570154479,1.7089332772086228,,,0.034338081917180595,0.0010032792897738184,1.0,1.0,1.0,1.0,1.0,2225.900634765625,0.020309982214245403,-0.20900350527787115,0.727486402029509,-0.0837,-0.05086554560866268
2024-11-25,2936.333842798024,3092.644010376021,2833.558756669518,3065.27734375,314694.0,0,1,0.059664453858712996,0.12522687586865278,0.1420385017813175,0.10276679460017935,0.10003953189747494,0.05795230504703214,0.9888888888888889,0.5777777777777777,2756.637097167969,0.11196259634578401,2719.157607421875,0.12728932496718814,2579.7660498046876,0.18819973771732915,2165.2274908447266,0.4156837361020824,2805.1603043625496,2758.0231742913784,1,1,1,69.51706864353761,0,0,47.137130071171214,19.176284813426953,27.96084525774426,0,2985.7018781444426,2527.5723161914952,2756.637097167969,0.166191466560327,1.1736964217422194,127.33782858582408,0.04154202517611065,16.693455890786193,30.58747138644516,12.399843832356215,0,94.69354087467,90.5736818230556,137325.85714285713,131038.23333333334,1.0479831240820334,1,12061640.0,2779.9017243563662,578372.667795344,0.35369350615250406,0.4571476121867104,0.4234077214376616,1.0796865268174292,0.4678687954366681,0.9911510453404259,1.810895847874256,,,0.08452261399274989,0.015088766509082474,0.0,0.0,0.0,0.0,0.0,2255.372802734375,0.01324055867923013,-0.2013938338279737,0.7306248273008454,-0.0448,-0.028359013416135784
2024-11-26,3061.2820326443416,3075.265050085457,2936.433662634377,2967.246337890625,170463.0,0,1,-0.03198112107514739,0.04585300177678575,0.10551483018336927,0.04975174955155648,0.07223806643146058,-0.032503688874199535,0.9111111111111111,0.4666666666666667,2775.6814697265627,0.06901543648051724,2722.3287548828125,0.08996620359261326,2586.989287109375,0.14698825877479305,2172.1975366210936,0.36601128022005275,2830.0966172130225,2773.521186409841,1,1,1,61.86840153533317,0,0,56.57543080318146,26.656114011377856,29.919316791803606,0,3008.442255784074,2542.9206836690514,2775.6814697265627,0.16771433508935082,0.9115058885321212,128.1587970761995,0.04319115519317006,18.523158276471253,28.220708328159215,11.440382622236674,0,75.68510507514368,88.74175212275243,148859.2857142857,134502.13333333333,1.1067429342951118,0,11891177.0,2799.5666306526996,572921.0699535111,0.46361232700393196,0.46794677185859207,0.42740032677018386,1.094867604324997,0.47250666053841295,0.9594529237556347,1.7529813685089077,,,0.046787954770810616,-0.0013034093354732518,1.0,0.0,0.0,0.0,0.0,2148.4736328125,-0.04739756096742509,-0.239245818278074,0.7380649838708714,-0.0079,-0.005099120549339712
2024-11-27,2951.4154240569374,2963.4008674033616,2906.3202910038044,2933.037841796875,72941.0,0,1,-0.011528701091284677,0.013949341031671336,0.08359622617683926,0.03998305032659277,0.04496042862631322,-0.011595671786701409,0.8111111111111111,0.3111111111111111,2793.6621337890624,0.04988996569129725,2725.1163671875,0.07629820036784835,2593.6588842773435,0.13084949589047085,2179.227554321289,0.3459071017989018,2845.9337286874616,2785.3372349570286,1,1,1,59.4118678621791,0,0,60.59649373043294,33.444189955188875,27.152303775244064,0,3015.961413645209,2571.3628539329156,2793.6621337890624,0.15914542933983272,0.8134866385937118,123.35645777695817,0.042057574579871755,19.77911633930922,27.225117275688717,12.780471057653097,0,69.05199959901327,79.81021518294234,151654.57142857142,134570.3,1.1269542494040026,0,11818236.0,2806.6806071904443,572080.1549672118,0.4891813634753713,0.46823694374507013,0.42702895316936706,1.0964992894974952,0.47031658443750174,0.9483916777864969,1.7098395156109236,,,0.019461247852359042,-0.005335220615670766,0.0,0.0,0.0,1.0,1.0,2395.541015625,0.11499670232818815,-0.14932406792586117,0.8235223888148648,-0.0461,-0.026538267261547586
2024-11-28,2932.088994456674,3061.2821920062147,2918.40566116016,2978.832275390625,122859.0,0,1,0.015613311543807074,-0.028201385605656104,0.09349391884843317,0.0760558314835813,0.06897849286199786,0.015492677835950461,0.8555555555555555,0.4444444444444444,2803.5176635742187,0.06253379962403978,2729.929521484375,0.09117552374425815,2600.8996875,0.1453084060515599,2186.5177282714844,0.3623636510578361,2866.379658949487,2799.6702009150727,1,1,1,61.60943294811064,0,0,66.70945803441418,40.09724357103394,26.61221446338024,0,3040.575677444835,2566.4596497036023,2803.5176635742187,0.16911469255263398,0.8697715359922216,124.75074871046507,0.04187907783230463,21.549498322812134,30.602309805036814,11.734940907006221,0,77.93164480219693,74.22291649211799,157917.85714285713,136869.73333333334,1.1537821642295676,0,11941095.0,2838.6065397416864,573998.3908101723,0.48826519726578277,0.4691999032639183,0.4274251247637903,1.0977358982423278,0.4735540109874746,0.9631992125173313,1.6135703772216667,,,0.04796393943573705,-0.0003235032725046125,0.0,0.0,0.0,0.0,1.0,2434.803955078125,0.016390009270152772,-0.13623951203774476,0.8246907514958274,-0.0429,-0.024668885610790267
2024-11-29,2986.3730630962327,3058.3857017207256,2972.390045409494,2992.216064453125,73441.0,0,1,0.004492964969216029,0.008415117492486468,0.09840694871986977,0.07505299997535197,0.024432430064932564,0.004482901733360706,0.9,0.2,2810.9236694335937,0.06449566631457555,2735.856328125,0.09370365457159056,2607.6236987304687,0.14748767849820374,2193.6500439453125,0.3640352857156648,2885.7391059500465,2813.932857473447,1,1,1,62.25268302061607,0,0,71.80624847659965,46.43904455214708,25.367203924452568,0,3062.1509287438053,2559.696410123382,2810.9236694335937,0.1787506804557481,0.8608135429198673,121.98252782480553,0.04076661751600474,23.193424450350555,29.06130122006527,11.144016731771124,0,80.5267920509549,75.83681215072171,157121.42857142858,109399.16666666667,1.4362214389636903,0,12014536.0,2844.7687602200417,574328.3586504766,0.48406435528457087,0.44967629229628986,0.4273621555422677,1.0522136470547057,0.4433336596259167,0.9675268328375481,1.5941078309244174,,,0.028739788323724706,0.002531457634558789,0.0,0.0,0.0,0.0,0.0,2460.8291015625,0.010688805737355533,-0.1270069439783128,0.8260377283133116,-0.0453,-0.02493259393824065
2024-12-02,2992.2160976180035,3000.95548376908,2911.4640720442667,2924.498291015625,86457.0,0,1,-0.02263131136884544,-0.0029115037861285886,0.030785775111642932,0.09273941801789509,0.03143937893611115,-0.022891330027391965,0.5555555555555556,0.2222222222222222,2818.2322998046875,0.03770661177160665,2740.8602490234375,0.06700014787606093,2613.4874169921877,0.11900224657724723,2200.254169921875,0.3291638443387047,2891.702057498597,2822.122889587682,1,1,1,57.0445974982302,0,0,69.57916791091475,51.06706922390062,18.51209868701413,0,3073.9316049418094,2562.5329946675656,2818.2322998046875,0.18146077252385664,0.7077948376784815,119.66173381766322,0.04091701273523633,23.819237616723605,27.508867425609672,14.18550912653623,0,67.39616121034022,75.28486602116404,140842.57142857142,107591.23333333334,1.3090524856446304,0,11928079.0,2850.282510556754,572371.7233634603,0.4840188349047372,0.4460766235853047,0.4237318107816575,1.0527333852099225,0.43768275530345724,0.9456304318258887,1.5580310802472521,,,0.030600603187131422,1.1083717801496124e-08,0.0,1.0,1.0,0.0,0.0,2454.735107421875,-0.0024763987620090022,0.12520329734216396,0.8246124900722116,-0.0589,-0.03222874165371831
2024-12-03,2921.4519647669395,2984.3755455465352,2843.2468941719744,2897.78076171875,137181.0,0,1,-0.009135765057190937,-0.027209156534751977,0.0017609905772444367,0.11618517450646615,0.056574250064626685,-0.00917775207678451,0.4888888888888889,0.4,2824.1401245117186,0.026075419051582498,2746.398525390625,0.055120272942396006,2619.359880371094,0.10629348163804483,2206.7905700683596,0.3131199675322999,2892.6372427632355,2827.7271764122056,1,1,1,55.08645990774984,0,0,64.91006635102985,53.835668649326465,11.07439770170339,0,3081.537817774698,2566.742431248739,2824.1401245117186,0.18228393912110313,0.6430483627757182,121.19508507172735,0.04182341420468378,23.50336878992064,25.220768178539068,17.026109948100167,0,60.75237993991416,69.5584444004031,139719.42857142858,107623.5,1.2982241663895764,0,11790898.0,2855.74919135281,571118.4699771497,0.47699926374238416,0.43532422799603826,0.4241350645901369,1.0263811326628087,0.43104240420813256,0.9369913743697974,1.5437153533407375,,,0.04870232187298176,-0.001041657729137401,1.0,1.0,1.0,1.0,0.0,2511.831298828125,0.023259614136621032,0.1284561671786426,0.8218099626562294,-0.0967,-0.05188513510048063
2024-12-04,2897.780680671852,2910.6649350285747,2839.301654893369,2852.685302734375,146952.0,0,1,-0.015562067213679698,-0.0466312454425819,-0.06935491219060264,0.06283252177198673,0.05611226176213657,-0.01568442729224795,0.07777777777777778,0.3888888888888889,2825.4435302734373,0.00964159154803611,2749.184140625,0.03764795547156218,2624.7813891601563,0.086827769548892,2213.275126953125,0.2888977371111947,2886.4907904511033,2829.575926510144,1,1,1,51.85120335807166,0,0,56.914863940959094,54.45150770765299,2.4633562333061008,0,3083.157849214049,2567.729211332826,2825.4435302734373,0.1824239742747014,0.5528526559426745,117.6356704334044,0.04123682003081359,23.15981047258592,24.12790436428525,16.527891822014343,0,51.66965421892996,59.9393984563948,115756.28571428571,110541.1,1.047178702892279,0,11643946.0,2857.675883087973,568831.5930759651,0.25656408412803827,0.43547516897035016,0.42549558124655623,1.0234540337517892,0.42904839012617063,0.9224098516232165,1.5157435615748314,,,0.02501617688666968,-2.7968609235998134e-08,1.0,1.0,1.0,1.0,0.0,2492.3994140625,-0.007736142460956996,0.10509420484310095,0.8217038018872561,-0.0917,-0.04921724529235859
2024-12-05,2896.382367887639,2914.3605341615303,2828.564827092254,2898.629638671875,145055.0,0,1,0.01610564470376774,-0.008845500926849992,-0.023124706008577856,0.07995012474725605,0.1196998852459139,0.015977324758285307,0.3111111111111111,0.6888888888888889,2829.361279296875,0.02448197756923206,2754.418779296875,0.05235618507212359,2630.6159375,0.10188248970565464,2220.2139331054686,0.30556321417976573,2888.3583055619915,2834.691016299902,1,1,1,54.766028028435564,0,0,53.667289262089525,54.2946640185403,-0.6273747564507772,0,3089.1189386091764,2569.603619984574,2829.361279296875,0.1836157589439081,0.6333326600616613,115.36138733596668,0.039798595100553856,22.696867661363264,22.84617405397349,16.314686425183602,0,56.25984775974045,56.22729397286154,112126.57142857143,110949.43333333333,1.0106096810039717,0,11789001.0,2859.5312973100495,571167.7973684701,0.24471996003531457,0.41632937915230755,0.42456321037858724,0.9806063478299556,0.42082258418508034,0.9372658569647152,1.540155588839579,0.9372658569647152,2.37005015642867,0.02959871310381937,0.015317870888660235,1.0,1.0,1.0,1.0,0.0,2520.17333984375,0.011143449009233919,0.17300640852858384,0.8227009649547301,-0.0903,-0.04639300077542705
2024-12-06,2926.0465724209625,2939.430221047638,2878.5042123884787,2909.916015625,72266.0,0,1,0.0038936940416769428,0.004187775026518015,-0.00788323486399678,0.07505398262814666,0.1491539908630859,0.003886133234988769,0.4222222222222222,0.7888888888888889,2836.4426879882812,0.025903335874848568,2758.88935546875,0.05474183292522421,2637.551767578125,0.10326403879343299,2227.267797241211,0.3064957968814285,2891.674876340916,2840.2632384721314,1,1,1,55.47904315667157,0,0,51.41163786878451,53.71805878858915,-2.306420919804637,0,3096.9110399439596,2575.974336032603,2836.4426879882812,0.1836584628053338,0.641040796482678,111.47314600190902,0.03830802861778349,22.51064279134606,23.560659066963993,15.67776894962843,0,57.5915724321837,55.17369147028472,112030.14285714286,109947.06666666667,1.0189461734053495,0,11861267.0,2862.847248934258,571449.1790620859,0.2403816179026908,0.40905906296231265,0.423976120530088,0.9648162789236222,0.4112765346235208,0.940915283447446,1.5461524834790992,0.940915283447446,2.379278406601232,0.020937377000577632,0.00945858463023573,1.0,1.0,1.0,0.0,0.0,2504.038330078125,-0.006402341263805789,0.045291361636243144,0.8112593980152639,-0.1248,-0.06390778695724629
2024-12-09,2877.505381048516,2988.3707393603468,2877.505381048516,2939.43017578125,96327.0,0,1,0.01014261579982767,0.030408146655268142,-0.013227364271191866,0.07902987645549175,0.1358768367809602,0.010091524647060831,0.37777777777777777,0.7555555555555555,2844.2482177734373,0.03346471570695893,2763.7334716796877,0.06357223151289651,2644.6310620117188,0.11147079001079392,2234.480458984375,0.3154870806600346,2899.021845485583,2847.6089375320657,1,1,1,57.37136919563707,0,0,51.41290795351733,53.25702862157478,-1.8441206680574496,0,3107.356641853198,2581.1397936936764,2844.2482177734373,0.18501087382994305,0.6808797235221903,111.42973259547486,0.0379086169535763,22.790055356470287,25.02345851695676,14.563600129226364,0,64.44136643838792,59.43092887677071,108239.85714285714,110933.03333333334,0.9757225047440675,0,11957594.0,2868.9547897997486,572426.1868142359,0.2264764533605785,0.4062197175999642,0.42306874362959906,0.9601742594239334,0.4060612153375131,0.9504586256676395,1.5618345140869774,0.9504586256676395,2.3659596646629213,0.03771661569826697,-0.011137996561568367,1.0,0.0,1.0,0.0,0.0,2493.49853515625,-0.0042091188442575644,0.024106491184109125,0.8023383263995334,-0.1458,-0.07497224874904444
2024-12-10,2952.3642709419214,2974.687257075775,2915.2594328491155,2958.606689453125,57490.0,0,1,0.006523888143312728,0.020691519185849216,-0.01123226875200356,0.08606934667277999,0.14392735851389782,0.006502699689202547,0.37777777777777777,0.7777777777777778,2858.363562011719,0.03507011101514846,2770.0108447265625,0.06808487594393497,2651.2779321289063,0.11591721622238292,2242.125544433594,0.31955442762707953,2908.1887445575126,2855.8309932299217,1,1,1,58.60256965282523,0,0,52.357751327590904,53.07717316277801,-0.7194218351871058,0,3113.7106055800928,2603.016518443345,2858.363562011719,0.1786665957836801,0.696288012660237,107.71531056913092,0.0364074450832264,23.0495098812285,24.03733414997525,13.989677825533876,0,66.10681678618886,62.71325188558685,105961.14285714286,111257.56666666667,0.9523949339518438,0,12015084.0,2877.5938067492175,572801.2451435949,0.22917628606159313,0.4060091989355492,0.4231294220208527,0.9595390388984585,0.4042620715624712,0.956659311426342,1.5465620447554944,0.956659311426342,2.381394920866772,0.02008642258482974,0.004400204933336695,1.0,1.0,0.0,0.0,0.0,2464.87548828125,-0.01147907106077617,0.001644318460059191,0.8003941633643908,-0.1438,-0.07406849987713363
2024-12-11,2979.031944605011,3039.00915265531,2951.5155578620684,2991.866455078125,177681.0,0,1,0.011241698919820964,0.028162475828541478,0.023035802164584007,0.054530752301181984,0.16260118946029167,0.01117898062492791,0.5444444444444444,0.8333333333333334,2878.1495361328125,0.039510427626393146,2776.9534130859374,0.07739166274070178,2656.30900390625,0.1263247049490173,2249.997800292969,0.32971972447642334,2921.0622384837607,2865.9076941075664,1,1,1,60.721499125706956,0,0,55.15454437619428,53.49264740546127,1.661896970733011,1,3107.998833403983,2648.300238861642,2878.1495361328125,0.1597201913143155,0.7473727792414175,106.27090229942456,0.03551993509571588,23.856850486680884,26.94706544602815,13.166977688114896,0,64.71413962689766,65.0874409504915,118993.14285714286,116107.23333333334,1.024855553275689,0,12192765.0,2892.6412178431206,574798.6814493677,0.18279895968685617,0.40543023786859084,0.4234469290085854,0.9574523041596336,0.40655418691037193,0.96741378737424,1.5543400691761986,0.96741378737424,2.4081658455763466,0.029243816897220797,0.006903673686907543,0.0,1.0,0.0,0.0,0.0,2454.934814453125,-0.0040329314301618124,8.135583780344291e-05,0.7885371642539937,-0.1336,-0.06973729007753597
2024-12-12,2983.376728363939,3029.3209297381413,2951.5155210357084,2972.939453125,67521.0,0,1,-0.006326151998194973,0.011399922889763436,0.025936638271306434,0.027743303024152066,0.06874079992754045,-0.006346246891475856,0.5666666666666667,0.4888888888888889,2892.5944946289064,0.02777608774589094,2784.47328125,0.06768467600105468,2661.8338671875,0.11687640982125418,2257.6279821777343,0.31684204687136625,2929.043348428567,2873.8359725533023,1,1,1,58.874702101329824,0,0,55.20737587526446,53.835593099421914,1.3717827758425472,0,3106.864079958686,2678.324909299127,2892.5944946289064,0.14815044813757652,0.687485681582936,104.23765275678231,0.03506215124805623,24.606523268321904,25.51035712689275,12.464970324125247,0,54.67096051929543,61.830638977460666,109041.71428571429,101631.33333333333,1.0729143336934899,0,12125244.0,2904.1017656416593,574371.5333402975,0.17534924693983378,0.34260340102412673,0.42144198198084215,0.812931353952537,0.3792499232888435,0.9612937807101611,1.5356700390887579,0.9612937807101611,2.3929314224003693,0.026171205276531256,-0.0028376021596071793,1.0,0.0,0.0,0.0,0.0,2501.74072265625,0.019066049301008414,-0.004017218901835706,0.7915510368816258,-0.1596,-0.06945099472127128
2024-12-13,2932.438636740302,3000.356152850092,2856.530824617597,2974.987060546875,128920.0,0,1,0.0006887484438078406,0.00553651526312815,0.042872502513779054,-0.02945582832405813,0.04602204556674372,0.0006885113654504043,0.6333333333333333,0.34444444444444444,2907.1418334960936,0.02333743275579767,2792.690302734375,0.0652763958946718,2667.1901049804687,0.11540120630758721,2265.2684020996094,0.3133044445371015,2936.1116118313835,2881.328645738012,1,1,1,59.01991296514766,0,0,54.78296609337167,54.02506769821187,0.7578983951597991,0,3100.2551553622766,2714.0285116299106,2907.1418334960936,0.13285442054538307,0.6756616954106213,107.06534386219035,0.035988507406317635,23.807318876888058,23.062562594033764,17.605816969445183,0,59.35229067817066,59.579130274787936,106465.71428571429,104477.96666666666,1.0190255197575722,0,12254164.0,2915.3599547186045,574460.3267896732,0.11745566564916428,0.3373454549637413,0.41996539771719527,0.8032696426835378,0.38618653837151756,0.9619558703056674,1.515518304673202,0.9619558703056674,2.3945795501936864,0.04834485841631067,-0.013623155473995768,1.0,0.0,0.0,0.0,0.0,2525.168701171875,0.00936467088833659,0.013147686893395072,0.7924006263781574,-0.1655,-0.07088227759087967
2024-12-16,2968.1452291179403,2984.1258209126363,2897.830722759071,2909.216796875,70361.0,0,1,-0.02210774780976188,-0.027624781869138193,0.0036524701403302107,-0.019556698166448006,0.04711150822028287,-0.022355786601278127,0.4888888888888889,0.36666666666666664,2917.264538574219,-0.0027586602424311433,2801.548544921875,0.03843169241107243,2671.955,0.0887970781225732,2272.5630059814453,0.28014791634725433,2931.97394799194,2883.394434711122,1,1,1,52.59585906333807,0,0,48.57951328081799,52.935956814733096,-4.356443533915105,0,3085.8148340085568,2748.714243139881,2917.264538574219,0.11555365871393683,0.4761265867897749,105.58175488300287,0.03629215773689189,23.06520051341377,21.716154302637573,16.577977246612427,0,34.65661868961279,49.55995662902632,95795.14285714286,104967.83333333333,0.9126142725356453,0,12183803.0,2920.340016182472,572904.8035460305,0.18589977873564106,0.336690716413457,0.42239334625337366,0.797102320384309,0.3845740678177676,0.9406891925208298,1.479869593244361,0.9406891925208298,2.3416407893875912,0.02966265637069788,-0.002299785272907041,1.0,0.0,0.0,0.0,0.0,2510.03271484375,-0.005994049554432057,-0.004023780761298279,0.7913468566209291,-0.1756,-0.0751310643489083
2024-12-17,2871.5626020707923,3111.221493029828,2871.5626020707923,3048.347900390625,517444.0,0,1,0.047824247290568334,0.025364945520958804,0.04757246739160337,0.03931420759409887,0.09667624360131155,0.04671586886812053,0.6444444444444445,0.6333333333333333,2933.474853515625,0.03915937671575071,2808.8317041015625,0.0852725337510652,2678.3906176757814,0.13812670947745487,2280.7713061523436,0.33654255127103533,2949.877632976353,2895.613209946641,1,1,1,62.014839719919244,0,0,54.26442302971236,53.20165005772895,1.0627729719834136,1,3085.357497038999,2781.592209992251,2933.474853515625,0.10355135196836628,0.8781638382443664,115.15869317414807,0.03777741154787197,23.580333181716096,26.37128190388121,14.11363897953021,0,77.7561967517551,57.25503537317954,159392.0,120149.66666666667,1.3266120865920006,1,12701247.0,2941.8804545929197,597651.1733610514,0.3357141251053836,0.3612061158058409,0.42997324375145063,0.8400664949622747,0.40612659241504967,0.9797913479384028,1.5506432426294723,0.9797913479384028,2.452544593749521,0.078619271418569,-0.012943069366523246,0.0,0.0,0.0,0.0,0.0,2485.25634765625,-0.009870933968700202,-0.00750067688512146,0.7910151797592687,-0.1713,-0.07880390480253945
2024-12-18,3074.316274640291,3096.2395998120005,2977.983320376325,3051.693603515625,120477.0,0,1,0.0010975463543945185,0.025783824066330396,0.03819224170022584,0.02445969473573184,0.07962748440466871,0.0010969444907364173,0.6222222222222222,0.6,2949.8524536132813,0.034524150446100514,2816.263671875,0.08359655169783213,2685.30974609375,0.1364400728649065,2289.016043701172,0.33319013290149735,2965.5416284439334,2907.1747205813804,1,1,1,62.20929532686491,0,0,58.366907862553035,54.23470161869377,4.132206243859265,0,3074.975844877094,2824.7290623494687,2949.8524536132813,0.08483366082296674,0.9069628743022947,115.37994933568574,0.03780849728910046,24.0586706594254,24.44066069489925,13.08039035517019,0,78.9398600182492,63.78422515320572,162842.0,122306.46666666666,1.3314259207880532,0,12821724.0,2951.888138203169,597783.4024531897,0.33616692490313066,0.35889344516140287,0.4247140251127004,0.8450237664418272,0.4069375075159559,0.9808667143603998,1.5523451454673867,0.9808667143603998,2.4232328014289473,0.03875103296721575,0.008518835480142609,0.0,0.0,0.0,0.0,0.0,2455.084716796875,-0.01214024898792787,-0.015405590906821143,0.777610569748212,-0.1961,-0.09122600590764783
2024-12-19,2896.4823104902484,2946.4216606711148,2836.5550902732084,2926.74560546875,3414277.0,0,1,-0.04094382145800346,0.006025267217135255,-0.010768948808895007,-0.02188025783370051,0.03775197814721376,-0.04180562547869688,0.36666666666666664,0.2777777777777778,2954.3320190429686,-0.009337614525518009,2820.169931640625,0.03779051490210207,2691.6634545898437,0.08733712622134931,2296.5684338378906,0.2743994746012181,2959.5730095246745,2908.6244157582228,1,1,1,51.58791285472723,0,0,50.94859376645172,53.57748004824536,-2.6288862817936405,0,3068.3930103143866,2840.2710277715505,2954.3320190429686,0.07721609523655854,0.3790716560205307,122.50556104330937,0.041857263171217365,22.634023660331714,21.374836370691,19.685762377345963,0,34.73499485703969,63.81035054234801,642383.0,234145.73333333334,2.743517854692206,1,9407447.0,2929.7850129757235,457989.85455702204,0.438590481453523,0.3811170165065216,0.4296060545495145,0.8871313904227011,0.40853724798048524,0.9407062827335292,1.4887862029901715,0.9407062827335292,2.307560150361801,0.03753881792548554,-0.05086070660782242,0.0,0.0,0.0,0.0,0.0,2417.070556640625,-0.015483848641217879,-0.019394461045965095,0.7760613960265491,-0.1756,-0.08672339484865553
2024-12-20,2927.544738567677,2946.022298480015,2732.581316741368,2777.626708984375,259035.0,0,1,-0.05095041270609235,-0.0888091517938484,-0.07160738933722077,-0.05022112082693142,0.0033735173945776964,-0.05229422958355658,0.05555555555555555,0.13333333333333333,2948.5790161132813,-0.05797786194458169,2821.9018310546876,-0.01568981655671726,2696.4027319335937,0.030123088101359205,2303.47102722168,0.2058439963686436,2931.581270980013,2898.920881923123,1,1,0,42.304627438766,0,0,32.660389056889926,49.39406184997428,-16.733672793084352,0,3085.12263546907,2812.035396757493,2948.5790161132813,0.09261655774500878,-0.12599888568743733,129.00094823583348,0.046442867149344924,21.743701204752835,18.848683256616486,23.116317949566056,0,11.896622456854658,41.85715911071454,654005.0,240905.46666666667,2.714778577046266,0,9148412.0,2926.601377419956,444791.91440169944,0.5191817258955629,0.40792175921374013,0.4421083600842373,0.9226737063646944,0.4248989408433473,0.8927769093930419,1.4022547492198574,0.8927769093930419,2.165960608316968,0.07684293251078737,0.0002730449470681264,0.0,0.0,0.0,0.0,0.0,2342.740478515625,-0.030752134198477,-0.04570155397893649,0.7791806084796539,-0.1329,-0.06971357836219533
2024-12-23,2763.6936240659525,2782.6205889946327,2506.955376301697,2523.68505859375,772496.0,1,0,-0.09142396621159987,-0.17302148037194698,-0.1511145455919114,-0.12909731062715524,-0.09328232494131605,-0.09587670308109643,0.011111111111111112,0.022222222222222223,2921.499401855469,-0.13616786743446316,2816.6452197265626,-0.10401031662811012,2698.761259765625,-0.0648728006370891,2308.915060424805,0.09301771288608203,2868.8280075359726,2871.1256357505767,1,1,0,31.80752268498047,0,0,-2.297628214604174,39.055723837058586,-41.35335205166276,0,3146.659006175586,2696.339797535352,2921.499401855469,0.15413975726102583,-0.3834052281779034,139.4769671256265,0.05526718425132887,22.474693542229986,16.187759385100634,31.407614904680596,0,2.768595131998762,16.46673748196439,754715.7142857143,263800.0,2.860939023069425,1,8375916.0,2886.198645400565,374167.2661991034,0.725269823544159,0.49320316303566586,0.4841666626040301,1.0186640285868385,0.4545796083236525,0.8111557033941958,1.2314057105641358,0.8111557033941958,1.9320087223290248,0.1092312258830514,-0.005016183374589272,1.0,1.0,1.0,1.0,1.0,2336.74609375,-0.0025587062760886736,-0.06595192995502153,0.7792055429804907,-0.1182,-0.07388317070374145
2024-12-24,2523.6851347136408,2588.855988593156,2523.6851347136408,2561.1396484375,372439.0,1,0,0.014841229778735032,-0.12491893943501597,-0.13910897885831464,-0.102200426390328,-0.0430296172530068,0.014732176394946943,0.022222222222222223,0.08888888888888889,2901.1940673828126,-0.11721188277903727,2812.52123046875,-0.08937944336489634,2700.7987963867185,-0.05171031182924935,2314.634680786133,0.10649843350988127,2821.4913369054384,2848.163710764423,1,1,0,34.393268609301,0,0,-26.67237385898443,25.910104297849983,-52.58247815683441,0,3176.6191982162727,2625.7689365493525,2901.1940673828126,0.18987018754103757,-0.11732641810186074,134.16939304518215,0.052386597945581065,23.15347214131591,15.626117914148233,30.31791381544849,0,8.966955226480351,7.877390938444609,789504.1428571428,273072.8,2.8911855844197696,0,8748355.0,2865.8740090140736,379694.7189766657,0.7493584391080191,0.48372869217665515,0.48366967063024013,1.0001220286282126,0.4485982309658714,0.8231942515746005,1.2112000061536385,0.8231942515746005,1.96068210771163,0.02544603685288092,3.016219892602756e-08,1.0,1.0,1.0,1.0,1.0,2370.214599609375,0.014322696825680659,-0.06136386115137149,0.7811741719798386,-0.1177,-0.07198622813094033
2024-12-25,2523.6851347136408,2588.855988593156,2523.6851347136408,2561.1396484375,372439.0,0,1,0.0,-0.07793958052269467,-0.11964634220845793,-0.11643087676044384,-0.013484338362759307,0.0,0.03333333333333333,0.13333333333333333,2882.599157714844,-0.11151724249173033,2807.6072021484374,-0.08778562525496283,2702.503037109375,-0.05230831815200423,2320.345069580078,0.10377533152902968,2781.437230987294,2826.902669110577,1,1,0,34.393268609301,0,0,-45.46543812328309,11.63499581362337,-57.10043393690646,0,3196.5008625319265,2568.697452897761,2882.599157714844,0.21779074206482846,-0.01203848903061118,129.24092596192023,0.05046227215324534,23.783766554752837,15.063288985094399,29.225908810901238,0,8.966955226480351,6.900835194986507,832658.1428571428,283517.73333333334,2.936882053434669,0,8748355.0,2849.2758128609807,379694.7189766657,0.7600867994172595,0.47588464311768813,0.48366967063024013,0.983904247081675,0.4465587350653585,0.8231942515746005,1.2100578300861446,0.8231942515746005,1.9576910849767941,0.02544603685288092,-0.014624159110851095,1.0,1.0,1.0,1.0,1.0,2370.214599609375,0.0,-0.05570370234918576,0.7802289494392708,-0.1295,-0.07794714396327075
2024-12-26,2567.831248602904,2567.831248602904,2483.5837160619567,2550.50244140625,296186.0,0,1,-0.004153310046072445,0.010626279503926472,-0.16331648330578652,-0.12351338399075895,-0.04975254754280789,-0.004161958994391453,0.011111111111111112,0.07777777777777778,2861.182666015625,-0.10858454732707311,2802.8849365234373,-0.09004383013675557,2704.174748535156,-0.056827801979938614,2325.640534057617,0.09668816141431341,2745.9088018209795,2806.4285781695157,1,1,0,33.96901623292467,0,0,-60.5197763485362,-2.7959586188085446,-57.72381772972766,0,3204.5075620343828,2517.857769996867,2861.182666015625,0.23998810009348984,0.04754195193522982,126.02711214613645,0.04941266085463925,24.6174943154756,14.344030527056136,30.10323202857088,0,10.661997699943878,9.531969384301545,801049.8571428572,290399.63333333336,2.758439630064468,0,8452169.0,2834.3515316145194,378464.5666873597,0.6272696426345593,0.46506221708484863,0.48232792344098174,0.9642033862917212,0.4460254124030486,0.8197752706196665,1.2050320847441192,0.8197752706196665,1.9289609009013653,0.033031739618526464,0.0026127431862164987,1.0,1.0,1.0,1.0,0.0,2397.988525390625,0.011717894989688782,-0.03511421360936229,0.7813077857446877,-0.1403,-0.08238619868715215
2024-12-27,2553.8982207758386,2635.798750343152,2532.923694911039,2598.14453125,305568.0,0,1,0.018679491958252026,0.014448600190573702,-0.1486220870087107,-0.11610605597751344,-0.03200240789628439,0.01850717283006071,0.03333333333333333,0.1111111111111111,2841.4790893554687,-0.08563658237606954,2796.4307763671877,-0.070906902753652,2706.2924462890624,-0.03996165129432244,2331.1432751464845,0.11453661340774418,2723.175837117752,2791.0001302495516,1,1,0,37.67707440936838,0,0,-67.82429313179955,-15.801625521406747,-52.0226676103928,0,3198.1144228606663,2484.843755850271,2841.4790893554687,0.25102091008953586,0.15884681740049425,124.37339380942046,0.04787008278926764,24.56569796893972,17.399982260929146,28.324675441385423,0,18.252695964460358,12.62721629696155,827491.4285714285,297594.26666666666,2.78060272410522,0,8757737.0,2822.8354109198326,384172.42168605886,0.6657600968721382,0.4687292810969923,0.4831392283512127,0.9701743381438999,0.4470941047344341,0.8350882561947804,1.2275414718805324,0.8350882561947804,1.9457555877892005,0.03959558607873837,0.0013314158475050421,1.0,1.0,1.0,1.0,0.0,2407.67919921875,0.004041167722663053,-0.0193091168112417,0.7815812614553126,-0.1354,-0.08011838799300787
2024-12-30,2597.8448841155787,2679.4957181318987,2576.221243959749,2656.873291015625,298753.0,0,1,0.022604115767712818,0.03737931378967563,-0.09220900988075531,-0.10198496458252548,-0.018431392003174896,0.022352428462735267,0.1,0.12222222222222222,2828.0978393554688,-0.06054406815673191,2792.86111328125,-0.04869122263865701,2708.4785229492186,-0.019053218069235964,2336.9396600341797,0.13690282057893013,2712.975445409733,2781.0648088248163,1,1,0,42.00086819766453,0,0,-68.08936341508343,-26.259173100142085,-41.83019031494134,0,3191.6338568719784,2464.561821838959,2828.0978393554688,0.2570887134508476,0.2645012597244677,122.86632812104399,0.0462447074674294,24.023737668773858,18.8956394866175,26.624095628324532,0,27.609806374439923,18.84150001294807,382416.5714285714,305773.56666666665,1.2506528134443213,0,9056490.0,2814.4079120108104,390925.46908401034,0.6999966943754146,0.47290316206173044,0.47823857120675883,0.9888436243618632,0.44605580786373905,0.8539646878140646,1.2552889614205887,0.8539646878140646,1.949098248814816,0.03887068100740019,-0.00011533120302478188,1.0,1.0,1.0,0.0,0.0,2589.90771484375,0.07568637702403636,0.0715068733629951,0.8150130618136823,-0.0874,-0.05004215922777142
2024-12-31,2606.834140274599,2636.747762962109,2585.709892192928,2618.22021484375,112930.0,0,1,-0.01454833254660004,0.026550758132253716,-0.057389459002902266,-0.1248873390054498,-0.038882481974503835,-0.014655197272002205,0.2111111111111111,0.1111111111111111,2814.1198120117188,-0.06961309761290042,2790.373134765625,-0.06169530439388161,2712.1306689453127,-0.034626080216880684,2342.5699719238282,0.1176700146521322,2698.3977176303506,2769.0022463077003,1,1,0,40.03232101594437,0,0,-70.60452867734966,-35.12824421558361,-35.476284461766056,0,3187.7331144301475,2440.50650959329,2814.1198120117188,0.26552764443340826,0.23783107306418824,119.17326174259065,0.045516897725771575,23.520488818619846,18.08968333436504,25.488497455793613,0,21.45130578854328,22.43793604248121,361544.4285714286,306904.0333333333,1.178037397047661,0,8943560.0,2809.8484243001008,389282.5258895228,0.6475753281930183,0.4741228354707453,0.4465066918697283,1.0618493386636056,0.4401848439676235,0.8415409255526921,1.2370266001677657,0.8415409255526921,1.9207421193250622,0.019493345319017405,-0.01883384913771998,1.0,1.0,1.0,0.0,0.0,2526.267333984375,-0.02457245117060647,0.07833853435828875,0.8177300268501355,-0.0801,-0.045820307196118404
2025-01-01,2616.8219418057733,2736.6763818884806,2589.8047046682336,2722.093994140625,192641.0,0,1,0.03967343109948218,0.0477069159932344,0.07861873844806633,-0.08437624207943395,-0.0007516523446140511,0.038906655284080785,0.8222222222222222,0.18888888888888888,2807.5902465820313,-0.03045182698774856,2790.792626953125,-0.024616172534289053,2716.579560546875,0.0020299179430768037,2348.2179595947264,0.15921692150349837,2702.043298631931,2765.527560961991,1,1,0,47.19490812876386,0,0,-63.48426233006012,-40.79944783847891,-22.684814491581207,0,3182.926313080807,2432.2541800832555,2807.5902465820313,0.2673723966349513,0.3861070650111835,121.15171999099468,0.0445068099234548,21.975905156392297,22.414838461860857,23.281383945893637,0,38.00126232536792,29.02079149611706,278708.0,310691.5333333333,0.8970569523083238,0,9136201.0,2805.652034045481,396925.25532995816,0.28886745176972506,0.4882639070421343,0.45370756443772425,1.0761643519151711,0.4434194567342788,0.8749277414800013,1.2861036897577482,0.8749277414800013,1.9969445494559785,0.053955402545390385,-0.0005340547865489981,0.0,1.0,0.0,0.0,0.0,2552.44287109375,0.010361348839551088,0.09230646749369376,0.818526748065339,-0.0667,-0.039308932422826535
2025-01-02,2722.0939295866115,2826.5671449189326,2700.7199858165345,2809.887451171875,194171.0,0,1,0.032252176897721974,0.057591816920165684,0.09712387330621786,-0.055495908390489124,-0.009610631939601655,0.0317429946679827,0.9222222222222223,0.18888888888888888,2803.1531372070312,0.0024024067309977924,2795.2152587890623,0.005249038454794691,2721.90638671875,0.03232332488818095,2354.45509765625,0.19343429142861404,2718.634706714999,2768.813478755316,1,1,1,52.37275323293134,0,0,-50.178772040316744,-42.67531267884648,-7.503459361470263,0,3176.047893296368,2430.2583811176946,2803.1531372070312,0.26605378859956014,0.5090297783152927,121.48710849895207,0.04323557815395253,21.078871192536646,26.041462269988767,21.55874612520893,0,51.989180238050245,37.14724945065384,253241.14285714287,310483.6,0.8156345225871604,0,9330372.0,2803.623596577388,403187.69277036574,0.31537878918888224,0.4824654949022252,0.45670201931412163,1.056412002790781,0.4379052368485617,0.9031460657709387,1.327583333468628,0.9031460657709387,2.0613503583199746,0.04478725973522998,-2.371483632553974e-08,0.0,0.0,0.0,0.0,0.0,2595.25244140625,0.01677199940391061,0.09494407883318345,0.4681993511387589,0.2666,0.27122119465525374
2025-01-03,2819.675620908569,2824.3198828279965,2752.8066375188378,2769.0869140625,95463.0,0,1,-0.014520345678742053,0.057621852571233534,0.08119325541341116,-0.048167562817258425,-0.042728391784744746,-0.014626797634175487,0.8444444444444444,0.1111111111111111,2796.111682128906,-0.009665124694100176,2799.9525048828127,-0.011023612281453519,2726.747873535156,0.015527303033137615,2360.4882330322266,0.17309922384378815,2726.396584768461,2768.8337332225146,1,1,0,49.922784910246804,0,0,-42.43714845405384,-42.62767983388796,0.19053137983411972,1,3165.8229277400255,2426.4004365177866,2796.111682128906,0.2644466942962939,0.463451520088691,117.91754684253826,0.042583548477191924,20.245911083242113,24.91336802751068,20.624839375781782,0,45.488529925622736,45.15965749634699,213673.14285714287,308830.93333333335,0.6918773989084736,0,9234909.0,2802.4001275379946,401801.537010836,0.35133345753261147,0.48045977905812554,0.4566628582925421,1.0521104800477092,0.43599331678397724,0.8900320726975488,1.308306364549327,0.8900320726975488,2.03141883855217,0.025825569051656217,0.0034834739493254867,0.0,0.0,0.0,0.0,0.0,2562.18359375,-0.012742054348413023,0.08099224187221798,0.4693473294667131,0.2656,0.268538387743365
2025-01-06,2766.58999850896,2796.6035965912733,2672.853984979902,2714.852783203125,227741.0,0,1,-0.019585564679805767,-0.002660161975702069,0.06443841775201697,-0.10940192133081816,-0.11432067028498394,-0.019779903527768376,0.7555555555555555,0.011111111111111112,2784.8828125,-0.025146490539043102,2802.49341796875,-0.03127237844831293,2731.28701171875,-0.006017027300724117,2366.1883282470703,0.1473527913200188,2724.6206152968707,2764.8351443321894,1,1,0,46.78953334501673,0,0,-40.21452903531872,-42.14504967417412,1.9305206388553984,0,3149.877835434427,2419.887789565573,2784.8828125,0.2621259474877291,0.40406714489712897,118.3341228974549,0.04358767577733557,18.93025763311097,23.052402808345825,23.9102999841006,0,37.748607868674824,45.075439344115956,203895.2857142857,305932.5,0.6664714788859821,0,9007168.0,2798.7121390114235,397341.10092509235,0.3902653759144625,0.4487101872150672,0.4528016412963024,0.9909641359304221,0.41605759648133966,0.8726002919706293,1.2826824456254444,0.8726002919706293,1.99163235349793,0.045582439083626816,-0.0009017107916908323,1.0,0.0,0.0,0.0,0.0,2472.118408203125,-0.03515172986298609,0.030913360104767085,0.4828223695415978,0.2831,0.25846236827810587
2025-01-07,2688.3849322464066,2809.5878322898425,2677.9976449794312,2777.57666015625,173129.0,0,1,0.02310396988786989,-0.011498962708328286,0.0690616425483932,-0.0898245299081093,-0.06392110938426787,0.022841114149231494,0.7555555555555555,0.08888888888888889,2775.8313110351564,0.0006287662777471505,2806.3177734375,-0.01024157476152264,2736.3690673828123,0.01505922328410564,2372.1134790039064,0.1709290827530751,2732.7676991213907,2765.7789603191572,1,1,0,50.64743442886198,0,0,-33.011261197766544,-40.3182919788926,7.307030781126059,0,3131.5474287783495,2420.1151932919634,2775.8313110351564,0.2562951980036137,0.5024532893423086,119.28098464123751,0.04294426373619062,17.58016678536365,22.013411652374977,22.026176863854463,0,63.51962874231383,48.91892217887048,184975.42857142858,306021.36666666664,0.6044526582776582,0,9180297.0,2796.7257313474224,401341.0681278094,0.3955667977441489,0.44687685561222984,0.45508388296794494,0.98196590197352,0.4166650591889044,0.8927608228404653,1.3123175022248743,0.8927608228404653,2.037646967420854,0.04737589755776849,-0.009749276690241098,0.0,0.0,0.0,0.0,0.0,2518.17529296875,0.018630533478006805,0.045893196147499316,0.45971743100656004,0.2487,0.23749913075766824
2025-01-08,2787.0150357775497,2812.5340913756468,2726.7383890453925,2744.516845703125,121441.0,0,1,-0.011902394964416696,-0.008872985616521722,0.032987480051785534,-0.06226327270300591,-0.06427499618561205,-0.01197379559188603,0.6,0.08888888888888889,2763.463830566406,-0.006856244924833245,2809.739619140625,-0.02321310237902004,2740.411018066406,0.001498252491925801,2377.710424194336,0.15426875273639665,2734.575260133965,2764.203988866118,1,1,0,48.645504230204,0,0,-29.628728732152922,-38.18037932954467,8.551650597391749,0,3104.4489711039964,2422.478690028816,2763.463830566406,0.24678096870021354,0.4722172866046161,116.88917876188157,0.04259007516929102,16.353063312210537,21.0393326011718,20.87138872930227,0,56.4254669834787,52.56456786482247,159645.14285714287,307638.0333333333,0.5189382506686468,0,9058856.0,2791.871845439568,399895.6293809356,0.4024284530984931,0.4469472640926041,0.4547755097887032,0.9827865715554115,0.41877364492945773,0.8821348309182605,1.296697780994677,0.8821348309182605,2.013394088416565,0.031260767251102085,0.003398061251266674,0.0,0.0,0.0,0.0,0.0,2512.880126953125,-0.002102778956814544,-0.029741441152188686,0.32261712735199083,0.4241,0.5772723780222904
2025-01-09,2756.6021017274543,2796.553581290437,2732.7811783447137,2750.01025390625,104231.0,0,1,0.0020015939095894275,0.01295004683887302,0.05033573505976663,-0.00994246454672909,-0.07681601390409565,0.0019995933895410106,0.6888888888888889,0.07777777777777778,2752.3173706054686,-0.0008382451543773228,2809.105390625,-0.021036995235554978,2743.6786499023438,0.0023077061171619395,2383.0549255371093,0.15398525834918966,2736.94987456047,2763.152601091313,1,1,0,49.0061950111005,0,0,-26.202726530842938,-35.78484876980433,9.58212223896139,0,3078.7341867053638,2425.9005545055734,2752.3173706054686,0.23719416923789452,0.4964659959514578,113.09512334644168,0.04112534605490863,15.213610087139788,20.191924080520103,20.030744542420624,0,77.67912832762342,65.87474135113867,158402.42857142858,307017.1,0.5159400846774612,0,9163087.0,2789.864831776944,400104.257515726,0.3807169139586376,0.4440032177047403,0.4545744254403761,0.9767448251726992,0.4123861057900459,0.8839005066232631,1.299293243375694,0.8839005066232631,2.017424085761543,0.0231898782395948,0.004403418417070466,0.0,0.0,0.0,0.0,0.0,2475.565185546875,-0.014849471332122222,-0.02006998537147442,0.3230379017155801,0.4059,0.5480650100662334
2025-01-10,2761.3962005862163,2761.3962005862163,2599.892400676282,2623.064208984375,188665.0,0,1,-0.04616202602937736,-0.05562851005638236,-0.036380002075392714,0.03937858650476822,-0.12337072173837771,-0.04726146056327701,0.2777777777777778,0.011111111111111112,2734.721228027344,-0.04082939712414899,2804.684755859375,-0.06475613578159523,2743.8431811523437,-0.04401817603775907,2387.631477661133,0.09860513798966428,2719.4290029333783,2752.775683157466,1,1,0,41.714827181208605,0,0,-33.34668022408778,-35.29721506066102,1.9505348365732402,0,3048.2864009738496,2421.156055080838,2734.721228027344,0.2293214896881405,0.3219556432339864,116.55288595811975,0.04443386690989463,15.414144562134467,18.19340001402362,26.192163593627534,0,40.6668314522512,58.25714225445112,157834.42857142858,310857.9,0.5077381934685545,0,8974422.0,2784.4941244351276,391395.09887489356,0.42592570044369205,0.4617384586042793,0.45377673397975343,1.0175454668085322,0.4226129217110986,0.8430978684291403,1.2393152348551912,0.8430978684291403,1.924295702602326,0.06157066203593515,0.004140328809244674,0.0,0.0,0.0,0.0,0.0,2372.162841796875,-0.041769186428091354,-0.07063038759399265,0.34410450211476035,0.4615,0.608471683098779
2025-01-13,2589.854729449392,2642.7404531156453,2519.9396384114216,2606.534423828125,151345.0,0,1,-0.006301708170022291,-0.05027566950118312,-0.07237052404321065,0.017724443654729916,-0.10872424448471019,-0.006321647746017387,0.12222222222222222,0.03333333333333333,2719.587109375,-0.041569797546531354,2801.2489306640623,-0.06950989064359175,2744.0275244140626,-0.05010631247778636,2392.3578912353514,0.08952528941318992,2702.060606147955,2741.942997281219,1,1,0,40.862289779995386,0,0,-39.882391133264264,-36.21425027518167,-3.6681408580825945,0,3026.8456602917004,2412.3285584583,2719.587109375,0.22595970532255727,0.31603004178470445,116.99916658284145,0.044886867985809646,16.22253245705442,16.829431602224215,29.1096796128174,0,35.84741926917955,51.39779301635141,151716.42857142858,313020.8333333333,0.48468476348942247,0,8823077.0,2779.700804444681,390441.3668519015,0.3393381814111991,0.4584545362790395,0.45014836165028216,1.0184520823274934,0.4274154571246026,0.8377849117035319,1.2315054319144711,0.8377849117035319,1.9121693526516979,0.047112677117024424,-0.012660566760522214,0.0,0.0,0.0,0.0,0.0,2223.053466796875,-0.06285798444049995,-0.14341532587392436,0.3880522705677115,0.4197,0.4870623103251586
2025-01-14,2616.82192327396,2630.804941184584,2559.091986274057,2574.123779296875,135533.0,0,1,-0.012434381926807458,-0.06395847955822609,-0.0704070117032175,0.00506966922607921,-0.11169132830804829,-0.012512335732762008,0.15555555555555556,0.03333333333333333,2695.8759033203123,-0.04516236221165973,2797.1389208984374,-0.07972973381312438,2744.3612646484376,-0.062031733046403637,2396.648826904297,0.07405129629350779,2682.3780174016347,2729.5119440971935,1,1,0,39.171840623519266,0,0,-47.133926695558785,-38.398185559257094,-8.73574113630169,0,2967.4284098709304,2424.323396769694,2695.8759033203123,0.2014577200798945,0.27582213184111704,113.76443717767614,0.044195402759051094,16.973178359480087,16.07167015133174,27.798988106426396,0,26.39779523362148,34.304015318350764,157440.7142857143,312965.9,0.5030602831992695,0,8687544.0,2761.3237947389184,388756.0977662155,0.3385550972246302,0.4588937710844269,0.44586636648329875,1.0292181819047708,0.4217677933771875,0.8273675741388935,1.2161924230291086,0.8273675741388935,1.8883927086120904,0.027859171142933747,0.0039468112723889896,0.0,0.0,0.0,0.0,0.0,2378.30712890625,0.06983802433374442,-0.07176553049995504,0.43597603449018857,0.3511,0.3629706615957695
2025-01-15,2615.373802989466,2615.373802989466,2517.9420803078247,2533.373291015625,71708.0,0,1,-0.015830819251582806,-0.034193184315330805,-0.06684689987991943,-0.006715990587792042,-0.11193383701058124,-0.015957465053541176,0.17777777777777778,0.03333333333333333,2669.9598876953123,-0.051156797264691405,2791.27404296875,-0.09239535351348963,2744.655725097656,-0.0769795760357207,2400.6234973144533,0.055298048131944555,2659.4542133422487,2714.98315498004,1,1,0,37.09399691401828,0,0,-55.52894163779138,-41.82433677496395,-13.704604862827424,0,2893.1599131773887,2446.759862213236,2669.9598876953123,0.16719354212826085,0.19402647606181475,112.59781471367367,0.04444580477460288,17.982331089057404,15.078317639373713,28.691220150046313,0,4.99998622187245,22.415066908224514,135150.2857142857,310457.76666666666,0.43532583244855433,0,8615836.0,2755.145017943385,387620.901379323,0.3348781378204365,0.4589551304639934,0.44596529969237864,1.0291274473161365,0.42472106555371364,0.8142696676180802,1.1536697244877911,0.8142696676180802,1.8584979049660457,0.03845928392281318,0.01602487962092432,1.0,0.0,0.0,0.0,1.0,2385.899658203125,0.0031924090898918234,-0.034876464539038254,0.43575917971338496,0.3453,0.3572676484916003
2025-01-16,2546.7071909832875,2628.8074352138497,2519.540232822923,2541.81298828125,254479.0,0,1,0.0033314069014447334,-0.024830454934802293,-0.08488106746322432,-0.021681450855102424,-0.12309839298894187,0.003325870059048748,0.1111111111111111,0.022222222222222223,2650.7132568359375,-0.041083383226700985,2785.7048095703126,-0.08755120802863611,2745.1897583007812,-0.0740847766186544,2404.6403662109374,0.05704496356203966,2641.355563332864,2702.155735224574,1,1,0,37.82952928293207,0,0,-60.80017189170985,-45.61950379831313,-15.180668093396719,0,2845.2224967844895,2456.2040168873855,2650.7132568359375,0.14675992542530295,0.220064022193774,112.35991383347746,0.0442046343895088,18.727085555792318,14.88493247684488,26.698256358183183,0,7.7345979671173435,13.044126474203777,146771.7142857143,314105.23333333334,0.4672692419930421,0,8870315.0,2637.189266016161,388468.6744761957,0.2687165899045506,0.4556328413874197,0.4375960309309004,1.04121794801966,0.4279524868300911,0.8169823312084201,1.1575130677699375,0.8169823312084201,1.86468931771297,0.04298789993390198,0.005263298549388672,0.0,0.0,0.0,0.0,1.0,2425.562744140625,0.01662395390398408,-0.03677764176573317,0.4373831148156603,0.3414,0.34933783908136373
2025-01-17,2556.245539198272,2561.08950971502,2490.225622685446,2533.073486328125,111391.0,0,1,-0.0034382946319880814,-0.01594728788837141,-0.077042106593749,-0.04659605149637225,-0.12950288849347968,-0.0034442191510358207,0.12222222222222222,0.011111111111111112,2638.485595703125,-0.03995174714869305,2781.0005224609376,-0.08915030188970238,2744.502780761719,-0.07703737664820769,2408.833324584961,0.051576902592283196,2624.696782255212,2689.6311241952076,1,1,0,37.34260790664005,0,0,-64.93434193999565,-49.48247142664964,-15.451870513346009,0,2830.128101895635,2446.843089510615,2638.485595703125,0.14526704750983468,0.22497722068738069,109.39591191891294,0.043187026554642245,19.65407906842671,14.196212451323644,27.37699600149251,0,12.739391603554129,8.491325264181325,145336.0,315409.4,0.46078525243699137,0,8758924.0,2624.191150414153,388085.6793988439,0.27445893713203395,0.454972245218362,0.4352960163683849,1.0452019501904317,0.42918479991853004,0.8141733052445971,1.153533196802568,0.8141733052445971,1.8582779664415519,0.027975456461113726,0.00567805380787722,0.0,0.0,0.0,0.0,1.0,2397.5390625,-0.01155347628434722,-0.045899946923841695,0.4381990566424706,0.3429,0.34967749421754035
2025-01-20,2533.073450604744,2559.840989896761,2495.569195339154,2545.708251953125,67240.0,0,1,0.004987919100331695,0.004868986730556024,-0.07429136006417592,-0.027695135221829426,-0.13394498262694077,0.004975520643098874,0.14444444444444443,0.011111111111111112,2639.5867553710937,-0.03556560633096922,2776.2482958984374,-0.08304013883985331,2743.4342211914063,-0.07207242940653186,2413.155317993164,0.05492930064285926,2612.5447006702752,2678.970170695794,1,1,0,38.573580252298235,0,0,-66.42547002551873,-52.87107114642346,-13.554398879095274,0,2828.6880980111055,2450.485412731082,2639.5867553710937,0.1432810209819578,0.2517772689835334,106.17276067881969,0.041706570498548506,20.514858758730078,13.582377277449579,26.19323215192016,0,16.495920247742465,12.323303272804665,140051.57142857142,314439.8333333333,0.44540022154287523,0,8826164.0,2626.5793702874626,388421.06707915023,0.2810861148511453,0.4537744944929175,0.43307691340657206,1.0477919289752455,0.4264136643411006,0.8182343358248069,1.1592869270677664,0.8182343358248069,1.8675469066040915,0.025247117185677723,-1.4102781218587665e-08,0.0,0.0,0.0,0.0,1.0,2440.498291015625,0.017918051550255054,-0.014165207499273857,0.44150781877276757,0.3511,0.35442715904539884
2025-01-21,2569.1797426248227,2569.1797426248227,2478.539826123083,2506.30615234375,60004.0,0,1,-0.01547785359109588,-0.013969098474671537,-0.04451208485126357,-0.07927273718738725,-0.15287619632637928,-0.015598886073281651,0.32222222222222224,0.011111111111111112,2636.845080566406,-0.04950572530207794,2772.8484228515626,-0.09612579912814127,2742.447138671875,-0.08610593910753903,2416.965963134766,0.03696377630949812,2596.2003086200407,2666.1802434104575,1,1,0,36.186023517123594,0,0,-69.97993479041679,-56.292843875222125,-13.687090915194666,0,2832.2212060467355,2441.4689550860767,2636.845080566406,0.14818930920155668,0.16592917148467348,105.06327180902827,0.04191956825018335,21.460918196204112,12.745394870069576,25.73689798163785,0,7.9782030665686126,12.404504972621753,121671.42857142857,314523.63333333336,0.3868435172325531,0,8766160.0,2631.972939793064,387492.3339522701,0.13686279471164003,0.45351462401498266,0.4342146269367004,1.044448058358697,0.42953835301996973,0.8055698245717029,1.14134365374054,0.8055698245717029,1.8386412890091692,0.036164742450549604,0.009220023800327397,0.0,0.0,0.0,1.0,1.0,2382.053466796875,-0.023947906226325588,0.00416945448505035,0.44569909257924895,0.3643,0.3641539653341415
2025-01-22,2452.022161642188,2491.9236547704813,2317.3856210649938,2356.68798828125,245332.0,0,1,-0.0596966830738479,-0.06963299683127577,-0.09585387910585674,-0.161287407686602,-0.2123017441900792,-0.0615527781862888,0.08888888888888889,0.011111111111111112,2626.6224975585938,-0.10276867327841889,2768.0592431640625,-0.14861360207471203,2739.4918701171873,-0.13973535968900763,2420.0285174560545,-0.02617346395627947,2559.35225933715,2643.2548911786644,1,0,0,28.876918022851072,0,1,-83.90263184151445,-61.814801468480596,-22.087830373033853,0,2856.946230491825,2396.2987646253623,2626.6224975585938,0.17537634977794783,-0.08598935038013447,111.05307605686599,0.047122519658555996,23.44968764071522,11.196671595637845,32.974873387642575,0,7.752951453620732,10.742358255977289,135098.14285714287,316778.6666666667,0.42647487685558433,0,8520828.0,2622.553496969252,372846.82730039686,0.3573502407656271,0.4785287623062441,0.4518149709199472,1.0591255117817466,0.44485174371367725,0.7574799780603907,1.0732092233648434,0.7574799780603907,1.7288805026926977,0.07406073038662171,-0.02165896239403899,0.0,0.0,1.0,1.0,1.0,2374.31103515625,-0.0032503181597498543,0.06804045454530483,0.4456549452289281,0.3535,0.3725922298409298
2025-01-23,2338.110282512978,2401.1338371531765,2283.226987893958,2291.4169921875,187479.0,0,1,-0.027696070255508243,-0.09989018166968933,-0.10982641525754322,-0.1725008772564004,-0.22924195789494428,-0.028086838475123468,0.07777777777777778,0.011111111111111112,2613.6682250976564,-0.12329462087641821,2760.20677734375,-0.16983864723619876,2736.1064208984376,-0.1625263642212125,2422.7035955810547,-0.05419012199140577,2518.131449006434,2617.192824586726,1,0,0,26.37414028358515,0,1,-99.06137558029195,-69.26411629084286,-29.797259289449087,0,2887.123718890485,2340.2127313048277,2613.6682250976564,0.2092503487374427,-0.08922062314516084,111.54263128560547,0.04867845165934698,25.480509328330168,10.351277805186834,32.672554570603914,1,1.547306703361769,5.7594870745170565,142519.0,320777.26666666666,0.4442927065280395,0,8333349.0,2613.6120656946796,367654.3957449644,0.3660172953269215,0.4820293997605616,0.42368192666006527,1.1377152751368376,0.4511350842220063,0.7365007593708892,1.0434855453156713,0.7365007593708892,1.6809973068267423,0.05145586755322914,-0.00788297214593138,0.0,1.0,1.0,1.0,1.0,2382.7529296875,0.0035555133283935447,0.0018693131459832646,0.44191791911592404,0.3488,0.37354505859156717
2025-01-24,2296.710571568139,2302.8032694479857,2247.7700114434,2256.80908203125,110943.0,0,1,-0.015103279007812387,-0.09954772288261149,-0.10916836060646273,-0.16871769401486703,-0.24140541249399805,-0.015218495091961912,0.08888888888888889,0.011111111111111112,2596.601452636719,-0.13086042536887083,2751.6621533203124,-0.1798378738799545,2732.4307763671877,-0.17406541400777395,2425.3381048583983,-0.0694868160812522,2477.928007933329,2590.4977325455798,1,0,0,25.130451950693896,0,1,-112.56972461225087,-77.92523795512447,-34.64448665712639,0,2913.320497028058,2279.88240824538,2596.601452636719,0.24394890796177193,-0.036425542800041275,107.50624747981834,0.0476363943834615,27.551109112971176,9.97278515576667,33.83369673720278,1,1.6005038048691564,3.633587320617238,148124.0,320178.0333333333,0.4626301138085571,0,8222406.0,2603.7287443242503,365978.7926620007,0.36610030648615677,0.48154755126112636,0.4210266615044063,1.1437459792699771,0.4449546815555155,0.7253771829126451,1.0277254919841494,0.7253771829126451,1.6556087354903568,0.024385429163131824,0.0023101772391002553,1.0,1.0,1.0,1.0,1.0,2312.9189453125,-0.029308109751924105,-0.030588341232081984,0.4480162256745896,0.3475,0.3668579233090957
2025-01-27,2236.283945932056,2247.2706022095244,2117.827717984469,2210.964599609375,180846.0,0,1,-0.02031385055425805,-0.06183397607001517,-0.13016236450014818,-0.20399511152106264,-0.24001380647041093,-0.02052301427792752,0.05555555555555555,0.022222222222222223,2574.306018066406,-0.14114150217849447,2741.74619140625,-0.19359253364172108,2727.2773315429686,-0.18931434876902947,2427.379658203125,-0.08915583430156612,2436.856714345028,2562.384167142898,1,0,0,23.546452191986702,0,1,-125.52745279786996,-87.44568092367358,-38.08177187419638,0,2933.139915129908,2215.4721210029043,2574.306018066406,0.2787810730699581,-0.006280790959851232,109.75447009174425,0.04964098932707257,30.04321900044055,9.070751420742775,39.230142104029454,1,13.40665426319072,5.518154923807234,137605.0,323860.86666666664,0.424889247707812,0,8041560.0,2575.418697923093,362305.11404466536,0.3387613756212555,0.4811418953120922,0.420497808540419,1.1442197451210832,0.4539149493132133,0.7106419792234889,1.043977553430807,0.7106419792234889,1.6219769470612817,0.058545887278306,-0.009094759615518765,1.0,1.0,1.0,1.0,1.0,2257.57080078125,-0.02392999747934177,-0.06925895599492904,0.4522134547639483,0.3528,0.3686910538998751
2025-01-28,2210.964782842668,2304.2016484257792,2089.7621246255326,2289.9189453125,150685.0,0,1,0.03571036176566289,-0.0006537644087075689,-0.09599190166728844,-0.16563858994064962,-0.2487999991670693,0.03508753116404356,0.12222222222222222,0.011111111111111112,2557.8909545898437,-0.10476287458482092,2733.06173828125,-0.16214152309908333,2722.749777832031,-0.1589682739279,2429.762096557617,-0.05755425662588153,2414.250903724639,2542.201558118424,1,0,0,31.548669721040838,0,0,-127.95065439378504,-95.54667561769587,-32.403978776089176,0,2937.6905835579832,2178.091325621704,2557.8909545898437,0.2969631119627148,0.14721923240764523,117.23197392806586,0.05119481375881952,31.471953913062812,11.354365987210773,34.104472575530565,1,28.319077543952748,14.44207853733756,143218.42857142858,311635.56666666665,0.4595702284669537,0,8192245.0,2556.683530893379,367686.12990732427,0.47067925597807014,0.4704716645515786,0.42792106266603597,1.0994356333395783,0.4641996259765703,0.7360192613874265,1.0957797149868596,0.7360192613874265,1.6798983306164057,0.09364502802127897,8.287481979844406e-08,1.0,1.0,1.0,1.0,1.0,2283.89599609375,0.011660850372174458,-0.04739988106293891,0.453731637462436,0.4038,0.4103707755014663
2025-01-29,2276.2854294986464,2368.573245424552,2271.4912034069635,2344.2529296875,95618.0,1,0,0.023727470566686337,0.03874667483061778,-0.07913527487333394,-0.1475475677381175,-0.2318190374725484,0.023450349170521998,0.17777777777777778,0.044444444444444446,2538.9989013671875,-0.07670187315749592,2725.46396484375,-0.13987014323930155,2718.7296362304687,-0.1377395904148021,2432.3039410400393,-0.03620066138399182,2403.4819846420023,2527.5386967531704,1,0,0,36.4762007945837,0,0,-124.05671211116805,-101.24868291639031,-22.808029194777745,0,2921.9836407272237,2156.0141620071513,2538.9989013671875,0.30168168970361386,0.24575230855789953,115.7926930773175,0.049394283189721,31.887475515537467,14.645256261054122,32.062071409166705,1,37.89128845166945,26.539006752937656,147272.42857142858,310806.93333333335,0.4738389423683875,0,8287863.0,2540.9146241419858,369954.9031879697,0.5137323989009164,0.4792407079306268,0.429471834986788,1.1158839041106616,0.46496602152980265,0.7534831367485109,1.1217797959217823,0.7534831367485109,1.719758068811132,0.04141278476743984,-0.005953711087356001,1.0,1.0,1.0,1.0,1.0,2316.41552734375,0.014238621769826487,-0.05084320858927438,0.45526040691976555,0.4202,0.4338406030646334
2025-01-30,2360.1336691916526,2458.6141644367226,2347.149438256616,2439.037841796875,137088.0,0,1,0.040432886276486446,0.10315553773578978,-0.026839622319870915,-0.0701570196250565,-0.16663824924194715,0.039636863355087155,0.4222222222222222,0.07777777777777778,2520.4564208984375,-0.03230310924103983,2717.5016357421873,-0.10247051566880105,2715.070578613281,-0.10166687341048408,2435.401039428711,0.001493307389331249,2408.9521165119827,2520.9830778675187,1,1,0,44.04364515041747,0,0,-112.03096135553596,-103.40513860421945,-8.62582275131652,0,2883.615762653587,2157.297079143288,2520.4564208984375,0.2881695067163258,0.387902402967157,115.69044605388214,0.04743282128359734,31.16003601928698,19.17041219100049,29.798235827703337,1,63.16264113369996,43.12433570977407,158284.42857142858,201567.3,0.7852683871413101,0,8424951.0,2518.788127759177,375497.7667018407,0.5966789955749998,0.48852683080155745,0.4383215427179343,1.1145398598761798,0.4672686579777137,0.7839486347279138,1.167136590837548,0.7839486347279138,1.7892928512304427,0.04570028569051999,0.006774328530441304,1.0,1.0,1.0,1.0,1.0,2250.4775390625,-0.02846552680332859,-0.055236345266130416,0.4602423446386854,0.3389,0.35343957672383275
2025-01-31,2467.403290265612,2490.974760841034,2397.138771606315,2479.239013671875,71972.0,0,1,0.01648238956611814,0.08267544523657322,0.05200137905400126,-0.048837033953035514,-0.10742541261838745,0.01634802935785277,0.7555555555555555,0.2,2505.9640258789063,-0.010664563389994471,2709.2326806640626,-0.08489254859269366,2711.480439453125,-0.08565115292813644,2439.005997314453,0.016495661101990678,2419.765485305812,2517.8909249641374,1,1,0,46.93123771853748,0,0,-98.12543965832538,-102.34919881504064,4.223759156715261,1,2849.9755076039364,2161.9525441538763,2505.9640258789063,0.274554206024068,0.4611568019866372,114.12941342394191,0.04603405028501493,30.11866144790681,20.069882991818975,28.048250655823125,1,71.98633400649418,57.680087863954554,133518.7142857143,195331.86666666667,0.6835480383421699,0,8496923.0,2508.366750373703,376684.0372436933,0.4440100993239941,0.4723359703061872,0.4386622208857728,1.076764644451073,0.4535085171981531,0.7968699815253256,1.1863737908046033,0.7968699815253256,1.818784673052293,0.037848706283362,0.011629769732412176,1.0,1.0,1.0,0.0,1.0,2285.64453125,0.01562645775267324,-0.037344097969209455,0.45463841187830806,0.3127,0.31931150647662215
2025-02-03,2496.967527485106,2555.496543867151,2458.114810295232,2544.609619140625,78710.0,0,1,0.02636720586771224,0.08546718100074369,0.11049609382158532,-0.011465711320343686,0.008291272508676117,0.026025583173346904,0.9666666666666667,0.4666666666666667,2497.451867675781,0.018882346472899415,2698.819326171875,-0.05713969273000134,2708.988466796875,-0.06067905038023751,2442.62197265625,0.041753348502579696,2438.9722751265526,2519.870087495729,1,1,0,51.329496854304466,0,0,-80.89781236917634,-98.05892152586779,17.161109156691452,0,2827.856198952408,2167.0475363991545,2497.451867675781,0.2645931523670267,0.5713637004736504,112.93315057736886,0.04438132660030935,28.461464285487644,22.914636902358215,26.320688023441807,1,84.380196911215,73.17639068380306,117980.28571428571,172205.66666666666,0.6851126794953654,0,8575633.0,2490.1395398235113,378759.40001754096,0.37679305490905435,0.3909347419897385,0.44213759183495877,0.8841924984647465,0.421034168049417,0.8178812163780039,1.2176551527828063,0.8178812163780039,1.8667409429557025,0.038269812720745436,0.007150788494157436,1.0,1.0,1.0,1.0,1.0,2259.71923828125,-0.011342661824396472,-0.05163510235296864,0.4557074844729725,0.3484,0.2978360658473505
2025-02-04,2626.8098228069757,2654.626138430386,2471.9978370521912,2633.651611328125,195311.0,0,1,0.03499239785848629,0.07979120544840557,0.16698024316602633,0.03958292315945999,0.02831238153486204,0.03439408162609282,1.0,0.5333333333333333,2490.255615234375,0.05758284218556175,2692.147431640625,-0.02172831235949518,2707.238093261719,-0.027181385381932117,2446.614802246094,0.07644718282188254,2468.9229422344865,2528.298348520351,1,1,0,56.60515926811911,0,0,-59.3754062858643,-90.3222184778671,30.946812192002795,0,2800.6333494211713,2179.8778810475787,2490.255615234375,0.2492737952586321,0.731002388862484,117.91137563457073,0.04477106050299082,26.855389739916937,26.384614860270897,23.4087537005192,1,96.28680061224304,84.21777717665076,130032.85714285714,166301.4,0.7819107785193459,0,8770944.0,2480.2154869857022,385593.8002356798,0.32367331940403404,0.4012697583247793,0.4410509136623464,0.9098037117591775,0.4366833599044137,0.8465008413024857,1.2602638263434183,0.8465008413024857,1.9320626847303342,0.06934413822718838,0.03230365988088643,1.0,1.0,0.0,0.0,0.0,2299.33154296875,0.0175297461810473,-0.0058745691764456875,0.4567211823933116,0.358,0.31365419830318925
2025-02-05,2643.789085337554,2830.5622470142152,2632.003350430774,2791.959228515625,258594.0,0,1,0.06010955150885233,0.12613556543731375,0.2627788020707784,0.09841252735258132,0.09012377759992263,0.05837225326373223,1.0,0.8888888888888888,2492.627734375,0.1200867221417158,2689.325859375,0.03816323290940907,2707.22111328125,0.03130077363044403,2451.399169921875,0.13892476703604476,2518.620832431585,2547.8287840755565,1,1,1,64.0634480328921,0,0,-29.207951643971683,-78.09936511108802,48.89141346711634,0,2811.7884307047552,2173.4670380452444,2492.627734375,0.2560837239579071,0.9689353945878054,123.67191284520435,0.04429574457323141,26.622116999467025,33.52026373773521,20.72422204723705,1,94.78901024285521,91.81866925543777,141139.7142857143,162506.56666666668,0.8685169909177882,0,9029538.0,2492.8237436326503,401137.76959855994,0.21596153021157447,0.4343901559685092,0.4525175838970243,0.9599409424659171,0.4524918107455964,0.8973836272250444,1.3360177197277514,0.8973836272250444,2.048198106196464,0.07111812183912417,0.003849208439652583,1.0,0.0,0.0,0.0,0.0,2322.409912109375,0.01003699062503527,0.028720743245654434,0.45776385460156105,0.3551,0.3374289999043984
2025-02-06,2791.8593750433024,2820.374792797974,2738.374282169739,2815.58056640625,98575.0,0,1,0.008460488122236542,0.10648821934310626,0.22955468453142736,0.11152739215933272,0.10393172760652059,0.008424898787143007,0.9888888888888889,0.9333333333333333,2495.90625,0.1280794566728017,2686.0608251953126,0.04821921380038724,2707.995173339844,0.03972879794084646,2456.3026416015623,0.14626777609555097,2564.306945350764,2567.6622494333856,1,1,1,65.02926151193071,0,0,-3.3553040826213874,-63.15055290539469,59.7952488227733,0,2827.3114432225725,2164.5010567774275,2495.90625,0.2655590074527619,0.982301308102248,120.69538411542081,0.042866961633235716,26.405506597620676,31.89357190225645,19.718504339743642,1,97.97763524125004,96.35114869878278,133695.42857142858,155919.53333333333,0.8574642683518502,0,9128113.0,2493.388748842035,401971.7622152094,0.26133668704279983,0.4341497082562399,0.4478325211391171,0.9694465849686993,0.4516800449666822,0.9049759307442714,1.3473210817766055,0.9049759307442714,2.0655268619459264,0.029123837409099067,-3.5764659921513674e-05,0.0,0.0,0.0,0.0,0.0,2310.271240234375,-0.005226756832076518,0.011548356048495911,0.45653719871482845,0.3594,0.34216568422570964
2025-02-07,2790.61094299432,2790.61094299432,2719.497355706956,2769.38671875,90261.0,0,1,-0.016406508912373607,0.05153874826800853,0.18135150165693603,0.08786492585128869,0.06590941552339791,-0.01654258610035765,0.9777777777777777,0.7888888888888889,2503.222375488281,0.10632868492548551,2681.60423828125,0.03273506180204024,2708.730283203125,0.02239294030971129,2461.08067199707,0.12527262932131017,2595.857679719877,2582.6048027160978,1,1,1,61.54573478354252,0,0,13.252877003779304,-47.86986692355989,61.122743927339194,0,2852.429467223761,2154.015283752801,2503.222375488281,0.2790060484876924,0.8810981356921226,118.93737172855461,0.04294718788217436,26.00327746217575,30.05320550696,19.71434575204589,1,91.74196569150703,94.83620372520413,132930.14285714287,148742.63333333333,0.8936922782538443,0,9037852.0,2490.6071539096665,400490.89431426965,0.38245618228955286,0.43536130538775797,0.4492393715257341,0.9691076361120295,0.448588488673842,0.8901284350710319,1.3252162464406088,0.8901284350710319,2.0316387770766635,0.025678460435262666,-0.008868374682597286,0.0,0.0,0.0,0.0,0.0,2336.596435546875,0.011394850463458672,0.008712127839285655,0.45771711240672897,0.3438,0.327527973669058
2025-02-10,2756.65215310086,2890.9890062139275,2668.259502539474,2844.54541015625,184494.0,0,1,0.027139110221549023,0.018834867323110238,0.16625718609623186,0.13495528369357368,0.07063645819138209,0.026777374764290634,0.9555555555555556,0.8333333333333334,2515.1229248046875,0.13097669386363844,2680.0051806640627,0.061395489336859,2710.43271484375,0.04948017878401058,2466.329545288086,0.15335171473363887,2634.1173305562425,2602.0078106746273,1,1,1,64.84541641120305,0,0,32.10951988161514,-31.873989562524883,63.983509444140026,0,2894.1069237848706,2136.1389258245044,2515.1229248046875,0.30136419595444874,0.9346126567850004,126.35109543897597,0.04441873031376059,26.282787841404016,31.94366951461323,17.23205258917053,1,94.20344010854888,94.64101368043534,139702.42857142858,144934.0,0.9639037670348475,0,9222346.0,2505.792891319001,405497.8973154841,0.36759776125821225,0.43733200062971733,0.4521828195795836,0.9671574896107866,0.4647844670185859,0.9142857287817595,1.3611814362201478,0.9142857287817595,2.0867756457781197,0.0783005617977528,-0.004598334195409206,0.0,0.0,0.0,0.0,0.0,2288.641845703125,-0.020523265855503348,0.016958314836825084,0.3996278094871289,0.2922,0.32026659227335685
2025-02-11,2844.545409095532,2844.545409095532,2646.785580794649,2670.8564453125,128779.0,0,1,-0.06106035931913967,-0.051401164939305244,0.07728880942254546,0.13330931315196093,0.020103820973627062,-0.06300408226501808,0.7666666666666667,0.5,2519.9595581054687,0.05988067813297653,2675.4666943359375,-0.001723156947981295,2710.9326098632814,-0.014783165175324128,2470.817497558594,0.08096063264549642,2639.769502057205,2607.107709536692,1,1,0,53.434360402910045,0,0,32.661792520513245,-18.96683314591726,51.62862566643051,0,2904.541657393166,2135.377458817771,2519.9595581054687,0.305228786748332,0.6961829314033525,131.45171929059205,0.04921706650362922,26.30201905697716,28.511027006080006,16.54716473403574,1,72.52556473579307,86.15699017861635,147817.7142857143,145462.3,1.016192609945768,0,9093567.0,2511.742346520522,397634.60530272464,0.6318973360114385,0.47446946778168975,0.4705279937830343,1.0083767045759937,0.48020610068872005,0.8584591136619838,1.278067208626003,0.8584591136619838,1.9593563750284781,0.07404360075134785,-3.7289550767546074e-10,0.0,0.0,0.0,0.0,0.0,2319.5625,0.013510481928366236,0.014839564195684662,0.3976699180925654,0.2071,0.24643324786749007
2025-02-12,2651.679570587817,2651.679570587817,2530.027506227007,2611.578369140625,219917.0,0,1,-0.022194407444065867,-0.05698313945861777,0.026317887622627545,0.1397220052241488,-0.040599488936784556,-0.022444409324459534,0.5666666666666667,0.3333333333333333,2523.8698120117188,0.03475161702536304,2670.6445556640624,-0.022116828088622396,2709.9143481445312,-0.03628748601269872,2474.916255493164,0.055218884010371894,2635.4324046854235,2607.4388695073535,1,1,0,50.18830702795053,0,0,27.993535178070033,-9.574759481119802,37.56829465918983,0,2910.610411674896,2137.1292123485414,2523.8698120117188,0.30646636195146315,0.6133945559443383,132.12152070451356,0.0505906781376773,25.12965122020383,26.340310194934208,21.599595552791495,1,65.12715143563531,77.2853854266591,167990.14285714287,146371.5,1.147697078031877,0,8873650.0,2517.1304501334353,392753.67780084803,0.6490065602285077,0.4647172367067124,0.4727041625299901,0.9831037539831882,0.47755754560661257,0.8394061223192981,1.2497012642568577,0.8394061223192981,1.9158696213129682,0.04658181649775316,-0.007180046968956098,0.0,0.0,0.0,0.0,0.0,2351.232666015625,0.013653508373076884,0.04049769820253446,0.3987109622085013,0.1702,0.19770575899881374
2025-02-13,2566.732816676716,2608.781602204864,2508.4534988880323,2531.27587890625,70607.0,0,1,-0.030748642730104914,-0.11012991043542253,-0.03887216212711142,0.12161719795454085,-0.0991539971287565,-0.031231302102035067,0.35555555555555557,0.2111111111111111,2523.3429565429688,0.0031438145745156716,2663.29748046875,-0.04957073046878106,2708.8581298828126,-0.06555612825107417,2478.577576293945,0.021261510277641234,2619.4083237963196,2601.7971664998645,1,1,0,46.102489086368955,0,0,17.611157296455076,-4.137576125604826,21.748733422059903,0,2910.0093366096044,2136.676576476333,2523.3429565429688,0.3064715234716857,0.5102580968662367,130.05033138651922,0.05137738342559217,23.840618277686545,24.848392718333514,21.561118825992317,0,55.10471059151647,64.2524755876483,150175.2857142857,142252.7,1.0556937458078877,0,8803043.0,2513.6734353552065,390582.6083836035,0.6380511988335533,0.4615423629020765,0.4687840684889486,0.9845521508224147,0.4758532024617616,0.8135955233586394,1.2112746465628632,0.8135955233586394,1.8569592308097544,0.03963538868002924,-0.017171819537878143,1.0,1.0,0.0,0.0,1.0,2242.5849609375,-0.046208827670907726,-0.024679599688343545,0.41385281731871343,0.1895,0.21058399842169426
2025-02-14,2537.2185186204365,2549.5036467812024,2380.658665394743,2455.8173828125,192293.0,0,1,-0.029810459113747467,-0.08051314883561245,-0.12039640202118507,0.11074477775283453,-0.11313098540139555,-0.030263823597865277,0.06666666666666667,0.15555555555555556,2519.4801513671873,-0.025268215953255648,2654.2155078125,-0.0747483105331986,2706.552431640625,-0.09264001166093702,2481.79649230957,-0.01046786453988975,2594.240486721886,2590.9838491896894,1,0,0,42.59348811991486,0,0,3.2566375321966916,-2.658733394044523,5.915370926241215,0,2907.2791550905426,2131.681147643832,2519.4801513671873,0.30784049123222307,0.41791782863874694,132.82137781508638,0.05408438703327934,22.70307734807597,22.592125974967924,26.475880931320567,0,45.686841842011084,55.30623462305431,140703.7142857143,145480.36666666667,0.9671663435390088,0,8610750.0,2509.585275521515,384850.26576924365,0.46169336872085326,0.46701644944007054,0.4701954455620295,0.9932389899732884,0.48853695851723405,0.7893418672744287,1.175165993235982,0.7893418672744287,1.8016024235838044,0.06875306876160779,0.0023476855145296445,1.0,1.0,1.0,0.0,1.0,2150.62158203125,-0.04100775690023584,-0.07396985742370299,0.42663886307117305,0.2196,0.23954657210330935
2025-02-17,2433.5943779830245,2579.2175632356434,2369.1226319574475,2566.782470703125,153568.0,0,1,0.04518458443499718,-0.01715280650461226,-0.0883647581147663,0.1209053822439301,-0.05454082571847563,0.044193505641467935,0.17777777777777778,0.32222222222222224,2520.5338623046873,0.018348735198562095,2646.7625537109375,-0.030218080158220115,2705.2480126953124,-0.05118404720838529,2485.65879699707,0.032636689236696756,2590.0161765651537,2589.191154486981,1,1,0,48.76877012806961,0,0,0.8250220781728785,-1.9619822996010425,2.787004377773921,0,2908.7472354416627,2132.320489167712,2520.5338623046873,0.30804059325908584,0.5595659650062075,138.34091734816562,0.05389662697449759,21.38561296101631,21.675601605460173,23.603861940936344,0,47.66623319052747,49.48592854135169,148559.85714285713,143007.93333333332,1.0388224882362505,0,8764318.0,2508.7884018848818,391789.1720317573,0.5827473823393412,0.4847061118465362,0.46340783338128927,1.0459601174840798,0.5043158688260224,0.8250079515243683,1.2282653802824905,0.8250079515243683,1.8830070804105221,0.08185147501831118,-0.00904912758782773,1.0,0.0,0.0,0.0,1.0,2221.604736328125,0.03300587834231239,-0.03837926143133519,0.43114156843856727,0.2614,0.29318248135496083
2025-02-18,2566.782613401268,2616.8219396320246,2482.485088150914,2579.966796875,116718.0,0,1,0.005136518704782711,0.01923572154837161,-0.06839778662638252,0.10054967371584844,-0.07114470182440746,0.005123371792935123,0.28888888888888886,0.3,2524.21689453125,0.02208601902020893,2639.189755859375,-0.022439826031035358,2704.6003002929688,-0.046082041551377545,2489.5061932373046,0.03633676585478271,2588.4701181512837,2588.5078687379455,1,1,0,49.46435433927204,0,0,-0.037750586661786656,-1.5771359570131915,1.5393853703514049,0,2913.25870289058,2135.17508617192,2524.21689453125,0.30824752754186396,0.5716502714436513,138.05491264337599,0.0535103447108683,19.88260124982945,22.11466373027144,21.963278476601808,0,42.80993372601731,45.387669586185304,152339.42857142858,141127.56666666668,1.0794448750841394,0,8881036.0,2510.606527675964,392388.69622194214,0.5919797980123402,0.4795497768886921,0.45956118566792986,1.0434949509317473,0.505744731911236,0.8292456202989678,1.2345743883827485,0.8292456202989678,1.8926791815002892,0.052069217186758665,5.5594170771125755e-08,0.0,0.0,0.0,0.0,1.0,2218.208251953125,-0.0015288427862346632,-0.050666936657395634,0.4262032323550506,0.2444,0.27435543785205396
2025-02-19,2537.917616687795,2606.13481351642,2494.1207117939434,2591.902099609375,83503.0,0,1,0.004626145867005604,0.05541320692217977,-0.08881676124586724,0.06267400004744594,-0.05560714496348851,0.004615478141863649,0.17777777777777778,0.3333333333333333,2535.9776000976562,0.02205244222565893,2631.19046875,-0.014931784531467145,2704.0719409179687,-0.04148182583874404,2493.4451989746094,0.0394862901640086,2588.998115298682,2588.75929324694,1,1,0,50.124533915921745,0,0,0.2388220517418631,-1.2139443552621807,1.4527664070040438,0,2917.8506376220107,2154.104562573302,2535.9776000976562,0.301164361632886,0.5732239435838045,136.19485472045457,0.052546295919502696,18.48694751801308,20.81549875409215,20.6730068945015,0,42.68898680612037,44.38838457422173,137912.14285714287,139862.96666666667,0.9860518916764208,0,8964539.0,2522.8586139374634,392774.99328027474,0.547202751154736,0.47909999025526173,0.45936614676658527,1.0429588545598762,0.5086426387851319,0.8330818314980463,1.2402857095870763,0.8330818314980463,1.9014349914733544,0.04321694933591745,-0.016298341605844396,0.0,0.0,0.0,1.0,1.0,2178.745361328125,-0.01779043540670855,-0.048018209831008796,0.4280592877759005,0.2408,0.2688338185870232
2025-02-20,2573.8740295192006,2591.7024745257213,2550.052862674452,2573.074951171875,45930.0,0,1,-0.007263834710553807,0.0024515051589184544,-0.03661053903224076,0.037848685416185246,-0.06433987018159204,-0.007290344812582502,0.4111111111111111,0.3111111111111111,2550.060498046875,0.009025061618195681,2623.1931787109374,-0.01910580888430452,2703.833229980469,-0.04836033426867023,2497.2331884765626,0.030370316654961496,2586.548397740712,2587.597490130269,1,1,0,49.036311047456195,0,0,-1.0490923895567903,-1.1809739621211026,0.13188157256431232,0,2914.327055150827,2185.793940942923,2550.060498046875,0.285692482498316,0.5315901263459002,129.45588202148804,0.05031174158472491,17.19098333846931,20.33485362968157,20.19565201157826,0,39.08132987203956,41.526750134725766,126076.57142857143,137919.6,0.9141309243107683,0,8918609.0,2537.602911188326,392441.365352019,0.42249668296481646,0.47919828774232753,0.45801862631043255,1.0462419216495793,0.507838902626405,0.827030462773679,1.2312764791987738,0.827030462773679,1.8876232819824283,0.016186707593690706,-0.0069555366666400826,0.0,0.0,0.0,1.0,1.0,2176.947021484375,-0.0008254015708626383,-0.061483783478834875,0.4270107233086496,0.2422,0.27110471345232956
2025-02-21,2557.9434191688297,2605.186091635004,2514.99557944403,2550.15283203125,63807.0,0,1,-0.008908453727780263,-0.011555949045492508,-0.023520464802129548,0.0021784138710034817,-0.02779626084004838,-0.008948371247442296,0.4666666666666667,0.43333333333333335,2564.727685546875,-0.005682807417629262,2614.696494140625,-0.02468495378106536,2703.6933984375,-0.05678919307011037,2500.900081176758,0.019694009858769377,2580.9490799392565,2584.823811752564,1,1,0,47.67909068395829,0,0,-3.874731813307335,-1.7197255323583491,-2.155006280948986,0,2901.8920776584764,2227.5632934352734,2564.727685546875,0.2629241256384755,0.47838613172591393,126.65121274787985,0.04966416567551346,16.288892887974615,19.300510782335046,21.145545416547137,0,34.68899492359938,38.81977053391979,103775.14285714286,133757.66666666666,0.7758444464776564,0,8854802.0,2549.450720974219,391872.9436450105,0.4070092526506792,0.46039989174869705,0.4579785832382669,1.0052869470299455,0.5006570163186189,0.819662900164595,1.2203077096577275,0.819662900164595,1.8708074773194074,0.035366708637276034,-0.005880719485514347,0.0,0.0,1.0,1.0,1.0,2131.09033203125,-0.021064678653436975,-0.09362847716701128,0.4151163438117293,0.1869,0.2070255672453667
2025-02-24,2535.9201014483137,2632.552740209686,2498.5155784175868,2528.42919921875,183763.0,0,1,-0.00851856113862659,-0.024488926645875653,-0.0011246026998567027,-0.03995304908849062,-0.029965161363441628,-0.008555051458356416,0.5555555555555556,0.43333333333333335,2580.6009155273437,-0.020216886692816047,2607.0807421875,-0.03016843387165551,2704.3146435546873,-0.06503882407142708,2504.458355712891,0.009571268554408015,2572.8690982899475,2580.6464330463555,1,1,0,46.369230807950984,0,0,-7.777334756407981,-2.931247377168276,-4.846087379239705,0,2874.7935664249862,2286.408264629701,2580.6009155273437,0.22800321361393033,0.4113306941057043,127.17878053675267,0.05029952216026028,15.156424292342567,19.38457645206981,19.553698052310338,0,30.52631384581383,34.76554621381761,119940.28571428571,134838.26666666666,0.8895122184475256,0,8671039.0,2574.3811140556872,390307.54729449307,0.3621538010404447,0.4606721850988417,0.4562132066580805,1.009773891627173,0.5020674758798546,0.8126805516364789,1.2099124438250706,0.8126805516364789,1.8548708894452621,0.053012028904552595,-0.005581128473621555,0.0,0.0,1.0,1.0,1.0,2113.156982421875,-0.008415105328867911,-0.057713745864735655,0.37524024623893226,0.1916,0.2349395305939529
2025-02-25,2521.9370405606405,2556.8945836971247,2482.1352831945987,2542.0625,85263.0,0,1,0.005392004168225384,-0.012052680843109842,0.03511870132979045,-0.08950586597515797,-0.012455220512213483,0.005377519358524255,0.6666666666666666,0.5,2593.2080932617187,-0.019722903609092204,2596.9550341796876,-0.021137267860714706,2702.893369140625,-0.05950322383297001,2508.2075384521486,0.01349767155581703,2568.1296216299556,2577.7883639318106,1,1,0,47.34686052067162,0,0,-9.658742301855,-4.276746362105621,-5.381995939749379,0,2854.749931840968,2331.666254682469,2593.2080932617187,0.2017129587547169,0.4022229224594575,123.43453196287935,0.04855684388675705,14.281310505454003,18.54597263452413,19.655665774949778,0,33.1387260367073,32.784678268706855,104650.28571428571,133162.6,0.7858834666361704,0,8756302.0,2593.2333314420193,390767.2857458885,0.2945532001693391,0.4597089343484899,0.45626825670037385,1.0075409095364167,0.5024195760678231,0.8170625285583384,1.216436296765363,0.8170625285583384,1.8648723610126707,0.02940891520272456,-0.0025676648015754058,0.0,1.0,1.0,1.0,1.0,2127.84326171875,0.006949923464769414,-0.010591505499068843,0.3100722337401649,0.2893,0.42815955023731966
2025-02-26,2521.9370405606405,2556.8945836971247,2482.1352831945987,2542.0625,85263.0,0,1,0.0,-0.0031724890875680645,-0.009630722893457122,-0.09714446450927272,0.003429896815913658,0.0,0.5333333333333333,0.5333333333333333,2603.0985717773438,-0.023447468505070686,2586.762412109375,-0.01728025422826692,2701.5130419921875,-0.05902268081393501,2512.023081665039,0.011958257292385173,2564.1192952253473,2575.1420036405657,1,1,0,47.34686052067162,0,0,-11.022708415218403,-5.625938772728178,-5.396769642490225,0,2838.671959712168,2367.5251838425197,2603.0985717773438,0.1809945965849301,0.3704521077010817,119.95772971571125,0.04718913469504044,13.468704846200337,17.720393762115226,18.78068861916979,0,33.1387260367073,32.26792197307616,94892.42857142857,133614.43333333332,0.7101959436874353,0,8756302.0,2600.9782668640446,390767.2857458885,0.10639114634961051,0.45734196143422823,0.4554173387910108,1.0042260636108558,0.5007259126588517,0.8170625285583384,1.216436296765363,0.8170625285583384,1.8648723610126707,0.02940891520272456,-0.0079169805775269,0.0,1.0,1.0,1.0,1.0,2127.84326171875,0.0,-0.042204390851427576,0.30960972462840164,0.2979,0.43921637086682047
2025-02-27,2556.894719152517,2569.8789501482133,2490.575359912292,2508.80322265625,63751.0,0,1,-0.013083579708897841,-0.0077621222569982384,-0.027583135684128735,-0.09409429688150162,-0.012986701137018275,-0.013169923690383683,0.43333333333333335,0.4777777777777778,2606.5868408203123,-0.03751404581375432,2578.403564453125,-0.026993579576297673,2699.286748046875,-0.07056809563802482,2515.6396472167967,-0.002717569095442673,2555.609130214717,2570.2280198639496,1,0,0,45.02469940920076,0,0,-14.618889649232642,-7.424528948029071,-7.194360701203571,0,2833.8509948305764,2379.3226868100483,2606.5868408203123,0.17437681373296762,0.28486792475058326,117.053862610012,0.04665725137505152,12.550213448225614,17.655189225235166,17.871842041196643,0,26.76558551943684,31.01434586428383,87325.71428571429,127256.83333333333,0.6862163075909293,0,8692551.0,2609.289916149907,389933.1944558665,0.11562501443500278,0.45883182727811356,0.45444093710513944,1.0096621800864702,0.49823957004545927,0.8063724258387919,1.200520955515837,0.8063724258387919,1.840473154830441,0.03161012769744338,0.005834718521876293,1.0,1.0,1.0,1.0,1.0,2108.961181640625,-0.008873811533878229,-0.04925014151232565,0.3038869926292106,0.3025,0.4559546449980394
2025-02-28,2481.985649313818,2494.4204984660323,2372.268801845595,2403.630859375,170123.0,0,1,-0.04192132819803085,-0.05445642686794683,-0.07263825291192494,-0.15500351979159677,-0.05110101528904376,-0.04282538350412909,0.23333333333333334,0.34444444444444444,2602.806433105469,-0.07652339075127759,2570.9236474609374,-0.06507108379167814,2696.4127392578125,-0.10858199696957399,2518.659000854492,-0.0456703910455791,2532.227857777837,2557.8874894573605,1,0,0,38.58083630175709,0,0,-25.6596316795235,-11.071549494327957,-14.588082185195542,0,2841.23133521389,2364.381530997048,2602.806433105469,0.18320601876179535,0.08230962460478233,118.44533105291508,0.049277671149434994,12.971977491795665,16.20151012297303,23.53481277405867,0,7.258429565634739,22.387580373926312,99700.0,129214.56666666667,0.7715848342176076,0,8522428.0,2601.2839293233724,382801.4123388329,0.24510353146369507,0.474987442605001,0.4617029444233459,1.028772825346061,0.5034829852877329,0.7725682227253616,1.150193522531044,0.7725682227253616,1.763318075667129,0.050819657329661455,-0.010689388908723639,1.0,1.0,1.0,1.0,1.0,2094.025146484375,-0.007082176422342101,-0.03888486298008964,0.3032573335519067,0.2985,0.4664415167576704
2025-03-03,2416.0658064034733,2433.5945674098166,2297.310127016352,2359.484619140625,97438.0,0,1,-0.018366480885444347,-0.07182273483023138,-0.08300975917315312,-0.11658126617712816,-0.07315199323002741,-0.018537238741229055,0.2,0.26666666666666666,2593.550183105469,-0.09024909773852079,2567.639638671875,-0.08106862676373054,2692.142429199219,-0.12356620008308526,2521.2273583984374,-0.06415238146573045,2505.6519749105737,2543.19098054501,1,0,0,36.23650716198771,0,0,-37.53900563443631,-16.365040722349626,-21.17396491208668,0,2854.77226404324,2332.328102167698,2593.550183105469,0.2014397736657545,0.05197975009508532,119.71955314866862,0.05073970483955647,13.999315714865958,14.884137454595228,26.09343449902174,0,17.545105327834047,17.189706804301895,107058.28571428571,130221.16666666667,0.8221266054874774,0,8424990.0,2594.820048642354,381011.819174317,0.24766751930923017,0.4769794165145721,0.4619143875782504,1.032614331446365,0.5114669757208474,0.7583788632299745,1.1290685151849158,0.7583788632299745,1.7309321279354302,0.05776025801901701,0.00517340130659941,1.0,1.0,1.0,1.0,1.0,2115.10546875,0.010066890696616815,-0.028407467946651166,0.2990785124319374,0.2774,0.4415161642315406
2025-03-04,2321.080887146052,2596.8460605783307,2321.080887146052,2558.14306640625,322781.0,1,0,0.08419569496408963,0.019666685415749896,0.003133237457237259,-0.020460922546222005,0.02068259458806554,0.08083841713347781,0.5777777777777777,0.6,2589.774755859375,-0.012214069730025083,2567.57970703125,-0.003675305813937583,2690.05046875,-0.04903528906840334,2524.5038592529295,0.013325076541287319,2513.72752744837,2544.2985424606577,1,1,0,50.74172215483149,0,0,-30.571015012287717,-19.206235580337243,-11.364779431950474,0,2850.7389987435704,2328.81051297518,2589.774755859375,0.20153431667658567,0.4393945908000088,130.86566888321218,0.05115650903256786,13.099282232131047,21.55434836333199,22.165928120330847,0,77.80423165937918,34.20258885094935,144054.57142857142,138980.4,1.0365099785910201,1,8747771.0,2583.1805127870107,408188.58979052084,0.6143608127317643,0.5326637672538519,0.49297913928921794,1.0804996090135814,0.5439429941405781,0.8222310986656984,1.2241312234829824,0.8222310986656984,1.876669161382624,0.10779896443387,-0.01627632224555898,1.0,1.0,1.0,1.0,1.0,2142.779296875,0.013083899849852365,0.005484969204758494,0.29749936257557935,0.3101,0.558386752676597
2025-03-05,2534.2723130596005,2635.798914915975,2505.0078049473777,2608.731689453125,107624.0,1,0,0.019775525345399503,0.08532958764369325,0.03175983344093147,0.030599513546640145,0.10694826910697341,0.019582529885736798,0.6444444444444445,0.9444444444444444,2580.61337890625,0.010895979528243935,2568.5315478515627,0.015651021158446573,2688.069375,-0.029514746265384254,2528.0088537597658,0.0319313896283649,2528.3435523721787,2549.0713681638035,1,1,1,53.63426452908557,0,0,-20.727815791624835,-19.51055162259476,-1.2172641690300736,0,2823.9620713747127,2337.2646864377875,2580.61337890625,0.18859755936908446,0.5577737037780036,130.86034324645397,0.050162438619314874,12.424133783330547,22.141762100961547,20.58348519441695,0,92.00350899927697,62.45094866216342,133177.57142857142,134390.13333333333,0.9909772996373599,0,8855395.0,2566.206687644256,410316.91093029414,0.62021336373893,0.5012694641917992,0.4942686895169989,1.0141639048219733,0.5364198077119194,0.8384911505971377,1.248339061519065,0.8384911505971377,1.8807375259968588,0.05013589956275463,-0.009331281608179875,1.0,1.0,1.0,1.0,1.0,2243.734130859375,0.04711396742147267,0.06179245059581251,0.33151336858056074,0.3367,0.5136218378334247
2025-03-06,2608.6317872122568,2735.7274257438894,2596.8460525127284,2726.58837890625,125871.0,0,1,0.045177773524816445,0.15558641780819582,0.0725890409485408,0.1102569751272191,0.18991365962740536,0.044186989153879246,0.7666666666666667,1.0,2576.16376953125,0.05839093428535041,2572.0532666015624,0.060082391881748944,2687.4691015625,0.014556177528145756,2532.086417236328,0.07681489871195356,2558.8427564543435,2562.2207763669476,1,1,1,59.58808815613248,0,0,-3.3780199126040316,-16.284045280596615,12.906025367992584,1,2804.1948962387387,2348.1326428237617,2576.16376953125,0.17703154543546762,0.8298335002483236,131.43327395964732,0.04820429624671502,12.629058765951706,25.901286691458935,19.029919754184753,0,97.91544565778665,89.24106210548096,138978.7142857143,132336.53333333333,1.0501915894657028,0,8981266.0,2563.476706903632,416003.4824616363,0.6647229782238493,0.5055841519612644,0.5032624335464989,1.0046133354290012,0.5369254264897173,0.8763723139013779,1.3047362409225554,0.8763723139013779,1.9356261555976848,0.050935951427649,-3.8295329976681096e-05,1.0,1.0,1.0,1.0,1.0,2250.7275390625,0.0031168613548908652,0.057750624566440534,0.3314556932476724,0.3524,0.5425844106520255
2025-03-07,2716.7005176253256,2766.789585881254,2679.2460068124765,2706.512939453125,135926.0,0,1,-0.0073628420074093315,0.05799905212311263,0.06469173730115796,0.05443798621225704,0.1992653525734296,-0.007390081517792107,0.7444444444444445,1.0,2573.0200805664062,0.05188177888504181,2574.220634765625,0.051391206682462415,2685.325705566406,0.007890005239513335,2536.0119622802736,0.06723192938709337,2581.5612461464634,2572.9090847437014,1,1,1,58.21675704789212,0,0,8.652161402761976,-11.296803943924896,19.948965346686872,0,2791.3629145340906,2354.677246598722,2573.0200805664062,0.16971716281329596,0.8056955350008791,128.29829575315662,0.047403540505178754,13.054634366522611,26.368236816976992,18.102423142316706,0,87.16096193561596,92.35997219755988,146216.2857142857,133169.3,1.0979729240469518,0,8845340.0,2564.695615812703,415002.68079893716,0.67084802370429,0.5032604140101696,0.5033886967675225,0.9997451616252477,0.5381897986054284,0.8699197230144544,1.2951296741193015,0.8699197230144544,1.9013053765821037,0.03234552393696165,-0.0036264591155086142,1.0,1.0,1.0,1.0,1.0,2245.382568359375,-0.002374774649690048,0.05523870519752627,0.32097853768711637,0.3342,0.528911964993867
2025-03-10,2705.4642166241883,2874.50891202378,2679.745452036067,2763.244140625,740906.0,0,1,0.020960993884381107,0.05922895474323986,0.10141924072441011,0.0710386443623987,0.24979121832760232,0.02074433461766124,0.9,1.0,2568.9550170898438,0.07562963237684492,2576.3480517578123,0.07254302800418239,2684.604582519531,0.029292789939166706,2540.547476196289,0.08765695839785391,2609.512460681623,2587.0079777719457,1,1,1,60.951572512790605,0,0,22.504482909677336,-4.53654657320445,27.041029482881786,0,2768.205328340408,2369.7047058392795,2568.9550170898438,0.1551216817149865,0.9875503639510779,133.04580748419636,0.04814840843346676,14.187254377169165,29.39424271706212,16.209578526279355,0,80.72331850155436,88.599908698319,242952.7142857143,151837.96666666667,1.6000788183568995,1,9586246.0,2599.2364479022303,430532.8069338384,0.6545333319168879,0.4985108623286493,0.503539128888558,0.9900141493055219,0.5421241669541024,0.8881541050084628,1.3222768792979964,0.8881541050084628,1.8773308942936369,0.07048362362352122,-0.00038748118054390867,1.0,1.0,1.0,1.0,1.0,2226.20068359375,-0.008542813610439959,0.055591114229006644,0.3143687751835042,0.3031,0.48501986498453165
2025-03-11,2726.488839836981,2756.65215889366,2631.803782132172,2733.1806640625,163158.0,0,1,-0.010879775739142672,0.002417777911491781,0.13710499821640276,0.054507677768545815,0.19357092077750782,-0.010939393310757061,0.9333333333333333,0.9777777777777777,2572.0712280273438,0.06263801495058888,2578.6472607421874,0.05992808930207643,2684.510197753906,0.018130110419888063,2545.4034313964844,0.0737711084812184,2628.538338124835,2597.8355841638386,1,1,1,58.756817482256146,0,0,30.702753960996233,2.511313533635687,28.191440427360547,0,2779.800914561755,2364.3415414929327,2572.0712280273438,0.16152716477741544,0.8877862589670543,132.9311325562415,0.04863605772721131,14.711373097820513,27.318200072133493,17.640810584272558,0,75.514805014799,81.13302848398979,241957.7142857143,152253.73333333334,1.5891742618618718,0,9423088.0,2599.8471268819894,428757.68448379135,0.5597759355850959,0.4941524318780505,0.4940468324131553,1.0002137438355376,0.5210538144503384,0.8784911875241718,1.307890803386181,0.8784911875241718,1.856905955175558,0.04567878677142327,-0.013301503203298487,1.0,1.0,1.0,1.0,1.0,2248.4794921875,0.010007547279064388,0.07375954675732332,0.31385936182636737,0.2769,0.44005469214099535
2025-03-12,2730.9833339283728,2866.5186806157694,2726.7384891922693,2802.6962890625,282087.0,0,1,0.02543396633601036,0.03553773869221177,0.18784257643658742,0.08924005023096848,0.19556053596832346,0.025115904780819882,0.9777777777777777,0.9777777777777777,2581.6271240234373,0.08563171767986727,2580.259306640625,0.08620722027797958,2685.525966796875,0.043630306954498925,2550.1913397216795,0.09901411921835566,2655.3318690383217,2613.010451193369,1,1,1,62.150628997870214,0,0,42.32141784495252,10.473334395899055,31.848083449053465,0,2813.221601407035,2350.0326466398396,2581.6271240234373,0.17941744973817927,0.9772764176774786,133.42035104675998,0.04760428433413632,15.892504543071567,31.155753917418444,16.320688631903106,0,87.55842444118178,81.26551598584507,268336.14285714284,158469.36666666667,1.6932997745966645,0,9705175.0,2617.030135156562,435932.2757456175,0.49666031832985436,0.49468979458004814,0.49709512723259225,0.9951612226296906,0.5232229951702989,0.9008347028141432,1.3411556540506826,0.9008347028141432,1.891311956655045,0.04987347076063547,-0.000803946172684103,1.0,1.0,1.0,0.0,0.0,2239.687744140625,-0.00391008593915243,0.058901211892876226,0.31093237895250897,0.2613,0.41963753033625595
2025-03-13,2821.523310633908,2836.3054071272463,2772.832443974007,2806.341796875,147421.0,0,1,0.001300714539326453,0.015596760205289772,0.09702300615165615,0.1004602397259815,0.1505937910366848,0.0012998693429967618,0.8444444444444444,0.9333333333333333,2595.380419921875,0.08128341237908987,2580.1883935546875,0.08764995760977913,2687.701826171875,0.04414179041285445,2554.603306274414,0.09854308494093224,2678.5641656285798,2627.3312916142304,1,1,1,62.32571075697698,0,0,51.23287401434936,18.62524231958912,32.607631694760244,0,2846.2523237557243,2344.5085160880253,2595.380419921875,0.1933218744413593,0.9204563638438429,128.42410905436563,0.04576210538480103,16.989269456518976,30.055855844778446,15.744515960300648,0,88.1900106307565,83.75441336224578,243284.7142857143,158813.8,1.5318864877341536,0,9852596.0,2626.682717496018,436124.02838371956,0.3140388743154576,0.4843776183414045,0.48993476042723455,0.9886573835239123,0.5184520844198255,0.9020064316096235,1.3429001147094062,0.9020064316096235,1.8643936690367642,0.02261768798936729,0.006717467620334084,1.0,1.0,1.0,1.0,0.0,2219.00732421875,-0.009233617487963808,0.035574371777308045,0.30097257709540326,0.3349,0.5441290694629375
2025-03-14,2821.523310633908,2836.3054071272463,2772.832443974007,2806.341796875,147421.0,0,1,0.0,0.026767763205142847,0.07574949475286985,0.10991511953038713,0.1319367682580428,0.0,0.7777777777777778,0.8888888888888888,2612.906640625,0.07403064206064819,2580.9334912109375,0.08733596058622344,2690.442998046875,0.04307796110613076,2559.151485595703,0.09659073043179296,2698.222262743414,2640.591329040954,1,1,1,62.32571075697698,0,0,57.63093370245997,26.42638059616329,31.20455310629668,0,2871.5805363758454,2354.2327448741544,2612.906640625,0.1979970441569022,0.8738977133516338,123.78474148999946,0.044108932713698625,18.007694019005854,28.95501959375841,15.167851831574014,0,88.1900106307565,87.97948190089828,248970.0,161328.76666666666,1.5432461621331017,0,9852596.0,2644.1343424332695,436124.02838371956,0.3193332661184654,0.4832705244893576,0.4779893432565764,1.0110487426284447,0.5156331053225424,0.9020064316096235,1.3429001147094062,0.9020064316096235,1.8130689934387476,0.02261768798936729,0.005409716583993156,1.0,1.0,1.0,1.0,1.0,2219.00732421875,0.0,-0.011020381737988916,0.29717287415328253,0.3285,0.5393696352187242
2025-03-17,2795.45497805154,2860.5258508999705,2756.6520071522064,2832.360107421875,128179.0,0,1,0.009271255046640281,0.010584028842203885,0.038792701287040154,0.11419766721781044,0.11308237071682137,0.00922854076857501,0.6666666666666666,0.8666666666666667,2626.1855224609376,0.07850724299467464,2583.2836376953123,0.09641855276441007,2692.8885278320313,0.051792555892437316,2563.89910949707,0.10470809749509435,2718.8588542324082,2654.796423735837,1,1,1,63.71502192347433,0,0,64.06243049657132,33.9535905762449,30.108839920326425,0,2901.6138727239204,2350.757172197955,2626.1855224609376,0.20975544028198378,0.8742798894232912,122.36253450841123,0.04320161627321831,19.11536931366249,28.613163785596782,14.248135749784842,0,92.69769692925419,89.69257273025575,249299.7142857143,162977.73333333334,1.5296550589265423,0,9980775.0,2657.314950974628,437312.40858434286,0.21643604120611445,0.47909173801295113,0.43432137301960816,1.1030811923486017,0.5152177959805899,0.9103691632907862,1.3553504841750397,0.9103691632907862,1.8298784184940735,0.03667395380819501,-0.0038793631038040693,1.0,1.0,0.0,1.0,0.0,2250.577392578125,0.014227113184716478,-6.67102000437847e-05,0.29853955408799626,0.3487,0.5650776180496323
2025-03-18,2832.360107421875,2832.360107421875,2832.360107421875,2832.360107421875,0.0,0,1,0.0,0.009271255046640281,0.046497899985720625,0.11419766721781044,0.07544980332214224,0.0,0.6777777777777778,0.7777777777777778,2638.8051879882814,0.07334945387959921,2584.379306640625,0.0959537170662438,2695.3485400390623,0.05083259747209801,2568.3076983642577,0.1028118278918803,2736.3205854923262,2667.949289194062,1,1,1,63.71502192347433,0,0,68.37129629826404,40.83713172064873,27.534164577615314,0,2928.0966477706734,2349.5137282058895,2638.8051879882814,0.21925942930477266,0.8345327227758255,113.62235347209615,0.040115786539417005,20.143924944415083,28.61316378559678,14.248135749784842,0,92.69769692925419,91.19513482975498,,,,0,9980775.0,2660.8954192843853,,0.20210887278870027,0.4701504045164915,0.4335142741836144,1.0845096286664828,0.5000573872375375,0.9103691632907862,1.3553504841750397,0.9103691632907862,1.819380405257081,0.0,0.0,1.0,1.0,0.0,0.0,0.0,2250.577392578125,0.0,0.0023135586300313538,0.29390076082910516,0.3258,0.5265089476900271
2025-03-19,2853.384593139772,2946.4214999127894,2846.542805000491,2931.639404296875,178773.0,0,1,0.03505179183072449,0.04464802097926923,0.06094114566141329,0.16854099110767962,0.05002944683239963,0.03445146588151146,0.7222222222222222,0.6777777777777778,2655.7920532226562,0.10386632143864324,2588.1217578125,0.1327285493611083,2698.9306884765624,0.08622256096234442,2573.2693139648436,0.13926645314083416,2766.36963453918,2687.481890312789,1,1,1,68.8057305894268,0,0,78.88774422639108,48.4472542217972,30.440490004593876,0,2972.1217490086065,2339.462357436706,2655.7920532226562,0.23821872303752223,0.9360124179755723,113.65371340201175,0.03876797168008815,21.82398022971952,33.73051398686396,13.226761162909222,0,97.72271812925503,94.37270399592116,,,,0,10159548.0,2676.8619932896886,443578.722565297,0.2530239755432756,0.4500988698938929,0.43866376391342116,1.0260680432740934,0.48747786719136577,0.9422792336915656,1.4028579472040148,0.9422792336915656,1.866759475062521,0.03406922923941703,0.007422956446394146,0.0,0.0,0.0,0.0,0.0,2316.46533203125,0.029276015866154248,0.04054650108712843,0.30500171608912685,0.3519,0.5234681311214027
2025-03-20,2931.6895590929525,2996.3610177255287,2856.7305455306223,2886.3447265625,131724.0,0,1,-0.015450289577902065,0.019059941918813328,0.056038762645255424,0.20082695531418526,0.025133061721111405,-0.015570889113089475,0.7,0.5777777777777777,2671.4555419921876,0.08043898960417019,2590.848447265625,0.11405386509918825,2699.9769189453127,0.06902570400119858,2578.2302307128907,0.11950619932201106,2784.8273410043057,2702.2124707757303,1,1,1,64.36863444506827,0,0,82.61487022857546,55.280777423152855,27.3340928054226,0,3001.2758380945393,2341.635245889836,2671.4555419921876,0.24692179294617375,0.825767072417561,115.5091961729328,0.04001919629000753,23.654228364787766,33.90622305550804,12.084700636885161,0,84.26204835367297,91.56082113739409,,,,0,10027824.0,2687.5598315370003,441543.5486209374,0.26895552308186493,0.45231723294495707,0.4399973503399969,1.0279999018072274,0.49182975153002234,0.9277207466677874,1.3811833856830515,0.9277207466677874,1.8296631050152958,0.04837622855991967,1.7108105452545868e-05,0.0,0.0,0.0,0.0,0.0,2337.095947265625,0.008906075540653369,0.03941172485051747,0.30560944714035104,0.3426,0.511300405572833
2025-03-21,2887.3434295820957,3028.621798689488,2837.0544077596023,2968.694580078125,826236.0,0,1,0.02853084482867696,0.0481345829928197,0.05922806964972693,0.2581961992866846,0.07196823035898903,0.028131419771707376,0.7,0.7444444444444445,2692.3826293945312,0.10262729660595507,2597.7610546875,0.14278970143204606,2701.2229052734374,0.09901873491540387,2583.477660522461,0.14910789647693756,2813.114608554124,2721.9518862796112,1,1,1,68.36318011555603,0,0,91.16272227451282,62.457166393424856,28.70555588108796,0,3042.2967903722238,2342.4684684168387,2692.3826293945312,0.2599289990638381,0.8948281914506584,120.94192436985801,0.04073909292705862,25.521269908284495,31.975397515145715,10.717436033742072,1,91.53021152082395,91.17165933458402,,,,0,10854060.0,2741.122748143476,465116.7597288041,0.27758480920514916,0.4559267408047792,0.44197143191377763,1.0315751378557971,0.5028049658461649,0.9541894033353104,1.4205897145399213,0.9541894033353104,1.8316940785203155,0.06452916787581577,0.00034600961222851966,0.0,0.0,0.0,0.0,0.0,2360.573974609375,0.010045812355808037,0.05397459122817794,0.3052187694054627,0.3684,0.5547600743529065
2025-03-24,2968.694561307165,3007.796973666045,2847.891325989156,2875.807373046875,161388.0,0,1,-0.03128890646231641,-0.01904464483870949,0.02475307043825814,0.12417769389531785,0.010990143725252643,-0.03178886063056323,0.5333333333333333,0.5222222222222223,2709.7515380859377,0.06128083428572667,2603.146513671875,0.1047428018142543,2702.1977221679685,0.06424757502186766,2588.260654296875,0.11109650732921046,2822.7596492453167,2733.3485890031125,1,1,1,60.16933263796462,0,0,89.41106024220426,67.84794516318074,21.563115079023518,0,3059.885331997665,2359.61774417421,2709.7515380859377,0.2584250171947855,0.7371319733318884,123.72504746321736,0.043022717245533915,27.254951341531456,29.02354883695614,9.728042567255915,1,70.81544277483978,82.20256754977892,,,,0,10692672.0,2756.209245283409,460067.1056926638,0.3683785739264232,0.4601999549179171,0.44535371546012326,1.0333358383289903,0.4923219835263714,0.9243338603470185,1.376141015840353,0.9243338603470185,1.7665510935237376,0.05560374077053398,-6.322967785889779e-09,0.0,0.0,0.0,0.0,0.0,2366.46826171875,0.0024969719961223102,0.06645356051355833,0.2986490463038208,0.4039,0.6273133011836497
2025-03-25,2876.50656098301,2916.707737746748,2838.5526549700394,2880.501708984375,85020.0,0,1,0.0016323540934963798,-0.0020243658092371497,0.02642583030761103,0.10417706835470764,0.07849364724929853,0.0016310232516263826,0.5555555555555556,0.7888888888888889,2726.6734985351563,0.05641607274646539,2609.274072265625,0.1039475460250306,2703.2064965820314,0.06558700292653112,2592.7979370117187,0.11096266618610627,2831.6430430513255,2744.248820112836,1,1,1,60.427476798490424,0,0,87.39422293848975,71.75720071824254,15.637022220247204,0,3075.394138421827,2377.9528586484857,2726.6734985351563,0.2557846695425858,0.7205608054906224,120.4700499856096,0.04182259278300712,28.706855969972693,27.6786159427892,9.830955597052336,1,65.6951343338132,76.01359620982566,,,,0,10777692.0,2763.5109701051965,460205.8884376929,0.36785862395236857,0.4191587344151533,0.4441074930865928,0.9438227027018997,0.47841950373895265,0.9258427005077131,1.3783873652607883,0.9258427005077131,1.7694347304326217,0.027132454923717124,0.00024312752748599338,0.0,0.0,0.0,0.0,0.0,2318.163818359375,-0.02041203938407854,0.04468506843506481,0.3027390763312039,0.4893,0.6870924084465098
2025-03-26,2880.501747498995,2915.4093048587697,2782.620620156796,2796.503662109375,59154.0,0,1,-0.029160908536525976,-0.058002234087758064,-0.012659564445404503,0.02564203813968091,0.07080978122421899,-0.02959453867270481,0.4111111111111111,0.7333333333333333,2739.395556640625,0.020846973096058822,2614.5366796875,0.06959817539971341,2702.905361328125,0.03462877469570699,2597.0267443847656,0.07680972795367395,2826.2369844448713,2748.1195491496164,1,1,1,53.718609651518186,0,0,78.11743529525484,73.02924763364501,5.0881876616098225,0,3078.181910047506,2400.6092032337438,2739.395556640625,0.2473438730566837,0.5842833616148694,121.34995246534989,0.043393453800742325,29.138618004057918,25.515211124890723,12.354803673932397,1,41.505141678317415,59.33857292899015,,,,0,10718538.0,2769.4460885830435,458480.9040541232,0.4142898486563344,0.42335036400089815,0.4417057458453357,0.9584443217751016,0.4783169730053485,0.8988442861989976,1.3381923373745155,0.8988442861989976,1.7178364060971234,0.047483822925449844,1.3370802681059386e-08,1.0,0.0,0.0,0.0,0.0,2310.42138671875,-0.0033398984054994196,0.026590507101855954,0.3001506250049843,0.519,0.7420332704476278
2025-03-27,2760.3475271221337,2829.3138168416663,2746.863902895724,2808.888671875,94061.0,0,1,0.004428747915989906,-0.02326953529609166,-0.008286882549069507,0.03782569480069098,0.10967306854308778,0.00441896987097293,0.45555555555555555,0.8555555555555555,2754.3998291015623,0.019782473916000423,2619.878193359375,0.0721447581016214,2702.791501464844,0.03925466331851874,2601.2588507080077,0.07981897730419249,2823.568013280276,2752.6209656477927,1,1,1,54.52036805698437,0,0,70.94704763248319,72.61280763341264,-1.6657600009294526,0,3076.348116119655,2432.4515420834696,2754.3998291015623,0.23377019096251303,0.5846235947985888,118.5713782853922,0.042212914834479,28.99598976755599,24.247905188897423,13.895177355138713,1,44.62622218597025,50.60883273270031,219479.42857142858,,,0,10812599.0,2773.857814821076,458897.47651184915,0.41595030177666953,0.4112642612962988,0.43696156863645375,0.9411909211596254,0.47621160439860244,0.9028250409583007,1.3441188538998565,0.9028250409583007,1.7254442705006376,0.029353215302372556,-0.012929049754924732,0.0,1.0,0.0,0.0,1.0,2361.12353515625,0.021944978837608042,0.049119014055095445,0.2736078747287428,0.4661,0.7109306022934295
2025-03-28,2820.5243721666234,2891.488234072248,2797.7022365567086,2873.759765625,93747.0,0,1,0.02309493231239279,-0.0023405448218782876,-0.01974309616218195,0.03999488260020456,0.17018463414158913,0.0228322806233534,0.4,0.9444444444444444,2777.9062744140624,0.034505660645860255,2626.6919189453124,0.09406045866958467,2703.846220703125,0.06284142331056455,2605.5655883789063,0.1029312708312804,2831.2898213333106,2761.5942100905486,1,1,1,58.568947290434814,0,0,69.69561124276197,72.02936835528251,-2.3337571125205443,0,3057.9429966639545,2497.8695521641703,2777.9062744140624,0.20161711345639957,0.6711445028366713,116.80099394468843,0.040643965908989596,29.36124826007686,26.65941093168647,13.098233874672308,1,60.97404185222526,49.03513523883766,207332.85714285713,,,0,10906346.0,2790.5265467804293,461062.55713133904,0.37827181405221605,0.4021093385459366,0.43834946647484513,0.9173259449353335,0.46459286300513786,0.923675724169166,1.3751611878504846,0.923675724169166,1.765293289136656,0.03263529493222696,0.004142456911208329,0.0,0.0,0.0,0.0,1.0,2313.6181640625,-0.020119816005563784,-0.0012291001852609007,0.2509262489346829,0.3581,0.5827867506907843
2025-03-31,2820.5243721666234,2891.488234072248,2797.7022365567086,2873.759765625,93747.0,0,1,0.0,0.027625961861731163,-0.004360172512202998,0.051434251460548586,0.11959614748256553,0.0,0.4888888888888889,0.8555555555555555,2803.6200317382813,0.02501756054411949,2633.25294921875,0.09133449047407506,2704.750622558594,0.0624860353693272,2609.8219317626954,0.10113250664731704,2837.8236589166477,2769.902769759767,1,1,1,58.568947290434814,0,0,67.92088915688055,71.20767251560213,-3.2867833587215785,0,3005.3937202066836,2601.846343269879,2803.6200317382813,0.1439379703270988,0.6738079291188219,115.15706562832064,0.04007191798207798,29.70041686027481,25.1085604638848,12.336273973008934,1,48.70135970007484,51.43387457942347,201907.57142857142,,,0,10906346.0,2802.350074474398,461062.55713133904,0.36766527521305575,0.38493940596540044,0.4362875619741214,0.8823066241531619,0.44414909830476035,0.923675724169166,1.3751611878504846,0.923675724169166,1.765293289136656,0.03263529493222696,-0.018524649866408966,0.0,0.0,0.0,0.0,1.0,2313.6181640625,0.0,-0.01004570789256376,0.23377152692156175,0.2835,0.47400398595968046
2025-04-01,2873.7599544634068,2873.7599544634068,2711.70676040252,2738.82373046875,120242.0,0,1,-0.04695452861798399,-0.024944007965783888,-0.07743162639631518,-0.022789682507880715,0.061573247293789324,-0.048092662529150905,0.2,0.6777777777777778,2812.6540649414064,-0.026249347686557564,2637.90330078125,0.038257820010919694,2705.375861816406,0.012363483065117174,2613.510869140625,0.04794809266254573,2822.592900693894,2767.600618701173,1,1,1,48.21484270366247,0,0,54.99228199272102,67.96459441102591,-12.972312418304895,0,2981.6712216429282,2643.6369082398846,2812.6540649414064,0.12018339461525127,0.28158923060385477,118.50678908778964,0.0432692282345265,28.741274089022678,22.656065395420118,16.314596388175133,1,8.556542539857437,39.410648030719194,101051.28571428571,,,0,10786104.0,2827.6858024333883,455416.6507012554,0.4002803014801309,0.41317181698397265,0.44521188252154775,0.9280341185951514,0.44616244623331064,0.8803049659449278,1.3105911425012182,0.8803049659449278,1.6824047748727537,0.059168902422629156,6.571127100316834e-08,0.0,0.0,0.0,0.0,1.0,2333.0498046875,0.008398810541355717,-0.011659948054129399,0.23443928767733055,0.2348,0.4185546760917079
2025-04-02,2723.7422121157447,2813.782765107172,2690.382579090515,2791.509765625,99522.0,0,1,0.01923673822821481,-0.028621042365422622,-0.029312675185390824,-0.005285183460730369,0.07701203916834198,0.019054051328398252,0.36666666666666664,0.7555555555555555,2821.79296875,-0.010731901121156623,2646.599736328125,0.054753284868803896,2707.3294897460937,0.03109347281065561,2617.5178717041017,0.06647209396420399,2817.810879914064,2769.3716666214564,1,1,1,51.797973656898506,0,0,48.43921329260775,64.05951818734228,-15.62030489473453,0,2961.6309587653705,2681.9549787346295,2821.79296875,0.0991128630370895,0.3917204004374227,118.85631743985161,0.0425777903066875,27.5657765532699,20.97590788349989,16.386227836417163,1,29.89812554983561,29.05200926325598,92213.28571428571,,,0,10885626.0,2832.954669098451,457331.1293632038,0.40827912380718556,0.41607751819040883,0.4462571800794328,0.9323715936992832,0.4464379799428865,0.8972391621358079,1.3358026412337312,0.8972391621358079,1.66531014820675,0.04420553620704557,-0.005506567722934151,0.0,0.0,0.0,1.0,1.0,2367.16748046875,0.01462363800065547,0.00029546931235491236,0.22969116407839776,0.2602,0.47661780506239376
2025-04-03,2730.33386006288,2830.012846870128,2730.33386006288,2810.23681640625,42991.0,0,1,0.006708574339182816,-0.022104474416613118,-0.024393282725355347,0.0013879348323098117,0.09217060122028808,0.006686171990419497,0.4,0.7888888888888889,2825.975390625,-0.0055692538126699805,2656.9761328125,0.05768237121178739,2708.591455078125,0.03752701838350638,2621.6432080078125,0.07193717582254446,2816.6456393744,2772.398714753663,1,1,1,53.04170967552267,0,0,44.24692462073699,60.096999474021224,-15.850074853284234,0,2958.6438964420213,2693.3068848079783,2825.975390625,0.09389218763697739,0.44068458779336556,117.48650810895137,0.0418066219270424,26.645572313868655,20.691468494048607,15.393188225427421,1,35.434754567444315,24.629807552379138,86209.14285714286,,,0,10928617.0,2837.4057953048655,457619.53768261964,0.4124428841560293,0.4151985545498112,0.44643750319266073,0.9300261550173389,0.4498967247186695,0.9032583577550221,1.3447639725549243,0.9032583577550221,1.6764820051337905,0.03546995976471423,-0.0219149889122538,0.0,0.0,0.0,1.0,1.0,2408.528564453125,0.017472816911199063,0.0389811735383323,0.23322898949557466,0.2578,0.4640544226437857
2025-04-04,2806.941225616056,2821.473381818254,2622.6150305711267,2656.823486328125,95376.0,0,1,-0.0545908904126845,-0.02993994948575629,-0.049948146921392045,-0.06197538958191662,0.04182912214398904,-0.05613752497308867,0.32222222222222224,0.6,2823.49091796875,-0.059028853459364955,2664.9764208984375,-0.003059289570586107,2708.319287109375,-0.01901393274653829,2624.7477612304688,0.012220498126120619,2792.057615828819,2763.8375867221416,1,1,0,43.206375067812445,0,0,28.22002910667743,53.72160540055246,-25.501576293875033,0,2966.9974309105155,2679.984405026985,2823.49091796875,0.10165183250881887,-0.08069640263734412,123.29878261882108,0.04640834562525895,25.03283358269475,18.307786455175073,19.860164850624916,1,8.425587562379176,24.586155893219722,91383.71428571429,,,0,10833241.0,2838.278122232732,452412.87691861944,0.503577741099898,0.4481562533465311,0.45083057315334224,0.9940680158665691,0.4634973928178512,0.8539486797324762,1.271352109898252,0.8539486797324762,1.5695906374463466,0.07484816069657695,-0.0011727092787890405,0.0,0.0,0.0,1.0,1.0,2332.4501953125,-0.03158707364465041,0.009534541499823579,0.2445692567937835,0.3639,0.6710354917088497
2025-04-07,2247.270660064509,2676.849029110629,2247.270660064509,2633.152099609375,212384.0,1,0,-0.008909657280794847,-0.05672832241737469,-0.06256444907384551,-0.07033286738169287,0.041418166038812876,-0.00894958561936373,0.3111111111111111,0.5888888888888889,2816.9863159179686,-0.06525917973750885,2673.4201708984374,-0.015062380290012469,2707.583181152344,-0.027489859613949588,2627.3430310058593,0.002211005009609171,2767.61061333352,2754.1571802693443,1,1,0,41.91490196086664,0,0,13.453433064175897,45.667970933277154,-32.21453786910126,0,2982.1497508331777,2651.8228810027595,2816.9863159179686,0.11726250424570306,-0.05652213942804466,145.17589593505676,0.05513388153938902,26.14080464297192,14.43827895896365,34.13001691935631,1,49.38643082083939,31.08225765022098,108287.0,,,0,10620857.0,2832.253218034639,450520.6082666951,0.49683219272406115,0.4482336003140492,0.4510253976314999,0.9938101106232343,0.5470457623416394,0.8463402896606727,1.2600247983158435,0.8463402896606727,1.5556061227955555,0.16314225414849667,-0.15415131203527585,0.0,0.0,1.0,1.0,1.0,2210.615234375,-0.05223475347184281,-0.06374435667606437,0.2910913841824453,0.3369,0.5220096532454516
2025-04-08,2691.7309268951008,2714.75301568809,2616.921879191912,2632.203125,121907.0,1,0,-0.000360394908260675,-0.06335184649453163,-0.08405596164106122,-0.10213953286955901,0.03545964153123693,-0.0003604598661130801,0.17777777777777778,0.5777777777777777,2811.9374389648438,-0.06391831890506397,2680.2658544921874,-0.017932075436335217,2706.663796386719,-0.027510129439097912,2629.8133093261717,0.0009087396680795515,2746.7786920514404,2745.123546545689,1,1,0,41.860881103019935,0,0,1.655145505751534,36.86540584777203,-35.2102603420205,0,2993.2697470565467,2630.6051308731408,2811.9374389648438,0.12897321652963709,0.004406258718250898,141.79412740370827,0.05386899136202047,26.77099361079875,15.636135044745789,32.44801176512719,1,49.26497779383734,35.69233205901865,112309.85714285714,,,0,10498950.0,2831.8519345262707,450476.67360461375,0.4513801972002669,0.4480943761390199,0.45025291068424816,0.9952059509355577,0.548336000731139,0.8460352729296231,1.2595706917942482,0.8460352729296231,1.555045490269641,0.037167016316864906,0.022246655365793667,0.0,0.0,1.0,1.0,1.0,2283.54638671875,0.03299133707651736,-0.012997727028105088,0.3046662026453736,0.3168,0.4690285297375279
2025-04-09,2632.203188466182,2662.3167631226565,2564.135951276356,2576.57080078125,37791.0,0,1,-0.02113527018122885,-0.030206254182805536,-0.10341468636266327,-0.10732395300202968,0.01357492224571577,-0.021361817787021183,0.1111111111111111,0.5333333333333333,2800.6311645507812,-0.08000352442177809,2684.9122119140625,-0.04035193800827341,2705.1880883789063,-0.047544674675368194,2631.9650109863283,-0.021046712237378598,2720.592862625257,2732.6381579705453,1,0,0,38.71106340708244,0,0,-12.045295345288196,27.083265609159987,-39.12856095444818,0,3010.3638751464914,2590.898453955071,2800.6311645507812,0.14977531725735196,-0.03415693511309186,138.67889057817914,0.05382304671625165,27.617277456787228,14.845424305698034,33.525949358395316,1,42.14496203285032,46.93212354917571,104316.14285714286,,,0,10461159.0,2832.0749657737483,449677.95060919493,0.4445953779062211,0.4528277104000717,0.4512252352846006,1.0035513862926135,0.549801887318169,0.8281540888534058,1.2329493249108194,0.8281540888534058,1.5221791836886904,0.03810522568078888,2.411143020265643e-08,1.0,1.0,1.0,1.0,1.0,2234.792236328125,-0.02135019050814213,-0.03407041358802432,0.3123959587285611,0.3377,0.4926609468246796
2025-04-10,2632.203188466182,2662.3167631226565,2564.135951276356,2576.57080078125,37791.0,0,1,0.0,-0.021488048045731456,-0.059241829944174706,-0.13208626509721855,0.027011914490945754,0.0,0.3333333333333333,0.5777777777777777,2789.142614746094,-0.07621403539603336,2687.66287109375,-0.04133407932494549,2702.582253417969,-0.0466263154349332,2633.9428283691404,-0.021781804437803042,2698.435622341564,2721.0776129935603,1,0,0,38.71106340708244,0,0,-22.641990651996366,17.138214356928717,-39.78020500892508,0,3021.5092926517655,2556.775936840422,2789.142614746094,0.16662229939563333,0.042594024494474705,135.78617066875924,0.052700345213718594,28.40311245663367,14.078706309013702,31.79444285513268,1,43.29898056482922,44.902973463838975,92537.42857142857,,,0,10461159.0,2830.353380033594,449677.95060919493,0.3868387831171491,0.4509907194448438,0.45118087967164344,0.9995785277360645,0.5509836567101867,0.8281540888534058,1.2329493249108194,0.8281540888534058,1.5221791836886904,0.03810522568078888,0.02159163942557428,1.0,1.0,1.0,1.0,1.0,2234.792236328125,0.0,-0.042115503990510006,0.3108100828250448,0.3315,0.48408914763190475
2025-04-11,2615.223716679608,2641.791547740994,2569.7291650634675,2596.396728515625,97276.0,0,1,0.007694695495409354,-0.01360320415407723,-0.06989516551653208,-0.09715902641810759,0.08019778427655422,0.007665242318358753,0.3,0.7888888888888889,2778.645361328125,-0.06558902238801344,2690.006025390625,-0.03479891717395191,2699.6193530273435,-0.038235992194960766,2635.692214355469,-0.014908981263373037,2682.737330983727,2711.8419919211206,1,0,0,40.55962644312787,0,0,-29.10466093739342,7.88963929806429,-36.99430023545771,0,3026.2120944732915,2531.0786281829587,2778.645361328125,0.17819239302048642,0.13192018875647063,131.23447152652832,0.05054484551039926,29.13281638506251,13.526507577644141,30.54739283335861,1,52.15218578269956,45.86537612679305,92216.57142857143,,,0,10558435.0,2823.568329402363,450426.45980820636,0.35740637162341643,0.43179650925601165,0.4513692593135133,0.9566369449100947,0.5461342101115046,0.834526482390411,1.2424364945272788,0.834526482390411,1.533891888996626,0.027754765628103688,0.015001689798952153,1.0,1.0,1.0,1.0,1.0,2319.212890625,0.03777561641952998,-0.020258215880125996,0.32608580459301745,0.3146,0.41993649776375147
2025-04-14,2615.223716679608,2641.791547740994,2569.7291650634675,2596.396728515625,97276.0,0,1,0.0,0.007694695495409354,-0.07609326254720594,-0.0986303808057526,0.1004084143855486,0.0,0.24444444444444444,0.8333333333333334,2766.8471923828124,-0.06160458168287756,2691.041767578125,-0.03517040879959227,2694.930546875,-0.03656265593695288,2637.348298339844,-0.015527554646459519,2669.45416137325,2703.290490928121,1,0,0,40.55962644312787,0,0,-33.8363295548711,-0.45555447252278825,-33.38077508234831,0,3025.861302693703,2507.833082071922,2766.8471923828124,0.18722689928374908,0.17096297637491925,127.00789375159961,0.04891698266166387,29.810398604317864,12.978311974229207,29.309383217727095,1,52.2535361741607,49.23490084056318,99971.57142857143,,,0,10558435.0,2815.905035816796,450426.45980820636,0.3460923023771073,0.42724025467878385,0.45126954258692886,0.946751806535855,0.5389968755735375,0.834526482390411,1.2424364945272788,0.834526482390411,1.533891888996626,0.027754765628103688,0.007251198538809806,1.0,1.0,1.0,1.0,1.0,2319.212890625,0.0,-0.03708308680507799,0.325659935402991,0.3279,0.43367060015699327
2025-04-15,2596.846213605397,2675.650410780476,2513.447498668455,2625.611328125,556414.0,0,1,0.011251978285335973,0.019033254327371907,-0.011747923173572206,-0.061109283102269374,0.02637392044438358,0.011189145665868164,0.5111111111111111,0.5777777777777777,2756.5097534179686,-0.047487016917193724,2690.8809619140625,-0.024255860706166373,2691.514196777344,-0.024485424870228048,2639.2517419433593,-0.005168288269581847,2662.709110104289,2697.5364788686306,1,0,0,43.473304496804296,0,0,-34.82736876434183,-7.329917330886596,-27.497451433455232,0,3020.960661724366,2492.058845111571,2756.5097534179686,0.191873733062971,0.2525090268525241,129.52182363448685,0.04933015875086923,30.766634077572267,11.81738241179998,29.79143067994002,1,58.728709573506,54.37814384345544,165834.14285714287,,,0,11114849.0,2779.700607975037,456687.21805386327,0.1715322179802555,0.35957203049095,0.45057005604090394,0.7980380091177366,0.5139868085803356,0.8439165562488057,1.2564163629846086,0.8439165562488057,1.5511512072236688,0.061777198465948535,0.0001731188014665223,1.0,1.0,1.0,1.0,1.0,2415.92138671875,0.04169884381234534,0.03578691265262646,0.34323226632345,0.3446,0.3590445020712945
2025-04-16,2649.4822696390006,2908.4677917607714,2648.883143735852,2874.509033203125,880464.0,1,0,0.09479609659357613,0.10711471849931753,0.09166084011233333,0.02336168107521397,0.10187990770553923,0.09056813277209019,0.8777777777777778,0.8555555555555555,2753.6532348632813,0.04388925838944428,2692.5319580078126,0.0675858552594325,2690.9289086914064,0.06822184113403178,2642.293896484375,0.08788391670877971,2695.2937136579562,2710.645556967482,1,1,1,61.00919629207003,0,0,-15.351843309525975,-8.934302526614474,-6.417540782911502,0,3011.2854023719037,2496.021067354659,2753.6532348632813,0.18712026935476775,0.7345510646216158,140.47429792029288,0.048868970769508926,29.10335598426766,21.95605210582573,25.506610887517162,1,94.86404932360684,68.61543169042453,261274.14285714287,,,0,11995313.0,2780.778297845238,540151.7684450296,0.5703138338852826,0.44125656304534316,0.4681999958302107,0.9424531545817476,0.5318028687441366,0.9239165516318856,1.3755197298918471,0.9239165516318856,1.6981942868948858,0.09030573396238686,0.009091574696643052,1.0,1.0,0.0,0.0,0.0,2413.32421875,-0.0010750217217445623,0.0916979948490726,0.3184372554915472,0.2255,0.3162783793685386
2025-04-17,2838.552601959745,2925.6467779941186,2806.791127173144,2887.4931640625,237572.0,0,1,0.0045169908006539305,0.11211554549804736,0.0969872106897145,0.004778895787245219,0.05901322927987973,0.004506819814373739,0.8777777777777778,0.6888888888888889,2753.710656738281,0.04858263049418624,2693.9702099609376,0.07183559542938245,2690.015517578125,0.07341134101046672,2645.4576025390625,0.09149100000360473,2724.86285987404,2723.7453797152616,1,1,1,61.677093115771875,0,0,1.1174801587785623,-6.923945989535866,8.041426148314429,1,3011.467830909881,2495.9534825666815,2753.710656738281,0.18720715885009373,0.75951267458254,138.93010884177016,0.04811443731569056,27.409678163009442,21.497598444383833,23.947962409749135,1,94.3757433489754,82.65616741536276,277797.71428571426,,,0,12232885.0,2781.900938606054,541224.8789835225,0.5664282920593365,0.42390032025488944,0.46360677732466715,0.9143531565718009,0.5289630046860404,0.9280898741961786,1.3817329398578864,0.9280898741961786,1.705865014866513,0.04116222760290553,-0.01250872090783202,1.0,1.0,0.0,0.0,0.0,2415.822021484375,0.0010350050419949408,0.05792553001548306,0.31846657491031183,0.2332,0.3141102090823497
2025-04-18,2838.552601959745,2925.6467779941186,2806.791127173144,2887.4931640625,237572.0,0,1,0.0,0.09974128049048092,0.12067293597636608,0.004778895787245219,0.06686841284636302,0.0,0.9222222222222223,0.7111111111111111,2749.6505859375,0.0501309434842253,2696.3323388671874,0.07089661108898213,2688.9682885742186,0.07382938517045359,2648.295993652344,0.09032116160107623,2749.882906672265,2735.8748452224645,1,1,1,61.67709311577187,0,0,14.008061449800607,-2.7375445016685718,16.74560595146918,0,2995.4293064624244,2503.871865412576,2749.6505859375,0.17877087494818936,0.7804200824029868,137.49621898314192,0.04761785090763449,25.836977328983952,20.17023152628049,22.469298030519937,1,94.3757433489754,94.53851200718589,306337.85714285716,,,0,12232885.0,2749.295898317288,541224.8789835225,0.5246030641817544,0.4230314656981993,0.4619789586375791,0.9156942276024005,0.5309247762206187,0.9280898741961786,1.3817329398578864,0.9280898741961786,1.705865014866513,0.04116222760290553,-0.016949152542373124,1.0,0.0,0.0,0.0,0.0,2415.822021484375,0.0,0.08100519690979913,0.31822126455714095,0.2312,0.31096781115497996
2025-04-21,2887.493105929199,2923.3494603121494,2867.916783944432,2895.083984375,104703.0,0,1,0.00262886174311161,0.007157727088075161,0.12361903018429476,0.05705378267607819,0.04771197803759031,0.00262541233011015,0.9222222222222223,0.6555555555555556,2750.6144165039063,0.05252265348580474,2697.3431103515627,0.07330949973126126,2688.6741455078127,0.07677012077199949,2651.08078125,0.09203914299810617,2772.2215340111475,2747.6681147893187,1,1,1,62.117076095323505,0,0,24.55341922182879,2.720648243030901,21.83277097879789,0,2998.6173288419554,2502.6115041658572,2750.6144165039063,0.18032546535785737,0.791265869640614,131.63453736775443,0.04546829662911216,24.376612268817425,19.56352475267606,21.793436908376087,0,95.4947126216065,94.74873310651913,315896.71428571426,,,0,12337588.0,2746.149536373242,541500.1286946116,0.521408839049982,0.41935717465931227,0.4591346980998913,0.913364153035707,0.5177626786172932,0.9305296941606221,1.3853653247226758,0.9305296941606221,1.710349498143008,0.01914717385294929,-2.013279262611598e-08,1.0,0.0,0.0,0.0,0.0,2440.3984375,0.010173107040610585,0.09200237848941883,0.3171291172258196,0.248,0.33200777142444066
2025-04-22,2896.482376816226,3060.8828189140045,2896.482376816226,2996.96044921875,274742.0,0,1,0.035189467868146584,0.037910837857097146,0.15427677762178105,0.07359841119801747,0.0965101899865548,0.03458447070592993,0.9333333333333333,0.8333333333333334,2756.437353515625,0.08725868389367024,2703.8651904296876,0.10839862128721177,2689.6659423828123,0.11425006429002897,2654.512911376953,0.12900579099619525,2806.796751735394,2766.134213635943,1,1,1,67.5086443028372,0,0,40.66253809945101,10.309026214314924,30.353511885136086,0,3022.1195493758664,2490.7551576553838,2756.437353515625,0.19277216332987507,0.9526518890818881,134.074844308558,0.044736941504686434,23.475190292070884,25.162596946226355,19.868431908028022,0,92.14338564142831,94.0046138706701,341249.0,,,0,12612330.0,2761.2551497577288,551168.153475642,0.5269121240382125,0.42823433297204994,0.4589926573160615,0.9329873281113702,0.5203881496007949,0.9632745389336437,1.434115593302649,0.9632745389336437,1.7705357868512122,0.05485572628782424,0.00048302310011494906,0.0,0.0,0.0,0.0,0.0,2443.19580078125,0.0011462731815694571,0.05345904666942336,0.31653021871393316,0.2453,0.33581632649413057
2025-04-23,3018.3342376568107,3038.509685777614,2902.0755313351533,2921.851318359375,140116.0,0,1,-0.025061769126434208,0.011898956064898769,0.1253485595130195,0.03971711611687523,0.042514427896406914,-0.025381162941361717,0.9111111111111111,0.6555555555555556,2762.704736328125,0.057605353166610834,2710.0706494140627,0.07814581106625425,2690.3576025390626,0.08604570470551462,2657.569495849609,0.0994449337721934,2824.4974542929294,2777.668813985827,1,1,1,60.65471341736232,0,0,46.82864030710243,17.61294903287243,29.215691274230004,0,3038.1027287608754,2487.3067438953744,2762.704736328125,0.19936838621327183,0.7889392559208872,134.24336646097962,0.04594462614078444,22.63815559937767,23.335937047843373,18.426097959441268,0,82.91182118624803,90.18330648309431,347369.0,,,0,12472214.0,2767.4774032503,547656.5986327225,0.58696349799863,0.43064791944274244,0.4612786105537722,0.9335961165113268,0.5192556148424292,0.9391331748335163,1.3981741194026787,0.9391331748335163,1.7261630277310573,0.04669442061790762,0.007131821991055125,0.0,0.0,0.0,0.0,0.0,2451.28857421875,0.0033123720313010807,0.056948494951732265,0.3158584911953545,0.2541,0.3506190140001432
2025-04-24,2903.97308049454,2977.9832916229207,2886.9937022079,2928.24365234375,102081.0,0,1,0.002187768400195189,0.01145378446625922,0.11526166153269357,0.1021596532145772,0.04343799305006035,0.0021853787196524353,0.8777777777777778,0.6555555555555556,2768.6724853515625,0.05763454068202124,2718.0100048828126,0.077348371449428,2690.6537426757814,0.08830192673981603,2660.6348400878906,0.10058081185128709,2840.4584078392095,2788.8225057160435,1,1,1,61.01745879358443,0,0,51.635902123166034,24.41753965093115,27.218362472234883,0,3053.3023110128365,2484.0426596902885,2768.6724853515625,0.20560743617541466,0.780313503023549,131.15381095769686,0.044789241104551555,21.699068926269554,22.17953726965637,18.33438439161065,0,83.69749454607272,86.25090045791637,282464.28571428574,,,0,12574295.0,2771.307552261008,547879.9282187829,0.5930779185030923,0.43065399475283733,0.45515109771816786,0.9461780865999377,0.5205686345858133,0.9411877807169919,1.4012330005590785,0.9411877807169919,1.7299394726567126,0.031073093710010543,-0.006118804797662818,0.0,0.0,0.0,0.0,0.0,2440.19873046875,-0.004524087399026211,0.01004889641006601,0.31453895452663916,0.2546,0.3527677406093441
2025-04-25,2913.6614015043606,2936.333817743417,2782.021225508666,2815.58056640625,113696.0,0,1,-0.038474628245953935,-0.06052128010557567,-0.020500358884316894,0.06928140111007575,0.0032921041697551168,-0.03923432662173623,0.4777777777777778,0.4888888888888889,2765.763525390625,0.018012039192175314,2725.2052685546873,0.03316274883744563,2689.7103881835938,0.04679692608379985,2663.6310778808593,0.05704599626697524,2836.6310476187546,2790.804584285688,1,1,1,51.93014409026592,0,0,45.826463333066386,28.699324387358196,17.12713894570819,0,3047.040667050898,2484.4863837303524,2765.763525390625,0.20339927045682352,0.5885550825807845,132.80800962034363,0.04716896089031367,20.502920250221543,20.33875872214899,22.4585016629291,0,55.19064199260558,73.93331924164214,172926.0,,,0,12460599.0,2771.4577642896083,543505.5168857309,0.37511730497778784,0.4464971548152807,0.4624093767878234,0.9655884530649471,0.5275121207400002,0.9049759307442714,1.3473210817766055,0.9049759307442714,1.6633806945582439,0.05480666903157125,-0.004979862528761179,0.0,0.0,0.0,0.0,1.0,2352.081787109375,-0.03611056028311599,-0.025376794035716466,0.3346617611540148,0.3196,0.4308388328813383
2025-04-28,2797.602310181503,2886.494350740644,2797.602310181503,2811.4853515625,68222.0,0,1,-0.0014544832751764991,-0.0377726156370084,-0.026323114266030845,0.06811109099435475,-0.007370092455643351,-0.0014555420627591386,0.4444444444444444,0.4666666666666667,2762.6498046875,0.01767706742712697,2730.099326171875,0.029810646305218468,2688.4309399414065,0.04577183285346935,2666.5310009765626,0.05436064704773761,2832.7624789947154,2792.3364929728596,1,1,1,51.629151247491144,0,0,40.425986021855806,31.04465671425772,9.381329307598087,0,3040.2478999521286,2485.051709422871,2762.6498046875,0.20096509864812886,0.58796088249173,129.6711546874006,0.04612193857433227,19.39221076531982,19.34285832338903,21.358806688067865,0,54.442569171525435,64.44356857006794,148733.14285714287,,,0,12392377.0,2770.466237105483,543406.2891277318,0.37182467023978005,0.44567402321813243,0.45976347967025905,0.9693549899565065,0.5263918048683927,0.9036596583885665,1.3453614257968687,0.9036596583885665,1.6609613351577575,0.03161746530521273,-0.006385275008377406,0.0,0.0,0.0,0.0,1.0,2367.5673828125,0.0065837828378223495,-0.01997441791768484,0.33299572811204975,0.3149,0.425970398794785
2025-04-29,2832.5598854679115,2872.411388575455,2777.726577606483,2791.609619140625,54069.0,0,1,-0.007069477495526999,-0.046660745970972695,-0.033206501097641894,0.08345930889776931,-0.01438746724841522,-0.0070945846511795635,0.4,0.4111111111111111,2765.289099121094,0.009518180224952518,2734.3321826171873,0.020947504801195792,2686.760969238281,0.039024182315730634,2669.0194506835937,0.04593078871179949,2826.431269786394,2792.2826504667682,1,1,1,50.111048165050526,0,0,34.148619319625595,31.665449235331295,2.4831700842943008,0,3042.937118776215,2487.641079465973,2765.289099121094,0.20080939800715042,0.5473990775302937,127.17213013608429,0.04555512678568332,18.551969337581067,18.314176689859355,21.3392711205527,0,50.81186949124908,53.48169355179338,122518.42857142857,181868.56666666668,0.6736646734341039,0,12338308.0,2770.973597631477,543024.0495490262,0.3712068642126504,0.44611403280873946,0.4549850747240852,0.9805025650111151,0.5296151802161287,0.8972712567699729,1.3358504234738475,0.8972712567699729,1.6492192063779192,0.033917640317531285,0.0074958718506924465,0.0,0.0,0.0,1.0,1.0,2328.404296875,-0.01654148736032046,-0.036185498696490126,0.33724176454782606,0.318,0.4251501299143987
2025-04-30,2809.8873553412373,2810.087063960932,2719.696845624886,2742.6689453125,79039.0,0,1,-0.017531345891833916,-0.025895767986072182,-0.05264615461419986,0.06446480899375517,-0.06445897087731967,-0.017686839963278102,0.3333333333333333,0.25555555555555554,2762.847058105469,-0.007303376686657931,2737.34751953125,0.001944008111239519,2684.268994140625,0.02175637065411609,2670.2889990234376,0.027105660217127365,2813.5447583288715,2788.607561196082,1,1,1,46.48641687263143,0,0,24.937197132789606,30.31979881482296,-5.3826016820333535,0,3040.383166750026,2485.310949460912,2762.847058105469,0.20090587919467975,0.46364777020994546,124.54485072179585,0.045410092579585906,18.30829105534296,17.364764019846813,23.561139559334016,0,41.87187749252804,49.042105385100875,118852.14285714286,178544.1,0.6656738747297886,0,12259269.0,2770.8360294928825,541638.3895010815,0.37408115523455443,0.4361159992147546,0.44046927300102573,0.990116736732596,0.5292708940482336,0.881540884008738,1.3124311676401748,0.881540884008738,1.620306174019452,0.03295702840495281,0.006547382583614578,1.0,0.0,0.0,1.0,0.0,2299.1318359375,-0.012571897834404044,-0.05788669562795523,0.32883785490509804,0.2848,0.38189689725948356
2025-05-01,2809.8873553412373,2810.087063960932,2719.696845624886,2742.6689453125,79039.0,0,1,0.0,-0.02447688593211228,-0.08484980306381384,0.056336620359439316,-0.0497777621390052,0.0,0.14444444444444443,0.3333333333333333,2759.4686645507813,-0.006088026819835693,2740.7393994140625,0.0007040238480353133,2681.9662890625,0.02263363879611591,2671.900078125,0.02648634496734688,2802.640787095583,2785.204700760261,1,1,1,46.48641687263143,0,0,17.436086335322216,27.743056318922815,-10.306969983600599,0,3036.2197331233574,2482.7175959782053,2759.4686645507813,0.20058286736706166,0.46964832091718606,122.10523412281373,0.04452058799568354,18.082018364693287,16.446583647234096,22.31531923750045,0,41.87187749252804,44.85187482543507,90894.57142857143,176787.93333333332,0.5141446574704275,0,12259269.0,2770.315689516181,541638.3895010815,0.24511136500814887,0.43430535106368157,0.4400949878773157,0.9868445745279696,0.5258012255019111,0.881540884008738,1.3124311676401748,0.881540884008738,1.620306174019452,0.03295702840495281,0.024508393600919408,0.0,0.0,1.0,1.0,0.0,2299.1318359375,0.0,-0.05896537837764915,0.3277431986892219,0.2946,0.39467348069989355
2025-05-02,2746.664107410903,2815.5804068332127,2698.9220425204667,2756.751953125,50941.0,0,1,0.0051347822479885785,-0.012486583287514175,-0.056505053558672746,0.06176067888556114,-0.0713925333967994,0.005121644208411273,0.32222222222222224,0.24444444444444444,2764.465087890625,-0.0027901002618594714,2744.8713818359374,0.004328279775759883,2679.783937988281,0.028721724182920075,2673.487021484375,0.031144692669723393,2795.5809664847243,2783.097089824316,1,1,1,47.747751091750985,0,0,12.483876660408441,24.691220387219943,-12.207343726811501,0,3036.989367552993,2491.940808228257,2764.465087890625,0.1971623956157917,0.48584872002013757,121.71617199352318,0.044152021677375836,18.069880728782863,15.320643616073982,22.00676279231794,0,44.444420273688586,42.729391752914914,78155.28571428571,150944.76666666666,0.5177740669000938,0,12310210.0,2771.99118051447,541899.9604435763,0.2469764338672183,0.42560347477027066,0.4389468200663722,0.9696014535563011,0.5186105125303416,0.8860674044908221,1.3191702159014802,0.8860674044908221,1.6286260933981134,0.04231732353739856,0.0014566694625069794,0.0,0.0,1.0,1.0,0.0,2296.933837890625,-0.000956012183606969,-0.06296881483132577,0.32626176413978525,0.282,0.37191946600282016
2025-05-05,2751.6581795253505,2827.066597875319,2707.012449483073,2770.53515625,66952.0,0,1,0.004999798080990159,0.01016025320340841,-0.05385770954118552,0.055196222903445946,-0.036606143298582805,0.004987340596581237,0.32222222222222224,0.3888888888888889,2771.3342407226564,-0.00028833926305766054,2749.7135009765625,0.007572299901805289,2678.397121582031,0.03440043820445354,2675.1760607910155,0.03564591387334261,2791.727764910151,2782.1665762262182,1,1,1,49.01439102927557,0,0,9.561188683932869,21.66521404656253,-12.10402536262966,0,3036.755488395514,2505.912993049799,2771.3342407226564,0.1915476262463715,0.49849468631531463,121.5974560220034,0.04388951923158019,17.89794474006492,14.914921007973856,20.454801772541447,0,29.527210782762005,38.614502849659566,73136.85714285714,147796.9,0.49484703091104854,0,12377162.0,2787.5420147745003,542234.7069246948,0.25248771173470824,0.41684477273542475,0.43551119997760024,0.9571390420197332,0.5153836603802636,0.8904975625994233,1.3257658006154438,0.8904975625994233,1.6367688950145356,0.04333247608189276,-0.001847744623478099,0.0,1.0,1.0,1.0,0.0,2453.1865234375,0.06802663749791282,0.005322432475102223,0.3823150810721353,0.2727,0.30077595826549686
2025-05-06,2771.6338441036405,2819.3759100790776,2662.266670795767,2685.0390625,71832.0,0,1,-0.03085905391134669,-0.021012336509295237,-0.04636397390427738,-0.06591385468425359,-0.06785715345167853,-0.03134522246910409,0.34444444444444444,0.26666666666666666,2773.976037597656,-0.032061190829419765,2752.5730322265626,-0.02453485118683091,2674.764033203125,0.0038414713108618323,2676.577325439453,0.003161402056321193,2775.3141183855123,2774.9719455798318,1,1,0,42.18357792624957,0,0,0.34217280568054775,17.40060579838613,-17.058432992705583,0,3034.5744956088884,2513.377579586424,2773.976037597656,0.1878880383097455,0.32936012788336827,124.13401196923962,0.04623173409390189,18.184673291247595,13.566567231530275,21.180365277057014,0,5.7128623142177215,26.56149779022279,67156.28571428571,147357.3,0.45573775927141524,0,12305330.0,2790.94021404459,540018.039364135,0.2126775249633249,0.4257309337529287,0.4206655270950146,1.012041411362833,0.5228246123050614,0.8630176503072448,1.284853922300432,0.8630176503072448,1.5862597554428668,0.058512831890433874,0.00039656159971910226,0.0,1.0,1.0,0.0,0.0,2351.7822265625,-0.04133574675475893,-0.00012735974935762506,0.3972438625901856,0.3239,0.3510236752156578
2025-05-07,2669.258105158994,2739.6725846402696,2652.378703360135,2694.8271484375,97829.0,0,1,0.003645416587863881,-0.022462958488994045,-0.04149344155756196,-0.06672431922018218,-0.03635844109540032,0.0036387881608487215,0.36666666666666664,0.4,2779.8888549804688,-0.03059895951975619,2755.6283251953123,-0.0220643604951705,2671.195368652344,0.008846893066110214,2678.252557373047,0.006188584052248731,2762.9315076242797,2769.035293939659,1,1,0,43.160224277192995,0,0,-6.103786315379239,12.699727375633058,-18.8035136910123,0,3026.6260403052147,2533.151669655723,2779.8888549804688,0.177515863544465,0.3276269010059959,121.50257406287497,0.04508733487167217,18.54757530642336,12.870357225621072,20.67472075821448,0,10.391191535441736,15.210421544140507,71385.85714285714,148646.46666666667,0.4802391791991724,0,12403159.0,2790.31754046995,540374.6668235091,0.22010288047797602,0.41807189268695544,0.4180865044064876,0.9999650509658213,0.5195560243687476,0.8661637091652942,1.2895377501017682,0.8661637091652942,1.5920423330680191,0.03239312819404714,-0.0058773660172796414,1.0,1.0,1.0,0.0,0.0,2350.8828125,-0.00038243934848281036,-0.007047136412514643,0.3970696886770995,0.3236,0.3446205111009534
2025-05-08,2691.7308295447024,2785.3171179662863,2666.761155801245,2692.429931640625,107266.0,0,1,-0.0008895623595988056,-0.02819138549214173,-0.035527778246634556,-0.0675545261369328,-0.041460788887954014,-0.000889958254994454,0.4111111111111111,0.37777777777777777,2785.6818115234373,-0.03347542404055638,2759.300859375,-0.024234735950294954,2668.8522119140625,0.008834404401003854,2680.2578332519533,0.00454139084593338,2752.085111319102,2763.3608226582487,1,1,0,42.968783960354465,0,0,-11.27571133914671,7.904639632677105,-19.180350971823813,0,3017.2967590697244,2554.06686397715,2785.6818115234373,0.16628959315322608,0.2986920082863469,121.2921017844583,0.045049306709552615,18.186233225863436,14.659777560973456,19.231268266300482,0,9.80436347041117,8.636139106690228,78985.42857142857,149086.63333333333,0.5297955075209866,0,12295893.0,2790.04959461783,540279.2470274444,0.22201105421997058,0.41773105713971004,0.41283475102076933,1.0118602082475716,0.5225138171074201,0.8653932025323702,1.2883906258579958,0.8653932025323702,1.5906261121336338,0.04403307241975267,-0.0011489860841697832,1.0,1.0,1.0,0.0,0.0,2283.14697265625,-0.028812937626490065,-0.0194370557894481,0.40090326854942043,0.3145,0.3314994204103692
2025-05-09,2598.344345277508,2690.732141525122,2592.851016851974,2647.88427734375,71145.0,0,1,-0.01654477755331263,-0.01383770749378066,-0.034559281436699285,-0.085386022777027,-0.0785992938529868,-0.01668317096764171,0.4222222222222222,0.2222222222222222,2788.2561889648437,-0.050343979214193924,2764.185927734375,-0.042074467286630786,2667.5547875976563,-0.007373985473648372,2681.978759765625,-0.012712435658832167,2736.0542137844327,2754.807004486804,1,0,0,39.465687486346766,0,0,-18.752790702371385,2.5731535656674067,-21.325944268038793,0,3012.024310510406,2564.4880674192814,2788.2561889648437,0.16050757633475388,0.18634515351975192,119.74115985618637,0.04522144750838803,18.601508197560833,13.788967830147136,22.49782916526452,0,11.758444671775182,10.651333225876048,77857.71428571429,148333.23333333334,0.5248838209489644,0,12224748.0,2792.291725177854,539102.1688284139,0.21970368894250453,0.4134805296335631,0.4093615525560607,1.0100619539177127,0.5233419695863607,0.8510754645003232,1.267074489551402,0.8510754645003232,1.5643095569378924,0.03696578642452561,-0.034944488343949594,1.0,1.0,0.0,0.0,0.0,2248.879150390625,-0.015009030376067822,-0.021857244008969046,0.3990336997710309,0.3551,0.3724344264103418
2025-05-12,2736.576249480431,2831.560985363207,2735.677438768897,2806.19189453125,99861.0,0,1,0.059786456131046606,0.041325376344943265,0.023160997730811594,-0.06365401142922311,-0.023512010955813123,0.0580674313487486,0.6111111111111112,0.43333333333333335,2798.745947265625,0.0026604584360004524,2773.1200732421876,0.011925852619283295,2670.3798559570314,0.05085869647767592,2684.5705578613283,0.045303833163845654,2746.84462620702,2758.6132926382443,1,1,1,53.861688905293455,0,0,-11.76866643122412,-0.2952104337108983,-11.47345599751322,0,3003.507042681857,2593.984851849393,2798.745947265625,0.14632346005987681,0.5181820361199206,124.3079847249914,0.04429774919072524,17.32610733302474,20.425808571962417,20.12335395252007,0,47.87091389775546,23.144574013313957,80832.28571428571,148537.03333333333,0.5441894448833459,0,12324609.0,2797.5396675270695,545072.5041241164,0.4406389110448443,0.4494921514209248,0.4165023758945588,1.079206692291997,0.5236299717203605,0.9019582504228819,1.342828382935735,0.9019582504228819,1.6578340816391364,0.03416856373264035,0.03349541099494476,1.0,0.0,0.0,0.0,0.0,2423.014892578125,0.07743223647978281,0.05388253718391489,0.45875466368169304,0.479,0.47579431371288355
2025-05-13,2809.188350526205,2822.1725812340374,2769.236871425182,2793.806884765625,33112.0,0,1,-0.004413457892798123,0.03765258732776977,0.013441518232577998,-0.04382304903373635,0.020075462938779376,-0.004423225949283275,0.6111111111111112,0.5333333333333333,2807.155725097656,-0.004755290279297482,2777.833349609375,0.0057503576154041575,2672.7065283203124,0.045310008847630305,2686.7526623535155,0.03984520939055597,2754.06958906219,2761.2202253884207,1,1,1,52.80369347404102,0,0,-7.150636326230597,-1.666295612214838,-5.484340714015759,0,2995.102002506354,2619.2094476889583,2807.155725097656,0.13390513089697545,0.46448761711038444,119.20996508812453,0.04266936477899229,16.141806530241226,19.77793927058952,19.485077958668132,0,52.17840235102797,37.26925364018623,78285.28571428571,145632.7,0.537552937728173,0,12291497.0,2833.598544996217,544926.3657063701,0.44267212176205367,0.42680722041583447,0.41660580597646174,1.0244869713600417,0.5148472674799175,0.8979774956635787,1.336901866410394,0.8979774956635787,1.6505173007265765,0.018947519278268283,0.0010678015287530498,1.0,0.0,0.0,0.0,0.0,2438.89990234375,0.006555886145925838,0.06180677131888945,0.4585602262891062,0.5155,0.48796718257631555
2025-05-14,2797.102962155726,2891.4883325980454,2777.1272223795736,2853.135009765625,124601.0,0,1,0.02123558551004745,0.07751499345272528,0.029813681782485002,-0.02564972437249491,0.022075955061839903,0.021013252536819217,0.6666666666666666,0.5555555555555556,2806.087023925781,0.016766402979912828,2782.721416015625,0.025303860222853386,2675.626481933594,0.06634279075596201,2689.0647595214846,0.06101387096134364,2769.3104230165645,2768.0287279348804,1,1,1,57.14621486150533,0,0,1.28169508168412,-1.0766974734350465,2.3583925551191665,1,2992.658781941393,2619.515265910169,2806.087023925781,0.1329764589799455,0.6260854974521574,118.86361831172077,0.04166070582179881,15.767134634948874,22.58412535529822,18.146007193788353,0,75.77788239706163,58.60906621528171,86520.85714285714,146468.66666666666,0.5907123968006159,0,12416098.0,2843.128088525246,547572.3408965075,0.45754845753378265,0.4275779099235952,0.418509664688057,1.021667947004993,0.5137199536538765,0.917046573558841,1.365291760313094,0.917046573558841,1.6855670020019686,0.04008261432671081,0.0011797799654922826,0.0,0.0,0.0,0.0,0.0,2459.580322265625,0.008479404957129066,0.0026063239656011206,0.4574205613464853,0.5115,0.4863173155790546
2025-05-15,2881.500459859252,2881.500459859252,2808.7887183770963,2821.77294921875,45666.0,0,1,-0.010992140378751736,0.005552383897147184,0.050924356605612786,0.0021993271605804665,0.004105039384991294,-0.011053000352328807,0.7222222222222222,0.4777777777777778,2802.8010131835936,0.006768920071713169,2784.625107421875,0.013340338596339164,2678.339187011719,0.05355324781215007,2691.2569677734373,0.048496291141344544,2777.3815808938234,2772.009781363315,1,1,1,54.301900265843386,0,0,5.3717995305082695,0.21300192735361678,5.158797603154653,0,2985.6129559532656,2619.9890704139216,2802.8010131835936,0.13044946245543343,0.5518892139860345,115.56705568103754,0.04095547648971332,15.41922501789169,21.569172808757816,17.330507991533203,0,76.65550160564204,68.20392878457723,82782.85714285714,146557.83333333334,0.5648477141073351,0,12370432.0,2839.452341605928,547070.3738139714,0.40446428484366276,0.4285198373751022,0.418921912671435,1.0229110113683524,0.5118513323954141,0.9069662688884289,1.3502842816257796,0.9069662688884289,1.6670390128981714,0.025768104943484853,0.00994185343369255,0.0,0.0,0.0,0.0,0.0,2517.625732421875,0.023599721314562228,0.07051822400315588,0.45959903829232557,0.4927,0.4673182916048126
2025-05-16,2842.54783453125,2863.0229682655754,2812.783932821724,2844.7451171875,37354.0,0,1,0.00814104053804554,0.01823255311583516,0.055631756877959626,0.01182996226763744,0.07073169588661421,0.008108081029819149,0.7333333333333333,0.7333333333333333,2800.663610839844,0.015739664762680048,2787.3897509765625,0.02057672996424094,2680.805192871094,0.06115324035941212,2693.548819580078,0.05613274818274624,2787.7452018620816,2777.3975840169583,1,1,1,56.0283158109389,0,0,10.347617845123295,2.2399251109075524,8.107692734215743,0,2980.2779099751783,2621.0493117045094,2800.663610839844,0.12826552852698578,0.6227115729645832,110.90076852123852,0.03898443057383019,15.096166087767163,20.871242287057616,16.769731248210483,0,84.34783165199265,78.92707188489881,74143.57142857143,144623.76666666666,0.5126651942309028,0,12407786.0,2835.0532112386722,547374.4742422296,0.40374823221458034,0.39429396287707386,0.41855655758651666,0.9420326972074075,0.49674702919289504,0.9143499180500895,1.3612770007003807,0.9143499180500895,1.6806104450806787,0.017660294112226402,0.0073623518569244754,0.0,0.0,0.0,0.0,0.0,2552.5927734375,0.0138888956230947,0.0858017932093329,0.4496162209913881,0.4554,0.40892559659390665
2025-05-19,2844.7451426164075,2869.315400855024,2732.9809725760774,2794.106689453125,101905.0,0,1,-0.0178006906237137,-0.020688933440043855,0.03776393829886726,0.0008944912266311,0.06112620302778082,-0.01796102851683859,0.6777777777777778,0.6777777777777778,2795.61474609375,-0.0005394365023765073,2788.007001953125,0.002187830767902292,2682.177526855469,0.04173070629253973,2695.3280249023437,0.03664810503143127,2788.723892260704,2778.6352955307484,1,1,1,51.41707817633391,0,0,10.088596729955498,3.8096594347171417,6.2789372952383555,0,2969.6438566235292,2621.5856355639708,2795.61474609375,0.12450149704850873,0.49566722878708575,112.71745850393197,0.04034114335340342,14.25506692293696,19.068080823211574,20.37799742481022,0,67.39133456860995,76.13155594208158,73377.71428571429,140941.13333333333,0.5206266797370791,0,12305881.0,2829.547199369625,545560.49486422,0.431127118311707,0.39737671574398337,0.41999400676618215,0.9461485386509569,0.40154028531297165,0.8980738580370617,1.3370453299577363,0.8980738580370617,1.6506944184888155,0.048793565683646345,8.938905410706635e-09,0.0,0.0,0.0,0.0,0.0,2538.206298828125,-0.005636024186498445,0.11171393222887227,0.418741418202908,0.4628,0.4495716346667242
2025-05-20,2726.68840030326,2726.68840030326,2509.8516537889736,2545.708251953125,651143.0,1,0,-0.08890084206076532,-0.09783377409655081,-0.038587798668121454,-0.07181351351062648,-0.03286025771543566,-0.0931035424870575,0.36666666666666664,0.34444444444444444,2773.052136230469,-0.08198327081811826,2784.2575537109374,-0.08567788617107892,2681.4524072265626,-0.05062336922617186,2696.7915380859376,-0.05602334626132979,2751.3368706749225,2761.3814404509244,1,0,0,35.83636788999068,0,0,-10.044569776001936,1.0388135925733262,-11.083383368575262,0,2954.038242182158,2592.06603027878,2773.052136230469,0.13053206146907226,-0.12806999211870304,124.97014258680478,0.04909052028681011,15.397366173647624,15.970084841214723,29.820471987130936,0,9.395480087512759,53.71154876937181,156234.57142857142,158582.33333333334,0.9851953123944328,1,11654738.0,2740.3029542634645,487673.3338622471,0.7329399757712374,0.48366068845970317,0.462607550399685,1.0455097156149498,0.42184898612220934,0.8182343358248069,1.2181808742510796,0.8182343358248069,1.5039462947001545,0.08517737503813502,-0.024128745478598855,0.0,0.0,0.0,0.0,0.0,2499.2431640625,-0.015350657187957473,0.11132835378387829,0.41402031425835195,0.4696,0.5502427074668905
2025-05-21,2551.5013527206293,2582.56348193112,2500.962633280288,2550.202880859375,180505.0,0,1,0.0017655710951172132,-0.10353906033568605,-0.09122291820839135,-0.0701747342792024,-0.01023372612694362,0.0017640143066157583,0.08888888888888889,0.4111111111111111,2754.4697143554686,-0.07415831527626396,2779.207685546875,-0.08239931325694999,2679.73349609375,-0.04833712584598132,2698.1565283203126,-0.05483508681130648,2720.393179934069,2745.7385841848836,1,0,0,36.21302099914694,0,0,-25.34540425081468,-4.238029976104276,-21.107374274710406,0,2947.0725651095267,2561.8668636014104,2754.4697143554686,0.1398474993210272,-0.03027988084384474,121.87233587709242,0.0477892707250113,16.516903188077308,15.206304056833018,28.9152661072389,0,12.608708636873022,29.798507764331934,167755.14285714287,163339.46666666667,1.0270337370421776,0,11835243.0,2711.1057875042775,487992.0282727713,0.5916981406205187,0.4798771631798984,0.4626212868980115,1.037300221089245,0.42047845229950653,0.8196789867171715,1.220331659191282,0.8196789867171715,1.506601618806686,0.0319977870244322,0.002275634202410924,0.0,0.0,0.0,0.0,0.0,2498.044189453125,-0.00047973507604837096,0.030965264433504114,0.4075757238017465,0.4573,0.5400285714551188
2025-05-22,2558.892265106266,2563.7862238132134,2529.128364073449,2552.000732421875,67182.0,0,1,0.0007049837391346347,-0.08664878758750483,-0.086550775453485,-0.07427263104720871,-0.009535956998319217,0.0007047353548294878,0.12222222222222222,0.4111111111111111,2735.657568359375,-0.06713443892308588,2774.1208642578126,-0.08006865695643134,2677.15462890625,-0.04674884862198132,2699.5305078125,-0.05465016044963034,2694.486649547577,2731.3876322024385,1,0,0,36.373912280797754,0,0,-36.90098265486131,-10.770620511855682,-26.130362143005627,0,2930.2820091056265,2541.0331276131237,2735.657568359375,0.14228713637063228,0.028176329670359043,115.64273043871184,0.045314536539715525,17.55647327290487,14.880783037320974,28.29627763591073,0,13.06907566665898,11.691088130348277,172622.2857142857,164319.16666666666,1.0505304354692995,0,11902425.0,2695.9370647442543,488039.39049033384,0.5958475102093445,0.47988588556972817,0.46180053374233104,1.0391626914781527,0.4160358205769404,0.8202568470741175,1.221191973167363,0.8202568470741175,1.487710671161921,0.013580662144588649,0.0034073305744063186,0.0,0.0,0.0,0.0,0.0,2485.25634765625,-0.005119141547161532,0.01900711270189981,0.408285073256205,0.4563,0.5378502662152522
2025-05-23,2566.8825067226885,2576.970352633202,2521.937093180852,2543.111328125,88609.0,0,1,-0.003483307894053378,-0.0010201183997154972,-0.1086607120166011,-0.0820866061244373,-0.020522826810480788,-0.003489388736065692,0.05555555555555555,0.35555555555555557,2722.0341064453123,-0.06573127717123518,2768.8562548828127,-0.08153002755549943,2674.894873046875,-0.049266812781978704,2700.821373291016,-0.05839336385798899,2671.198138559488,2717.4412393078137,1,0,0,35.89185363611402,0,0,-46.24310074832556,-17.86511655914966,-28.3779841891759,0,2930.738425703632,2513.3297871869927,2722.0341064453123,0.15334438225012936,0.07134864540380163,111.31348251111456,0.0437705897024903,18.33541569638949,15.20129028341052,27.297017096124996,0,10.79280951761817,12.156864607050082,167480.57142857142,164030.26666666666,1.021034561681938,0,11813816.0,2682.1177471059523,487730.73806114966,0.5538772681826531,0.4793618054826577,0.4530701577740056,1.058029970099612,0.4149460895016108,0.8173996399235529,1.2169381855270747,0.8173996399235529,1.3775495649553633,0.021640129884885922,0.0058314145884631255,0.0,0.0,0.0,0.0,0.0,2537.606689453125,0.021064362976577655,0.03172344748458,0.398989285500652,0.4526,0.5454600335602872
2025-05-26,2564.8849703770097,2565.883757359244,2477.091692176429,2490.675048828125,122975.0,0,1,-0.020618947631968365,-0.023342390708612992,-0.11733683267546191,-0.07238777877998748,-0.04071861535118393,-0.020834486063984088,0.03333333333333333,0.26666666666666666,2705.9935913085938,-0.07957097281089372,2762.0225537109377,-0.09824232047571138,2672.653095703125,-0.0680889140336131,2701.9700537109375,-0.07820035036754602,2643.425355523894,2700.6437437167256,1,0,0,33.10480358235429,0,0,-57.21838819283175,-25.735770885886076,-31.482617306945677,0,2934.156790951027,2477.8303916661607,2705.9935913085938,0.1686354323789033,0.02814795984210828,109.70480984480744,0.04404621546131604,19.406013964187686,14.322468314569843,28.638787656896223,0,3.277863603786891,9.046582929354704,178524.7142857143,164886.9,1.082710113936973,0,11690841.0,2668.1186652129036,485195.12297610834,0.5529955427698826,0.4828909786467176,0.45351621304834894,1.0647711476529662,0.416677983787762,0.8005457195535793,1.1918462008083492,0.8005457195535793,1.3269110632726397,0.035649799127586715,0.008561812458309923,0.0,0.0,0.0,0.0,0.0,2545.299560546875,0.0030315458757748104,0.010992034188647581,0.39886792638778257,0.4497,0.5462529271344424
2025-05-27,2501.961306210497,2501.961306210497,2343.15418138516,2390.09716796875,236244.0,0,1,-0.0403817755779492,-0.06344181739300558,-0.15982027580321312,-0.11307960165290631,-0.08969879038586992,-0.041219756510765176,0.011111111111111112,0.12222222222222222,2685.91796875,-0.11013769006464562,2753.177294921875,-0.13187676929590098,2668.77830078125,-0.1044227363250517,2702.5736840820314,-0.1156218303884723,2604.451788207718,2677.64029366132,1,0,0,28.52878796581244,0,1,-73.18850545360192,-35.226317799429246,-37.96218765417267,0,2950.165639883477,2421.670297616523,2685.91796875,0.196765258066653,-0.05974154760256085,113.2121180577024,0.047367161291570814,21.25449290603523,12.887418747904992,34.21978255934207,0,8.561018218499557,7.543897113301564,206937.57142857142,154214.56666666668,1.3418808346157405,0,11454597.0,2639.753171940467,475655.1707864713,0.5347187679086713,0.494775069962248,0.43000256186513425,1.1506328423164813,0.4180914006227475,0.7682182619666789,1.1437173350038752,0.7682182619666789,1.273328038503666,0.06644379440033427,0.004531405005113785,1.0,1.0,1.0,1.0,0.0,2537.90673828125,-0.0029044998789991006,-0.0057533795868554005,0.38225899370917676,0.4447,0.5772275809503711
2025-05-28,2403.88058823898,2433.4445369831114,2367.1251780555504,2375.71484375,136092.0,0,1,-0.006017464231788061,-0.06582349837528312,-0.14974082674882205,-0.11763169179211863,-0.17352326386579775,-0.006035642129597297,0.022222222222222223,0.06666666666666667,2667.570263671875,-0.10940870945237635,2742.0588037109374,-0.13360178835885994,2665.0902807617185,-0.10857997535791214,2702.7506494140625,-0.12100110150189461,2569.261489060377,2655.2754455197405,1,0,0,27.93416262038717,0,1,-86.01395645936373,-45.38384553141614,-40.630110927947584,0,2964.200457102138,2370.9400702416124,2667.570263671875,0.22239728600209785,0.008048360575118199,109.86263526269231,0.046244032844142684,22.970937637750808,12.33173433894904,32.744281528603835,0,5.9381058598698635,5.925662560718794,211821.42857142858,129402.16666666667,1.6369233532006437,0,11318505.0,2622.3421353408694,474836.2420442388,0.5458680361507855,0.4072820747426389,0.42793148557289756,0.9517459884901573,0.3881161548759465,0.7635955360530879,1.1368350568492132,0.7635955360530879,1.2655986705085027,0.027915538391332283,0.0057668869931109,1.0,1.0,1.0,1.0,1.0,2512.63037109375,-0.009959533503038798,-0.01007637864037425,0.3837278044059523,0.5652,0.5906192858269316
2025-05-29,2400.884158796756,2406.077802253564,2347.149371231165,2352.74267578125,215961.0,0,1,-0.009669581359557866,-0.05537951372330685,-0.07580034987270334,-0.11146317990096377,-0.1851954127326465,-0.00971663533524636,0.2222222222222222,0.05555555555555555,2648.0739501953126,-0.1115268228790514,2731.3867626953124,-0.13862704911860202,2661.117604980469,-0.11588173653884126,2702.3981274414064,-0.129387098114668,2535.9509024020495,2632.865610724297,1,0,0,26.967320668230613,0,1,-96.9147083222474,-55.690018089582395,-41.22469023266501,0,2973.755248621954,2322.3926517686714,2648.0739501953126,0.24597598447174793,0.046594668099149195,106.2244778169571,0.04514921198583023,24.682397563823642,11.843086032676409,32.79001456248501,0,1.748658983738437,5.415927687369309,149652.57142857142,128681.8,1.1629661026545433,0,11102544.0,2597.231554457166,472747.9895842473,0.2418016304235982,0.4060709758076032,0.4174497108308246,0.9727422615754722,0.38377825836752066,0.7562118868914274,1.125842337774612,0.7562118868914274,1.2501044399953671,0.02504669619376525,0.010594417555192267,1.0,1.0,1.0,1.0,1.0,2538.40625,0.010258523976620415,0.01566997821606142,0.38453566867614614,0.5644,0.5869062893891472
2025-05-30,2370.12149591435,2454.81868031474,2367.1251349839904,2444.830810546875,273906.0,0,1,0.03914075929916394,0.022900174650489546,-0.04131909312132509,-0.12877276307746488,-0.1533033425065603,0.03839417868618518,0.34444444444444444,0.07777777777777778,2632.477893066406,-0.07128154162804874,2720.9094873046874,-0.10146558643201833,2659.3352709960936,-0.08066093162028148,2701.589226074219,-0.09503976883282483,2521.9324267320226,2618.937107007451,1,0,0,36.461228664633005,0,0,-97.0046802754282,-63.952950526751565,-33.051729748676635,0,2966.02551902648,2298.930267106332,2632.477893066406,0.25340963116050763,0.21871021120385287,105.92815829670946,0.04332739829674136,25.50247799968748,14.314567622173826,30.533044414743046,1,18.542822645062657,8.74319582955701,162995.57142857142,129892.93333333333,1.254845565849911,1,11376450.0,2577.420049199661,483468.8784008441,0.3832086731969129,0.42641708738807493,0.4256045792392515,1.0019090681549427,0.38220881061505724,0.7858105943354114,1.1699086617262564,0.7858105943354114,1.2990344769800422,0.03586896277339282,0.0073866217126057395,0.0,0.0,0.0,0.0,0.0,2517.525634765625,-0.008225876072584959,0.0077986792206286015,0.38563166898823215,0.5111,0.5578574296354571
2025-06-02,2468.00255274758,2482.484963518458,2397.1886555505225,2437.53955078125,99388.0,0,1,-0.0029823167043587784,0.02602362282405135,-0.04485154733164998,-0.1275203865832919,-0.1580418516572072,-0.0029867726724319777,0.32222222222222224,0.06666666666666667,2615.8281127929686,-0.06815759840632515,2712.144130859375,-0.10124999514355203,2657.645322265625,-0.08281984418324727,2700.836423339844,-0.09748716000838063,2508.9489073549807,2605.5002509906953,1,0,0,36.06150923258649,0,0,-96.5513436357146,-70.47262914854417,-26.07871448717043,0,2953.577142924163,2278.079082661774,2615.8281127929686,0.2582348805561032,0.23606354703303734,104.454454701797,0.042852414299623796,25.846960942771652,15.371520801607467,28.752120602382067,1,17.21311160125896,12.501531076686708,167596.42857142858,129715.76666666666,1.2920282004122494,0,11277062.0,2568.154392697448,483172.4719082313,0.3811189997467797,0.42579219267058227,0.42303156120941104,1.0065258286007759,0.385586290656139,0.7834670582734627,1.166419623581816,0.7834670582734627,1.2951603447598066,0.03499278932339668,0.00947785102377772,0.0,0.0,0.0,0.0,1.0,2516.4267578125,-0.00043649086942754156,0.012542130788900652,0.38482019399353923,0.509,0.5559189042509072
2025-06-03,2462.309696245809,2474.8942664272554,2433.145163946956,2461.810302734375,60456.0,0,1,0.009957070007477808,0.04635765231610289,-0.031969117706918126,-0.13715604263094294,-0.17856430058123673,0.009907825006716112,0.4111111111111111,0.03333333333333333,2604.6666748046873,-0.054846316210892705,2703.770302734375,-0.08948985043415161,2656.5221875,-0.07329578713169517,2700.441726074219,-0.08836755151415748,2501.6968143364256,2594.8565511198567,1,0,0,38.479256396461054,0,0,-93.15973678343107,-75.01005067552155,-18.149686107909517,0,2947.5010559432817,2261.832293666093,2604.6666748046873,0.26324626060975886,0.29165395898178437,99.97550097169004,0.040610562422557714,26.166837961349813,14.913017617622362,27.894499615320242,1,22.040854760905606,19.26559633574243,163574.57142857142,122572.9,1.3345084552015285,0,11337518.0,2561.9077284592204,483774.4365326034,0.3939081894799023,0.4112455301555947,0.4233262993311618,0.9714622758031943,0.3745932132566195,0.7912680946212444,1.1780337454319163,0.7912680946212444,1.3080563469834892,0.01695870004034345,0.010161946072472923,0.0,0.0,0.0,0.0,0.0,2468.57177734375,-0.019017036883819283,-0.027204732867508574,0.3893017106012707,0.5041,0.5247207536977779
2025-06-04,2488.977240437216,2489.176949071243,2427.052445530672,2432.845458984375,55909.0,0,1,-0.011765668426128584,-0.004902323510811435,-0.023218440266207785,-0.13783089470116838,-0.16736165057487518,-0.011835431650107295,0.4777777777777778,0.044444444444444446,2591.567590332031,-0.06124560746159073,2696.497138671875,-0.09777562004659056,2655.5169091796874,-0.08385239402000179,2700.086317138672,-0.0989749314523754,2491.104298128418,2582.8557294801917,0,0,0,36.6958978728977,0,0,-91.75143135177359,-78.35832681077197,-13.39310454100162,0,2939.8732969962493,2243.261883667813,2591.567590332031,0.26879924564853297,0.27215111852779494,97.27185829803871,0.039982752681153116,26.230872495115854,15.28150214673507,26.621974806695178,1,17.04634896687822,18.76677177634762,153993.7142857143,119766.0,1.2857882394478757,0,11281609.0,2555.0179098772232,483116.629776567,0.3818881026805376,0.407716335930205,0.42007359969152785,0.9705830983656265,0.368593428542428,0.7819582965837563,1.1641733909883738,0.7819582965837563,1.2717291761131222,0.025535737714513975,0.01103534974756841,0.0,0.0,0.0,1.0,1.0,2487.054443359375,0.007487190036464364,-0.022883403623809806,0.3897395840934631,0.5086,0.5241521361360895
2025-06-05,2454.319350318183,2457.6153961957407,2432.046351390759,2436.640869140625,70657.0,0,1,0.0015600703868112742,-0.0003686839215950588,0.01947356023664537,-0.1434589853344589,-0.167883155081596,0.0015588547411696488,0.5888888888888889,0.044444444444444446,2578.7781372070312,-0.055118067745195516,2689.0521826171876,-0.09386627567446344,2654.4651879882813,-0.08205958768392706,2699.8274731445313,-0.09748274903557771,2482.725309053373,2572.0249990846683,0,0,0,37.10722274630327,0,0,-89.29969003129509,-80.5465994548766,-8.753090576418487,0,2930.260048090148,2227.2962263239147,2578.7781372070312,0.2725956962422461,0.297802868845684,92.15022876282036,0.03781855173237765,26.290333133612894,14.978632258290673,26.09434378832726,1,17.767688741800075,18.95163082319466,130338.42857142857,118718.53333333334,1.0978776852428704,0,11352266.0,2545.957536782935,483226.8596698879,0.275062245680805,0.40760966067753923,0.42008356887823983,0.9703061268642094,0.36506882416251085,0.783178206565978,1.1659895834207685,0.783178206565978,1.2658882319661202,0.01049356313800962,0.008826656561560805,0.0,0.0,0.0,0.0,1.0,2502.040283203125,0.0060255375123625665,-0.014132298298090706,0.3896942002096763,0.5132,0.5289028066558942
2025-06-06,2437.0402001408124,2441.434765259014,2400.983893084546,2416.065673828125,63997.0,0,1,-0.008444082003662978,-0.018581703413719786,0.01698471101625665,-0.13529942040222953,-0.14189432095990695,-0.008479935238542333,0.5888888888888889,0.08888888888888889,2567.18720703125,-0.05886658082013634,2679.89830078125,-0.09844874593793794,2653.295109863281,-0.08940936692390018,2698.8989453125,-0.10479579903338186,2472.469980557181,2560.4724564730723,0,0,0,35.75105949881626,0,0,-88.00247591589141,-82.03777474707957,-5.9647011688118425,0,2924.3177238950475,2210.056690167453,2567.18720703125,0.2782270929721488,0.28842254292600816,88.45741757793807,0.036612174303102485,26.65491160723024,14.489374460246097,27.750271192005677,1,19.010426931041202,17.941488213239857,120039.14285714286,117061.9,1.0254330645337455,0,11288269.0,2540.5134169920198,482686.4637538995,0.27870999974410654,0.3954675700238819,0.4202400233525333,0.941051656310541,0.3539655996643813,0.7765649855662532,1.1561438717629469,0.7765649855662532,1.248017232193743,0.016742455560148764,0.00016388586649959214,0.0,0.0,0.0,1.0,1.0,2531.812255859375,0.011899078066855084,0.007634184871081917,0.3743783434767689,0.4736,0.4928744671428747
2025-06-09,2445.030449420103,2446.928047084071,2408.07533233328,2422.058349609375,51385.0,0,1,0.0024803447382102384,-0.004433947637390467,0.029461646843766287,-0.048571906167520607,-0.13851290448185993,0.0024772737602079165,0.6555555555555556,0.1,2547.9805297851562,-0.049420385557812294,2670.8642724609376,-0.09315558466110767,2652.058610839844,-0.08672518031478695,2697.746416015625,-0.10219198690046682,2464.714345026749,2550.2195596683537,0,0,0,36.47922617227988,0,0,-85.50521464160465,-82.73126272598459,-2.77395191562006,0,2892.069470077927,2203.8915894923857,2547.9805297851562,0.27008757427340613,0.317020884093747,84.91422451885613,0.035058703078953875,26.888494772417978,14.47791470239478,26.843327931666643,1,32.95785420377502,23.245323292205455,96528.28571428571,116500.66666666667,0.8285642346620538,0,11339654.0,2529.1302838944957,482813.91626827244,0.26573495912925565,0.3959465661585653,0.41966290482478474,0.9434871693600813,0.35086100118583113,0.7784911344420808,1.159011507131888,0.7784911344420808,1.233845287093388,0.016041196842783247,0.011988405739851053,0.0,0.0,1.0,1.0,1.0,2579.667236328125,0.018901472792067997,0.016254681979342323,0.3771747745327584,0.4756,0.4918944556760574
2025-06-10,2426.0536192287805,2435.841780582461,2392.094861281568,2406.277587890625,69342.0,0,1,-0.006515434164207967,-0.012461122865721652,-0.015769280430340316,-0.056436801185107965,-0.13803220500745428,-0.0065367522535721865,0.5,0.1111111111111111,2528.6040649414062,-0.048377078383608406,2664.213349609375,-0.09681497983506784,2651.0583251953126,-0.09233321461784653,2696.7527319335936,-0.10771293215106732,2455.7240746981142,2539.557191388522,0,0,0,35.34326532546832,0,0,-83.83311669040768,-82.95163351886922,-0.8814831715384628,0,2857.7263022213756,2199.481827661437,2528.6040649414062,0.2603193136032516,0.314162546320558,81.97370271757308,0.0340666027602544,27.27481639813696,13.926026766618048,27.21255279135567,1,26.997023417384206,26.321768184066837,67304.85714285714,117009.76666666666,0.57520717338573,0,11270312.0,2522.967013628838,482362.12303245795,0.11848876148214206,0.39592385415401193,0.4197031989710301,0.9433424742167392,0.34741127734371374,0.7734189267082039,1.1514600439616107,0.7734189267082039,1.2240328871501858,0.01818032945203235,0.001649534834720151,0.0,1.0,0.0,1.0,1.0,2610.63818359375,0.012005791611211292,0.036985740102222886,0.37329146005185626,0.4768,0.49816709093394146
2025-06-11,2406.277501844339,2424.2556671735097,2372.1190364878094,2385.70263671875,131976.0,0,1,-0.008550531025770525,-0.012567140636233765,-0.021266081219435296,-0.06516381190271303,-0.13015289694508758,-0.008587296542661042,0.4777777777777778,0.12222222222222222,2505.2324462890624,-0.047712063504274385,2656.09720703125,-0.10180145877067621,2651.3484716796875,-0.10019272751146326,2695.4201708984374,-0.11490510367311392,2444.9515457782118,2528.1605577092796,0,0,0,33.86267619166139,0,0,-83.20901193106783,-83.00310920130894,-0.2059027297588898,0,2802.1296308545307,2208.335261723594,2505.2324462890624,0.23702166639686834,0.29870167892421506,79.84248328672503,0.03346707257554062,27.844292907920092,13.276483454620509,27.73036847816707,1,18.197396316293652,26.050757979150983,71960.28571428571,118774.33333333333,0.6058572058016383,0,11138336.0,2502.467333574982,481233.65814980085,0.12452159392429701,0.39425521854318535,0.41263230783655197,0.9554637653320981,0.3448014037208936,0.77051615671591,1.141614449130782,0.7668057841794672,1.2135667559720447,0.02185378424085914,-3.575908550519165e-08,0.0,1.0,1.0,1.0,1.0,2578.76806640625,-0.012207787884121246,0.024773742530039833,0.37315176861481164,0.47,0.48911064114756597
2025-06-12,2406.976737701972,2406.976737701972,2352.2434041783918,2368.5234375,68151.0,0,1,-0.007200897108609494,-0.02210306457646205,-0.037893604202874465,-0.06865129681669158,-0.13641657643440808,-0.007226948706782724,0.35555555555555557,0.12222222222222222,2482.569970703125,-0.04593889982920567,2647.262939453125,-0.10529347039879135,2652.1195361328123,-0.10693186893315447,2694.112978515625,-0.12085222246136648,2433.1933752738714,2516.335585841926,0,0,0,32.63342856808801,0,0,-83.14221056805445,-83.03092947465805,-0.11128109339639991,0,2744.9166331092374,2220.2233082970124,2482.569970703125,0.21135087067198308,0.2826415397147669,78.04897258935755,0.03295258613600168,28.579437940830356,12.611455759431088,28.160307078353195,1,11.390160468761403,18.861526734146445,73059.57142857143,118411.4,0.6169977842384385,0,11070185.0,2493.873564455183,480742.909810952,0.08599340208026611,0.3940712147896554,0.4119378385560353,0.9566278644637072,0.3424213352845918,0.7738040224422402,1.1333938009448894,0.7612840946253043,1.204827986627861,0.0231086307431063,0.008917331378935836,1.0,1.0,1.0,1.0,1.0,2541.303466796875,-0.014528099714521958,0.029463064481514145,0.3768937642568254,0.4695,0.48357700742975346
2025-06-13,2357.137279355043,2362.83031638798,2312.99094348517,2331.867919921875,105470.0,0,1,-0.015476105069416324,-0.030923143839767242,-0.04150594058064605,-0.06376067764478932,-0.15412486884120447,-0.015597110064348546,0.3111111111111111,0.07777777777777778,2456.9261108398437,-0.05090026532186611,2640.763828125,-0.11697218240922665,2652.8701245117186,-0.12100185441566859,2692.650450439453,-0.13398788188741564,2417.6048436812566,2502.6713142922927,0,0,0,30.120920510922502,0,0,-85.06647061103604,-83.43803770193365,-1.6284329091023864,0,2664.828179872951,2249.0240418067365,2456.9261108398437,0.169237542892196,0.19923774328081872,76.440652691177,0.03278086723442638,29.645017348356323,11.957030615944454,30.366905925115695,1,9.989384665648862,13.192313816901327,80139.71428571429,120229.03333333334,0.6665587509426948,0,10964715.0,2483.492888842631,479110.6450092807,0.09950010231748767,0.3940728570101959,0.4074120908607778,0.9672586205716212,0.3364584364529924,0.7618285500877873,1.1158532793964413,0.7495023819892077,1.186181942116235,0.021373154318482843,-0.0048072811797780154,1.0,1.0,1.0,1.0,1.0,2506.779052734375,-0.01358531734347157,0.007930911777048744,0.3799879694071296,0.4787,0.48915450394643073
2025-06-16,2350.645236865686,2377.0131164909485,2284.3258766903377,2369.921875,91108.0,0,1,0.016319086837216723,-0.006614722839244802,-0.027381546039714877,-0.00844120198924636,-0.14459779741334944,0.01618736169684571,0.45555555555555555,0.1,2435.7168701171877,-0.027012579304433747,2635.4992236328126,-0.100769275988151,2654.459697265625,-0.10719236858586668,2690.868514404297,-0.11927250911230347,2410.2690023456785,2492.8380224928637,0,0,0,35.65921731826025,0,0,-82.56902014718526,-83.26423419098398,0.6952140437987282,1,2573.513738604736,2297.9200016296395,2435.7168701171877,0.11314686873348992,0.261260920370142,77.60112319899369,0.0327441693406006,30.891999836508763,10.936920046188405,30.41466111386693,1,41.784500961997814,21.054682032136053,83061.28571428571,121034.23333333334,0.6862627491970099,0,11055823.0,2467.6986500792714,480597.4443728459,0.16419836586006017,0.3979999098478971,0.40530608086444214,0.9819736950381738,0.3351001005653151,0.7742608963517408,1.1340629859605047,0.7617335764455904,1.1964293811510411,0.03910982922194883,0.00805247878037625,1.0,1.0,1.0,1.0,1.0,2542.863037109375,0.01439456115433857,0.016315786032824686,0.32881312470839413,0.5204,0.6208163248606214
2025-06-17,2387.000930326814,2429.3496450177267,2345.1518529754776,2408.87451171875,109490.0,0,1,0.016436253502554843,0.017036383757021545,-0.0029763934760850264,0.013957764357109603,-0.10285308494697176,0.016302640366287837,0.6111111111111112,0.17777777777777778,2428.8751831054688,-0.008234540632568298,2631.0326513671876,-0.08443762168173606,2655.6492529296875,-0.09292444811328072,2689.1995153808593,-0.10424105837398537,2410.054465326151,2486.6185031762625,0,0,0,40.8288622355855,0,0,-76.56403785011162,-81.92419492280952,5.360157072697902,0,2556.920508210962,2300.8298579999755,2428.8751831054688,0.10543590382588479,0.4219000327804209,78.0723138306548,0.03241028681687101,30.878621651803694,14.882701775822998,28.071734971009594,1,60.799601183841155,37.5244956038293,89560.28571428571,122289.5,0.7323628415709093,0,11165313.0,2428.4116039215146,482397.0497688406,0.19918593510220126,0.39475201465484006,0.4071678451860622,0.9695068491335593,0.3257319357564255,0.7869868447212932,1.1527027326856158,0.7742536226094577,1.1753851058641003,0.03495316656498366,0.007206590017577641,1.0,1.0,1.0,1.0,1.0,2487.387939453125,-0.02181599907138998,-0.01754644970354291,0.3111600819625243,0.4371,0.5464520390270635
2025-06-18,2411.471264505524,2441.434874868886,2381.108236875112,2433.64453125,98653.0,0,1,0.010282818557275641,0.04364595887211942,0.004783609627940555,0.03438618948920369,-0.09691998885306519,0.010230310028880798,0.6444444444444445,0.2,2423.047265625,0.004373528232544253,2628.1741259765627,-0.07401701158376651,2656.5431689453126,-0.08390552064087356,2687.6364025878906,-0.0945038067996568,2413.683706237512,2482.6945052557985,0,0,0,43.9148650347313,0,0,-69.01079901828643,-79.34151574190491,10.33071672361848,0,2537.7571230298936,2308.337408220106,2423.047265625,0.09468231101575764,0.5461916083968037,76.80476555659186,0.03155956614466715,30.614376567632235,15.171652989113095,26.49680164011449,1,72.89132188774451,58.491808011194514,96312.85714285714,122316.96666666666,0.7874039045239335,0,11263966.0,2418.5225666688616,483411.48066797154,0.2091163415658208,0.39626431882663715,0.4042186636222477,0.9803216785580092,0.3237607942447277,0.7950792876525252,1.164555765736298,0.7822151321280643,1.164555765736298,0.024788598835668023,0.0010779942143690061,0.0,1.0,1.0,1.0,0.0,2458.0009765625,-0.011814386660203069,-0.047163548093436924,0.313690959719131,0.4199,0.5227383360448715
2025-06-19,2441.434891731012,2445.030622537244,2368.12402207345,2399.885498046875,55661.0,0,1,-0.013871801230471936,0.01264329569803846,-0.0026564224659355595,-0.01838381302546921,-0.10865442779247703,-0.013968913795211398,0.6111111111111112,0.17777777777777778,2415.44150390625,-0.006440232907407582,2624.640419921875,-0.0856326528270452,2656.1516455078126,-0.09648023970858176,2685.611112060547,-0.1063912838052147,2411.560904977414,2476.560504721804,0,0,0,40.792290441575254,0,0,-64.99959974439025,-76.47313254240198,11.473532798011732,0,2513.04724978409,2317.83575802841,2415.44150390625,0.08081814088231248,0.4203120383975937,76.8120394785349,0.0320065434542805,30.526425311197798,14.086629392430781,25.80926297694412,1,56.41152863562398,63.36748390240325,94358.42857142857,120596.8,0.782428958077068,0,11208305.0,2414.211347209508,482639.36233968224,0.2241086688349109,0.3973565016509573,0.40466634697084486,0.9819361175580676,0.3196615262871771,0.7840501058117442,1.148401279632204,0.7713643992957164,1.148401279632204,0.032045945744654934,0.0032011086175394612,1.0,1.0,1.0,1.0,1.0,2419.518310546875,-0.015656082476192767,-0.0732081045347247,0.3047716814729233,0.4498,0.5780727404682947
2025-06-20,2399.885353028241,2471.897746440676,2377.31267022482,2450.623779296875,189678.0,0,1,0.021141959185674963,0.01733144145742016,0.027212587846830782,0.005367801524053695,-0.07449740146678874,0.02092156887658585,0.7111111111111111,0.2222222222222222,2410.8171264648436,0.01651168493663508,2621.7249609375,-0.06526282664656058,2655.8654931640626,-0.0772786552615182,2683.672966308594,-0.08683963729465863,2417.5705779496384,2474.639265801439,0,0,0,46.90312675488279,0,0,-57.068687851800405,-72.59224360428168,15.523555752481272,0,2489.974795755761,2331.659457173926,2410.8171264648436,0.06566874643618627,0.7514390152502811,78.08154210262927,0.03186190502282328,29.860872957544967,15.325560825213767,23.576092883208112,1,81.17990336771028,70.16091796369295,102601.57142857143,124547.9,0.8237920625604401,0,11397983.0,2410.664923116605,486649.5268741027,0.2474443784755062,0.4017129951063196,0.40417163149578056,0.9939168506696971,0.3203673671090951,0.8006264611483401,1.1726807326149649,0.787672553942909,1.1726807326149649,0.038596326786233245,-6.042731383442671e-08,1.0,1.0,1.0,1.0,0.0,2447.3056640625,0.011484663453257493,-0.05097876154754577,0.3014960658537536,0.4479,0.5883278444852872
2025-06-23,2427.052318338934,2451.6225751487964,2404.180194440525,2433.54443359375,107630.0,0,1,-0.0069693870790829004,-4.113076292144857e-05,0.02745212272941666,-0.011481741346694996,-0.1327947178750395,-0.006993786690188847,0.7111111111111111,0.15555555555555556,2407.960595703125,0.010624691257937552,2618.4679150390625,-0.07062277921497992,2654.7548413085938,-0.083326115192544,2681.8716540527344,-0.09259474445159314,2420.028094202579,2471.5952041564246,0,0,0,45.21154910359167,0,0,-51.56710995384583,-68.38721687419451,16.820106920348678,0,2478.6552634857544,2337.2659279204954,2407.960595703125,0.05871746232789714,0.6809460224729378,75.89303057446085,0.031186211160478136,29.24286005772448,14.641250773727927,22.523383783766846,1,72.84245826448563,70.14463008927332,108241.42857142857,124806.86666666667,0.8672714207345581,0,11290353.0,2406.1659863621685,485899.411742781,0.24701014477156047,0.3582657000370315,0.4042295693693325,0.8862926593816169,0.31653867378848205,0.795046585434841,1.1645078666691886,0.782182959022911,1.1645078666691886,0.01949517750872148,-0.009618555551886433,1.0,1.0,1.0,1.0,0.0,2470.895263671875,0.009639008300343033,-0.02770554719060936,0.2044520646892672,0.1644,0.2812008777293839
2025-06-24,2457.015938464094,2518.141652066745,2447.0280687955405,2495.6689453125,186864.0,0,1,0.025528406574852447,0.03991167384593042,0.07024455544468089,0.025823048519634018,-0.10671386811982031,0.025207998365915543,0.8555555555555555,0.18888888888888888,2413.2391845703123,0.034157310750307854,2615.8690673828123,-0.04595035874275352,2653.3750146484376,-0.05943602712217184,2680.306553955078,-0.06888675042417276,2431.6651482194898,2473.3784442420597,0,0,0,51.99366404437372,0,0,-41.71329602256992,-63.05243270386959,21.33913668129967,0,2493.4436978748186,2333.034671265806,2413.2391845703123,0.0664704218440635,1.0138723330271515,76.514758281499,0.03065901766546927,27.33953278710085,19.694709668412447,20.744627388547375,1,90.38871234497873,81.47035799239158,119869.14285714286,129931.93333333333,0.922553369152332,0,11477217.0,2412.312310231066,490669.7519089842,0.2328817485019453,0.36864280711802094,0.39697548441099145,0.9286286473457955,0.3187424516162867,0.8153428579137697,1.1942358969491336,0.802150843616769,1.1942358969491336,0.028494798320415734,0.009644987182618279,0.0,0.0,0.0,0.0,0.0,2504.480224609375,0.013592223608697607,-0.0009170445725930065,0.20719227195693699,0.2015,0.3504486877707402
2025-06-25,2495.968717579949,2512.049285847249,2488.2781064347337,2500.16357421875,56019.0,0,1,0.0018009716051048397,0.020215177596982548,0.054956115048623744,0.026069785614541097,-0.12371354118845934,0.0017993518002670556,0.7888888888888889,0.17777777777777778,2419.46162109375,0.03335533509662262,2608.382158203125,-0.04148877634515228,2650.4570581054686,-0.05670474208480386,2678.8390856933593,-0.06669885937861886,2442.2033676039914,2475.3625279440366,0,0,0,52.452250920889995,0,0,-33.15916034004522,-57.073778231104725,23.914617891059507,0,2506.4329143848495,2332.490327802651,2419.46162109375,0.07189309599528407,0.9639574167011893,72.7473597908573,0.029097040106101604,25.572157464378908,19.235030269196184,20.260442649829095,1,92.31100732230193,85.18072597725546,114856.42857142857,127645.86666666667,0.8998053095707648,0,11533236.0,2415.861727430628,490770.6405373306,0.23204234555455497,0.36156002351084676,0.39471900371648583,0.9159934538407578,0.3113469358395942,0.8168112672492975,1.196386681889336,0.8035954945091338,1.196386681889336,0.009507849669373443,0.0001201170002984938,1.0,0.0,0.0,0.0,0.0,2526.070556640625,0.008620683772664783,-0.006603769146701244,0.2072371834552228,0.1884,0.32092671459759087
2025-06-26,2516.943098919309,2518.94067280734,2472.397103678425,2487.17919921875,44757.0,0,1,-0.005193410196793757,0.02203977247532496,0.03250675247675283,0.029433606114667166,-0.11857571676439715,-0.005206942825525077,0.7222222222222222,0.18888888888888888,2426.183447265625,0.0251406182916089,2600.37587890625,-0.04353089128603663,2647.1730444335935,-0.06043951133125748,2677.5841088867187,-0.07111071097114291,2449.122726313954,2476.237836927349,0,0,0,50.93840966489336,0,0,-27.11511061339479,-51.082044707562744,23.966934094167954,0,2512.218472692856,2340.1484218383944,2426.183447265625,0.07092211062951118,0.8544820940671176,70.87566045786141,0.028496402864789248,24.214772068058032,18.332779205000886,20.91058218232535,0,86.46228877536326,89.72066948088134,105608.85714285714,127615.56666666667,0.8275546620320129,0,11488479.0,2422.7141539374047,490538.1990771527,0.23420660577289035,0.3610221533570844,0.3943744917229037,0.9154297778740381,0.30985762714744547,0.8125692312851089,1.1901733550963036,0.7994220934738525,1.1901733550963036,0.018713395940081333,0.0067113707573321696,0.0,0.0,0.0,0.0,0.0,2585.044189453125,0.02334599588181252,0.03926056263723399,0.20699761322068846,0.2046,0.34834401444760216
2025-06-27,2512.1488634951115,2515.9443026371773,2478.090375137272,2488.377685546875,44235.0,0,1,0.0004818656928706755,-0.0029215652898674227,0.022490200846531305,0.027381394815775506,-0.12527218325730105,0.0004817496328797478,0.6222222222222222,0.17777777777777778,2428.360791015625,0.024714982531960854,2592.3935693359376,-0.040123492443204574,2644.3629541015625,-0.05898784367431301,2676.5466186523436,-0.07030287901363463,2455.1619508113267,2477.13708497324,0,0,0,51.07875900970315,0,0,-21.975134161913047,-45.26066259843281,23.285528436519762,0,2518.4895926546174,2338.231989376633,2428.360791015625,0.07423015720929768,0.8329506963359251,68.51696524657882,0.027534793309127722,22.954342771474362,17.60932157832778,20.08539795963797,0,86.97312029492664,88.58213879753065,97834.85714285714,127844.93333333333,0.7652619043397664,0,11532714.0,2424.5793557558554,490559.51440607687,0.2316005521810836,0.3594346591854414,0.37792608742504874,0.9510713103570162,0.3094487327057212,0.8129607805207475,1.1907468588046934,0.7998073075548204,1.1907468588046934,0.015212291815575422,0.010039350716749629,0.0,0.0,0.0,0.0,0.0,2645.117431640625,0.02323876799963287,0.0761254600231307,0.21373501336727993,0.1926,0.3162388452540442
2025-06-30,2478.9893335630336,2541.613229683099,2445.03057556902,2516.6435546875,147919.0,0,1,0.011359155527233877,0.0065915609037299205,0.048651511389042223,0.045865849955251115,-0.09930298503380741,0.011295124754192663,0.7666666666666667,0.24444444444444444,2432.3159912109377,0.03466965796437474,2584.8247607421877,-0.026377496490365797,2641.083935546875,-0.04711716245913554,2675.7583251953124,-0.059465299616024966,2464.620659099969,2480.063490137259,0,0,0,54.392502972675246,0,0,-15.442831037290034,-39.29709628620426,23.854265248914224,0,2530.705045760712,2333.9269366611634,2432.3159912109377,0.08090153985361988,0.9285413853321541,70.5216573085431,0.028022107929106397,22.38215790237336,15.886694718425566,21.469044756018604,0,90.29502433557185,87.91014446862062,111014.57142857143,129378.73333333334,0.8580588831593505,0,11680633.0,2430.0387166093283,492239.74933250976,0.2005723775755155,0.35988765175576337,0.37840528464312084,0.9510640214635964,0.3051656135155253,0.822195328464224,1.204272737567421,0.8088924431531537,1.204272737567421,0.03837756599824548,-0.0037728806355929482,0.0,0.0,0.0,0.0,0.0,2618.229248046875,-0.010165213563721687,0.08212830489184686,0.21540420760608286,0.1602,0.2612343148186376
2025-07-01,2519.1404173023766,2531.824962903122,2476.991656433571,2482.5849609375,40568.0,0,1,-0.013533340343952371,-0.0018471681826114361,0.013042059703589182,0.04060955574580749,-0.024795964332203213,-0.01362575068861062,0.5777777777777777,0.4222222222222222,2433.3547241210936,0.020231426322024612,2574.5372509765625,-0.03571604567157984,2639.201220703125,-0.05934229589508138,2675.0669152832033,-0.07195407084810276,2467.3843978442046,2480.2502657520918,0,0,0,49.997875310551755,0,0,-12.86586790788715,-34.010850610540835,21.144982702653685,0,2533.4782313731484,2333.2312168690387,2433.3547241210936,0.08229257021967368,0.7458475445355319,69.40106082004367,0.027955160412248572,21.85084338106529,14.990125466775948,20.25743430263643,0,77.05745422035587,84.77519961695148,89713.14285714286,109026.23333333334,0.8228583168865125,0,11640065.0,2430.661876111119,491690.7287814363,0.20536822046629383,0.24247454563849757,0.3793217639533056,0.6392318308114431,0.2716163583870502,0.81106827925491,1.1879749047429777,0.7979454264183109,1.1879749047429777,0.022087182244447518,0.0009921399517329081,0.0,0.0,0.0,0.0,0.0,2620.62841796875,0.0009163330230401723,0.07082186604289387,0.20967634565398896,-0.0094,-0.010902054804412099
2025-07-02,2482.585011598234,2490.575307427202,2424.1559733489034,2444.2314453125,68309.0,0,1,-0.015449024395328914,-0.01774097255846152,0.004391541642396746,0.031964221511951996,-0.04155411961230493,-0.015569604077151872,0.5555555555555556,0.36666666666666664,2433.9240234375,0.004234898778985858,2564.984853515625,-0.04707763012230576,2637.5277514648437,-0.07328692789866945,2673.7210498046875,-0.08583154346222896,2463.8224051470193,2477.5822049787885,0,0,0,45.53615307845253,0,0,-13.759799831769215,-29.960640454786514,16.2008406230173,0,2534.1647505579895,2333.683296317011,2433.9240234375,0.08236964355108871,0.5514133435136115,69.18808033849045,0.028306681215143525,22.22307384031276,13.962250076367619,24.323042747539045,0,62.1505747414881,76.5010177658053,84095.85714285714,105286.36666666667,0.7987345352043725,0,11571756.0,2430.917783926078,490635.42137401574,0.2262637772546116,0.246036968838126,0.37817615242811453,0.6505882701974283,0.26993687831899615,0.7985380656224236,1.169621851458565,0.7856179480594334,1.169621851458565,0.027173913585669753,2.040644517788222e-08,1.0,0.0,0.0,0.0,0.0,2629.0244140625,0.003203810214443825,0.06399670302319382,0.20962051030526402,-0.0118,-0.01391047711679771
2025-07-03,2444.231405757479,2483.783467008592,2438.43839260633,2465.305908203125,24528.0,0,1,0.008622122479866379,-0.020399252166145465,-0.012166291994138323,0.05722364767800414,-0.03397131635478634,0.008585164268711512,0.4777777777777778,0.4222222222222222,2435.357275390625,0.012297428847558405,2555.7260986328124,-0.035379452625247186,2636.8680517578123,-0.06506284735799313,2672.8630908203127,-0.07765350321534333,2464.05063638642,2476.6728496620726,0,0,0,48.267939704531614,0,0,-12.622213275652484,-26.49295501895971,13.870741743307224,0,2536.576498905421,2334.138051875829,2435.357275390625,0.0831247427534513,0.6479394514823665,67.48500848590271,0.02737388827137082,22.56871640961399,13.292133765944884,23.155661589410155,0,70.3415964320171,69.84987513128705,60905.0,103864.56666666667,0.5863886208225648,0,11596284.0,2430.9090765744068,490846.9047942019,0.16376343926519016,0.24768147982260916,0.3786703228097648,0.6540820996607083,0.2708010717036928,0.8054231586290556,1.1797064743169687,0.792391642229983,1.1797064743169687,0.018393285089440485,-1.6183009613032144e-08,0.0,0.0,0.0,0.0,0.0,2610.032958984375,-0.007223765202232779,0.042145565110805805,0.21031083918462215,-0.0242,-0.02855707367154528
2025-07-04,2476.991747154573,2490.0759543245126,2442.0342023358594,2454.91845703125,26037.0,0,1,-0.004213453242176368,-0.011144232459944559,-0.01809686280292211,0.03586471897148513,-0.034679123213521845,-0.004222354849424986,0.4444444444444444,0.4111111111111111,2437.299914550781,0.007228713370597318,2548.5128564453125,-0.03672510388847275,2636.8590625,-0.06899898749091758,2671.7057470703126,-0.08114190354861607,2462.645685716394,2475.0614131709003,0,0,0,47.01617438981552,0,0,-12.415727454506396,-23.677509506069047,11.261782051562651,0,2538.451515459783,2336.148313641779,2437.299914550781,0.08300299877345638,0.5870897856392749,66.09620445038489,0.02692399181776306,22.71451427565405,13.282052506071976,21.953476120882037,0,55.87184916205176,62.78800677851901,56621.857142857145,101778.83333333333,0.5563225209844596,0,11570247.0,2431.810776801636,490737.19911213533,0.16226265830886652,0.24775068559474936,0.37832741434517964,0.6548578723103204,0.27031697769327023,0.8020295458100061,1.1747358362479414,0.7890529370959557,1.1747358362479414,0.019569591752041513,0.0047401172051567434,0.0,0.0,0.0,0.0,0.0,2597.9384765625,-0.004633842795066179,0.028450480028337388,0.2028250788825806,-0.0135,-0.0165592945304967
2025-07-07,2438.038966080017,2470.199857379855,2429.04988345211,2450.623779296875,36273.0,0,1,-0.0017494176729473399,0.0026152736053839387,-0.014697541670241288,0.01733144145742016,-0.016080487717614722,-0.0017509496910649894,0.45555555555555555,0.4666666666666667,2438.7281860351563,0.004877785613762195,2541.295625,-0.03567937740542295,2635.6974755859374,-0.0702181103876191,2670.472744140625,-0.08232585984115658,2460.7961616518523,2473.2512180691206,0,0,0,46.47947434882185,0,0,-12.455056417268224,-21.433018888308883,8.977962471040659,0,2539.78027382515,2337.676098245163,2438.7281860351563,0.08287277636650627,0.5588587208927345,64.31433084162491,0.026244065443647074,23.071344044073946,12.675038144865177,22.39222183521489,0,47.55325034918009,57.92223198108301,55409.857142857145,98888.76666666666,0.5603250906104652,0,11533974.0,2432.38217780811,490673.7424848845,0.1612604804539609,0.2406652870694031,0.3783259719490607,0.6361320789834837,0.2648935235143478,0.8006264611483401,1.1726807326149649,0.787672553942909,1.1726807326149649,0.016791632512254386,-0.006875784775208185,0.0,0.0,0.0,0.0,0.0,2574.94873046875,-0.008849226531403187,-0.0039053332339787916,0.20463578910878202,-0.0038,-0.0045187943869551515
2025-07-08,2448.226515672899,2464.806476530585,2413.2689725285363,2422.457763671875,38939.0,0,1,-0.011493406643218518,-0.017380457487517487,-0.026491124019428214,-0.004596713872744185,0.01353944774162752,-0.011559966331209984,0.36666666666666664,0.5555555555555556,2439.5371948242187,-0.0070010947931352695,2533.912587890625,-0.043985267980981,2634.122385253906,-0.08035489268340447,2669.3613427734376,-0.09249537525894957,2454.8979465780094,2469.488739965621,0,0,0,43.0117026844282,0,0,-14.590793387611484,-20.064573788169405,5.473780400557921,0,2539.7510047155333,2339.323384932904,2439.5371948242187,0.08215805039081242,0.4147850422468376,63.40170035308374,0.02617246884708599,23.666416426347897,11.93909592984208,22.869960115270782,0,31.318225696595594,44.91444173594251,54653.28571428572,92311.93333333333,0.5920500604936493,0,11495035.0,2433.2783128318824,490226.20072360424,0.16910999558124543,0.21057164871056072,0.3780774839695337,0.5569536871112087,0.24185288292848064,0.7914245356610412,1.1592026360923535,0.7786195129787407,1.1592026360923535,0.021274882383885127,-0.0009782258885383764,0.0,0.0,0.0,0.0,0.0,2590.141845703125,0.00590035640500286,-0.020783797830632222,0.20496635118970008,-0.045,-0.046550245682424156
2025-07-09,2407.076647584642,2443.032979249807,2406.97667134778,2424.555419921875,59505.0,0,1,0.0008659206700967204,-0.012368246701804142,-0.036591647869282706,0.010279624546703392,0.020558265357630834,0.0008655459770806205,0.3,0.5888888888888889,2441.479833984375,-0.00693203106858363,2527.5503173828124,-0.04074890092300316,2632.448918457031,-0.07897342169777398,2668.2604296875,-0.0913347914072118,2450.229865553989,2466.1603458883064,0,0,0,43.3506853836129,0,0,-15.930480334317508,-19.237755097399027,3.3072747630815194,0,2538.76309217093,2344.19657579782,2441.479833984375,0.07969204318824419,0.4130147654489274,61.44845803515109,0.025344216729486474,24.32413920500667,11.438700113014393,22.64285200386103,0,28.753858083515176,35.87511137643032,42022.71428571428,89759.03333333334,0.4681725362355092,0,11554540.0,2436.2031671724994,490277.72733307834,0.13877479433199452,0.209673107971253,0.3260517149429499,0.6430670300505552,0.23843126491037533,0.7921098465252919,1.1602064136157768,0.7792937357091697,1.1602064136157768,0.014871306964469592,-0.006349384628245775,0.0,0.0,0.0,0.0,0.0,2581.845703125,-0.0032029684366081668,-0.013896241113728336,0.20282001373749084,-0.0605,-0.06298086465110123
2025-07-10,2424.555510457357,2440.036709391276,2392.094932047526,2397.0888671875,62265.0,0,1,-0.01132849037340633,-0.02184542260694744,-0.03443833548307407,-0.02184542260694744,0.018848721478444075,-0.01139314648837863,0.3333333333333333,0.5777777777777777,2442.90810546875,-0.018756022045478465,2520.6387158203124,-0.04901529436066151,2630.6890576171877,-0.08879810016060086,2667.261143798828,-0.10129202280753696,2442.05432734376,2461.043940058617,0,0,0,39.99592065188548,0,0,-18.989612714856776,-19.18812662089058,0.1985139060338028,0,2536.44816330228,2349.3680476352197,2442.90810546875,0.07658090586717471,0.25508226452675115,60.483695128622436,0.02523214552307685,25.18338169957643,10.79107384807771,23.11834657424849,1,3.3400160508420567,21.13736661031764,45122.28571428572,84635.83333333333,0.5331345357772306,0,11492275.0,2437.747178875642,489572.3588799782,0.13372079865078682,0.21045022196507865,0.3261503095156968,0.645255318866868,0.23702242008748653,0.7831364377542498,1.1470630264279662,0.7704655141261325,1.1470630264279662,0.019999999999999955,3.73410651237593e-08,1.0,0.0,0.0,0.0,0.0,2579.846435546875,-0.0007743559484229001,-0.015561909556595976,0.2009485364424647,-0.0369,-0.038892633427180884
2025-07-11,2407.076697353119,2407.076697353119,2333.1664585132303,2354.840087890625,68258.0,0,1,-0.017625036716492404,-0.027912839924506105,-0.03657237844366501,-0.03234144592416499,-0.03680856862079562,-0.017782207171029598,0.3111111111111111,0.37777777777777777,2444.0567138671877,-0.03650350070453021,2512.600478515625,-0.06278769425300779,2628.735930175781,-0.1041929845980539,2666.2146643066408,-0.11678526136116273,2428.6367520432777,2453.176988046173,0,0,0,35.45134339541478,0,0,-24.5402360028952,-20.258548497291503,-4.281687505603696,0,2532.26811470741,2355.8453130269654,2444.0567138671877,0.07218441400293607,-0.005697818687638704,61.44273396514146,0.026092104632115164,26.804151810809756,9.863879655581108,27.982533071313004,1,10.397680547295375,14.163851560550897,45115.0,77780.9,0.5800267160703978,0,11424017.0,2441.459219916484,488369.30912378384,0.14149467629969487,0.18417680873374231,0.327461231215579,0.5624385153932692,0.23477065553556764,0.7693336292848081,1.1268459984710424,0.7568860311508683,1.1268459984710424,0.03138652141177649,0.004166649932064354,1.0,1.0,1.0,1.0,0.0,2557.556396484375,-0.008640064290406091,-0.027184235032526427,0.2011104453370458,0.0768,0.07048503276543733
2025-07-14,2347.1494188752145,2352.1433538089914,2317.285785509019,2330.66943359375,80539.0,0,1,-0.010264244447497184,-0.03872296980992507,-0.05461248202966695,-0.06611434262090765,-0.04384343923906686,-0.010317285064602244,0.18888888888888888,0.34444444444444444,2442.094091796875,-0.045626685137729335,2503.8031640625,-0.06914829925681337,2626.7583325195315,-0.11272026636793009,2665.5364880371094,-0.1256283888613936,2413.5648568971965,2444.1023543830306,0,0,0,33.13190358815392,0,0,-30.537497485834137,-22.31433829500003,-8.223159190834107,0,2538.606547134378,2345.581636459372,2442.094091796875,0.07904073447595125,-0.07725532841058805,59.73641742346034,0.025630583454879067,28.494984275277737,9.420944394289174,28.62488207145666,1,5.966121592481121,6.567939396872879,53116.57142857143,77152.6,0.6884611980486908,0,11343478.0,2441.586025211558,487542.63714022684,0.10392725102856351,0.1859939060954837,0.32751853624791727,0.5678881819216925,0.22823024988260227,0.7614370008521486,1.1152797756880515,0.7491171679082398,1.1152797756880515,0.014956032716413124,-0.003265898629362792,1.0,1.0,1.0,0.0,0.0,2580.146484375,0.00883268416746441,-0.011450611957407819,0.20248354481084901,0.0584,0.05377599234276305
2025-07-15,2352.143288643449,2432.0462453701903,2337.3611928801074,2418.66259765625,224224.0,0,1,0.03775445920995324,0.00899997107494066,-0.01476866136679933,-0.03259825773118363,-0.017526819605150012,0.037059204940047615,0.5111111111111111,0.4888888888888889,2442.58349609375,-0.00979327768150198,2498.475634765625,-0.03194469299551999,2625.5243334960937,-0.0787887330544718,2664.2088513183594,-0.09216479163808913,2414.3491247062816,2442.2179279588245,0,0,0,46.78246153830433,0,0,-27.868803252542875,-23.425231286508602,-4.443571966034273,0,2538.4840045752826,2346.6829876122174,2442.58349609375,0.0785238323561094,0.3752827340737906,62.71073130581605,0.025927854247460747,27.77703781857995,17.434181981962798,25.319570272052985,1,45.19144437296835,20.51841550424831,81429.0,82611.53333333334,0.9856856145187152,1,11567702.0,2438.541657135377,496008.0930021194,0.2921127996680092,0.2148641677115942,0.32878813820457037,0.653503404608553,0.23662133239072058,0.7901846430417702,1.1573865604869518,0.7773996814675072,1.1573865604869518,0.03914768954621255,0.009213599638018032,0.0,0.0,0.0,0.0,0.0,2597.038818359375,0.0065470445521882414,-0.00034629696247290287,0.19399683303693785,0.1404,0.156474068264879
2025-07-16,2418.6627371093537,2426.9524742721374,2373.217927850804,2384.8037109375,95444.0,0,1,-0.013999011995951882,0.012724270833063267,-0.02685849574929855,-0.041161283559064565,-0.019747143358185504,-0.014097922347500508,0.4111111111111111,0.4888888888888889,2440.141455078125,-0.022678088610585637,2492.275166015625,-0.04312182560882254,2623.9517456054687,-0.09114040876265657,2662.732393798828,-0.10437724929046169,2409.8036764341614,2437.965022994282,0,0,0,43.13361402643344,0,0,-28.16134656012082,-24.372454341231045,-3.7888922188897745,0,2539.42800258171,2340.85490757454,2440.141455078125,0.08137769824528987,0.22132305165195254,62.069575242638734,0.026027121208327165,27.110373251646287,16.356108525838756,23.753889894332477,1,30.097933704485325,27.08516655664496,89882.0,83929.36666666667,1.0709243208872858,0,11472258.0,2437.2132380292956,494671.97130117775,0.3007149778211132,0.2159902975186818,0.3263960178344408,0.6617430535817366,0.23573934197126373,0.7791228387448115,1.1411842921427415,0.7665168540009943,1.1411842921427415,0.022532062565522322,5.765711339474956e-08,0.0,0.0,0.0,0.0,1.0,2607.334228515625,0.003964288128259108,0.01257714286256073,0.19336145793550183,0.1473,0.16552510342493545
2025-07-17,2384.8035375717927,2421.558945882228,2372.0190159188846,2391.495361328125,41187.0,0,1,0.002805954368460206,0.026098050138575468,-0.012781400282008804,-0.038933930641424364,-0.018527764343221564,0.00280202502715337,0.5444444444444444,0.5,2439.7219482421874,-0.01976724722618884,2486.256474609375,-0.03811397345727904,2622.7786669921875,-0.08818254798804623,2661.0327075195314,-0.10129050478400708,2406.9870125716943,2434.522825833826,0,0,0,44.062202438597474,0,0,-27.535813262131796,-25.005126125411195,-2.5306871367206014,0,2539.7924692582633,2339.6514272261115,2439.7219482421874,0.08203436550478746,0.25903699498918853,61.17460057983191,0.025580062403239782,26.51282746068412,15.410010374968948,22.51986368257501,1,33.08091709078568,36.12343172274648,90203.14285714286,82947.03333333334,1.0874788311554182,0,11513445.0,2437.269077141262,494787.54014375154,0.29765965709670456,0.21613152050355,0.32644341044999037,0.6620795935369642,0.23777315722613884,0.7813090218777545,1.1443864031924975,0.7686676653159767,1.1443864031924975,0.020715043300703295,-7.269600700216981e-08,1.0,1.0,0.0,0.0,1.0,2615.4306640625,0.00310525419346952,0.00976348781875691,0.19297169763006292,0.1466,0.16519181842281785
2025-07-18,2389.098501000736,2397.0887969907053,2367.1251870283213,2374.51611328125,22724.0,0,1,-0.007099845695475504,-0.018252436043695863,-0.020638549331339795,-0.0564749986709574,-0.017197198319962026,-0.007125169534679974,0.4777777777777778,0.5222222222222223,2435.9165649414062,-0.02520630326336041,2480.789111328125,-0.04283838459367475,2622.48751953125,-0.09455580032438943,2659.4501293945314,-0.10714019900728554,2401.9914896039336,2430.077884163265,0,0,0,42.1800922322736,0,0,-28.08639455933144,-25.621379812195244,-2.4650147471361947,0,2539.951327086544,2331.8818027962684,2435.9165649414062,0.08541734445460393,0.2049041570619583,58.945244107157066,0.02482410785821241,26.050622383899107,14.850484390441366,22.295207823029237,1,26.675933257215856,29.951594684162316,84948.71428571429,81571.26666666666,1.041404869104819,0,11490721.0,2436.893799095028,494626.20325016754,0.2984718825497868,0.21573889263461726,0.317898759540741,0.6786402468077853,0.23700161662632277,0.7757618483819396,1.1362614363138306,0.7632102435011319,1.1362614363138306,0.012618827808659706,-0.0010022433520664317,0.0,0.0,0.0,0.0,0.0,2594.93994140625,-0.00783455013271972,0.005071657948188424,0.19224938427859592,0.1775,0.20038044036317937
2025-07-21,2372.2191184648227,2394.092456385874,2347.1494670449742,2371.91943359375,29505.0,0,1,-0.0010935616199764242,-0.005402657369517838,-0.010500000203697568,-0.044576733157184356,-0.020700952982289356,-0.0010941599947643463,0.6,0.4777777777777778,2432.835314941406,-0.025039048460673632,2472.103662109375,-0.040525901098395115,2622.6118676757815,-0.09558884300489376,2657.3771484375,-0.10742085104916148,2397.365019448521,2425.7698507877453,0,0,0,41.88542867730653,0,0,-28.40483133922453,-26.178070117601102,-2.226761221623427,0,2540.7441210028956,2324.9265088799166,2432.835314941406,0.08871032527254187,0.21774369687241057,58.08794019528154,0.024489845385376838,25.995956177238654,13.993254414029652,23.464578032537826,1,31.527381159563483,30.42807716918837,80268.71428571429,80841.93333333333,0.9929093847217197,0,11461216.0,2436.0517916080316,494593.93771457014,0.29261738729422876,0.21554758398802232,0.3179063422360525,0.6780222831414086,0.23786907420648404,0.7749135049983071,1.1350188644168184,0.7623756260708662,1.1350188644168184,0.019791139899627726,-0.0009673528023581866,1.0,0.0,0.0,0.0,0.0,2618.329345703125,0.009013466525240599,0.014916744510838464,0.1862424615723669,0.1706,0.19859400369884658
2025-07-22,2377.6124120814334,2407.8757064231363,2353.7415007350637,2395.390869140625,142924.0,0,1,0.009895545023345553,0.0016289004258560613,0.01722018469896347,-0.01998197685638181,-0.004524298777824454,0.009846904735906804,0.7111111111111111,0.6,2427.8214111328125,-0.01335787790793703,2464.135341796875,-0.027898010101231135,2620.984345703125,-0.08607204271644774,2655.5174072265627,-0.09795700731542759,2397.0613040165367,2423.5195558509217,0,0,0,45.585734551252116,0,0,-26.45825183438501,-26.234106460957882,-0.22414537342712748,0,2532.714049286364,2322.928772979261,2427.8214111328125,0.08640885830610506,0.3454107811421777,57.80553058762376,0.024131982522068385,25.529390553463863,14.760372424959396,21.89498490008072,1,45.20227288799455,34.46852910159133,90935.28571428571,83294.66666666667,1.091729991287386,0,11604140.0,2423.7111464673008,496008.2485914868,0.27447421937076727,0.21691659886449252,0.31883105772554476,0.6803496510406399,0.23906718642069952,0.7825816964762163,1.1462504946920016,0.7699197484033516,1.1462504946920016,0.022599320380432896,0.0024001567705264817,0.0,0.0,0.0,1.0,1.0,2586.6435546875,-0.012101529957498913,0.011373027098486865,0.1864768592875084,0.1581,0.18504614679486697
2025-07-23,2395.390783748343,2406.5771487858,2352.7426298805267,2358.7353515625,51897.0,0,1,-0.01530252037375246,-0.0066458852944750735,0.012041998562393408,-0.04322812689736366,-0.011303707654588657,-0.015420812266288613,0.6777777777777778,0.5666666666666667,2420.75,-0.02561794833729216,2454.2473486328126,-0.03891702159666975,2618.4843823242186,-0.09919823563398923,2653.2768786621095,-0.1110104751857369,2391.165003638993,2418.7207259036313,0,0,0,41.1762872326301,0,0,-27.55572226463846,-26.498429621693997,-1.0572926429444642,0,2524.1664898468653,2317.3335101531347,2420.75,0.08544169356345369,0.20017040546759685,57.521886896027304,0.02438674896610296,25.116935993599252,13.773645469808457,20.555347128771697,1,23.988382173375232,33.57267874031112,86843.57142857143,80625.36666666667,1.0771246695548435,0,11552243.0,2418.577291044152,495214.09369165014,0.28590621077670403,0.2201066940109575,0.31840512783432723,0.6912787350757855,0.23931524420178385,0.7706062241217633,1.0496000297066093,0.758138035767255,1.1287099731435535,0.022823467189573315,-3.5648579577168666e-08,0.0,0.0,0.0,1.0,1.0,2613.33154296875,0.010317613431076067,0.012861695564462705,0.18534041507786733,0.1023,0.12219294956702885
2025-07-24,2359.1347530639364,2407.076526199867,2349.44656851161,2392.694091796875,163468.0,0,1,0.014397011607037546,0.00875858509732308,-0.010736721146859862,-0.025346815514851517,0.01020494621847079,0.014294358725504707,0.6,0.6444444444444445,2416.025744628906,-0.009657038168529425,2445.665771484375,-0.021659410825931997,2615.145439453125,-0.08506270599724994,2651.3072705078125,-0.09754176046950779,2391.4002479709748,2416.792827080909,0,0,0,46.35347258851957,0,0,-25.392579109934104,-26.277259519342017,0.8846804094079133,1,2515.210880366076,2316.8406088917363,2416.025744628906,0.08210602553194586,0.3823833195436788,57.52960623832943,0.024043861869164233,24.80660438257848,12.788097508952909,19.493784837740343,0,49.314170609198094,39.50160855685599,78164.14285714286,83802.6,0.932717396084881,0,11715711.0,2412.3627156305147,497567.54438502935,0.18111472240517626,0.22310586178374556,0.32022947305726723,0.6967062077507373,0.23968307142357806,0.7817006508748997,1.0647111335170423,0.7690529578679327,1.14496002372788,0.02408580264641263,0.00016932866214592948,0.0,0.0,0.0,0.0,0.0,2607.234130859375,-0.0023331950076446173,0.00392574513246613,0.18003661327233894,0.0707,0.08807547906832963
2025-07-25,2402.082797783545,2402.082797783545,2351.544076724815,2366.12646484375,26453.0,0,1,-0.011103645486570834,-0.012216964117999662,-0.007831775004412345,-0.034479921058045315,0.014691460279200985,-0.011165751118660543,0.6333333333333333,0.6888888888888889,2409.91318359375,-0.01816941749109142,2436.0933984375,-0.02872095693811519,2611.7415747070313,-0.09404265423574032,2648.5336401367185,-0.10662774714781065,2387.5119736437096,2413.0397632114896,0,0,0,43.15352108655776,0,0,-25.52778956778002,-26.12736552902962,0.5995759612496023,0,2505.3202336350437,2314.5061335524565,2409.91318359375,0.07917882742897744,0.2705268178240049,57.03025729692947,0.02410279338162744,24.518439315202052,11.978634848867722,18.259864708586,0,33.10768068974874,35.47007782410739,68308.28571428571,81168.7,0.841559439960055,0,11689258.0,2409.1566275536493,497273.8196509731,0.1732614526619625,0.22071229225597172,0.3203622077316487,0.6889460957918335,0.23966835172198317,0.7730209239709631,1.0528889585448642,0.7605136664633686,1.13224679352811,0.021359264523533168,0.003923905700631963,0.0,0.0,1.0,0.0,1.0,2548.96044921875,-0.02235076664227975,-0.02238829938197362,0.18779698040436615,0.0766,0.09055740796822367
2025-07-28,2366.1262588879263,2370.1214066445964,2296.7105666157813,2313.29052734375,47107.0,0,1,-0.02233014096458663,-0.019266605805795867,-0.032701227545322786,-0.04506466034836176,-0.023895871105983235,-0.022583233384488817,0.37777777777777777,0.4666666666666667,2399.7455322265623,-0.03602673855281503,2426.4770751953124,-0.0466464525911302,2607.242038574219,-0.11274423581756049,2645.923310546875,-0.12571520190219523,2376.093289597562,2405.6509309249905,0,0,0,37.59507482423283,0,0,-29.557641327428428,-26.813420688709385,-2.7442206387190424,0,2490.4896404465185,2309.001424006606,2399.7455322265623,0.0756281088984971,0.023632957672289935,58.20029892063559,0.02515909620200816,25.36299929991046,10.899404203073086,23.344373453958315,1,11.331114919105158,31.2509887393507,69154.0,79702.0,0.8676570224084715,0,11642151.0,2396.207379159729,496221.9137005543,0.21177411922761266,0.2253017532041478,0.32256801848098127,0.6984627746579647,0.23589683998802527,0.7557592577701165,1.0293777996805005,0.743531289085747,1.1069635630219261,0.03173437973357783,-8.704345553407251e-08,1.0,1.0,1.0,1.0,1.0,2521.1728515625,-0.010901541318448782,-0.03603911730299558,0.1859808638709146,0.0789,0.09603501994388403
2025-07-29,2303.702147207637,2385.602678779728,2282.328203579053,2367.4248046875,77199.0,0,1,0.02340141746307589,-0.010561018726133131,-0.002986422603783012,-0.023563336504890398,-0.01720708439962504,0.023131802440734647,0.6666666666666666,0.5444444444444444,2393.9875244140626,-0.011095596554148258,2422.91140625,-0.022900796710672057,2603.5844799804686,-0.0907055934266209,2644.0473388671876,-0.1046208704788937,2374.7596765344756,2402.8193660185098,0,0,0,45.36059800743294,0,0,-28.059689484034152,-27.06267444777434,-0.9970150362598105,0,2476.873632689709,2311.101416138416,2393.9875244140626,0.06924522991900996,0.33976374160175654,61.419882940638416,0.025943752392484472,25.598129765006945,11.390749239208688,20.540630475627385,1,53.958155693750605,32.79898376753487,76936.14285714286,78625.63333333333,0.9785122179044602,0,11719350.0,2390.410957185576,498028.47972728626,0.2678959527917184,0.23061486650419014,0.32144471886978515,0.7174324322858466,0.2404403654473848,0.7734450956627794,1.0534666992980464,0.7609309751785014,1.1328680794766162,0.0436231279642723,-0.0041449096093964305,0.0,1.0,0.0,1.0,1.0,2546.76123046875,0.010149394909750642,-0.018566406940189517,0.176561786088044,0.2113,0.2773782440716279
2025-07-30,2362.231185954582,2365.02759442539,2322.279706720439,2332.46728515625,20861.0,0,1,-0.014766052743062419,-0.014225435617078341,-0.016633005269375944,-0.02695835891435694,-0.04157437324742819,-0.014876156105540135,0.5333333333333333,0.35555555555555557,2388.39931640625,-0.023418207694917235,2418.5566943359377,-0.03559536536038292,2598.882189941406,-0.10251134345999832,2642.2040783691405,-0.11722667289351499,2368.2531547839794,2397.608100769454,0,0,0,41.74784045502356,0,0,-29.354945985474387,-27.521128755314354,-1.833817230160033,0,2472.088886737337,2304.709746075163,2388.39931640625,0.07008004880608665,0.16583631013562738,60.25739829966859,0.025834187979031822,25.816465196882255,10.781177984613612,19.44140709477172,1,33.48900438274703,32.926091665200964,75701.28571428571,76032.56666666667,0.9956429071527557,0,11698489.0,2386.4330661539398,497720.44510101323,0.2817414678578739,0.23186582231396016,0.322271792566852,0.7194729034991852,0.23858544648417723,0.7620243645863598,1.0379111544531514,0.7496950282651857,1.1161400896641325,0.01832732573656957,-0.0021937840317608186,1.0,1.0,0.0,1.0,1.0,2531.767822265625,-0.005887245346657521,-0.033059830146865976,0.17368070802002894,0.2646,0.3550413649010316
2025-07-31,2327.17373107014,2366.0264481841177,2297.2101207988503,2339.758544921875,31556.0,0,1,0.003125985865708003,0.011441717875582569,-0.02322473753050114,-0.006404487101397849,-0.025054092444799503,0.0031211101302359595,0.4666666666666667,0.4666666666666667,2382.1219482421875,-0.017783893621220043,2414.3118505859375,-0.030879733140509114,2594.216357421875,-0.09808658085591569,2640.959091796875,-0.11404968286353381,2363.869368651348,2393.3229484844483,0,0,0,42.7716470867654,0,0,-29.45357983310032,-27.90761897087155,-1.545960862228771,0,2460.166373691853,2304.077522792522,2382.1219482421875,0.06552513023714511,0.22859430333282044,60.86875037721136,0.026014970864971787,26.50716701395576,9.910544661520621,20.813296082435375,1,38.35899845854225,41.93538617834667,59791.57142857143,75229.06666666667,0.7947934764830007,0,11730045.0,2383.825966781073,497819.0887109915,0.272194519293424,0.22909953472439515,0.32245721189587634,0.7104804180914799,0.2376299659050265,0.7644064419793819,1.0411556500518329,0.7520385643271343,1.1196291278085728,0.02941172179267122,-0.0022695083955937656,1.0,0.0,1.0,1.0,1.0,2429.613525390625,-0.04034899882074661,-0.060708027981785984,0.20604256127133172,0.1562,0.17460640169233885
2025-08-01,2331.3685360351,2347.0494429604128,2303.3027680101136,2314.788818359375,17299.0,0,1,-0.010671924509771946,-0.022233435344559127,-0.01863139634296551,-0.006813757028549583,-0.05542872883428618,-0.010729277908538495,0.5222222222222223,0.3333333333333333,2375.1154663085936,-0.02539945901787179,2409.745400390625,-0.03940523426908808,2589.3008276367186,-0.10601781235589128,2639.871912841797,-0.12314351044876004,2356.3185147602753,2387.505605512221,0,0,0,40.16800057380929,0,0,-31.18709075194556,-28.563513327086355,-2.6235774248592065,0,2450.7663702780414,2299.4645623391457,2375.1154663085936,0.06370292732506566,0.10128270262585438,59.64574498957478,0.025767251213805836,27.14853298695258,9.391344200815093,19.722914747819303,1,21.681164402087127,31.176389081125503,54849.0,69483.1,0.7893861960678208,0,11712746.0,2381.494356285992,497634.4750888969,0.2648169214304128,0.22119664311705484,0.32155565072823095,0.6878953693275429,0.23006246327736027,0.7562487541357946,1.0300445155515572,0.7440128655401979,1.107680530277658,0.018898775820640507,-0.003585843891876914,1.0,0.0,1.0,1.0,1.0,2349.849365234375,-0.03282997864585302,-0.10082233096037208,0.22421955044142589,0.1547,0.15342302706781058
2025-08-04,2297.309925823957,2376.8132195118774,2294.7129822561965,2362.530517578125,40062.0,0,1,0.02062464568693878,0.0128890264027266,-0.012606531826263478,-0.02320790015627583,-0.02918126952412159,0.02041483758950227,0.6,0.4777777777777778,2370.710803222656,-0.0034505624361314303,2407.182509765625,-0.018549483475537407,2584.6025317382814,-0.08592114703640767,2638.745529785156,-0.10467663861074177,2357.274207501483,2385.655598998584,0,0,0,46.832138928866286,0,0,-28.38139149710105,-28.527088961089298,0.1456974639882489,1,2437.601737240298,2303.819869205014,2370.710803222656,0.056431120933614416,0.43885355493486167,61.24963729429665,0.02592543750803474,26.616784984675665,11.963191579989152,17.83455839911239,1,55.455639371398476,38.498600744009316,37219.57142857143,67230.83333333333,0.5536086581589017,0,11752808.0,2378.5437358835993,498460.73964440706,0.28320821876063634,0.2298092755733055,0.29992464205678765,0.7662233886397153,0.23561761905353745,0.7718461167410343,1.0512888187265825,0.7593578672784885,1.1305260487489552,0.03475097428152734,-0.007550966376192409,0.0,1.0,1.0,1.0,1.0,2362.543701171875,0.005402191359714648,-0.09385057781782224,0.22276205914343689,0.1853,0.19212597393860245
2025-08-05,2362.1311252527958,2428.5504571045126,2345.151747185439,2423.05712890625,61649.0,0,1,0.02561939872428476,0.0356013590227775,0.024060702125767275,0.016040489115857648,-0.029095131604948365,0.025296721518149552,0.8,0.4888888888888889,2370.740771484375,0.022067514951927332,2407.841708984375,0.006319111370611111,2580.509501953125,-0.06101600204444243,2637.9290209960936,-0.08145476636392099,2367.39465694837,2388.4260826954483,0,0,1,53.85014866332662,0,0,-21.031425747078174,-27.027956318287075,5.9965305712089005,0,2437.7297854151448,2303.751757553605,2370.740771484375,0.05651314959148958,0.8904846059977963,62.831713910352136,0.025930760426896706,24.83883739058554,16.71057693125119,16.143670754396933,0,96.24316541031416,57.79332306126662,42247.57142857143,63057.0,0.6699901902813554,0,11814457.0,2377.8955476262904,500040.1499563605,0.3153115544767124,0.22989728325977504,0.30540100168013473,0.7527718704097789,0.23817838489222895,0.7916203501596139,1.0782222061479214,0.7788121592547187,1.159489446360045,0.03441879637262994,-0.0001690527687822927,0.0,0.0,0.0,1.0,1.0,2327.159423828125,-0.014977194845622765,-0.08701626792938533,0.22144170397094148,0.058,0.06049574246008718
2025-08-06,2432.0464288681324,2433.045215902576,2357.137401284925,2395.09130859375,40164.0,0,1,-0.011541543935913556,0.03469106537817557,0.03536122258881513,0.0015036396573346877,-0.04202615649171393,-0.011608664503915317,0.8555555555555555,0.36666666666666664,2369.2675659179686,0.010899462368563708,2408.22923828125,-0.005455431517340409,2575.144020996094,-0.06991947282727023,2637.0373547363283,-0.09174919183758395,2371.6556802784285,2388.9198031323594,0,0,0,50.53127357247613,0,0,-17.264122853930985,-25.07518962541586,7.8110667714848745,0,2432.46197526176,2306.073156574177,2369.2675659179686,0.053345101459072126,0.7043198357571048,63.76572110373061,0.026623503193775905,23.3035216417055,15.79317012007125,14.770977596579778,0,74.81776826403939,75.50552434858405,41255.71428571428,62528.5,0.6597905640742107,0,11774293.0,2376.3312283717223,499576.5953857185,0.28250211109700285,0.23176331650390372,0.30203042312440154,0.7673508983180946,0.24392358385321228,0.7824838291076833,1.0657778571829875,0.7698234645008567,1.1461071479716525,0.03169307756463745,0.003709900131797576,1.0,0.0,0.0,1.0,1.0,2299.27197265625,-0.011983472591663213,-0.08801494065300863,0.22062203744710854,0.0686,0.07238805053116135
2025-08-07,2377.113137868895,2377.113137868895,2296.011679581089,2332.567138671875,102164.0,0,1,-0.026105129978775343,-0.012682747877037381,-0.01472387462807978,-0.01766632551985814,-0.0621636191696362,-0.02645191748832405,0.5444444444444444,0.3333333333333333,2366.0414794921876,-0.0141478250108688,2407.8257275390624,-0.03125582886104721,2569.6062451171874,-0.09224724873538055,2634.79158203125,-0.11470525616541556,2365.6420584928046,2384.7455316908417,0,0,0,44.00178258123449,0,0,-19.103473198037136,-23.880846339940117,4.777373141902981,0,2429.840551258508,2302.242407725867,2366.0414794921876,0.05392895460143285,0.23765808895370458,66.28814309722564,0.02841853595475456,22.83485372458416,14.107045009608523,19.78056687145777,0,33.333287542206044,68.13140707218656,44822.142857142855,64442.066666666666,0.6955416729415287,0,11672129.0,2371.796470259211,496909.5908865669,0.30437969350853045,0.24269254598983864,0.3054318173184621,0.7945882918176543,0.24919001241811706,0.7620569870425374,1.037955587692725,0.7497271228993507,1.1161878719042488,0.03476918496501836,-0.007506256926551388,1.0,1.0,1.0,1.0,1.0,2248.794677734375,-0.02195359901837135,-0.11699822864019804,0.2124638390184822,0.1586,0.18184332737612086
2025-08-08,2362.1313353223586,2362.1313353223586,2272.639919541483,2284.925048828125,64613.0,0,1,-0.020424745360545837,-0.05700735588536321,-0.020382809495628207,-0.03667678738725866,-0.08176115623462399,-0.020636214901565576,0.4777777777777778,0.2777777777777778,2362.5457275390627,-0.03285467781899442,2404.6276123046873,-0.04978008356222558,2562.7685498046876,-0.10841537016588465,2631.9957275390625,-0.1318659734434491,2353.2240570059307,2377.351421849159,0,0,0,39.78337745961765,0,0,-24.127364843228406,-23.930150040597773,-0.19721480263063285,0,2435.8784601130824,2289.212994965043,2362.5457275390627,0.06207941858582054,-0.029236235896363646,67.94551971748636,0.029736432603044788,22.840349972014035,12.779868854734062,20.37661696743705,0,7.658805267244247,38.60328702449659,51072.42857142857,65121.333333333336,0.784265707675343,0,11607516.0,2369.0791295759454,495589.88681458595,0.3162497071168151,0.24836229759160036,0.3065757777521562,0.810117157371718,0.256746256194087,0.7464921671319689,1.0167556091185452,0.7344141373242368,1.093390018846075,0.039166018083076036,0.012674531918218213,1.0,1.0,1.0,1.0,1.0,2177.126708984375,-0.03186950300958746,-0.14007647548181934,0.2098563504489759,0.2226,0.2642773231661179
2025-08-11,2342.155519297711,2565.883807708239,2318.6840247546425,2500.16357421875,3424927.0,1,0,0.09419938106985826,0.04386983713230208,0.06855623185777526,0.043739293836297044,-0.006548396747745433,0.09002293700116482,0.9111111111111111,0.7222222222222222,2371.0204345703123,0.054467324602304246,2405.8800927734374,0.03918876993434243,2559.012111816406,-0.022996584238862774,2630.6049169921876,-0.04958606362014374,2375.8301365771335,2386.4486183209806,0,0,1,58.93674896655299,0,0,-10.618481743847042,-21.267816381247627,10.649334637400585,1,2465.0866893182297,2276.954179822395,2371.0204345703123,0.07934664195752872,1.1864477595845653,83.16075108624548,0.03326212410411247,23.174336396307194,27.196552315269873,15.459299827726314,0,77.58854109446378,39.52687796797139,535839.7142857143,174354.93333333332,3.0732695888867747,1,15032443.0,2436.729143533446,818215.8904240323,0.6450905804470796,0.3648180876286795,0.3602277935103701,1.0127427538935228,0.3040770061825067,0.8168112672492975,1.112533358196819,0.8035954945091338,1.196386681889336,0.09887344392290075,0.02504697933043279,0.0,0.0,0.0,0.0,0.0,2282.37939453125,0.04834476795150566,-0.060599815287784575,0.26258529013774395,0.578,0.8236251586763925
2025-08-12,2546.906745664881,2605.7352000171554,2394.2920495479107,2418.66259765625,1135861.0,1,0,-0.03259825773118363,0.03691017401256724,0.044873976612042066,0.025406515425332676,-0.02574830843135012,-0.033141417614085865,0.8555555555555555,0.5333333333333333,2371.0204345703123,0.020093526985806694,2405.017138671875,0.005673747086854703,2554.393720703125,-0.053136336010688845,2628.800108642578,-0.07993666399186042,2382.4197459739207,2388.834839012482,0,0,1,52.17004001151679,0,0,-6.415093038561281,-18.29727171271036,11.882178674149078,0,2465.0866893182297,2276.954179822395,2371.0204345703123,0.07934664195752872,0.7532372699094437,92.32377961360258,0.0381714174201341,23.89629800689669,25.830718259809814,12.930340585973559,0,43.838110797079224,43.02848571959578,695634.2857142857,210864.7,3.298960355689149,1,13896582.0,2445.635985472994,781188.8007992323,0.6872098040362438,0.37528472438199867,0.3132483546236743,1.198042124859212,0.33572026379868436,0.7901846430417702,1.07626670905178,0.7773996814675072,1.1573865604869518,0.08742151578898973,0.01869604530205075,0.0,1.0,1.0,1.0,1.0,2287.17724609375,0.0021021270933290204,-0.026670696457333998,0.26281760286052747,0.5505,0.80456483975154
2025-08-13,2401.083949839416,2432.346031732261,2331.468544654981,2373.9169921875,235546.0,0,1,-0.018500143638103816,0.038947423419869454,0.0048196095350536705,-0.007847680852203553,-0.028767510237153515,-0.01867341161112749,0.6666666666666666,0.5333333333333333,2370.4760986328124,0.0014515622227417307,2403.8385693359373,-0.012447415367290325,2550.167854003906,-0.06911343562725974,2626.5366076660157,-0.09617974283746904,2381.1116300067793,2387.7298133217428,0,0,0,48.85368575750993,0,0,-6.618183314963517,-15.96145403316099,9.343270718197473,0,2464.332283856224,2276.619913409401,2370.4760986328124,0.07918762418869671,0.5183306701976914,92.93475871815097,0.03914827646627784,23.434028771294564,23.827978470404428,16.75635043001263,0,30.40483566785746,50.61049585313352,723560.5714285715,216439.26666666666,3.343018956642979,0,13661036.0,2443.765747383612,776831.1659658515,0.6934125775113866,0.376447206412893,0.3153123729519843,1.1938865667990082,0.34048538642307197,0.7755661136448736,1.0563556203414126,0.7630176756961421,1.1359747428731324,0.04249410885438084,-0.007267920640881463,1.0,1.0,1.0,1.0,1.0,2279.0810546875,-0.003539818096772951,-0.035327450850105135,0.261848549558436,0.5592,0.8228090995447224
2025-08-14,2382.1068435056386,2412.5698450682894,2363.629285180752,2393.892578125,64901.0,0,1,0.008414610116208365,-0.04250561730824254,-0.012036262138984122,0.011734839068749281,-0.02896733011530228,0.008379404640206332,0.5555555555555556,0.5333333333333333,2370.5959594726564,0.009827325723412583,2402.983603515625,-0.0037832240625048654,2546.017893066406,-0.059750292940081176,2624.404697265625,-0.08783405980822866,2383.077929717275,2388.1863144182803,0,0,0,50.370435845444,0,0,-5.108384701005434,-13.790840166729879,8.682455465724445,0,2464.5712153675418,2276.620703577771,2370.5959594726564,0.07928407666381942,0.6239508125330442,89.79231594453572,0.037508916133097724,23.004778766806872,22.90031827153101,16.103999690666242,0,36.401794228475346,36.88158023113737,724025.1428571428,217785.03333333333,3.324494487869504,0,13725937.0,2443.510620816901,777377.2825770036,0.6753903240263441,0.3764022785539088,0.3159014823059812,1.1915179245323284,0.34084346614490413,0.7820922001105383,1.0652444410306512,0.7694381719489006,1.14553352743627,0.02044392481715688,0.003449931629914272,1.0,1.0,1.0,1.0,1.0,2280.580322265625,0.0006578386385343027,-0.020015432155429447,0.2621633340829188,0.5648,0.8299888649260844
2025-08-15,2382.1068435056386,2412.5698450682894,2363.629285180752,2393.892578125,64901.0,0,1,0.0,-0.01024120501770398,-0.0005004946844610059,0.03484302980041232,-0.024858617495608804,0.0,0.6333333333333333,0.5777777777777777,2371.5647827148437,0.009414794642293788,2402.5401416015625,-0.0035993419326587864,2541.219221191406,-0.057974786999027444,2622.5327209472657,-0.08718295142555182,2384.7417217800016,2388.609000618778,0,0,0,50.370435845444014,0,0,-3.867278838776201,-11.806127901139146,7.938849062362944,0,2466.108004674211,2277.0215607554765,2371.5647827148437,0.0797306678261085,0.6180824756519954,86.87433336903584,0.036289988181959096,22.606189476925447,21.978827625750704,15.45598751465006,0,36.401794228475346,34.402808041602746,727559.0,219080.5,3.3209664940512735,0,13725937.0,2443.1652409282315,777377.2825770036,0.6718410740970796,0.37628512034786293,0.31586808630626556,1.1912729923054557,0.3410232900919108,0.7820922001105383,1.0652444410306512,0.7694381719489006,1.14553352743627,0.02044392481715688,-0.00492325124655029,1.0,1.0,1.0,1.0,1.0,2280.580322265625,0.0,-0.008129377739089838,0.2624644610675465,0.5645,0.8282668332622313
2025-08-18,2407.9754707955417,2517.442623080248,2407.9754707955417,2486.280517578125,230337.0,0,1,0.038593185131760244,0.04733254185399516,0.06589880152121652,0.05020464120139767,0.014550066224967573,0.03786709081572061,0.9,0.8333333333333334,2377.2828369140625,0.04584968981038528,2403.8245849609375,0.03430197574858709,2537.3444287109373,-0.020124942658555287,2621.0475256347654,-0.05141723175126423,2400.363074979713,2395.8439278009514,0,0,1,57.18151738703827,0,0,4.519147178761614,-8.541072885158993,13.060220063920607,0,2484.85230045338,2269.713373374745,2377.2828369140625,0.09049782539039633,1.006638580679651,89.49402705376527,0.03599514472362958,23.408376065695297,28.181789604512257,13.931873068829047,0,64.13798410219302,45.64719085304794,745869.4285714285,225549.3,3.3069019880417656,0,13956274.0,2444.561544546048,786266.7210606978,0.6765886067686518,0.3926158382670784,0.32296007924198034,1.2156791613024964,0.3484678747556462,0.8122756291795099,1.1063556169539255,0.7991332417663678,1.189743314935256,0.04402848009738563,0.005882842362781385,1.0,1.0,0.0,0.0,1.0,2332.55712890625,0.022791044074689237,0.03724770962917101,0.27338817825642336,0.5998,0.880692932477972
2025-08-19,2501.961434233865,2506.8553929945733,2455.118421486002,2469.201171875,72675.0,0,1,-0.006869436325616984,0.03145863537827798,0.08064865109749886,0.05862199551047098,0.01929586096571323,-0.006893139517413447,0.9222222222222223,0.8666666666666667,2380.973352050781,0.037055357947717645,2405.083056640625,0.026659418292162503,2534.648203125,-0.025820952655011182,2620.012032470703,-0.05756113282177818,2410.953551425142,2401.277797732362,0,0,1,55.660741433118034,0,0,9.675753692779836,-4.897707569571228,14.573461262351064,0,2495.967019144632,2265.97968495693,2380.973352050781,0.09659382957377875,0.8836203421194168,86.79709451482286,0.03515189264587667,24.153263612410157,26.981913655751413,13.33870564933343,0,59.010518567786455,53.18343229948497,747021.1428571428,226673.83333333334,3.295577314204666,0,13883599.0,2446.3659402838175,785767.4847757336,0.655914615871638,0.39160375862610547,0.3117272406387268,1.2562384917779796,0.34841733136981906,0.8066957534660109,1.0987555774897717,0.7936436468463698,1.1815704489894798,0.02095291874063254,0.006306978052104407,1.0,0.0,0.0,1.0,1.0,2387.33251953125,0.023482979236047585,0.09655194145541279,0.2830238248903643,0.5735,0.811397229512551
2025-08-20,2468.002688148816,2487.3790584985527,2438.3387628837104,2483.48388671875,35766.0,0,1,0.005784346373407967,0.03742494939514862,-0.006671438489864401,0.061427424683974774,0.024304854536496334,0.005767681275507804,0.5777777777777777,0.9111111111111111,2387.2107788085937,0.04032870024079072,2407.038681640625,0.03175902641748178,2531.5679443359377,-0.018993785145988148,2619.4487170410157,-0.051905895098360404,2422.1120645472356,2407.3671376572797,0,0,1,56.697894357332785,0,0,14.744926889955877,-0.9691806776658067,15.714107567621685,0,2510.368873776466,2264.0526838407213,2387.2107788085937,0.10318158418280762,0.8908517257240405,84.1001803076814,0.03386379140909063,24.504908186810045,25.858083024667614,14.208273847914118,0,63.29839524480023,62.14896597159326,262855.28571428574,225882.53333333333,1.1636813251354499,0,13919365.0,2447.148078598484,785974.3677081249,0.35647381178349147,0.39188624483062756,0.31160187518334304,1.2576504701714202,0.34917922133997126,0.8113619611220156,1.1051111603296866,0.7982343565967839,1.1884050617310182,0.01974657289990947,-0.00048537305904233807,1.0,0.0,0.0,1.0,1.0,2386.033203125,-0.0005442544746574463,0.04541480213242033,0.28307628212766683,0.5738,0.8121045642151924
2025-08-21,2486.9795109112865,2519.739771711462,2480.387419489155,2500.463134765625,62568.0,0,1,0.006836866604078784,0.005704351173259958,0.03382056562525171,0.08021220550816732,0.04312492081255792,0.0068136012129847165,0.8222222222222222,0.9333333333333333,2392.599230957031,0.04508231149328287,2409.6774755859374,0.03767544001199255,2528.4702075195314,-0.011076686872012539,2618.530831298828,-0.0450892901935548,2434.1660753500646,2414.263137443083,0,0,1,57.95693882756526,0,0,19.902937906981606,3.2052430392636757,16.69769486771793,0,2525.789181398946,2259.4092805151163,2392.599230957031,0.11133494378717099,0.9049250842526375,80.90390687301178,0.03235556875370415,25.17993916635703,27.816751397041006,13.714629139779314,1,68.39581002132543,63.56824127797074,109527.71428571429,225892.63333333333,0.48486625114548204,0,13981933.0,2449.503276738037,786402.1367778089,0.2766289419807213,0.39051375723036125,0.3110737906706502,1.2553733838792551,0.3485452944753316,0.8169091346178305,1.1126666579155393,0.8036917784116288,1.1965300286096852,0.015738025358248427,0.001407548569664788,0.0,0.0,0.0,1.0,1.0,2376.137451171875,-0.004147365568997308,0.03889519504011307,0.2830693100193027,0.5769,0.8136117413246275
2025-08-22,2508.952805924824,2508.952805924824,2462.609189213045,2470.89892578125,33382.0,0,1,-0.011823493245440742,0.0006875721288277514,0.04085312751579573,0.04586963317376136,0.049285231081056535,-0.011893946629085616,0.8555555555555555,0.9666666666666667,2397.837854003906,0.03046956309216095,2412.458095703125,0.0242245990436954,2526.6109619140625,-0.022050104655054303,2617.465124511719,-0.05599547339061886,2439.8172831087086,2418.458381023688,0,0,1,54.96043582844885,0,0,21.358902085020418,6.835974848415024,14.522927236605394,0,2534.831203980235,2260.8445040275774,2397.837854003906,0.11426406480953454,0.7666591910847065,78.43531471863803,0.03174363544386515,25.432552109438877,26.642782330450764,14.754828875893358,1,59.52020873926698,63.73813800179759,80647.14285714286,224730.1,0.3588622212028689,0,13948551.0,2450.0255763441046,786007.4449262896,0.2546334831445633,0.38836644070240434,0.30220999103609403,1.2850880256173276,0.34581824142254486,0.8072504149825377,1.0995110512012478,0.7941893340981625,1.1823828638984515,0.018755771929087044,0.0033952394823029025,0.0,0.0,1.0,1.0,1.0,2323.86083984375,-0.022000668059982353,0.019648175769856557,0.28815584859859383,0.581,0.8006512750404389
2025-08-25,2479.4886881645416,2504.8577800242847,2466.504457370528,2490.075927734375,54786.0,0,1,0.0077611438303011315,0.0026543522391582197,0.04017864063253418,0.027658777842508808,0.0683951537026124,0.007731181083792666,0.8555555555555555,0.9777777777777777,2406.6771240234375,0.03465309196586908,2414.8611767578127,0.031146614844976498,2525.1802001953124,-0.013901690048980361,2616.381690673828,-0.04827497585297806,2447.549382281888,2423.763384483739,0,0,1,56.53041504682416,0,0,23.785997798148856,10.22597943836179,13.560018359787065,0,2543.514371272488,2269.839876774387,2406.6771240234375,0.11371466981020584,0.8047372166115984,75.57231528543221,0.03034940197755037,25.66712127087202,25.676972087020676,14.21996113229029,1,65.2774208876167,64.39781321606974,79202.14285714286,223871.66666666666,0.35378368346661193,0,14003337.0,2451.3613857953405,786432.6469521765,0.254378726394358,0.38707303296813594,0.30252885509208843,1.279458228373993,0.34588467919501475,0.8135156015602876,1.1080445146126263,0.8003531517485896,1.1915595073676508,0.01540247115623208,0.003476371410285706,0.0,0.0,1.0,1.0,1.0,2301.87060546875,-0.009462801729762216,0.009335467378747797,0.28648501178851404,0.5954,0.822464504163763
2025-08-26,2489.9759517571074,2489.9759517571074,2438.3387134398245,2458.314453125,40672.0,0,1,-0.012755223347054145,-0.016856349951576366,0.02691092975043108,0.02639696628867605,0.016394124383935837,-0.012837269634190155,0.7666666666666667,0.8555555555555555,2411.2216064453123,0.019530700352803,2415.8499755859375,0.01757744808998879,2523.4413134765623,-0.025808747761934904,2615.0525549316408,-0.05993688406416674,2449.205547026982,2426.3227229016106,0,0,1,53.22145806514337,0,0,22.88282412537137,12.757348375763705,10.125475749607666,0,2548.6059508293124,2273.8372620613122,2411.2216064453123,0.11395414176512443,0.671390877508064,73.8698080717978,0.030048966265440447,25.26856108178599,24.392419631077622,16.23206601076821,1,55.742168822796565,60.17993281656012,75740.85714285714,217753.26666666666,0.347828798631986,0,13962665.0,2452.8427091580184,785913.8665082051,0.27696475403610116,0.37485262516875334,0.3030520173843615,1.2369250282644613,0.34086536508278564,0.803139028366073,1.0939111593502642,0.7901444685415175,1.1763608997198707,0.02100513961980815,-4.0149770596982815e-05,0.0,1.0,1.0,1.0,1.0,2270.984619140625,-0.013417776939653625,-0.004207570779821146,0.28615963669765343,0.5958,0.7984877439735186
2025-08-27,2489.9759517571074,2489.9759517571074,2438.3387134398245,2458.314453125,40672.0,0,1,0.0,-0.005093074639737072,-0.011248153317939602,0.053909408380297785,0.030824651039561557,0.0,0.5444444444444444,0.9333333333333333,2417.51396484375,0.016877043472999016,2416.3433740234377,0.017369666725667598,2522.25875,-0.025351997242550935,2613.723419189453,-0.05945884133090383,2450.606917195908,2428.692480695936,0,0,1,53.22145806514337,0,0,21.914436499972,14.588766000605364,7.325670499366634,0,2551.188584322747,2283.8393453647527,2417.51396484375,0.11058849828620274,0.6526112003919365,72.28176737504675,0.029402978647895286,24.898469477634677,23.147729944189113,15.403780606283139,0,55.742168822796565,58.92058617773665,48645.857142857145,215927.53333333333,0.2252878842818122,0,13962665.0,2453.310136477167,785913.8665082051,0.14123844086218734,0.3722862254185897,0.3020507428754518,1.2325287528661995,0.3405891291211124,0.803139028366073,1.0939111593502642,0.7901444685415175,1.1763608997198707,0.02100513961980815,0.01287935259537665,0.0,1.0,1.0,1.0,1.0,2270.984619140625,0.0,-0.02639699967155651,0.2853937897002002,0.611,0.8156718480283491
2025-08-28,2458.1146302621487,2461.909825550377,2420.2604590112346,2441.3349609375,26463.0,0,1,-0.006906965122348674,-0.01957408858661691,-0.011285516650042626,0.06845297275269191,0.02084034968886428,-0.006930928613025355,0.5444444444444444,0.9111111111111111,2422.5927856445314,0.007736411750265412,2417.17236328125,0.009996224523868827,2520.9063916015625,-0.03156461141482918,2611.7443225097654,-0.06524733684823708,2449.180462386922,2429.6289607138297,0,0,1,51.35762386677,0,0,19.55150167309239,15.58131313510277,3.9701885379896193,0,2551.4606817766407,2293.724889512422,2422.5927856445314,0.1063884090596959,0.5727185585219572,70.09373874391072,0.02871123375753155,24.14709300811787,22.165282004502302,16.59225820703306,0,42.72789897853276,51.40407887470867,42044.142857142855,215436.73333333334,0.19515772545664384,0,13936202.0,2453.897063739578,785731.0874901724,0.14129791142946968,0.3729476873976563,0.30238536276023414,1.233352315711697,0.3399831277772438,0.7975917751087515,1.0863555531256839,0.7846869682556845,1.1682358160142108,0.017060078688730353,-8.128450068594441e-05,1.0,1.0,1.0,1.0,1.0,2274.18310546875,0.001408413910498174,-0.047395749497316286,0.2850462649488177,0.6059,0.8112544115584196
2025-08-29,2447.0280945956843,2461.909923020945,2409.2738980815984,2428.750244140625,32283.0,0,1,-0.005154850521635224,-0.012026211271220055,-0.022039056855102324,-0.02856346313278335,0.022840076997595604,-0.005168182599901588,0.37777777777777777,0.9222222222222223,2428.2908569335937,0.00018918129420931383,2416.734892578125,0.0049717292531339516,2519.2299267578123,-0.035915611217604296,2609.424639892578,-0.06923916981154542,2446.0373518874917,2429.563870597296,0,0,1,49.961076320143626,0,0,16.47348129019565,15.759746766121346,0.7137345240743045,0,2546.745643518899,2309.836070348288,2428.2908569335937,0.09756227203761607,0.5019390824983696,68.84675918644184,0.028346578390485013,23.20289730272084,20.954837709537486,16.826012934655243,0,35.46975090981497,44.64660623704813,41546.57142857143,215755.36666666667,0.19256332795076753,0,13903919.0,2454.1736605264596,785564.6734507824,0.132222406258035,0.37263444441924315,0.3020631808606933,1.233630803189801,0.3413564841370348,0.7934803087307802,1.0807555526359724,0.7806420242280514,1.162213735008637,0.021672061615364214,0.0023319756400809596,1.0,1.0,1.0,1.0,1.0,2243.69677734375,-0.01340539732780932,-0.059654000453485456,0.28606905329981946,0.6064,0.8084285794179287
2025-09-01,2430.048734271815,2447.0281130151857,2417.264212096146,2442.23388671875,47544.0,0,1,0.005551679350585426,-0.006541297589414796,-0.023287385139686534,0.009745587948208012,0.029644536879764427,0.005536325578712593,0.34444444444444444,0.9333333333333333,2432.276025390625,0.0040940506851091674,2416.908681640625,0.010478345859941115,2517.6882983398436,-0.02996971931388332,2606.3094226074218,-0.06295320673188766,2445.452203399993,2430.5023903099964,0,0,1,51.48334095905194,0,0,14.949813089996496,15.597760030896378,-0.6479469408998817,0,2546.710242488607,2317.841808292643,2432.276025390625,0.09409640674281936,0.5435091075932248,66.05512645305598,0.0270470108584907,22.32614414770931,20.28040350494445,16.284465497860193,0,58.832857147385404,45.67683567857775,39400.28571428572,216356.66666666666,0.182108027089308,0,13951463.0,2454.769536161202,785828.6224938267,0.1283311332761629,0.3728443284492946,0.30223157089163666,1.233637926538706,0.34027918561634934,0.7978854569758571,1.0867555609205723,0.7849758984341575,1.1686659730022513,0.012187162368395803,0.0005346330419617281,1.0,1.0,1.0,1.0,1.0,2283.17919921875,0.017597039971569695,-0.0391215802382473,0.29068379309344106,0.6066,0.7961232910578561
2025-09-02,2467.0038262873045,2494.6701767038985,2443.132915141586,2477.39111328125,32678.0,0,1,0.014395519918747546,0.014769031255712717,0.0026274597605999706,0.043587927225038126,0.034232510943002614,0.014292888207187214,0.6444444444444445,0.9444444444444444,2434.992724609375,0.017412121294398033,2416.543125,0.025179765116440805,2516.2060961914062,-0.015425995099887716,2603.860146484375,-0.04856982560061005,2450.365881843263,2433.975629048608,0,0,1,55.3016068663014,0,0,16.390252794655225,15.75625858364815,0.6339942110070762,1,2551.0733923080597,2318.91205691069,2434.992724609375,0.09534374910077545,0.6826246760654854,65.08235241963402,0.026270519850793313,22.350195157415385,24.342045751907133,15.347304541282286,0,72.87263695646669,55.7250816712224,39299.71428571428,212681.8,0.18478174571455708,0,13984141.0,2455.453675808868,786299.0392937314,0.14965719183477447,0.37398468316463834,0.30327953794093576,1.233135231291049,0.3399172014220821,0.809371432964632,1.102399972244614,0.7962760346158032,1.1854895272949677,0.0208030380370794,0.010142328997749682,1.0,1.0,1.0,1.0,1.0,2273.18359375,-0.004377932959519937,-0.021807349745244342,0.2897645441183423,0.6119,0.8079845422468466
2025-09-03,2477.9904299178515,2532.2246102242466,2459.612847523964,2500.263427734375,46142.0,0,1,0.009232419673464998,0.029444437017052794,0.004091240707374322,0.044434261830031296,0.06000167677909363,0.009190061400252374,0.6444444444444445,0.9666666666666667,2440.251330566406,0.024592588647022493,2416.5451220703126,0.034643799902374234,2512.463640136719,-0.004855876203517888,2601.6962744140624,-0.038987197574602145,2458.042427364973,2438.8858363586646,0,0,1,57.63741886705474,0,0,19.15659100630819,16.43632506818016,2.72026593812803,0,2558.234388821816,2322.268272310996,2440.251330566406,0.09669746454192077,0.7543250618154625,65.62016743968036,0.026245301479749423,22.92817665388748,26.505932447787035,14.13426845483726,0,81.04266385700423,70.91605265361882,38064.857142857145,212489.96666666667,0.17913719758151941,0,14030283.0,2456.19883662857,786725.0416023044,0.1528900992448262,0.37131751335541974,0.3031963605386326,1.2246766837694523,0.34140526367944785,0.8168438897054752,1.1125777914363923,0.8036275891432988,1.1964344641294524,0.029041644930222495,0.00024191442093604722,1.0,1.0,1.0,1.0,1.0,2287.677001953125,0.006375819464373267,-0.006166117018873263,0.288277397732489,0.6453,0.8505292576579201
2025-09-04,2721.694588705744,2766.640003932077,2571.876537951299,2688.934326171875,2672041.0,1,0,0.07546040802927112,0.10101425616715942,0.09381219426738174,0.1232476973874761,0.12381032551993654,0.07274885642998166,1.0,1.0,2458.069689941406,0.09392111101454254,2420.580224609375,0.11086354372154973,2510.4780517578124,0.0710845786080899,2600.2467846679688,0.034107355512115724,2493.5642579506502,2457.4079467151987,0,1,1,71.06819249212718,1,0,36.15631123545154,20.380322301634436,15.775988933817104,0,2610.2589614151866,2305.8804184676255,2458.069689941406,0.123828280456449,1.2584786824813823,79.95991092239619,0.02973665445977322,25.469131287397733,41.13914019924232,10.770941941207527,1,78.33471933211159,77.41667338186087,413974.71428571426,296109.06666666665,1.3980480873006509,1,16702324.0,2527.3717118867503,988358.3457332461,0.43656778320503253,0.42323431493784214,0.33663095229789475,1.2572650020706042,0.36183211028813944,0.8784832629188672,1.196533365542488,0.8642696549236315,1.2867178969729431,0.07243147000100032,0.0885631323944213,0.0,0.0,0.0,0.0,0.0,2277.78173828125,-0.004325463631197457,0.0029930273782290406,0.28821906737035147,0.563,0.8483871962412868
2025-09-05,2736.17686021159,2756.6519927665586,2618.519708273166,2643.189697265625,367040.0,0,1,-0.01701217782115738,0.06692467051146345,0.07520406671555468,0.06311000652506604,0.11709569904167028,-0.017158547336079362,0.9777777777777777,0.9888888888888889,2475.9829223632814,0.06753147341692797,2423.67646484375,0.09057035277025988,2508.0350170898437,0.053888673505286935,2598.501652832031,0.017197620168872958,2516.5835563068003,2471.1695578670824,0,1,1,65.63478176589621,0,0,45.41399843971794,25.387057529251138,20.026940910466806,0,2626.693625102102,2325.272219624461,2475.9829223632814,0.12173807935231631,1.0547276068114102,84.11508046318164,0.031823323369563124,27.828589161371543,36.31357147794518,9.507524177037634,1,65.45550777048135,74.94429698653242,460598.71428571426,307461.9666666667,1.498067287083576,0,16335284.0,2535.1275652572585,982114.1959857685,0.4686720364895019,0.4254375546194416,0.3369968605326318,1.2624377388769354,0.3708897917804537,0.8635383494371809,1.176177727158931,0.8495665458686403,1.264828023303974,0.05225969389797868,0.017569240564894024,0.0,0.0,0.0,0.0,0.0,2280.38037109375,0.0011408612022945075,0.004137303209336807,0.2834608348138527,0.5424,0.8351082117548211
2025-09-08,2646.7855082727224,2658.7709520837684,2564.784999327689,2601.041015625,94885.0,0,1,-0.015946143284467196,0.04030678798591447,0.06541751019129749,0.05339372314078683,0.12439012086028867,-0.016074650993164113,0.9333333333333333,1.0,2481.0267944335938,0.04837280333314776,2425.3644140625,0.0724330746109367,2505.0945874023437,0.03830052114804492,2596.884366455078,0.00160062928623808,2529.5770115865234,2480.7896658491504,0,1,1,61.006676765290514,0,0,48.787345737373016,30.067115170875518,18.7202305664975,0,2641.5759575725924,2320.477631294595,2481.0267944335938,0.12942154715878532,0.8737615906708325,84.8201427698172,0.03261007506620802,28.92294925490033,33.43945160341702,13.280126356295582,1,53.66124945929725,65.81715885396345,470373.28571428574,309054.56666666665,1.5219748757882317,0,16240399.0,2583.1393198282026,980601.1461802218,0.48573964018671595,0.42235167941943763,0.33771714316516627,1.2506077584959299,0.3721346163133279,0.8497682431854234,1.157422228593656,0.8360192359985292,1.2446588944141592,0.03613397566262352,0.0013604059560376018,0.0,1.0,1.0,1.0,0.0,2309.8671875,0.01293065699916851,0.0156909450014997,0.2864897784616895,0.5034,0.7615803767732301
2025-09-09,2600.641578382667,2611.827943751445,2566.882529805436,2587.757080078125,61232.0,0,1,-0.005107161120134429,-0.037627265608153326,0.06546858258526367,0.04198665991634187,0.09306833102127143,-0.005120247241790166,0.9333333333333333,0.9666666666666667,2489.4815185546877,0.03947631697241638,2427.4678564453125,0.06603145051219492,2501.0025537109377,0.034687899953745605,2595.334248046875,-0.0029195345356584548,2538.5277913544624,2488.7131780142595,0,0,1,59.580732841894225,0,0,49.81461334020287,34.01661480474099,15.797998535461879,0,2653.963847864306,2324.9991892450694,2489.4815185546877,0.13214183602785806,0.7987420044935202,81.9719478538309,0.03167683260723844,29.939140770319923,32.129813686515504,12.760017437533568,1,49.94407110091288,56.35360944356387,474508.85714285716,308522.3333333333,1.5380048893581681,0,16179167.0,2612.229549048086,980288.4244905137,0.48568078058061775,0.4191023057541379,0.33657215759476516,1.2452078887010598,0.3653262005340842,0.8454283398527018,1.151511086788203,0.831749551060753,1.238302220900778,0.017368482649326614,-0.0001535682213135338,1.0,1.0,1.0,1.0,0.0,2310.56689453125,0.0003029208930438454,0.029803544695850448,0.28404632802591645,0.4911,0.7440437911132415
2025-09-10,2596.8461825323448,2616.821922397978,2571.8765077003027,2582.1640625,129334.0,0,1,-0.002161337948288433,-0.023087875542476488,0.05729597666391095,0.03267431804869747,0.10705263860840097,-0.0021636770100948895,0.9111111111111111,0.9666666666666667,2499.8938720703127,0.0329094732175788,2430.2265087890623,0.06251991456822903,2497.6056811523435,0.03385577714919473,2593.981641845703,-0.004555768304240757,2545.2410638383913,2495.635465753944,0,0,1,58.95591051837731,0,0,49.60559808444714,37.134411460682216,12.471186623764922,0,2659.877506887867,2339.910237252758,2499.8938720703127,0.1279923412789219,0.7571206440068333,79.32719548553408,0.030721206540505818,30.92470229440087,31.279186708804414,12.243617092851471,1,48.37900449650885,50.66144168557303,486193.14285714284,312138.1,1.5576219079219835,0,16049833.0,2624.5899437938538,980008.8900083099,0.4902029012898453,0.4160074966139952,0.3361089971392158,1.237716039007684,0.36519115518022055,0.8436010834992197,1.1490222821784528,0.8299518591925735,1.2356258313192952,0.01740610341163226,0.003512347632701812,1.0,1.0,1.0,1.0,0.0,2339.154052734375,0.012372356875183455,0.02451618932704802,0.287390958530042,0.4787,0.7117839518034292
2025-09-11,2566.8826135818667,2597.545325994668,2562.188363407637,2592.6513671875,42920.0,0,1,0.004061440107467895,-0.0032254964020566046,0.04652485160229314,0.04927455353834609,0.10808500852128278,0.004053214723343109,0.8555555555555555,0.9666666666666667,2509.8318115234374,0.03299805002224118,2432.77341796875,0.06571838874836132,2494.249758300781,0.03945138555561306,2592.451750488281,7.699919552267573e-05,2552.534956661331,2502.821828823096,0,1,1,59.80705427587107,0,0,49.71312783823487,39.650154736192746,10.062973102042122,0,2666.7545561535517,2352.909066893323,2509.8318115234374,0.12504642256077236,0.7638863979191742,76.18646456421243,0.029385541584350874,31.622934283208643,30.242316145301412,12.74606603351504,1,51.31361539435596,49.87889699725927,487656.28571428574,312516.9,1.560415727003198,0,16092753.0,2627.8099755064222,980183.2070177224,0.4884933373148718,0.4160110321032236,0.3347101297562558,1.242899437809585,0.3623453130419062,0.8470273187744469,1.1536889673596669,0.8333226589607658,1.2406442516284388,0.013637376407220552,-0.005918078227507384,1.0,1.0,1.0,0.0,0.0,2397.72802734375,0.025040665680357677,0.05478855026764151,0.27471851382860873,0.4996,0.7771170642098685
2025-09-12,2592.651359478169,2630.7049981079235,2558.892309899513,2593.650146484375,76396.0,0,1,0.000385234709732174,0.0022772873279404138,0.03735075181042946,0.041594803434061633,0.12046944667835624,0.0003851605258928978,0.8,0.9777777777777777,2519.819689941406,0.02929989667025966,2435.5480517578126,0.06491438122621113,2492.0304541015626,0.04077786939383484,2590.870421142578,0.001072892460816783,2558.860370480261,2509.549852353561,0,1,1,59.89235834491667,0,0,49.31051812669966,41.58222741429413,7.728290712405531,0,2670.994740162519,2368.644639720293,2519.819689941406,0.11998878397892693,0.7441886291255811,75.87405196736945,0.0292537727458018,32.577343482367326,31.31946322712864,11.884366148532079,1,51.59309889335709,50.428572928074004,491978.28571428574,314486.8,1.5643845328779642,0,16169149.0,2630.8770006302875,980212.6374086072,0.4893101730285044,0.41396803021863104,0.3322014860843676,1.2461353954133052,0.3640638128274378,0.8473536230977301,1.1541334083941288,0.8336436837734038,1.2411221908565957,0.02768788547127334,-2.973531662472067e-09,1.0,1.0,1.0,0.0,0.0,2390.930908203125,-0.0028348165693149463,0.04513482723384721,0.25703718048427354,0.499,0.8256060831149851
2025-09-15,2597.39990234375,2655.89990234375,2581.0,2637.199951171875,75497.0,0,1,0.016790932557550375,0.021313862070634793,-0.019239731702057616,0.07276754111723838,0.11626069231703262,0.01665152322701765,0.32222222222222224,0.9555555555555556,2527.3656616210938,0.04345801290990546,2439.2795751953126,0.08113886492929574,2490.287600097656,0.058994130263692296,2589.3592700195313,0.018475876139035282,2570.912613663586,2519.0054152289918,0,1,1,63.52723716741935,0,0,51.90719843459419,43.647221618354145,8.259976816240048,0,2686.3561750529843,2368.375148189203,2527.3656616210938,0.12581520422328715,0.8454114562559508,75.80446985139663,0.028744301249403522,33.682943571280205,31.4831038661423,11.045612495607273,1,63.77942657652052,55.56204695474455,121043.42857142857,315667.9666666667,0.3834517320512468,0,16244646.0,2639.890443306436,981480.3024439046,0.18599183692427448,0.4127968892087962,0.33332032430657604,1.2384390002846646,0.3623229662768619,0.8615814806355601,1.1735123846168904,0.847641338644671,1.261961789858948,0.02840129824455185,0.0014457446639276682,0.0,0.0,0.0,0.0,0.0,2382.334716796875,-0.0035953324191665414,0.04590122782989625,0.25693077655597846,0.49,0.8087766364122505
2025-09-16,2640.0,2650.0,2591.10009765625,2598.800048828125,46259.0,0,1,-0.014560861161356575,0.0023715805828898873,-0.016793969983849855,0.0571471218926205,0.0725294165892012,-0.014667910928909738,0.35555555555555557,0.9111111111111111,2533.84560546875,0.025634728185168494,2442.8064208984374,0.06385836658817805,2488.359504394531,0.04438287322975318,2587.5602368164064,0.0043437875771145315,2575.202988304284,2524.9161288289274,0,1,1,58.49340954413337,0,0,50.28685947535678,44.975149189754674,5.3117102856021035,0,2693.4176590365028,2374.273551900997,2533.84560546875,0.12595246784046477,0.7035270020881069,74.5970007437076,0.028704401778561442,34.70957222527073,29.707513767051143,10.422659934481635,1,53.03417074081,56.135565403562566,75217.57142857143,315154.9666666667,0.23866852623054996,0,16198387.0,2642.529144449298,980806.7315674414,0.17834549589481027,0.41084526599344745,0.3311349565355513,1.240718498257789,0.35931743092718255,0.8490361123168297,1.1564250337133515,0.8352989507980395,1.2435865394458747,0.02266426859977538,0.0010617506749462668,1.0,1.0,0.0,0.0,0.0,2398.32763671875,0.006713128851758565,0.051722627996674264,0.25331271811933104,0.5189,0.8651339742100541
2025-09-17,2600.0,2631.89990234375,2585.0,2617.0,35587.0,0,1,0.007003213340742276,0.00900269974625334,0.006135614271028711,0.07195450107143131,0.09265145366693384,0.006978804735050263,0.6333333333333333,0.9111111111111111,2540.5214111328123,0.030103501010481964,2446.6553125,0.06962349237741267,2487.1028149414065,0.052228313312272054,2585.6859045410156,0.012110556585388111,2581.633297795933,2531.737156323081,0,1,1,60.106880513352074,0,0,49.89614147285192,45.95934764637413,3.936793826477796,0,2702.3773667933992,2378.6654554722254,2540.5214111328123,0.12741947771140077,0.7362550965611788,72.61863657228206,0.027748810306565556,35.49966145248461,28.337067162791477,10.541861952680472,1,58.12697357631165,58.31352363121409,66746.42857142857,315002.4,0.21189180962249354,0,16233974.0,2643.7905584104046,981055.9549205984,0.15651421193321421,0.4088911620643517,0.3313801195181997,1.2339037195678695,0.3564335038922,0.8549820933453789,1.164523724937021,0.8411487275537763,1.2522956412892898,0.017921246596771113,0.0004617327802560621,1.0,0.0,0.0,0.0,0.0,2400.926513671875,0.0010836204834301366,0.03942188826467974,0.2502485397262141,0.5117,0.8594563398489675
2025-09-18,2608.0,2657.0,2579.199951171875,2596.60009765625,32945.0,0,1,-0.00779514801060377,-0.015395060771779545,0.0034172518147870257,0.06910955703270183,0.11319415188825421,-0.007825688994716015,0.5888888888888889,0.9444444444444444,2545.328259277344,0.020143507302850947,2450.645537109375,0.05955759751327966,2485.642126464844,0.044639560140225805,2583.804207763672,0.004952345016750769,2583.9358823898274,2536.541818644056,0,1,1,57.412890051916335,0,0,47.39406374577129,46.24629086625356,1.1477728795177313,0,2707.883805808563,2382.772712746125,2545.328259277344,0.12772855205510583,0.6577055950196667,72.9887374476994,0.028109348649251263,36.48125557563195,28.635923991737954,9.739235798742698,1,51.33036969096052,54.16383800269409,62705.42857142857,312695.1,0.20053217518096247,0,16201029.0,2645.7715998965814,980799.1437693891,0.16162424328811278,0.40073353531811917,0.3316249325066475,1.2083938692097176,0.3550631309652598,0.8483173813813358,1.1554460901392776,0.8345918487235637,1.2425338114124058,0.029962276015605593,-0.003439052350019106,1.0,0.0,0.0,0.0,1.0,2400.926513671875,0.0,0.03910712100761593,0.24020943919600957,0.483,0.8293015053234047
2025-09-19,2588.0,2636.699951171875,2575.0,2622.300048828125,37002.0,0,1,0.00989753916865066,0.00904263489243684,0.015543546171603806,0.07373010549423742,0.14765254561545915,0.009848879339464678,0.6777777777777778,1.0,2552.8983154296875,0.027185467191926226,2455.994736328125,0.06771403457836299,2484.297607421875,0.05554988299065527,2582.0407727050783,0.015592037332884171,2589.8380618418732,2542.894280139172,0,1,1,59.85408317688582,0,0,46.94378170270102,46.385789033543055,0.5579926691579615,0,2714.9602060194666,2390.8364248399084,2552.8983154296875,0.12696305968026922,0.7141210778976761,72.18239557085481,0.027526367778970325,37.271179622996314,26.88754051117287,9.560209899327422,1,55.382753545339085,54.94669893753712,49515.142857142855,311774.73333333334,0.15881704821860546,0,16238031.0,2646.83164965164,981165.3725137075,0.169240132495506,0.39441954851478894,0.33215169402358696,1.1874681225825094,0.35106867686519955,0.8567136358910049,1.1668821630736952,0.8428522542361417,1.254831838479233,0.0235289440655153,-0.003312060899948607,0.0,0.0,0.0,0.0,0.0,2522.8720703125,0.0507910408528609,0.07854036691741872,0.25693761890568867,0.4066,0.6427874008369308
2025-09-22,2629.89990234375,2640.0,2600.0,2622.60009765625,34106.0,0,1,0.00011442200455258345,0.002139892111673758,0.01155139130844196,0.05861366967716042,0.048971405191261974,0.00011441545885433038,0.6555555555555556,0.8333333333333334,2559.524523925781,0.024643473090745795,2461.833349609375,0.06530366812700143,2482.8182568359375,0.05629966689484882,2580.6076892089845,0.016272294554054087,2594.878375044085,2548.7984147700668,0,1,1,59.8829964179138,0,0,46.07996027401805,46.324623281638054,-0.24466300762000515,0,2721.608206718557,2397.440841133005,2559.524523925781,0.1266514005063512,0.6945771858204599,69.88365303007947,0.026646705722512817,38.04049044021348,26.125563072028886,9.169347598312722,1,53.085613676347506,53.26624563754907,48256.0,198747.36666666667,0.2428007012587672,0,16272137.0,2648.811400978846,981169.2749905947,0.16908196829083671,0.2999607144097043,0.3314429553244492,0.9050146023350324,0.30473600242065463,0.8568116627825509,1.1670156800698708,0.8429486950806131,1.254975418853568,0.015252039392413265,0.002898163205626025,0.0,0.0,0.0,0.0,0.0,2628.324951171875,0.04179874282975948,0.09617309436199273,0.2478938786559103,0.0942,0.11606324728541415
2025-09-23,2624.0,2625.0,2600.0,2614.0,16440.0,0,1,-0.0032792257057931984,0.006701032769526494,0.007846028711007369,0.04548983559251907,0.08076256793032544,-0.003284614149581624,0.6444444444444445,0.8777777777777778,2567.308801269531,0.01818682610653619,2465.74009765625,0.06012795204355683,2482.1078662109376,0.0531371483022623,2578.4359497070313,0.013792877149812288,2597.820163498841,2553.628161824136,0,1,1,58.58071103464437,0,0,44.1920016747049,45.898098960251424,-1.7060972855465266,0,2723.783127845829,2410.8344746932335,2567.308801269531,0.12189755007182722,0.6491976343726329,66.67767781364523,0.025507910410728855,38.754850484772284,25.425886767607487,8.923780632967143,1,26.52625838140428,44.99820853436366,39690.857142857145,161433.33333333334,0.24586531370756023,0,16255697.0,2650.5848740630277,981115.3645199914,0.17164084387714737,0.28185230102745196,0.3302108261139881,0.8535525753179186,0.26728960081606074,0.854001983952931,1.1631887722527219,0.84018447605104,1.250860071199925,0.009563886763580718,0.0005337841423101664,0.0,0.0,0.0,0.0,0.0,2675.203857421875,0.017836038968126244,0.11889634629065537,0.25056851438714556,0.0777,0.08940120774190241
2025-09-24,2610.0,2638.60009765625,2596.10009765625,2613.0,33323.0,0,1,-0.00038255547054322214,-0.0035465235308526077,-0.009176380866047551,-0.028239561462246487,0.10071245481595015,-0.00038262866355476326,0.4888888888888889,0.9,2575.043078613281,0.01474030539604005,2470.3040234375,0.057764540400146606,2481.2895947265624,0.0530814321526029,2576.242481689453,0.01426787989554537,2600.155522960558,2558.026075763089,0,1,1,58.421615677194374,0,0,42.129447197468835,45.14436860769491,-3.014921410226073,0,2723.941883855052,2426.1442733715103,2575.043078613281,0.11564762273566015,0.6274587842564865,64.9507008269563,0.024856755004575695,39.5803010467987,25.73316331344942,8.506694319730078,1,27.360324064063086,35.65739870727166,33666.0,154692.56666666668,0.2176316595259802,0,16222374.0,2652.2360415136795,981102.6166240466,0.13295798254126634,0.2747582118369291,0.32844554685710475,0.8365411389074697,0.25847010744451143,0.8536752808221151,1.1627437880246223,0.8398630588834611,1.2503815478368032,0.016264829697665517,-0.001530221882172915,0.0,0.0,0.0,0.0,0.0,2618.629150390625,-0.021147811548751116,0.09918607655243994,0.2609810222998517,0.0652,0.07023520474515012
2025-09-25,2614.800048828125,2614.800048828125,2532.5,2555.300048828125,19400.0,0,1,-0.02208187951468621,-0.025661574895947448,-0.016738494375362012,-0.03325135858709716,0.06742469239348514,-0.022329333837310228,0.3333333333333333,0.8333333333333334,2580.7413330078125,-0.009858130241218748,2473.5801171875,0.03303710725712892,2479.9182958984375,0.030396869547824296,2574.38525390625,-0.007413499999336159,2593.2546807863373,2557.8241478419804,0,0,1,49.98608979906099,0,0,35.430532944356855,43.2016014750273,-7.771068530670448,0,2716.2125044536633,2445.2701615619617,2580.7413330078125,0.1049862453963655,0.40610074487376585,66.18993996989691,0.02590300109775836,38.410786502887724,23.44770530517571,14.614558629105058,1,18.05644802060208,23.98101015535652,29829.0,153175.86666666667,0.19473694289526897,0,16202974.0,2653.2383798209694,980674.2281614617,0.16847273088650827,0.28398682035641215,0.3315375072564362,0.8565752415359607,0.2619788605529398,0.8348245261263353,1.1370682197910127,0.8213173040083607,1.222770773150084,0.03220758707607283,0.0006888820620455415,0.0,0.0,0.0,1.0,0.0,2575.24853515625,-0.016566154557587476,0.07376844419787143,0.2680180277301182,0.1224,0.13263435359643072
2025-09-26,2535.0,2547.60009765625,2474.0,2480.300048828125,35894.0,0,1,-0.02935076060222186,-0.051147647732163404,-0.052235365369459275,-0.04642024715164372,0.036094965786143574,-0.02979011241196782,0.06666666666666667,0.7777777777777778,2583.3188232421876,-0.03987845924676426,2475.6957958984376,0.0018597813743172324,2478.242453613281,0.0008302638879597149,2572.8986206054688,-0.03598998073058663,2575.8770451004584,2552.081621989102,0,0,1,41.58161703649114,0,0,23.795423111356286,39.320365802293104,-15.524942690936818,0,2708.158403036918,2458.479243447457,2583.3188232421876,0.09665054012810617,0.08739538140286575,67.26923345977035,0.027121409561538027,35.99110172260497,21.42353691265375,19.56464123011232,1,3.442649632855191,16.286473905840158,29872.85714285714,152208.96666666667,0.1962621374881143,0,16167080.0,2653.650480000611,979620.7119604055,0.21920477580688622,0.2987124845219595,0.33721716525629175,0.8858163679032532,0.2645072980060239,0.8103217913151379,1.103694402683532,0.7972110164399491,1.1868815209159624,0.029673868567242124,-0.007944291644902804,1.0,1.0,1.0,1.0,1.0,2542.563232421875,-0.012692096428041255,0.05899252557021706,0.27223531955441066,0.1687,0.18868856486998184
2025-09-29,2480.199951171875,2559.60009765625,2468.39990234375,2513.199951171875,47518.0,0,1,0.01326448481880016,-0.038193665835486,-0.03211897995369173,-0.02881148678144052,0.010827190819148624,0.013177281828790596,0.15555555555555556,0.6222222222222222,2586.8671264648438,-0.028477371156531223,2478.52140625,0.013991626150344076,2475.3125341796876,0.01530611446798299,2572.8461950683595,-0.023182980782455884,2566.234415265292,2549.201498224863,0,0,1,45.88029360073493,0,0,17.032917040428856,34.86287604992025,-17.829959009491397,0,2698.1167377353036,2475.617515194384,2586.8671264648438,0.08601107504310908,0.16891041482439026,68.97858787782246,0.027446518071774822,33.96514189248878,20.642931578747408,17.716967339768203,1,23.753990260269823,15.084362637909068,31954.714285714286,146115.0,0.21869564579758605,0,16214598.0,2654.59614640978,980251.0137500252,0.2522820628249699,0.28037187046353684,0.33823992702146394,0.8289141761958371,0.26069927566244533,0.8210702924143806,1.1183343403325225,0.807785609864897,1.2026248928318666,0.0362884756821575,-4.035707546645151e-05,0.0,0.0,1.0,1.0,0.0,2508.37841796875,-0.013445020370471905,0.04475434949174795,0.270488547398459,0.0748,0.07903324670412366
2025-09-30,2513.199951171875,2550.0,2452.199951171875,2486.300048828125,33990.0,0,1,-0.010703446946673245,-0.027002699754044013,-0.05186286750853575,-0.03712545421264257,0.006924861833003559,-0.010761140886942003,0.05555555555555555,0.6,2587.3125732421877,-0.03904148476636623,2480.33958984375,0.002403081823465255,2472.2374658203125,0.0056882007502245995,2572.4719970703127,-0.03349772061282903,2553.9368204288044,2544.5421316028824,0,0,1,43.088475341723374,0,0,9.394688825922003,29.769238605120602,-20.3745497791986,0,2696.7734840468374,2477.851662437538,2587.3125732421877,0.08461359631355495,0.03859088293931955,71.03726365998693,0.028571476597713592,31.738122752506435,18.61293089184403,17.603621241114894,1,16.650434338942922,14.615691410689351,31524.428571428572,144825.5,0.2176718089799695,0,16180608.0,2654.7461320522793,979887.2035883077,0.23197678716902767,0.2814632685571691,0.33812302059399896,0.8324285878633977,0.26698342600760105,0.8122820101000336,1.0940140703546866,0.799139519445422,1.189752661094692,0.039335577728931544,0.0,1.0,1.0,1.0,1.0,1.0,2504.780029296875,-0.0014345477724165834,-0.007171208254481143,0.26328766849710866,0.0991,0.1079932743391031
2025-10-01,2498.699951171875,2511.300048828125,2471.0,2497.5,46786.0,0,1,0.004504665950175291,0.00693462517972443,-0.047700790436196794,-0.036700409623805275,0.005643730308139139,0.004494550309525566,0.05555555555555555,0.5888888888888889,2587.1744018554687,-0.034661135249002155,2483.1148828125,0.005793174245408481,2468.681115722656,0.011673797840393695,2572.153798828125,-0.029023847198459723,2545.2542326705266,2541.0575292619283,0,0,1,44.60001894729211,0,0,4.196703408598296,24.654731565816142,-20.458028157217846,0,2697.103943859209,2477.2448598517285,2587.1744018554687,0.08498038781220232,0.09212782923985233,68.84174831485393,0.027564263589531103,29.67017640823711,17.834642755712732,16.867536760679194,1,22.119159193239405,20.841194597484087,33335.857142857145,145192.83333333334,0.22959712526805484,0,16227394.0,2654.671692351439,980097.9588894526,0.23946865401610895,0.2812697282403716,0.3382246023896521,0.831606353450109,0.26621751512545816,0.8159410692128712,1.0989422382864258,0.8027393760281072,1.1951120993962556,0.016136155686936937,0.004987291195845201,0.0,1.0,1.0,0.0,1.0,2591.541259765625,0.03463826342192022,-0.013995107945023899,0.2798669245645309,0.1095,0.11215127740656614
2025-10-02,2498.699951171875,2511.300048828125,2471.0,2497.5,46786.0,0,1,0.0,-0.006246996449508213,-0.04456771231828616,-0.03707136315771198,-0.001185034374003191,0.0,0.06666666666666667,0.5777777777777777,2577.602685546875,-0.031076428495371462,2485.2110009765624,0.004944851370209048,2465.438386230469,0.013004427102537184,2571.888786621094,-0.02892379600862318,2537.9074276442916,2537.8310456128966,0,0,1,44.60001894729211,0,0,0.07638203139504185,19.739061658931924,-19.662679627536882,0,2683.487882627571,2471.717488466179,2577.602685546875,0.08215788854846794,0.12174747861201003,66.8030554943733,0.026747970167917235,27.74994051712988,17.066139655102386,16.14070670987323,1,22.119159193239405,20.29625090847395,37671.0,144666.76666666666,0.2603984375126008,0,16227394.0,2605.900996077686,980097.9588894526,0.2423919236665061,0.28056729734368346,0.3373190530889312,0.8317564477145452,0.2662968313706368,0.8159410692128712,1.0989422382864258,0.8027393760281072,1.1951120993962556,0.016136155686936937,0.0004804609296796797,1.0,1.0,1.0,1.0,1.0,2591.541259765625,0.0,-0.03127335414986898,0.2792160356460037,0.1152,0.11799721533199872
2025-10-03,2497.10009765625,2512.800048828125,2475.0,2500.800048828125,20558.0,0,1,0.001321340872122212,0.005831959021532551,-0.04293913171522201,-0.051721486754593204,0.01210131371011891,0.001320468669505478,0.07777777777777778,0.6222222222222222,2570.483203125,-0.027108970878377766,2487.90447265625,0.00518330840818284,2461.998935546875,0.015760004084904734,2571.4020642089845,-0.027456622347613344,2532.1986001341124,2535.0880088140248,0,0,1,45.09830623337711,0,0,-2.8894086799123215,15.213367591163076,-18.1027762710754,0,2676.9466432204363,2464.0197630295634,2570.483203125,0.0828353517081973,0.17273669611648318,64.73141216106984,0.02588428138883114,26.002795201138238,16.519815240172807,15.467463798031046,1,23.73051077592116,22.656276387466693,35847.42857142857,144239.3,0.24852747185703603,0,16247952.0,2578.1770490046542,980125.1230151018,0.24440802761126965,0.27832061867875624,0.3351170422748581,0.8305176507570203,0.26562556083656397,0.8170192054968651,1.100394315581975,0.8038000683753149,1.1966912498599556,0.01511518237767074,-0.00016012105855855855,1.0,1.0,1.0,0.0,0.0,2588.742431640625,-0.0010799859405877799,-0.011413116189263328,0.2693178460567654,0.0848,0.08931871891091374
2025-10-06,2512.5,2516.39990234375,2477.10009765625,2486.0,13276.0,0,1,-0.0059181256154646755,-0.004604604604604656,-0.027120121905021,-0.04340466627241668,-0.0016368688556752664,-0.005935707121557565,0.17777777777777778,0.5555555555555556,2564.73115234375,-0.03069762390954803,2491.358662109375,-0.0021508995035014206,2458.9178686523437,0.011013841370187431,2570.547697753906,-0.03289092741900186,2525.091123190403,2531.451860012986,0,0,0,43.22076242365077,0,0,-6.360736822583021,10.898546708413857,-17.25928353099688,0,2676.5398369769764,2452.922467710524,2564.73115234375,0.08718939958369604,0.14792022819149767,62.91486877010057,0.025307670462630962,24.471609957499336,16.191434812888257,14.77733814756696,0,16.503926157015286,20.784532042058657,34972.57142857143,142855.63333333333,0.24481058683186752,0,16234676.0,2573.684268314102,980046.5539794308,0.21747469253691268,0.27801127297878003,0.33460481627429484,0.830864528712815,0.2656807859408271,0.8121839832084876,1.0938820437958177,0.7990430786009507,1.189609080720357,0.015808449190466613,0.004678483262729301,1.0,1.0,1.0,1.0,1.0,2572.349853515625,-0.006332255354817629,-0.0011255929674567344,0.2681343375175886,0.1037,0.10966461709844362
2025-10-07,2485.0,2653.199951171875,2485.0,2610.10009765625,947495.0,0,1,0.0499195887595536,0.045085124186686754,0.052332397803827035,-0.002636569485575113,0.06174378722717955,0.0487135791031122,0.8888888888888888,0.8222222222222222,2565.8483032226563,0.01724645778084942,2496.21216796875,0.045624298747079094,2459.561787109375,0.06120533801421458,2570.507097167969,0.015402797577140472,2538.1694269543796,2537.2776553939684,0,1,1,58.73434883636042,0,0,0.8917715604111436,8.897191678813314,-8.00542011840217,0,2679.063330713406,2452.633275731907,2565.8483032226563,0.08824763907402751,0.6954325119834881,70.43523179879875,0.026985643907697775,25.44032325248511,27.302560856396177,12.256737213515008,1,77.09966251858174,39.11136648383943,165201.2857142857,173083.06666666668,0.9544624375788294,1,17182171.0,2578.0187561139105,1027345.1147311641,0.31402715705382767,0.30893359779304214,0.3407539541758779,0.9066177927126506,0.2867948904215208,0.8527278736473514,1.148488185573565,0.8389309804858778,1.2489938768145477,0.06444195428478426,-0.00040225261464199515,0.0,0.0,0.0,0.0,0.0,2541.063720703125,-0.012162471900834637,-0.0005897637862566363,0.26745584849492665,-0.0118,-0.013937705329236825
2025-10-08,2590.0,2625.800048828125,2560.0,2598.5,70058.0,0,1,-0.004444311414212199,0.03906747811271716,0.033940812703084244,0.000731688466570235,0.05702506719463685,-0.0044542167252719965,0.8,0.8,2566.6651000976562,0.012403215324481756,2501.532822265625,0.03876310431399915,2460.0447583007813,0.05628159456531737,2569.8891271972657,0.011133115627419104,2547.4510535767827,2541.8126438833037,0,1,1,57.16215724807281,0,0,5.638409693478934,8.245435281746438,-2.607025588267504,0,2680.6091194046144,2452.721080790698,2566.6651000976562,0.08878760170356685,0.6396953525774025,70.10414730089349,0.02697869821084991,26.33984274068619,25.472110930258893,11.43500683279482,1,72.78609394434079,55.46322753997931,168421.2857142857,174062.6,0.9675903135669909,0,17112113.0,2577.7772945718725,1027033.7551621072,0.317931746097514,0.3094531002301129,0.33946706206970456,0.9115850543596223,0.2878751419556513,0.8489380854252836,1.1433839464213325,0.8352025099535682,1.2434429590715397,0.025322320118578025,-0.007700891500022917,0.0,0.0,0.0,0.0,0.0,2522.971923828125,-0.007119773001990626,0.005817904409811003,0.2691458435294388,-0.0052,-0.006155443775751858
2025-10-09,2580.0,2591.89990234375,2534.0,2556.39990234375,30536.0,0,1,-0.01620169238262459,0.028318544788314526,0.028194446421969666,-0.025130665925825357,0.047131976253706576,-0.016334374873062947,0.7555555555555555,0.7666666666666667,2564.8525268554686,-0.0032955596562433,2505.8656494140623,0.020166385592740747,2460.08875,0.03914946253209366,2568.621689453125,-0.004758110997644408,2548.827799540931,2542.8931815470405,0,0,1,51.748201385063645,0,0,5.934617993890697,7.78327182417529,-1.8486538302845927,0,2678.207830000433,2451.497223710504,2564.8525268554686,0.08839128328671529,0.46271623701226877,69.70385106511539,0.027266411253266648,26.46765961585151,23.78850733970456,13.34353231066147,1,51.840771727301,67.24217606340788,167927.85714285713,174198.36666666667,0.9640036261889393,0,17081577.0,2577.311356410793,1026539.0202835114,0.330860823404352,0.3129517374051944,0.34139668463411327,0.9166806576947156,0.2890267239786884,0.8351838517133289,1.1248591914461827,0.8216708158101045,1.2232970787533222,0.02264900037379379,-0.007119492014623821,0.0,0.0,0.0,0.0,0.0,2541.263671875,0.00725007990541604,0.014565607419173787,0.26925550127718045,-0.0137,-0.016205935779460934
2025-10-10,2556.0,2568.39990234375,2538.300048828125,2553.39990234375,18478.0,0,1,-0.0011735253147402425,-0.02172337963720783,0.022382343280780814,-0.026386102621723584,0.05132255097198368,-0.0011742144347583583,0.6888888888888889,0.7888888888888889,2562.8400146484373,-0.003683457512263903,2510.63787109375,0.01703233737622651,2460.1916357421874,0.03788658787690077,2567.5432543945312,-0.005508515592317242,2549.5311999721343,2543.6714571616117,0,0,1,51.37479730686459,0,0,5.859742810522675,7.3985660214447675,-1.538823210922092,0,2675.4694706179166,2450.210558678958,2562.8400146484373,0.08789425428487346,0.45809216947986753,66.87499409729465,0.02619056812679851,26.586346714219307,23.023721599271184,12.914546032015346,1,50.34823441386816,58.32503336183669,163883.85714285713,173738.2,0.9432805056277613,0,17063099.0,2576.2460496813924,1026517.3358827456,0.3322302438991459,0.31242197317823356,0.34100106839670136,0.9161905991883272,0.2873019036570281,0.834203742320881,1.1235391407095023,0.8207065643073681,1.2218615086639573,0.011788147045825658,-0.00015643184127153302,0.0,0.0,0.0,0.0,0.0,2549.759765625,0.003343255500808162,-0.01612225697089753,0.2642604841931393,-0.0263,-0.031691532674024976
2025-10-13,2550.10009765625,2550.10009765625,2515.10009765625,2528.199951171875,21798.0,0,1,-0.00986917527048703,-0.027054088446459512,0.012292272741491583,-0.03282327805207541,0.0351997672788924,-0.009918198392613023,0.6555555555555556,0.7222222222222222,2557.3900146484375,-0.011414005415429463,2513.951259765625,0.005667847119509607,2460.566884765625,0.027486782344748977,2566.609990234375,-0.014965280743332728,2546.249469387479,2542.5254196808905,0,0,1,48.22679306546189,0,0,3.72404970658863,6.66366275847354,-2.93961305188491,0,2665.3199207618136,2449.4601085350614,2557.3900146484375,0.08440629352204078,0.3647730525870212,64.83390913945217,0.025644296492213864,26.063946261109976,22.052223756182872,14.925586408397235,1,37.81094527363184,46.66665047160037,160314.14285714287,172880.0,0.9273145699742184,0,17041301.0,2573.3236294303424,1026302.2076001995,0.3413983218829362,0.3139663281895471,0.34173451655175285,0.9187433899203434,0.28751919711480495,0.82597083937662,1.1124507360065878,0.8126068673785793,1.2098027432786909,0.013843841735609855,-0.001292318012729275,0.0,0.0,0.0,0.0,1.0,2526.270263671875,-0.009212437293035447,-0.025186168982566426,0.2640525581701972,-0.0162,-0.01962737482152054
2025-10-14,2529.89990234375,2563.0,2491.0,2501.60009765625,39663.0,0,1,-0.010521261778877689,-0.02143631934786827,0.00031991715151313826,-0.04263295152841562,0.009771967068589182,-0.01057700156691542,0.5333333333333333,0.5333333333333333,2552.5300170898436,-0.019952721062085337,2515.522119140625,-0.005534446061293659,2461.6819140625,0.016215817066256723,2565.230107421875,-0.024804796100562986,2539.3803352749824,2539.493914345732,0,0,0,45.08632586389598,0,0,-0.11357907074943796,5.308214392628945,-5.421793463378383,0,2661.358650504364,2443.701383675323,2552.5300170898436,0.08527118794755388,0.26600864204733166,65.34577277234845,0.026121590270791455,24.96735851288899,20.316664872282736,16.38525842647925,0,24.577187305659205,37.578788997719776,163043.42857142858,173112.83333333334,0.9418332854473253,0,17001638.0,2570.780435055454,1025884.9027942639,0.3493897705435777,0.3131949428125507,0.3420555752984438,0.9156258965791972,0.2894941570188313,0.8172805839538193,1.1007463505969572,0.8040572178035756,1.1970740919158516,0.028781578665373744,0.0006723958566200573,0.0,1.0,0.0,1.0,1.0,2515.875,-0.00411486602259481,-0.02814781059328675,0.2639853653060656,0.0037,0.004507164126905958
2025-10-15,2501.60009765625,2519.60009765625,2471.800048828125,2496.699951171875,34339.0,0,1,-0.0019588048821096438,-0.022205668262080924,0.004304083335428421,-0.022932765834338897,-0.001425240445855347,-0.0019607258493359583,0.5666666666666667,0.4888888888888889,2546.5150146484375,-0.019562053704772594,2517.5542919921877,-0.008283571435438746,2462.8917651367187,0.013727028736595547,2563.991022949219,-0.02624465966341123,2532.8141223360426,2536.3239911476685,0,0,0,44.51129571357025,0,0,-3.5098688116258927,3.544597751777977,-7.05446656340387,0,2653.6248469832003,2439.4051823136747,2546.5150146484375,0.08412267881291091,0.26745802700507604,64.0925067763325,0.025670888785113897,23.490362642438157,19.23437034234114,17.652153755386344,0,22.139303482587064,28.175812020626072,166052.42857142858,172719.4,0.9613999850128508,0,16967299.0,2568.243905672864,1025817.6393934172,0.3473396725031561,0.3121175697910885,0.3404507397744239,0.9167774756427071,0.2869735016203931,0.8216856977149707,1.0985902032714436,0.8024822265998465,1.1947292573403598,0.01914529169021256,0.0,0.0,1.0,1.0,1.0,1.0,2531.668212890625,0.006277423516917624,-0.015814971890157348,0.26397626450066825,0.0005,0.0005456452844327662
2025-10-16,2505.0,2554.89990234375,2490.0,2504.60009765625,42690.0,0,1,0.003164235446340591,-0.009334646772968247,-0.04041990577094501,0.009797221444883597,-0.06855289350932348,0.003159239788877477,0.08888888888888889,0.15555555555555556,2541.9150146484376,-0.014679844438996113,2520.994951171875,-0.00650332659651063,2464.4103393554688,0.016308062687032998,2562.763972167969,-0.022695759400158555,2528.473503154536,2533.974073111267,0,0,0,45.71341904262805,0,0,-5.500569956730942,1.7355642100761937,-7.236134166807136,0,2647.8639562688163,2435.966073028059,2541.9150146484376,0.0833615136696709,0.32390141693963714,64.1501778882909,0.025612942340903538,22.823181715871627,21.77491748054212,16.376549838148367,0,26.06972461909204,24.26207180244614,36794.57142857143,85074.36666666667,0.432498916774047,0,17009989.0,2565.970294444854,1025952.7206046215,0.10627372469272794,0.22372928802538536,0.33934923165698155,0.6592892134541024,0.2611809728056771,0.8410390027041792,1.1020664013336376,0.8050214693063121,1.1985096620052165,0.025912281327658618,0.0033244078144949733,1.0,0.0,1.0,1.0,1.0,2556.45703125,0.009791495675916861,0.006057821542001962,0.2635030164854627,0.0948,0.08108634486109655
2025-10-17,2509.0,2510.10009765625,2475.0,2478.199951171875,27298.0,0,1,-0.010540663361420344,-0.009354071622518112,-0.046295958756253586,-0.013926468518225099,-0.06242069809232065,-0.01059660964135671,0.05555555555555555,0.15555555555555556,2534.710009765625,-0.022294486697109425,2524.86044921875,-0.018480426536568752,2464.744030761719,0.005459358149250724,2562.0396508789063,-0.03272381037439062,2520.7391105418187,2529.842656671312,0,0,0,42.40714143159882,0,0,-9.103546129493225,-0.4322578578376901,-8.671288271655534,0,2637.1838424011344,2432.2361771301153,2534.710009765625,0.08085645477447333,0.22427078630526515,62.075172157430835,0.02504849220422151,21.83656106817699,20.8954518452712,17.441136381543764,0,12.935323383084578,20.381450494921264,30686.0,73749.63333333333,0.4160834245955573,0,16982691.0,2563.557457099282,1025664.9815761814,0.10913004271918188,0.22074794572854348,0.3392657834457775,0.6506637465367152,0.24659615047676273,0.8439775941675394,1.090449890395248,0.7965360089996383,1.1858765751226097,0.01416354545550374,0.0017567284884590288,1.0,1.0,1.0,1.0,1.0,2548.260498046875,-0.003206208085225426,0.010023327639880897,0.2642110983661746,0.0985,0.0829537801129665
2025-10-20,2499.0,2501.0,2475.0,2486.5,39879.0,0,1,0.0033492248372453126,-0.004085373241220824,-0.027343101632754996,8.042117521944725e-05,-0.04403660493507333,0.0033436286754615742,0.15555555555555556,0.17777777777777778,2527.9050048828126,-0.016379177541417156,2524.587177734375,-0.015086497337182614,2465.2336352539064,0.008626510867763355,2561.4394787597657,-0.0292567829071062,2515.4715550738465,2526.632089510474,0,0,0,43.78376859218158,0,0,-11.160534436627586,-2.5779131735956695,-8.582621263031916,0,2623.6597199728503,2432.150289792775,2527.9050048828126,0.07575815934940695,0.28379652195779786,59.498374146185775,0.0239285639035535,20.920413323889115,20.24323504610501,16.89674029818432,0,8.507137296309349,15.83739509949536,32020.714285714286,71916.1,0.4452509839342551,0,17022570.0,2560.4130436449122,1025798.5453134659,0.10021364637109911,0.21724935456495395,0.33578569030551714,0.6469881261684737,0.23919953159589688,0.8599377600689962,1.0941020522519311,0.7992037871847402,1.189848342401918,0.01045646491051679,0.008393208473064979,1.0,1.0,1.0,1.0,0.0,2546.96142578125,-0.0005097878598442351,0.0022420947378696265,0.2630621253915511,0.1173,0.09767309231619864
2025-10-21,2488.0,2530.0,2488.0,2524.199951171875,12864.0,0,1,0.015161854482957926,0.007825542103095051,-0.011435714063070423,0.010690671139889973,-0.024560701387137618,0.015048062325736654,0.4,0.34444444444444444,2523.415002441406,0.00031106604728489066,2526.6979248046873,-0.0009886316873456136,2465.857531738281,0.023660093368194732,2561.1898596191404,-0.014442470287136761,2516.814385242774,2526.451931115022,0,0,0,49.668569768680285,0,0,-9.63754587224821,-3.9898397133261776,-5.647706158922033,0,2610.170269528194,2436.6597353546185,2523.415002441406,0.06876020551740544,0.5045239255023191,58.35563313574393,0.023118466945794836,20.665645985536454,22.71504841206326,15.997074180187159,0,29.198663792006066,16.880374823800036,31218.714285714286,70303.83333333333,0.44405422585844234,0,17035434.0,2559.4900670248066,1025993.5874095346,0.1526875301910923,0.22213858516896562,0.3339344799769061,0.665216078268791,0.2390660270725894,0.8729760112515632,1.1106906683576805,0.8113211987082641,1.2078886498262045,0.016638935430016648,0.0006032575909913533,0.0,1.0,1.0,1.0,0.0,2548.76025390625,0.0007062643771482691,-0.0003920023102667036,0.26302355123141347,0.1065,0.09064031323549385
2025-10-22,2488.0,2530.0,2488.0,2524.199951171875,12864.0,0,1,0.0,0.01856185977981628,-0.0015821533412125888,0.010690671139889973,-0.02244788089568761,0.0,0.5111111111111111,0.35555555555555557,2518.975,0.0020742370098453104,2529.703583984375,-0.0021756038325374777,2466.7710766601563,0.02328099070687727,2561.143992919922,-0.01442482025617291,2517.950626154943,2526.2851177859,0,0,0,49.668569768680285,0,0,-8.334491630957018,-4.8587700968523455,-3.4757215341046725,0,2594.8303119508546,2443.119688049145,2518.975,0.06022712567679686,0.5344402457619596,57.187373626047936,0.022655643266096395,20.429076314208984,21.523436681792248,15.157881549058837,0,28.886400525427515,22.197400537914348,29942.428571428572,66421.5,0.4507942243314073,0,17035434.0,2557.9127244836104,1025993.5874095346,0.1412819613009293,0.22211412412219333,0.3322882229630119,0.6684381472855196,0.23893979544824145,0.8729760112515632,1.1106906683576805,0.8113211987082641,1.2078886498262045,0.016638935430016648,-0.014341158336156751,0.0,1.0,1.0,1.0,1.0,2548.76025390625,0.0,0.00890244822883135,0.26180013415137265,0.1087,0.09290878802891615
2025-10-23,2543.89990234375,2548.0,2482.0,2487.300048828125,38808.0,0,1,-0.014618454582656537,0.0003217570191533792,-0.0057163608370189856,-0.00539827244738178,-0.04063458731578695,-0.014726357059272024,0.4888888888888889,0.2,2515.575,-0.011239955545700215,2531.5717333984376,-0.01748782544308207,2467.2776684570313,0.008115171075825928,2560.871428222656,-0.02872904066315912,2513.235152720048,2523.397334900139,0,0,0,44.393336716715694,0,0,-10.162182180090895,-5.9194525135000555,-4.242729666590839,0,2590.666842751873,2440.4831572481266,2515.575,0.05970153364687849,0.31173087424885776,57.816846938473084,0.023244822017236363,20.574931854588442,21.992223894089822,13.921934100703394,0,8.544657301208321,22.20990720621401,29820.285714285714,66284.43333333333,0.44988369387310717,0,16996626.0,2556.5151810027864,1025426.2744240909,0.15552536372218728,0.22522713377730072,0.3338834926515799,0.6745680416501866,0.24209468887784902,0.8602144510793335,1.0944540872669133,0.7994609366130009,1.1902311844578137,0.02653479624667537,0.007804433702935926,1.0,1.0,1.0,1.0,1.0,2544.662353515625,-0.0016078014337930213,0.011442282909772894,0.253562462318305,0.1022,0.09140850741845712
2025-10-24,2510.0,2515.0,2480.199951171875,2500.800048828125,17238.0,0,1,0.005427571959547128,-0.009270225337294047,0.0016422068075603313,0.005953358337942527,-0.03579900619291532,0.005412895770955993,0.5444444444444444,0.2111111111111111,2516.6,-0.0062782926058471385,2533.7098828125,-0.01298879331355962,2468.1250122070314,0.013238809403691874,2560.7100610351563,-0.023395859265227754,2511.3220598135986,2521.7234618577677,0,0,0,46.62678842939088,0,0,-10.401402044169117,-6.815842419633867,-3.58555962453525,0,2590.209485271719,2442.9905147282807,2516.6,0.05849915383590497,0.39267720652065713,56.17278993059108,0.022461927716657577,20.652420958171156,21.019039868897135,13.5347625282721,0,15.98677817645428,17.80594533436341,27377.285714285714,64312.5,0.42569151742329586,0,17013864.0,2557.1605290095868,1025519.8349095295,0.15949382859278521,0.22603999130089145,0.33309541808498216,0.6786043248521124,0.2384894101904301,0.864883326913209,1.100394315581975,0.8038000683753149,1.1966912498599556,0.013915566278252555,0.009126342108411864,1.0,1.0,1.0,0.0,1.0,2503.080810546875,-0.016340691687957043,-0.01129192292978598,0.25881611880821875,0.083,0.0730390114784646
2025-10-27,2513.0,2524.800048828125,2499.10009765625,2517.39990234375,17446.0,0,1,0.00663781717510914,-0.0026939422231460064,0.0051105183216584305,-0.03551595411828856,-0.04542698735258588,0.006615883872685729,0.6222222222222222,0.12222222222222222,2516.8099975585938,0.00023438590347641707,2534.3322705078126,-0.006681195027623515,2469.078427734375,0.01957065197548816,2560.568519287109,-0.016858996983754933,2512.2571125105446,2521.4031981900625,0,0,0,49.32218566336852,0,0,-9.14608567951791,-7.281891071610676,-1.8641946079072333,0,2590.4026031104518,2443.2173920067357,2516.8099975585938,0.0584808592013269,0.5040079080006249,53.99615859068279,0.021449177995284452,20.933579973369117,21.6008492261095,13.074620355756862,0,29.610294490665584,18.0472433227761,23771.0,62377.46666666667,0.38108312617163037,0,17031310.0,2558.012879349846,1025635.6382679665,0.1634554122339853,0.22096130637991526,0.33090439235460706,0.667749692917725,0.2339124739088013,0.870624264315059,1.1076985318693375,0.8091355462745304,1.204634667591579,0.010208926737443592,0.004878419279298998,1.0,1.0,1.0,1.0,1.0,2491.68603515625,-0.004552300246405294,-0.02533623499319282,0.25899962022651596,0.0917,0.07883834220773887
2025-10-28,2539.0,2550.0,2500.199951171875,2543.300048828125,25478.0,0,1,0.010288451374079077,0.022514372572936647,0.026269106181470825,-0.021243006031123723,-0.021356010065117004,0.010235885498439606,0.7555555555555555,0.35555555555555557,2519.6599975585937,0.009382238592682028,2535.814248046875,0.002952030412722717,2470.44865234375,0.029489136078687535,2560.753488769531,-0.006815743888644507,2517.0329488670955,2523.0251871262153,0,0,1,53.28613328944338,0,0,-5.992238259119858,-7.023960509112513,1.0317222499926544,1,2592.6903530443783,2446.629642072809,2519.6599975585937,0.05796842078419062,0.6618508571694744,53.696436464785805,0.021112898766910134,21.70000963702837,23.52206180833875,12.208485821121734,0,59.53379451099651,35.043622392705494,23511.0,61684.76666666667,0.3811475874918875,0,17056788.0,2558.943227450044,1025897.7674320752,0.15007920917401044,0.21989968122805784,0.3276156083216912,0.6712124686444569,0.2331584991839387,0.8795816397235579,1.119095034351614,0.8174602979974148,1.2170284927926247,0.019580878336030914,0.008580320367908123,1.0,0.0,1.0,1.0,1.0,2493.28515625,0.0006417827411588917,-0.021573674213845484,0.2585602481650508,0.1015,0.08693230154234596
2025-10-29,2554.0,2554.0,2512.300048828125,2531.0,12645.0,0,1,-0.0048362554916761,0.012076115875808036,0.017896641866076868,-0.009935809464107326,-0.03286205578907142,-0.004847988018215221,0.7222222222222222,0.2222222222222222,2521.334997558594,0.003833287703048096,2536.7645703125,-0.002272410447529153,2471.9016259765626,0.023908060661633188,2561.625048828125,-0.011955320643876027,2519.1817259644654,2523.615914005755,0,0,0,51.23648811454451,0,0,-4.434188041289417,-6.506006015547895,2.0718179742584777,0,2593.759511538584,2448.910483578604,2521.334997558594,0.05744933858461379,0.5667246620672972,52.83954465814932,0.02087694376062794,22.488739586737353,22.736842501435806,11.520292826493328,0,61.28368627629381,50.14259175931867,19620.428571428572,60920.03333333333,0.3220685790513669,0,17044143.0,2560.7802499417176,1025836.612981383,0.15870610749668382,0.21897138173452646,0.32681326623367923,0.6700198687098483,0.23281847337666636,0.8753277581880674,1.1136828048460237,0.8135068511419977,1.21114263206083,0.016475682011803636,0.004207113186194924,1.0,1.0,0.0,1.0,1.0,2536.265869140625,0.01723858692331426,-0.004199339861358231,0.26258503322570775,0.0917,0.07702329750531275
2025-10-30,2523.0,2543.89990234375,2519.89990234375,2537.300048828125,13832.0,0,1,0.0024891540213847207,0.007905039825356175,0.00518980188164897,-0.006305261271783991,-0.02283757475078685,0.0024860612087750783,0.6333333333333333,0.3333333333333333,2523.325,0.00553834675601644,2537.50130859375,-7.931415244723166e-05,2473.589392089844,0.025756359136248717,2562.854464111328,-0.009971075471140374,2521.969160251182,2524.6295536222265,0,0,0,52.249613351090716,0,0,-2.6603933710443926,-5.736883486647194,3.0764901156028017,0,2595.1768902494105,2451.473109750589,2523.325,0.05695016714011128,0.5972489991537823,50.77957718256723,0.020013233045110386,23.2211316828957,21.969261390076007,11.131375184547588,0,71.82021389085945,64.21256489271663,19758.714285714286,60282.933333333334,0.32776630454359035,0,17057975.0,2562.6907858324585,1025871.0429598067,0.13290479954203585,0.2182631719397003,0.32180387865458077,0.6782490405405603,0.22759815611495732,0.877506583797391,1.1164549328782531,0.815531794991942,1.214157352613895,0.009458873423773675,-0.0031608060055314103,0.0,1.0,0.0,0.0,1.0,2525.7705078125,-0.004138115587890345,-0.009019971987759834,0.26312672390502795,0.0868,0.0725321605196504
2025-10-31,2537.300048828125,2600.0,2535.60009765625,2572.10009765625,64165.0,0,1,0.013715385708598982,0.01132388954319219,0.018976367724806043,0.017364190859993522,-0.019143481004131768,0.013622181064143079,0.7444444444444445,0.37777777777777777,2526.890002441406,0.017891596061230714,2539.52533203125,0.012827107969403477,2475.9917138671876,0.03881611689198797,2564.430919189453,0.002990596630780334,2529.6816121596544,2528.1458902173395,0,1,1,57.50200627406304,0,0,1.5357219423149218,-4.282362400854771,5.8180843431696925,0,2601.073628109353,2452.706376773459,2526.890002441406,0.05871535808545137,0.8047174818416706,51.752457551223145,0.020120701211582333,24.882649640065353,27.759450847521443,10.141968098866156,0,78.23719737120244,70.44703251278527,27087.428571428572,61188.36666666667,0.44268919154177844,0,17122140.0,2563.8812603260726,1026751.090683799,0.15328998635184543,0.22012444963397026,0.3194331246339409,0.6891096528771871,0.2280528657300359,0.8895419250560073,1.1317675429089464,0.8267171281178826,1.230809989015926,0.025037867850645667,0.0,0.0,0.0,0.0,1.0,0.0,2479.89111328125,-0.018164514309332414,-0.0270206428868508,0.22470357636256788,-0.0382,-0.03766655700922334
2025-11-03,2575.0,2584.800048828125,2551.0,2560.39990234375,16524.0,0,1,-0.004548888016901564,0.011615923486270274,0.029389238162105036,0.023504877835026194,-0.023716995728051193,-0.004559265691207878,0.8111111111111111,0.3111111111111111,2530.609997558594,0.011771827667596303,2540.9318115234373,0.007661791919020614,2477.896494140625,0.03329574435341326,2566.178095703125,-0.0022516727771350964,2534.4075029572073,2530.5350763007773,0,0,1,55.299586291266166,0,0,3.8724266564299796,-2.651404589397821,6.5238312458278,0,2603.6123808293773,2457.6076142878105,2530.609997558594,0.057695483176951376,0.7040337825318533,50.470142642430424,0.019711820249731633,26.42548774315146,26.431550054577674,9.656817021689957,1,69.11067649069618,73.0560292509194,23904.0,60602.3,0.39444047503147567,0,17105616.0,2564.522111075724,1026675.9248582077,0.11112504714505456,0.2204010658602954,0.2616667078576889,0.8422969343893897,0.22765504361160532,0.8854954984525885,1.1266192590950899,0.8229564844804198,1.2252111722058088,0.01320108190801951,0.001127445369016723,0.0,0.0,0.0,1.0,0.0,2465.8974609375,-0.005642849506095615,-0.030952983789501953,0.18585294039766706,-0.0492,-0.058793362988629326
2025-11-04,2560.0,2571.800048828125,2488.0,2533.39990234375,54664.0,0,1,-0.010545227710438754,-0.0015371246637450042,0.013035769705339373,0.01469938394265169,-0.03083400828471694,-0.010601222624808417,0.7,0.2,2526.7749877929687,0.002621885440051757,2542.4335205078123,-0.003553138397206937,2479.141748046875,0.021885862048679112,2567.3955004882814,-0.013241278228487174,2534.252487478214,2530.7472856372938,0,0,0,50.493334400377556,0,0,3.5052018409201082,-1.420083303334235,4.925285144254343,0,2589.5349555605544,2464.015020025383,2526.7749877929687,0.04967594508476905,0.5527797797420394,52.8508502271229,0.020861629535166737,25.65927528886587,23.43799747668566,17.07764406672323,1,46.719921875,64.68926524563291,29250.571428571428,61876.433333333334,0.4727255572569324,0,17050952.0,2533.2502610920037,1026099.4805306443,0.14094683129045046,0.2221311118737578,0.2532699095309973,0.8770529127802745,0.23425221389887516,0.8761577467848374,1.1147388024649663,0.8142782209557916,1.2122910414015249,0.03307809744154415,-0.0001561874546956261,0.0,1.0,0.0,1.0,0.0,2418.718505859375,-0.019132569713660397,-0.033703388373253707,0.18231722916776583,-0.005,-0.00613632392804603
2025-11-05,2560.0,2571.800048828125,2488.0,2533.39990234375,54664.0,0,1,0.0,-0.015046146667372917,0.006355764129927666,0.011498763700620307,-0.030463106642269477,0.0,0.6444444444444445,0.2,2523.519982910156,0.003915134217483069,2543.9352294921873,-0.004141350387501945,2480.1393017578125,0.021474842380098867,2568.3412353515623,-0.013604630306466829,2534.12132053445,2530.943775763698,0,0,0,50.493334400377556,0,0,3.17754477075232,-0.500557688516924,3.678102459269244,0,2576.627372352104,2470.4125934682083,2523.519982910156,0.042089929781894325,0.5930183119280762,55.06150727005162,0.021734234385622265,24.94779229560068,20.890060723303552,15.221139174525625,0,46.719921875,54.183506746898765,34567.42857142857,62587.8,0.5523029819138645,0,17050952.0,2525.817330958574,1026099.4805306443,0.13708859676064142,0.22214377894971177,0.25001651715065965,0.8885164127610345,0.23958290065487953,0.8761577467848374,1.1147388024649663,0.8142782209557916,1.2122910414015249,0.03307809744154415,0.010499762643726788,0.0,1.0,1.0,1.0,0.0,2418.718505859375,0.0,-0.029284399505935088,0.1744509354165874,-0.0023,-0.0030031263313242277
2025-11-06,2490.10009765625,2560.0,2490.10009765625,2548.199951171875,123018.0,0,1,0.005841971026537385,-0.004764861598653969,0.0019265923208737767,0.028246308360589945,-0.0027785768874798444,0.005824972883443875,0.5444444444444444,0.4666666666666667,2523.1099853515625,0.009944063463732255,2546.072529296875,0.0008355700203039746,2481.6224462890623,0.026828216750848042,2568.8870458984375,-0.008052940575799977,2536.287263709439,2532.2220109791183,0,0,1,53.085487250002714,0,0,4.065252730320481,0.41260439525055703,3.6526483350699235,0,2575.266682726094,2470.953287977031,2523.1099853515625,0.041343181769592396,0.7405248710452672,56.12139263245865,0.0220239359971141,24.287129516140148,19.031572573113884,13.86698768770457,0,58.5599609375,50.666601562500034,48501.71428571428,66041.73333333334,0.7344100743224125,0,17173970.0,2525.508891933976,1026818.1481223869,0.12663526649372522,0.21350650561103363,0.24975280790588095,0.8548712921437636,0.23795659748303113,0.8843309194878084,1.1212510742511237,0.8190352107301558,1.2193732105411235,0.027431090056965188,-0.01709157904657753,1.0,0.0,1.0,0.0,1.0,2313.265869140625,-0.04359855703062998,-0.0722016439467883,0.20770068391732904,-0.1086,-0.11259241919038346
2025-11-07,2524.0,2524.0,2466.10009765625,2474.60009765625,45978.0,0,1,-0.028883076260078244,-0.023209839328209525,-0.022283643754938742,-0.004785804280615369,-0.0022980893680859538,-0.029308402142146736,0.2222222222222222,0.4666666666666667,2519.1699951171877,-0.017692294504668537,2546.9895263671874,-0.028421565130732056,2481.862209472656,-0.002926073731526438,2568.8638513183596,-0.03669472541868373,2526.7969304704866,2527.9537211033503,0,0,0,41.45971673796564,0,0,-1.1567906328637036,0.09872538962770488,-1.2555160224914086,0,2573.550302711442,2464.7896875229335,2519.1699951171877,0.04317319410731113,0.09020186320491753,57.97699698125625,0.02342883483928073,22.922426768540173,17.106561174775795,15.421203038892319,0,6.348025540884012,37.20930278446138,53263.57142857143,66377.86666666667,0.8024296968754357,0,17127992.0,2522.395680879719,1025490.162042101,0.219321032502429,0.21292805580672677,0.2573807422787003,0.8272882186972688,0.23590531500991324,0.8624357213985073,1.0888658939668339,0.7953789542789474,1.1841539611115677,0.02339768045697093,-0.009496880792555484,1.0,1.0,1.0,1.0,1.0,2368.341064453125,0.023808415646127346,-0.06620946436676167,0.22020736370641542,-0.2973,-0.2899295696030712
2025-11-10,2474.60009765625,2542.0,2450.0,2519.300048828125,42453.0,0,1,0.018063504973676814,-0.005565585402675932,-0.007094155067830288,-0.001941170445501017,0.0024272233705104895,0.01790229827859869,0.45555555555555555,0.5,2518.725,0.00022830949314637007,2548.530849609375,-0.011469667234253881,2482.719765625,0.014733955764804667,2568.7373034667967,-0.019245741700387425,2525.6435640639697,2527.312708342223,0,0,0,48.79435295301408,0,0,-1.669144278253043,-0.2548485439484447,-1.4142957343045983,0,2572.9395857267773,2464.5104142732225,2518.725,0.04304922984984656,0.5053034512799114,60.40721148259509,0.02397777569634631,22.118452557127757,17.37402731519301,13.743599789737594,0,46.200032552083336,37.036006343489156,57352.28571428572,66209.03333333334,0.8662305251542067,0,17170445.0,2521.063287209627,1026257.0120187486,0.2530727795731437,0.21590339736000544,0.24810296124337086,0.8702169304147079,0.2361786258942106,0.878014333341466,1.1085346284581707,0.8097462859755231,1.2055439320777057,0.03651807971138437,0.0,0.0,1.0,1.0,0.0,0.0,2297.3310546875,-0.029983016733285406,-0.09044347157368826,0.2323803959302311,-0.3378,-0.3165969103703448
2025-11-11,2540.0,2582.5,2501.5,2566.0,85190.0,0,1,0.01853687542839455,0.006985342268741146,-0.002371640847807055,0.016559721748159895,0.03205564477603584,0.01836716165365984,0.4888888888888889,0.7,2521.9449951171873,0.01746866207157923,2550.30302734375,0.0061549441332857035,2483.423076171875,0.03325125091267774,2568.3990454101563,-0.0009340625688377768,2531.852246515667,2530.178433650206,0,0,1,55.120838934267674,0,0,1.6738128654610591,0.1308837379334561,1.5429291275276031,1,2579.428351380903,2464.4616388534714,2521.9449951171873,0.045586526569779386,0.8831979180260623,61.87812494812401,0.024114623908076387,22.268945991571282,20.424613550733667,12.458548865727083,0,77.33333333333333,43.29379714210026,60355.857142857145,67915.7,0.8886878460040484,0,17255635.0,2524.343775002524,1027836.1684364935,0.265878265192861,0.2196652130606609,0.2503999948424383,0.8772572587267146,0.2328592487224784,0.927478817754779,1.1290833967739615,0.8247564520072564,1.227890949770087,0.03156664068589244,0.008216548553437994,1.0,0.0,0.0,0.0,0.0,2293.5517578125,-0.0016450815250543815,-0.07514013598048519,0.23237027978770877,-0.3259,-0.3106883822697302
2025-11-12,2567.800048828125,2571.0,2520.0,2538.89990234375,36084.0,0,1,-0.010561222781079516,0.025983917461411155,-0.00839712576942342,0.020745327263566704,0.016576537474974895,-0.010617388295412663,0.4222222222222222,0.6111111111111112,2524.0549926757812,0.005881373310425175,2551.0757568359377,-0.004772831406343345,2483.810439453125,0.022179415150036262,2567.133748779297,-0.010998198457315528,2532.936501258449,2530.8244683682465,0,0,0,51.16991642266303,0,0,2.1120328902024994,0.5271135683872648,1.5849193218152346,0,2580.72896705405,2467.3810182975126,2524.0549926757812,0.044907083675057254,0.6309676075378697,61.101116023258015,0.024065980689846566,22.408689894983127,19.20689521421318,11.715768427676277,0,59.2666015625,60.933322482638935,63150.142857142855,67558.96666666666,0.934741100596213,0,17219551.0,2526.456819684428,1027455.077273661,0.27232332809160575,0.22196152876537809,0.2512173370724923,0.883543832412044,0.23376644959995765,0.9176835073357386,1.1171588954822136,0.8160460153774751,1.2149229198986937,0.020087440214921457,0.0007014999330183164,1.0,1.0,0.0,1.0,0.0,2407.609130859375,0.04972958323628962,-0.02363777529336708,0.25638959827245134,-0.4034,-0.3521722446673028
2025-11-13,2550.0,2550.0,2500.0,2509.0,30304.0,0,1,-0.011776715701216967,-0.004088456566702425,-0.00963128731519125,0.0032789311467413818,0.004604604604604656,-0.011846610513746747,0.4,0.5111111111111111,2524.2749877929687,-0.0060512376293535,2547.4770703125,-0.015103990831124545,2484.0286474609375,0.010052763507613784,2565.6008459472655,-0.022061438760699915,2529.253962603303,2529.2078410817094,0,0,0,47.153998604071745,0,0,0.04612152159370453,0.4309151590285527,-0.3847936374348482,0,2580.664430484237,2467.8855451017002,2524.2749877929687,0.04467773357812414,0.36455808867806117,60.30817916445387,0.02403673940392741,21.87034479289833,18.069469822054987,13.390750397913543,0,39.333333333333336,58.64442274305559,59670.142857142855,67009.56666666667,0.8904720001245024,0,17189247.0,2526.741093695802,1027098.1956810514,0.27422405069063227,0.2248524504865933,0.2520815934722733,0.891982819488663,0.23461011371138227,0.9068762095661499,1.1040024327770341,0.8064356734552637,1.2006151180721545,0.01992825827022718,0.004372010746072777,1.0,1.0,1.0,1.0,1.0,2411.194580078125,0.0014892156591341799,-0.00311070749366793,0.2565432427771821,-0.4048,-0.35773091946644814
2025-11-14,2514.60009765625,2633.0,2505.89990234375,2621.699951171875,109551.0,0,1,0.04491827467990239,0.021706917837831297,0.034854366555566285,0.041431656818219365,0.04834448975654948,0.04393867631058161,0.8333333333333334,0.7555555555555555,2531.449987792969,0.0356514897841573,2547.047275390625,0.029309497512094992,2485.3618701171877,0.054856430644547885,2564.862412109375,0.02216007330223855,2543.4764223830834,2536.0591084957955,0,1,1,59.921818733527196,0,0,7.417313887287946,1.8281949046804313,5.5891189826075145,1,2598.6386552477306,2464.261320338207,2531.449987792969,0.053083148218416816,1.1716159644010766,65.07903048529646,0.024823218406899213,22.901434521652583,24.658566819366047,11.522729678035764,0,93.82510992998634,64.1416816086066,67511.14285714286,69976.0,0.9647756781917065,0,17298798.0,2535.7034831088977,1032019.0375905093,0.3870446191611113,0.2582252067494063,0.266341669538015,0.9695261248354897,0.2485197736361738,0.9476115242481109,1.1535923172997933,0.8426593725471992,1.2545446777305629,0.048480032049219614,0.0022320038486448785,0.0,0.0,0.0,0.0,1.0,2438.909423828125,0.011494237743808311,0.00834777503865669,0.2596224986974219,-0.271,-0.27252260177590126
2025-11-17,2625.0,2649.10009765625,2581.0,2599.60009765625,41127.0,0,1,-0.008429589170090401,0.02390806949752733,0.020171159041399767,0.02213661296238567,0.04569593630581248,-0.008465319090935222,0.7333333333333333,0.7333333333333333,2537.1049926757814,0.024632447281796376,2547.01845703125,0.02064438931718152,2486.191435546875,0.0456154182207732,2563.637685546875,0.01402788401501567,2552.1108339635707,2540.7658484336066,0,1,1,57.01292218923501,0,0,11.344985529964106,3.7315530297371664,7.613432500226939,0,2607.333732302566,2466.8762530489967,2537.1049926757814,0.0553613191645785,0.944939673647748,65.29482099750743,0.02511725594116418,24.086212489306988,24.58282132074128,10.664316577542408,0,75.13813374141952,69.43219233491311,55812.42857142857,70904.36666666667,0.7871507947290773,0,17257671.0,2541.521481687228,1031672.353876711,0.3950166125561072,0.25896746068161913,0.2666582145477611,0.9711587588659696,0.2511299685461878,0.9396235484058562,1.1438680079951835,0.8355561002263001,1.2439693815017707,0.026196374479923953,0.0012587439026536616,0.0,0.0,0.0,0.0,1.0,2460.899658203125,0.009016421093852589,0.06382050201490497,0.26112986472161104,-0.2868,-0.2876098819078074
2025-11-18,2613.199951171875,2614.60009765625,2540.0,2553.800048828125,64647.0,0,1,-0.0176181132126505,0.017855738871313198,0.032005151558381906,0.009008316407793426,-0.0215700726875111,-0.017775159475696016,0.8,0.3,2538.584997558594,0.005993516578788486,2546.33931640625,0.0029299835940186734,2486.903586425781,0.02689949975040588,2563.052403564453,-0.0036098968259332927,2552.3707131735023,2541.731344759127,0,0,1,51.43973950427305,0,0,10.63936841437544,5.113116106664822,5.526252307710618,0,2608.916149442253,2468.253845674935,2538.584997558594,0.05540972782183604,0.6081672264852119,65.95948361598904,0.025827974921629516,23.98555667585208,22.596882625978996,14.24274810715531,0,52.13460467876701,73.699282783391,58479.42857142857,41476.1,1.4099548552402124,0,17193024.0,2543.9035288039145,1030533.3957118528,0.3600958875765324,0.22277703798485163,0.2679193251585853,0.831507909528313,0.2293673584022058,0.9230691543527695,1.1237152119299954,0.8208351782569925,1.2220529881054016,0.029211408970910673,0.005231517542981464,0.0,0.0,0.0,0.0,1.0,2435.7109375,-0.0102355740589265,0.02844601820997905,0.2604951656722979,-0.2321,-0.19964628384881314
2025-11-19,2557.0,2567.300048828125,2535.199951171875,2557.699951171875,16067.0,0,1,0.0015270977637968919,-0.024411641756102775,0.015242290159765526,0.008040003921953032,-0.01570138496368101,0.0015259329357269,0.6666666666666666,0.37777777777777777,2540.2599975585936,0.0068654207167938375,2545.8500341796876,0.004654601344578285,2488.038271484375,0.02799863671146006,2562.7830114746093,-0.0019834142336574868,2553.1905959424826,2542.9142044934047,0,0,1,51.87116696411756,0,0,10.276391449077892,6.145771175147436,4.130620273930456,0,2610.7441522350814,2469.7758428821057,2540.2599975585936,0.05549365399150411,0.6237154201063226,63.540956047436254,0.02484300631836168,23.760932376912056,21.781478128131262,14.26839104799943,0,54.09336933516776,60.455369251784816,54710.0,39676.4,1.37890534423486,0,17209091.0,2544.4930564081324,1030557.9315916237,0.3476895759258149,0.22258172579967117,0.2679221261355882,0.8307702279393996,0.22613653722766874,0.9244787711942115,1.1254312349172784,0.8220886738221547,1.223919182490779,0.01255037661534244,0.0012530155496486021,0.0,0.0,0.0,1.0,0.0,2432.0126953125,-0.0015183419881900084,0.05862526445641958,0.2599093116481217,-0.2365,-0.20362096429673915
2025-11-20,2558.60009765625,2575.60009765625,2522.800048828125,2532.89990234375,15857.0,0,1,-0.009696230715710907,-0.02565786767458411,-0.012899492461516004,-0.01524054034608524,-0.00919261496546564,-0.009743545257651134,0.26666666666666666,0.3888888888888889,2542.539990234375,-0.003791518689047854,2544.6550048828126,-0.004619527015059529,2488.7142114257813,0.017754425443914184,2562.791131591797,-0.01166354482797074,2550.068950773447,2542.172404334171,0,0,0,48.8961791762345,0,0,7.89654643927588,6.495926227973126,1.4006202113027548,0,2608.6237071350424,2476.456273333708,2542.539990234375,0.05198244051577379,0.4270615490263998,62.77374838891402,0.024783351418991347,23.20730017656664,20.472852038142104,14.822101229212453,0,41.63729868524636,49.288424233060425,44805.28571428572,39187.1,1.1433682439957464,0,17193234.0,2546.174555099582,1030404.1784611647,0.3332689110877087,0.21931012830066995,0.26832421978901655,0.8173325854561828,0.22559081677715573,0.9155148117369355,1.114518794008853,0.8141175123720022,1.212051779719964,0.020845691051299704,0.0003519359195993944,0.0,0.0,0.0,1.0,0.0,2445.0068359375,0.005342957563521322,0.06603516908179641,0.25943563057369745,-0.2293,-0.19502279769345418
2025-11-21,2553.39990234375,2571.5,2500.0,2519.199951171875,36993.0,0,1,-0.005408800860704388,-0.013548475602906729,-0.007759246890233551,-0.016091217287643733,-0.013393887553799555,-0.00542348138402699,0.3888888888888889,0.36666666666666664,2543.4599853515624,-0.00953820163061623,2543.1660009765624,-0.00942370643343161,2489.3570263671877,0.011988205985960239,2563.108044433594,-0.017130800770211747,2545.3198739116665,2540.4707411369636,0,0,0,47.28288235287853,0,0,4.849132774702866,6.166567537319073,-1.317434762616207,0,2607.580153263012,2479.3398174401127,2543.4599853515624,0.05041963960961381,0.31082368488811,63.39705207542016,0.02516554989846252,22.085380652012297,18.823599010926376,16.196911261470028,0,34.75636224516072,43.49567675519166,44935.142857142855,39804.26666666667,1.1289026684863646,0,17156241.0,2546.427373064225,1030204.0906909247,0.32896246267069346,0.21980124291828543,0.26834822536034536,0.8190896087467331,0.22995491779682126,0.9105629744352252,1.1084905837965466,0.80971411287037,1.2054960330105964,0.0283820265901243,0.008093489987911043,1.0,0.0,0.0,1.0,1.0,2421.217529296875,-0.009729750563868378,0.005652245733360539,0.2602304352202173,-0.221,-0.1878038333394804
2025-11-24,2518.0,2528.199951171875,2490.5,2518.39990234375,16675.0,0,1,-0.00031758051906627394,-0.015365386706176598,0.0037464736324233083,-0.005920897046740592,-0.0038762949993660367,-0.0003176309584386432,0.5222222222222223,0.4111111111111111,2543.5099853515626,-0.009872217192944061,2540.79,-0.008812258256782324,2490.0347875976563,0.011391453198716104,2562.866131591797,-0.017350195821749403,2541.1783398242947,2538.8358641893183,0,0,0,47.18497276537409,0,0,2.342475634976381,5.401749156850536,-3.0592735218741547,0,2607.546094434352,2479.473876268773,2543.5099853515626,0.050352551750598745,0.30393809549430295,61.561544868024086,0.02444470586690057,20.798913740449276,18.000208410381568,16.59068356229162,0,34.354529781217735,36.91606357054165,42988.142857142855,39633.5,1.0846416000893904,0,17139566.0,2546.4293989766406,1030198.7950357692,0.32032221922258464,0.2179609012273979,0.2681572678729088,0.8128099713885022,0.23018358921579973,0.9102737973731614,1.1081385487815643,0.8094569634421093,1.2051131909547004,0.014969803301211029,-0.0004763223226154834,1.0,0.0,1.0,1.0,1.0,2398.127685546875,-0.009536459847416245,-0.005419261738232151,0.2603145548077259,-0.2339,-0.19700324923536613
2025-11-25,2523.300048828125,2529.89990234375,2495.0,2525.89990234375,17593.0,0,1,0.0029780814369553266,-0.002763630727579347,-0.03654119487827101,-0.002960448523370296,0.00971370472453481,0.0029736557369855316,0.08888888888888889,0.5111111111111111,2542.6399780273437,-0.006583738094364863,2539.3319970703124,-0.005289617404128047,2491.069208984375,0.013982226280086208,2562.5957971191406,-0.014319813845259538,2538.827810981134,2537.87764479335,0,0,0,48.26646373349553,0,0,0.9501661877839069,4.51143256303721,-3.561266375253303,0,2607.159078766685,2478.1208772880022,2542.6399780273437,0.05074969425234733,0.3702703889874106,59.65714183057594,0.023618173378612845,19.646155736948476,17.451584839516208,15.897420576056506,0,38.12147921433599,35.74412374690486,29851.285714285714,38897.833333333336,0.7674279813602055,0,17157159.0,2546.284569305452,1030251.1884224896,0.11688311498864032,0.2158447544002584,0.2666719208856464,0.809401881095747,0.22607354289658502,0.9129846668716652,1.1114386756232653,0.8118675921989504,1.2087021161781126,0.013816819229996734,0.0019457380377972046,0.0,0.0,1.0,1.0,1.0,2331.857177734375,-0.027634269939795786,-0.043893489872092184,0.27099178757152875,-0.2408,-0.19293721917189577
2025-11-26,2535.300048828125,2575.0,2527.300048828125,2549.39990234375,22618.0,0,1,0.00930361491292464,0.01198791352700157,-0.019310737585276905,0.00047090149708362006,0.021107843234081658,0.009260602860270207,0.2,0.6222222222222222,2543.5599731445313,0.0022959667791905528,2537.9799951171876,0.004499604901745916,2492.3176538085936,0.02290327978374952,2562.3832861328124,-0.0050669171389488305,2540.4542865753824,2538.731145352639,0,0,1,51.610045043083545,0,0,1.7231412227433793,3.9537742949784436,-2.2306330722350642,0,2607.9047236832653,2479.2152226057974,2543.5599731445313,0.050594246817924515,0.5453799972050802,58.903067246695514,0.023104679337495826,19.586914308088044,21.881544840517883,14.950871635261818,0,49.92458743810652,40.80019881122013,27207.14285714286,38507.13333333333,0.7065481250350895,0,17179777.0,2546.5841283195546,1030461.6175845901,0.14243166188031578,0.21725895108456122,0.2666819779996188,0.8146742900072227,0.22595796746701685,0.921478724633644,1.121779073060595,0.8194208956370528,1.2199474152114709,0.01871026633680452,0.003721503958115175,0.0,1.0,1.0,0.0,0.0,2313.96533203125,-0.00767278797087767,-0.05970756494767526,0.27013029154279444,-0.2432,-0.19669552342318186
2025-11-27,2533.800048828125,2554.699951171875,2515.10009765625,2521.800048828125,11341.0,0,1,-0.010826019680259424,0.0013501217504061636,-0.012530346694403116,0.019073769218945325,0.006867344287006194,-0.010885047441702793,0.3,0.4888888888888889,2542.7849731445312,-0.008252732550348241,2536.483994140625,-0.005789094410380806,2493.564765625,0.011323260415114235,2562.1269116210938,-0.015739603924402556,2537.584403845035,2537.476990054527,0,0,0,47.70997414096384,0,0,0.1074137905079624,3.1845021940843474,-3.077088403576385,0,2607.816897341798,2477.7530489472647,2542.7849731445312,0.05115015613518034,0.33865674762482045,57.524266265904764,0.02281079592041255,19.180015611189603,20.805593983318293,15.730595730428353,0,36.06228709746246,41.36945124996837,19592.0,37462.166666666664,0.5229809630160206,0,17168436.0,2546.579912191836,1030338.8396953963,0.11541389068039462,0.21967504046912692,0.22080387039510666,0.9948876352395463,0.22313810137341694,0.9115027778258198,1.109634670738738,0.8105498288944701,1.2067402404855097,0.015703010844982324,-0.006119029619983716,0.0,1.0,1.0,1.0,1.0,2253.9921875,-0.02591790970290997,-0.07460604097238033,0.2753806506876539,-0.2043,-0.16392504293508767
2025-11-28,2537.0,2538.89990234375,2503.0,2510.0,10266.0,0,1,-0.004679216670492314,-0.006294747598270534,-0.01864954923661788,-0.0036915209176655583,0.012831914072586326,-0.0046901984757059985,0.2222222222222222,0.5555555555555556,2539.679968261719,-0.011686499335596706,2534.2379931640626,-0.009564213475389027,2495.116364746094,0.005965106663640766,2561.9261474609375,-0.02026840137932947,2533.3406494073374,2535.4416574578954,0,0,0,46.10578562975617,0,0,-2.1010080505579936,2.1274001451558795,-4.2284081957138735,0,2604.748555339307,2474.6113811841306,2539.679968261719,0.05124156420552816,0.2719332046788705,55.97966884289371,0.022302656909519405,18.4571880532723,19.852545431886604,16.55395960065339,0,12.295074396652844,32.760649644073986,18763.285714285714,36894.433333333334,0.5085668492252864,0,17158170.0,2544.52011883746,1030290.802857057,0.11390370628342326,0.21780498342708246,0.21838876033945498,0.997326891221576,0.22316860035904978,0.9072376588326171,1.1044424496892609,0.8067570906228425,1.201093641435276,0.014302749937749003,0.006027421237833025,1.0,1.0,1.0,1.0,1.0,2279.180908203125,0.011175158832765542,-0.06284168968523285,0.27889253176884954,-0.2134,-0.16762227195569057
2025-12-01,2516.10009765625,2516.10009765625,2485.0,2494.60009765625,13256.0,0,1,-0.00613541926045813,-0.021495177997426285,-0.015120931013523409,-0.027825371139419297,0.0032576302659359513,-0.006154318287163914,0.26666666666666666,0.45555555555555555,2536.3899780273437,-0.01647612580601481,2531.6779931640626,-0.014645581155237317,2496.755671386719,-0.0008633498884861392,2561.757001953125,-0.02621517351008445,2527.380564522555,2532.4163567318474,0,0,0,44.02528778657936,0,0,-5.035792209292595,0.6947616742661848,-5.7305538835587795,0,2603.6640024442127,2469.1159536104747,2536.3899780273437,0.053047066894019834,0.1894055266254086,54.2025566152763,0.02172795417838763,17.29041246644251,19.0389094546878,18.24756743034629,0,5.850147436450575,18.069169643522006,18391.714285714286,36007.0,0.5107816337299493,0,17144914.0,2543.39536904629,1030209.4717393403,0.10635332363353159,0.21843766435922368,0.2163741983721387,1.0095365621345298,0.22347711536532447,0.9016713754268024,1.0976662322113697,0.8018072976305238,1.1937244283740003,0.012466967224714477,0.0024303177913346614,1.0,1.0,1.0,1.0,1.0,2260.989013671875,-0.007981768566845515,-0.07526270256625534,0.27902225120251883,-0.21,-0.16541574541588638
2025-12-02,2494.60009765625,2510.699951171875,2481.300048828125,2503.39990234375,9846.0,0,1,0.003527541226254094,-0.00729643355067966,-0.0062718518316797756,-0.013982433875092348,-0.00824025403315154,0.0035213340458095576,0.43333333333333335,0.35555555555555557,2534.8899780273437,-0.01242265974324428,2529.4659912109373,-0.010304977002165044,2497.603044433594,0.002320968467377404,2561.5636889648435,-0.022706359740990154,2523.691231879662,2530.2669897401365,0,0,0,45.537623408224675,0,0,-6.5757578604743685,-0.759342232681926,-5.816415627792442,0,2603.7635124095536,2466.0164436451337,2534.8899780273437,0.05434045262651399,0.271392045100799,52.430938453024424,0.02094389250552306,16.105679989671696,18.27635249443478,18.02076352384741,0,13.170349871746186,10.438523901616582,14513.57142857143,35906.4,0.4042056967162241,0,17154760.0,2543.68355906886,1030244.2039102541,0.10840577234528463,0.21409874772348517,0.2163443304154218,0.9896203302965014,0.22251597576919227,0.9048520583761538,1.1015382950981625,0.8046357059284269,1.197935340507876,0.011743989570433802,0.0,1.0,1.0,1.0,1.0,1.0,2238.59912109375,-0.009902698528270859,-0.0754242053815617,0.27922319587002126,-0.2274,-0.17543064050632787
2025-12-03,2550.0,2665.89990234375,2526.0,2609.0,1871777.0,0,1,0.04218267227596528,0.03944223107569722,0.0359752625355223,0.0398565165404543,0.03359482230746269,0.04131723725225318,0.8444444444444444,0.6777777777777778,2538.6699829101562,0.02770348945049654,2529.3859912109374,0.03147562652189261,2499.845007324219,0.04366470415404607,2561.8983764648438,0.018385437911144487,2536.815657744329,2536.0990645742004,0,1,1,59.63256876570576,0,0,0.7165931701288173,-0.4641551521197773,1.1807483222485946,1,2615.0846880943996,2462.255277725913,2538.6699829101562,0.06020058195720797,0.960186406008315,60.293014277808396,0.02310962601679126,17.739698971047495,33.14432445148864,14.551546084289518,0,69.17662649232068,29.39904126683919,279528.14285714284,97870.16666666667,2.8561118508072036,1,19026537.0,2584.3846630058406,1109200.7596749435,0.276023537170414,0.24571545314891047,0.23269477002153316,1.0559560626402236,0.239724151268252,0.9430211362128676,1.1480041239997139,0.8385773902131458,1.2484674543843168,0.05362203999377156,0.018614723765316817,0.0,0.0,0.0,0.0,0.0,2188.8212890625,-0.02223615276277302,-0.0872790876590227,0.28374064955911266,-0.2852,-0.24923417810866763
2025-12-04,2609.0,2639.800048828125,2576.60009765625,2631.5,118158.0,0,1,0.008623993867382218,0.054878496345915906,0.04180692099408412,0.0037380512685079026,0.057974489744337054,0.008587019657105297,0.8777777777777778,0.8,2542.8349853515624,0.034868568019241375,2530.909990234375,0.03974460180478792,2502.2450537109376,0.051655590685401404,2562.5118603515625,0.02692207623147262,2551.3824796298168,2543.165800531667,0,1,1,61.895375072342844,0,0,8.216679098149598,1.2720116979340979,6.9446674002155,0,2629.7903652232226,2455.8796054799022,2542.8349853515624,0.06839246775554181,1.0098305290558256,60.50065262738458,0.022990937726537937,19.25700231089645,30.67124642199559,13.465776212319906,0,81.3651518738403,54.57070941263577,293894.5714285714,100515.16666666667,2.923882844498473,0,19144695.0,2588.2388131924945,1110219.7535423257,0.276305552383538,0.24192694639079151,0.2332026877307754,1.037410626545128,0.2390816585651912,0.9511537447083792,1.1579045045248166,0.8499019262462056,1.2592342300545534,0.024016701946370893,0.0,0.0,0.0,0.0,0.0,0.0,2216.90869140625,0.012832204476492581,-0.049294822781474346,0.2882506511546998,-0.2638,-0.22346097155347983
2025-12-05,2628.199951171875,2636.699951171875,2580.300048828125,2600.5,29219.0,0,1,-0.011780353410602351,0.03878728986341429,0.020043970978924186,0.0003461695299062928,0.039867222178995965,-0.011850291580706523,0.6888888888888889,0.7,2549.12998046875,0.02015198123471274,2533.3139892578124,0.026520996223555828,2504.504892578125,0.038328975801304316,2563.4962060546877,0.014434893196999282,2558.939021225229,2547.412778270062,0,1,1,57.14267212846326,0,0,11.526242955167163,3.322857949380711,8.203385005786451,0,2633.4758794001223,2464.784081537378,2549.12998046875,0.06617622449825969,0.8045199599630031,60.20774189283926,0.023152371425817827,20.665926840756192,28.619000495074612,12.564766712922951,0,64.57207245930215,71.70461694182109,294837.5714285714,100914.53333333334,2.921656194501599,0,19115476.0,2590.205762007703,1109875.5433960212,0.2938409079838454,0.24489101707719854,0.23451633579869688,1.044238629446296,0.24080759643718014,0.9399488174478967,1.144263980245786,0.8495914916869155,1.2444000057977829,0.021688099343876176,-0.001254056176372791,0.0,0.0,0.0,0.0,0.0,2264.387451171875,0.02141665101033441,-0.02142550719022851,0.29537360228111215,-0.2893,-0.24203413579854924
2025-12-08,2614.89990234375,2625.0,2543.60009765625,2578.10009765625,44190.0,0,1,-0.008613690576331434,-0.011843580814009158,0.022325342111991553,0.009515251140854053,0.024112257752924693,-0.008651002827639724,0.7,0.6,2552.0699829101563,0.010199608521867885,2534.6119921875,0.017157697352807588,2506.56669921875,0.028538398144280705,2564.5892834472656,0.005268217525584998,2561.886879137694,2549.685913039409,0,1,1,53.9208027075092,0,0,12.20096609828488,5.098479579161545,7.102486519123335,0,2636.136580879466,2468.003384940847,2552.0699829101563,0.06588110712657438,0.6548184140602228,61.721467639332886,0.023940679299242047,20.95949377760479,25.923036635665294,15.628327247776687,0,52.437771203286246,66.12499851214294,299530.28571428574,101806.0,2.9421673154262593,0,19071286.0,2591.4812740706734,1109494.904409453,0.28973683446946097,0.24600779295922962,0.23258806429168685,1.0576974089724276,0.2463278925063019,0.9318523891768118,1.1344076443823072,0.8422733734612405,1.2336811291946557,0.03157360042682231,0.005537359101615074,0.0,1.0,0.0,0.0,0.0,2215.20947265625,-0.02171800523367773,-0.01720623303790847,0.30022278631658317,-0.2617,-0.2164799088277863
2025-12-09,2572.10009765625,2572.10009765625,2485.10009765625,2536.800048828125,47978.0,0,1,-0.016019567613247743,-0.03598706105714422,0.01067731029008967,-0.008171365970497946,-0.002555734626354833,-0.016149267913429365,0.6,0.34444444444444444,2550.6099853515625,-0.005414366211513914,2535.6219921875,0.0004646026277792119,2507.980791015625,0.011491020152841504,2564.482568359375,-0.010794582842089574,2558.027366782376,2548.7314045793137,0,0,1,48.49197132360198,0,0,9.295962203062118,5.93797610394166,3.357986099120458,0,2634.6721927689628,2466.5477779341622,2550.6099853515625,0.06591537545934414,0.41785882771989313,63.95564852223768,0.025211150777051584,19.901686976605355,23.230498399266974,20.5386112465254,0,30.065029274415075,49.02495764566786,304917.71428571426,102556.0,2.9731825957107754,0,19023308.0,2591.734054980032,1108726.3175945047,0.31020214997869433,0.24907464379342545,0.23299625800824725,1.0690070558326696,0.2511695891136829,0.9169245168228274,1.11623492442214,0.8287805182062399,1.2139180909323342,0.03429517436354105,-0.0023272952068287022,1.0,1.0,1.0,1.0,0.0,2244.196533203125,0.013085471556835149,-0.015349538456594591,0.30394417602269586,-0.2912,-0.24084557949467938
2025-12-10,2536.800048828125,2600.39990234375,2495.0,2508.300048828125,34737.0,0,1,-0.011234626084608235,-0.035454701469669336,0.005491842634315125,-0.00971213015281902,-0.008968767748666506,-0.011298211181315415,0.5666666666666667,0.28888888888888886,2549.0799926757813,-0.015997906681951335,2535.8379931640625,-0.010859504593815685,2509.4764379882813,-0.00046877872306278975,2563.98041015625,-0.021716375486945223,2550.3770101740297,2545.736489338485,0,0,0,45.116283339420804,0,0,4.640520835544521,5.678485050262232,-1.0379642147177108,0,2635.1299745201995,2463.030010831363,2549.0799926757813,0.06751454021973718,0.26304501771198446,66.91595236663142,0.026677810096082593,19.403135526947256,23.637713070996895,18.22785793467011,0,14.62623045782355,32.376343645175,307986.4285714286,103292.4,2.981694960824113,0,18988571.0,2591.6411158969345,1108336.0603882037,0.3170058409270814,0.25084170848549175,0.23353337337517835,1.0741150391490601,0.2597151335140684,0.9066232127285129,1.103694442423676,0.8194694789779849,1.2002801750833678,0.0420204522154328,0.0,1.0,1.0,1.0,1.0,1.0,2210.61181640625,-0.014965140663923848,-0.0222810446937165,0.29930646181182574,-0.2679,-0.22659449738813084
2025-12-11,2504.10009765625,2551.0,2492.0,2533.0,23770.0,0,1,0.009847287282641837,-0.017493540183816214,0.011823958940214707,0.005477948989998094,-0.001694734065886716,0.009799118710932721,0.6222222222222222,0.35555555555555557,2550.279992675781,-0.00677572373441663,2536.5479931640625,-0.0013987486827074737,2510.8794970703125,0.008809862422907058,2563.012468261719,-0.011709840913132123,2547.7036239934096,2544.7930456837826,0,0,0,48.46465432278548,0,0,2.910578309626999,5.124903702135185,-2.2143253925081865,0,2634.629150952965,2465.930834398597,2550.279992675781,0.06614893934738822,0.3975686715272456,66.35052719758632,0.026194444215391362,18.874295897937802,22.13635233249306,17.393066830409623,0,28.006496314743274,24.232585348994007,309975.5714285714,103623.66666666667,2.9913588410810728,0,19012341.0,2591.877836077872,1108570.1304069122,0.32148999294340824,0.2524379875643588,0.23403148036129734,1.078649706332864,0.2623711530362082,0.9155509919613621,1.1145628386704771,0.827539030356838,1.2120996787870733,0.02329253849190683,-0.0016744213571407505,1.0,1.0,1.0,1.0,1.0,2276.68212890625,0.029887794867309303,0.01701198193712017,0.31537866739358783,-0.2165,-0.17484475850631576
2025-12-12,2551.89990234375,2575.0,2533.0,2571.89990234375,34542.0,0,1,0.015357245299546074,0.013836271223598873,-0.01422004509630126,0.021243647583614633,-7.78334065156816e-05,0.015240516380674782,0.23333333333333334,0.3888888888888889,2547.789990234375,0.009463068856455044,2537.969990234375,0.013368917772838457,2512.9372314453126,0.02346364650919876,2562.339403076172,0.0037311603826176818,2551.4261283550004,2546.800960991928,0,1,1,53.29714057579557,0,0,4.625167363072251,5.024956434322599,-0.399789071250348,0,2625.9771007135373,2469.602879755213,2547.789990234375,0.061376417035039516,0.6541808615359972,64.61120382633015,0.025121974524533606,18.79658176998813,23.761759509758733,16.58547933163027,0,49.079049517206904,30.570592096591287,47513.42857142857,102636.23333333334,0.46293036122164044,0,19046883.0,2591.654793243301,1109100.600374049,0.2025112080381591,0.25324229266238685,0.23529869573584491,1.0762588031796236,0.26029239180207625,0.9296113331291554,1.131679453585698,0.8402477502409763,1.2307141908817074,0.01633034005784042,0.007461469539577576,0.0,1.0,0.0,1.0,1.0,2281.3798828125,0.00206342108395563,0.04228695792229065,0.31251030409586134,-0.1869,-0.15282373897715557
2025-12-15,2569.0,2602.0,2550.0,2590.10009765625,19207.0,0,1,0.0070765566326722595,0.03261174789130261,-0.01573243486367093,0.025416761469023275,0.011599826763511789,0.007051635308154496,0.2222222222222222,0.4888888888888889,2547.314990234375,0.016796158930442513,2540.0519921875,0.019703575211327942,2515.7053271484374,0.029572132198861064,2561.473682861328,0.011175759870757033,2557.375969785962,2550.0083044485445,0,1,1,55.40417604792401,0,0,7.367665337417293,5.493498214941538,1.8741671224757548,1,2624.282735526758,2470.3472449419914,2547.314990234375,0.06043048903449642,0.7779418005512833,63.71040355302086,0.02459766076634321,19.157753486631623,25.403550695035154,15.618553907985953,0,58.93831807343005,45.341287968460115,33377.57142857143,102725.66666666667,0.32491949199880027,0,19066090.0,2591.2640310819074,1109236.5197972928,0.1993095304587626,0.2536623740438511,0.23578284345946598,1.0758304986149632,0.2616521612163446,0.9361897803744179,1.1396878473290288,0.8461938110310321,1.2394234095521153,0.020076444167950947,-0.0011275331287610938,0.0,0.0,0.0,0.0,1.0,2277.88134765625,-0.0015335171413614068,0.027503458525990565,0.31238843389657683,-0.1877,-0.15369965426505736
2025-12-16,2595.0,2595.0,2536.0,2548.60009765625,18840.0,0,1,-0.01602254678788395,0.006158743646367926,-0.019957662889348193,-0.00031372272618535035,0.0059999194357107655,-0.01615229559472073,0.16666666666666666,0.4222222222222222,2547.0549926757812,0.0006066241148745504,2538.8219921875,0.003851434050452977,2517.517080078125,0.012346695807585224,2560.5507800292967,-0.004667231154427619,2556.02583561216,2549.9039928343004,0,0,1,49.87835027246372,0,0,6.121842777859456,5.619167127525122,0.5026756503343339,0,2623.965609511348,2470.1443758402147,2547.0549926757812,0.060391799200824416,0.5100448094427077,63.37394615637652,0.024866178971999817,19.143022206880264,23.71424732544456,16.157875718615134,0,36.457260147516074,48.15820924605105,31894.85714285714,101531.53333333334,0.31413745164415724,0,19047250.0,2591.602874450119,1108934.655015809,0.20941404245790554,0.2562484526018848,0.23796465187676266,1.0768341036406994,0.2583401081863685,0.9211896358160301,1.1214271454716167,0.8326356311021695,1.2195646899825678,0.02314996379944336,0.0018917810737059397,1.0,1.0,1.0,0.0,1.0,2246.895263671875,-0.013603028101642378,-0.007724909220348963,0.3102265342552369,-0.187,-0.15576289303132546
2025-12-17,2536.0,2570.0,2521.89990234375,2530.39990234375,14310.0,0,1,-0.007141251908935109,-0.01613593124762802,-0.018502072652595736,0.0034102043576458296,-0.0011841794093481184,-0.0071668726975520165,0.2111111111111111,0.35555555555555557,2545.689990234375,-0.006006264686304989,2537.459990234375,-0.0027823445168775602,2519.49640625,0.00432764899632417,2559.189298095703,-0.011249420186844097,2552.0833843400965,2548.459245390556,0,0,0,47.63452437736657,0,0,3.624138949540338,5.220161491928165,-1.5960225423878267,0,2622.773972356287,2468.606008112463,2545.689990234375,0.060560384349718124,0.4008218862743571,62.282956977796054,0.024613878984150794,18.77964930516979,22.40609582330089,16.883612393792657,0,26.597991591292928,40.66452327074639,27626.285714285714,100186.4,0.27574886126545833,0,19032940.0,2591.55573506206,1108832.463700992,0.20787995167978962,0.2571372471921311,0.23836565629568038,1.078751239537484,0.25396132563427337,0.9146111885707676,1.1134187517282859,0.8266895703121138,1.21085547131216,0.019008891682179528,-0.004943928891722689,1.0,1.0,1.0,1.0,1.0,2231.502197265625,-0.0068508161707078186,0.007354936321140926,0.310426465801714,-0.1826,-0.15255744134798502
2025-12-18,2525.0,2553.699951171875,2505.0,2538.800048828125,16180.0,0,1,0.003319691277491099,-0.019806203194442484,0.0007883948129550067,0.011474123039093564,-0.0036888401710498675,0.0033141932668406763,0.4666666666666667,0.26666666666666666,2545.984997558594,-0.0028220703332339945,2537.1079931640625,0.0006669229960339018,2521.4868212890624,0.006866277226946421,2557.8515893554686,-0.007448258767876459,2550.0397942613317,2547.7437493488947,0,0,1,48.77980985965399,0,0,2.2960449124370825,4.635338176029948,-2.3392932635928654,0,2622.907871826564,2469.0621232906237,2545.984997558594,0.060426808753180704,0.45329771021400417,61.312742277373125,0.024150284031101324,18.03126877643304,21.134889811051277,17.894540841430565,0,31.148453752772372,31.401235163860502,23083.714285714286,96625.13333333333,0.23889968882196577,0,19049120.0,2591.4737399876963,1108886.176305862,0.18657635714223617,0.2567423180681071,0.23410671301277675,1.096689260910237,0.2515900649227278,0.9176474153557618,1.1171149582465933,0.8294339244678718,1.2148751376585774,0.019182271244383434,-0.0021340114417284046,1.0,1.0,0.0,1.0,1.0,2228.3037109375,-0.0014333332640426022,-0.007081742632826016,0.2849209624111193,-0.1706,-0.15503085237436173
2025-12-19,2525.0,2599.89990234375,2525.0,2589.39990234375,24441.0,0,1,0.019930617828285202,0.01600871189050812,0.03233259655419407,0.03800200472074344,0.04639125521583454,0.019734603245621155,0.8111111111111111,0.7222222222222222,2549.4949951171875,0.015652082982311667,2537.8279931640627,0.02032127839971908,2524.232932128906,0.025816543863835414,2556.7668798828126,0.012763393768004795,2556.095195504781,2550.829390311477,0,1,1,55.143912519426166,0,0,5.265805193304004,4.76143157948476,0.5043736138192445,1,2627.6680479142474,2471.3219423201276,2549.4949951171875,0.061324343014422474,0.7552344177357196,62.283253710685756,0.024053161373147176,18.18328038924463,24.61781861196953,16.357439566600775,0,58.559013702833276,38.768486348966235,21612.85714285714,95907.23333333334,0.22535169029159574,0,19073561.0,2592.213923082931,1109373.300536203,0.19933603669196354,0.24747706377032438,0.2292378600638491,1.0795645348521188,0.2534852120923866,0.935936695292331,1.139379749549667,0.8459650550302557,1.2390883497363359,0.028925583211753297,-0.005435658012727277,0.0,0.0,0.0,1.0,0.0,2237.999267578125,0.0043510929829875256,0.012389082048967826,0.2755720168412855,-0.0743,-0.067387200043599
2025-12-22,2602.0,2602.0,2566.60009765625,2577.199951171875,13333.0,0,1,-0.00471149750211719,0.01849511959938699,0.01744964515273395,0.029479927980755827,0.022982535315982933,-0.004722631592397994,0.6888888888888889,0.5777777777777777,2552.4349975585938,0.009702481605591895,2538.8079931640623,0.015122040781022451,2526.3796264648436,0.020115870225783993,2555.4910791015627,0.008494990355413214,2559.3420809920262,2552.7827651900247,0,1,1,53.42046843156499,0,0,6.559315802001493,5.121008423988107,1.438307378013386,0,2630.1052341942714,2474.764760922916,2552.4349975585938,0.06085971764998463,0.6594237038921646,60.363014327333204,0.023421936780607815,18.360306254846005,23.835103500115547,15.672237863320056,0,50.94023949573023,46.882568983778675,20121.85714285714,94936.56666666667,0.21195054602624638,0,19060228.0,2592.7124962719777,1109310.4821400072,0.20228319695965896,0.24310456077884376,0.2280142535306825,1.066181420742325,0.2463864184915854,0.9315270318903215,1.1340115647057007,0.8419792927866022,1.2332503880716505,0.013735799710710594,0.00486603001909641,0.0,0.0,1.0,1.0,0.0,2262.488525390625,0.010942478028154623,-0.006234336948234276,0.2644264411607019,-0.0233,-0.021647126798283872
2025-12-23,2600.0,2600.0,2558.800048828125,2567.5,14746.0,0,1,-0.003763755764260468,0.011304533882108059,-0.001710759559398256,-0.015906477577615985,0.000584567420109039,-0.0037708565155822617,0.43333333333333335,0.36666666666666664,2554.515002441406,0.005083155724739876,2540.1259912109376,0.010776634262937698,2527.8240551757813,0.015695690822698387,2554.166778564453,0.0052201843463960075,2560.597145454791,2553.8729307315043,0,1,1,52.028163824897405,0,0,6.724214723286877,5.441649683847861,1.2825650394390165,0,2631.4175059865797,2477.6124988962324,2554.515002441406,0.06020908350248579,0.5844250639445461,58.99422410194334,0.022977302473979878,18.313165718624408,22.64611894232898,15.834856020477769,0,53.26433636181431,54.25452985345931,17293.85714285714,92588.43333333333,0.186782047392426,0,19045482.0,2593.163184145275,1109254.9817975075,0.18313437006776967,0.2375739110119867,0.2269980520391974,1.0465900869094817,0.24166617326100953,0.9280209916544798,1.1297434221423017,0.8388102883699887,1.2286087348147694,0.016046719054284325,0.008846829605812161,1.0,0.0,1.0,1.0,0.0,2247.794921875,-0.0064944433311935335,-0.014721336499249005,0.2650015355213532,-0.0173,-0.015716441183801687
2025-12-24,2569.300048828125,2586.0,2535.199951171875,2574.60009765625,21506.0,0,1,0.0027653739654331932,-0.005715534581624215,-0.005984324703908417,-0.02162261156897205,0.014061285078448282,0.0027615573534693206,0.4,0.5222222222222223,2555.775012207031,0.0073657052593853285,2541.683994140625,0.012950509816132433,2529.619143066406,0.017781710228251143,2552.38158203125,0.008705013302641732,2562.751445793477,2555.4082764296336,0,1,1,52.99390380430883,0,0,7.343169363843572,5.821953619847004,1.5212157439965681,0,2633.148978729559,2478.401045684503,2555.775012207031,0.0605483394688267,0.6216499960858144,58.408925868099175,0.022686601278882456,17.646871692719955,21.23925966655449,17.737205072537893,0,59.03699635882265,54.41385740545578,17622.285714285714,92102.5,0.1913334134717919,0,19066988.0,2593.3151743234075,1109314.453930008,0.17768356362024734,0.23552426646439953,0.2268967205344277,1.038024110307327,0.24161711348250178,0.9305873167441767,1.1328675851895136,0.8411299125033846,1.23200629742373,0.019731238600654948,0.0007010900985881208,0.0,1.0,1.0,1.0,0.0,2221.70654296875,-0.011606209557804448,-0.02466098804720407,0.2196439195835457,0.0678,0.07356073401837075
2025-12-25,2569.300048828125,2586.0,2535.199951171875,2574.60009765625,21506.0,0,1,0.0,-0.0010087899910299347,0.010201678962466598,-0.009959585596519882,0.026145913772917417,0.0,0.6222222222222222,0.6111111111111112,2558.4150146484376,0.006326214830331766,2543.083994140625,0.012392867710323245,2532.03947265625,0.016808831560335673,2550.8228588867187,0.009321399440456898,2564.574315310827,2556.8298928167906,0,1,1,52.99390380430883,0,0,7.744422494036371,6.2064473946848775,1.5379750993514936,0,2634.500374262421,2482.3296550344544,2558.4150146484376,0.059478512421440276,0.6063613492130874,57.865434650958164,0.02247550394472335,17.028170097237247,19.90740680255026,16.624955975998542,0,63.974311990646214,58.75854823709444,18003.14285714286,91809.23333333334,0.1960929440699994,0,19066988.0,2593.3604725461887,1109314.453930008,0.1421682841395608,0.2326277618419786,0.2268967205344277,1.0252583699493414,0.2416263448022303,0.9305873167441767,1.1328675851895136,0.8411299125033846,1.23200629742373,0.019731238600654948,-0.002058591092632142,0.0,1.0,1.0,0.0,0.0,2221.70654296875,0.0,-0.011210456094852272,0.21944634875604527,0.077,0.0826051359619312
2025-12-26,2574.60009765625,2585.0,2545.800048828125,2572.0,15855.0,0,1,-0.0010099035025350478,0.0017526777020446804,0.016440127751237377,-0.0023661213394295944,-0.018957146926618984,-0.001010413798672765,0.7111111111111111,0.18888888888888888,2561.5150146484375,0.004093274992183304,2544.9599951171876,0.010624923352308822,2534.9102221679686,0.014631594250430898,2548.839385986328,0.009086729489904433,2565.7167283399303,2557.9536044599913,0,1,1,52.54464455033498,0,0,7.76312387993903,6.517782691735708,1.245341188203322,0,2634.2741738615446,2488.7558554353304,2561.5150146484375,0.05680947314149795,0.5720526835724739,56.532185831023654,0.02197985452217094,16.453661472860446,18.921407963194813,15.801534449565974,0,74.33701876689041,65.78277570545313,18223.85714285714,88686.03333333334,0.20548734065443383,0,19051133.0,2593.5151645688074,1109298.4419099754,0.1308439587133117,0.1934814924480812,0.22691129971587365,0.8526745591354353,0.2273202236196831,0.9296475133535821,1.1317234982473223,0.8402804524586606,1.2307620899488168,0.015241038558271773,0.0,1.0,1.0,1.0,0.0,0.0,2228.9033203125,0.0032393015029488215,-0.0011646311423352262,0.2161075569491545,-0.0386,-0.034857935903507054
2025-12-29,2550.0,2577.39990234375,2524.0,2532.10009765625,15655.0,0,1,-0.015513181315610414,-0.016507418001999286,-0.0026390227836050606,-0.0018527085625239526,-0.025965532183529594,-0.015634769835260003,0.4222222222222222,0.1111111111111111,2563.3900146484375,-0.012206459732378584,2545.8719970703123,-0.005409501903438378,2535.229587402344,-0.0012344009243361838,2547.120849609375,-0.005897149307002286,2560.54493900398,2556.0385298819365,0,0,0,46.08775277240105,0,0,4.506409122043351,6.115507977797237,-1.609098855753886,0,2630.6105020646182,2496.1695272322568,2563.3900146484375,0.052446554782573616,0.2672590738708653,56.308451296218394,0.022237845710893635,15.307500915647509,17.639690522179606,17.496540712347013,0,36.45463423295455,58.25532166349709,18148.85714285714,87836.96666666666,0.206619807486413,0,19035478.0,2593.7190424173245,1109055.5830564795,0.16875739073350005,0.19708410620863617,0.2289419063100241,0.8608476682366428,0.22571577413808097,0.9152257229193216,1.1141668664198747,0.8272450294437061,1.211669054491061,0.021089175105351386,-0.008553654743390357,1.0,1.0,1.0,0.0,1.0,2202.21533203125,-0.011973596179805757,-0.011707730314407638,0.21460125342679817,0.0075,0.006979001125112475
2025-12-30,2530.0,2547.800048828125,2511.699951171875,2539.89990234375,14120.0,0,1,0.0030803698063595064,-0.013477897147634255,-0.0191163983420235,0.012598115417008504,-0.0054429267047564345,0.003075635187713333,0.2,0.26666666666666666,2565.2150146484373,-0.009868612245027247,2546.18599609375,-0.002468827398958215,2536.4419604492186,0.001363304167196058,2545.417840576172,-0.002167792707531571,2557.3687795177907,2554.843075990219,1,0,0,47.44727669381941,0,0,2.52570352757175,5.39754708775214,-2.87184356018039,0,2627.368780612985,2503.0612486838895,2565.2150146484373,0.048458913275982035,0.29635093777642585,54.864997464792076,0.021601243975860687,14.512336132185583,16.810649655764923,18.27556726075823,0,43.54536576704545,51.44567292229684,16674.428571428572,86152.73333333334,0.19354497444571583,0,19049598.0,2593.753169240593,1109099.0778781453,0.10161633784449195,0.19071090186435824,0.20564614863531833,0.9273740506687269,0.22141801306209694,0.9180449566022058,1.1175989123944405,0.8297932500548655,1.2154014432618154,0.014213196993683813,-0.0008293896667805044,1.0,1.0,1.0,0.0,1.0,2213.710205078125,0.0052196862312607895,-0.01085302522296383,0.21512715645854646,-0.0107,-0.009553470044567308
2025-12-31,2541.699951171875,2628.39990234375,2531.699951171875,2615.39990234375,50265.0,0,1,0.02972558089014865,0.016873990024786067,0.014822269088785811,0.03253055757747725,0.022559311988663122,0.029292340423503142,0.7,0.6,2565.535009765625,0.019436449858729592,2548.0099951171874,0.026448054503594384,2538.8567895507813,0.030148653168622423,2544.512321777344,0.027859004635077206,2566.2966445679385,2559.3287668312214,1,1,1,58.38640192349021,0,0,6.967877736717128,5.711613217545138,1.2562645191719897,1,2628.6956746320284,2502.374344899222,2565.535009765625,0.04923781170475888,0.8947464191803439,57.853208443869434,0.022120215112046607,14.990265837023031,24.754889079934134,16.093633129175306,0,89.46514563375712,56.488381877919075,21950.428571428572,87292.66666666667,0.2514578762411723,0,19099863.0,2572.9102290548817,1110593.2342015887,0.2153212384736437,0.2089760055018171,0.2142903978411264,0.9752000444590646,0.22978943471894966,0.9453343762204777,1.1508201892675636,0.8544593364314708,1.251529957177498,0.03697329463277063,0.0007087085701542664,1.0,0.0,0.0,0.0,0.0,2238.698974609375,0.011288184638588827,-0.01051477190459682,0.21910623196069312,0.0684,0.06580701798236106
2026-01-01,2614.60009765625,2630.0,2581.0,2601.800048828125,15811.0,0,1,-0.005199913597701666,0.027526538637390408,0.01335931794668932,0.011625703806406706,0.027202080279848495,-0.005213480198952408,0.6888888888888889,0.6444444444444445,2564.050012207031,0.014722816029863679,2550.2999951171873,0.020193723800941,2540.9358642578127,0.023953451728735493,2543.4768786621094,0.022930489620449836,2571.7587067618133,2562.4747877198806,1,1,1,56.12030062848339,0,0,9.283919041932677,6.426074382422646,2.8578446595100306,0,2621.8494827961968,2506.2505416178656,2564.050012207031,0.04508451107739052,0.8265604013003712,57.22083641216447,0.021992787815473088,15.463220085627546,23.440458052313474,15.109241437547764,0,77.4400390625,70.15018348776756,22102.571428571428,87291.13333333333,0.25320522926618083,0,19084052.0,2563.5434636572336,1110511.0183676954,0.2171401019353032,0.20740709499145452,0.21184380116817003,0.979056709933214,0.22929227819806283,0.940418719143194,1.1448360237168815,0.8500162217092776,1.2450221095352396,0.01883311518195645,-0.0003058058871927262,1.0,0.0,0.0,0.0,0.0,2258.989990234375,0.009063753481434622,0.0049804669680615365,0.2205485365381208,0.0709,0.06727487347501035
2026-01-02,2583.0,2706.39990234375,2583.0,2673.89990234375,110649.0,0,1,0.027711527466570463,0.052757984626224275,0.03856902078808133,0.03235388654026505,0.06140836542169348,0.02733451234823892,0.9111111111111111,0.8222222222222222,2567.720007324219,0.041351819792135196,2553.7619921875,0.047043503084382016,2543.7359375,0.051170391912485964,2542.477579345703,0.051690651695685014,2587.4727368513422,2570.728499914241,1,1,1,64.07988153945578,0,0,16.74423693710105,8.489706893358328,8.254530043742722,0,2642.1833063330587,2493.256708315379,2567.720007324219,0.05799954729989185,1.2129679750485276,61.947912550134866,0.02316762586955321,17.08031936722407,28.914457791304574,12.95941814115847,0,83.86295146035926,83.58937871887217,34837.28571428572,89746.33333333333,0.38817503089395355,0,19194701.0,2578.974824046033,1113577.271170344,0.26584706677147574,0.2200787551719069,0.2189381786974575,1.0052095823635472,0.23825220830666968,0.9664791583088076,1.1765611786328314,0.8735714695842047,1.279523573920113,0.04614978378045732,-0.007225785408295582,0.0,0.0,0.0,0.0,0.0,2278.78125,0.008761109987730276,0.025689579576510635,0.22181860794082697,0.108,0.10815249685559555
2026-01-05,2675.0,2699.0,2638.10009765625,2661.60009765625,106164.0,0,1,-0.004599949563077854,0.01766467731037924,0.0337916556746809,0.04433806625995085,0.056861579123804296,-0.004610561887680363,0.8555555555555555,0.7777777777777778,2571.8950073242186,0.034878986147012264,2556.64599609375,0.041051479838373144,2545.4891333007813,0.04561440189882309,2541.4167810058593,0.0472898886749397,2598.876946205943,2577.459729376612,1,1,1,62.01326605321368,0,0,21.41721682933121,11.075208880552905,10.342007948778305,0,2657.3594737563694,2486.4305408920677,2571.8950073242186,0.06646030742994247,1.0248092808444966,61.873054678250234,0.0232465631229629,18.581911557277987,26.881623137269994,12.048304590850295,0,77.75579622127346,79.68626224804429,46931.28571428572,92729.3,0.5061106437154784,0,19088537.0,2593.3679853337817,1113088.9221249293,0.27117098027360287,0.22081978037130037,0.21810022860096506,1.012469275194163,0.2401213797513162,0.9620334029268212,1.171149056553245,0.8695530848843736,1.2736378300153113,0.022880936319989317,0.0004114206576266123,0.0,0.0,0.0,0.0,0.0,2278.481201171875,-0.00013167074642417287,0.025554526263968258,0.22068598419844349,0.1031,0.10410850655092992
2026-01-06,2661.0,2695.0,2626.0,2641.699951171875,32874.0,0,1,-0.007476760502788782,0.015335499114054185,0.02709951445251746,0.04398516168335087,0.04584506643381858,-0.007504851584380725,0.8,0.7111111111111111,2577.140002441406,0.02505100563776483,2558.613994140625,0.03247303314275686,2547.21412109375,0.037093791721582434,2540.931162109375,0.03965821292806932,2605.4651008160863,2582.218264324409,1,1,1,58.71396367214421,0,0,23.246836491677186,13.50953440277776,9.737302088899426,0,2666.3301670575056,2487.9498378253065,2577.140002441406,0.06921639067462915,0.8619230270980761,62.38212220123236,0.023614385946276472,19.609245264870175,24.75780953374119,12.481895790533612,0,67.87488453621744,76.49787740595009,49362.57142857143,93238.66666666667,0.529421678723113,0,19055663.0,2601.4150233723885,1112843.1311001605,0.279630628921137,0.2224362123090516,0.2175023727224244,1.0226840724764128,0.24312902021118654,0.9548405095774545,1.1623926555443291,0.8630516447242319,1.2641151449929953,0.026119544715663547,-0.00022546499633000223,0.0,0.0,0.0,0.0,0.0,2258.090576171875,-0.008949218009572601,0.013094895410395324,0.2078084990177336,0.1278,0.13806481913472127
2026-01-07,2633.0,2636.60009765625,2585.0,2606.199951171875,38585.0,0,1,-0.01343831648414573,-0.025318805357124274,0.029264188088066856,0.026547936445353804,0.022279772104763396,-0.013529427835257842,0.8111111111111111,0.5888888888888889,2582.0349975585937,0.009358879192625262,2560.1179931640627,0.017999935210353094,2548.4412817382813,0.02266431243579477,2540.0046130371093,0.026061109414921613,2605.578154716977,2583.9946855723692,1,1,1,53.2692976014394,0,0,21.58346914460799,15.124321351143806,6.459147793464183,0,2665.9046054005985,2498.165389716589,2582.0349975585937,0.06496395898685071,0.6440626362460389,61.976252841992554,0.023780313868137785,19.427938292397688,23.13994724511753,16.39154662174203,0,48.53622172538624,64.72230082762576,52638.28571428572,93770.9,0.5613499040137796,0,19017078.0,2605.6329558145776,1112324.6136586198,0.27370117969931496,0.22531004969849583,0.21943770844303423,1.026760857544163,0.24338452925487847,0.9420090606178696,1.146772055160278,0.8514536835802652,1.2471275656021776,0.019798978828561513,-0.003293315415331573,0.0,0.0,0.0,0.0,0.0,2273.083740234375,0.006639753170538443,0.03218050804221684,0.20794794389201607,0.1165,0.12738331567215352
2026-01-08,2605.0,2616.89990234375,2543.10009765625,2559.300048828125,45198.0,0,1,-0.0179955119416918,-0.03843554443742636,0.007638153954993676,-0.011624258380631192,0.014870330428229606,-0.018159400313972292,0.5666666666666667,0.5666666666666667,2583.35,-0.009309598456219603,2560.5579931640623,-0.0004912774244112509,2549.029650878906,0.0040291402438875894,2538.749929199219,0.008094582058890699,2598.4584461186923,2582.165453220944,1,1,0,47.06040966522046,0,0,16.292992897748263,15.358055660464697,0.9349372372835667,0,2664.771437882755,2501.928562117245,2583.35,0.06303554522829277,0.3523119230189335,62.8207922595288,0.024546083327859014,18.287400495402824,21.198229354607555,19.78020777307824,0,24.44792480416707,46.95301035525696,57078.0,94899.46666666666,0.6014575424378922,0,18971880.0,2606.313768296216,1111511.2525098792,0.30497481576380464,0.22951709371196075,0.22274803815444477,1.0303888447844491,0.24693299638646127,0.925057125318339,1.1261353049472427,0.8361313386495991,1.2246848666025707,0.028835932981477536,-0.00046042176132166806,0.0,0.0,1.0,0.0,0.0,2213.010498046875,-0.026428081431485673,-0.0003160788750239396,0.20849412919955126,0.1487,0.16502541056961553
2026-01-09,2546.300048828125,2546.300048828125,2475.300048828125,2491.800048828125,65878.0,0,1,-0.02637439874660552,-0.056743727567263424,-0.04725849129414694,-0.03313670028005311,-0.007250976562499956,-0.026728442201175737,0.044444444444444446,0.26666666666666666,2579.345007324219,-0.033940771105650545,2558.9519921875,-0.026241970761620482,2549.238662109375,-0.022531673528645754,2537.9248120117186,-0.018174203965889833,2582.049461920143,2575.471719562217,1,0,0,39.859530156309745,0,0,6.577742357926127,13.601992999956984,-7.024250642030857,0,2670.442848992946,2488.2471656554917,2579.345007324219,0.07063641460141924,0.019500369644064607,64.3335928124196,0.025818120054486398,17.978943700399522,19.221200394037965,25.463161272746405,0,7.139770860514376,26.70797246335594,59308.42857142857,96753.2,0.6129867391613774,0,18906002.0,2598.7469139073855,1109773.7598692502,0.27067023629774123,0.24236890367123848,0.22851598781626375,1.0606212107404627,0.25056821684231456,0.9006592998318044,1.096434163371934,0.8140788773195216,1.192384539591861,0.02849345798568018,-0.005079513832679586,1.0,1.0,0.0,0.0,0.0,2152.737548828125,-0.02723572674957697,-0.03839793860460816,0.21920445870441876,0.2567,0.2856837393781881
2026-01-12,2485.0,2497.800048828125,2445.0,2469.10009765625,28494.0,0,1,-0.00910986063370156,-0.052605270541110305,-0.05100313193999839,-0.038325181049172374,-0.01022207929197072,-0.009151609156323055,0.03333333333333333,0.23333333333333334,2573.2950073242187,-0.040490852922577786,2557.12599609375,-0.0344237626819984,2549.028903808594,-0.03135657113692177,2537.104552001953,-0.026803962135514933,2564.672636648775,2567.592340161775,1,0,0,37.76665101645625,0,0,-2.9197035130000586,10.297653697365575,-13.217357210365634,0,2676.6346086741023,2469.955405974335,2573.2950073242187,0.0803169485470995,-0.004138337611682547,63.50976824211284,0.02572182808724457,18.153387180757573,18.07977832011222,27.35887496816611,0,9.219627643378967,13.602441102686846,61120.28571428572,97261.13333333333,0.6284142865661897,0,18877508.0,2593.9196312502395,1109514.1835003535,0.27066125296164173,0.24315858295103807,0.22919019921572842,1.0609466887463268,0.25238607563837145,0.8924544191318894,1.0864458009495863,0.8066627322023004,1.1815220826143988,0.02138432900239424,-0.00272897050119371,1.0,1.0,0.0,0.0,0.0,2170.629638671875,0.008311319628112601,-0.03911498144944525,0.2203007848883911,0.2342,0.26022613789298127
2026-01-13,2470.0,2492.699951171875,2437.0,2452.60009765625,16363.0,0,1,-0.006682596633349247,-0.0416910675325981,-0.08276293532660828,-0.047385999911621624,-0.020292325105525477,-0.006705025158599383,0.011111111111111112,0.18888888888888888,2568.495007324219,-0.04512171888109091,2555.51,-0.04026981007460358,2548.9717602539063,-0.037808054251670706,2536.2065368652343,-0.032965154057335695,2547.4307075730017,2559.074396272477,1,0,0,36.275673273681996,0,0,-11.643688699475206,5.90938521799742,-17.553073917472624,0,2684.77255223541,2452.217462413028,2568.495007324219,0.0905413828562006,0.0016453531226267998,62.951924165667286,0.025667423003784967,18.43405285561917,16.937134511278952,26.537513486552132,0,5.79068422836491,7.383360910752793,47650.857142857145,97478.36666666667,0.48883520284867116,0,18861145.0,2591.6654149948554,1109404.836171642,0.12421216041228886,0.24355255938317227,0.2273709515865312,1.071168316285481,0.25460878198797143,0.886490506235181,1.0791855218978443,0.8012721305438371,1.1736264471228919,0.022710572027255037,0.0003644657195567796,1.0,1.0,0.0,0.0,0.0,2157.535400390625,-0.00603246083438802,-0.05320644515983053,0.2192653391043431,0.2454,0.2743525992507295
2026-01-14,2450.0,2539.39990234375,2450.0,2517.199951171875,48262.0,0,1,0.02633933415290901,0.010193395074253875,-0.054253133899240025,-0.022294781444554546,-0.03518591369418356,0.02599842710962173,0.022222222222222223,0.07777777777777778,2567.835009765625,-0.019718968859440644,2555.1860009765624,-0.014866256229554141,2549.560615234375,-0.012692643535962764,2535.9096826171876,-0.007377917113358404,2542.779821972828,2555.9725855242846,1,0,0,45.36920305664389,0,0,-13.192763551456665,2.0889554641066024,-15.281719015563267,0,2685.168052822673,2450.5019667085767,2567.835009765625,0.09138674611945379,0.28422506876800807,64.84106546410177,0.025759203369567527,17.682876784472924,20.413565605093115,23.924034009395374,0,29.76985161247057,14.926721161404858,39379.142857142855,36694.53333333333,1.0731610210006628,0,18909407.0,2586.6514529830692,1110676.0251165295,0.2627440483104488,0.22384639156789995,0.2337582459621017,0.9575978406519668,0.24477311966510312,0.9098400759022908,1.107610549972093,0.8223771049376444,1.2045389862843532,0.03551561420543097,-0.0010601392614860863,1.0,0.0,0.0,0.0,0.0,2152.337646484375,-0.002409116395174271,-0.05536299997674832,0.21002103375387157,0.4414,0.4720601041059737
2026-01-15,2517.199951171875,2517.199951171875,2517.199951171875,2517.199951171875,0.0,0,1,0.0,0.0194807223738247,-0.04712874372608855,-0.021306395345305207,-0.04343532161433594,0.0,0.08888888888888889,0.05555555555555555,2566.7550048828125,-0.019306499302297057,2554.5660009765625,-0.01462716163544145,2550.319265136719,-0.012986340344752283,2535.6128283691405,-0.007261706910162755,2538.8444572342196,2553.1005385352173,1,0,0,45.36920305664389,0,0,-14.256081300997721,-1.1800518889142626,-13.076029412083459,0,2685.6012179465793,2447.9087918190457,2566.7550048828125,0.09260425154538096,0.2915160591429665,60.20956078809451,0.023919260271741277,16.98535614697998,20.413565605093112,23.924034009395374,0,29.76985161247057,21.77679581776873,,,,0,18909407.0,2587.9036528519655,,0.2671224770592746,0.221961512035469,0.23174776947836426,0.9577719454865825,0.24111165603588094,0.9098400759022908,1.107610549972093,0.8223771049376444,1.1201142772449215,0.0,0.0,0.0,0.0,0.0,0.0,0.0,2152.337646484375,0.0,-0.04683289979748384,0.20621403911857505,0.4282,0.46256866712611844
2026-01-16,2517.199951171875,2585.39990234375,2487.60009765625,2543.199951171875,45697.0,0,1,0.01032893711438998,0.03694032859339935,-0.02417312607640565,0.004383655103484818,-0.022034242964093398,0.01027595814212462,0.18888888888888888,0.18888888888888888,2564.4450073242188,-0.008284465485384368,2555.937998046875,-0.004983707306176279,2551.4637622070313,-0.0032388510303623034,2535.346844482422,0.0030974486613314298,2539.514533224628,2552.367161693488,1,1,0,48.78089938093753,0,0,-12.852628468860075,-3.5145672049034253,-9.33806126395665,0,2683.233925474716,2445.6560891737213,2564.4450073242188,0.09264298342232236,0.4105764389341954,62.89457820948062,0.024730488918301364,16.472615842697955,25.891612617994493,21.266791729574816,0,39.42093157716351,32.98687826736826,,,,0,18955104.0,2585.3454227060306,1111148.0265558457,0.28016411544398545,0.22224224520898073,0.23242836681741474,0.9561752218633632,0.24743384937215315,0.9192377568304374,1.1190509896899896,0.8308713863388595,1.1316838671755147,0.038455413087922975,0.0,0.0,0.0,0.0,0.0,0.0,2156.3359375,0.0018576504584006948,-0.051360977454502965,0.1953220402989071,0.5072,0.5790965348755902
2026-01-19,2515.0,2582.699951171875,2500.0,2561.300048828125,30140.0,0,1,0.007117056465776317,0.017519505208841046,0.0007814636665661734,0.00842558656135517,-0.006516445518697234,0.007091849747169834,0.5,0.3333333333333333,2563.650012207031,-0.0009166475016934931,2556.777998046875,0.0017686521022570092,2552.654423828125,0.0033869155649492787,2535.1713610839843,0.010306477954598174,2542.866151009781,2553.0288570367943,1,1,1,51.071689518436955,0,0,-10.162706027013428,-4.844194969325426,-5.318511057688002,0,2682.2922390330687,2445.0077853809935,2563.650012207031,0.09255727284232468,0.49009642923193036,64.30924770679451,0.02510804922532134,15.996499845864644,23.513333137400313,19.313326136884534,0,46.13960426367197,38.44346248443539,,,,0,18985244.0,2583.881415227037,1111362.5346377243,0.26522304607867064,0.22205795484562194,0.23248582166196843,0.955146224652321,0.24784291848609946,0.9257800238512732,1.1270153387716964,0.836784744911231,1.139738125159611,0.03228827142283186,-0.011088373589689953,0.0,0.0,0.0,0.0,0.0,2133.64599609375,-0.01052245200372448,-0.03586268660865788,0.18783089367596928,0.479,0.5680524055981087
2026-01-20,2550.0,2550.199951171875,2409.0,2456.39990234375,34982.0,0,1,-0.04095582106140594,-0.024153841572982615,-0.014206656148443186,-0.06079376230667999,-0.031693529224550376,-0.04181813744487825,0.3111111111111111,0.1111111111111111,2558.095007324219,-0.039754233009055624,2554.58599609375,-0.03843522743025197,2552.44451171875,-0.03762848082849261,2534.325303955078,-0.03074798704401424,2529.5636512150068,2545.871156689161,1,0,0,39.926359567189294,0,0,-16.307505474154368,-7.136857070291215,-9.170648403863154,0,2686.0189135788555,2430.171101069582,2558.095007324219,0.10001497668254766,0.10251719964663429,70.59430492974668,0.02873893003431152,15.742886863079372,19.88993099013704,25.544686232785246,0,15.93810286089562,33.832879567243744,,,,0,18950262.0,2578.8762616043036,1109929.8181053542,0.3355012577402275,0.24890059427642305,0.2469952501264139,1.0077140922711427,0.2601316273503553,0.8878639428521964,1.080857500223503,0.8025135386317325,1.093059214448712,0.05748247711504566,-0.004411841101277895,0.0,0.0,0.0,0.0,0.0,2054.181640625,-0.037243458199828994,-0.04578166449355403,0.20994812922555853,0.6603,0.7814259665909651
2026-01-21,2413.0,2438.5,2342.0,2399.199951171875,65646.0,0,1,-0.023286090801948878,-0.056621580200033605,-0.028309968701036636,-0.07786920357215876,-0.04349563271237089,-0.023561495616438353,0.16666666666666666,0.05555555555555555,2549.325,-0.05888815620924159,2551.7919970703124,-0.05979799532000525,2551.433876953125,-0.05966602825037542,2531.948758544922,-0.05242949997508478,2509.507697362217,2535.00662294714,1,0,0,35.391017941041156,0,0,-25.498925584922745,-10.80927077321752,-14.689654811705225,0,2695.265476548933,2403.384523451067,2549.325,0.11449342594524671,-0.014336571930367564,73.72327617360406,0.03072827512254423,16.37317190633127,17.685348935852367,29.204792536130338,0,15.697027031010691,25.924911385192804,,,,0,18884616.0,2564.048463678948,1108401.1793885694,0.35866346561825596,0.2557223513443446,0.2513162085062904,1.0175322668770246,0.25965573798660935,0.8671890624591637,1.0556885543293308,0.7838261355013606,1.0676061383291522,0.04022174139877968,-0.01766809317258986,0.0,0.0,0.0,1.0,1.0,2031.291748046875,-0.011143071345511846,-0.06419238369483216,0.20831901847054055,0.6581,0.8061247818382525
2026-01-22,2405.0,2429.89990234375,2400.0,2408.0,18491.0,0,1,0.0036679097229168622,-0.059852436616422366,-0.018184822588432015,-0.0994427286192281,-0.049348598499802554,0.003661199345748552,0.2777777777777778,0.03333333333333333,2540.9949951171875,-0.05233973123628838,2549.7719970703124,-0.0556018331181017,2548.624533691406,-0.05517663815616137,2529.5512927246095,-0.0480525115557887,2493.8911285372606,2525.5987249510554,1,0,0,36.58451058910527,0,0,-31.707596413794818,-14.98893590133298,-16.718660512461838,0,2699.35142402584,2382.638566208535,2540.9949951171875,0.12464127573092632,0.0800770577053576,70.65018153062341,0.029339776383149257,16.95843658935089,17.136427741085264,28.298328678956494,0,18.48739495798319,16.707508283296544,,,,0,18903107.0,2560.512092453992,1108469.002707256,0.3608904600347671,0.253982202450113,0.25139518764763263,1.0102906297717458,0.25734537743727254,0.8703698336529649,1.0595607246421275,0.7867011390048424,1.0715220212641754,0.012416902966673589,0.0024174928918667244,0.0,0.0,0.0,1.0,1.0,2085.467529296875,0.02667060568827262,-0.03340286842139506,0.2041075503835268,0.6396,0.7941800352150732
2026-01-23,2418.0,2438.89990234375,2338.89990234375,2383.0,25230.0,0,1,-0.010382059800664423,-0.029881088284410162,-0.05331318678494279,-0.10467391322294417,-0.07344761052776871,-0.010436329329969504,0.03333333333333333,0.011111111111111112,2531.5449951171877,-0.05867760415228622,2544.997998046875,-0.06365348741774979,2546.02263671875,-0.06403031707873957,2527.0288269042967,-0.05699532406234451,2476.8309549161436,2515.0358564361627,1,0,0,34.62752379075209,0,0,-38.20490152001912,-19.63212902507021,-18.57277249494891,0,2704.037351252103,2359.0526389822726,2531.5449951171877,0.136274375108968,0.06941571659847048,72.74659713557888,0.03052731730406164,18.19005405784855,15.453832814131609,31.51907520268936,0,12.384185779926586,15.522869256306867,,,,0,18877877.0,2554.9564331531215,1108207.0633384853,0.30073082386505523,0.24998256012452424,0.2503034317968732,0.9987180692248385,0.26592792622323597,0.8613336019912855,1.0485603018364575,0.7785335607344432,1.0603974155616818,0.0419639110365086,0.004152823920265781,0.0,0.0,1.0,1.0,1.0,1863.3668212890625,-0.10649924052411153,-0.13425905813026917,0.3625061177426436,0.4368,0.30058463914279004
2026-01-26,2418.0,2438.89990234375,2338.89990234375,2383.0,25230.0,0,1,0.0,-0.0067522305358342916,-0.05331318678494279,-0.09792934699382272,-0.07995833745717096,0.0,0.03888888888888889,0.011111111111111112,2524.089990234375,-0.055897369261891476,2540.66599609375,-0.06205695527714385,2543.8422265625,-0.06322806693080428,2524.468406982422,-0.05603888984751596,2462.3954233905833,2505.255422626077,1,0,0,34.62752379075209,0,0,-42.85999923549343,-24.277703067154853,-18.58229616833858,0,2708.927572920598,2339.252407548152,2524.089990234375,0.1464587898223548,0.11834063131552958,74.69326876875182,0.03134421685637928,19.333698850024945,13.975995226882787,28.504931422949358,0,14.813593793567223,15.228391510492377,35059.42857142857,,,0,18877877.0,2549.9746050044714,1108207.0633384853,0.30073082386505523,0.24846156577025574,0.25022212452956205,0.9929640164209448,0.2734838163731376,0.8613336019912855,1.0485603018364575,0.7785335607344432,1.0603974155616818,0.0419639110365086,0.014687368862778011,0.0,1.0,1.0,1.0,0.0,1863.3668212890625,0.0,-0.13425905813026917,0.3627143341247199,0.4362,0.29820684249006035
2026-01-27,2378.0,2409.89990234375,2318.199951171875,2340.60009765625,61340.0,0,1,-0.017792657299097736,-0.027989992667670216,-0.07966336009965302,-0.10191077372869961,-0.08161343169973256,-0.017952849635335093,0.022222222222222223,0.011111111111111112,2514.125,-0.06901999794908766,2536.4019970703125,-0.0771967139436985,2541.3706567382815,-0.07900089605178261,2521.1866052246096,-0.07162758488171142,2443.657680969917,2493.058731887571,1,0,0,31.330980062599508,0,0,-49.401050917654175,-29.30237263725472,-20.098678280399454,0,2716.0713157548835,2312.1786842451165,2514.125,0.16064938358664224,0.07036873464339541,75.90803179754634,0.03243101283023808,20.620237558992525,12.770026400871961,27.993122508949273,0,7.49921330636098,11.565664293284973,37294.142857142855,,,0,18816537.0,2536.515336720274,1107115.6617397587,0.27604490312576,0.2493569728227615,0.2518505756573365,0.990098879750159,0.2788378193997928,0.846008188390857,1.029903627728443,0.764681379892449,1.0415301277457438,0.039177966053961275,-0.00209819555182543,1.0,1.0,1.0,1.0,1.0,1958.624267578125,0.05112114544529889,-0.09168871439906379,0.3983172439400637,0.3114,0.19452758193303143
2026-01-28,2344.300048828125,2384.5,2320.39990234375,2351.800048828125,22105.0,0,1,0.004785076777143571,-0.0130927197531997,-0.08179439972128721,-0.08107685540623188,-0.07058167104345803,0.004773664687930852,0.022222222222222223,0.044444444444444446,2500.9450073242188,-0.05963544102701608,2532.2839990234374,-0.07127318668242393,2539.0670166015625,-0.07375424380254708,2518.3363488769533,-0.06612949065485028,2429.5257375634874,2482.5951257350193,1,0,0,33.141608288685816,0,0,-53.069388171531955,-34.055775744110164,-19.01361242742179,0,2709.364893946169,2292.5251207022684,2500.9450073242188,0.1666729064506224,0.14220074937804397,75.0646079303109,0.031917937907907916,21.814880645890995,11.99111648966518,26.28567728656842,0,12.574889145334053,11.629232081754127,36146.28571428572,,,0,18838642.0,2528.3277967133818,1107221.4358619174,0.26963664918963354,0.24995639623196436,0.252147215711071,0.9913113477262543,0.2809248365679873,0.8500564025263995,1.0348317956601822,0.7683404390052865,1.0465139293727155,0.02725575998188721,0.001580770322781722,1.0,1.0,1.0,1.0,0.0,1993.8084716796875,0.01796373336324919,-0.06553923409510065,0.403369817419355,0.3194,0.1974405726349178
2026-01-29,2335.0,2351.0,2265.0,2287.89990234375,46266.0,0,1,-0.02717073950067128,-0.039907720376101574,-0.06859632254472381,-0.08182845432572639,-0.09882627290801693,-0.02754668958429745,0.044444444444444446,0.011111111111111112,2485.25,-0.079408549504577,2527.3839990234374,-0.09475572242770479,2536.019501953125,-0.09783820645633243,2515.134630126953,-0.09034694408057725,2407.737147529682,2468.173257335666,1,0,0,28.520959339054727,0,1,-60.436109805984415,-39.331842556485014,-21.1042672494994,0,2708.444201808247,2262.055798191753,2485.25,0.179615090480432,0.057896002545353535,75.90285370872618,0.033175775579591775,23.502233025976516,11.011641273319366,29.35199542802974,0,7.147287554158241,9.0737966686178,37758.28571428572,,,0,18792376.0,2514.8372247650186,1105964.3544281793,0.2109943402070339,0.2596000131332939,0.2573745874870325,1.0086466409445862,0.28636168246171023,0.8269597414524769,1.010110332160596,0.7474640610892425,1.0180793720139054,0.03758905707015445,-0.00714348519403096,1.0,1.0,1.0,1.0,1.0,2018.2974853515625,0.01228253065413254,-0.01746883263084731,0.4059083632795237,0.2737,0.17453674287728546
2026-01-30,2287.89990234375,2389.89990234375,2271.89990234375,2382.0,41692.0,0,1,0.04112946443148702,0.01768772990533729,-0.00716903614618436,-0.035276049658306,-0.08009574038989709,0.04030614734820494,0.4444444444444444,0.03333333333333333,2470.6550048828126,-0.035883198871393074,2524.64,-0.056499144432473496,2533.903000488281,-0.05994823024362398,2512.966727294922,-0.05211637936643145,2403.777586371269,2461.79005308858,1,0,0,41.46373214409582,0,0,-58.01246671731087,-43.06796738865019,-14.944499328660683,0,2679.6303722905413,2261.679637475084,2470.6550048828126,0.16916596367742637,0.2878816867687589,78.90979272953146,0.03312753683019792,24.144714021595707,13.356648577150123,26.21682827730341,0,36.516865062734404,18.74634725407561,34336.28571428572,,,0,18834068.0,2486.7835253131316,1107679.1240592569,0.34557753072704717,0.2815005011737936,0.2650182862566634,1.0621927458287448,0.29526585731203203,0.8609721527248183,1.0516556291390728,0.7782068576036273,1.0599524313335822,0.04953820319059614,0.0,1.0,1.0,1.0,0.0,0.0,2019.4970703125,0.0005943548806079946,-0.005806491236778677,0.4054657459683797,0.2511,0.17442726107890424
2026-02-02,2355.0,2460.0,2345.0,2386.199951171875,24959.0,0,1,0.001763203682567216,0.014627052312925715,-0.009053176423639897,-0.027073368604946357,-0.07411144017488847,0.0017616510637416837,0.4111111111111111,0.05555555555555555,2456.8849975585936,-0.02877018926687993,2521.9960009765623,-0.05384467293052987,2531.3930004882814,-0.05735697668769726,2510.8403002929685,-0.04964089078327695,2401.0733348021313,2456.1907862799353,1,0,0,41.96879917557693,0,0,-55.117451477804025,-45.47786420648096,-9.639587271323066,0,2648.452608533253,2265.317386583934,2456.8849975585936,0.15594349036688354,0.31550887953582946,81.48766467742206,0.034149554247288896,23.347701329886586,18.154916599785512,23.57406610164613,0,37.8277116457552,27.16395475421599,35260.28571428572,,,0,18859027.0,2457.1077374871543,1107723.13185997,0.3446817890735854,0.2817394541266723,0.26224583496968523,1.0743333794385732,0.30587208912260583,0.8624902219950904,1.0535099122171634,0.779578994800753,1.0618213433638555,0.048193781893056745,-0.011335012594458438,1.0,1.0,1.0,0.0,0.0,1994.50830078125,-0.012373758743498997,-0.0436157491007747,0.4040825228457569,0.2512,0.1752789526572394
2026-02-03,2460.10009765625,2487.800048828125,2406.0,2422.39990234375,47857.0,0,1,0.015170543924492685,0.058787536929485684,0.01653373996800256,-0.037660913184108025,-0.056514156828140205,0.015056621950300225,0.7666666666666667,0.1111111111111111,2445.9199951171877,-0.009616051555402898,2519.9260009765626,-0.03870196926219964,2529.6289990234377,-0.04238925815646621,2508.9942517089844,-0.03451357025080916,2404.3543451931496,2453.687757840218,1,0,0,46.27183008740042,0,0,-49.3334126470686,-46.24897389459849,-3.0844387524701062,0,2616.950456929146,2274.889533305229,2445.9199951171877,0.13984959618743717,0.4312400477544838,82.92426703305263,0.03423227806144672,22.130107081682443,18.960697944277964,21.51097243818548,0,49.12607687841275,41.156884528967495,38492.71428571428,,,0,18906884.0,2447.05926641365,1108449.1485805644,0.35019319914284613,0.28628778375865904,0.261292756061941,1.0956590916389308,0.3101148848531741,0.8755746677923123,1.0694922306153423,0.7914056321839896,1.0779297506933205,0.03376818532273751,0.030969804708981852,0.0,1.0,0.0,0.0,0.0,2201.61572265625,0.10383883676687433,0.18152566499664813,0.5103945462672759,0.304,0.17059102678488927
2026-02-04,2407.10009765625,2485.0,2387.39990234375,2468.39990234375,47769.0,0,1,0.01898943273383291,0.036271999304680946,0.03583713904479646,-0.01938663982787947,-0.04124920037452717,0.018811383955052954,0.9555555555555556,0.17777777777777778,2439.029992675781,0.01204163530426621,2518.3060009765627,-0.019817329035256175,2528.142998046875,-0.023631216964103644,2507.622906494141,-0.01564150815850846,2414.2075078317034,2454.7775463219614,1,0,0,51.22149630210009,0,0,-40.57003849025796,-45.11318681373039,4.54314832347243,1,2593.1389622322386,2284.9210231193238,2439.029992675781,0.12636906476692353,0.5952894232973547,83.9725406489953,0.03401901797567859,21.273144947774615,17.386572847898847,21.30728064358889,0,63.483134937265596,50.145641153811226,41712.57142857143,,,0,18954653.0,2438.6115851545756,1109356.254792827,0.3628674394455712,0.29229385109699885,0.263597222610751,1.10886544327754,0.3159788256239937,0.8922013340498025,1.0898012813879692,0.806433976201524,1.0983990251859086,0.03953982398215886,-0.006315969825088312,0.0,0.0,0.0,0.0,0.0,2227.2041015625,0.011622545498256809,0.19525800079542988,0.5103197526648922,0.3143,0.18013960443735227
2026-02-05,2465.0,2755.0,2408.0,2474.300048828125,30631.0,1,0,0.002390271721682158,0.036920668619150554,0.05712208219838777,-0.027091814905077283,-0.038957525450042385,0.002387419566277208,1.0,0.2,2434.779992675781,0.016231469073684963,2517.3560009765624,-0.017103640538618556,2526.919997558594,-0.02082374937920793,2506.281062011719,-0.012760345863972507,2423.4525141388453,2456.2236576187142,1,0,0,51.83441148811175,0,0,-32.7711434798689,-42.64477814695809,9.873634667089192,0,2579.314322466632,2290.2456628849304,2434.779992675781,0.11872475560472304,0.6367151188563007,102.76021631692421,0.04153102464900867,22.097451912121947,31.960625484541612,16.167974897007404,0,42.71429567920919,51.77450249829588,37325.57142857143,,,0,18985284.0,2434.7653441232596,1109429.4712059337,0.32756503828749245,0.2924753553548248,0.26258533642739834,1.1138297337318783,0.39186219664353156,0.8943339376686288,1.0924062025731236,0.8083615725302421,1.1010244973149337,0.14024168174928733,-0.0013773709602409993,1.0,0.0,0.0,0.0,0.0,2235.6005859375,0.003769966286030657,0.14141370703114053,0.51039920179908,0.3148,0.180483343787678
2026-02-06,2440.0,2450.0,2407.0,2419.0,25210.0,1,0,-0.02234977477946387,-0.001403526453439996,0.028573836966012456,-0.05555774259764357,-0.05948678071539659,-0.022603315840589985,0.8555555555555555,0.1111111111111111,2431.139990234375,-0.004993538127438202,2515.5360009765627,-0.03837591707655395,2524.8869970703126,-0.04193732123187132,2504.592302246094,-0.03417414569602226,2422.7675119636383,2453.4663496469575,1,0,0,46.000237389865866,0,0,-30.698837683319198,-40.25559005423031,9.556752370911113,0,2573.2748767465537,2289.0051037221965,2431.139990234375,0.11692859077068286,0.45729412204042214,100.22734721058141,0.04143338040950038,22.84814761295308,30.42771647064897,15.463786207478497,0,31.428571428571427,45.87533401501545,37769.142857142855,,,0,18960074.0,2427.7288912568097,1108866.0333837434,0.3762346941017166,0.29889876920673547,0.24988022354745515,1.1961681679461564,0.39217147913734407,0.8743457755841039,1.067991169977925,0.790294873443818,1.0764168477732725,0.017775940471269118,-0.013862526028066058,1.0,0.0,0.0,0.0,0.0,2225.40478515625,-0.004560654011894649,0.1161577537492624,0.510563943662694,0.314,0.18389243868179275
2026-02-09,2424.0,2467.5,2400.5,2422.10009765625,36542.0,0,1,0.0012815616602934732,-0.018757011229638354,0.05865649767938885,-0.013963444899494193,-0.043442200449270385,0.0012807411610876408,1.0,0.17777777777777778,2428.789990234375,-0.002754413763653405,2514.0860009765624,-0.036588208710673295,2522.8819970703125,-0.039947131705365194,2502.850126953125,-0.032263229998184845,2422.6648328394244,2451.142923573572,1,0,0,46.36469457297564,0,0,-28.478090734147372,-37.900090190213724,9.421999456066352,0,2569.8322371569016,2287.747743311849,2428.789990234375,0.11614198633033396,0.47628408252103394,97.85396526696846,0.0404004629543003,23.682100210667965,30.21701108595662,14.707503492082573,0,32.061244419642854,35.4013705091412,36380.0,,,0,18996616.0,2426.0896476205266,1108912.864209934,0.308251407837955,0.29622404459826424,0.2494913758462477,1.187311760150043,0.3934036384184021,0.8754663036079321,1.0693598665149007,0.7913076850539501,1.0777963423358727,0.027661945129696615,0.002066969822240595,0.0,0.0,0.0,0.0,0.0,2249.094482421875,0.010645118327972769,0.11435231859792494,0.5099895209323321,0.3086,0.17929508061723642
2026-02-10,2420.0,2516.300048828125,2412.39990234375,2483.800048828125,69741.0,0,1,0.025473741251065274,0.003839469673251328,0.042737216132714195,0.03526179533928708,-0.022087426935155086,0.025154692401455132,0.9777777777777777,0.35555555555555557,2430.349987792969,0.021992742322555252,2513.69400390625,-0.011892439983414967,2521.5799975585937,-0.01498264927824914,2501.8439318847654,-0.007212233675602241,2432.0702506838397,2453.561969888724,1,0,0,53.143029153543566,0,0,-21.491719204884248,-34.61841599314783,13.12669678826358,0,2573.1799284208846,2287.5200471650533,2430.349987792969,0.11753857785530003,0.6871108424472362,98.28583535392606,0.03957075184063147,24.824432521495112,31.481873630125644,13.596958517574492,0,44.65307118941327,36.04762901254256,40387.0,,,0,19066357.0,2429.5037733193462,1110689.4283985244,0.2496968394554709,0.3059278008601742,0.2527847575323437,1.2102304104353716,0.39942018293468157,0.8977677057000669,1.096600463058775,0.8114652522729938,1.1052518474818813,0.041831123456735515,-0.0008670565094655517,0.0,0.0,0.0,0.0,0.0,2227.404052734375,-0.00964407225086572,0.10294988067979882,0.5107913535529331,0.2817,0.1688373839386466
2026-02-11,2496.0,2496.0,2450.10009765625,2461.89990234375,18045.0,0,1,-0.00881719383760693,0.01773456070432,0.03172406031384689,0.022383680375311465,-0.05869083342185777,-0.0088562953043462,0.8777777777777778,0.12222222222222222,2427.5849853515624,0.014135413260194518,2510.752001953125,-0.019457158481352422,2520.068996582031,-0.023082341918882313,2500.6792956542968,-0.015507543641416934,2436.6594278622874,2454.179594515022,1,0,0,50.694098265427236,0,0,-17.520166652734588,-31.19876612506518,13.678599472330593,0,2565.3883829975152,2289.7815877056096,2427.5849853515624,0.11353126541602511,0.6245067885784288,94.54398299605634,0.03840285419648851,25.885169667263177,30.390155801759892,13.125447761906475,1,40.18365353954081,38.965989716199026,39399.28571428572,,,0,19048312.0,2425.6160315494267,1110530.3221357248,0.26489277096903224,0.2930907015671162,0.25333069159003413,1.1569490444585602,0.39537741518550895,0.8898519138177658,1.0869315242135762,0.8043104058512203,1.0955066277032603,0.018644097714961075,0.004911808894452283,0.0,0.0,0.0,0.0,0.0,2233.4013671875,0.0026925130381094675,0.11977541848919637,0.5098509517825258,0.2746,0.15783188264772074
2026-02-12,2461.89990234375,2462.0,2406.5,2413.699951171875,27535.0,0,1,-0.01957835536935848,-0.0034681252407789964,-0.00359145951230333,0.0128829001980173,-0.07229613887545738,-0.019772550225244996,0.4444444444444444,0.07777777777777778,2422.4099853515627,-0.0035956069502510743,2506.3960009765624,-0.03698380055209568,2518.6529956054687,-0.041670307349490066,2499.2856457519533,-0.03424406278872073,2433.127200679147,2451.1811024155295,1,0,0,45.70234646083284,0,0,-18.053901736382613,-28.56979324732867,10.515891510946055,0,2553.661273055198,2291.1586976479275,2422.4099853515627,0.10836422281720967,0.46681924294962,91.7551270677666,0.03801430539169485,26.1181353631565,29.07714731547819,15.952496802179786,1,30.346928810586736,38.394551179846985,36496.142857142855,,,0,19020777.0,2425.681956385995,1109991.2321206296,0.28782187841593987,0.2974755366836624,0.25569340010679004,1.1634071765615464,0.39601355041680575,0.8724300768229378,1.0656511925703642,0.7885633308981921,1.0740584096365984,0.02299374450956682,0.0,0.0,0.0,0.0,0.0,0.0,2210.8115234375,-0.010114547291805054,0.004176841892351346,0.5100561245859472,0.2823,0.16460450207170108
2026-02-13,2403.89990234375,2404.0,2340.0,2365.699951171875,97056.0,0,1,-0.01988648173800378,-0.04754815014677627,-0.041605880422520336,-0.00725977709950687,-0.11526233682185671,-0.020086879064649902,0.13333333333333333,0.011111111111111112,2413.5349853515627,-0.019819490693117045,2501.7,-0.05436305265544423,2517.5069946289063,-0.060300544856841,2497.8747241210935,-0.05291489267770456,2422.753777678028,2444.8491652863695,1,0,0,41.337044176254054,0,0,-22.095387608341298,-27.274912119531198,5.1795245111899,0,2533.9537958441506,2293.116174858975,2413.5349853515627,0.09978625644413217,0.3013805568083067,90.46547164663149,0.038240467309397556,25.31818275620394,27.385117118477485,20.274826056620253,1,20.551010443239797,30.360530931122494,43537.142857142855,,,0,18923721.0,2412.3981879846892,1108061.129749066,0.2723368489486126,0.28773633464642445,0.25857473026000855,1.112778245411269,0.3904284126329638,0.8550805120325133,1.0444591395902318,0.7728815806190258,1.052699166687811,0.027053304020358503,-0.004060176917751099,0.0,0.0,0.0,0.0,0.0,2135.645263671875,-0.033999397492171624,-0.041109316306660704,0.5185017837910367,0.3022,0.1675468892146775
2026-02-16,2368.0,2381.800048828125,2350.0,2368.300048828125,8435.0,0,1,0.0010990817558929056,-0.038019357905866524,-0.042840398459436435,0.011834550976739688,-0.11019688836290586,0.0010984782077318718,0.13333333333333333,0.022222222222222223,2403.8849853515626,-0.014803094465949825,2497.5039990234377,-0.0517332305557202,2516.057995605469,-0.05872597016261828,2495.6852648925783,-0.05104217981987257,2414.376280931889,2439.178860363537,1,0,0,41.66210131789369,0,0,-24.8025794316477,-26.780445581954503,1.9778661503068022,0,2503.5977439927124,2304.172226710413,2403.8849853515626,0.08295967506662305,0.3215627718640196,86.27508430245246,0.03642911899830548,24.57536962117656,26.664127582860566,19.741034750925472,0,21.081642617984695,23.993193957270453,40366.28571428572,,,0,18932156.0,2406.625444154693,1108070.4005036769,0.2707607412594853,0.2881207225055501,0.25860809413789665,1.1141210543546116,0.3891062523956464,0.8560203154231079,1.0456070855753312,0.7737310406637499,1.0538561691363613,0.01342737329413146,0.0009722487532646082,0.0,0.0,1.0,0.0,0.0,2183.623779296875,0.02246558285738387,-0.023249594300329135,0.5231890722303894,0.3059,0.16829245438535512
2026-02-17,2360.0,2373.89990234375,2334.60009765625,2349.89990234375,16859.0,0,1,-0.00776934767766424,-0.02643246887300532,-0.02856556331386939,-0.000807954096829766,-0.1104591945420147,-0.007799686302378648,0.17777777777777778,0.022222222222222223,2398.5599853515623,-0.02028720703463253,2493.76599609375,-0.05769029410752757,2514.693994140625,-0.06553246326624798,2493.465729980469,-0.057576820050317466,2404.4568380721753,2432.565604213923,1,0,0,39.97403291796105,0,0,-28.108766141747765,-27.04610969391316,-1.0626564478346054,0,2497.838405968425,2299.2815647346997,2398.5599853515623,0.08278168669799696,0.2549312191639191,82.91970718709871,0.03528648480064875,23.64971763885128,25.76145141772534,20.399306168160305,0,17.32651068239796,19.65305458120753,39173.28571428572,,,0,18915297.0,2402.4098136497787,1107939.417071179,0.2467215017517695,0.2881541152054079,0.25883913476410286,1.1132555958666053,0.387569238737161,0.849369595973442,1.0374834005932672,0.7677196551998322,1.0456683941560894,0.01672403349959845,-0.003504644114765781,0.0,1.0,0.0,0.0,0.0,2241.8974609375,0.026686685771204255,0.007411090284005217,0.528585279322544,0.2946,0.1604760532141745
2026-02-18,2361.10009765625,2386.800048828125,2325.39990234375,2341.39990234375,30043.0,0,1,-0.0036171753492658665,-0.010271822010262888,-0.03331827424910705,0.02338389015410769,-0.10160388833905776,-0.0036237331465974287,0.17777777777777778,0.044444444444444446,2395.6699829101562,-0.0226534042474754,2490.4279931640626,-0.05984035323622186,2513.1329931640626,-0.06833426296476999,2490.9070544433594,-0.0600211685269082,2394.755771037033,2425.812589260577,0,0,0,39.18418760546053,0,0,-31.05681822354427,-27.848251399839384,-3.208566823704885,0,2498.1824171257504,2293.157548694562,2395.6699829101562,0.08558143228982353,0.23530001027840813,81.38259570833273,0.034758093065122474,22.949716228727794,25.50539259570458,19.299983381229328,0,14.386252525548596,17.598135275310465,38244.857142857145,,,0,18885254.0,2401.1115461525756,1107830.7462721611,0.24393469628306988,0.2867046668164676,0.2579596634755295,1.1114321632834077,0.3886954492863894,0.8462972772084709,1.0337306412113687,0.7649426785878966,1.0418860282172415,0.02622369054637494,0.004766243575451498,0.0,1.0,0.0,0.0,0.0,2210.211669921875,-0.014133470226767142,-0.017288207678198608,0.5298470458150593,0.2993,0.16177499740296705
2026-02-19,2344.60009765625,2372.699951171875,2314.0,2325.699951171875,22796.0,0,1,-0.006705369363071756,-0.017987626896063813,-0.06365250605854633,-0.02363562083464521,-0.0912749944123249,-0.006727951355897818,0.05555555555555555,0.06666666666666667,2391.55498046875,-0.027536489787898202,2486.2819921875,-0.0645872195994712,2511.4149926757814,-0.07394836856732973,2488.426689453125,-0.06539342266780308,2384.1317987500856,2418.396838291044,0,0,0,37.702363304290934,0,0,-34.26503954095824,-29.13160902806316,-5.133430512895082,0,2498.495108499144,2284.6148524383557,2391.55498046875,0.08943146103999135,0.19209392905272313,79.76240681287146,0.03429608654920457,22.108738720270207,24.16465599003249,19.306325567230612,0,2.6530501523526078,11.455271120099766,31538.428571428572,,,0,18862458.0,2398.817593129574,1107677.8906721605,0.1255623746399984,0.2835472936895114,0.25744824431818103,1.1013759073807259,0.38795120325856336,0.8406225413738262,1.0267990954401214,0.7598134553863872,1.0348997975638212,0.02523969230953341,0.001366787155537417,1.0,1.0,0.0,0.0,0.0,2155.736083984375,-0.024647225729029665,-0.03217555820733109,0.5291113048983571,0.2856,0.15289883356585698
2026-02-20,2320.0,2329.10009765625,2281.5,2313.0,35361.0,0,1,-0.005460700622827885,-0.015702754958603404,-0.0604817044762852,-0.030676369403128234,-0.07175537576227808,-0.0054756647497478245,0.06666666666666667,0.14444444444444443,2388.05498046875,-0.031429335204844124,2481.103994140625,-0.06775370743734224,2509.5369921875,-0.07831603710140314,2485.7679638671875,-0.06950285238949132,2373.1884450962266,2410.5896650843,0,0,0,36.49991570409101,0,0,-37.401219988073535,-30.785531220065238,-6.615688768008297,0,2500.6086910958115,2275.501269841688,2388.05498046875,0.09426391900321208,0.1665814922910944,77.46509901596993,0.033491179859909175,20.7937715000027,23.10404934305156,21.455696285903652,0,6.652587117212249,7.897296598371196,34012.142857142855,,,0,18827097.0,2394.8524210464175,1107484.7948374366,0.12779071211362442,0.2747712048187264,0.25749680965849175,1.067085860920549,0.3864905672152465,0.8360321533385829,1.0211920529801324,0.7556643415773258,1.0292485195947,0.020579376418612193,-0.0024508540618074595,1.0,1.0,0.0,0.0,0.0,2159.83447265625,0.0019011551099985535,-0.03293939710616911,0.5229415103092508,0.2585,0.13575624704618777
2026-02-23,2313.0,2315.10009765625,2285.0,2298.0,20764.0,0,1,-0.006485084306095956,-0.018535877745747942,-0.04793468679307111,-0.05135399081852221,-0.06929654160990228,-0.006506203822738167,0.12222222222222222,0.16666666666666666,2383.80498046875,-0.035994966522755224,2475.2619921875,-0.07161342627446295,2507.6569921875,-0.08360672645448614,2483.2874304199217,-0.07461376727888072,2361.6209920044994,2402.2496898928703,0,0,0,35.07695356481409,0,0,-40.62869788837088,-32.75416455372637,-7.874533334644511,0,2503.3635555120354,2264.246405425464,2383.80498046875,0.10030902361801063,0.14115923747968498,74.08188463313279,0.032237547708064744,19.572730509754297,22.433522837218,20.833008338557324,0,3.484688489968321,4.263441919844437,33044.857142857145,,,0,18806333.0,2392.413500842684,1107350.1385469048,0.1027825366912855,0.2743198173087661,0.2575257881873912,1.065212999597363,0.3853710936133284,0.8306104143415753,1.014569536423841,0.7507637946150862,1.022573756173204,0.013098388884355962,0.0,1.0,0.0,0.0,0.0,0.0,2190.020751953125,0.01397620034268221,-0.00940413565967324,0.5239207637035128,0.2582,0.13512687883101016
2026-02-24,2290.0,2387.0,2286.0,2364.60009765625,159398.0,0,1,0.0289817657337903,0.016726210302740796,-0.00046491674275095374,-0.042051453894865976,-0.03588028887550576,0.02856973631957958,0.5333333333333333,0.3,2385.00498046875,-0.008555488554363397,2471.5819921875,-0.04328478475300935,2505.2019921875,-0.056123975220249075,2482.3818896484377,-0.04744708800984214,2362.0793159509226,2399.460831208676,0,0,0,45.277742846852696,0,0,-37.38151525775356,-33.67963469453181,-3.7018805632217493,0,2503.2118168017414,2266.798144135759,2385.00498046875,0.09912502263182602,0.4136899207968857,76.00460715933758,0.03214268968130045,19.451163016394553,27.061253982038867,18.85555881201261,0,17.550179019271383,9.229151542150696,41950.857142857145,,,0,18965731.0,2386.1411568356402,1111969.7740413395,0.2058541832316886,0.2882023017626423,0.2645768760943298,1.0892951266832906,0.3906744830949444,0.8546829707860693,1.043973553049117,0.7725222550320321,1.0522097492201377,0.04271335356033751,-0.0034812880765883376,0.0,0.0,0.0,0.0,0.0,2182.0244140625,-0.003651261241928272,0.0217166919897942,0.5236953193006552,0.2357,0.12976010523804657
2026-02-25,2369.60009765625,2389.39990234375,2365.5,2378.10009765625,57261.0,0,1,0.0057092106244014396,0.028145308109057465,0.004138009807065801,-0.03887966264133447,-0.055259755368606056,0.005692974847759049,0.5888888888888889,0.2111111111111111,2386.3199829101563,-0.0034445863558842833,2468.53599609375,-0.03663543840584341,2502.9979931640623,-0.04989931907613229,2481.521375732422,-0.04167656143830193,2364.544051597896,2397.8785546492372,0,0,0,47.09240787132486,0,0,-33.33450305134102,-33.610608365893654,0.27610531455263754,1,2503.5526279355045,2269.087337884808,2386.3199829101563,0.09825391889178331,0.46494199524318064,72.34712126849203,0.030422235523136366,19.36914751480231,26.635604131489654,18.39388166477667,0,41.14142996919129,20.725432492810377,48926.0,,,0,19022992.0,2386.44695283288,1112296.6891509034,0.20877132457626968,0.2773435599422403,0.24993659350237538,1.1096556772892259,0.38605849647943397,0.8595625358833762,1.0499338179497792,0.7769327472980476,1.058217036299484,0.010049998470335494,0.0021145224534820546,0.0,0.0,0.0,0.0,0.0,2230.70263671875,0.022308743358934624,0.02155996736628052,0.527224170195391,0.2585,0.13592672386077922
2026-02-26,2380.0,2383.39990234375,2325.0,2347.39990234375,23690.0,0,1,-0.012909547139229649,0.0214969113767407,-0.0010638751027252091,-0.02959904822498971,-0.06745592409100243,-0.012993599511895682,0.5111111111111111,0.17777777777777778,2389.2949829101562,-0.01753449484725328,2464.7079931640624,-0.0475951273520716,2500.9079931640626,-0.06138094293748868,2480.4983715820313,-0.05365795469294854,2361.9064901741813,2394.139395219201,0,0,0,43.555170252108624,0,0,-32.232905045019834,-33.33506770171889,1.1021626566990577,0,2498.7749401682718,2279.8150256520407,2389.2949829101562,0.09164206014007459,0.3086632402146802,71.35089134529618,0.03039571198501637,18.55543069695349,25.07839395231434,21.372920539661557,0,28.066392095169075,28.919333694543962,49901.857142857145,40559.03333333333,1.2303512446349514,0,18999302.0,2390.1560997376982,1111990.8619791751,0.21958351689920333,0.27912319835570554,0.2501131950343273,1.1159874964509438,0.38846585542985546,0.848465972807274,1.0363796478338851,0.7669028973727923,1.04455593358584,0.02487854851039267,0.0007989160530384989,0.0,0.0,0.0,0.0,0.0,2215.409423828125,-0.006855782854643722,-0.011815008300289698,0.5277936413323546,0.2622,0.13862525698610767
2026-02-27,2337.5,2345.0,2311.0,2332.0,18380.0,0,1,-0.006560408530465578,-0.01378672769596967,-0.004014650523535335,-0.037199163545485026,-0.08304496509389936,-0.0065820225937609994,0.4666666666666667,0.07777777777777778,2386.7949829101562,-0.022957557436854577,2459.5599951171876,-0.05186293295159481,2498.693994140625,-0.06671244839564916,2479.442814941406,-0.05946610829372586,2357.305491685846,2389.536477054816,0,0,0,41.856768060071595,0,0,-32.23098536896987,-33.114251235169085,0.883265866199217,0,2499.2202453239975,2274.369720496315,2386.7949829101562,0.09420604888046484,0.25630484762199596,68.85439213090002,0.029525897140180113,17.557117434037256,24.131415156552634,22.018203350351026,0,21.507661626155066,30.23849456350519,48235.71428571428,39648.46666666667,1.2165846082079916,0,18980922.0,2390.9411501142463,1111870.2816703853,0.22224911982857504,0.2767747659049707,0.24945052832641074,1.1095377017714938,0.38346686671607927,0.8459537170883944,1.029580573951435,0.7618717010628291,1.0377032199285952,0.014579759862778732,-0.004217390626056298,0.0,0.0,0.0,0.0,0.0,2160.833984375,-0.024634471112261136,-0.022340704385395038,0.5331950778705782,0.2673,0.13874076983103653
2026-03-02,2299.800048828125,2299.800048828125,2211.0,2259.60009765625,22300.0,0,1,-0.031046270301779644,-0.049829693929531516,-0.028421488112565285,-0.09026489522683367,-0.11779172506942803,-0.03153841880089759,0.2111111111111111,0.011111111111111112,2380.464990234375,-0.05077364845690288,2453.207998046875,-0.07892029560671839,2496.0079956054688,-0.09471439929897826,2478.287440185547,-0.08824131494324326,2342.27389260437,2379.9115600623295,0,0,0,34.95560424234829,0,0,-37.63766745795965,-34.0189344797272,-3.618732978232451,0,2506.4676191654926,2254.4623613032572,2380.464990234375,0.10586387907239228,0.020387417296671748,72.5790784072643,0.03212032008785373,17.43183883671031,21.2577995302596,29.237715359665916,0,17.052665844298247,22.208906521874173,48164.857142857145,39387.13333333333,1.222857645801179,0,18958622.0,2387.086378753568,1111177.9498426556,0.29048015388250986,0.28712045062680447,0.2564409132642849,1.1196358918395428,0.3854032546925016,0.8201815236501815,1.021981048238919,0.7382184262963559,1.021981048238919,0.03929901088260354,-0.013807869284680531,0.0,0.0,0.0,0.0,1.0,2123.650634765625,-0.01720786968283916,-0.01488375569584921,0.5347585661672295,0.2914,0.15634118158020896
2026-03-03,2299.800048828125,2299.800048828125,2211.0,2259.60009765625,22300.0,0,1,0.0,-0.03740300261571827,-0.0230868579091007,-0.08217222986804174,-0.08011716842185401,0.0,0.24444444444444444,0.1111111111111111,2372.325,-0.04751663551315685,2447.05,-0.07660239976451244,2493.5879956054687,-0.09383582948008379,2477.6349548339845,-0.08800120322501022,2329.554847227736,2370.9995998841014,0,0,0,34.95560424234829,0,0,-41.44475265636538,-35.50409811505484,-5.940654541310543,0,2507.613186318465,2237.0368136815346,2372.325,0.11405535609030404,0.08338970529770422,73.7377191516115,0.03263308371605015,17.315508710620996,19.429220327043137,26.722710070423975,0,19.36258870766932,19.30763872604092,46299.0,38964.4,1.1882384946258635,0,18958622.0,2380.280982224782,1111177.9498426556,0.2912629593981062,0.26414325510230263,0.2548188419406256,1.036592322179416,0.3786869419379606,0.8201815236501815,1.021981048238919,0.7382184262963559,1.021981048238919,0.03929901088260354,0.017790737048370656,0.0,0.0,0.0,0.0,0.0,2123.650634765625,0.0,-0.016753060639005724,0.5227393960495345,0.2324,0.11772698175869194
2026-03-04,2210.0,2239.300048828125,2184.0,2199.0,39906.0,0,1,-0.026818948060369996,-0.057032590051458,-0.04308093994778073,-0.08895055537770391,-0.08344446284024332,-0.027185138114724252,0.15555555555555556,0.08888888888888889,2358.8550048828124,-0.06776805041086194,2439.537998046875,-0.09859981612889526,2490.61099609375,-0.11708411974054157,2476.751380615234,-0.11214342416001388,2309.4694861157764,2358.258888781575,0,0,0,30.132788414271488,0,0,-48.78940266579866,-38.1611590252036,-10.628243640595059,0,2506.909828898401,2210.800180867224,2358.8550048828124,0.12553109344077204,-0.03985071390170108,73.87074618765712,0.0335928813950237,17.55341195170875,18.008929742364447,27.379997624426423,0,6.818181818181818,14.411145456716506,49033.57142857143,38106.4,1.286754231010314,0,18918716.0,2367.3931177138193,1110107.7129013585,0.32516724726398144,0.26681542869083497,0.25935355971584023,1.028771029721629,0.3746447297252198,0.7981851179673322,1.0068681318681318,0.7184201846643058,1.0068681318681318,0.025147816656718964,-0.021950830019744315,0.0,0.0,0.0,1.0,1.0,2075.572021484375,-0.02263960582506841,-0.05225919908141563,0.5262318450267774,0.2485,0.126264328868047
2026-03-05,2230.0,2239.89990234375,2100.0,2143.39990234375,70270.0,0,1,-0.025284264509436105,-0.051425115193182935,-0.09354655594057948,-0.09396798132324691,-0.10988376148515366,-0.025609403837239985,0.011111111111111112,0.05555555555555555,2342.3099975585938,-0.08492048252458861,2430.913994140625,-0.11827406995471139,2486.998994140625,-0.13815811450121024,2475.7046667480467,-0.1342263351794681,2283.9203193816184,2342.343408304699,0,0,0,26.51779004809454,0,1,-58.42308892308074,-42.213545004779036,-16.209543918301705,0,2508.8472982858852,2175.7726968313023,2342.3099975585938,0.14219919728889388,-0.09719382488540336,78.5871144845209,0.03666470003968368,18.690156843160185,15.718980076044522,31.533296651830398,0,14.996515891079838,13.725762138977037,36301.0,39832.36666666667,0.9113442920372126,0,18848446.0,2343.1077096150107,1108330.9876342805,0.22968426259150063,0.27394776162118994,0.2624931848958861,1.0436376156959928,0.390507319363071,0.7780035943171506,1.0206666201636905,0.7002554586863355,1.0206666201636905,0.06527008897909028,0.01409731696225557,0.0,1.0,0.0,1.0,1.0,2088.266357421875,0.006116066224684191,-0.04296838112185275,0.5209500483096843,0.2268,0.11946109180033966
2026-03-06,2130.0,2150.0,2081.300048828125,2096.10009765625,46976.0,0,1,-0.02206765272116462,-0.07235793633111842,-0.11858205643989783,-0.11493474034532247,-0.1203944197833613,-0.022314785901508056,0.011111111111111112,0.011111111111111112,2326.165002441406,-0.09890308922354758,2421.39599609375,-0.13434229632917316,2483.177995605469,-0.15588004510117218,2473.961013183594,-0.15273519409309408,2255.0249006546387,2324.1031630714806,0,0,0,23.891837837948614,0,1,-69.07826241684188,-47.5864884871916,-21.49177392965028,0,2521.513239685381,2130.8167651974313,2326.165002441406,0.1679573349602877,-0.088858410065464,77.88088853361762,0.03715513806840617,19.922929098487586,14.728554473170393,31.26150723022485,0,4.803653315393229,8.872783674885007,34831.71428571428,40557.23333333333,0.8588286582429838,0,18801470.0,2327.6226600091313,1107294.337580051,0.18598744366194558,0.2785427426097679,0.26276232538756805,1.0600558592215383,0.3877896036495143,0.7608348811819419,1.0071109635712823,0.6848024644079457,1.0071109635712823,0.03277512903543667,-0.006251704280240737,1.0,0.0,1.0,1.0,1.0,2038.9884033203125,-0.023597542490891743,-0.085943428874249,0.4181633725506728,0.2604,0.17363451641352443
2026-03-09,2075.0,2085.699951171875,2023.9000244140625,2055.800048828125,53949.0,0,1,-0.019226204355978216,-0.065120487117724,-0.12422248685640591,-0.12515420474816596,-0.13730589642126523,-0.019413431485793328,0.011111111111111112,0.011111111111111112,2307.85,-0.10921418253867232,2411.8699951171875,-0.1476323131055668,2478.87099609375,-0.1706708206809906,2472.052315673828,-0.16838327579335302,2224.3749234505594,2304.2288583127133,0,0,0,21.90180473263473,0,1,-79.85393486215389,-54.039977762184066,-25.813957099969826,0,2531.9032431473033,2083.7967568526965,2307.85,0.19416620937002269,-0.06247780132815373,77.4751160128012,0.03768611449200257,21.569741270476996,13.748145014493597,34.47260215884624,0,8.727779772391393,9.509316326288198,39154.42857142857,41514.53333333333,0.9431499146827755,0,18747521.0,2306.20404671057,1106257.1030812503,0.18264187104747087,0.2816188120582408,0.2638574174100355,1.0673143655484356,0.38446238458336623,0.7462069142751815,1.0157616601755306,0.671636312283761,1.0157616601755306,0.030061253667661176,-0.010066359750587785,1.0,1.0,1.0,1.0,1.0,1998.3065185546875,-0.019951994184654542,-0.09799674179334927,0.4235085292283163,0.2799,0.18636633537699068
2026-03-10,2094.89990234375,2149.0,2058.300048828125,2112.699951171875,35399.0,0,1,0.02767774150807356,-0.014323016035554303,-0.09403947205322682,-0.09767658696105075,-0.0973682547106538,0.027301636864251598,0.03333333333333333,0.1111111111111111,2289.2949951171877,-0.07713948806159553,2403.32599609375,-0.12092660146573724,2474.75599609375,-0.14629969398735,2470.306763916016,-0.1447621072685119,2207.194158484608,2290.0415318578366,0,0,0,30.680981251445047,0,0,-82.84737337322849,-59.80145688439296,-23.04591648883553,0,2513.4606634749757,2065.1293267593996,2289.2949951171877,0.1958381675021424,0.10610595449555743,78.5983185241636,0.03720278332972299,21.92132063423323,18.336282461375962,31.552833373621613,0,24.29547371145641,12.608968933080389,41585.71428571428,40649.833333333336,1.0230229960528157,0,18782920.0,2283.77230742845,1107236.8674528946,0.3314951736858069,0.293707942650852,0.27015726652166683,1.0871739503157,0.38585675974549655,0.7668602363600272,1.0438756488396808,0.6902256885225868,1.0438756488396808,0.0429308246642243,0.019019288153978412,0.0,1.0,1.0,1.0,1.0,1995.6077880859373,-0.001350508765142866,-0.07646408631288382,0.397868710359319,0.3287,0.24304259146910023
2026-03-11,2115.10009765625,2125.0,2088.199951171875,2097.699951171875,56541.0,0,1,-0.007099919698336565,0.0007632524407654717,-0.07164991126186637,-0.09803500227323614,-0.10804494105817586,-0.007125244066709703,0.08888888888888889,0.08888888888888889,2271.084997558594,-0.07634458709079889,2392.9719970703127,-0.12339135027904036,2470.49099609375,-0.1508975525558759,2468.631036376953,-0.15025780675165987,2190.3488958211105,2275.79400736258,0,0,0,29.732119217069,0,1,-85.44511154146949,-64.93018781580827,-20.51492372566122,0,2495.3840457194824,2046.785949397705,2271.084997558594,0.1975258948053544,0.11349580435501797,75.61272783158941,0.0360455401590435,22.247787186292587,17.698846231811316,30.4559415047202,0,20.191505172543355,17.738252885463766,46477.28571428572,41797.7,1.111957971713413,0,18726379.0,2268.1303852245996,1106835.430893231,0.3091949595554393,0.29284868544650033,0.27015462067630724,1.0840039852488201,0.38413582225252474,0.7614155902620235,1.0364642155578698,0.6853251415603473,1.0364642155578698,0.017543046996576772,0.0011360564868871624,1.0,1.0,1.0,1.0,1.0,1973.8173828125,-0.010919182318053222,-0.07055456745109168,0.3959166328579233,0.3235,0.23975411530352644
2026-03-12,2082.300048828125,2389.10009765625,2069.10009765625,2154.0,6786271.0,1,0,0.02683894271755749,0.0477672676522467,-0.04673397640838428,-0.06874189364461736,-0.05852524501031775,0.026485095588572195,0.2111111111111111,0.3111111111111111,2258.1,-0.046100704131792174,2384.01599609375,-0.09648257246202833,2467.157995605469,-0.126930661175032,2467.21783203125,-0.12695183536890178,2184.756758002478,2266.7722290394263,0,0,0,37.54007713875908,0,0,-82.01547103694838,-68.3472444600363,-13.66822657691209,0,2477.654797238785,2038.5452027612153,2258.1,0.194459764615194,0.2629293431316322,93.06896155790446,0.04320750304452389,22.00212293301354,33.62127823750333,22.976156685276788,0,35.59508044786961,26.69401977728984,1012758.8571428572,266464.5333333333,3.8007266650978586,1,25512650.0,2210.5305171794676,1288971.7695280525,0.38010911708195805,0.2966399294197661,0.276610044700657,1.072411993356153,0.4538767588793072,0.7818511796733212,1.0642818192680257,0.7037185437775874,1.0642818192680257,0.14856081708449395,-0.007341327502604403,1.0,1.0,1.0,1.0,1.0,2001.105224609375,0.01382490702254957,-0.05770507076356968,0.3963589733247568,0.371,0.27849654786210165
2026-03-13,2172.300048828125,2205.89990234375,2050.0,2082.5,391057.0,1,0,-0.03319405756731664,-0.014294481880933296,-0.052978626648476634,-0.09377719756309832,-0.12573467674223338,-0.03375748367533614,0.16666666666666666,0.022222222222222223,2243.9400024414062,-0.07194488367147052,2372.187998046875,-0.12211848229794074,2462.9749951171875,-0.1544778147855637,2465.5500036621092,-0.15536087408211585,2169.0249490790197,2253.122434295765,0,0,0,32.5876746439386,0,0,-84.0974852167451,-71.49729261137806,-12.600192605367042,0,2470.687238295644,2017.1927665871685,2243.9400024414062,0.20209741401956985,0.14400888541550644,97.55688589975057,0.04684604364934001,21.54372292045748,29.783551044830894,21.751983876894975,0,16.032830412384044,23.93980534426571,1062923.2857142857,278110.0333333333,3.8219523149684487,0,25121593.0,2203.750234675838,1275991.0009579505,0.39657476914477663,0.282142119873743,0.27975260917459854,1.0085415135401048,0.46315492726296165,0.7558983666061706,1.0289539872913944,0.680359269924246,1.0289539872913944,0.07486189788415366,0.008495844395601207,1.0,1.0,1.0,1.0,1.0,1960.2235107421875,-0.02042956730332246,-0.055574323390471636,0.4007469015009144,0.4308,0.30291247613974476
2026-03-16,2088.800048828125,2155.0,2033.5999755859373,2139.699951171875,213882.0,0,1,0.027466963347839046,0.020021929245189085,-0.0017262066531911202,-0.09511128190652285,-0.10330232379685644,0.02709651441182717,0.6,0.1111111111111111,2232.5099975585936,-0.04157206305378828,2361.7499951171876,-0.0940192841767296,2459.197995605469,-0.12991960997224689,2464.138211669922,-0.1316639866065704,2164.513410939459,2244.7207688791805,0,0,0,39.4675891822735,0,0,-80.20735793972153,-73.23930567704676,-6.9680522626747745,0,2455.8839509545446,2009.1360441626425,2232.5099975585936,0.20011014834444293,0.2922540990663219,99.25996722220144,0.046389666536113414,20.915975590269575,27.181636147468595,21.0318770414899,0,31.682617081499913,27.770175980584565,1083439.2857142857,284407.4666666667,3.8094614688302335,0,25335475.0,2201.097753411551,1281865.690012713,0.42228389704874875,0.29621538531465536,0.2867352704798968,1.0330622557137534,0.4666412174696952,0.7766605993364337,1.05721622874694,0.6990466730546178,1.05721622874694,0.056736938442034424,0.003025233530912365,1.0,1.0,1.0,1.0,1.0,1977.115966796875,0.008617617308493308,-0.0532261558636723,0.4000487425766917,0.4363,0.32292148257390946
2026-03-17,2129.5,2185.0,2110.10009765625,2156.699951171875,98518.0,0,1,0.00794503920546874,0.0012534592255686317,0.028910763175568066,-0.09309959101493548,-0.10968459456871749,0.007913643564907693,0.8555555555555555,0.1,2222.85,-0.02975911502266231,2352.0499951171873,-0.08305522601596711,2455.331994628906,-0.12162593250537827,2462.8903234863283,-0.12432156210716988,2163.3113402059844,2238.200708308269,0,0,0,41.38233101666388,0,0,-74.8893681022846,-73.56931816209433,-1.3200499401902732,0,2441.509117949088,2004.190882050912,2222.85,0.19673762777433285,0.3487370445637507,97.51996258802633,0.045217213704223165,20.61974472530711,27.887790545740064,19.878057941491033,0,36.363609015418895,28.026352169767662,1090802.4285714286,286096.1666666667,3.8127124920283633,0,25433993.0,2200.1797245540533,1282648.4193851573,0.39393431538166385,0.29300480819291935,0.28761716506265955,1.0187319944172528,0.46696205398737045,0.7828311982475046,1.0656158531329922,0.7046006262784892,1.0656158531329922,0.03472893960193769,-0.004767000703200778,1.0,1.0,1.0,1.0,1.0,1974.5172119140625,-0.0013144170228025498,-0.03161920455323064,0.2513221749722817,0.469,0.5465120769238726
2026-03-18,2179.89990234375,2262.0,2153.0,2244.300048828125,208924.0,0,1,0.04061765643786064,0.07769510147809133,0.09169179663530569,-0.043920873223469714,-0.09078749893922855,0.03981443728524141,1.0,0.17777777777777778,2217.995007324219,0.011859828997379203,2344.8119970703124,-0.04286567467573964,2452.4649951171873,-0.08487988481120623,2462.183310546875,-0.08849189286006327,2175.7711415324675,2238.65251130974,0,0,0,50.13530734810615,0,0,-62.88136977727254,-71.43172848512998,8.550358707857441,1,2429.774785205407,2006.2152294430305,2217.995007324219,0.1909650627542924,0.562104705574542,98.33996526031018,0.04381765500190538,21.015346165842946,31.272717821948596,18.304283949628687,0,60.3504874622249,42.79890451971462,1112941.7142857143,291468.0,3.8184010398593133,0,25642917.0,2200.1266570446624,1291134.422638781,0.4057451063788518,0.31278968767436666,0.3004725248916678,1.0409926424625335,0.4696586807874676,0.8146279669067604,1.1088986717502858,0.7332198524425703,1.1088986717502858,0.04856748100901883,0.010757152917478837,0.0,1.0,1.0,1.0,1.0,2006.3028564453125,0.016097932365166656,0.004001557226770425,0.2539829953939999,0.4906,0.6054665761062897
2026-03-19,2221.0,2221.0,2155.0,2175.0,92888.0,0,1,-0.03087824592095445,0.016497663052612577,0.02948835625880908,-0.06732418524871353,-0.12096352217665729,-0.03136502578018955,0.8555555555555555,0.03333333333333333,2210.460009765625,-0.01604191417576681,2337.12599609375,-0.06936981419261343,2448.8419946289064,-0.11182509742544822,2461.215693359375,-0.1162903739528461,2175.6525043736265,2233.9375104719816,0,0,0,44.47711793937247,0,0,-58.2850060983551,-68.802384007775,10.517377909419906,0,2416.757390915214,2004.1626286160358,2210.460009765625,0.1866556103600017,0.41405608358180684,97.69425694372552,0.044916899744241616,21.38269036062622,29.230884660984547,17.109175351493892,0,41.37457428321309,46.02955692028567,1121154.4285714286,293543.23333333334,3.819384340221873,0,25550029.0,2199.57547199474,1288266.2041316752,0.46449063205219,0.32271575026999244,0.3062718254121351,1.053690622164574,0.41040284140236344,0.7894736842105263,1.0746578258625608,0.7105793095247227,1.0746578258625608,0.030344827586206897,-0.010381877788708005,1.0,1.0,1.0,1.0,1.0,1935.9344482421875,-0.03507367194193256,-0.029902338625860336,0.26902397439686193,0.5296,0.636150788888751
2026-03-20,2169.699951171875,2295.5,2169.699951171875,2278.800048828125,233219.0,0,1,0.04772416038074723,0.056614318366310146,0.0863326986088162,0.008497057152630605,-0.05795781363037411,0.046620345510577636,0.9888888888888889,0.37777777777777777,2208.7500122070314,0.031714787202693905,2332.86599609375,-0.02317576206955527,2445.908994140625,-0.06832181643422679,2460.9503540039063,-0.07401624534173444,2191.521357366626,2237.2606614613255,0,0,0,53.02817716640043,0,0,-45.73930409469949,-64.1897680251599,18.450463930460415,0,2412.0132972586534,2005.4867271554097,2208.7500122070314,0.18405277548681642,0.6723135503868866,99.70181350689691,0.04375189194776815,22.316444209918153,31.933768067340093,15.567195164401886,0,69.79736399040151,57.17414191194655,1146394.142857143,300476.86666666664,3.8152492588685463,0,25783248.0,2200.4382004070067,1299396.3850915127,0.518487686376649,0.3498209743417199,0.3225888799652174,1.0844173375704667,0.4208381740277403,0.8271506529321688,1.1259449682984506,0.744491110455721,1.1259449682984506,0.055204513837367075,-0.002436804058908046,1.0,0.0,1.0,1.0,1.0,1926.23876953125,-0.005008268084563006,-0.024104870944775536,0.2690258623005346,0.4856,0.6342044495159513
2026-03-23,2221.60009765625,2238.699951171875,2177.60009765625,2209.199951171875,87915.0,0,1,-0.03054243293177128,-0.01563966354435442,0.0256267182784935,-0.022304896577342248,-0.08789898761425596,-0.03101857310850482,0.8,0.2,2204.310009765625,0.0022183546708884855,2327.6679931640624,-0.05089559264470127,2442.396994628906,-0.09547876285872305,2460.1467443847655,-0.10200480673995216,2194.241141028972,2235.1820903287735,0,0,0,47.72110075633345,0,0,-40.94094929980156,-59.54000428008824,18.59905498028668,0,2403.197015071507,2005.4230044597434,2204.310009765625,0.18045284413241724,0.5122932652103873,99.80882334010963,0.04517871878784255,23.183501355689234,29.620992459361428,14.439754482019834,0,50.739290688731124,53.97040965411529,189486.14285714287,302189.3,0.6270445143396635,0,25695333.0,2200.283894701231,1296711.247100316,0.5630979802031759,0.3595857103321916,0.32687474523484567,1.1000718641443055,0.4208666815366784,0.8018874595905172,1.09155586961933,0.7217525406463273,1.09155586961933,0.027657004737490803,-0.025100908349238508,1.0,1.0,1.0,1.0,1.0,1832.1807861328125,-0.04882986724502825,-0.08441557015550616,0.29371198733186277,0.5283,0.6491296575057698
2026-03-24,2308.60009765625,2309.800048828125,2215.0,2295.39990234375,127332.0,0,1,0.039018628045030423,0.05535627693965517,0.10223284626350537,0.04383806382162336,-0.0758515753203498,0.038276640777381944,1.0,0.2777777777777778,2200.85,0.042960629912874616,2324.5239892578124,-0.012529054141257262,2440.016994628906,-0.059268887308365006,2459.5793713378907,-0.06675103511899888,2209.8040273850916,2239.6426689965497,0,0,0,53.877707101856615,0,0,-29.838641611458115,-53.599731746362224,23.76109013490411,0,2390.173569906499,2011.526430093501,2200.85,0.17204586401299404,0.74970452012511,99.86534293411965,0.04350672962569649,24.506480376250945,32.5750667802646,13.400754887777813,0,74.34277751352985,64.95981073088754,151811.14285714287,304109.0,0.49919977000727656,0,25822665.0,2198.684306210614,1301679.567046546,0.5270155193099954,0.37038381254521685,0.3371348292251816,1.0986222141344741,0.4207883065319927,0.833176008110254,1.1341468820863763,0.7499143345703622,1.1341468820863763,0.04130001431616691,0.04499373016536958,0.0,1.0,1.0,1.0,1.0,1817.0875244140625,-0.008237867045100544,-0.07302023751053277,0.29361542800711926,0.5139,0.6513258851817056
2026-03-25,2300.0,2363.0,2290.800048828125,2337.60009765625,96770.0,0,1,0.018384681148331028,0.02580307511330937,0.09248967191684443,0.090603808976639,-0.050489382029369034,0.01821772607048253,0.9888888888888889,0.43333333333333335,2198.825,0.0631132980824987,2320.9319921875,0.007181643204047648,2438.0589965820313,-0.04120445775373643,2459.099149169922,-0.04940795150723564,2229.4649612729622,2246.898774823194,0,0,1,56.57394058481941,0,0,-17.433813550231662,-46.36654810713612,28.932734556904457,0,2380.893348455948,2016.7566515440517,2198.825,0.16560512860818677,0.8811071469400052,97.88924352253075,0.04187595800525399,26.075718544705005,34.74083580906402,12.694757393826446,1,85.89814083475086,70.32673634567065,135080.85714285713,306733.1666666667,0.4403855592494577,0,25919435.0,2198.971234364447,1303458.6526412698,0.5203318050463206,0.3747151884548674,0.33353299843068857,1.1234726105601118,0.42300874972138736,0.8484936833598004,1.154997810888908,0.7637012705000011,1.154997810888908,0.03088635701387286,0.002004050645620838,0.0,1.0,1.0,1.0,1.0,1885.7568359375,0.03779086620804395,-0.04620828135204724,0.3197254755093859,0.5352,0.6299646203871093
2026-03-26,2300.0,2363.0,2290.800048828125,2337.60009765625,96770.0,0,1,0.0,0.05812065422881485,0.08387821698891407,0.11521396343143753,-0.031528298900067364,0.0,0.9555555555555556,0.5444444444444444,2198.335009765625,0.06335025702268778,2317.3399951171873,0.008742826940264393,2435.952998046875,-0.040375532889790386,2458.7877221679687,-0.04928755069789629,2246.1011361011606,2253.617391329346,0,0,1,56.573940584819404,0,0,-7.5162552281854005,-38.59648953134597,31.080234303160573,0,2378.7651513626693,2017.9048681685806,2198.335009765625,0.16415163366413463,0.8859252302801119,96.05429406891248,0.04109098650586963,27.532868272555206,32.87560600529357,12.013177941543303,1,85.89814083475086,82.04635306101056,134831.14285714287,309041.0,0.4362888511787849,0,25919435.0,2200.0055065197394,1303458.6526412698,0.5254898339023558,0.3708023944592383,0.3334810092458927,1.1119145743793364,0.4245923740063791,0.8484936833598004,1.154997810888908,0.7637012705000011,1.154997810888908,0.03088635701387286,-0.016084914478720725,0.0,1.0,0.0,1.0,1.0,1885.7568359375,0.0,-0.04495295125359766,0.31978077361316365,0.5347,0.6226382785629608
2026-03-27,2320.0,2321.89990234375,2206.199951171875,2244.39990234375,85130.0,0,1,-0.039870033974564456,-0.02221835068822897,4.4492052512001834e-05,0.09174036824404852,-0.05127448591611872,-0.04068662240697778,0.5888888888888889,0.43333333333333335,2193.9550048828123,0.022992676398863585,2311.363994140625,-0.028971677315485965,2433.65099609375,-0.07776427024818545,2457.756602783203,-0.08680953199264912,2245.8394078307897,2252.93461436745,0,0,0,49.206143371176985,0,0,-7.095206536660498,-32.29623293240888,25.20102639574838,0,2364.7169979688338,2023.1930117967909,2193.9550048828123,0.15566590263335187,0.6477052842652347,98.57899781287409,0.04392220731694536,27.513910275027058,29.74551343218624,16.999372173754036,1,59.29672415586951,77.03100194179045,117146.28571428571,308643.4666666667,0.37955213171838525,0,25834305.0,2200.289441083013,1300064.5166490152,0.5639272691150363,0.3845359991711119,0.33722755595961024,1.1402864100974235,0.43126361835882815,0.8146642113770417,1.1089480089282198,0.733252474898748,1.1089480089282198,0.051550506240466996,-0.007529131126361777,1.0,1.0,1.0,1.0,1.0,1822.185302734375,-0.033711416016965146,-0.09176957163742949,0.3195555506883466,0.5567,0.6717365099624578
2026-03-30,2235.0,2311.300048828125,2168.0,2298.39990234375,120440.0,0,1,0.024059883420779693,-0.01676941892319539,0.0567355872844828,0.08789698275368951,-0.02951490311329541,0.02377500481053834,0.9222222222222223,0.5666666666666667,2195.8949951171876,0.04668024083778745,2306.1059912109376,-0.003341602205864429,2431.4419946289063,-0.0547173621986658,2457.080880126953,-0.0645810966446511,2253.9256377558604,2256.3024134768057,0,0,0,53.023506310608695,0,0,-2.376775720945261,-26.312341490116154,23.935565769170893,0,2370.632430627292,2021.1575596070832,2195.8949951171876,0.15914917234080145,0.7933112384513481,101.77335859967774,0.04428009176988577,26.951372963928723,26.75389868440669,17.970707104121185,1,74.48659235774866,73.22715244945638,121082.28571428571,312376.9666666667,0.3876159212580197,0,25954745.0,2200.940792734276,1302962.289008214,0.5311914914911413,0.39155050630240024,0.3416082579066747,1.1461974271399769,0.4448060322188764,0.8342649373298548,1.1356291687427384,0.75089444396281,1.1356291687427384,0.062347744046628906,-0.0041881584177285,1.0,1.0,1.0,1.0,1.0,1758.0140380859375,-0.03521665143064323,-0.09190415012130204,0.3200788441429698,0.4909,0.602031422102661
2026-03-31,2235.0,2311.300048828125,2168.0,2298.39990234375,120440.0,0,1,0.0,-0.01676941892319539,0.008600953614032125,0.09567619575895714,-0.02191582711614004,0.0,0.6444444444444445,0.6111111111111112,2197.8349853515624,0.0457563546228205,2302.9459912109373,-0.0019740319071907143,2428.7659936523437,-0.05367585500180321,2456.0945349121093,-0.06420544092534386,2260.7678323078435,2259.4207459854683,0,0,0,53.02350631060869,0,0,1.3470863223751621,-20.780455927617894,22.127542249993056,0,2376.3706717002005,2019.2992990029243,2197.8349853515624,0.1624650508692124,0.7816381392675972,104.73955075885254,0.04557063836108171,26.42901688933741,24.139362396169055,16.214512001371556,1,74.48659235774866,69.42330295712232,104971.0,315829.6666666667,0.3323658638781031,0,25954745.0,2201.5780372480253,1302962.289008214,0.4568491443389349,0.391025460359268,0.3414797060604707,1.1450913580499087,0.45762383435730936,0.8342649373298548,1.1356291687427384,0.75089444396281,1.1356291687427384,0.062347744046628906,-0.02758436522691249,1.0,1.0,1.0,1.0,1.0,1758.0140380859375,0.0,-0.08733327046794415,0.3046434251199333,0.5347,0.687979754210611
2026-04-01,2375.0,2393.5,2292.10009765625,2345.10009765625,81582.0,0,1,0.020318568263459458,0.044867314067935204,0.061515548383153984,0.08871870828980977,0.0015803346146876507,0.02011490036079172,0.9444444444444444,0.7777777777777778,2205.139990234375,0.06346994206340575,2301.863994140625,0.018783083460048963,2426.827995605469,-0.033676839931471386,2455.319217529297,-0.044889934916062246,2273.742026976829,2265.7673646277485,0,0,1,56.31631031524075,0,0,7.974662349080518,-15.02943227227821,23.00409462135873,0,2395.4442357223907,2014.8357447463595,2205.139990234375,0.1726006025293559,0.8677272334701774,104.50100444348807,0.04456142599112461,26.690946890623593,28.084824218224753,15.090701932855655,1,86.5518479965241,78.50834423734051,104066.28571428571,317547.63333333336,0.3277186626204395,0,26036327.0,2202.824711153945,1304619.9184442835,0.4054029641937406,0.3955303137877852,0.34371640913374035,1.1507460897331905,0.4615614952382124,0.8512160064088021,1.1587035275298136,0.7661515439811208,1.1587035275298136,0.04323905083842328,0.03332757610115563,0.0,1.0,1.0,1.0,1.0,1841.676513671875,0.047589196544201684,0.00518274594457746,0.3436777513946885,0.5377,0.6202472416216924
2026-04-02,2334.89990234375,2371.39990234375,2291.5,2356.39990234375,41630.0,0,1,0.00481847435799998,0.025234947121628215,0.026574890038862042,0.13152456295018,0.01320030606545175,0.004806902667472259,0.7555555555555555,0.8333333333333334,2215.789990234375,0.06345814031522988,2300.8319921875,0.024151224576558168,2425.3019946289064,-0.028409695962707964,2454.6653210449217,-0.0400321045230481,2286.4586231871244,2272.480885940045,0,0,1,57.099885471972236,0,0,13.977737247079403,-9.227998368406688,23.20573561548609,0,2415.170016341472,2016.4099641272783,2215.789990234375,0.17996292697938174,0.8526178495779869,102.74378286493535,0.04360201456583967,26.924670038271547,26.52478911383627,14.294174178390824,1,89.69155455972779,83.57666497133357,91823.14285714286,318175.43333333335,0.2885928115039141,0,26077957.0,2203.775927551233,1304820.511531807,0.3479126514975167,0.3952247254353011,0.3422554685200553,1.1547652610031036,0.4633537377413394,0.8553175689088022,1.1642867107657402,0.769843225550136,1.1642867107657402,0.03390761570830105,-0.004349577795290838,0.0,1.0,1.0,1.0,1.0,1833.3802490234373,-0.004504734999251747,0.008966395063786825,0.3390236569612415,0.5369,0.6272186951472425
2026-04-03,2334.89990234375,2371.39990234375,2291.5,2356.39990234375,41630.0,0,1,0.0,0.025234947121628215,0.008042352798645513,0.10127585928727645,0.018763468371703507,0.0,0.6111111111111112,0.8555555555555555,2228.80498046875,0.057248132067689986,2300.299990234375,0.0243880851834717,2422.648994140625,-0.027345724435154945,2454.0054321289062,-0.039773966474263754,2297.2188199804514,2278.6971093773564,0,0,1,57.099885471972236,0,0,18.521710603095016,-3.678056574106347,22.199767177201363,0,2429.2684187583613,2028.3415421791383,2228.80498046875,0.17988423396958775,0.8182498588362596,101.11207711342212,0.04290955750458691,27.141698675373217,25.027632888510233,13.487358645749733,1,86.90892362720386,87.71744206115197,83946.0,318384.4,0.26366241562086584,0,26077957.0,2204.8902495094376,1304820.511531807,0.33293612283023977,0.3948313044038498,0.3381580913211457,1.1675938400920356,0.46579377745946937,0.8553175689088022,1.1642867107657402,0.769843225550136,1.1642867107657402,0.03390761570830105,-0.009124087969370318,1.0,1.0,1.0,1.0,1.0,1833.3802490234373,0.0,-0.027774836031827954,0.3387240345039495,0.5406,0.6313830728937863
2026-04-06,2347.0,2347.0,2284.89990234375,2324.89990234375,54928.0,0,1,-0.013367849815589028,-0.008613788099147035,-0.005433005981319683,0.07798950015299111,0.01170578866133587,-0.013458003865262441,0.45555555555555555,0.8111111111111111,2242.259973144531,0.036855641267736286,2299.13798828125,0.01120503170919238,2419.9019921875,-0.03925865185881839,2453.0467138671875,-0.05223985780581249,2301.4774480363435,2282.1195384859784,0,0,1,53.970038825021035,0,0,19.357909550365093,0.9291366507879406,18.428772899577154,0,2429.5196262647337,2055.0003200243286,2242.259973144531,0.16702760194001123,0.7206559924207806,98.9969287481777,0.04258115742891903,27.223760225857685,23.736484787715224,13.2677729176191,1,71.47605087058211,82.69217635250463,77968.57142857143,319523.2,0.24401536861351986,0,26023029.0,2206.4714389888313,1304086.2422771363,0.3444710705017406,0.3964323881067077,0.3387199251036939,1.1703840215049233,0.4675719574890501,0.8438838121029946,1.1487227008739376,0.7595520769294332,1.1487227008739376,0.026710869398569117,-0.0039890946924588475,1.0,1.0,1.0,1.0,0.0,1901.349853515625,0.03707338100123647,0.008268837890953673,0.35626346887687355,0.4838,0.5394666792509688
2026-04-07,2325.0,2384.699951171875,2306.0,2345.699951171875,38365.0,0,1,0.008946642738105082,-0.004540804453960656,0.04513458083933286,0.0451810810219857,-0.007992956823062225,0.008906858643279494,0.9,0.6666666666666666,2253.9099731445312,0.04072477566585476,2299.2399853515626,0.02020666225200867,2417.8209912109373,-0.029828941142140287,2452.3622888183595,-0.04349371140341521,2308.2809100571944,2286.8291986849335,0,0,1,55.69691146762101,0,0,21.45171137226089,5.033651595082531,16.418059777178357,0,2436.155570173179,2071.6643761158834,2253.9099731445312,0.16171506333448515,0.7518304406907427,97.54714463558466,0.041585516760935956,27.67569824914462,25.1291702941568,12.503180660586464,1,79.9580508058176,79.44767510120124,71287.85714285714,315488.76666666666,0.22596004889827714,0,26061394.0,2207.4484406564584,1304429.4802257838,0.20236217753224264,0.38829863194488967,0.339108262658319,1.145058008616364,0.46515870053358904,0.8514337390823503,1.1589999124838077,0.7663475180027065,1.1589999124838077,0.03355073232301418,4.305460899589301e-05,1.0,1.0,1.0,1.0,0.0,1881.2587890625,-0.01056673731874036,0.03241903347561803,0.3566910661289582,0.4886,0.5328558911571647
2026-04-08,2403.0,2409.10009765625,2367.699951171875,2375.199951171875,34572.0,0,1,0.012576203527336238,0.007978292992384617,0.033414571915796554,0.09204595456178155,-0.0012195224613267275,0.012497779909507144,0.8333333333333334,0.7444444444444445,2267.7849731445312,0.047365592108321086,2299.7079833984376,0.03282676249263513,2415.9959912109375,-0.016885806179924523,2452.0171313476562,-0.03132815802700434,2318.576147151761,2293.375180350633,0,0,1,58.09794051820002,0,0,25.200966801127834,9.067114636291592,16.13385216483624,0,2442.034219357646,2093.5357269314163,2267.7849731445312,0.15367351691328948,0.8082222172025073,95.10807333906969,0.04004213341792354,28.32623055578205,25.765154737227572,11.907840270009554,1,85.9393891525053,79.12449694296838,59021.0,314732.4666666667,0.18752752337593812,0,26095966.0,2208.7711543616733,1304864.2647341308,0.17023840968026097,0.38970462601231615,0.335672373973261,1.1609672294430737,0.46580766883979413,0.8621415430750907,1.173575731271369,0.7759852603617774,1.173575731271369,0.017430173179293396,0.024427697497925425,0.0,1.0,1.0,1.0,0.0,2042.8865966796875,0.08591471229629843,0.16204225473871015,0.4370986113586474,0.4467,0.3989305011928448
2026-04-09,2361.0,2403.10009765625,2351.5,2396.5,40200.0,0,1,0.00896768662260028,0.030797066826003805,0.04268190994796606,0.05164996868961902,0.02091680143942498,0.008927715707615448,0.8777777777777778,0.8777777777777778,2279.9099731445312,0.051137995898436164,2301.8799853515625,0.04110553775634239,2414.6319921875,-0.007509215584886596,2451.6731018066407,-0.022504265257053884,2330.5644322053363,2301.014055880216,0,0,1,59.7923387512761,0,0,29.550376325120396,13.163766974057353,16.386609351063044,0,2454.569657042969,2105.2502892460934,2279.9099731445312,0.15321629885020513,0.8337634199637743,92.00036079029685,0.03838946830390021,28.601914083451998,24.732950321980205,12.688543261468471,1,94.77391432905404,86.89045142912569,47558.142857142855,315282.8,0.15084280797158253,0,26136166.0,2225.6637754024255,1305224.7657363594,0.16831275411423885,0.3885505052483747,0.33628039630761836,1.1554360870115703,0.4653382387918445,0.8698729582577133,1.1840999906572998,0.7887090211419513,1.1840999906572998,0.021531440707803048,-0.005978423485933904,0.0,0.0,0.0,0.0,0.0,2039.5880126953125,-0.0016146681806695762,0.16016594208539003,0.4369157044946568,0.4456,0.3968997032380835
2026-04-10,2396.5,2428.699951171875,2382.10009765625,2408.60009765625,24073.0,0,1,0.005049070584706827,0.02681508624022899,0.027077735429486882,0.09025898555655987,0.032847383214515524,0.005036366771511249,0.7444444444444445,0.9555555555555556,2296.214978027344,0.048943640166242204,2302.4119873046875,0.04612037764617067,2413.525993652344,-0.0020409541927657662,2451.441510009766,-0.017476008372455575,2342.5699191977847,2308.9833923080705,0,0,1,60.76300258082487,0,0,33.58652688971415,17.248318957188715,16.338207932525435,0,2453.2780974666184,2139.1518585880694,2296.214978027344,0.13680175501181155,0.8577705575635076,88.75746741353458,0.03685022993227573,29.11997732055581,25.86559827227406,12.212700596747558,1,92.29004323734088,91.00111557296678,39342.57142857143,315472.56666666665,0.12470996081932353,0,26160239.0,2250.668133534255,1305346.312012545,0.136379797193871,0.38811984589599896,0.33571299698188417,1.156106106660335,0.465865398625327,0.8742650082236842,1.1900785950894792,0.8088024215688692,1.1900785950894792,0.019347277101321295,0.0,0.0,0.0,0.0,0.0,0.0,2085.867431640625,0.022690572143613696,0.13259164470848894,0.43751026280228017,0.4413,0.39200985704456387
2026-04-13,2379.0,2404.0,2333.5,2373.39990234375,21120.0,0,1,-0.014614379259866528,-0.0007578514925603574,0.007214395138571916,0.03398100693493844,0.05036280747444555,-0.014722221286299957,0.5888888888888889,0.9777777777777777,2307.8999755859377,0.02838074762801753,2302.155986328125,0.03094660676284455,2412.0759936523436,-0.016034358540267486,2451.055390625,-0.03168246975497712,2347.312993527933,2313.754985644047,0,0,1,56.49055487231392,0,0,33.55800788388615,20.510256742528203,13.047751141357946,0,2449.9945972251476,2165.805353946728,2307.8999755859377,0.12313759100684978,0.7304799646960675,87.78194100229997,0.0369857354909363,28.634551234273157,24.2849697495592,15.421003477030197,1,78.78785608530221,88.61727121723243,36412.57142857143,315433.23333333334,0.11543669969008157,0,26139119.0,2269.4114620371456,1305037.6563225766,0.17522889010873915,0.37878797338185566,0.3364690135248235,1.1257737210737535,0.463699216566048,0.8614881678198729,1.1726863351517924,0.8082868126239531,1.1726863351517924,0.029704223013736847,-0.01228933673342168,1.0,0.0,1.0,0.0,0.0,2128.048583984375,0.020222355315540286,0.1607240697165222,0.4387713123910607,0.4043,0.34967627459302847
2026-04-14,2379.0,2404.0,2333.5,2373.39990234375,21120.0,0,1,0.0,-0.009639097707594413,0.007214395138571916,0.015314768648150734,0.05036280747444555,0.0,0.5944444444444444,0.9722222222222222,2318.734973144531,0.0235753244041882,2301.175986328125,0.03138565518010174,2410.5509936523435,-0.015411866999048262,2450.8101013183596,-0.03158555570379298,2351.3263641149815,2318.173127621803,0,0,1,56.49055487231392,0,0,33.15323649317861,23.038852692658285,10.114383800520326,0,2444.380704594277,2193.089241694785,2318.734973144531,0.1083743790514815,0.717535958318978,86.54751664499284,0.03646562745685063,28.183798439867836,22.871963647978934,14.523741827942507,1,78.78785608530221,83.2885851359818,33482.57142857143,315393.9,0.10616112559111456,0,26139119.0,2277.7011165274703,1305037.6563225766,0.17522889010873915,0.37878797338185566,0.3256858458228411,1.1630470842994503,0.4615228675283584,0.8614881678198729,1.1726863351517924,0.8208229220870537,1.1726863351517924,0.029704223013736847,0.0023595255273752484,1.0,1.0,1.0,0.0,0.0,2128.048583984375,0.0,0.1607240697165222,0.4387713123910607,0.4043,0.34967627459302847
2026-04-15,2434.5,2434.5,2371.5,2388.199951171875,48618.0,0,1,0.006235800723472629,-0.008469710893155735,0.0272269996503125,0.021646069217039265,0.08603908648107095,0.00621643856881059,0.7555555555555555,1.0,2325.929968261719,0.026772079881963756,2299.5719873046874,0.03854106953662619,2408.938994140625,-0.008609202233512076,2450.6283239746094,-0.02547443534867968,2356.999223662196,2323.3602997366233,0,0,1,57.93289471332679,0,0,33.638923925572726,25.15886693924117,8.480056986331554,0,2450.100481601405,2201.7594549220325,2325.929968261719,0.10677063801064053,0.750743841010819,84.8655511703505,0.03553536257661654,28.140254567587917,24.22626235759942,13.75361970743037,1,82.62662332903378,80.06744516654611,32581.14285714286,315684.3,0.10320799246951103,0,26187737.0,2289.6023064775227,1305340.8284821503,0.14388053425027325,0.3689448129407146,0.32240937932300806,1.1443364759282784,0.4617268392184244,0.8668602363600272,1.1799989734489384,0.8259414102584469,1.1799989734489384,0.026379700731961865,0.02574370109138085,0.0,1.0,0.0,0.0,0.0,2143.441650390625,0.007233418692645266,0.12732627634381366,0.4336335675107257,0.3837,0.3272121414681341
2026-04-16,2425.0,2425.0,2373.0,2383.10009765625,28442.0,0,1,-0.002135438246333776,0.004087046309777298,0.015944130648802846,0.0617983431418172,0.11183176552839913,-0.002137721545728073,0.6666666666666666,1.0,2336.3349731445314,0.02001644672072696,2297.74798828125,0.03714598372419628,2407.5519946289064,-0.010156331837155344,2450.558380126953,-0.027527718995704317,2361.0147427382044,2327.785469952892,0,0,1,57.22888511914306,0,0,33.22927278531233,26.772948108455406,6.4563246768569265,0,2440.5213331596724,2232.1486131293905,2336.3349731445314,0.08918786151192519,0.7244301677538326,82.51801180103975,0.03462633058602751,28.09982097189942,23.13579424983249,13.134544282755837,1,80.71298223499062,80.70915388310891,31163.571428571428,314290.0333333333,0.09915545554548212,0,26159295.0,2298.465376953217,1305280.092347548,0.14279346794726813,0.35941491494150574,0.32234125726319257,1.115013690748381,0.44945911593205373,0.865009109857078,1.1774791585104007,0.8241776633817501,1.1774791585104007,0.021820317178930657,0.015409115476309864,1.0,0.0,0.0,0.0,0.0,2202.715087890625,0.02765339447854709,0.17087298180189148,0.440101326997268,0.387,0.3168101521058718
2026-04-17,2385.5,2435.0,2378.10009765625,2391.5,46588.0,0,1,0.003524779488705221,0.007626231735484712,0.006862600691820875,0.04050648347196373,0.1409283376657684,0.003518582012371893,0.5666666666666667,1.0,2341.969970703125,0.02114887462967969,2297.19798828125,0.04105088555701983,2406.3669946289065,-0.006178190883639158,2450.7416796875,-0.024172959630349142,2365.7047823169423,2332.5050647711964,0,0,1,58.13137688033162,0,0,33.1997175457459,28.058301995913506,5.1414155498323915,0,2445.2408331397123,2238.6991082665377,2341.969970703125,0.08819144884729885,0.7398064087403576,80.68814683980477,0.03373955544210946,28.191904053339606,22.855681914472306,12.472954555348524,1,83.70786516853933,82.34915691085462,32880.142857142855,314277.1,0.104621503943949,0,26205883.0,2311.6415536107734,1305444.304774368,0.12478165344800224,0.3509698940906926,0.3217115931518266,1.0909457463196175,0.4477858168099266,0.8680580762250454,1.181629512896696,0.8270827079046871,1.181629512896696,0.023792557952644785,0.0010070505834439245,1.0,0.0,0.0,0.0,0.0,2217.30859375,0.006625235346869207,0.08538016615988431,0.4334051575047645,0.3629,0.2946354991950959
2026-04-20,2410.0,2422.5,2351.10009765625,2364.800048828125,44873.0,0,1,-0.011164520665638666,-0.009798133666432673,-0.013227603243010644,0.028889727334509896,0.1503064464737902,-0.011227311718581332,0.3888888888888889,1.0,2349.7499755859376,0.006404967932145418,2296.0519873046874,0.029941857546588173,2405.068994140625,-0.01674336387463543,2450.9123327636717,-0.035134787476647784,2365.565592549432,2334.8972858124507,0,0,1,54.21543249534113,0,0,30.66830673698132,28.58030294412707,2.088003792854252,0,2432.264283431325,2267.23566774055,2349.7499755859376,0.07023241511030263,0.5911967489952634,80.02470080437229,0.03383994382274665,27.64977011911276,21.399083924556983,14.088020407893769,1,53.23124217237846,72.55069652530284,33547.71428571428,313974.56666666665,0.10684850891547039,0,26161010.0,2321.6127201166873,1304943.3192385389,0.1293594428935855,0.3469230523189198,0.3225421852390969,1.075589700186813,0.4477530515337469,0.8583666238940563,1.1684371857808322,0.8178487259200928,1.1684371857808322,0.030192786226950635,0.007735730712941668,1.0,0.0,0.0,0.0,0.0,2228.603759765625,0.0050940884130712405,0.09267349381041345,0.42784573550257005,0.3374,0.27438770641901655
2026-04-21,2378.0,2410.0,2367.0,2392.60009765625,33196.0,0,1,0.011755771420040917,0.003986404099996843,-0.006642862804651206,0.02025499894331695,0.13248457090611443,0.011687209150986163,0.4111111111111111,0.9777777777777777,2354.6099853515625,0.016134354538981224,2294.22798828125,0.042878087913440874,2403.96099609375,-0.004725907972700319,2450.7820202636717,-0.023740145849920225,2369.72474718125,2339.171568171251,0,0,1,57.43087262933157,0,0,30.55317900999944,28.974878157301543,1.5783008526978968,0,2435.0701236977757,2274.1498470053493,2354.6099853515625,0.06834264599808007,0.7360803317365628,77.53721868776533,0.032407095010871,27.146360037330687,20.50804865798962,13.501410108882387,1,71.75224866218832,69.56378533436875,34851.0,313901.13333333336,0.11102540354001057,0,26194206.0,2329.113729267736,1305333.5638265985,0.1490056726449811,0.3409713502213373,0.3212632189147204,1.061345744381178,0.4425280261054513,0.868457385719147,1.1821730662555476,0.8274631685981811,1.1821730662555476,0.01797207984824629,0.005581846625221539,0.0,0.0,0.0,0.0,0.0,2225.005126953125,-0.001614747707721076,0.06670495603024129,0.42787507221966203,0.3483,0.2782922816834723
2026-04-22,2392.60009765625,2425.0,2338.10009765625,2419.10009765625,85086.0,0,1,0.011075816650663484,0.011540914763223942,0.019255160189132425,0.02660846966176522,0.15321549981675187,0.011014928968101195,0.7,1.0,2358.6849853515623,0.025613896166673908,2293.3719921875,0.05482237765920658,2402.0619970703124,0.007093114418661233,2450.9535021972656,-0.012996331636834078,2377.3209549466346,2345.0921999849543,0,0,1,60.29351904948487,0,0,32.22875496168035,29.625653518177305,2.6031014435030464,0,2443.647189522407,2273.7227811807174,2358.6849853515623,0.07204201044098413,0.8555411073328731,78.20598180604996,0.03232854311478057,26.009148138900215,18.880343951151758,15.069356497531901,1,89.40713391128966,71.46354158195219,43989.0,314852.63333333336,0.1397129810676508,0,26279292.0,2333.9799342597735,1306275.9607621368,0.12759041557819337,0.33981148325591276,0.32188296588839094,1.0556988696746952,0.4460281916974585,0.8780762604922867,1.1952665983867468,0.8366279989387515,1.1952665983867468,0.03592240867913781,0.0,0.0,0.0,0.0,0.0,0.0,2259.78955078125,0.015633412888247156,0.061906935672593866,0.42676008513116404,0.344,0.27454408478948483
2026-04-23,2400.0,2429.0,2372.0,2380.5,30458.0,0,1,-0.015956387126621063,0.00663901845724979,0.0029915302723484416,0.010227507492373888,0.10515320334261835,-0.01608506088628399,0.5333333333333333,0.9444444444444444,2360.82998046875,0.008331823847537107,2292.7079931640624,0.038291839648877335,2399.5519970703126,-0.007939814220976992,2450.898525390625,-0.028723557773329158,2377.8100388009984,2347.714999986069,0,0,1,54.5402186651247,0,0,30.095038814929467,29.71953057752774,0.37550823740172845,0,2445.716950453153,2275.943010484347,2360.82998046875,0.07191281937850394,0.6158600638876862,76.69126881990354,0.032216454030625306,25.025809269097717,18.250565047074552,14.269346150315279,1,63.69089637448968,74.95009298265593,45323.0,89658.86666666667,0.505504939834915,0,26248834.0,2336.054761772788,1305789.9611230341,0.17109903666471069,0.338548844046372,0.31846078123259197,1.063078608097455,0.3714811906292955,0.864065335753176,1.1761944618233682,0.8232784387067145,1.1761944618233682,0.023944549464398234,-0.00789553837592548,0.0,0.0,0.0,0.0,0.0,2298.97216796875,0.017339055831085526,0.08031939931763787,0.42752209309052963,0.3176,0.2520751005921247
2026-04-24,2371.10009765625,2387.89990234375,2303.0,2315.800048828125,44782.0,0,1,-0.02717914352945805,-0.03209899092763435,-0.030315678680180813,-0.003914084002692442,0.11202883497148863,-0.027555328371624648,0.2777777777777778,0.9555555555555556,2364.3999877929687,-0.020554871940347497,2291.7099951171876,0.01051182469084859,2396.7049975585937,-0.033756740530387616,2450.6049450683595,-0.055008824050371004,2368.2700403436334,2345.350929529925,0,0,1,46.52629628017871,0,0,22.919110813708357,28.359446624763866,-5.440335811055508,0,2433.139575027917,2295.6604005580202,2364.3999877929687,0.05814548095909346,0.14649235673519884,77.27759978589258,0.03336972025067437,23.77062975227616,16.818371062098038,19.527323255018576,0,9.697006687973484,54.265012324584326,44775.0,78116.36666666667,0.5731833405803564,0,26204052.0,2342.7060233130055,1304572.824717498,0.23218443707862357,0.33307733203247597,0.3126930886132446,1.0651892995449084,0.35453164142077964,0.8405807799739111,1.1442265037269173,0.8009024358563965,1.1442265037269173,0.03666115405201424,-0.003948709239130435,0.0,0.0,1.0,1.0,0.0,2286.57763671875,-0.005391335929460617,0.0667785784147843,0.421940083267644,0.2888,0.22861962819174067
2026-04-27,2337.10009765625,2339.60009765625,2301.0,2328.0,31635.0,0,1,0.005268136676155777,-0.037658672224647693,-0.023121184758642888,-0.007545701300386898,0.0880030159018308,0.00525430858837959,0.3333333333333333,0.9222222222222223,2365.879992675781,-0.016010952708103873,2290.903994140625,0.016192736995637693,2394.2039965820313,-0.02765177765827149,2450.3853479003906,-0.04994534757778253,2362.0746495215362,2344.0656754906713,0,0,1,48.075606939737156,0,0,18.00897403086492,26.28935210598408,-8.28037807511916,0,2429.7375827465307,2302.0224026050314,2365.879992675781,0.05398210413752011,0.20340258194982982,74.51492106234669,0.03200812760410081,22.641117366635534,16.196069269420974,18.996502834170485,0,20.149253731343283,31.17905226460219,45231.142857142855,72041.46666666666,0.6278487231031229,0,26235687.0,2353.0262286736897,1304739.482221248,0.23933259193320067,0.32558518216670895,0.3128814109207468,1.0406025120143045,0.3410943302192554,0.8450090744101634,1.1502544453370305,0.8051216993527541,1.1502544453370305,0.0165807979623067,0.009197706355910806,0.0,1.0,1.0,1.0,0.0,2320.762451171875,0.014950209388989055,0.0535917531641803,0.4227472872762902,0.2914,0.22505645394417992
2026-04-28,2325.0,2325.0,2275.0,2295.39990234375,126797.0,0,1,-0.014003478374677858,-0.035748833293950844,-0.040184025781413335,-0.033597192012720156,0.06431119502576621,-0.014102452149089175,0.26666666666666666,0.9,2365.7299926757814,-0.029728705536883317,2289.813994140625,0.0024394593698085993,2391.7899951171876,-0.04030039968819038,2449.8853930664063,-0.06305825209614974,2351.816996109569,2340.460803405714,0,0,1,44.375714536536556,0,0,11.356192703854958,23.302720225558257,-11.946527521703299,0,2430.265485379288,2301.194499972275,2365.7299926757814,0.05455862917856735,-0.04489465707767183,72.9781409864648,0.03179321429435866,22.058166895339806,15.355904118913276,20.555859540412982,0,12.74993896484375,14.198733128053547,56689.57142857143,72984.1,0.7767386516867567,0,26108890.0,2357.7869649653603,1302963.883173774,0.24146137275444615,0.3288237260184727,0.3124306396604028,1.052469522118216,0.33777391858539507,0.833176008110254,1.1341468820863763,0.7938471950468841,1.1341468820863763,0.02178269675316567,-0.001288659793814433,0.0,1.0,1.0,0.0,0.0,2411.32177734375,0.03902136822583757,0.0874994054235938,0.43297670355556245,0.251,0.19121906791233445
2026-04-29,2306.0,2328.0,2288.699951171875,2298.0,34905.0,0,1,0.0011327427754941333,-0.007686349621217281,-0.028247651999680823,-0.041101606509493016,0.023927260171791476,0.0011321017064616229,0.3333333333333333,0.8,2363.3749877929686,-0.02766170757101006,2288.94599609375,0.003955534084989826,2389.686994628906,-0.03836778408008377,2449.581716308594,-0.06188065305166491,2343.5374582465583,2337.3155587089946,0,0,1,44.74099197224814,0,0,6.221899537563786,19.886556087959367,-13.66465655039558,0,2434.2102748916636,2292.5397006942735,2363.3749877929686,0.059944179374466854,0.03854222612325012,70.57256297515481,0.030710427752460752,21.445481445847705,15.048735188424219,19.738214501862164,0,14.375,15.758064232062386,55265.57142857143,67183.46666666666,0.8226067241033226,0,26143795.0,2357.0012938614937,1303003.4215603527,0.24130800123777615,0.30874701913822533,0.3097565894244923,0.9967407625189099,0.327993615364257,0.8341197822141561,1.135431578773409,0.7947464197219197,1.135431578773409,0.01710184892433638,0.004617974256000718,1.0,1.0,1.0,0.0,1.0,2424.815673828125,0.005596057984114999,0.088042530307467,0.43213631752251636,0.245,0.17523963276877022
2026-04-30,2297.0,2317.800048828125,2286.5,2291.199951171875,22198.0,0,1,-0.002959116113196214,-0.015807581111737523,-0.04238073323816416,-0.04874206664635372,0.05342526490660915,-0.0029635029535326047,0.25555555555555554,0.8666666666666667,2360.114990234375,-0.029199864984399037,2288.25599609375,0.0012865497056056916,2387.268994140625,-0.04024223629785522,2449.0742456054686,-0.06446284538611992,2335.4855340812223,2333.899587780319,0,0,1,43.92851331674481,0,0,1.585946300903288,16.226434130548153,-14.640487829644865,0,2437.956681715126,2282.273298753624,2360.114990234375,0.06596432106303482,0.05733850490940474,67.76738339322411,0.02957724547722833,20.918866968144954,14.552261471366428,19.31891042646515,0,10.124969482421875,12.416636149088584,53694.42857142857,64827.13333333333,0.8282709077283777,0,26121597.0,2356.3204819916523,1302937.7351008719,0.21572219257335407,0.29364905006949266,0.3096865811817408,0.9482136712186555,0.32462711406852013,0.8316515249262704,1.1320717048932287,0.7923946727854155,1.1320717048932287,0.013660985289440162,-0.0004351610095735422,1.0,1.0,1.0,0.0,0.0,2407.323486328125,-0.007213821524167496,0.08194064686253677,0.41598194770780444,0.1749,0.1237617229847804
2026-05-01,2297.0,2317.800048828125,2286.5,2291.199951171875,22198.0,0,1,0.0,-0.0018297252551011667,-0.052870960820633806,-0.03463383945145604,0.005441417446926389,0.0,0.17777777777777778,0.7111111111111111,2356.8549926757814,-0.0278570559953572,2287.8199951171873,0.001477369750199492,2384.4619946289063,-0.03911240509058549,2448.6996130371094,-0.06431971525894449,2328.672367479784,2330.7366517352493,0,0,1,43.92851331674481,0,0,-2.0642842554652816,12.568290453345465,-14.632574708810747,0,2440.589839196886,2273.120146154677,2356.8549926757814,0.0710564262810574,0.1079586681552055,65.16257378143132,0.028440369749529175,20.429867810278115,14.052975643210347,18.656081613889867,0,10.124969482421875,11.541646321614627,44710.42857142857,57793.1,0.7736291801517582,0,26121597.0,2355.6079504723107,1302937.7351008719,0.1870515170187771,0.26099672514264854,0.3064875704067626,0.8515736047509537,0.31035244848238785,0.8316515249262704,1.1320717048932287,0.7951412755574537,1.1320717048932287,0.013660985289440162,0.0025314459461115396,1.0,1.0,0.0,0.0,0.0,2407.323486328125,0.0,0.06528658188364034,0.41491294094554976,0.2466,0.15473572798683566
2026-05-04,2309.89990234375,2348.800048828125,2292.0,2340.699951171875,25512.0,0,1,0.021604399901755666,0.01858135386069404,-0.016719197155272036,-0.013777682867342933,0.05952381083941516,0.021374332600210478,0.4222222222222222,0.8777777777777778,2357.6449951171876,-0.007187275429679493,2288.673994140625,0.022731921262899357,2381.9679931640626,-0.017325187454500433,2448.83666015625,-0.04415840008597203,2330.522764970875,2331.47467391574,0,0,1,51.382096661441615,0,0,-0.9519089448649538,9.864250573703382,-10.816159518568336,0,2440.402875288714,2274.8871149456613,2357.6449951171876,0.0702038520158229,0.39762277676644314,64.62239691534694,0.02760815066578424,19.155920415664706,16.584768400527153,17.46831105960941,0,41.062469482421875,20.437469482421918,44003.857142857145,55713.0,0.7898310473831448,0,26147109.0,2357.2095561052024,1303488.9065511655,0.24353257832378591,0.25053678267142165,0.3098475519041178,0.8085808041141154,0.3095388153216259,0.8496188570496824,1.1565294347232042,0.8157694865034261,1.1565294347232042,0.024266266507028365,0.008161640873949293,1.0,0.0,0.0,0.0,0.0,2484.589111328125,0.03209607077686627,0.08073909982275951,0.3841097722923128,0.1533,0.09987456942740477
2026-05-05,2339.89990234375,2351.89990234375,2302.0,2325.800048828125,39365.0,0,1,-0.006365575534912238,0.015101299927382295,0.00431816209912439,-0.026128424595742383,0.013243943442419193,-0.0063859222023157775,0.5888888888888889,0.7222222222222222,2356.65,-0.013090595197367064,2287.8979931640624,0.01656632235235527,2379.739992675781,-0.02266631817495578,2448.628536376953,-0.05016215637614345,2329.796193256606,2331.054331316657,0,0,1,49.25946031397825,0,0,-1.2581380600513512,7.639772846952436,-8.897910907003787,0,2440.4840882726876,2272.8159117273126,2356.65,0.07114682984124711,0.3160059242755207,63.570790160232875,0.027332869905245544,17.89441418563567,16.00319742304688,16.488900082393883,0,31.750030517578125,27.645823160807335,43230.0,52780.76666666667,0.8190483528406496,0,26107744.0,2356.271607564505,1303238.3256702337,0.17528465058405868,0.22651716249005677,0.30537309823181624,0.7417718319054484,0.30312790940192397,0.8442105440392468,1.1491674592481242,0.8105766442180119,1.1491674592481242,0.02145494079290802,-0.00034179896817806754,1.0,0.0,0.0,1.0,0.0,2460.899658203125,-0.00953455564020278,0.0762370884264083,0.3846768735684902,0.256,0.1499956331141601
2026-05-06,2342.199951171875,2383.89990234375,2340.0,2363.60009765625,31245.0,0,1,0.016252492920520334,0.031599226618062914,0.015292138168492286,-0.00818261894209904,0.011122518358066547,0.016121834935197144,0.6777777777777778,0.7,2356.0700073242188,0.0031960384490370684,2287.6079931640625,0.03321902385341838,2378.0719946289064,-0.006085558807867256,2448.7842004394533,-0.03478628405390577,2334.9967939334742,2333.465128823294,0,0,1,54.40546511330765,0,0,1.5316651101802563,6.418151299598001,-4.886486189417744,0,2439.5233772631873,2272.61663738525,2356.0700073242188,0.07084116319085634,0.5451155557740699,63.18000897133231,0.02673041392830442,17.28142056490189,18.56980558518773,15.4058239016541,0,55.37506103515625,42.729187011718786,43174.28571428572,50596.6,0.8533040898852041,0,26138989.0,2355.319452295406,1303746.1348115352,0.1980177091989046,0.22516508539315147,0.306948175501664,0.7335605921916641,0.3000264680961927,0.8579310699296733,1.1678442952440469,0.8543215215196022,1.1678442952440469,0.01857332058298746,0.007051295038029273,0.0,0.0,0.0,0.0,0.0,2539.164794921875,0.031803465231856176,0.09410801335557517,0.38135446114451443,0.2443,0.14348810534947723
2026-05-07,2365.0,2382.0,2346.0,2356.800048828125,19595.0,0,1,-0.002876987877461934,0.006878326138379798,0.0267492154293818,-0.01450970151447839,0.008213531130121687,-0.0028811343619187797,0.7333333333333333,0.7,2354.085009765625,0.0011533309337756219,2287.79599609375,0.030161803260515558,2376.2519946289062,-0.008185977684500165,2448.8694079589845,-0.03759667985219144,2338.3511408403438,2335.1936414162446,0,0,1,53.35710209422785,0,0,3.1574994240991145,5.766020924498223,-2.6085215003991085,0,2435.349170156279,2272.8208493749707,2354.085009765625,0.06904097350226517,0.516705021312276,61.23857975909429,0.025983782455174353,16.712212202791946,17.79005319975566,14.758928171822491,0,53.11691482345779,46.74733545873077,27859.714285714286,48024.1,0.5801194459805449,0,26119394.0,2354.0175542860306,1303689.7602340763,0.16854563363850672,0.22536083361252585,0.30440184420665184,0.7403399089117648,0.29631266677272955,0.8554628126417877,1.1644844213638665,0.8518636488587353,1.1644844213638665,0.015274948767037038,0.0005922754636616175,0.0,0.0,0.0,0.0,0.0,2512.57666015625,-0.01047121274633267,0.0419914437649378,0.38498773495995375,0.2481,0.14451284664197991
2026-05-08,2354.0,2372.800048828125,2325.0,2342.199951171875,24528.0,0,1,-0.006194881769248761,0.007051295038029259,0.019234095375054494,-0.009556874657309589,0.04357514395094908,-0.006214149665424773,0.7,0.8222222222222222,2350.765002441406,-0.0036435165831700594,2287.9999951171876,0.023688792032497952,2373.7799951171874,-0.013303694533727558,2449.006463623047,-0.04361218070987155,2338.943265506733,2335.712627324069,0,0,1,51.08117444379634,0,0,3.2306381826638244,5.2589443761313435,-2.028306193467519,0,2427.975942103154,2273.554062779658,2350.765002441406,0.06569005373277201,0.4445347297477951,60.27868469259649,0.025735926030754634,15.598315894055757,16.782393745126743,16.41139871622299,0,43.63633192978896,50.70943592946771,26377.285714285714,46004.03333333333,0.5733689810013552,0,26094866.0,2352.173014894055,1303537.8121740401,0.1788265773698034,0.19034344634212622,0.30188654422423356,0.6305131844523153,0.2848516273064339,0.8501633216594827,1.1572705780513852,0.8465864542705346,1.1572705780513852,0.020408184537878227,-0.0011880722887447632,0.0,0.0,0.0,0.0,0.0,2504.780029296875,-0.0031030419819668698,0.032977498591679755,0.36454283045676444,0.0953,0.049781977532710714
2026-05-11,2331.0,2365.0,2305.0,2330.800048828125,23003.0,0,1,-0.0048671772612950415,-0.013877156656343703,0.017283562543721098,-0.025829660748013517,0.014096827297693348,-0.004879060542913588,0.7,0.7555555555555555,2348.635009765625,-0.007593755889417567,2289.423994140625,0.018072691993005558,2371.31599609375,-0.017085849094918885,2448.847811279297,-0.04820543028743904,2337.690462940793,2335.348732620666,0,0,1,49.31247880332358,0,0,2.341730320127226,4.67550156493052,-2.3337712448032937,0,2425.5666773532375,2271.7033421780125,2348.635009765625,0.06551181198247548,0.3840856990576156,60.25877864312532,0.02585325955927541,14.920013531429982,15.588799280693017,17.614917582079503,0,36.23379794034091,44.3290148978626,26492.285714285714,42756.13333333333,0.6196136939640406,0,26071863.0,2351.139944533066,1303425.8524954985,0.1817300735740721,0.17887381703263264,0.3020280923628155,0.5922423163794908,0.26595045127392997,0.8460254260719147,1.151637937008728,0.8424659679305887,1.151637937008728,0.02574223388667195,-0.00478180830217818,0.0,0.0,0.0,0.0,0.0,2499.08251953125,-0.002274654739731541,0.038116619442401856,0.3399984253909162,0.2743,0.14417009221373434
2026-05-12,2310.0,2317.199951171875,2255.199951171875,2261.39990234375,63243.0,0,1,-0.02977524670950127,-0.040478676386573764,-0.01300630650453849,-0.06518961140354962,-0.016098155922418034,-0.03022752990083806,0.4444444444444444,0.6222222222222222,2343.035009765625,-0.034841608034717794,2289.459990234375,-0.012256203650779786,2368.2549951171877,-0.045119758215964506,2448.0395251464843,-0.07624044501142858,2325.9534536181714,2329.8710414890425,0,0,0,40.189292701888526,0,0,-3.9175878708711025,2.9568836777701955,-6.8744715486412975,0,2428.2372472975267,2257.8327722337235,2343.035009765625,0.07272809597533449,0.02093331239505812,61.3545871440628,0.027131241617404312,15.367935161478385,14.216780842089237,21.862260263394916,0,3.5672896605491053,27.812473176893032,32355.85714285714,40849.566666666666,0.7920734485846967,0,26008620.0,2345.046914660822,1301542.7765678496,0.26857933534449807,0.1997900895258668,0.30785866331237677,0.6489669232505717,0.24606225743627658,0.8208348102881126,1.117347633314272,0.8173813358910966,1.117347633314272,0.027416645740429298,-0.008923995363129843,1.0,1.0,0.0,0.0,0.0,2404.125,-0.037996952397178596,-0.0013286483292711537,0.3683155431136491,0.4016,0.21709802663182878
2026-05-13,2249.0,2263.699951171875,2190.300048828125,2222.0,59232.0,0,1,-0.01742279298009841,-0.05131925270160442,-0.05071130586918993,-0.06658265070363367,-0.052492470483148757,-0.017576356117589523,0.2,0.43333333333333335,2334.7250122070313,-0.04828192254661787,2289.919990234375,-0.029660420680210395,2364.728994140625,-0.060357442436017865,2447.1740686035155,-0.09201391576203302,2309.960614599991,2321.8805939713357,0,0,0,36.10534103795685,0,0,-11.919979371344652,-0.018488932052774132,-11.901490439291878,0,2432.823492854487,2236.6265315595756,2334.7250122070313,0.08403429109171413,-0.07455024513651806,62.214966801183316,0.027999535014033895,16.819777103898875,13.018733882485758,27.471042106194712,0,16.042497303454912,18.61452830144835,37173.0,40104.566666666666,0.9269019238873046,0,25949388.0,2333.493792579067,1300510.7896940524,0.22516564395893032,0.19575185925143795,0.3097583633157314,0.6319501987163827,0.24116624332328995,0.8065335753176044,1.0978803168122344,0.8031402700900697,1.0978803168122344,0.03303325938062556,-0.005483285964105043,1.0,1.0,0.0,0.0,0.0,2496.883544921875,0.038583079050330094,0.0049482763720147815,0.3613451019037118,0.264,0.1424131864469588
2026-05-14,2222.0,2242.800048828125,2168.0,2214.300048828125,56095.0,0,1,-0.003465324559799754,-0.04998283746328802,-0.04794049258713373,-0.04382934530611249,-0.060303793670288264,-0.003471342704190203,0.2111111111111111,0.36666666666666664,2326.285009765625,-0.04813896855604235,2291.3379931640625,-0.03362137954582481,2361.125993652344,-0.06218471408088599,2446.582733154297,-0.09494168383453667,2295.2436044812425,2313.9116647014685,0,0,0,35.349328653942166,0,0,-18.668060220225925,-3.7484031896874046,-14.91965703053852,0,2435.297883596133,2217.272135935117,2326.285009765625,0.0937227152931627,-0.01363181706232751,63.11390123167915,0.028502867651148248,18.46076065160009,11.916642594143369,27.66928866461776,0,21.44514579465039,13.684977586218176,39563.0,40586.73333333333,0.9747766511553037,0,25893293.0,2323.3942589813605,1300316.4023128704,0.22641140739117346,0.19479292156148598,0.30956726077496016,0.6292426436627956,0.24101464399887862,0.8037386747107532,1.0940758051866644,0.8003571283871624,1.0940758051866644,0.03378044852941744,0.0,1.0,1.0,0.0,0.0,0.0,2711.6875,0.08602882401743961,0.10190900752938159,0.4194078332571122,0.2276,0.10526797917717547
2026-05-15,2203.0,2355.0,2203.0,2263.5,216172.0,0,1,0.022219188947727897,0.0009286715074470209,-0.042350691115434214,-0.027706185567010322,-0.03942450610838544,0.02197593938062825,0.28888888888888886,0.5333333333333333,2319.885009765625,-0.02430508819543668,2294.6859912109376,-0.013590526690965806,2358.040993652344,-0.040093023788322815,2446.475607910156,-0.07479151123295229,2290.3599730225897,2310.1774673161744,0,0,0,43.49137519371122,0,0,-19.817494293584787,-6.962221410466881,-12.855272883117905,0,2427.801004520547,2211.969015010703,2319.885009765625,0.0930356412500157,0.2387550849451196,69.46290828655921,0.030688274038683107,17.420782679263116,21.59155469056304,23.344542880177197,0,44.23346141581272,27.24036817130605,65981.14285714286,46404.8,1.4218603001659926,1,26109465.0,2309.5138032387554,1305119.5688260787,0.2527348013257504,0.20686429933776979,0.31289735817750913,0.6611251067847432,0.2607989728530975,0.8215970961887478,1.1183852822252442,0.8181404146484577,1.1183852822252442,0.06715263971725205,-0.005103214821363225,0.0,0.0,0.0,0.0,0.0,2714.7861328125,0.0011426953926292338,0.06916500191001917,0.41910214572727017,0.1869,0.0919539316243468
2026-05-18,2263.5,2298.39990234375,2176.10009765625,2282.800048828125,85017.0,0,1,0.008526639641318834,0.027362758248481,-0.03139850579890946,-0.005489175765303389,-0.018108243487465314,0.008490493176115988,0.32222222222222224,0.6555555555555556,2315.785009765625,-0.014243533315227055,2299.2259912109375,-0.007144118257884452,2355.5479931640625,-0.03088366042511394,2445.388790283203,-0.06648789022879606,2289.196907761903,2308.149510391134,0,0,0,46.34595026167277,0,0,-18.952602629231023,-9.36029765421971,-9.592304975011313,0,2422.7425298452154,2208.827489686035,2315.785009765625,0.09237258176260081,0.3458034511600727,73.23697231519785,0.03208207935372791,16.88183885230377,19.016115734295244,23.183575392257755,0,53.17281183635899,39.61713968227408,75327.14285714286,47407.76666666667,1.5889198786094019,0,26194482.0,2302.0744579413563,1305844.4781484646,0.26773713364717644,0.2054684996088663,0.3131485865047592,0.656137400785437,0.2736704938864424,0.8286025585583031,1.1279213505069334,0.8251164031401642,1.1279213505069334,0.053574470856649306,0.0,0.0,0.0,0.0,0.0,0.0,2688.597900390625,-0.009646517677893152,0.07005606755235427,0.4181374079668735,0.198,0.0970081816408772
2026-05-19,2322.0,2348.0,2241.0,2329.699951171875,139683.0,0,1,0.0205449015860264,0.05211574754958037,-0.005336862889842475,0.013794582755385143,-0.006820991743639926,0.020336701894151054,0.5111111111111111,0.6777777777777778,2312.640002441406,0.0073768285217150524,2303.5659912109377,0.011345001645557039,2353.4459936523435,-0.01008990329266776,2444.943977050781,-0.04713565094359317,2295.4281452095906,2309.745839337855,0,0,1,52.6107192504502,0,0,-14.31769412826452,-10.351776949028674,-3.9659171792358467,0,2413.6192334251173,2211.660771457695,2312.640002441406,0.0873281019761913,0.584472562151027,75.64861714982656,0.03247139920820024,15.833013704340988,21.778214550288993,20.84131506471269,0,74.89579634659617,57.43402319958934,91777.85714285714,50785.03333333333,1.8071831624183992,1,26334165.0,2300.098229866166,1308714.2516367056,0.305559085515603,0.21261461842891952,0.31037017695345887,0.6850355936769075,0.2794179829539883,0.8456261165778131,1.1510943836498764,0.8420683384396949,1.1510943836498764,0.04592866130515105,0.017171872408184977,0.0,0.0,0.0,0.0,0.0,2723.7822265625,0.01308649618701363,0.08743370463836775,0.412657835787413,0.2164,0.11124974423658611
2026-05-20,2299.699951171875,2309.800048828125,2255.0,2263.0,65918.0,0,1,-0.028630275387319215,-0.00022089684117521102,-0.029088745241022895,-0.012307939844993343,-0.047238107729211554,-0.029048116312742792,0.32222222222222224,0.4888888888888889,2304.834997558594,-0.018150972890861053,2306.8719921875,-0.019017956928723274,2349.9219946289063,-0.03698931063566338,2444.3893920898436,-0.07420642254332635,2290.4391997927305,2306.283184572088,0,0,0,44.629599858011304,0,0,-15.84398477935747,-11.450218515094434,-4.393766264263036,0,2394.684977932441,2214.9850171847465,2304.834997558594,0.07796651861762015,0.2671952882764859,75.5808552942586,0.0333985220036494,14.85910463837555,20.24075835077215,19.370000280007297,0,44.00187261258857,57.356826931847955,97908.57142857143,51829.9,1.8890364717773223,0,26268247.0,2291.843700453385,1306827.0011437242,0.3503555276160046,0.2247560407271268,0.31565131109674727,0.7120389899417809,0.28091056979171575,0.821415607985481,1.118138234449184,0.8179596900152241,1.118138234449184,0.024215664528557224,-0.012877194758453567,0.0,0.0,0.0,0.0,0.0,2703.59130859375,-0.0074128238931316925,0.08183354789775388,0.35319246174987073,0.1862,0.11806877269489592
2026-05-21,2295.0,2295.0,2225.0,2239.39990234375,53816.0,0,1,-0.010428677709345968,-0.01901180373053457,-0.00972848719821684,-0.022608262016429848,-0.06555397356822446,-0.01048343741566265,0.45555555555555555,0.36666666666666664,2297.779992675781,-0.025407171495146985,2308.579990234375,-0.029966511094814498,2346.2979931640625,-0.045560321464605105,2443.6169287109374,-0.08357162039915823,2282.587000185195,2301.328867369989,0,0,0,42.190778047551696,0,0,-18.741867184794046,-12.908548249034357,-5.833318935759689,0,2384.7257559707614,2210.834229380801,2297.779992675781,0.07567805757916037,0.1642729437317982,75.18222277324013,0.03357248640341308,14.163139488146177,18.894645027425685,20.93201465726081,0,33.07083586822054,50.656168275801804,96561.85714285714,52283.76666666667,1.8468802708589054,0,26214431.0,2287.4640327177353,1306265.771424118,0.30601400532690454,0.2238847889148285,0.31527975737549974,0.7101146955279486,0.2835317987418193,0.8128493293443738,1.1064775311676163,0.8094294520288188,1.1064775311676163,0.03125837414154488,0.014140521431727796,0.0,0.0,0.0,0.0,0.0,2696.39453125,-0.0026619324159217195,0.1215700228773462,0.3534947832519523,0.2117,0.13361926254033993
2026-05-22,2243.800048828125,2254.699951171875,2199.199951171875,2203.89990234375,48100.0,0,1,-0.015852461171783516,-0.05399839097942449,-0.008145858531165562,-0.058444077276814554,-0.08498720709664043,-0.015979455335883783,0.4666666666666667,0.2111111111111111,2292.1849853515623,-0.03851568855568245,2311.00798828125,-0.046346912897154854,2341.5979931640627,-0.058805179720131814,2442.6669653320314,-0.09774851274325308,2270.4812928249726,2294.1119069976753,0,0,0,38.75965555705376,0,0,-23.630614172702735,-15.052961433768033,-8.577652738934702,0,2388.179068649334,2196.1909020537905,2292.1849853515623,0.08375771057853672,0.04015351793113283,73.77634971800869,0.033475363213887714,13.938178250274515,17.879363414211916,22.305158988313412,0,16.62803083930587,31.2335797733717,94971.57142857143,53084.666666666664,1.7890584493056019,0,26166331.0,2282.8905878626288,1305503.268041755,0.3025987873843486,0.22620662472777714,0.31660321887338466,0.7144798638899539,0.2848421817482601,0.7999636669124319,1.0889371390673308,0.7965980030692339,1.0889371390673308,0.025182631906729615,0.001964877501231387,1.0,0.0,0.0,0.0,1.0,2716.085693359375,0.007302774828076286,0.08779029718198506,0.3513432735721741,0.2027,0.13004971230939838
2026-05-25,2225.0,2231.0,2194.0,2205.0,31369.0,0,1,0.0004991595376360181,-0.025629695095006677,-0.004199994862054468,-0.05193913762663782,-0.07095302488950717,0.0004990349989554016,0.5222222222222223,0.34444444444444444,2286.0349853515627,-0.035447832544478995,2312.3139892578124,-0.046409782476062936,2337.0319921875,-0.05649558612328439,2441.2605627441408,-0.09677810158804517,2260.407247774977,2287.5110249978475,0,0,0,38.925410624202954,0,0,-27.103777222870576,-17.463124591588542,-9.640652631282034,0,2387.945844780501,2184.1241259226244,2286.0349853515627,0.08915949238044199,0.10242222563107793,71.14946759529379,0.032267332242763624,13.813902115543646,17.215231904784932,21.99866561427536,0,17.137571438587127,22.27881271537122,91439.28571428571,53426.3,1.7115032430523114,0,26197700.0,2279.9013824448994,1305518.9261772912,0.3022672459572453,0.22361627480900664,0.31012073238562543,0.7210619976575665,0.28159954058385167,0.8003629764065335,1.0894806924261822,0.7969956325601277,1.0894806924261822,0.016780045351473923,0.009573981846367423,1.0,0.0,0.0,0.0,1.0,2848.42626953125,0.04872474255706938,0.05042571075437352,0.36849781141784416,0.2219,0.13421478098786085
2026-05-26,2199.0,2223.699951171875,2190.0,2202.699951171875,21908.0,0,1,-0.0010431060445010853,-0.01638829721009849,-0.026861077458858018,-0.06807418337980431,-0.07192211940487048,-0.0010436504582315518,0.36666666666666664,0.3333333333333333,2281.3999877929687,-0.03449637811965987,2313.2339892578125,-0.04778333648875775,2332.6419921875,-0.05570595121361429,2439.928056640625,-0.09722750014005482,2251.5292021437303,2281.2287232329604,0,0,0,38.68962668018449,0,0,-29.699521089230075,-19.91040389111685,-9.789117198113225,0,2389.7464328413307,2173.0535427446066,2281.3999877929687,0.09498241924089484,0.1368130187106521,68.47450213647815,0.031086622624224656,13.766912365461137,16.610050980809714,21.642585252350358,0,16.214930454147197,16.660177577346772,63687.28571428572,53452.566666666666,1.1914729204949757,0,26175792.0,2276.2223802065305,1305496.0738100682,0.25842917040259095,0.22353722676206375,0.3101222481866177,0.7208035801015767,0.278066045794171,0.799528112948049,1.0883442485305452,0.7961642815983633,1.0883442485305452,0.01529938344709457,-0.0027210884353741495,0.0,0.0,0.0,0.0,1.0,2967.972900390625,0.04196936116554206,0.09326214117493858,0.3785211062549426,0.223,0.13126146015384235
2026-05-27,2202.0,2224.0,2190.0,2209.39990234375,18330.0,0,1,0.00304169942361443,0.002495576134901034,-0.032153559188004666,-0.06254249127229394,-0.074868123475335,0.003037082815110494,0.28888888888888886,0.3,2276.9699829101564,-0.0296754375655169,2312.535986328125,-0.04459869363941701,2328.6739916992187,-0.051219745563626615,2438.55763671875,-0.09397265454153783,2245.0477714052718,2275.90806983376,0,0,0,39.832924029184724,0,0,-30.860298428488022,-22.100382798591085,-8.759915629896938,0,2389.6184587506373,2164.3215070696756,2276.9699829101564,0.09894594718943703,0.20008435506002312,66.01203769815828,0.02987781325966936,13.716163196531728,16.03143697863968,20.84635829107075,0,20.214791246702372,17.855764379812275,54160.57142857143,52442.96666666667,1.0327518611374915,0,26194122.0,2274.1078771731886,1305551.828160503,0.24936926658558983,0.22264958643179114,0.3051284682203145,0.7296912927542034,0.27560321142509475,0.8019600371483666,1.0916546646039946,0.7985859740348034,1.0916546646039946,0.015388794017747768,-0.0003177696406188295,0.0,0.0,0.0,0.0,1.0,2971.771484375,0.0012798580417883176,0.10532388794294345,0.3794851971188982,0.2213,0.12941269690028404
2026-05-28,2209.39990234375,2209.39990234375,2209.39990234375,2209.39990234375,0.0,0,1,0.0,0.0019954205640588807,-0.05163757194037466,-0.05669885218880699,-0.07288833376463377,0.0,0.16666666666666666,0.3333333333333333,2272.87998046875,-0.027929357762176338,2313.223984375,-0.044882848670316576,2325.174990234375,-0.04979198915216052,2437.1023205566407,-0.09343162012208124,2239.5634838573455,2270.981538908574,0,0,0,39.832924029184724,0,0,-31.418055051228293,-23.96391724911853,-7.454137802109763,0,2389.2321113023613,2156.527849635139,2272.87998046875,0.10238299587610887,0.2272070667284149,61.296892148289835,0.027743683741121548,13.669038968240134,16.03143697863968,20.84635829107075,0,21.01517885469543,19.14830018518171,,,,0,26194122.0,2273.5894042182963,,0.1853575782234141,0.22277382153518432,0.3003968548902259,0.7415983819690544,0.27300838056245585,0.8019600371483666,1.0916546646039946,0.7985859740348034,1.0916546646039946,0.0,0.0,0.0,0.0,0.0,1.0,1.0,2971.771484375,0.0,0.09104591967525621,0.37753791802210634,0.219,0.12880280525224527
2026-05-29,2209.39990234375,2219.89990234375,2180.0,2185.10009765625,24120.0,0,1,-0.010998373206101197,-0.007990127527928381,-0.03442328870691558,-0.06251070367238487,-0.08630562506533557,-0.011059302473114667,0.2777777777777778,0.2111111111111111,2267.574987792969,-0.03637140583253287,2311.3499853515623,-0.05462170960496463,2322.1079907226563,-0.059001516558998816,2435.6733264160157,-0.10287636935634262,2231.1845013648694,2264.619950667661,0,0,0,36.935761836397695,0,0,-33.43544930279177,-25.85822365985318,-7.577225642938586,0,2389.930350065017,2145.2196255209205,2267.574987792969,0.10791736805241162,0.16296985843030773,59.76853573367985,0.027352767865320173,14.190084806372095,15.266996575309754,23.365866672695773,0,9.14443724933155,16.791469116909827,,,,0,26170002.0,2271.2491036260794,1305286.5473987719,0.11644041395274402,0.22334439002554557,0.2976175699461552,0.750440876410465,0.2717285203107088,0.7931397813634301,1.0796482391904987,0.7898028274552108,1.0796482391904987,0.018259988357763036,0.0,0.0,0.0,0.0,1.0,1.0,2936.087158203125,-0.012007762494356089,0.08599519049730397,0.38293703704708076,0.2362,0.13728984384201434
2026-06-01,2189.89990234375,2220.699951171875,2156.0,2170.89990234375,24596.0,0,1,-0.006498647511723243,-0.017425546167155526,-0.030588551838511724,-0.04001945870175572,-0.081994309235769,-0.006519855654225089,0.3111111111111111,0.25555555555555554,2259.0849853515624,-0.039035752784700534,2310.583984375,-0.060454016376744586,2319.1259887695314,-0.06391463298827779,2434.0774462890627,-0.10812209132726938,2221.9099476693127,2257.67772486589,0,0,0,35.31910967673859,0,0,-35.7677771965773,-27.840134367198008,-7.927642829379291,0,2383.620901762757,2134.5490689403678,2259.0849853515624,0.11025341429712895,0.1459451797156994,60.12077969355093,0.027693943709078087,15.091870394422632,14.093437594777294,24.42115852699728,0,7.487388112437186,12.549001405488099,,,,0,26145406.0,2267.7969823870617,1305126.7066645734,0.11090393513594118,0.22225317284733348,0.29505911453561573,0.7532496435405182,0.27161278468529776,0.7879854454968239,1.072631985847347,0.784670177275817,1.072631985847347,0.02980328623260038,0.0021966063214441736,0.0,0.0,0.0,1.0,1.0,2908.099609375,-0.00953226090374415,0.07851413273222208,0.3867852733562764,0.2384,0.1365114041912098
2026-06-02,2162.0,2199.39990234375,2152.39990234375,2182.39990234375,28484.0,0,1,0.0052973423544697695,-0.012220512896446767,-0.009755433981886275,-0.017821826127925267,-0.08785429521565613,0.005283360791474341,0.43333333333333335,0.2111111111111111,2251.9149780273438,-0.030869316276091515,2308.323984375,-0.05455216983561556,2316.4239868164063,-0.05785818366388672,2432.6978735351563,-0.10288904919692203,2215.8314791576877,2252.10158986425,0,0,0,37.6973949023381,0,0,-36.270110706562264,-29.526129635070863,-6.743981071491401,0,2376.7898171966694,2127.040138858018,2251.9149780273438,0.11090546524870568,0.2216610001421749,59.183581144011576,0.027118577617444177,15.991023209276188,13.293998249618936,23.470382423803883,0,14.807495330481412,10.479773564083425,,,,0,26173890.0,2263.089814088055,1305277.5961641981,0.08922814530149552,0.21936920482082903,0.2900546751753205,0.7563029442233041,0.27240628498616365,0.7921596741719601,1.0783140846967352,0.7888268438401896,1.0783140846967352,0.02153592471733763,-0.004099637359668898,0.0,0.0,1.0,1.0,1.0,2966.773681640625,0.020176087530314968,0.09229752540362157,0.3866519075617968,0.2673,0.1511310351476519
2026-06-03,2180.0,2182.89990234375,2141.10009765625,2154.699951171875,21017.0,0,1,-0.012692426874711282,-0.013912473170900719,-0.022811813527494285,-0.02691599888993912,-0.10929690207550302,-0.01277366385299009,0.3888888888888889,0.12222222222222222,2241.469970703125,-0.03871121213550373,2304.6659814453124,-0.0650706139114311,2312.7989868164063,-0.06835831239365789,2431.1798010253906,-0.1137225020284002,2206.426628698332,2244.8866536648147,0,0,0,34.414925897002945,0,0,-38.460024966482706,-31.312908701353233,-7.147116265129473,0,2361.8775485931365,2121.0623928131135,2241.469970703125,0.10743626233122444,0.1396820654821589,57.941882825689326,0.026890928731945495,17.02438552963779,12.60896881858697,23.653969173924914,0,6.358045687075265,9.550976376664662,,,,0,26152873.0,2257.9329272386217,1305010.8394285722,0.11038934705288334,0.21692222581729095,0.2909220102854984,0.7456370372403682,0.26702631553517325,0.7821052454344374,1.0646276620287507,0.7788147168079387,1.0646276620287507,0.01939936215470111,-0.0010996620468928114,0.0,0.0,1.0,1.0,,2924.29248046875,-0.014318989491771017,0.02663443029894008,0.392504308526962,0.2798,0.1540826860481181
2026-06-04,2154.0,2189.699951171875,2115.300048828125,2122.199951171875,58828.0,0,1,-0.015083306602538427,-0.02243307078290324,-0.0365460579218575,-0.062425468888060553,-0.10850663676879857,-0.015198216617738167,0.23333333333333334,0.13333333333333333,2229.7399658203126,-0.04822984576538908,2300.357978515625,-0.07744795766905448,2308.848986816406,-0.08084072917297858,2429.5841259765625,-0.1265171975393672,2193.4686783096463,2235.798749776449,0,0,0,31.003831743547906,0,0,-42.330071466802565,-33.516341254443105,-8.81373021235946,0,2348.5391136207404,2110.940818019885,2229.7399658203126,0.10655874642021056,0.047387263968023514,59.11745564840795,0.02785668504787374,18.412625422725338,11.475503682505648,24.644916381401092,0,2.9651498889458936,8.0435636355009,,,,0,26094045.0,2249.6317810630117,1304123.518667758,0.12930498756644535,0.21650267477029767,0.2875092195381182,0.753028633718626,0.27058259094112747,0.7703085122220962,1.0485695565848274,0.7670676156477554,1.0485695565848274,0.0350579135121865,-0.00032484855791374486,0.0,1.0,1.0,1.0,,2971.471435546875,0.01613345976615932,0.0011787625000854174,0.39229503658945236,0.2826,0.15543502119797228
2026-06-05,2128.89990234375,2147.39990234375,2082.5,2093.10009765625,48251.0,0,1,-0.013712116758628712,-0.04091816746857346,-0.0526386393717716,-0.08309967895315995,-0.09616544886272405,-0.01380699616165682,0.1111111111111111,0.18888888888888888,2217.2849731445312,-0.056007629597635125,2297.331982421875,-0.08889959584784149,2304.34798828125,-0.09167360646017873,2427.9058752441406,-0.13789899394441058,2178.027358209124,2225.228479249027,0,0,0,28.299171515337136,0,1,-47.20112103990277,-36.25329721153504,-10.947823828367731,0,2338.6444189214267,2095.925527367636,2217.2849731445312,0.10946671018546135,-0.011640749071069555,59.530487555218095,0.028441299879483732,20.181306693777206,10.58189305550291,26.661352815194633,0,3.992503825329567,4.438566467116951,,,,0,26045794.0,2241.1419142248697,1303461.8953220374,0.12292782525812941,0.20686217649416702,0.2803968391628259,0.7377478901395268,0.26851015649090676,0.7597459519623412,1.0341914483953927,0.7565494949402305,1.0341914483953927,0.03100659276468512,0.003157078185858641,1.0,1.0,1.0,1.0,,3046.837646484375,0.02536326280505863,0.025259735650623893,0.392700684702725,0.2402,0.12621253017677025
2026-06-08,2075.699951171875,2107.60009765625,2061.60009765625,2086.300048828125,20532.0,0,1,-0.0032487929438919094,-0.03174451380413745,-0.05571642027549639,-0.10447693155563487,-0.10382300308070236,-0.003254081729574357,0.08888888888888889,0.15555555555555556,2205.0599731445313,-0.053857911241773825,2293.0899853515625,-0.09017959951176262,2299.59798828125,-0.09275444688162499,2426.1262060546874,-0.14006944749143127,2163.9154644582013,2214.937484403034,0,0,0,27.691252326206566,0,1,-51.022019944832664,-39.20704175819456,-11.8149781866381,0,2327.526649271276,2082.593297017787,2205.0599731445313,0.11107786420167116,0.015133716075146391,58.5640241584168,0.028070758178485505,22.098082150690892,9.988199611754652,27.714617678839637,0,9.95163417851385,5.636429297596479,32261.14285714286,,,0,26025262.0,2236.228812178841,1303395.1911053134,0.11567581875257638,0.20524312053768692,0.2747507688839085,0.7470156366492612,0.26969347352346745,0.7572776946744555,1.0308315745152126,0.7540916222793637,1.0308315745152126,0.02204860227359828,-0.008313098118842392,1.0,1.0,1.0,1.0,,2968.672607421875,-0.025654481180738875,-0.001042770942994209,0.40558768595698586,0.2285,0.11536681877255832
2026-06-09,2100.0,2108.699951171875,2086.300048828125,2090.800048828125,22096.0,0,1,0.0021569284832867464,-0.014795920773822968,-0.04315594005476986,-0.0760936593777618,-0.08913473129745952,0.0021546056525658915,0.18888888888888888,0.23333333333333334,2196.52998046875,-0.04813498225872697,2288.93798828125,-0.08656326229349079,2295.941989746094,-0.0893497927361202,2424.193250732422,-0.1375274854030588,2152.666938976651,2205.7421188048925,0,0,0,28.781561692699313,0,1,-53.07517982824129,-41.98066937220391,-11.094510456037376,0,2326.036606431263,2067.0233545062374,2196.52998046875,0.11791928825380787,0.09179721170702894,55.98087260022631,0.026774857132609645,23.83786182373852,9.843061588907101,26.92250435683091,0,12.510695539567743,8.818277847803763,31972.0,,,0,26047358.0,2230.7167265553503,1303442.85059708,0.12838118338395485,0.2034519528232851,0.2742576225033558,0.7418278878312514,0.2676718221516988,0.7589110885038566,1.0330550044997557,0.7557181439784659,1.0330550044997557,0.010713555491021223,0.006566625533834533,1.0,1.0,1.0,,,2978.568115234375,0.0033333105805473107,0.014468561300219784,0.39534808680766004,0.2698,0.1385105395744683
2026-06-10,2089.699951171875,2237.699951171875,2089.699951171875,2118.60009765625,393904.0,0,1,0.013296368939586856,0.012182886059082243,-0.02409130178274732,-0.05394293558782026,-0.07806784262130118,0.01320874806453693,0.4,0.3333333333333333,2191.3599853515625,-0.033203073973096915,2284.40798828125,-0.07258243338124153,2293.1359912109374,-0.07611231702944933,2422.284934082031,-0.12537122786542373,2147.4258864658204,2199.2871542753633,0,0,0,35.2746463238135,0,0,-51.861267809542824,-43.9567890596717,-7.904478749871124,0,2324.7818387252537,2057.9381319778713,2191.3599853515625,0.1217708220151571,0.22733144587819198,62.55366741449586,0.02952594379831158,22.21988793315723,22.909815029615103,22.37266190097103,0,29.518406649328583,17.3269121224701,84730.28571428571,,,0,26441262.0,2207.4979326455514,1308680.3435078592,0.17358784200475008,0.20858707652928285,0.26272392974670505,0.7939401512849776,0.29147223428022095,0.7690018503289474,1.046790884974471,0.7657664512351435,1.046790884974471,0.06985744981496432,-0.0005261611012811077,1.0,1.0,1.0,,,2929.7900390625,-0.0163763507446385,0.0074586268013570045,0.401284171428255,0.2206,0.11441022095647553
2026-06-11,2111.0,2279.0,2103.10009765625,2255.39990234375,826941.0,0,1,0.06457084790982393,0.0810525090149945,0.03344941498650322,0.02336766744498342,-0.015625021644145254,0.06257175824222236,0.8777777777777778,0.6666666666666666,2193.4149780273438,0.028259551857420354,2282.38798828125,-0.011824495254999642,2291.609990234375,-0.015801156411838428,2420.1172619628906,-0.06806172668077365,2164.0372735239634,2203.4436541322807,0,0,0,56.35957678357255,0,0,-39.40638060831725,-43.046707369400806,3.640326761083557,1,2329.56273955835,2057.2672164963374,2193.4149780273438,0.12414227393801368,0.7276384261458818,70.64982705229973,0.03132474510568275,21.429266949880066,23.011089826504428,18.393935101745836,0,89.1443844262019,43.724495538366114,198795.57142857142,,,0,27268203.0,2209.3999918127824,1362076.625049257,0.4364316958549272,0.28159568556136344,0.28581003085133094,0.9852547327418342,0.32240243689994774,0.8186569518489111,1.1143830600015476,0.8152126402922936,1.1143830600015476,0.07799056041501094,-0.0035873205446642726,1.0,1.0,1.0,,,2907.5,-0.0076080670509866,-0.019979171989906064,0.4014039450145762,0.0881,0.06255236605229232
