Date,Open,High,Low,Close,Volume
2021-01-04,305.4063847214977,305.58086422137313,295.7821795093468,299.7850036621094,45305900
2021-01-05,298.7965485946262,302.52799789208564,298.7965485946262,302.256591796875,29323400
2021-01-06,297.54620062910624,302.27592998393476,296.55762129457366,298.069580078125,52809600
2021-01-07,300.7252074691213,306.1139899427387,300.6961324750406,305.2804870605469,30394800
2021-01-08,307.56778921465855,309.5546790076272,305.3773744694693,309.20574951171875,33955800
2021-01-11,306.24969077058125,307.4224216271821,304.0883509666924,304.73773193359375,32746400
2021-01-12,304.7764932248899,305.8619991509885,301.61690195667103,304.2531433105469,29266800
2021-01-13,304.5148850559597,307.1026489334537,303.91398197063376,306.30792236328125,22898400
2021-01-14,306.7536474742639,307.75192830346884,304.19492986670093,304.66986083984375,23500100
2021-01-15,304.45670851288935,305.4162130604736,301.0160092062669,302.256591796875,35118700
2021-01-19,304.57304550206436,307.1705109950983,303.477837773853,306.6665344238281,24537000
2021-01-20,310.28158170395784,314.73990504779744,306.76335966017797,313.7997741699219,30728100
2021-01-21,315.1373276057846,317.05636614976254,313.76107163791585,316.31005859375,25130600
2021-01-22,315.27307683718,316.407031469177,314.7109207065593,315.3990783691406,21609400
2021-01-25,318.78154709281154,320.14813109393396,311.5125021365133,318.00616455078125,39080600
2021-01-26,318.7234080613514,319.60538909572153,317.1435975040631,318.4714050292969,25498100
2021-01-27,316.2131379261099,316.2228098725471,307.58718143940655,309.59344482421875,55264000
2021-01-28,310.7953454119391,316.36828070768473,310.1750392860136,311.4253234863281,42836300
2021-01-29,309.73881617638284,310.8437251270906,303.1288542538718,304.8734130859375,55259000
2021-02-01,308.31408920519334,313.5768999697579,306.28845232791394,312.49139404296875,35646000
2021-02-02,315.4572113530647,318.742804644067,315.29243330220027,317.5894470214844,33930800
2021-02-03,319.66350803277334,320.03181101989327,316.2712872660844,316.3294372558594,24824500
2021-02-04,317.725094855198,320.15778162492757,316.40695941082924,320.070556640625,22350900
2021-02-05,321.0204544524247,322.1641105831951,319.38249373215876,321.1561279296875,22732000
2021-02-08,322.84253928633325,323.46281577424594,321.2045787051673,323.3077392578125,20462800
2021-02-09,322.37726071840535,324.49982399899955,322.3675591945343,323.2398681640625,17597500
2021-02-10,324.6743693155153,325.1298974039891,319.35343684333327,322.50335693359375,28068700
2021-02-11,324.0345540247882,324.6839349088436,321.8926175419533,324.27685546875,22046100
2021-02-12,323.4337413075448,326.2541344505574,322.38701179217514,326.0893859863281,20346800
2021-02-16,326.8840742771446,327.77575674947775,324.04430799298007,325.2073669433594,27080800
2021-02-17,322.231909705681,325.3236791131042,320.00274780804534,323.6469421386719,31360300
2021-02-18,320.0609518390549,323.5888467814989,318.2485115255932,322.2319641113281,32236200
2021-02-19,323.57920251073546,323.70520406272936,319.80900536800976,320.82666015625,39157700
2021-02-22,316.4456538384439,317.70560938860615,312.30715624176895,312.51068115234375,47256900
2021-02-23,307.2382692011406,313.2473575907754,301.4230338219392,311.580322265625,97241900
2021-02-24,308.92470818559923,314.4588956916574,306.23031671304153,314.14874267578125,58206300
2021-02-25,311.4931473273802,314.05183592483166,301.6556822348677,303.19671630859375,110182600
2021-02-26,306.12370351235546,309.2832947787823,301.3067487846613,304.46636962890625,104739800
2021-03-01,309.43844940964163,313.9646553279137,308.14941819211657,313.62542724609375,49164500
2021-03-02,314.26504533882803,314.34256880454757,308.3432108792186,308.5951843261719,48370000
2021-03-03,307.5000180197119,308.44014914832144,299.5816205062757,299.6397705078125,86301100
2021-03-04,299.2713494309371,302.43096963164174,290.8683225886545,294.7354736328125,139131600
2021-03-05,297.3523268447944,300.0757927695711,288.29027630033136,299.1744384765625,121523700
2021-03-08,298.631835660432,300.51209821866854,290.28698374788854,290.7037353515625,88409800
2021-03-09,298.0017680987758,304.06900708490633,297.4687166333101,302.1693420410156,80391100
2021-03-10,306.4242001717512,306.7246516926489,300.6186651725595,301.3067932128906,76798100
2021-03-11,306.04616036038266,310.01020925245535,305.15450742613785,308.24627685546875,53484800
2021-03-12,304.19502233019176,308.43047797154094,301.8011115793504,305.7457580566406,69315600
2021-03-15,306.0655674633329,309.1767104053718,304.42760697615097,309.0119323730469,42955700
2021-03-16,311.2023734081659,314.2166196657638,309.2736627941333,310.70806884765625,54925900
2021-03-17,307.67444741471917,313.8773597153626,305.9589339157452,311.9873962402344,78258700
2021-03-18,307.1123129466871,308.0912205113024,301.97553276942267,302.4310607910156,82718100
2021-03-19,302.26628178699343,305.0382264310817,300.1243447287122,303.4971923828125,78446200
2021-03-22,305.88929446999254,311.25577228121415,305.88929446999254,309.1887512207031,56194800
2021-03-23,310.2756635863065,311.59543446462345,307.02471644005647,307.8398742675781,53455400
2021-03-24,309.20815794592994,309.24698344349076,302.50248217460296,302.6480407714844,64803700
2021-03-25,300.8042525707295,303.63792180700096,298.30055566633035,302.1240234375,78729000
2021-03-26,301.9104067244909,306.9760515634501,300.51301503131356,306.65582275390625,63519600
2021-03-29,306.12221392245704,307.61665508549305,303.23032130763187,306.568603515625,54608000
2021-03-30,304.60838735325643,305.5982156181683,302.327870178271,305.0256652832031,44635700
2021-03-31,306.81124129008373,311.2557989477642,306.4715847685918,309.69342041015625,55032500
2021-04-01,313.51688889328375,315.10837900652535,313.26456756678306,314.9725341796875,55685600
2021-04-05,317.4567647947559,322.02748171837067,317.21415729922177,321.2608337402344,42172500
2021-04-06,320.9503235455035,322.988202846914,320.2612969247598,321.03765869140625,33537200
2021-04-07,320.56210195660134,322.6485499735727,319.6304975270625,321.81396484375,32046400
2021-04-08,324.6671093943618,325.35610651026633,323.8713495618083,325.1717224121094,29940800
2021-04-09,323.81306439968864,327.34544369614696,323.0755577628153,327.1416320800781,36664900
2021-04-12,326.1034068863233,327.1320606369448,324.83214556026877,326.71478271484375,25833000
2021-04-13,328.2382426382964,330.9942603593308,328.0247468478908,330.5284729003906,30374000
2021-04-14,330.7710495750227,330.8972102051173,325.74422961469463,326.55938720703125,42564300
2021-04-15,329.43190098231787,331.8968016818083,326.278003217147,331.50860595703125,36342800
2021-04-16,332.03269541748523,332.11034641995263,330.0238977449585,331.8968505859375,40860100
2021-04-19,330.32476466150547,331.4795494048191,326.93794297479013,328.8594055175781,34533100
2021-04-20,328.1995112420433,329.4804566209722,324.4924607053859,326.4624328613281,38081800
2021-04-21,325.1814747322325,329.4416778211828,324.0945975712304,329.2572937011719,36598100
2021-04-22,328.8691285928351,329.8492430277399,324.1334241342537,325.2882385253906,45936100
2021-04-23,325.9188894312517,330.693387978096,325.9188894312517,329.3833312988281,36381900
2021-04-26,329.62601091696735,331.80947868051476,328.8787607730623,331.5280456542969,30812000
2021-04-27,331.819161290806,332.0326571001832,329.14079431837337,330.091796875,33187200
2021-04-28,329.76187615246016,330.7711318290207,328.32562882870786,328.975830078125,33615700
2021-04-29,332.2461170803668,332.6633948761398,326.937863752322,330.1596984863281,37708900
2021-04-30,327.71426309227223,330.19856182815215,327.08345982266536,327.99566650390625,38263400
2021-05-03,329.1990479902384,329.9462685840966,325.80254228422564,326.2489318847656,29729700
2021-05-04,323.69672364406625,324.01698222276525,316.56405512300364,320.37786865234375,65147000
2021-05-05,322.42544572238677,323.28914284720815,318.52432683741387,319.3006591796875,46219300
2021-05-06,319.0385927528076,321.8625477524645,316.79690170625486,321.707275390625,46814300
2021-05-07,324.4826750216979,326.69525424159224,321.8819297240485,324.3177185058594,53324500
2021-05-10,322.9397279868842,323.1143982975088,315.92350769169906,316.1273193359375,60700500
2021-05-11,310.2465441500883,316.4864031754288,309.58662911215885,315.6906433105469,71963600
2021-05-12,310.76082509333276,313.08013750936215,306.6558953267054,307.51959228515625,91164900
2021-05-13,310.4599606785122,312.86660798563827,307.5292432942682,309.8970947265625,69877800
2021-05-14,313.0607397997424,317.6508549788167,312.5560972204388,316.7386779785156,44370000
2021-05-17,315.03081764463406,316.71935702172186,311.94485615713404,314.81732177734375,39395000
2021-05-18,315.7682625127471,316.99098429290916,312.4202668422621,312.6919860839844,36528500
2021-05-19,307.29641227462685,313.35188688296495,306.9470420236655,313.0510559082031,66319100
2021-05-20,314.53581909839676,319.96052014548815,314.3126391150429,319.1065368652344,46466100
2021-05-21,320.6591552963388,321.0764330594228,316.9812471772893,317.3403015136719,50330400
2021-05-24,319.63053929972733,323.80340626385316,317.23357590309666,322.6777038574219,32475800
2021-05-25,324.19162465292703,324.90973352546797,321.9499332557762,323.1241455078125,31280300
2021-05-26,323.79371355892494,324.7156043929025,323.10471647413306,324.24981689453125,25444900
2021-05-27,323.80345233638,324.6477218575371,322.83302215294816,323.03680419921875,27931700
2021-05-28,324.24004812105676,325.6471833857961,323.73543521168494,324.0556640625,29927400
2021-06-01,325.3851937858449,325.8607246630837,321.62963411689003,322.9785461425781,31145400
2021-06-02,323.3958791614827,324.4536445747608,321.89172412773416,323.609375,22047900
2021-06-03,320.7756986540093,322.046959878064,318.5728327072903,320.2419738769531,37057800
2021-06-04,322.03715752728453,326.1226589781557,321.9692203289032,325.67626953125,38736500
2021-06-07,325.1426050715648,326.7050129897003,324.4536079675706,326.64678955078125,32611900
2021-06-08,328.39355301587057,329.25725005460623,325.12320818685185,326.80206298828125,27282800
2021-06-09,328.17035779849925,328.9466900273445,326.6952851024466,326.8796691894531,21485300
2021-06-10,327.21935625287307,330.3926522944531,326.7729666602912,330.2859191894531,33702100
2021-06-11,330.2955834012602,331.1592804285053,329.6454118014749,331.1495666503906,21222800
2021-06-14,331.5766028024062,334.3326211759567,330.39267670533627,334.32293701171875,27827700
2021-06-15,333.9735324102014,334.28407716789974,331.4212963603784,332.1394348144531,35963800
2021-06-16,332.60524746286853,333.6727266386142,327.4716928704948,330.9264221191406,55399500
2021-06-17,329.91715157235996,336.137612619447,329.8686419091237,335.12835693359375,59722700
2021-06-18,333.46890423340926,334.61400465829917,331.7512239808977,332.49847412109375,55414900
2021-06-21,332.68984582617543,334.8855714243223,330.47469978583916,334.56494140625,32992600
2021-06-22,334.3609511377439,338.13059270695595,334.05977118603664,337.6836853027344,28941600
2021-06-23,337.6254380468434,338.995335576956,337.0133530174807,337.848876953125,27188500
2021-06-24,339.78226111856935,341.46303387726124,339.2381921776648,339.9377136230469,32581600
2021-06-25,340.5011783527263,340.7440673140973,338.9175375806625,339.5198974609375,28682800
2021-06-28,340.80230523066535,343.78498832779104,340.7440142609746,343.6489562988281,39130300
2021-06-29,343.47414537490874,344.92175413268325,342.6386215588739,344.8926086425781,29426000
2021-06-30,344.73715767940706,345.12580374858084,343.76560180553736,344.3485412597656,32724000
2021-07-01,343.99878018998015,344.9897564637457,342.648303353147,344.48455810546875,29290000
2021-07-02,346.3790889010803,348.75941264790805,346.14592497959035,348.4388122558594,32727200
2021-07-06,349.04122320612953,350.2265227296278,346.34999407065425,349.94476318359375,38842400
2021-07-07,352.14046992784296,352.44164990379323,348.73029901684714,350.6831359863281,35265200
2021-07-08,345.62125059036464,349.42003732395847,344.3388194688007,348.5650634765625,50890000
2021-07-09,347.9822092081937,351.2174774903175,347.3992697056887,350.7414245605469,35184500
2021-07-12,352.1404430980501,352.5679300602868,350.56649765552464,352.1112976074219,25717700
2021-07-13,351.73237657972146,355.07453120291746,351.25632368294856,352.1112976074219,39723000
2021-07-14,354.4527466915116,355.0939771809763,351.9169998759118,352.7428283691406,35336400
2021-07-15,352.65530721671445,352.8593256167972,348.2638563704623,350.2652587890625,53391600
2021-07-16,351.12030642808213,352.10158740315376,347.07863020990226,347.42840576171875,47262000
2021-07-19,343.9793365421211,345.0771993956187,342.0265294469521,344.58172607421875,64404600
2021-07-20,345.5143833813313,350.0321117839169,343.7364197177112,348.5845031738281,42183700
2021-07-21,348.1570706277468,351.2757568359375,347.9336020918231,351.2757568359375,30259900
2021-07-22,351.4796729403577,353.6073821622936,351.4796729403577,353.5976867675781,30252200
2021-07-23,354.91908737955197,358.00862805980915,353.5686400813842,357.7268981933594,31960800
2021-07-26,357.0370501062758,358.3972520169587,356.17238081685986,358.00860595703125,28438100
2021-07-27,357.7462301719111,357.7462301719111,349.91549383976536,354.06402587890625,57933100
2021-07-28,355.20081650644175,356.9982007174381,352.9079293355111,355.42425537109375,42066200
2021-07-29,354.86076180526356,357.22163532233117,354.86076180526356,356.0557861328125,25672500
2021-07-30,352.1307155090778,354.78307373523353,352.10157001865997,354.20013427734375,36484600
2021-08-02,355.86145466317794,356.4443940688661,353.520001644176,354.229248046875,27334100
2021-08-03,354.88995491416483,356.4930162958141,351.70325259596177,356.3764343261719,35558500
2021-08-04,356.3375329468905,357.84346232319564,355.22997468160975,356.8913269042969,29602200
2021-08-05,357.7073910590354,359.38819319042074,356.99817433299086,359.155029296875,21443900
2021-08-06,357.8920207079267,358.8635765497484,356.47355748073585,357.58111572265625,33332100
2021-08-09,358.03774270014765,358.76640957041377,356.9399095212192,358.2417907714844,25960200
2021-08-10,358.75669560360734,359.048150476815,355.22021834453176,356.405517578125,35130800
2021-08-11,357.66855166382885,358.164024939674,354.46239986659873,355.7934265136719,34249800
2021-08-12,355.28832922101327,357.43545975897,353.93785209902734,357.07598876953125,25969200
2021-08-13,357.4256838386604,358.6595490527327,356.9301808840148,358.3292236328125,19336200
2021-08-16,357.21191400352564,358.52349054036375,353.35483650780424,358.4846496582031,34856900
2021-08-17,355.7351242047437,356.70667993363804,352.898198080108,355.32708740234375,44793900
2021-08-18,354.79274854455855,356.1917913024979,351.57690114042134,351.9072265625,38541900
2021-08-19,349.9738430679288,355.27852960997615,349.7212290637019,353.6074523925781,48499400
2021-08-20,354.67613576735766,357.66854404771954,354.36523081493834,357.27020263671875,39486000
2021-08-23,358.30975495051,363.30356582383774,358.30005955452134,362.61376953125,34034700
2021-08-24,363.2063901262377,364.32367328454313,362.74003270254565,363.7213134765625,21732900
2021-08-25,363.97395124012723,364.71234313017925,363.225834304302,364.13909912109375,20441900
2021-08-26,363.28420767946403,363.9642790431549,361.38966174943306,361.8268737792969,29133300
2021-08-27,362.4583499945528,365.8490704411561,361.97257206698066,365.3438720703125,27104700
2021-08-30,366.13080831041503,369.92959503754474,366.1113582187609,369.4438171386719,27295700
2021-08-31,369.6866163501295,369.7546027058259,367.5977481724053,369.1425476074219,29628200
2021-09-01,370.20154506701755,371.82402627558196,369.5505897851559,369.7546081542969,28138300
2021-09-02,371.10521440590117,371.43553985938416,368.36541960700094,369.5798645019531,25453400
2021-09-03,368.43345133980495,371.1149552699971,368.4140308944901,370.71661376953125,24605400
2021-09-07,370.8234185329037,371.8921358655914,369.66726473429577,371.2411804199219,23970200
2021-09-08,371.06634955267714,371.06634955267714,367.6853538890298,369.9490661621094,32949200
2021-09-09,370.17244307872124,371.2800011479982,368.4333500910774,368.6762390136719,29399000
2021-09-10,370.38626849619504,371.10521037835343,365.54790941338325,365.87823486328125,40249400
2021-09-13,368.2099525437821,368.63743950186546,363.57564168171336,365.6256103515625,48741800
2021-09-14,367.1120810732379,367.84074796435834,363.6339241587504,364.5860595703125,41826600
2021-09-15,365.0427350965011,367.64649797889,362.7498475907075,367.2967224121094,34097900
2021-09-16,365.96564513231044,368.12250027388,364.0419835530262,367.5492858886719,35193100
2021-09-17,367.0732135319667,367.12177946136876,362.15714363548017,363.1966857910156,60912300
2021-09-20,357.4037084010266,359.1447297554638,351.0524161954908,355.69189453125,76203200
2021-09-21,357.52043574443064,358.7167850557825,355.00131976117484,356.12957763671875,41927500
2021-09-22,357.04385306817227,360.91494318773044,355.9447730023296,359.45599365234375,46972900
2021-09-23,360.61339773246715,363.8036325830604,359.97145643124753,362.77264404296875,44652000
2021-09-24,360.5064182906499,363.53132237880186,360.1368129986181,363.1130676269531,36056800
2021-09-27,360.06871061119614,361.0899632808485,357.66630616651645,360.214599609375,43338100
2021-09-28,355.66274340365425,360.1660095292844,349.51569535289286,350.0214538574219,97701600
2021-09-29,351.2858306757652,353.4256052044323,348.82507067423813,349.4475402832031,58076600
2021-09-30,351.09126953473697,352.7544633426065,347.3271852778963,348.16363525390625,61384600
2021-10-01,348.7862203586933,351.36369202460725,344.68170766871515,350.3229675292969,56375500
2021-10-04,348.7083464504916,349.0390380839239,340.7327742551447,342.9698181152344,76766000
2021-10-05,344.02997255929625,349.84632794995827,343.80628599045565,347.59954833984375,47232900
2021-10-06,344.3898600152339,350.09924033410766,343.48531850039706,349.826904296875,56806500
2021-10-07,352.8711994076054,355.6821226976073,352.3362631929019,353.03656005859375,39411200
2021-10-08,354.1162254294243,354.34967754390766,350.74118758106675,351.2761535644531,41822300
2021-10-11,349.7393762271604,353.2603327728741,348.4944071205362,348.58197021484375,34847200
2021-10-12,350.03115471683304,350.4688217397953,346.7242085862634,347.36614990234375,43905100
2021-10-13,349.67130750082435,350.8190073438713,347.64821419139497,350.14788818359375,40120800
2021-10-14,353.736892200335,356.81041599057534,353.0755088952258,356.596435546875,43433900
2021-10-15,357.81224256758895,358.95994241517684,356.7812539340061,358.8432312011719,40419900
2021-10-18,357.54958181402935,362.66564059093747,356.946554138747,362.45166015625,34513500
2021-10-19,363.52158907118445,365.243138820719,362.5003362791969,365.19451904296875,29091000
2021-10-20,365.65158418498294,366.26434760986103,363.23944410928465,364.7178649902344,31390300
2021-10-21,363.9203769979809,367.13978994323423,363.6188631341587,366.94525146484375,25469300
2021-10-22,365.690584912923,366.65348213428575,362.1988358244689,363.8620300292969,36275800
2021-10-25,365.28199256888763,368.5014049436378,363.3367268593153,367.5871276855469,32597800
2021-10-26,369.8242057885552,372.236316302524,367.56769041282996,368.74456787109375,47191300
2021-10-27,369.1920059987736,372.6643127907117,368.9294057851657,369.60052490234375,45760500
2021-10-28,371.49715107440244,373.95791114428573,370.72876276602915,373.70501708984375,38007000
2021-10-29,370.6314896648021,375.7086345786651,370.28135606914276,375.54327392578125,37310100
2021-11-01,375.98096258363745,376.95359546070245,373.8995436615664,376.8271484375,30765300
2021-11-02,376.214438265448,378.8794729101323,376.1658184876678,378.4028625488281,25135300
2021-11-03,378.8891073621499,382.83799428057443,377.848412791825,382.4197692871094,33748900
2021-11-04,383.6842918645844,388.2751209954125,383.1396197374018,387.3219299316406,40265300
2021-11-05,389.0919997346053,390.0159830046913,386.29081276539466,387.69140625,43383800
2021-11-08,387.6623426124407,388.68359539126715,386.5243489401909,387.1662902832031,29256300
2021-11-09,388.2361888677813,388.63497195661483,383.13960148519317,384.50128173828125,50490700
2021-11-10,381.729235316056,384.5401289612193,376.92442641715365,378.8502502441406,54937400
2021-11-11,381.8265197042397,382.0015865093536,379.560268335903,379.90069580078125,32243000
2021-11-12,381.0484777471121,384.43325178818156,379.4533748190734,383.8983154296875,34730600
2021-11-15,385.07510957260075,385.3960653814899,381.3693804579635,383.8106689453125,33716900
2021-11-16,383.0812224246189,387.0398458924159,382.88671363238944,386.5438232421875,27872900
2021-11-17,386.8647580804848,388.7808461902663,385.78514974734816,386.748046875,28703300
2021-11-18,388.79057170851496,391.26103797883917,386.57296981590184,390.7552795410156,45721500
2021-11-19,392.3892574304482,394.2080760823908,391.5625135843656,392.9339294433594,45191700
2021-11-22,394.47080387333807,397.524856298027,388.2654000974445,388.37237548828125,61715400
2021-11-23,387.2148761381592,389.2768828543448,382.16693860936056,386.6021423339844,70098700
2021-11-24,384.12196673194364,388.12921018442887,381.7973891566023,387.84716796875,46954400
2021-11-26,385.2696201765238,386.66050784137326,379.10313088983804,380.4940185546875,51533300
2021-11-29,385.0556547853165,389.76319448090595,384.3261801069884,388.75164794921875,54447100
2021-11-30,387.86661005974304,390.2106592936949,381.02900084263916,383.0423583984375,81332700
2021-12-01,387.380284034445,389.52008858463853,376.0588509406697,376.52569580078125,77766500
2021-12-02,375.2418121657415,381.01925475492664,373.8217762489856,379.2393493652344,84416600
2021-12-03,380.60099735187833,381.60280810324537,368.53061887852476,372.6448669433594,105349100
2021-12-06,373.1312158694991,376.9925702047442,368.91969820689434,375.6308898925781,67588800
2021-12-07,382.27396962972693,387.5553600113219,382.2350559963303,386.9425964355469,56005300
2021-12-08,387.2732032084245,388.8780413429311,385.37655743339155,388.67376708984375,39204000
2021-12-09,387.44833232178706,389.24770917282194,382.760234490901,382.95477294921875,49973700
2021-12-10,385.76573205390457,387.3803065479025,382.5949386768142,387.1177062988281,52545800
2021-12-13,387.1079592169525,387.42891506760265,381.15544961837924,381.5250549316406,50166400
2021-12-14,376.70074791408535,379.41440228714094,373.1312014367775,377.5761413574219,75199200
2021-12-15,377.3232270446941,386.54379804863623,373.37433966272437,386.18389892578125,73858000
2021-12-16,387.14682731739265,387.5747881895297,374.66792996001715,376.2533264160156,82591400
2021-12-17,372.8394133470758,378.5390584450025,371.32210816631004,374.3761901855469,80492500
2021-12-20,369.65383235643225,371.5334044386726,367.60868840628507,370.74456787109375,65336800
2021-12-21,374.0167620264136,379.353608869592,370.26736624903543,379.0419616699219,48899500
2021-12-22,378.7498028220549,383.86264755757725,378.08757482728123,383.65814208984375,37042200
2021-12-23,384.0087378335423,388.0210990078146,383.84319568856364,386.5505676269531,29595500
2021-12-27,387.84580044463326,392.9391784667969,387.81658537729174,392.9391784667969,32820700
2021-12-28,393.8351623802079,394.0104527999988,390.2415601729176,391.1180419921875,33113700
2021-12-29,391.2544488367904,392.5204749909473,388.68340346978243,391.0596618652344,32248500
2021-12-30,390.84533941347075,393.02684017439805,389.3066296016768,389.8909606933594,23850100
2021-12-31,389.2190107652418,390.5824302579958,386.95961290849766,387.456298828125,34752900
2022-01-03,388.62492150092214,391.4394353469124,386.51162877090127,391.18621826171875,40575900
2022-01-04,391.73161585861396,391.7705791947588,383.0154492062838,386.11236572265625,58027200
2022-01-05,384.42749707501173,385.54747736079605,373.99730172965064,374.2505187988281,75739800
2022-01-06,372.42946343390247,377.23066227942587,370.19928032711414,373.9876403808594,70814300
2022-01-07,373.9972600596945,375.6820747117179,368.1637576183187,369.9361877441406,72652300
2022-01-10,365.02787900480445,370.69583932666194,359.6618175920206,370.1796569824219,91770500
2022-01-11,369.4492543074424,375.90605116159617,367.3651769879985,375.7405090332031,68295700
2022-01-12,378.3114862864288,380.00604905047277,374.9516352610783,377.2304992675781,54576400
2022-01-13,378.61347148673974,379.2951960521045,366.85881976807036,367.7937316894531,77994000
2022-01-14,365.2714506437574,370.4135115279909,365.0669154126775,370.0823974609375,80121200
2022-01-18,364.26825967552094,366.39130031280837,360.10979387535207,360.8694152832031,75450900
2022-01-19,362.4276789394688,364.9013304684771,356.64285740771714,356.90582275390625,81791500
2022-01-20,360.1293840637579,364.1027825258744,351.73458306737507,352.27020263671875,88610700
2022-01-21,350.0789145108733,352.7181079448339,342.2197346222496,342.5021667480469,143388900
2022-01-24,336.8731765490251,344.7323566054048,325.420394599812,344.0700988769531,198685800
2022-01-25,337.6132971711856,341.85937838139654,332.75364016664133,336.0940246582031,124398400
2022-01-26,343.69032292092504,347.55660890710044,331.87721121554597,335.5682067871094,146559500
2022-01-27,340.2720577142969,342.0931999511499,331.16631680971324,332.18890380859375,95255700
2022-01-28,334.0684383999999,342.8235677167253,329.12116502061934,342.60931396484375,108167900
2022-01-31,343.9727220021404,354.149699698525,342.3365891287706,353.56536865234375,94326400
2022-02-01,354.90930487488953,356.6233346063741,349.7575268593015,355.9708251953125,74433000
2022-02-02,360.10012183811494,360.43123585657395,354.773023033465,358.86328125,78777100
2022-02-03,349.1634154585336,352.4745846367798,343.2519868573046,344.3135070800781,95384800
2022-02-04,344.82972180603156,351.9584954869843,342.7748593755462,348.6570739746094,86318300
2022-02-07,349.2511097649402,351.6176193023127,344.5959876270935,345.852294921875,58198100
2022-02-08,344.7128377977231,350.8287725158773,343.58313906375696,349.738037109375,64720900
2022-02-09,354.2568812229211,357.22718893761805,352.6597114986028,357.1492919921875,55766400
2022-02-10,350.12759092704323,356.91550206060344,347.22546193723235,349.0660705566406,112468500
2022-02-11,349.0661216262267,350.6632914067648,336.7660716564922,337.9931640625,101569100
2022-02-14,337.4380509471334,341.8107713545148,334.905998885152,338.41192626953125,80254400
2022-02-15,343.6902926132209,347.0598924072058,342.6287722357038,346.826171875,55128800
2022-02-16,344.5766426239695,347.76120486585495,341.54787431095053,346.7386474609375,58947100
2022-02-17,343.52476142259576,344.22595282253224,336.00644297006625,336.42523193359375,61801400
2022-02-18,337.3600554725009,337.7495995436307,330.2799946457094,332.58807373046875,80001500
2022-02-22,329.64703413059453,335.05205976865096,325.61520592456526,329.24774169921875,85967100
2022-02-23,332.40307317940693,333.24059154227604,320.5023176630174,320.81396484375,86215400
2022-02-24,310.51039353763224,332.1304368387252,309.94555894702495,331.59478759765625,130614100
2022-02-25,332.393401594117,336.94141266861925,328.5758267705903,336.73687744140625,78842100
2022-02-28,333.5620558611428,339.43452303674104,332.4031418162457,337.7399597167969,77515500
2022-03-01,336.7173519143617,338.9864680636294,330.0463008202966,332.5686340332031,67407000
2022-03-02,334.1170684540048,339.4831299618094,331.35126663526114,338.14892578125,70609000
2022-03-03,340.78817997983646,340.89532171846434,331.4584675901399,333.3185729980469,71089400
2022-03-04,330.96174951241795,332.3933472673378,326.17030009780126,328.48809814453125,76936300
2022-03-07,328.4783684935688,329.63728233789755,316.1685719260236,316.3730773925781,89933800
2022-03-08,315.5842827764271,324.5049841954412,311.58166951225644,314.902587890625,116153900
2022-03-09,323.08302735130843,327.5920733021461,320.49251631613174,326.2383728027344,64723400
2022-03-10,322.1774050898638,323.8232565774196,318.1747625099664,322.6156311035156,69362700
2022-03-11,325.58599640336917,325.8976436312633,315.4382027323931,315.9251403808594,66228400
2022-03-14,314.6882922182204,318.0578920252177,309.15668831903486,309.8578796386719,79802600
2022-03-15,312.497056425142,320.3562358559971,310.8901684049329,319.5771179199219,76471000
2022-03-16,323.4921822389416,331.54612053854316,319.8206532148058,331.42926025390625,105243000
2022-03-17,329.5302194874578,335.50008053791174,328.23497826217636,335.441650390625,67810000
2022-03-18,333.7859950907957,342.5995839728813,332.62708116075316,342.3074035644531,85446300
2022-03-21,341.472747390431,343.6959267738545,336.96785649515317,341.355712890625,73799100
2022-03-22,341.85302014961167,348.9321048086692,341.47275472750243,348.06427001953125,63345900
2022-03-23,345.1877678450262,348.7468006718368,343.00357038743124,343.06207275390625,70615500
2022-03-24,344.98297609778405,350.73596663379254,342.8280596036386,350.68719482421875,53555300
2022-03-25,350.62872383979783,351.6818260333896,346.0946115385893,350.39471435546875,57584200
2022-03-28,350.38496370665933,355.9136759828872,349.1466238085177,355.816162109375,56833900
2022-03-29,359.7066966193203,362.56367141997544,356.9374753723277,361.93963623046875,68073000
2022-03-30,360.07729010507074,361.73493685192096,356.45975415978955,357.9418640136719,68757700
2022-03-31,358.08813467922835,358.4391787225342,352.66669581766195,353.5052795410156,67011400
2022-04-01,353.76852631291604,354.54857786742474,349.65369038520504,352.83245849609375,54527800
2022-04-04,353.67097229295626,360.10650103702426,353.4077116185241,360.09674072265625,45950200
2022-04-05,358.64387783012603,359.3556963579886,350.96024898030936,352.1011047363281,62738700
2022-04-06,346.7869364328608,347.8887807691179,341.8237865192822,344.4565124511719,90077100
2022-04-07,343.4618804663998,347.4694713654982,340.0003612839966,345.2755432128906,63777400
2022-04-08,343.5398970896143,344.2906973309232,339.8150875535041,340.4488830566406,61956100
2022-04-11,336.2171002042934,337.13367715180743,332.0535221925016,332.3948059082031,66107400
2022-04-12,337.14337819166946,339.0252738193308,329.61576592396983,330.9906311035156,72790200
2022-04-13,331.33190231102026,338.77176141426696,330.6103532208054,337.71868896484375,61367800
2022-04-14,337.80645754236645,338.3232483542657,329.7815446072718,329.9960632324219,73519400
2022-04-18,328.9430006089207,332.54104552775783,327.4218793147686,330.2496032714844,58560600
2022-04-19,329.6060677727792,338.20627468447685,328.5822463696504,337.6309814453125,56515700
2022-04-20,338.4402889823752,338.8985774684599,331.4879684359896,332.7068176269531,65500000
2022-04-21,336.587638098854,339.2008435755003,324.8964463920442,325.82275390625,75801000
2022-04-22,325.97876223802604,327.1976113773675,316.8617647243402,317.2908020019531,82562100
2022-04-25,315.662387855856,321.6786096219993,314.39476709090667,321.3665771484375,101755900
2022-04-26,319.30915688188617,319.49442429308345,308.9635520660258,309.2366027832031,105819600
2022-04-27,309.33416895411995,314.83363086897674,307.15000069366886,308.86614990234375,111204200
2022-04-28,313.8292626421862,321.6689081461176,309.6071528246811,319.83575439453125,99450000
2022-04-29,315.6330999232121,319.0751277743634,304.8097165327338,305.4435119628906,91977900
2022-05-02,305.03405193765815,310.77728344136193,301.9333068279768,310.54327392578125,115511800
2022-05-03,310.5627233755148,313.16619791732444,308.10553451849023,310.874755859375,78185500
2022-05-04,311.3525351569356,322.058915423081,306.0676225876862,321.3861083984375,116083400
2022-05-05,317.06652589040266,317.144519135594,301.90402602983977,305.1997985839844,154607400
2022-05-06,303.2008592701286,307.237671286735,297.50637111696585,301.543212890625,139572800
2022-05-09,295.91704956152574,301.64075976693016,288.3504253646002,289.7447814941406,113387300
2022-05-10,296.92140946385376,298.1402585982894,289.1792773813539,293.2648620605469,124124600
2022-05-11,291.0026055726753,296.51179647167174,283.69927272156076,284.56707763671875,140326100
2022-05-12,280.2865121271832,288.37965712769153,277.8390539510273,283.894287109375,120910900
2022-05-13,288.3504415696245,295.4490174318297,286.7512972908962,294.4154357910156,83684900
2022-05-16,292.6700322221477,294.72746492235825,289.72530358674845,291.0026550292969,59190400
2022-05-17,296.86287114868503,298.9202739551614,293.0600385039576,298.5400085449219,62715300
2022-05-18,294.02543221119953,294.7177302099061,282.62675235783473,283.8846130371094,79477100
2022-05-19,282.0806822827589,287.0535923689451,280.4132753536652,282.3634338378906,79920700
2022-05-20,285.8249229446704,286.47820923566684,273.22688869054275,281.4858093261719,91764200
2022-05-23,282.52923369769405,286.5465557453117,280.13054689629246,286.1662902832031,63648400
2022-05-24,280.9495914149474,281.6613802288879,275.2161206158338,280.0817565917969,73491100
2022-05-25,278.5899092529624,286.0785411821508,278.38515092401434,284.0016174316406,67144500
2022-05-26,283.20204360932223,293.42088572276367,282.91926227102294,291.8704833984375,59462200
2022-05-27,295.0004856521635,301.54325911042497,294.88348090288605,301.3970031738281,66985600
2022-05-31,301.36770240722115,303.5713609225471,296.7458072717279,300.5973815917969,60968300
2022-06-01,302.73281133863344,304.8584766487828,296.1607876840942,298.37420654296875,65341700
2022-06-02,297.25290637352026,306.7209172742776,295.8390296007222,306.54541015625,59291300
2022-06-03,301.32873605577254,302.7328525405804,297.321174666632,298.56927490234375,60914700
2022-06-06,303.0058095348309,304.56594193919597,298.00364933391626,299.56378173828125,51785000
2022-06-07,296.23878894920125,302.9278472737371,295.1467050816167,302.14776611328125,44900300
2022-06-08,301.348285515184,303.95176068273287,299.1251056081908,299.97344970703125,38342100
2022-06-09,298.2865584878625,301.3482924909619,291.7730348955325,291.93878173828125,55900500
2022-06-10,286.33200485314705,287.5216026829034,281.1933481148443,281.6418762207031,85963500
2022-06-13,272.77841004096007,275.303861633674,267.6884953550074,268.54656982421875,94442000
2022-06-14,270.7405380459988,271.715617403757,266.5281880787887,269.0341491699219,64697500
2022-06-15,272.45660758375163,279.6819173261686,269.7166080130091,275.7523498535156,86051400
2022-06-16,268.7220849855624,269.1803734200172,262.56933734329976,264.62677001953125,81910300
2022-06-17,265.3970848172145,270.28224178129193,263.7687190005617,267.84454345703125,82703400
2022-06-21,272.3258532528724,276.9175477266973,272.2184026530174,274.6021423339844,51633700
2022-06-22,272.10112488344555,278.6076398901615,271.50519745679884,274.20159912109375,67472900
2022-06-23,276.68296885301663,279.1351314700031,273.8498099068493,278.2851867675781,57457800
2022-06-24,281.10858580343864,288.24036412158455,280.8741265079586,287.82025146484375,58422300
2022-06-27,289.1782562499726,289.7448762013786,284.57681329074364,285.7100830078125,54151500
2022-06-28,286.2473733023831,288.8362940946561,276.81977806261284,277.0054016113281,61609800
2022-06-29,276.868654440148,278.76394687885903,274.36765551748465,277.2594299316406,57302700
2022-06-30,274.27969546117987,277.3961795151401,269.4242353676584,273.8205261230469,79313600
2022-07-01,272.5212243301203,276.01870517279946,270.645460260721,275.6279296875,56675100
2022-07-05,271.89594571604516,280.46381779289936,270.3719005317924,280.3465881347656,61829300
2022-07-06,280.72760032166383,284.24463896136103,279.0081525835329,282.1441650390625,63194700
2022-07-07,282.9550253886291,288.88513983664154,282.9550253886291,288.1817321777344,56620100
2022-07-08,285.3486163268326,289.9110031081742,284.41074914665745,288.54327392578125,59895500
2022-07-11,286.13019108228656,286.3548713416814,281.4994403008102,282.3786926269531,55273900
2022-07-12,283.62917585417716,285.5439965591251,278.050749340826,279.6431884765625,55797100
2022-07-13,274.13322897066035,281.41151653972287,273.566579098107,279.06683349609375,73939400
2022-07-14,276.4680816551164,280.9327666322429,273.35159737692584,280.06329345703125,63741800
2022-07-15,283.05276748878146,285.2509130128908,281.44077025302914,285.1434326171875,63818100
2022-07-18,287.92777771278395,289.33459333825147,281.55805071888204,282.7303771972656,59519600
2022-07-19,286.3547806525624,291.71827479049824,284.7525926701139,291.4251708984375,55172600
2022-07-20,291.84534577642216,297.2283395826278,291.06376504505164,296.0462341308594,67769400
2022-07-21,296.5054054078204,300.3546048186835,293.84809053251774,300.2959899902344,55049400
2022-07-22,299.36788883439493,301.43902572615195,293.20331391412896,295.03021240234375,57127700
2022-07-25,295.05949165968326,295.52844008286405,291.3470802058321,293.3498229980469,40582400
2022-07-26,291.64997677634415,291.9039942701177,286.7749875225989,287.5858459472656,50074100
2022-07-27,292.14824664391847,301.4293069161606,291.58159679446896,299.7391662597656,69304400
2022-07-28,299.5241912245391,303.24638193831424,295.7726930962561,302.66998291015625,55139900
2022-07-29,304.2136402618357,309.0984089755225,302.7872663311703,308.1898193359375,57501000
2022-08-01,306.4214599699302,311.46254361846223,305.3272768178621,308.0041198730469,46358800
2022-08-02,305.70830669402716,311.2085299334208,304.65318020301095,307.0857849121094,48676500
2022-08-03,308.7661886884473,316.2692153679035,308.7075738546769,315.4485778808594,53735700
2022-08-04,315.5267304861252,317.2363994221369,313.37742046943487,316.92376708984375,38973700
2022-08-05,311.8338398925769,316.36688935371126,311.0522888933584,314.3348388671875,53894000
2022-08-08,315.2531041067557,318.9459868724976,311.8532954437502,313.3187255859375,43878500
2022-08-09,311.42342300754336,311.6774404308173,308.15065298552094,309.7723693847656,39764200
2022-08-10,317.1093124860173,318.7115304332754,314.6376214833835,318.4184265136719,51459600
2022-08-11,320.74366994336793,322.7464131219047,315.90773715620287,316.61114501953125,45897700
2022-08-12,318.66269991315835,322.97106862108075,317.6076032036241,322.77569580078125,40928400
2022-08-15,321.82802958013497,325.88238057289317,321.8084714293467,325.3841247558594,38266600
2022-08-16,324.40716987211437,326.7127955861123,321.57401074568605,324.6221008300781,41186900
2022-08-17,321.4861750127914,323.7917715329037,318.8386089058885,320.9195251464844,47842200
2022-08-18,320.8706162835581,322.87335907254277,319.25864893946607,321.6912536621094,41937200
2022-08-19,318.6529945948618,319.30753686380024,314.65722781123844,315.41925048828125,51770600
2022-08-22,311.15974534576816,311.3942046870982,306.3042843906594,307.1151428222656,51098900
2022-08-23,306.8806428397244,309.69427382010605,306.10884119104537,306.8611145019531,39497100
2022-08-24,306.3824241250464,309.5673026088862,305.77671762390725,307.75018310546875,38057100
2022-08-25,309.52816629459426,313.21130009460927,308.4828487016471,313.1917419433594,38098300
2022-08-26,312.89869478251217,314.1003584319973,300.2666920123757,300.3546142578125,69047700
2022-08-29,297.599591598888,300.1396768426791,296.2904773933453,297.3944396972656,48321900
2022-08-30,299.0454597995629,299.66094524908925,291.5619927249913,294.08251953125,51184500
2022-08-31,296.98414748868214,297.8829580163024,292.2654742078937,292.3729248046875,50044000
2022-09-01,289.88174038469464,292.8712167065092,286.1986351945544,292.4999694824219,57990700
2022-09-02,295.37217284959314,296.7496811199104,286.7554342127629,288.367431640625,64666800
2022-09-06,288.84616005182266,289.7644989961387,284.1665430671821,286.2962951660156,57005400
2022-09-07,286.77492289275,293.0762547310282,286.5111263812026,292.07977294921875,49260400
2022-09-08,290.0087429603605,294.9130403280423,288.6410135962923,293.5941467285156,55649800
2022-09-09,295.8508631880941,300.51095121873436,293.5941026228412,300.0126953125,56125200
2022-09-12,301.39024631695224,303.9107739944549,301.07761394654864,303.57861328125,45905700
2022-09-13,294.84460581073347,296.0364904812311,286.0422735138361,286.9313049316406,79562200
2022-09-14,288.0742803851126,290.08680225615325,286.30599689467647,289.2075500488281,54907200
2022-09-15,287.2927274499248,289.6960247499915,282.7889562401916,284.39117431640625,65299400
2022-09-16,281.0890596137106,283.04296659564545,279.0374513198282,282.6521911621094,79920400
2022-09-19,280.00873935928564,285.009929593157,279.95001919015573,284.85333251953125,52613800
2022-09-20,282.34782262362853,284.8729092204194,280.2827604379443,282.5827331542969,51271100
2022-09-21,283.42444346717195,287.6916318605769,277.3858233676275,277.5228271484375,82931000
2022-09-22,275.99607990730203,277.0041495009022,272.88379085535325,274.107177734375,62757100
2022-09-23,271.64077166927524,271.9344023987878,266.2285100882772,269.64422607421875,74815200
2022-09-26,269.1744552304507,273.5394909559408,267.7357511635231,268.52850341796875,71176700
2022-09-27,271.8952277370962,274.24412407915327,266.3165727903529,268.6361389160156,69780100
2022-09-28,268.6165511000599,275.26199573338226,267.1387203397635,273.9798889160156,79652100
2022-09-29,269.9866742182322,270.3683850984595,263.11614718461993,266.0816345214844,81216000
2022-09-30,265.2595161157846,269.33094940147635,261.41319666697257,261.5697937011719,78482400
2022-10-03,263.34129462673053,269.3016301388179,261.8340740784838,267.7063293457031,61267400
2022-10-04,273.0500687714272,276.82790179562363,273.0500687714272,276.12322998046875,66696900
2022-10-05,272.35520431840735,277.76746518524186,269.55611024700687,275.9764404296875,55766300
2022-10-06,274.97814412366046,278.12958912178726,273.48072015712467,273.8037109375,53489400
2022-10-07,269.16457737879426,269.2918143460594,262.0395760224377,263.3706359863281,71354700
2022-10-10,263.5663998737213,263.9579074840265,258.02693157551664,260.7379455566406,60393000
2022-10-11,259.06434824004356,261.93195915010915,255.47247218095,257.1558532714844,66522500
2022-10-12,257.7920148405686,259.7102766400486,256.37290432474623,257.0677795410156,50580200
2022-10-13,249.72744717566468,264.41788206770633,248.8465999207838,263.09661865234375,112894100
2022-10-14,265.42593309253607,266.0229313367237,254.60141229660815,255.18861389160156,77244300
2022-10-17,261.158816772981,264.4864228111585,261.0609398578909,263.6153869628906,64576500
2022-10-18,270.642451152486,271.30796623349556,263.0182981983642,265.6999816894531,69781000
2022-10-19,264.18297380767734,267.85313339964506,262.3625889866223,264.7310485839844,53115400
2022-10-20,263.8404266714654,268.9884468880424,262.21579559893996,263.38043212890625,60605500
2022-10-21,262.27446303992406,270.0943388235766,261.1391569531592,269.5560607910156,77897700
2022-10-24,269.8202988894127,273.4513010818085,266.1795000488656,272.52154541015625,63963600
2022-10-25,273.461203301568,278.5407075933375,271.9833425160097,278.15899658203125,59014500
2022-10-26,272.53144067353634,277.9339362619926,271.5233710770857,272.0127258300781,63492400
2022-10-27,270.89697873140716,272.3552461557025,266.54171002593654,267.0604248046875,57760300
2022-10-28,266.434018748282,275.70239615326176,266.2676250408862,275.23260498046875,62651300
2022-10-31,272.9816369031128,273.8037492086875,270.1139956834749,272.03228759765625,47742000
2022-11-01,275.50665194717493,276.0645233840519,268.8905679057626,269.252685546875,45895900
2022-11-02,269.2232974549257,272.28666184613866,259.9549206918271,260.0234375,79803100
2022-11-03,257.41036703010496,258.8686344680763,254.56231911211876,254.94400024414062,70038900
2022-11-04,259.87664754666133,260.9336403199302,253.5639613842532,259.04473876953125,78313200
2022-11-07,260.0919400929863,262.4310691494784,257.9583614497786,261.89276123046875,47333800
2022-11-08,263.4098223217411,267.04082528231476,259.86686974183834,263.8013000488281,63213800
2022-11-09,262.0591548198439,262.842110142691,257.429850083671,257.71368408203125,64862100
2022-11-10,270.1336102714378,277.02370343281564,268.0195942328869,276.7301025390625,99256700
2022-11-11,276.54407769304146,282.49464653858405,275.2032508265349,281.8291015625,66961800
2022-11-14,279.77380359803294,283.0524854621789,278.3840532301036,279.3627624511719,55290700
2022-11-15,285.98857462764755,287.0162370921338,279.88143946798726,283.2286376953125,73985400
2022-11-16,281.27125737938917,283.3167560672818,278.5406502896147,279.3627624511719,48859800
2022-11-17,274.8998951294449,280.224076540188,274.74329804467715,278.7462158203125,55462100
2022-11-18,281.7605335328866,281.8583805334796,276.3091175212181,278.7558898925781,53588600
2022-11-21,277.3661973666616,278.5210671212513,275.05645785748214,275.88836669921875,40083500
2022-11-22,276.62241305758806,280.0185056820932,274.48880406730166,279.8619384765625,41873400
2022-11-23,279.8815098230456,283.2971958456879,279.7053493109649,282.67083740234375,46390000
2022-11-25,281.0755505959133,281.78022254764727,280.3219551220779,280.8113098144531,15498800
2022-11-28,278.83423237314076,280.85037084364467,275.76110115675283,276.69085693359375,38714200
2022-11-29,276.9159714717935,277.31724581059444,273.2262486996481,274.596435546875,35618900
2022-11-30,274.86067727745944,287.2217787636265,274.0092050859752,287.1141052246094,74718100
2022-12-01,287.437101100991,289.4532396198207,284.6869306980874,287.4664611816406,51547300
2022-12-02,282.39671661409875,287.20218161611086,282.22052628619434,286.3213195800781,53583200
2022-12-05,284.19761464913205,285.4699248069331,280.05766350911045,281.5159606933594,41482100
2022-12-06,281.3593315737775,281.4963353305062,274.2930499549296,275.68280029296875,53937600
2022-12-07,274.4986223556348,276.55391803732823,272.84460110585906,274.5573425292969,45614300
2022-12-08,275.90791188562,278.7755226497414,273.8330531775481,277.8066101074219,42594900
2022-12-09,276.78872099466156,279.5584845017971,275.59469468581307,276.0351257324219,47860500
2022-12-12,276.2113073349363,279.55850588887154,275.1738779884526,279.499755859375,35732500
2022-12-13,290.334067852014,290.55918171240603,279.822740976595,282.50439453125,80667700
2022-12-14,281.91719443928423,285.2056731313244,277.160681704025,280.4100036621094,64984400
2022-12-15,276.31896272447955,276.9845076979305,269.8007855608975,270.99481201171875,60554100
2022-12-16,270.3195057192116,271.8560565360291,266.8059132420267,268.4110107421875,68300400
2022-12-19,268.6808785722557,268.76916971609717,263.40281064072286,264.6389465332031,44167900
2022-12-20,263.47144964439775,266.17916404934465,261.891969534409,264.4328918457031,51064200
2022-12-21,265.47279341612267,269.5735853860759,264.62907275827604,268.268798828125,46394700
2022-12-22,265.2569096929665,265.3844512745815,257.4869627714914,261.70550537109375,60278400
2022-12-23,260.4399551404093,262.9612667355134,258.53671128427175,262.29412841796875,39373600
2022-12-27,261.685883283232,261.793814605663,258.0461876003975,258.58575439453125,38009000
2022-12-28,258.18359119206764,260.4399998928623,254.8087683068014,255.1717529296875,47139000
2022-12-29,257.97752846222875,262.3334034752378,257.2809896473435,261.3916015625,45893600
2022-12-30,258.62501629110807,261.36216073670295,257.32022983602053,261.234619140625,37858300
2023-01-03,263.5597527481159,265.0313315238612,257.16330111437446,259.4687805175781,42335300
2023-01-04,261.5878050240108,262.38245500821034,257.55566441960866,260.704833984375,47754900
2023-01-05,259.0370983373102,259.20386048845717,256.3097737127626,256.6236877441406,45396700
2023-01-06,258.3601609338397,264.825292792396,255.4071835674613,263.7068786621094,54659700
2023-01-09,265.698362985666,270.07387749944996,264.8056318006044,265.41387939453125,45568700
2023-01-10,264.38378077930986,267.76842326727916,263.8736443498317,267.6604919433594,35247800
2023-01-11,268.7298816623899,272.3990079906392,267.94502179315026,272.29107666015625,44077000
2023-01-12,272.8502932331982,274.7927877956512,268.5532788594756,273.7626647949219,60600000
2023-01-13,271.2609656966435,275.89153383124483,270.9274115015277,275.6462707519531,44802900
2023-01-17,275.4500454160634,277.4906509803417,274.28259077576485,276.2054748535156,36269700
2023-01-18,277.7456912937367,279.2957706324418,272.40879453707197,272.61480712890625,47754500
2023-01-19,270.98628717773255,272.12431152107627,268.7004483260857,269.9365539550781,44150400
2023-01-20,271.54547015302177,277.65740672300205,270.48591691995296,277.3238525390625,60613600
2023-01-23,278.1676364893102,284.7112399513532,277.3729863530123,283.48492431640625,52799900
2023-01-24,281.8661537784052,284.0637015046576,281.3461972203422,282.90606689453125,44875100
2023-01-25,278.39326964657994,282.89629723104247,275.8523471502151,282.27825927734375,50872000
2023-01-26,285.7021252851234,287.95853417814794,283.053271419966,287.7819519042969,51596300
2023-01-27,286.4672833773252,292.60868060840096,286.34956188677984,290.6465759277344,56441900
2023-01-30,287.37962205125564,288.8021597580297,284.39724483353893,284.77001953125,49405800
2023-01-31,284.8092950925129,289.1357393931687,284.7013937087767,289.0376281738281,46705100
2023-02-01,288.8316018722076,297.6806825531704,286.76156601785834,295.21826171875,67562200
2023-02-02,301.74226802673496,307.7364833067937,300.9181876739908,305.8136291503906,83070600
2023-02-03,299.1621057418746,306.4709577187037,298.769690790087,300.37860107421875,76170800
2023-02-06,297.75923649741816,300.11375637228986,296.49367046317866,297.83770751953125,40802300
2023-02-07,297.71014499075807,305.13671864637575,296.5917608530074,304.0085144042969,67584000
2023-02-08,302.69390683248184,303.63570872531835,297.91618657756726,298.6029052734375,56720900
2023-02-09,302.98820564004023,303.1353575053804,294.51192886368824,295.9638671875,49137800
2023-02-10,293.80556011389376,295.8559558737562,291.6178026580942,294.0213928222656,50050100
2023-02-13,295.42432680897326,299.3191062033861,294.24705190220095,298.73046875,39636700
2023-02-14,297.15095751576536,301.88942714277795,295.208463105172,300.93780517578125,64079100
2023-02-15,299.12282420101644,303.41001773123855,298.43610559153916,303.2432556152344,43100600
2023-02-16,298.61271491031835,302.5859648965573,297.40600975851845,297.55316162109375,59498600
2023-02-17,295.36541372252225,296.20910430272016,292.45168728691385,295.4537048339844,58230700
2023-02-21,291.6276109184507,293.06975897051757,288.32146951851234,288.45880126953125,46526700
2023-02-22,289.03769778834373,290.74471964651025,287.0167319284105,288.6747131347656,51389200
2023-02-23,292.3241575359496,292.48112949801686,287.00684085103126,291.1959533691406,69294400
2023-02-24,286.2318077691083,287.41887258258424,284.5541869020419,286.3200988769531,74332000
2023-02-27,289.4791690691815,290.87224685655826,287.78193746186145,288.3705749511719,48995000
2023-02-28,287.7427194743524,290.5092950290062,287.409165178588,287.997802734375,48243100
2023-03-01,287.70343010420504,288.36071843177893,284.70141222109334,285.6824645996094,58287000
2023-03-02,283.1905919861252,288.85125360812066,282.90607840448746,288.0467834472656,53565900
2023-03-03,289.79301670471045,294.23718186541674,289.2828504119004,294.001708984375,60511500
2023-03-06,295.2379391313372,298.23995735961194,294.13916513136036,294.3353576660156,56736300
2023-03-07,294.3844034004965,295.3065950596229,290.11681943570414,290.7250671386719,65955800
2023-03-08,291.1468486688334,292.77539890266314,289.29267559168824,292.1769714355469,50876300
2023-03-09,292.6773265199897,295.2771391289466,286.3004864167267,287.1147766113281,71456700
2023-03-10,287.2815134618591,288.7727320236621,281.9347967324263,283.0826110839844,98593600
2023-03-13,281.2971396240923,288.89047492289336,279.786310683679,285.1820983886719,97123600
2023-03-14,288.7335168501078,292.28492159284906,287.8898261938066,291.73553466796875,73602500
2023-03-15,289.1259789091008,293.5995759915821,287.6838305115018,293.2660217285156,83631500
2023-03-16,292.3536046471147,301.35965816858703,291.5589546269461,300.9966735839844,98198100
2023-03-17,300.9083432902864,303.29229304043884,297.6218123089048,299.5740966796875,89923700
2023-03-20,298.95714064586366,300.96156442309575,296.74635531468806,300.6373291015625,56359500
2023-03-21,302.57298738561116,305.3831267141838,301.0598192933136,304.93115234375,49757000
2023-03-22,304.8622393462181,309.7554528538701,300.6175561676005,300.7845764160156,75791900
2023-03-23,304.51842966489943,308.67468596990665,301.65914434252295,304.35137939453125,74576000
2023-03-24,303.92894408666183,305.5698212705116,301.6002550384221,305.4715881347656,57195200
2023-03-27,306.1692220286919,307.25005645212997,302.52389091416995,303.37872314453125,50287400
2023-03-28,302.7989907375691,302.8284666751966,299.45822454941873,301.76727294921875,48585900
2023-03-29,305.4617259902813,307.8886779467395,304.646175138239,307.2696533203125,53274300
2023-03-30,309.74573634032066,310.8069300312133,307.3580955143523,310.1780700683594,58354800
2023-03-31,310.404111618322,315.5724463955545,310.09951690570233,315.33660888671875,62138100
2023-04-03,313.2142372606845,314.8355038670899,311.88779001645594,314.5701904296875,47126800
2023-04-04,315.01230477117457,316.0243518179642,312.290563597787,313.50897216796875,45875400
2023-04-05,312.5559386818872,313.499198740395,308.5961775150166,310.4139404296875,62795700
2023-04-06,308.7630903727051,312.99796883199247,307.3678563947214,312.5066833496094,46916500
2023-04-10,309.5787379688699,312.3790720921431,307.7904510566665,312.3299255371094,45134700
2023-04-11,312.2905510824566,312.34953293369824,309.8144827721986,310.3254089355469,40113600
2023-04-12,312.2807647449235,312.87031342197184,307.1222662957105,307.5840759277344,62813300
2023-04-13,309.3428838075366,314.0788842815735,308.1638163356823,313.6072692871094,54613800
2023-04-14,312.05473924440327,314.7764502848593,310.10923775139554,313.0176696777344,56278300
2023-04-17,312.60495209000663,313.6366696130594,310.5317417100296,313.2829284667969,43007000
2023-04-18,315.395462862383,315.8179911911078,312.1038739261268,313.3025817871094,46746900
2023-04-19,310.89534126848116,314.2164365542462,310.76760222122994,313.1552429199219,38960100
2023-04-20,310.18783432889876,313.70542523513507,309.4803820255731,310.7675476074219,62462100
2023-04-21,310.4040151510289,311.8680363783544,308.62556400010556,311.091796875,59002300
2023-04-24,310.8658272036678,312.20210941105614,308.2718252918835,310.4433288574219,44043100
2023-04-25,308.8123240884824,309.4804653365715,304.489016620201,304.5872497558594,57121600
2023-04-26,307.9770920863072,309.4509487559447,305.91368675167655,306.4344482421875,55400500
2023-04-27,310.1977129113469,315.2677534758937,309.5590176982264,314.76666259765625,65430400
2023-04-28,314.53085989537186,317.02659919853187,313.4009089857231,316.93817138671875,59712600
2023-05-01,316.47632185384504,317.98948974313606,315.493750754301,316.5745849609375,41013400
2023-05-02,316.50580338013646,316.8300686407024,312.07439804746815,313.8135681152344,56519400
2023-05-03,314.17709565364254,316.8496901296234,311.6518808391574,311.7599792480469,59882100
2023-05-04,311.5339574567819,312.68357871530185,309.6277673265198,310.65948486328125,50224500
2023-05-05,312.91947297286674,318.1172833774698,310.6988523113847,317.262451171875,51806100
2023-05-08,316.8006073328287,318.3923678179955,315.71977305719315,318.0484619140625,36465800
2023-05-09,316.3878908866645,317.25255824331975,315.7197497422272,316.0341796875,31768800
2023-05-10,318.4709942009923,320.32806828839847,315.99492540347956,319.4732360839844,60446600
2023-05-11,320.0234848571173,321.0551727292986,318.4710054089305,320.5147705078125,44278500
2023-05-12,321.04523928532205,321.46776760489286,317.31148147563414,319.36505126953125,48432800
2023-05-15,319.83670116748294,321.330198317674,318.31369810053747,321.0943908691406,33375600
2023-05-16,320.37711263038034,323.16761080073854,320.3378013925757,321.45794677734375,40019200
2023-05-17,322.51918892551805,325.9287124831827,321.34012137518226,325.3489990234375,47486100
2023-05-18,325.7420001513761,331.6079515358574,325.72235952182035,331.39178466796875,64213500
2023-05-19,331.6078588319337,332.3153111121863,329.583765082872,330.64495849609375,61554900
2023-05-22,330.389521879848,332.76735706001745,330.37968657373955,331.75531005859375,43015900
2023-05-23,330.0358914741905,331.1854831140824,327.19624599717673,327.5499572753906,48216700
2023-05-24,325.59454074893665,327.107708453683,323.8160896745157,325.8696594238281,62891200
2023-05-25,333.22919419234955,335.0665974450739,330.8022422525077,333.799072265625,66862800
2023-05-26,334.82096116751046,343.1629807974881,334.722698053465,342.3277893066406,63007000
2023-05-30,346.56267972749924,347.76141779152016,342.45553930603324,343.8802795410156,72652200
2023-05-31,342.2983085945595,344.48945306585824,340.4707406387247,341.9249267578125,65105400
2023-06-01,341.6694444870648,347.2012943506697,340.6180862593814,345.8748474121094,50488600
2023-06-02,347.63361965954,349.6282376581261,345.8748390992629,348.46881103515625,53372100
2023-06-05,348.2526679224413,351.26916839727164,347.6827898779061,348.7144775390625,47266200
2023-06-06,348.10528017352283,349.6184480290235,346.7788032216218,348.655517578125,41390400
2023-06-07,348.94053119311474,350.8958383761309,342.1116490429839,342.7405090332031,69225900
2023-06-08,343.03523458791426,347.4568047564389,342.809262414588,346.9949951171875,47153900
2023-06-09,348.4492112149935,351.4264005957321,346.87709138014355,348.32147216796875,53196900
2023-06-12,349.98204800024035,354.305355405067,349.00931208022024,354.20709228515625,44606500
2023-06-13,356.9582784250545,357.76396397203456,353.75508690804236,356.9288024902344,57097800
2023-06-14,356.93862957320954,359.8077506752878,354.1383256374959,359.5227966308594,69525600
2023-06-15,358.2552423852553,365.2904552167826,357.63624776639995,363.8067932128906,71138800
2023-06-16,366.22391921096187,366.35165825781803,361.07525599467357,361.51739501953125,80932000
2023-06-20,360.0651728884419,362.397056132463,358.03830213467023,360.9998779296875,49204700
2023-06-21,359.85850638708854,360.2914331262993,355.1553750173207,356.08026123046875,53378300
2023-06-22,354.8306366924045,360.4389557579823,354.4272263868206,360.28155517578125,47603000
2023-06-23,356.38522040066624,359.01229681038444,355.0175888816136,356.7099304199219,48922900
2023-06-26,356.17866827388485,358.9729945543616,351.8395819991526,351.9281311035156,52685500
2023-06-27,353.47285182722567,358.7073073891835,352.74476147658174,357.97918701171875,49428100
2023-06-28,356.15896549012393,360.62593556717525,356.080235165036,358.67779541015625,46498000
2023-06-29,358.38264216689817,359.0222135298197,356.3164363159426,357.9595642089844,46151000
2023-06-30,361.6394163650322,364.5321406265844,361.32458510548383,363.4793701171875,58712500
2023-07-03,364.11892479463893,364.965080752573,363.0366078498649,364.33538818359375,19432900
2023-07-05,362.77098256416923,366.02775236851033,362.73161739283285,364.3255615234375,34460900
2023-07-06,360.6161373160052,361.99361781521185,358.6581182234109,361.55084228515625,49374700
2023-07-07,361.3245334383602,364.52226973044776,360.1241512291807,360.3504333496094,47133700
2023-07-10,360.0749443133993,361.1474122875821,357.5659631843357,360.468505859375,48498800
2023-07-11,360.89163773710936,362.7020449901475,358.75652041765636,362.24945068359375,38214100
2023-07-12,366.35235412152997,368.17261006456084,364.34515118816057,366.82464599609375,61975400
2023-07-13,370.0027017557936,373.8793447436065,369.4221931900927,373.0528564453125,46960000
2023-07-14,373.48583975813085,376.70324433821355,372.09851025291334,372.9742126464844,55148500
2023-07-17,373.69243480663897,377.33294722080336,373.2103240915252,376.4572448730469,40868900
2023-07-18,375.8176832280745,380.9045575398771,373.8892104448696,379.5368957519531,55262000
2023-07-19,380.59953211345845,381.74088168868525,378.12003716399835,379.4483337402344,54093000
2023-07-20,376.4571954822207,377.9232550597698,369.67800988298177,370.7012939453125,71941700
2023-07-21,373.0823469716512,373.81046734793506,369.1565203199602,369.5894470214844,60499600
2023-07-24,370.5635528672616,371.50810665869074,368.3202188458526,370.1798400878906,40380100
2023-07-25,370.88825382019803,374.351637654843,370.8685562243706,372.6888122558594,38894400
2023-07-26,371.6458619601726,373.14140793425514,369.14669945351966,371.4490661621094,47075700
2023-07-27,376.90979558078055,378.5234068573083,369.2745758075157,370.5635070800781,63940200
2023-07-28,374.6173045040131,378.33651706389406,374.1056774417926,377.3132629394531,56902900
2023-07-31,377.61825646242045,378.69072449832686,376.19156199597427,377.510009765625,44019900
2023-08-01,376.1620160000835,377.3919145719304,374.56807225526126,376.6343078613281,41060600
2023-08-02,373.1611264871784,373.1611264871784,367.12969826236815,368.36944580078125,72687100
2023-08-03,365.95882713700206,369.90435184798616,365.7915476989131,367.7790832519531,47666400
2023-08-04,369.7075205928436,372.0197359751691,365.55538170207865,366.05718994140625,61702800
2023-08-07,367.86762374671235,369.2549530766585,365.53574062735606,369.15655517578125,37230400
2023-08-08,366.64751418973367,366.6671817559794,362.8889371863146,366.0177917480469,44726500
2023-08-09,366.30312983787275,366.4605604453856,361.2359541425021,361.9935607910156,51150900
2023-08-10,365.0044211596802,368.33989085090377,361.13762681764416,362.6626892089844,72035300
2023-08-11,360.1044536348334,362.08214015021474,358.8253711287267,360.3504333496094,48707200
2023-08-14,359.5535144676342,364.5124746558894,358.83527281179767,364.3944091796875,42130800
2023-08-15,363.42028192294197,364.21728388168873,359.8585001971934,360.527587890625,45539900
2023-08-16,359.98636681451353,361.5212777414886,356.6115325344863,356.7099304199219,53190500
2023-08-17,358.1070867092438,358.4514643029439,352.40036954182796,352.8135986328125,62604300
2023-08-18,349.54703769092396,353.63029511668526,349.0058642803443,352.3708801269531,61191400
2023-08-21,353.83692384755506,358.72700217281374,353.3744807454022,358.048095703125,50696500
2023-08-22,360.6554439405942,360.6652927377172,356.8476827797194,357.53643798828125,44530200
2023-08-23,358.71719481869087,364.26651268565723,358.5007314261463,363.1743469238281,51770600
2023-08-24,366.64759261976684,366.74596049885605,355.2046097815919,355.4112243652344,66842500
2023-08-25,356.24751390715073,359.8584793596251,352.813616618734,358.1661376953125,69960500
2023-08-28,361.08837318531505,361.7967959662991,358.39244511479126,360.8620910644531,40910000
2023-08-29,360.66532013496044,369.0975125611246,360.3406401002619,368.7432861328125,58492400
2023-08-30,368.85148159081564,371.380160092977,367.8478652056986,370.79962158203125,41731500
2023-08-31,370.8783961791077,373.6136895466663,370.8095146489998,371.9114990234375,35730700
2023-09-01,374.2827848655316,374.70586283279096,370.0322475419477,371.5179748535156,39801200
2023-09-05,370.7110913465371,373.21025361310325,369.78620523277215,371.9902038574219,32344200
2023-09-06,371.2129688856082,371.5573465500338,366.7066329588486,368.71380615234375,42998700
2023-09-07,364.2565570263097,366.85411697481135,363.2136055391494,366.0768127441406,52060700
2023-09-08,366.0276595371048,368.82198545674055,365.6242492069954,366.5884704589844,35800100
2023-09-11,369.618997042065,371.4195555120843,367.65115913843493,370.9079284667969,39936600
2023-09-12,369.2353273170604,370.8883343036588,366.5098820907688,366.79522705078125,41391000
2023-09-13,367.0312741386667,369.79608390633206,365.899773384144,368.1922912597656,46300700
2023-09-14,369.94364900319135,372.1869828419729,367.8774433826772,371.20306396484375,48039400
2023-09-15,369.86497753312017,370.26838790740453,363.9122498464243,364.84698486328125,69811200
2023-09-18,363.9069995262197,366.3407987118216,363.6212415458056,365.22735595703125,36903500
2023-09-19,363.90701727140873,365.24706980851767,361.4239327569058,364.4489440917969,37621700
2023-09-20,365.5130129480608,365.86772200894995,359.11811616661015,359.19696044921875,45514200
2023-09-21,355.51187159540575,356.30016432410815,352.447468185274,352.6149597167969,69734800
2023-09-22,354.3590373875739,356.4972156395276,352.34892851338105,352.66424560546875,51589700
2023-09-25,351.698551280886,354.4279712684221,350.7132080525282,354.3392639160156,39168000
2023-09-26,351.75762420154206,352.2995809495682,348.0330284804765,349.01837158203125,53657700
2023-09-27,350.17125574053034,351.7478108048631,346.21015700673,349.83624267578125,56066000
2023-09-28,348.91986332461573,354.89107073347196,348.0626195587254,352.7627258300781,56453300
2023-09-29,356.24101262154477,357.6303502343073,351.78724181658674,353.0189208984375,64829600
2023-10-02,353.2850138058325,357.3643196460992,352.67410573890834,355.96514892578125,51625100
2023-10-03,353.52142785074375,355.7187539856784,348.1020403157793,349.718017578125,60478500
2023-10-04,350.5555569297421,355.3246146472607,350.0924443998235,354.47723388671875,54786700
2023-10-05,354.4673681510727,354.87136248860946,349.93481329542783,353.4327697753906,45897400
2023-10-06,350.4373013348461,360.54693213939856,349.6490388068552,359.35467529296875,75049100
2023-10-09,356.98983670606606,361.7293351903447,355.4921258364322,361.1874084472656,45304800
2023-10-10,361.52242014626063,365.8382282460928,361.0199155536051,363.1876525878906,46968800
2023-10-11,364.5178452299844,365.96630085500436,362.7934947273552,365.7790832519531,38215100
2023-10-12,366.2816927049763,368.26221238194034,362.11367952755785,364.508056640625,49587900
2023-10-13,365.13865214466296,365.72000104859404,358.5269773449452,359.9261779785156,52469900
2023-10-16,361.24648974501685,365.04992982373216,361.09869429111416,363.99560546875,44201100
2023-10-17,360.4483905820312,364.498166736826,358.32990873374644,362.8033752441406,50999100
2023-10-18,360.3105585026331,362.5177182443427,356.7140307949024,358.04425048828125,54280500
2023-10-19,359.4631196781683,360.65537676031266,353.89593553906946,354.6940612792969,72274200
2023-10-20,354.1914944866745,354.76301044050285,349.17610069402633,349.4027404785156,72559700
2023-10-23,348.08238082629725,353.99444057612124,345.9737317484537,350.4570617675781,60665200
2023-10-24,352.27005134335946,354.63486897096254,350.57525986402453,353.8663024902344,47082100
2023-10-25,351.47193765909213,351.64929222134697,344.6237902703507,345.20513916015625,71190500
2023-10-26,344.00301231388727,344.9391003796654,337.3322496918458,338.623046875,78621400
2023-10-27,341.35245046408454,343.7271312742948,339.03688784248624,340.2488708496094,63476700
2023-10-30,342.73193313591645,345.4022350230032,341.37218469520366,344.0818786621094,55298500
2023-10-31,344.111469531987,346.10185227707217,341.5397077475539,345.7274169921875,47671900
2023-11-01,346.56495994688544,352.289802333435,346.46641959905463,351.7281494140625,58992700
2023-11-02,356.2410433454478,358.3496624788827,355.0191971430768,358.1131896972656,58162400
2023-11-03,359.40394905155324,363.6113538875242,359.17730927962293,362.320556640625,53280500
2023-11-06,363.08910516190724,364.3602063061445,361.5322761410514,363.7985534667969,38848700
2023-11-07,364.8430199017285,368.1045035244266,363.6408999815297,367.2374267578125,50777400
2023-11-08,367.611839886679,368.3114552322413,365.1879039548286,367.4739074707031,35663400
2023-11-09,368.16361720829923,369.3065887638403,364.1532634993729,364.64593505859375,53859400
2023-11-10,366.3703126733044,372.9918201228677,365.8382189302241,372.8440246582031,58309800
2023-11-13,371.26750810516944,372.735659990496,369.74020795754484,371.68133544921875,40733500
2023-11-14,378.085999934342,380.5986429310435,377.5637692838589,379.6822509765625,67792600
2023-11-15,381.5741623572847,382.066833967817,378.6082696393877,379.9680480957031,54141400
2023-11-16,379.1995271823335,380.5297467047787,377.9382889105267,380.29327392578125,45343500
2023-11-17,379.56407573006413,381.3968298638466,378.65757675359185,380.3819274902344,46571900
2023-11-20,380.39182883076006,385.6732853868932,380.39182883076006,385.0130920410156,44429600
2023-11-21,383.30836938457026,383.5251460922471,381.03222898910747,382.7762756347656,43337000
2023-11-22,384.84549118485205,387.3088491230448,383.3379173294895,384.34295654296875,44121000
2023-11-24,383.9390188541122,384.53023086052497,382.80588004949124,383.80108642578125,15718800
2023-11-27,383.30843642206605,385.41705561071353,382.5891249320893,383.4660949707031,34139700
2023-11-28,382.71715962576826,385.05241822113135,382.362420433784,384.4710693359375,35491100
2023-11-29,386.934473278994,388.36323313049917,383.7518035091755,384.0966796875,38811700
2023-11-30,384.36266043959097,384.82577294425124,380.16511887488576,383.1309814453125,52834400
2023-12-01,382.06676673015824,384.81588225280893,380.41139762695747,384.22467041015625,40490100
2023-12-04,380.4311361273443,380.9336707602358,377.0514163134852,380.65777587890625,51186900
2023-12-05,378.75615766250525,382.80590453543255,378.5787730000309,381.6136474609375,42933000
2023-12-06,384.54995736682497,384.64849772074905,379.0616174897538,379.4064636230469,41994100
2023-12-07,382.3821847930193,385.5352653367791,381.28843808447164,384.70758056640625,49593500
2023-12-08,382.9733871316722,386.865475058335,382.7861695022315,386.4220886230469,46687500
2023-12-11,385.99836504791654,389.9890233551011,385.7914513797825,389.72296142578125,41198000
2023-12-12,389.76237955300553,392.9450491247109,388.629240812153,392.8268127441406,39221200
2023-12-13,393.7629000232505,398.43341782409794,392.9943334222213,397.822509765625,55408100
2023-12-14,399.0443534222716,400.3449837671013,394.47234592801004,397.4776611328125,55447800
2023-12-15,398.25601558992724,400.58144122653687,397.6549706592437,399.3990173339844,62896600
2023-12-18,399.7919899279148,402.8131603407083,399.4661904298243,401.9147033691406,46610000
2023-12-19,402.3689135561145,404.0868258236816,402.18132197168427,403.9683532714844,35711900
2023-12-20,403.16860430932405,405.2616995946524,397.78774528609546,397.9654541015625,54042400
2023-12-21,401.8949646280869,402.96127778271716,399.3378317905533,402.595947265625,45568900
2023-12-22,403.8103398826286,404.76803309196526,401.3223261415251,403.1982116699219,34314000
2023-12-26,404.0571815388857,406.33786841215897,403.95844437499267,405.66650390625,22722500
2023-12-27,405.94898429838435,406.77875835861545,405.0895463807411,406.4922790527344,31980500
2023-12-28,407.6481533362334,407.8951110385572,405.9391951835191,406.2947998046875,27029200
2023-12-29,406.2750297554996,406.6306645016134,402.620043921107,404.53643798828125,42662100
2024-01-02,400.90118445234873,401.1481421130462,395.369326823485,397.69073486328125,58026900
2024-01-03,395.06307891170303,396.1200648735102,393.0479262220972,393.4825439453125,47002800
2024-01-04,391.61560657896115,394.72726726631595,391.2402260881703,391.4575500488281,39432800
2024-01-05,391.6254768256185,394.6976157049845,390.52896911808637,391.92181396484375,44922800
2024-01-08,393.14671066359654,400.30848287458235,392.99854209536767,400.02203369140625,42473800
2024-01-09,397.01902029717724,401.74084959997214,396.82144210862884,400.8122863769531,39132900
2024-01-10,401.1283570842697,404.5363543805492,400.23931562203137,403.5287780761719,33962800
2024-01-11,404.8031476719886,406.1959925651025,399.32066924425925,404.3684997558594,54536200
2024-01-12,405.4057324617296,406.2453946257588,403.1831132814063,404.5759582519531,39595000
2024-01-16,403.34117122141964,406.1169732179159,401.8791708584222,404.53643798828125,43903000
2024-01-17,401.2271639757204,402.6298665315489,398.01671455845167,402.2544860839844,54386000
2024-01-18,405.5242597758291,408.5470193930794,404.1808244553629,407.9642028808594,59562500
2024-01-19,410.167042183222,416.2125609154911,409.58422571941946,416.05450439453125,70325100
2024-01-22,418.2573876461551,419.5613313657799,415.9952469706817,416.59783935546875,44880600
2024-01-23,417.28932824877285,418.543892570073,415.4519775602251,418.3265686035156,33003800
2024-01-24,422.2383417474242,424.6190172669874,420.1540033688027,420.6479187011719,46948000
2024-01-25,423.1471709444893,423.8189187740876,418.82049752764993,421.1616516113281,44367200
2024-01-26,419.2748038944204,421.0232531271362,418.00049403535166,418.6524658203125,37137000
2024-01-29,419.10693966612337,423.13730599084306,418.45496775635394,422.9397277832031,38694700
2024-01-30,421.9025030173065,422.47543156579263,419.21560227550077,420.1243896484375,36739000
2024-01-31,415.72857054302847,417.72397777360334,411.7179801736245,411.8957824707031,64010600
2024-02-01,413.69360908615386,417.23991752552706,412.7255241901297,416.7460021972656,51008600
2024-02-02,418.64262610680913,425.0042580366374,417.6449376290023,423.78924560546875,59602400
2024-02-05,423.8485036455597,424.38191049056013,419.8280256705213,423.2360534667969,39889200
2024-02-06,424.38194285431695,424.98453527196295,420.04538165211596,422.38653564453125,35846100
2024-02-07,425.1722119616388,427.56274535553325,423.8682682124962,426.73297119140625,37712700
2024-02-08,426.85144567240576,428.28381203235085,426.1698703255186,427.523193359375,29889900
2024-02-09,428.65927564991955,432.5216974781875,427.8690231128558,431.7314147949219,36943900
2024-02-12,431.6227409321858,433.7959804927143,429.3606002277538,430.0422058105469,33203300
2024-02-13,422.08027429051936,426.0217088939476,420.15399248569577,423.3348083496094,64491700
2024-02-14,426.01191916084895,428.37281908965224,423.66087704059726,427.94805908203125,45092700
2024-02-15,428.63947359393467,429.68657163381835,426.0809657732135,429.2222900390625,38796100
2024-02-16,429.5976661604037,429.6964251039184,424.6189914716384,425.3302307128906,53716500
2024-02-20,423.33485505593694,424.84623489473955,418.3463218363223,422.1198425292969,53999500
2024-02-21,419.38353535537277,420.51956484161013,416.49908643004204,420.4306335449219,49779000
2024-02-22,429.2025325203063,433.7761932856845,428.43202581368143,432.7389831542969,53887800
2024-02-23,434.299791160708,435.2283544944071,430.4867788660651,431.4647216796875,39853900
2024-02-26,432.27472813436947,433.26255885215994,431.04979754489244,431.23748779296875,33043200
2024-02-27,432.34387462219166,432.6599575342669,429.7359871107177,432.27471923828125,33713200
2024-02-28,430.1311095062372,431.3560400595294,429.0148560047162,429.9730529785156,32938800
2024-02-29,432.89706552748044,434.73441618907316,429.7261072238398,433.6576843261719,42495200
2024-03-01,434.54669033889377,441.1453917460865,434.48742291248533,440.18719482421875,43853000
2024-03-04,440.18719371913676,440.6119838022622,438.36958897271137,438.6165466308594,34325700
2024-03-05,435.5740673406185,435.5839552943135,428.37277316164136,430.7435607910156,57917100
2024-03-06,434.9616361652984,436.61129660971875,431.5733839817126,433.45025634765625,46234500
2024-03-07,437.0360491430509,441.2837088767111,435.4950055955854,440.0291748046875,44526700
2024-03-08,440.38480818808466,443.1803859905229,433.00571154880004,433.67742919921875,72096000
2024-03-11,432.1857650703702,433.3217642038406,430.1409485424055,432.0672302246094,45860000
2024-03-12,434.3787885378619,438.6165603792511,431.14856297446795,438.2609558105469,55300900
2024-03-13,437.26324365300286,437.28301956013377,433.7762025649882,434.8924560546875,37928700
2024-03-14,436.12725598238745,436.6508050498592,431.079455553198,433.7959899902344,52195200
2024-03-15,430.76332575224257,433.52923955852765,427.4738327526326,428.6394958496094,73069800
2024-03-18,433.96405176519625,436.2489556354407,432.4902172279187,432.7276306152344,47323800
2024-03-19,430.71965347253405,434.2113053461235,428.6226579939233,433.8057556152344,43004100
2024-03-20,435.00260289372903,439.28555217441175,433.3012863034724,438.9492492675781,43653500
2024-03-21,444.00377042804644,444.4587649437248,440.82864947457784,441.0264587402344,39345700
2024-03-22,440.5121350002659,442.6288723201985,439.66146154914395,441.53094482421875,28253900
2024-03-25,438.7316504748345,441.4122331500876,437.73264275386543,439.92852783203125,27789200
2024-03-26,441.4517588496184,442.37167905062427,438.27663805083887,438.504150390625,34142000
2024-03-27,441.59029838868184,441.6892181200022,437.1292811248904,439.9977722167969,41359200
2024-03-28,439.94833112698956,440.7990046001888,438.83060154444735,439.18670654296875,36839600
2024-04-01,440.13625746716383,442.6684455730439,438.2074283944994,440.1164855957031,38729000
2024-04-02,435.2993055474477,436.63464625203727,433.27158720103864,436.318115234375,44259700
2024-04-03,434.191550298933,439.17680901553166,434.18167945588436,437.2974548339844,39949800
2024-04-04,441.48144434714544,442.09473456067286,430.38332749747076,430.61083984375,57267700
2024-04-05,432.03520215289296,438.35580126025417,431.22410267243185,435.68511962890625,54744600
2024-04-08,436.6149191708532,437.6930747609312,434.42893509137633,435.813720703125,28144900
2024-04-09,438.1480148779818,438.42497196594405,432.68799077841504,437.42596435546875,39443600
2024-04-10,432.25276709790546,434.46842379603106,431.5405874183567,433.6078796386719,61502200
2024-04-11,435.47738569459614,441.48142324592834,433.20235289872653,440.5318603515625,45474600
2024-04-12,436.30830763057895,437.43590803860127,432.1341485615993,433.509033203125,53665000
2024-04-15,437.2578870537963,437.3469057588725,425.5366079083992,426.37738037109375,63453600
2024-04-16,426.21909169442733,429.04803897510334,425.0321455051185,426.41693115234375,47619000
2024-04-17,428.3951317097374,428.41490357772176,420.284198299561,421.2139892578125,56880500
2024-04-18,421.85695293006614,423.5879423660009,418.23670854458396,418.8104248046875,46549400
2024-04-19,417.63337275699286,418.1576140935352,408.58277638390166,410.1455993652344,75231000
2024-04-22,412.77671832487005,416.6046733073807,409.44333179355846,414.27032470703125,47807700
2024-04-23,416.19914658596974,421.64930087931447,414.3197924046294,420.45245361328125,44384700
2024-04-24,423.5484137206893,425.06179190259485,419.5918662975575,421.87677001953125,48440300
2024-04-25,414.6857171994804,420.6996860627022,413.59769082942586,419.8391418457031,57392200
2024-04-26,422.9747056964863,427.85114324602824,422.28232799555997,426.3179931640625,41874900
2024-04-29,428.42485755345405,429.04801861164475,425.30908244856215,428.0489807128906,30022200
2024-04-30,426.4663972204679,427.86108396605516,419.8985434573329,419.9776611328125,43665900
2024-05-01,418.5532463597159,425.4673333739,416.0903052961823,416.9409484863281,52251700
2024-05-02,420.67988722114075,423.1626303564194,416.0606350688799,422.26251220703125,36559000
2024-05-03,429.7206178316715,431.73846546858186,427.92038151036974,430.74932861328125,48515300
2024-05-06,432.54950268048754,435.5564869497689,431.7779771979943,435.46746826171875,30227200
2024-05-07,435.9126199952162,437.1688129223332,434.80476137168813,435.5367431640625,30996100
2024-05-08,432.9155500947103,436.684159179944,432.7968283132177,435.2795715332031,24896700
2024-05-09,435.54661913008255,436.8028422580396,433.69693803654405,436.2291259765625,24580100
2024-05-10,437.73267013361465,439.48343165144723,435.7148223227463,437.25787353515625,27116600
2024-05-13,439.16684175047317,439.265761468491,436.85226524194286,438.2667236328125,22994200
2024-05-14,437.84144756940225,441.61995781366716,437.6535091414476,441.0858154296875,34478300
2024-05-15,443.5586291074348,448.2273562332633,442.0452509387902,447.9800720214844,41464700
2024-05-16,447.7921189150022,449.75062067502097,446.9019018190155,447.070068359375,34780400
2024-05-17,447.1986823210974,447.80207154432486,444.65662335588394,446.8525085449219,35803700
2024-05-20,447.07009790490423,450.6309665241783,446.88215948281277,449.96826171875,24474200
2024-05-21,448.11857455171366,451.03651019690585,447.92073510394465,450.84857177734375,23167700
2024-05-22,451.10572540067176,451.85747902622364,448.15808687748205,450.759521484375,25120000
2024-05-23,455.546948488236,455.5766213852706,446.9414763015437,448.7318115234375,40899200
2024-05-24,450.34414249793184,454.24134425420493,448.6428258419646,452.9752502441406,29669500
2024-05-28,454.19186344679855,454.7457776824367,451.7289222852623,454.6864318847656,26216800
2024-05-29,450.5320959428548,453.26209332010234,450.3936022845126,451.4816589355469,29739200
2024-05-30,450.55187839736584,450.69037205896115,445.31933550680014,446.644775390625,30536800
2024-05-31,446.8722875838762,447.5646955194597,438.24701222029506,445.81390380859375,55941300
2024-06-03,449.6319706436315,450.6309783922545,443.0344141981781,448.2076110839844,32997500
2024-06-04,447.9504072512339,450.63095970345694,446.22931876556424,449.4341125488281,23767400
2024-06-05,453.004931151471,458.5737465768754,449.47370515181433,458.49462890625,33817400
2024-06-06,459.1770760089335,459.4936070223535,457.16912955826757,458.3363037109375,21966800
2024-06-07,457.9703600587807,460.6805853594163,456.82295769418954,457.9307861328125,25829700
2024-06-10,456.8032358696626,460.13662257873057,456.5163777005726,459.780517578125,20660800
2024-06-11,458.5045379527608,463.0545738378896,457.0109315387959,462.93585205078125,22053300
2024-06-12,466.862728194943,471.3237453921932,466.17035045815595,468.999267578125,34532600
2024-06-13,472.530457651749,473.1931926237643,469.26631811797995,471.54132080078125,25859000
2024-06-14,471.3434883571342,474.05374389556346,470.87859282283176,473.9844970703125,23372600
2024-06-17,474.25156830496593,481.5711753074278,472.94593054199913,479.7907409667969,37054500
2024-06-18,479.7413386638952,480.62165488362524,478.1784853236935,479.93914794921875,24438600
2024-06-20,481.13598584006996,481.55140643530837,474.4098367852232,476.23974609375,33918700
2024-06-21,475.9627524549559,477.29809320933606,473.47013851655726,474.9637145996094,37456800
2024-06-24,473.73725096126896,475.47099181592733,469.41777397286,469.55645751953125,37751000
2024-06-25,471.64687235329933,475.2233175695722,470.70568664689,474.9261169433594,29014700
2024-06-26,474.10379318229053,476.45179897488026,473.6877123216575,475.9068908691406,22737100
2024-06-27,475.65922915173917,478.611553035427,474.84684046619515,477.1353759765625,26222100
2024-06-28,477.92798859650065,482.6734937308387,474.0146754920727,474.65863037109375,34881600
2024-07-01,475.579936686659,478.00715549345256,471.8350580346009,477.4424743652344,24898300
2024-07-02,475.9465095327891,482.5149149741949,475.81771252663776,482.4554748535156,26723600
2024-07-03,481.7025280801993,486.6065496921619,481.7025280801993,486.4777526855469,18064900
2024-07-05,487.31988469515403,491.9861158127836,487.02265384242645,491.5502014160156,28495900
2024-07-08,491.9167358967407,493.27400238194434,490.89630684162825,492.7192077636719,22109400
2024-07-09,494.2350497416093,495.35455587533437,491.6294799402582,493.145263671875,25614500
2024-07-10,495.0672133936126,498.84181247432565,493.7595004189231,498.2870178222656,28046900
2024-07-11,498.3960104304496,498.6040508659988,486.1706643474196,487.3594970703125,49966600
2024-07-12,487.934120777822,494.97804756604864,487.4684863179307,490.22265625,37109400
2024-07-15,491.99600089511654,496.3551448499589,489.49942500337625,491.540283203125,31151400
2024-07-16,492.99662197224063,493.80901063185854,488.56815140505716,491.728515625,25950600
2024-07-17,483.74340981561966,484.2585676332021,477.224557622275,477.29388427734375,56268800
2024-07-18,481.0189557238677,481.19727609369016,471.8449804007106,475.0350646972656,49347400
2024-07-19,474.69823041742177,477.2146398442787,469.53664478511604,470.8245544433594,42042900
2024-07-22,476.6895495582666,478.85920470287533,473.2715913896256,477.8387756347656,40300000
2024-07-23,476.9372401363334,479.92917053758373,475.67905054621997,476.1545715332031,23282500
2024-07-24,469.4177730491382,469.7843305630981,458.2128560235188,459.07476806640625,58818600
2024-07-25,459.4116141087208,463.5924076204099,451.39678130888416,454.0122375488281,59256800
2024-07-26,458.35148395019394,461.60100805627644,455.4982373723581,458.66851806640625,39992100
2024-07-29,461.3830856787975,463.56265759959666,457.3310894463461,459.58990478515625,28218500
2024-07-30,461.5218203822993,462.2252153474391,449.93051231846664,453.27911376953125,41317200
2024-07-31,463.52301742956,468.3973190381643,462.07659074748636,466.69329833984375,44552100
2024-08-01,467.37689795882113,471.1316633842162,451.74351079884156,455.3893127441406,56653900
2024-08-02,446.7008510299297,449.35594422368536,440.3404851566056,444.5807189941406,66323200
2024-08-05,420.76407943689776,438.1807634238941,419.5158064527899,431.3250427246094,87483500
2024-08-06,433.1677010049891,442.91627380301435,430.5224947083419,435.4463195800781,63164400
2024-08-07,442.34170285143637,444.82839240368696,430.33431322132714,430.7305908203125,54929200
2024-08-08,436.9621628383831,444.8184789180148,433.0884865440954,443.90704345703125,47890100
2024-08-09,442.5893651317929,447.8599446984154,441.46985903291545,446.22528076171875,33574000
2024-08-12,447.19616554453364,450.1484591172227,444.3825252809175,447.1862487792969,27795000
2024-08-13,451.5849630344436,458.5496457773467,451.44624926843295,458.2821350097656,40084500
2024-08-14,459.2035379429091,460.7886481545662,454.1409992347584,458.4307861328125,34733700
2024-08-15,464.4047599523792,470.408454066384,464.0282856953889,470.0121765136719,38280600
2024-08-16,468.2289340511398,471.9837300381218,467.2679450064729,470.6165466308594,38383600
2024-08-19,470.75522206656456,476.838159775864,468.9719276760101,476.79852294921875,23737700
2024-08-20,475.887072779306,478.4530054535782,474.1037784441942,475.79791259765625,29209300
2024-08-21,476.58058013398335,479.86974146186225,474.86667281387304,478.0171203613281,25658800
2024-08-22,480.33534455218785,481.0288529409239,469.40782556843743,470.43817138671875,37739600
2024-08-23,474.7873956850109,478.25487736174836,470.8641963105765,475.54034423828125,36061500
2024-08-26,474.9954750129997,475.91682719058724,468.8431499287544,470.92364501953125,27452600
2024-08-27,469.28896037364865,473.400396779738,467.32734562030106,472.3304443359375,27510000
2024-08-28,471.8648389451947,472.588037228048,463.54288867121295,466.9707336425781,37372400
2024-08-29,468.88282353592905,473.48961501926226,465.00914714593944,466.28717041015625,41081500
2024-08-30,470.62641796700854,472.4691222187162,466.13850734780476,471.844970703125,33466500
2024-09-03,468.8035388395337,468.9323056206166,455.1416524496019,457.51934814453125,44985200
2024-09-04,454.40852713775496,460.1348241601613,453.477258224592,456.3304748535156,32505100
2024-09-05,454.70572529323357,461.0363402813741,453.6852962003829,456.7565002441406,34452400
2024-09-06,456.05304639419114,456.9347918889345,444.0258552322997,444.5212097167969,50624400
2024-09-09,448.8506232910241,451.2283188768992,445.64073576179464,450.23760986328125,32981200
2024-09-10,452.0010913798349,454.90389190042566,448.02836861259885,454.39862060546875,29680300
2024-09-11,455.6369852193334,465.00908400490187,447.0871616105351,464.26605224609375,57843000
2024-09-12,464.29578616525714,469.635722410282,462.51252198450715,468.8233337402344,40067800
2024-09-13,468.0902315957997,472.1025912298367,467.86235762577684,470.92364501953125,29111800
2024-09-16,468.79361628971213,469.4573744200276,465.524288528779,468.8431396484375,22585600
2024-09-17,471.8648545022235,473.1626810286975,466.5942747357859,469.0908508300781,30084400
2024-09-18,470.2895966560615,474.38119962315574,466.4555272479723,467.05987548828125,39909200
2024-09-19,478.12607832269657,481.7124704668982,476.0257799819862,478.8691101074219,52782500
2024-09-20,478.0071954775703,479.19605842028795,473.8561221774012,477.9576721191406,34577700
2024-09-23,479.1352933813507,480.3158962480575,477.7959506872309,479.2245788574219,24843000
2024-09-24,480.6333475885268,482.4885720219182,476.3772551624619,481.5361633300781,25952600
2024-09-25,480.91114919551086,483.93707616737726,480.732578237264,481.9826354980469,26549900
2024-09-26,489.47300978582507,489.80042016717226,481.96279573601043,485.60382080078125,32020200
2024-09-27,486.6256530479584,486.76456175281504,481.72467055232573,482.9052734375,22851100
2024-09-30,481.942923506745,484.55215452746376,479.10552858521237,484.21484375,30281100
2024-10-01,483.8477701398877,484.14538839099305,473.62910955506385,477.4685363769531,42735400
2024-10-02,476.56569049834064,480.0579058985266,473.9465592247254,478.1431579589844,23744000
2024-10-03,475.9506174766113,480.722621801194,475.2065415805555,477.7860107421875,25337200
2024-10-04,483.59977268614915,484.02636896280734,478.57974271825753,483.4707946777344,30686600
2024-10-07,481.55604432247213,482.72671654095666,477.0717272577596,478.2920227050781,24975100
2024-10-08,480.8317856664436,486.11967189958807,480.02818609243036,485.43511962890625,28272000
2024-10-09,485.1375160516646,489.83016591016013,484.0958218394654,489.2547302246094,24995000
2024-10-10,486.972911204982,490.5643129343177,485.663330270901,488.69915771484375,25750400
2024-10-11,486.86371250603634,490.4849059533432,486.2982378562307,489.4630126953125,20644500
2024-10-14,491.85402746733337,494.8898548804224,491.34807641617016,493.57037353515625,26060100
2024-10-15,493.89777863008004,494.5624998251386,484.82005775780306,486.9729309082031,34784500
2024-10-16,487.3002966300499,487.8062779684171,483.7188255626652,487.0324401855469,22996800
2024-10-17,492.51875901205545,492.56835196515686,487.3102273222296,487.3697509765625,27210700
2024-10-18,490.1575049039297,491.65558736912976,489.4034983212025,490.56427001953125,25335000
2024-10-21,489.3539020420387,492.31037442782247,487.42922335035456,491.50677490234375,30336500
2024-10-22,488.83807375200354,493.5207929965994,488.08406709201313,492.04254150390625,26685800
2024-10-23,489.69123319300365,490.3460236255654,481.2186803721017,484.5025329589844,39346600
2024-10-24,488.2229723702212,489.10595708918146,485.57407876640025,488.43133544921875,22024900
2024-10-25,491.22905232334307,496.3284372626755,490.5246386010865,491.4076232910156,38762100
2024-10-28,494.52276578852906,494.58228943962433,491.189320221086,491.4869384765625,20477800
2024-10-29,491.8044187402905,497.38995346166206,489.94919430030234,496.2093505859375,28014100
2024-10-30,495.4454629981242,496.39787173074626,491.9731085864843,492.459228515625,29756000
2024-10-31,488.4908207354854,488.5404136876197,479.92898206139125,480.0281982421875,41245200
2024-11-01,481.66511651625655,486.8736476423335,481.36749827680495,483.5798645019531,33655800
2024-11-04,482.9747727442374,485.5145497059188,480.4250650808486,482.1711730957031,23291600
2024-11-05,483.7584717889176,488.986864708101,483.66918631037436,488.3221435546875,24353600
2024-11-06,496.6062103649232,502.4100088623021,495.6538016210877,501.5865478515625,43082200
2024-11-07,504.3842278003702,510.26741073728783,504.3247041524069,509.4836120605469,32853100
2024-11-08,508.9876317248382,510.8527870225075,508.36260305843524,510.0789794921875,22924500
2024-11-11,511.2992862201701,511.50764931023565,506.88445322044754,509.7814025878906,24167500
2024-11-12,509.7118651333431,510.5947892022127,505.80295361288677,508.8586120605469,25835300
2024-11-13,508.35272735480186,510.91230509556345,505.9220670734697,508.2038879394531,24567400
2024-11-14,507.8665643683169,508.739588052962,503.75925058094214,504.6719970703125,28679500
2024-11-15,498.9673849410941,499.35428866917067,490.58411760662926,492.647705078125,51461100
2024-11-18,494.1954094353085,498.17374520817333,492.80647371552027,496.0704650878906,27080800
2024-11-19,493.49100674201975,499.96942655752554,493.1536656807539,499.4832763671875,24523000
2024-11-20,499.18562594048456,499.5031055797306,492.6377521945281,499.195556640625,29565500
2024-11-21,502.2412988893756,502.9556129602977,493.62986778963904,500.99127197265625,34526700
2024-11-22,500.43574794672105,502.52906714393225,498.8086872921343,501.794921875,23826600
2024-11-25,505.8724454009976,507.4102205776175,500.27700982842947,502.5885925292969,26375200
2024-11-26,504.0667529918503,506.11050927210346,503.22349121211295,505.28704833984375,26557100
2024-11-27,504.15607164871835,504.2254957213914,497.9653396767726,501.3087158203125,24957400
2024-11-29,501.9337807222535,506.3089508903919,501.31868278834094,505.71368408203125,15334000
2024-12-02,506.97362609834516,512.18215721545,506.58669211119974,511.21978759765625,25147200
2024-12-03,509.89037421333506,513.0651098548883,509.3149386184986,512.7872924804688,18597900
2024-12-04,516.2101120920232,519.3848480945504,515.4957677287545,519.1268920898438,26086200
2024-12-05,519.1764451670765,519.9006596223231,517.3013594796879,517.6882934570312,18169600
2024-12-06,518.3530669746475,522.5595667910787,518.2240889616199,522.3214721679688,23762600
2024-12-09,521.3987891581372,522.1924580312864,517.102973878682,518.2538452148438,20674400
2024-12-10,519.4840803564292,521.2301883413037,515.0592867380795,516.4879150390625,24350000
2024-12-11,520.8531319621538,526.4188051823884,520.4463971119644,525.7342529296875,32168600
2024-12-12,523.511980803434,524.7818994700399,521.8651193703002,522.34130859375,23577500
2024-12-13,526.2700231888497,528.958578680959,523.1349494940644,526.3394775390625,28780400
2024-12-16,528.8693063591745,534.8913677012594,528.7899213110657,533.9190673828125,31979900
2024-12-17,532.1234454065931,533.2345940322791,529.9110788568347,531.56787109375,28579100
2024-12-18,530.9231340303899,532.6394502228178,510.9421955855603,512.390625,54703200
2024-12-19,517.0732431157651,517.6387480839205,509.7713925868022,510.1086730957031,46441800
2024-12-20,506.4082488880885,520.6746720854811,505.26733831570937,514.5632934570312,60530000
2024-12-23,516.2773215508976,519.9540272324169,512.8788812504641,519.576416015625,29672800
2024-12-24,521.5241954175411,526.7112863468017,520.8882121206394,526.6218872070312,17558200
2024-12-26,524.9921323134935,527.8937223215758,522.994783551006,526.2640380859375,19090500
2024-12-27,522.6967134646023,523.1339443647176,514.598025422934,519.2684326171875,33839600
2024-12-30,512.2627757493814,516.088500066774,508.60593328242436,512.3621215820312,34584000
2024-12-31,513.6440326986794,514.3991944555486,507.045843996584,508.0097351074219,29117000
2025-01-02,511.06042287109295,513.3857099460889,502.52453474139946,507.0160827636719,36389800
2025-01-03,510.11637914045036,516.3767439002675,509.3015977009679,515.3134765625,29059500
2025-01-06,520.719278575862,524.5946765405293,518.7418230577623,521.2359619140625,36109700
2025-01-07,522.2793368947259,522.67678090554,510.0468799728483,511.93487548828125,36690300
2025-01-08,511.83554740418106,513.6639233488847,507.35394602071244,512.0243530273438,30777800
2025-01-10,508.25819448854884,508.3575403275065,500.7458174123479,503.9952087402344,40532500
2025-01-13,498.04296636403393,502.83258226211484,496.5524148250259,502.37548828125,31694200
2025-01-14,505.5354479124467,506.94651670595886,498.4304916746537,501.89849853515625,33737200
2025-01-15,509.79844685715614,514.5880322454942,508.2382987029594,513.4453125,34957600
2025-01-16,515.710913384707,515.790426445023,509.7189280346691,509.8481140136719,28229000
2025-01-17,519.5565458046289,520.768892568159,509.8779077274795,518.4535522460938,51837900
2025-01-21,521.1763321012501,522.6569370321079,516.784190233401,521.4943237304688,23628000
2025-01-22,526.2342050879784,530.457434010863,525.9261602278661,528.1619873046875,33593000
2025-01-23,525.7076733850777,529.4042734744369,525.121423627678,529.2850341796875,23096600
2025-01-24,529.6625453438141,530.427653898665,524.8232261530454,526.2938842773438,19878300
2025-01-27,507.78126694027895,514.727227991377,506.93661493215734,510.9710693359375,60771700
2025-01-28,511.9745555822676,519.7055778022501,508.55625233887065,518.5230712890625,33194200
2025-01-29,519.1690539120722,519.2982398960235,513.6440786970315,517.54931640625,26649000
2025-01-30,520.4111255886488,522.7860246698378,514.9457705817763,519.7552490234375,27431300
2025-01-31,523.6009014071057,528.1719622881295,517.9070142215932,519.0000610351562,38755200
2025-02-03,510.2357086154253,517.5692280728744,507.8309687758005,514.8464965820312,40580800
2025-02-04,515.3631410761267,521.8023039804046,514.9656364261884,521.1663208007812,26046800
2025-02-05,518.533087344952,523.6903982021383,517.3406339590531,523.5313720703125,21134100
2025-02-06,524.0381574961376,526.4727371352427,522.4283666892038,526.2640380859375,19434500
2025-02-07,526.8006512350846,528.748266336267,518.9007163268166,519.6260986328125,29605500
2025-02-10,523.8990176021349,527.0192533310259,523.432007239571,525.916259765625,20852800
2025-02-11,522.6470030660466,526.5820202342347,522.5178170831823,524.6641845703125,19325500
2025-02-12,519.0100229717194,525.8566374548477,518.6622518801204,524.9722290039062,25009400
2025-02-13,526.6416602099531,532.8423450241579,525.856658218969,532.5244140625,28714800
2025-02-14,532.6336582725096,535.4458489556581,532.2957732617084,534.7601928710938,17862600
2025-02-18,536.3301909280925,536.5985095911096,532.6634320198589,535.9724731445312,20565000
2025-02-19,535.1775539526902,537.4034344848549,533.0808594023651,536.12158203125,19666900
2025-02-20,535.3365599110106,535.7042244561445,529.1060954227281,533.8460083007812,26550800
2025-02-21,534.9887454346671,535.0086388627485,522.3985708362279,522.7662353515625,47093800
2025-02-24,524.5548916727963,525.7373982954535,516.2575125365582,516.5953369140625,39268400
2025-02-25,515.9693018739836,516.048814936847,506.2310441222468,510.08660888671875,48940000
2025-02-26,512.2827387092531,516.3866683055141,508.14890831803217,511.3188171386719,34457600
2025-02-27,514.8662895456173,515.8003708854543,496.90015898717843,497.1187744140625,52448000
2025-02-28,496.9796905709141,505.5751982352111,493.7998352114138,504.96905517578125,47654000
2025-03-03,508.29792199196845,509.80833658708485,490.4709237175102,493.9190673828125,44587200
2025-03-04,491.0671622880661,500.5669416036149,484.6677252997208,492.42852783203125,67875400
2025-03-05,493.0744692441924,500.45766070927147,488.1655836699512,498.8478698730469,46323700
2025-03-06,490.58025627763743,495.43943846939203,483.1374453830968,485.1248474121094,57574300
2025-03-07,484.0913896771833,490.172835031535,477.5031471015196,488.6922302246094,54714700
2025-03-10,480.4047960555825,480.9215096966139,465.7079486891979,469.7523193359375,76668000
2025-03-11,469.37467027626616,475.7939702022416,464.0683106107926,468.62939453125,68760800
2025-03-12,476.1417740872487,478.0297999193566,468.8182025802525,473.9158935546875,46971100
2025-03-13,473.25013268441506,473.27994250338116,463.4919809381716,465.38995361328125,46563300
2025-03-14,470.745971366685,477.5329356476442,470.1397980058928,476.63861083984375,43563000
2025-03-17,476.5889052181335,482.77967314656735,474.7903088976975,479.72900390625,41744400
2025-03-18,476.3902225670012,476.5889445811857,469.4343152382102,471.5509033203125,39072300
2025-03-19,473.8065534525706,482.27287473503395,471.87877115950045,477.8608703613281,40430300
2025-03-20,473.87616704158864,481.4978372007988,473.18056416842603,476.2411804199219,36780500
2025-03-21,471.0937592442753,478.5763266010879,469.93114605028205,477.8111877441406,42234900
2025-03-24,485.39053064456095,489.1423898676164,482.0666231789857,488.2964782714844,34567200
2025-03-25,489.022941249908,491.2421796862816,488.05761261924056,491.08294677734375,26035200
2025-03-26,489.92852335581483,490.7843964317407,480.49420901971564,482.04669189453125,34627100
2025-03-27,480.08616022723464,484.23605568618603,477.9365616361051,479.2999572753906,33469800
2025-03-28,477.4986938052008,478.20526514414263,465.79533345257164,466.6810607910156,46363800
2025-03-31,459.6949133234896,467.5966378628316,455.1269969393962,466.66119384765625,53000300
2025-04-01,465.0489314542302,471.34845587241415,462.1828303710836,470.4229431152344,41156200
2025-04-02,463.87464014945493,477.24990051464846,463.6158828815237,473.8563232421875,49894500
2025-04-03,454.2412299532692,457.85374829935085,447.9715905954961,448.48907470703125,70456300
2025-04-04,436.0294213013578,438.2486595831719,420.6339416503906,420.6339416503906,117088400
2025-04-07,406.69142055496206,441.0053356019918,400.4516351196774,421.6490173339844,161557000
2025-04-08,436.0493338288811,441.0053554988176,407.81600041600757,414.0557861328125,101248100
2025-04-09,413.56815354318593,465.5763897991723,413.4288133631856,463.7552185058594,142876900
2025-04-10,451.3751553721857,453.3953754518723,430.5459844866977,444.03070068359375,108384100
2025-04-11,442.5080869674275,453.5944394661005,439.2040723268698,452.21112060546875,52483800
2025-04-14,462.2226327115798,462.80978696729005,450.4496325846052,455.2762756347656,43941200
2025-04-15,456.33118230210107,460.15268105084914,453.9526805576148,455.7838134765625,35404200
2025-04-16,446.8669566467618,450.43965945558847,435.6512567922465,442.0403137207031,48980600
2025-04-17,445.0159426129849,445.59313532137156,439.2339021288606,441.9607238769531,44837000
2025-04-21,436.1189822025886,436.9648633110088,425.86858083880827,431.02362060546875,44149300
2025-04-22,436.7061890853483,445.42397106891866,435.5119573980011,442.33892822265625,52304400
2025-04-23,455.9629260663685,461.1478200555359,450.698400444071,452.37030029296875,55801100
2025-04-24,454.281061526893,465.407198090119,453.63416840182344,465.09869384765625,45956100
2025-04-25,464.72053142933055,470.8110455432342,463.1481559071448,470.2835998535156,38697100
2025-04-28,470.7513468926074,472.5227711679886,463.785066874951,470.13433837890625,33550800
2025-04-29,467.9051531308386,474.1250461983433,467.32793004665405,473.23931884765625,30613100
2025-04-30,464.87977453427817,474.90127322951986,460.2024029412006,473.1795959472656,46810600
2025-05-01,481.08135748377987,484.83318599096134,478.4242058431775,479.35968017578125,43316500
2025-05-02,484.19630323903306,488.54524771174533,482.49451859013254,486.4752502441406,39218100
2025-05-05,482.26562303187217,486.6742758401759,481.768031598775,483.5892028808594,28309500
2025-05-06,477.2499089792982,482.71345338039805,475.88651326591844,479.09100341796875,32786300
2025-05-07,479.75773849221946,483.4598199362607,474.4832814966688,480.97186279296875,38006300
2025-05-08,486.1767003880921,490.32662643958486,481.8377175267332,485.9378662109375,39577600
2025-05-09,487.8485846688506,489.172194889319,483.8579220246552,485.619384765625,27767400
2025-05-12,504.5477524292731,505.44344130675324,499.0643154796623,505.40362548828125,45090600
2025-05-13,506.707335072133,514.8977013705513,505.97090943590337,513.1063842773438,53269600
2025-05-14,514.2806849131285,516.7287959644325,513.2655789214306,516.1814575195312,47014500
2025-05-15,514.0319491096225,519.4158624817272,512.6884155979109,516.748779296875,50153300
2025-05-16,518.1518608917828,519.1868899000237,514.6090124784221,518.997802734375,48394600
2025-05-19,511.7628921130437,520.0129979914711,511.7628921130437,519.4954833984375,52536200
2025-05-20,516.96766002425,518.4206490040874,514.171198352801,517.7638549804688,42517600
2025-05-21,513.7831162356644,520.4806779894516,508.77731688816084,510.5686340332031,71292800
2025-05-22,511.18562841742636,515.2161678084017,509.8321942334835,511.5240173339844,55607200
2025-05-23,503.74166904926017,509.37440786318274,503.14455323986806,506.78692626953125,58368100
2025-05-27,513.6636439652767,519.1968580915909,512.1111611741854,518.7091674804688,47226300
2025-05-28,519.6646069225357,521.1573812940497,515.8928855439889,516.4103393554688,46637200
2025-05-29,523.7946714004786,523.9439124018006,514.8280630915039,517.4254760742188,58513300
2025-05-30,516.937802360934,518.1718194248762,509.46396914496165,516.609375,67662800
2025-06-02,514.7483630828904,520.9284703937832,513.4844614373544,520.6896362304688,44762800
2025-06-03,521.0379136751978,526.192953382638,520.172109482974,524.7598876953125,44070300
2025-06-04,525.4664906934179,527.2876922621837,523.4362788655679,526.2228393554688,41359300
2025-06-05,527.6260744548405,530.4822445825432,520.1422794419956,522.2620239257812,61031200
2025-06-06,527.4469412104685,529.2382582965394,525.6655856720602,527.3673095703125,42467000
2025-06-09,527.5863156876297,529.7856311828058,526.4617540692666,528.1436157226562,33688700
2025-06-10,528.6112629449328,532.3233363181573,526.342277608641,531.6366577148438,40664800
2025-06-11,533.039834702878,534.1942808270467,527.5563674659288,529.8452758789062,53701000
2025-06-12,528.5316670205602,532.0645538594068,528.282871317245,531.0892333984375,34104900
2025-06-13,525.1380723113464,529.3078908293887,523.1974536303323,524.4215698242188,55814400
2025-06-16,527.9445262501218,532.7910620936354,527.8947792535579,531.7162475585938,37622100
2025-06-17,529.1486465500997,530.7608377600702,525.3669034737391,526.5313110351562,42180900
2025-06-18,527.5464108599048,529.9846210200801,524.8594657253662,526.4417724609375,43983500
2025-06-20,529.6960723110417,530.989797962704,522.3516174800588,524.292236328125,61643500
2025-06-23,524.8611059770333,530.2012624901581,521.7128229011945,529.6832275390625,50666100
2025-06-24,534.9038188952696,538.6997215726698,534.2861174166954,537.7831420898438,45442000
2025-06-25,540.0546537700266,541.3000294115662,537.3845756916884,539.157958984375,44804200
2025-06-26,541.3398412384469,544.6475661276676,539.5166551436107,544.19921875,43811400
2025-06-27,545.2354924154549,547.95537367592,542.5255230814219,546.0624389648438,57577100
2025-06-30,549.2206440950201,550.7549250315776,546.9789678853869,549.5992431640625,45548700
2025-07-01,547.6963457952282,548.6727617985166,542.6450941202479,544.9664916992188,56166700
2025-07-02,544.139419448452,548.9615403155057,544.0995893223733,548.7622680664062,36538300
2025-07-03,551.1335605372531,555.1387084222483,551.1335605372531,554.1622924804688,26443500
2025-07-07,551.4723321808171,552.2893059767699,547.5469053516296,549.9878540039062,45349300
2025-07-08,551.3328226115977,551.9604968449189,549.0612280892235,550.2966918945312,36153300
2025-07-09,552.4287282148103,555.5670993773455,551.0538285444961,554.1921997070312,43045500
2025-07-10,554.8298779906593,555.2383344969288,550.7051787469096,553.3952026367188,34710900
2025-07-11,551.2530854493318,553.733864104168,550.0077097543851,552.1497802734375,39618600
2025-07-14,551.9405857278426,554.8896575344722,549.5893307950605,554.1524047851562,36453300
2025-07-15,558.177370440617,558.7253235687808,554.6006247913591,554.660400390625,43277700
2025-07-16,555.2184205935204,558.1375740177878,549.519549612121,555.2283325195312,52314700
2025-07-17,555.9556949409956,560.2298027364059,555.1486938660757,559.7216796875,40423800
2025-07-18,561.0367592084838,562.6407884950407,557.9083608963978,559.1836547851562,50484700
2025-07-21,560.0106243017523,563.9659084478778,559.9807060956166,562.0828857421875,39595200
2025-07-22,562.2123493250268,562.262152187211,556.5433971551718,559.1736450195312,43270600
2025-07-23,560.2597104593184,561.7640732969975,557.5099110527195,561.7242431640625,40215300
2025-07-24,563.0393510094046,564.145230057719,561.2061311881392,562.9197998046875,42275500
2025-07-25,562.8401049406639,565.599877131678,562.1825732841013,564.2747802734375,30630800
2025-07-28,565.6396024726357,566.934780883673,564.7728259539763,566.0381469726562,31498700
2025-07-29,568.648489779181,569.9934711462136,564.4341580737452,565.1614379882812,45463300
2025-07-30,566.078082515952,568.5090584763351,562.9596566910935,565.918701171875,43433800
2025-07-31,572.414512700583,572.5042065088016,561.784002550513,562.9197998046875,64613600
2025-08-01,556.7626938955674,556.951993446216,549.6391201209816,551.8309936523438,69400800
2025-08-04,556.9817563948841,562.2322792440823,556.8821506732708,562.0130615234375,47669800
2025-08-05,563.2983805936119,564.4640352064246,557.6592854470431,558.1973266601562,48666600
2025-08-06,559.0342039471559,565.6596271290572,558.5559991276681,565.2212524414062,41823700
2025-08-07,569.5551584832303,571.1990788301907,563.0194288475504,567.1341552734375,44463000
2025-08-08,568.3396307619837,572.6436562068012,568.0407527747095,572.4244384765625,35255500
2025-08-11,572.5639325532171,574.6661119984625,569.4554798808987,570.730712890625,33112900
2025-08-12,573.0321895540377,578.2029917684722,570.372084149425,577.9041137695312,42143300
2025-08-13,580.604084362888,581.1620102059526,576.7982091868794,578.1930541992188,41209300
2025-08-14,576.1407216563158,579.7273793774012,575.7720345015408,577.7447509765625,45425000
2025-08-15,577.6550842269212,577.6949751695009,573.4407520858407,575.2042236328125,49480200
2025-08-18,574.3074712675442,575.6325679790418,573.1118984877381,574.9749755859375,29831000
2025-08-19,574.2576936083949,574.4270476767487,566.1477924665415,567.1740112304688,53752600
2025-08-20,566.2274603525832,566.347011543646,556.772578668353,563.8064575195312,76781100
2025-08-21,562.2622161511607,564.3943140175195,558.9046880126308,561.1962280273438,46436900
2025-08-22,562.5810219572568,571.8665505027725,561.186237654488,569.85400390625,51502100
2025-08-25,568.2898040708618,571.1690661717927,567.0543404263368,568.2100830078125,34044700
2025-08-26,567.7219543005008,570.8004889189272,566.6957355547859,570.4916381835938,34103000
2025-08-27,569.4754735923461,572.2849877073902,568.2599552674767,571.368408203125,36927100
2025-08-28,571.9860851866184,575.8617088595212,570.3422257905413,574.9451293945312,46787900
2025-08-29,572.5341066955731,572.9027938819278,566.4367515618461,568.2899169921875,56030400
2025-09-02,559.2334132357979,563.8761466603551,557.469941948523,563.5274658203125,65876800
2025-09-03,567.1242013007502,569.5850955347586,564.6334496680194,567.9611206054688,54230200
2025-09-04,568.6285491052419,573.4705550386212,566.9249141338813,573.1019287109375,47526300
2025-09-05,578.3424981949754,578.9701724080204,569.4156841594208,573.9288940429688,68342500
2025-09-08,576.2303043493281,578.6911981583403,575.6325483844515,576.7284545898438,46371400
2025-09-09,577.5255685086003,578.7908897662577,574.9052929899314,578.3624877929688,44007600
2025-09-10,581.5804896782814,581.6104078841153,576.4096872460331,578.5517578125,49308000
2025-09-11,581.0823312583443,582.7162787776647,579.4683292093007,581.9192504882812,44745800
2025-09-12,582.875622079706,585.6851967841828,581.9390971782137,584.4896240234375,50745900
2025-09-15,586.2631455882268,589.6007283774782,586.1136761698691,589.4911499023438,44360300
2025-09-16,590.417622334017,590.6666974580144,588.3054701472681,588.992919921875,36942100
2025-09-17,588.9132280535239,589.560847731768,582.2081448420756,587.8173217773438,69384800
2025-09-18,592.7091584852494,595.9272507480725,590.7664209781601,593.11767578125,61069300
2025-09-19,595.1202047360832,597.83011295333,593.6456386208329,597.1326904296875,58196100
2025-09-22,596.2190510860968,601.3360027595129,596.1990824942005,600.667724609375,57154800
2025-09-23,600.8372900448078,601.0367933292055,595.4609900615409,596.6779174804688,64635500
2025-09-24,598.0544387994095,598.3736318933126,591.8502333814113,594.583251953125,49850300
2025-09-25,590.6932034651784,593.6057566967052,587.0026056631178,592.0198364257812,70920200
2025-09-26,592.8376791327265,594.7827296224774,589.5560723046866,594.4535522460938,54337400
2025-09-29,597.5855809487724,600.5181027058711,595.8898943349653,597.20654296875,48332900
2025-09-30,596.9073409482912,599.1815689140329,594.5832523790604,598.8424072265625,46533800
2025-10-01,595.6504804045827,602.2536309055715,594.8226361779185,601.7150268554688,46899600
2025-10-02,605.5153536087707,605.6150748101588,601.3958573858611,604.188720703125,43765400
2025-10-03,604.9668078782124,605.7847287787447,599.859840058186,601.645263671875,46482100
2025-10-06,606.9018036091138,607.8094613156995,604.4280726015548,606.1636962890625,41962100
2025-10-07,607.4703970532165,608.1586438162234,601.4956480641417,602.9718627929688,58209500
2025-10-08,603.8695906281247,610.1934861561377,603.7200088104369,609.88427734375,50629800
2025-10-09,609.9241018375851,610.0537759298148,605.9342796270852,609.1461181640625,45551000
2025-10-10,609.8443624637231,611.6198017284072,587.5511938507611,588.0000610351562,97614800
2025-10-13,598.1541220292103,601.415821078074,595.7103438165695,600.4782104492188,65872600
2025-10-14,593.7952358040048,601.1564623206032,588.6284235801336,596.4783935546875,69203200
2025-10-15,602.4731063786636,605.1562641092269,594.4136488911962,600.6876220703125,62805500
2025-10-16,603.5702851791965,606.7621549667239,593.9847524006545,598.4633178710938,70982000
2025-10-17,596.4285459627954,603.9693073296388,594.8525491800316,602.393310546875,72024900
2025-10-20,605.5951192469275,611.2406903321764,605.5252900595317,609.98388671875,45761700
2025-10-21,610.0837500489531,611.1609582497778,607.7696457807522,609.8244018554688,44538200
2025-10-22,609.2657958565487,609.8542605281881,598.2139715066553,603.9493408203125,61478800
2025-10-23,603.3708114071275,609.8143961922938,602.9818500103868,609.0264282226562,42844300
2025-10-24,614.4226241256162,616.8464337655934,613.5648269782704,615.52978515625,47632500
2025-10-27,622.930958710038,626.9506729134798,622.4422152319877,626.4918823242188,54098600
2025-10-28,628.7560864561588,633.0651018787079,627.648925370604,631.3095703125,61195700
2025-10-29,633.9728090539653,635.3891789092543,628.6463695521778,634.15234375,67422800
2025-10-30,630.5614543099158,631.8880872300178,624.3473257513068,624.45703125,61628600
2025-10-31,632.5563592252307,632.5863121135939,625.0954113092228,627.4693603515625,66305100
2025-11-03,633.4939381480045,634.2021534587442,628.2473125587718,630.4716796875,37154300
2025-11-04,621.6941527131348,625.354797701833,616.8864094378021,617.6743774414062,63830800
2025-11-05,616.9163015661201,625.0056518350635,615.6395900613109,621.6941528320312,48688500
2025-11-06,620.2078932237561,620.4572571227977,608.7471381645778,610.1136474609375,72115100
2025-11-07,606.7621834660789,608.3980251800011,597.1466973484642,608.1885375976562,81835400
2025-11-10,617.3451949289606,622.7214951546598,615.3203917446493,621.6442260742188,55919900
2025-11-11,618.9910087880348,621.1355017301039,615.9487814833327,619.9884643554688,44868800
2025-11-12,623.2501373408774,623.2700450530867,616.2379957742788,619.4996948242188,47444400
2025-11-13,615.9686873362173,616.5472286099415,604.5378855310528,606.8519897460938,71333600
2025-11-14,598.0244819828539,611.7893568378086,595.6505328274214,607.310791015625,80087300
2025-11-17,604.7573208445992,610.9215891749508,598.3436886131177,602.1240234375,63850400
2025-11-18,598.0943000892208,600.7774579901122,589.8353996813287,594.792724609375,83327300
2025-11-19,595.5508254465173,604.6176628042144,593.077155027408,598.3436889648438,73111500
2025-11-20,610.0637948039835,612.4676969147798,583.262167456246,584.1798095703125,117743200
2025-11-21,585.9751825584982,595.4609945768989,579.2623261905873,588.568603515625,103344200
2025-11-24,593.7653733267485,605.1363301511908,593.6456226504143,603.6201782226562,60168100
2025-11-25,601.9743827443708,608.7072074163303,595.8001307211132,607.3406982421875,57560900
2025-11-26,610.9514997668095,614.6221288317284,608.8368989020178,612.70703125,42393600
2025-11-28,614.5423522607352,617.7442066386661,613.8541054647261,617.6743774414062,23034400
2025-12-01,612.0686387329198,617.8638528985133,610.961477711232,615.599609375,40957600
2025-12-02,617.8838431924653,622.1629056286581,616.018606165418,620.4173583984375,54541800
2025-12-03,618.0434315384043,622.6317029281745,616.4575112334458,621.9335327148438,47841600
2025-12-04,623.339907329069,623.3498916256304,617.9636071501104,621.35498046875,47067800
2025-12-05,622.7913119974152,627.3197383563271,622.1230338136666,623.8884887695312,53614200
2025-12-08,625.6141268554061,627.2399842967836,620.10815265492,622.6915893554688,43462400
2025-12-09,621.4248072711308,624.2775156033157,619.4199118254116,623.4595947265625,37156000
2025-12-10,622.2626189242517,627.6090269272694,619.4099106697121,626.0130615234375,55031400
2025-12-11,622.2327496814814,624.1877845427603,616.148234091509,623.98828125,58272800
2025-12-12,620.4972123256402,621.953458575216,609.8044563667469,612.0587158203125,75158700
2025-12-15,616.7966055109866,616.8464661142882,607.7696446385382,608.9865112304688,49538200
2025-12-16,606.7123103516171,611.9489518835392,605.3657088583533,610.1934204101562,55152800
2025-12-17,611.5001003103562,612.0886258751325,598.7526499708691,598.8822631835938,70654300
2025-12-18,608.2484274799762,611.3704684542074,605.3757504118026,607.5601806640625,78875800
2025-12-19,610.392920608793,616.0484763883416,610.3131071204459,615.4799194335938,60369800
2025-12-22,620.5674955378034,620.8671665076671,616.9920478025754,618.4302368164062,43703100
2025-12-23,617.42148892244,621.6261480926279,617.0020349130734,621.3265380859375,41120400
2025-12-24,621.2067276835874,623.4938829346665,620.9370481838333,623.144287109375,18468700
2025-12-26,623.873297918951,624.7322611929134,622.3552536061636,623.1043090820312,28959800
2025-12-29,619.3190849184411,621.995763643064,617.9508150333834,620.088134765625,32458300
2025-12-30,619.0594201394988,621.3964390816567,618.4401448660525,618.64990234375,31226800
2025-12-31,618.8696789386981,619.1792861072609,613.2766946262738,613.536376953125,40746500
2026-01-02,619.2791633693975,622.0656280105537,609.381669736326,612.347900390625,61859200
2026-01-05,618.5400731036631,620.0281869343077,615.9433108116908,617.2117309570312,46828400
2026-01-06,618.4501618747352,623.2341686687002,617.7610283782293,622.6348876953125,43137500
2026-01-07,622.2553845556755,627.1492383750701,621.7760085257346,623.2341918945312,44880300
2026-01-08,622.2454332860368,622.6348958217857,617.0219780933957,619.6885986328125,50435900
2026-01-09,620.6273877403378,627.0992684709724,618.280371644388,625.86083984375,49688700
2026-01-12,621.5263228144307,628.0580650499223,621.4763979710708,626.3801879882812,37388700
2026-01-13,626.4800871429724,628.6772678768714,622.9145755930199,625.4513549804688,44481400
2026-01-14,621.4563902550666,622.6648884214621,613.7860691564842,618.769775390625,72598700
2026-01-15,625.8108857116995,629.206628407055,619.9682771169513,620.9970092773438,53934900
2026-01-16,624.7123119754499,625.2915986535979,618.1006533744517,620.4776611328125,61058100
2026-01-20,609.7611716460692,614.2854351912486,606.2855126563834,607.2942504882812,81988900
2026-01-21,608.7024240227943,619.6386461402016,607.0944662344775,615.50390625,79837900
2026-01-22,621.5662350217955,621.6761428244047,617.0020437780021,619.978271484375,42254800
2026-01-23,618.949566020391,624.612469784726,617.8709699342951,621.935791015625,43645800
2026-01-26,622.425196766994,626.81961915323,621.3365426117721,624.67236328125,35983000
2026-01-27,628.1179690883873,631.2440322678261,626.5499998769385,630.335205078125,38997200
2026-01-28,634.6597767228699,635.7982947738302,631.014348844542,632.4225463867188,50691700
2026-01-29,631.8533057393616,632.8719797654484,617.4914101080947,628.6373291015625,79944000
2026-01-30,624.9220440060533,627.4688205124429,618.5200822009824,621.0868530273438,65650700
2026-02-02,617.9208683974972,627.6985176699922,617.8808797571519,625.3515014648438,49020300
2026-02-03,627.5087242048245,629.1866011443993,610.1905958568021,615.7435913085938,81234000
2026-02-04,614.2455284678144,614.3253838343164,599.7138024298947,604.9871826171875,81850700
2026-02-05,599.4541864003901,604.0483693053457,594.0110373128413,596.2781982421875,89354500
2026-02-06,599.434154665902,610.6399955270392,598.0159600076653,608.8822631835938,78019300
2026-02-09,606.7748955946631,615.6837064208919,604.3080353554789,613.54638671875,56797600
2026-02-10,614.5351423104305,616.2430108652889,610.2405694597212,610.699951171875,53938900
2026-02-11,615.6037921922693,616.7423712103644,606.9247331463698,612.337890625,58575100
2026-02-12,613.9358943887876,615.0344847338599,598.8149461335121,599.8836059570312,81378900
2026-02-13,599.673873409497,605.7162424752422,595.6689134343201,601.1619873046875,69237500
2026-02-17,597.626419057608,603.1894116444834,592.5927882610704,600.542724609375,69013800
2026-02-18,601.3517411914925,609.0021290003773,599.9634770047899,605.027099609375,64250700
2026-02-19,602.0508799312083,605.0570991965415,599.993476524114,602.7100219726562,60960800
2026-02-20,599.3642756707148,609.581373723881,598.4753818004266,608.0433349609375,74127300
2026-02-23,605.8460514657053,607.2443127599432,598.2955745850619,600.652587890625,63859100
2026-02-24,601.6414099286677,608.2230768722754,598.9747284234804,607.1044921875,55023700
2026-02-25,610.3004608891118,616.053216829597,610.2305417280922,615.9033813476562,55710700
2026-02-26,614.8148183820397,614.8148183820397,603.2193924504018,608.4727783203125,96178900
2026-02-27,602.2206376135266,607.5539396831472,601.4316544188312,606.5252075195312,68125200
2026-03-02,598.1058012495889,609.1518702196468,597.2369017749593,607.32421875,75264600
2026-03-03,595.5790600436336,603.1994564784976,591.1246545665933,600.8224487304688,97015500
2026-03-04,603.3991678160902,612.108218610738,602.6701065956436,609.9808959960938,70943900
2026-03-05,606.6350803018902,611.9883154244911,601.5015388569162,608.1431274414062,89602400
2026-03-06,599.5539822531658,605.2368188486739,597.5764953219963,598.9946899414062,86302300
2026-03-09,593.4816386137257,608.5027370453225,590.5853272955466,606.99462890625,93068200
2026-03-10,607.0146358319374,612.5176457382476,604.65756151405,607.004638671875,64078900
2026-03-11,608.1831666985171,611.6587648578186,604.2681201890963,606.9247436523438,60114800
2026-03-12,602.0009473234562,603.3792143506387,596.2981160455262,596.5078735351562,71836600
2026-03-13,598.9747313072235,602.8398528802119,591.8237748266745,592.9722900390625,63145500
2026-03-16,599.2843027330098,603.099499235842,598.3554812666724,599.6239013671875,49077200
2026-03-17,602.3804630878033,605.1369970937805,601.1120429286618,602.5502319335938,47106600
2026-03-18,600.7325461165636,602.400426051188,593.8112802396884,594.15087890625,56128000
2026-03-19,588.7676039624899,595.0496606380132,586.3406715242521,592.273193359375,75597600
2026-03-20,590.3156309505814,590.4254777892629,577.8113788279011,581.3269653320312,91964700
2026-03-23,590.52001953125,595.0800170898438,585.9600219726562,588.0,89936100
2026-03-24,584.8099975585938,587.9299926757812,581.9299926757812,583.97998046875,57750900
2026-03-25,589.1400146484375,591.3699951171875,585.6900024414062,587.8200073242188,60475500
2026-03-26,582.5999755859375,584.6300048828125,573.4299926757812,573.7899780273438,81492100
2026-03-27,570.8099975585938,571.02001953125,561.5700073242188,562.5800170898438,82702200
2026-03-30,567.3800048828125,568.0499877929688,555.5999755859375,558.280029296875,70602600
2026-03-31,564.2899780273438,578.6400146484375,564.2100219726562,577.1799926757812,95878000
2026-04-01,581.47998046875,587.739990234375,580.4199829101562,584.3099975585938,79435100
2026-04-02,573.969970703125,586.0499877929688,571.9199829101562,584.97998046875,50941700
2026-04-06,586.22998046875,590.6099853515625,584.6900024414062,588.5,35108500
2026-04-07,585.6400146484375,588.97998046875,578.4000244140625,588.5900268554688,49948200
2026-04-08,608.7100219726562,609.9000244140625,602.1199951171875,606.0900268554688,63086000
2026-04-09,605.9299926757812,610.5,603.030029296875,610.1900024414062,37837500
2026-04-10,611.8400268554688,613.6699829101562,609.5800170898438,611.0700073242188,34038500
2026-04-13,609.47998046875,626.739990234375,608.1099853515625,617.3900146484375,32972100
2026-04-14,620.219970703125,628.5999755859375,620.0999755859375,628.5999755859375,49921100
2026-04-15,629.0800170898438,637.8300170898438,628.2000122070312,637.4000244140625,50102400
2026-04-16,639.2100219726562,642.1799926757812,635.260009765625,640.469970703125,42320600
2026-04-17,645.5900268554688,650.0,644.0700073242188,648.8499755859375,53488900
2026-04-20,648.0399780273438,648.760009765625,642.52001953125,646.7899780273438,37138500
2026-04-21,648.4099731445312,650.2000122070312,642.2100219726562,644.3300170898438,39580500
2026-04-22,650.1500244140625,655.3300170898438,648.52001953125,655.1099853515625,37368400
2026-04-23,653.5499877929688,656.9199829101562,645.52001953125,651.4199829101562,40099800
2026-04-24,658.510009765625,664.510009765625,656.530029296875,663.8800048828125,45563100
2026-04-27,663.4000244140625,664.4299926757812,660.6900024414062,664.22998046875,32717000
2026-04-28,657.4099731445312,659.6400146484375,653.8099975585938,657.5499877929688,34147900
2026-04-29,658.6300048828125,661.719970703125,656.5900268554688,661.5700073242188,31724900
2026-04-30,665.3499755859375,668.9000244140625,657.5599975585938,667.739990234375,40622200
2026-05-01,669.1599731445312,675.969970703125,668.7999877929688,674.1500244140625,39172600
2026-05-04,674.6599731445312,676.72998046875,668.9000244140625,672.8800048828125,34542000
2026-05-05,677.9600219726562,682.77001953125,677.510009765625,681.6099853515625,37101100
2026-05-06,687.780029296875,695.9299926757812,686.47998046875,695.77001953125,38778500
2026-05-07,696.5800170898438,701.239990234375,691.77001953125,694.9400024414062,43779100
2026-05-08,699.9199829101562,711.22998046875,699.5,711.22998046875,44320400
2026-05-11,710.3599853515625,714.5900268554688,708.9099731445312,713.2899780273438,36019100
2026-05-12,708.219970703125,710.1799926757812,696.6400146484375,707.239990234375,45873000
2026-05-13,709.9600219726562,716.6500244140625,704.8300170898438,714.7100219726562,40012500
2026-05-14,714.6199951171875,722.030029296875,714.219970703125,719.7899780273438,33327500
2026-05-15,710.1400146484375,715.1300048828125,705.5499877929688,708.9299926757812,51792700
2026-05-18,711.5399780273438,712.0700073242188,698.8499755859375,705.8800048828125,49834500
2026-05-19,699.8099975585938,706.489990234375,695.25,701.530029296875,46827500
2026-05-20,705.2899780273438,713.1500244140625,703.7899780273438,713.1500244140625,36779200
2026-05-21,708.989990234375,717.1199951171875,706.77001953125,714.510009765625,36415400
2026-05-22,718.0700073242188,722.1199951171875,715.9500122070312,717.5399780273438,33118600
2026-05-26,725.9600219726562,731.1699829101562,724.1599731445312,730.280029296875,34254700
2026-05-27,732.9600219726562,733.3200073242188,725.4400024414062,729.4500122070312,35148700
2026-05-28,729.72998046875,736.5999755859375,726.4099731445312,735.5999755859375,32840000
2026-05-29,737.8400268554688,741.6300048828125,735.25,738.3099975585938,37541700
2026-06-01,737.0399780273438,745.6500244140625,735.989990234375,742.739990234375,33890600
2026-06-02,742.4000244140625,746.4400024414062,739.22998046875,746.1599731445312,30085200
2026-06-03,747.3099975585938,748.6500244140625,741.010009765625,744.2100219726562,40270200
2026-06-04,735.47998046875,743.5,732.6199951171875,740.6099853515625,40782600
2026-06-05,730.0599975585938,731.6900024414062,704.3200073242188,705.0599975585938,99606600
2026-06-08,717.8099975585938,723.030029296875,713.0700073242188,716.0700073242188,47401500
2026-06-09,722.97998046875,725.6599731445312,686.3699951171875,707.8300170898438,91932200
2026-06-10,701.6599731445312,711.280029296875,692.9299926757812,693.6900024414062,65334300
2026-06-11,699.2899780273438,718.3699951171875,695.0,717.1199951171875,71798900
2026-06-12,717.6099853515625,724.010009765625,711.280029296875,721.3400268554688,51168400
2026-06-15,738.0999755859375,744.760009765625,737.3800048828125,744.0,46710200
2026-06-16,742.25,744.219970703125,729.6400146484375,729.8599853515625,45348700
2026-06-17,735.1900024414062,735.6799926757812,720.8499755859375,722.510009765625,51669300
2026-06-18,737.2000122070312,741.8200073242188,732.510009765625,740.6199951171875,50154600
