Date,Open,High,Low,Close,Volume,is_outlier,data_quality
2021-01-01,3299.569069015949,3327.257760504195,3288.539785306028,3292.923828125,453083.0,0,1
2021-01-04,3312.490939537039,3317.0133363378995,3264.497200652691,3279.172119140625,698402.0,0,1
2021-01-05,3275.5726875048213,3289.3708424042643,3267.26607882983,3277.510986328125,725278.0,0,1
2021-01-06,3293.1084810813945,3324.488999118605,3239.5770091355644,3266.98876953125,1099588.0,0,1
2021-01-07,3285.725075587869,3293.062534552793,3245.5302757345976,3279.079833984375,621487.0,0,1
2021-01-08,3298.6463532652874,3313.3674635808625,3260.666785469139,3299.800048828125,961239.0,0,1
2021-01-11,3326.1503732067376,3345.7170041371155,3274.3262353094788,3334.503173828125,1043630.0,0,1
2021-01-12,3344.7942095447484,3367.683574808749,3309.9987960845365,3351.854736328125,893653.0,0,1
2021-01-13,3359.561638405014,3366.9452903575525,3322.6433786423213,3342.163818359375,798273.0,0,1
2021-01-14,3343.871323778449,3419.4613692842518,3340.733361881979,3383.05078125,1192074.0,0,1
2021-01-15,3396.4795613024958,3401.0943433151347,3295.8773134269595,3330.995849609375,597621.0,0,1
2021-01-18,3330.9956861562077,3382.635049277448,3299.568977126023,3329.88818359375,826497.0,0,1
2021-01-19,3349.178423070196,3368.652895490447,3310.6449889225746,3323.797119140625,594091.0,0,1
2021-01-20,3327.257633361721,3360.484061877955,3308.798506408258,3315.5361328125,607449.0,0,1
2021-01-21,3326.981059103234,3384.0660054769637,3325.042985763426,3351.0703125,834432.0,0,1
2021-01-22,3367.8680697354403,3405.7092840021305,3314.336595894756,3330.02685546875,791205.0,0,1
2021-01-25,3353.8857210764163,3359.4234603297327,3300.723334112105,3335.149658203125,467367.0,0,1
2021-01-26,3353.8857210764163,3359.4234603297327,3300.723334112105,3335.149658203125,467367.0,0,1
2021-01-27,3335.14926448562,3368.698595636052,3316.9208749286654,3332.56494140625,646880.0,0,1
2021-01-28,3312.2137086530383,3368.7909831067896,3285.032686745984,3326.104248046875,643832.0,0,1
2021-01-29,3327.442671920181,3341.840883206813,3212.07311139003,3231.363037109375,733173.0,0,1
2021-02-01,3266.342979179241,3283.786766499863,3214.6574163552687,3249.4990234375,544282.0,0,1
2021-02-02,3274.5570482988437,3280.187172689441,3215.3494830773325,3231.501220703125,869950.0,0,1
2021-02-03,3254.390450537536,3270.957472806768,3231.270347713458,3245.576171875,786972.0,0,1
2021-02-04,3250.6064151879464,3330.073055449711,3240.546280042719,3304.18408203125,958717.0,0,1
2021-02-05,3337.410475426423,3337.410475426423,3258.4515071929536,3268.78857421875,1159183.0,0,1
2021-02-08,3323.566129977105,3338.2410471944427,3197.21348387134,3206.07373046875,2388271.0,0,1
2021-02-09,3234.9623215782835,3234.9623215782835,3188.814499587153,3195.644287109375,951124.0,0,1
2021-02-10,3200.720397291929,3216.5954275766603,3153.788199728565,3160.9873046875,893690.0,0,1
2021-02-11,3166.432680254077,3202.6587190793985,3156.5108989197533,3195.96728515625,873772.0,0,1
2021-02-12,3211.88848705243,3220.1950952086,3146.4047711541893,3157.664794921875,618874.0,0,1
2021-02-15,3164.8179098904607,3179.5852142235744,3140.8210403491507,3153.742431640625,513578.0,0,1
2021-02-16,3167.586786520991,3167.909911436472,3124.254022838055,3128.31494140625,693631.0,0,1
2021-02-17,3110.363178049058,3142.5282998595667,3101.133613722503,3104.825439453125,866571.0,0,1
2021-02-18,3108.5175439763084,3129.699350939245,3082.7671473282167,3100.626220703125,616156.0,0,1
2021-02-19,3100.210724686222,3122.3616795515004,3064.215423030145,3074.552490234375,765676.0,0,1
2021-02-22,3091.904044081515,3113.8242593194063,3061.723413851787,3083.781982421875,666371.0,0,1
2021-02-23,3091.719315244597,3108.517076231639,3069.1068840190405,3078.936279296875,484686.0,0,1
2021-02-24,3101.133846813276,3151.896454424802,3083.597673274748,3143.174560546875,512568.0,0,1
2021-02-25,3156.51109495457,3161.7719017132613,3114.6089617797456,3142.666748046875,586357.0,0,1
2021-02-26,3127.899130710586,3146.3120651833588,3085.4431377885776,3104.594482421875,748717.0,0,1
2021-03-01,3111.747680975372,3156.511068941353,3107.6405698261697,3148.94287109375,377869.0,0,1
2021-03-02,3148.943073542948,3184.199967244462,3133.437359071,3182.307861328125,383968.0,0,1
2021-03-03,3193.429268542422,3218.4874456472194,3170.355357642549,3212.94970703125,409493.0,0,1
2021-03-04,3184.199965532103,3244.007592559637,3184.199965532103,3232.101318359375,537283.0,0,1
2021-03-05,3217.426398497351,3236.4853603238494,3194.121746586261,3222.7333984375,612423.0,0,1
2021-03-08,3224.4410707639995,3238.608318509154,3185.123031875255,3196.383056640625,463984.0,0,1
2021-03-09,3205.8891801762447,3220.3333582659648,3135.606137713223,3162.740966796875,589556.0,0,1
2021-03-10,3185.953135700013,3220.1949085806377,3173.58560996117,3212.21142578125,270942.0,0,1
2021-03-11,3185.953135700013,3220.1949085806377,3173.58560996117,3212.21142578125,270942.0,0,1
2021-03-12,3222.871433427312,3224.671378711552,3161.125739051012,3169.6630859375,344205.0,0,1
2021-03-15,3178.292924055844,3190.245165027277,3137.1289762183646,3184.56884765625,311078.0,0,1
2021-03-16,3195.829250532528,3230.347733321839,3189.783840422504,3220.28759765625,383099.0,0,1
2021-03-17,3219.271973044069,3229.424493601261,3180.784735634401,3200.720458984375,378136.0,0,1
2021-03-18,3211.8886014897216,3219.179867665231,3163.3409997370336,3174.647216796875,430166.0,0,1
2021-03-19,3160.7568242682223,3225.5945164287778,3118.669919010896,3199.52099609375,1312375.0,0,1
2021-03-22,3175.0625819080283,3294.9545349375767,3175.0625819080283,3289.785888671875,820046.0,0,1
2021-03-23,3294.9543594400884,3302.3380106657246,3253.4213212958857,3293.4775390625,461046.0,0,1
2021-03-24,3263.574035183026,3293.293188061616,3250.652644772233,3265.189208984375,480657.0,0,1
2021-03-25,3262.6510724861246,3290.155219945593,3164.8176881343484,3178.523681640625,486516.0,0,1
2021-03-26,3189.137656599585,3244.191918657133,3189.137656599585,3234.59326171875,273033.0,0,1
2021-03-29,3189.137656599585,3244.191918657133,3189.137656599585,3234.59326171875,273033.0,0,1
2021-03-30,3243.2690832087424,3345.717252883236,3239.6234501649387,3337.41064453125,567450.0,0,1
2021-03-31,3337.4106265370124,3373.405929201543,3315.721149290436,3345.763427734375,441583.0,0,1
2021-04-01,3354.946799473949,3387.2502762226663,3332.1036266302126,3339.718017578125,460658.0,0,1
2021-04-02,3354.946799473949,3387.2502762226663,3332.1036266302126,3339.718017578125,460658.0,0,1
2021-04-05,3354.946429398506,3433.397721420205,3350.3316475148767,3415.26171875,807938.0,0,1
2021-04-06,3422.322733401141,3448.5346081091743,3396.479951164023,3443.181640625,462351.0,0,1
2021-04-07,3444.4733731239608,3525.693538406627,3425.5989593262093,3515.125732421875,633677.0,0,1
2021-04-08,3546.5097898039894,3597.1742153726177,3528.7303751618297,3580.98974609375,613388.0,0,1
2021-04-09,3580.9897845465543,3606.27504028521,3555.892129018521,3563.116455078125,526934.0,0,1
2021-04-12,3544.586121177933,3612.1856411311146,3518.362637465372,3577.236572265625,1108910.0,0,1
2021-04-13,3578.503423055162,3609.3711009191056,3498.706909311467,3514.60986328125,411660.0,0,1
2021-04-14,3578.503423055162,3609.3711009191056,3498.706909311467,3514.60986328125,411660.0,0,1
2021-04-15,3519.300908365514,3565.180266066752,3446.1189646565003,3464.60205078125,494464.0,0,1
2021-04-16,3467.229006316945,3503.303904434817,3449.449593417089,3468.167236328125,251741.0,0,1
2021-04-19,3457.3774396531776,3523.053537557037,3427.401037921926,3511.607177734375,560398.0,0,1
2021-04-20,3501.380610479107,3520.9427985255606,3462.162777877887,3499.504150390625,331477.0,0,1
2021-04-21,3501.380610479107,3520.9427985255606,3462.162777877887,3499.504150390625,331477.0,0,1
2021-04-22,3495.0009603013614,3533.3744789237408,3464.0860959379147,3520.2392578125,424370.0,0,1
2021-04-23,3523.053680973491,3528.5891463981334,3415.626345029026,3424.821044921875,491834.0,0,1
2021-04-26,3434.954120527293,3435.7984359465067,3312.890299652407,3320.583740234375,1031406.0,0,1
2021-04-27,3352.0144516338232,3353.797226163701,3299.755083694968,3322.460205078125,813608.0,0,1
2021-04-28,3272.546793029105,3309.1377692126302,3254.720420016619,3263.8681640625,1498181.0,0,1
2021-04-29,3280.7562660580406,3289.3409802778383,3234.079316251395,3254.62646484375,611087.0,0,1
2021-04-30,3246.2758524323176,3254.110164682877,3224.696562083779,3235.955322265625,436187.0,0,1
2021-05-03,3226.666974307614,3263.8207459042496,3219.630249112032,3226.8076171875,570022.0,0,1
2021-05-04,3220.0051547468597,3248.1520529526883,3208.7463954645277,3223.617431640625,337838.0,0,1
2021-05-05,3228.5436037405943,3245.243915832882,3223.9930962513563,3238.39501953125,234116.0,0,1
2021-05-06,3238.769937219569,3275.8300219589005,3227.229662488727,3238.81689453125,384450.0,0,1
2021-05-07,3269.4501791253506,3269.4501791253506,3239.0046600970004,3247.44873046875,189156.0,0,1
2021-05-10,3263.164257692865,3263.164257692865,3193.2661158877704,3202.929931640625,694001.0,0,1
2021-05-11,3202.929884548072,3222.5388015448107,3186.276300671581,3207.24560546875,455412.0,0,1
2021-05-12,3193.7352299200543,3232.2026636529336,3191.061182536541,3227.08935546875,252497.0,0,1
2021-05-13,3193.7352299200543,3232.2026636529336,3191.061182536541,3227.08935546875,252497.0,0,1
2021-05-14,3236.8933970504268,3306.791529827313,3225.822237590534,3285.165283203125,677498.0,0,1
2021-05-17,3301.584422956505,3315.610915688117,3280.0990475137046,3290.607177734375,338003.0,0,1
2021-05-18,3307.4485479547247,3315.611103630788,3265.0405952309807,3307.68310546875,474368.0,0,1
2021-05-19,3316.6433519409056,3335.407953649199,3298.863937634313,3316.080322265625,688416.0,0,1
2021-05-20,3283.805278139693,3300.4119047342697,3204.055721384872,3211.139404296875,1046540.0,0,1
2021-05-21,3235.9554740652056,3235.9554740652056,3206.870342231045,3223.52392578125,521688.0,0,1
2021-05-24,3245.338031185205,3245.338031185205,3163.1489798815437,3170.37353515625,1643611.0,0,1
2021-05-25,3187.700534603731,3246.0867777781564,3187.700534603731,3239.02392578125,1318946.0,0,1
2021-05-26,3240.483771525882,3252.5377521171854,3214.115789568274,3216.893798828125,373186.0,0,1
2021-05-27,3230.0777104568538,3237.140562593421,3201.8734335736044,3215.622314453125,444547.0,0,1
2021-05-28,3217.835660684427,3247.9704985954318,3211.2436648913945,3223.90966796875,249529.0,0,1
2021-05-31,3228.900628763792,3256.8223461011653,3227.4880583100858,3246.887451171875,352802.0,0,1
2021-06-01,3256.4455962534903,3266.898709073236,3241.378178804081,3245.851318359375,236580.0,0,1
2021-06-02,3245.851347970273,3282.813606738049,3245.192194432957,3272.690185546875,420074.0,0,1
2021-06-03,3277.163218962281,3295.526633551294,3265.297536032857,3292.466064453125,380896.0,0,1
2021-06-04,3295.997676490482,3307.298239952735,3277.1634040533936,3285.92138671875,312826.0,0,1
2021-06-07,3302.118792611414,3347.791902961237,3275.7508113785266,3336.11474609375,357312.0,0,1
2021-06-08,3337.903791952805,3410.886594569914,3336.114628110925,3391.81689453125,787313.0,0,1
2021-06-09,3388.2857241009424,3398.0325523754623,3349.769727650567,3366.34375,546202.0,0,1
2021-06-10,3362.85945759044,3401.093123897473,3347.79203913022,3367.8505859375,355092.0,0,1
2021-06-11,3366.626344818329,3385.4606180760543,3344.0252169090595,3350.52294921875,301375.0,0,1
2021-06-14,3350.522714655332,3388.2855218575964,3305.8384504617484,3381.928955078125,312420.0,0,1
2021-06-15,3383.906624400432,3428.308328254703,3383.576932679343,3420.16259765625,451019.0,0,1
2021-06-16,3419.4095212305288,3432.358084396739,3394.9249654253326,3427.31982421875,232534.0,0,1
2021-06-17,3414.5594223693406,3449.4970906544154,3399.1154105151822,3444.9296875,300185.0,0,1
2021-06-18,3447.990023106077,3464.564274142025,3385.4603331178528,3408.249755859375,731807.0,0,1
2021-06-21,3390.169072153912,3440.974476572552,3372.3707764893256,3436.171875,231475.0,0,1
2021-06-22,3437.254356434756,3451.38005926942,3405.2360966761858,3438.101806640625,235555.0,0,1
2021-06-23,3439.1383835586403,3469.5557816187784,3419.3623961394915,3446.012939453125,378997.0,0,1
2021-06-24,3446.012572736588,3488.9076725797263,3438.196303987266,3474.07568359375,385390.0,0,1
2021-06-25,3493.663381510792,3493.663381510792,3432.451994202272,3456.13623046875,176772.0,0,1
2021-06-28,3456.1363560191708,3470.2149296294483,3430.6629548548385,3453.49951171875,181793.0,0,1
2021-06-29,3441.9632006972643,3453.358027197307,3399.633220449184,3443.98779296875,357263.0,0,1
2021-06-30,3460.797335414369,3474.923038824224,3421.198234206636,3436.9248046875,428387.0,0,1
2021-07-01,3427.8373159007056,3447.613300415517,3371.9465248434403,3386.213623046875,612678.0,0,1
2021-07-02,3398.64433608288,3398.64433608288,3328.957530632579,3338.6572265625,292855.0,0,1
2021-07-05,3356.267318512068,3375.572447588807,3307.674804091276,3318.175048828125,519061.0,0,1
2021-07-06,3320.4821318756217,3327.8746755514744,3304.1433090583,3313.89013671875,282115.0,0,1
2021-07-07,3315.7735797607365,3335.54956532591,3301.647875785613,3316.103271484375,524482.0,0,1
2021-07-08,3295.0560414422325,3320.38804650996,3270.8069151012387,3287.89892578125,627227.0,0,1
2021-07-09,3287.5222009973527,3312.948468378312,3265.8627880432023,3273.349365234375,595359.0,0,1
2021-07-12,3279.2353142259185,3295.9978636287724,3262.1904346489205,3268.123046875,146119.0,0,1
2021-07-13,3285.403342656743,3286.062496198778,3263.1319078409315,3282.3427734375,182918.0,0,1
2021-07-14,3271.5132337071022,3284.8383899458017,3252.820125712629,3282.578369140625,458955.0,0,1
2021-07-15,3298.822775363543,3298.822775363543,3254.091378894868,3259.129638671875,264604.0,0,1
2021-07-16,3258.329081980165,3270.2887988134166,3236.763932332435,3240.4365234375,399006.0,0,1
2021-07-19,3239.87127121676,3255.974665212831,3226.4049511068565,3249.052978515625,226731.0,0,1
2021-07-20,3253.620609932393,3264.8740418920165,3226.781771326584,3233.4208984375,152954.0,0,1
2021-07-21,3253.620609932393,3264.8740418920165,3226.781771326584,3233.4208984375,152954.0,0,1
2021-07-22,3248.4412801285016,3248.4412801285016,3215.952158758902,3225.65185546875,389457.0,0,1
2021-07-23,3227.252659992203,3251.266357929116,3225.6517927785203,3239.306640625,247778.0,0,1
2021-07-26,3239.447770691137,3294.1142931504883,3231.019479645319,3279.046875,433827.0,0,1
2021-07-27,3292.2307039230604,3300.564961141774,3234.927340124255,3249.6181640625,210607.0,0,1
2021-07-28,3266.8045784868486,3266.8045784868486,3211.2434743845934,3224.521728515625,352127.0,0,1
2021-07-29,3224.6155881218183,3229.0887276177573,3203.709592670276,3207.099853515625,321411.0,0,1
2021-07-30,3224.4274248219576,3239.4948426949577,3181.1085984370834,3223.8623046875,988317.0,0,1
2021-08-02,3245.8044479986106,3335.549806388639,3239.542144081276,3300.376708984375,1887580.0,0,1
2021-08-03,3343.083199193322,3370.392892933211,3325.190641225808,3364.930908203125,1326045.0,0,1
2021-08-04,3370.3932844579044,3389.227558190555,3333.666450679235,3369.734130859375,478788.0,0,1
2021-08-05,3369.73379176594,3406.837215321349,3340.823230477679,3400.6689453125,497146.0,0,1
2021-08-06,3400.669195869985,3409.0034537363,3380.846307229056,3393.93603515625,258380.0,0,1
2021-08-09,3408.9088511991827,3436.312807979016,3396.0545529663814,3424.164794921875,444706.0,0,1
2021-08-10,3424.1649365729245,3431.604382100086,3400.99868988871,3425.20068359375,249493.0,0,1
2021-08-11,3425.200865126054,3436.266000588916,3362.95373038344,3414.182861328125,233115.0,0,1
2021-08-12,3422.564003653834,3430.615701357697,3397.231998388219,3409.7568359375,232971.0,0,1
2021-08-13,3409.756573816922,3431.6985461961112,3366.720309226215,3370.910888671875,323144.0,0,1
2021-08-16,3361.9176316442795,3459.808716701223,3345.9556317282468,3442.245849609375,348972.0,0,1
2021-08-17,3456.089022396608,3491.4975468518687,3454.2055951364464,3481.04443359375,579154.0,0,1
2021-08-18,3492.627427894358,3512.591710130686,3472.0508938748167,3503.880859375,426843.0,0,1
2021-08-19,3492.627427894358,3512.591710130686,3472.0508938748167,3503.880859375,426843.0,0,1
2021-08-20,3427.8375849920767,3736.248796279139,3423.4115769496098,3668.869140625,1567252.0,1,0
2021-08-23,3682.100362714193,3733.564921599671,3626.162664001889,3640.900390625,645088.0,1,0
2021-08-24,3648.999230571508,3665.1495277132144,3574.274160440777,3590.000732421875,437167.0,0,1
2021-08-25,3590.000609985393,3670.7996844240406,3575.68660896821,3618.817138671875,360778.0,0,1
2021-08-26,3602.2428986213376,3716.896532027557,3602.2428986213376,3701.781982421875,1114234.0,0,1
2021-08-27,3714.7775851672495,3741.3809943187616,3683.748168085914,3711.811279296875,475524.0,0,1
2021-08-30,3729.185997872378,3760.780536336464,3703.0063128142942,3754.000244140625,466524.0,0,1
2021-08-31,3762.145960060487,3792.563356357981,3729.1859829385553,3764.500244140625,688613.0,0,1
2021-09-01,3752.352121109697,3791.2447090538953,3732.811563812912,3781.309814453125,352460.0,0,1
2021-09-02,3780.980346085654,3864.792861851936,3768.785200166942,3847.936279296875,525680.0,0,1
2021-09-03,3865.7343445615993,3893.703422529862,3835.740674308882,3883.8154296875,426377.0,0,1
2021-09-06,3902.837968367996,3907.452273299735,3824.29914173563,3841.297119140625,312608.0,0,1
2021-09-07,3858.1066497794072,3888.900870773693,3842.19178069126,3856.7412109375,259534.0,0,1
2021-09-08,3842.003205359282,3849.6309476009424,3781.639271413575,3824.675537109375,236283.0,0,1
2021-09-09,3822.227025224097,3878.729608646201,3814.034163272972,3833.527587890625,295134.0,0,1
2021-09-10,3822.227025224097,3878.729608646201,3814.034163272972,3833.527587890625,295134.0,0,1
2021-09-13,3833.527830190631,3863.850962613629,3822.227266809845,3855.234375,171201.0,0,1
2021-09-14,3858.2007652021366,3910.936728797772,3844.451654157624,3862.4384765625,419441.0,0,1
2021-09-15,3865.92302496565,3893.985907553552,3833.763366162495,3848.171630859375,218163.0,0,1
2021-09-16,3848.171320779672,3879.85989029811,3804.334508318589,3835.646484375,243636.0,0,1
2021-09-17,3839.742726113321,3875.1512474589335,3805.464444952989,3815.68212890625,621517.0,0,1
2021-09-20,3799.814617200411,3875.151709982575,3766.8546391082136,3846.429443359375,291097.0,0,1
2021-09-21,3825.429007815208,3871.902436853491,3816.765288523591,3838.0009765625,424258.0,0,1
2021-09-22,3844.0748492987327,3865.734261727413,3813.0925643541,3821.944580078125,259937.0,0,1
2021-09-23,3823.35723715211,3837.906666370493,3783.33440893069,3806.736083984375,322858.0,0,1
2021-09-24,3804.523028713412,3860.037230597956,3795.105892503725,3807.25390625,373614.0,0,1
2021-09-27,3813.846141051237,3827.6895160770814,3766.8547203787393,3775.895263671875,248898.0,0,1
2021-09-28,3771.751205945606,3831.785447009821,3757.4843370922094,3770.29150390625,354948.0,0,1
2021-09-29,3749.903477572801,3785.5943303097415,3728.3852302940336,3741.192626953125,332446.0,0,1
2021-09-30,3740.486574661146,3760.262561083071,3710.634298282543,3718.780029296875,217501.0,0,1
2021-10-01,3728.056025244947,3728.056025244947,3658.5575122350497,3692.553466796875,181917.0,0,1
2021-10-04,3682.1002208924274,3736.01332514974,3654.790526159466,3665.996826171875,372752.0,0,1
2021-10-05,3667.0329212524784,3677.627199722969,3640.194082460569,3655.920654296875,131731.0,0,1
2021-10-06,3666.09097185521,3760.40349505444,3655.967550856637,3709.033203125,409840.0,0,1
2021-10-07,3728.997444294092,3732.6229035959873,3651.447239760808,3673.248046875,187556.0,0,1
2021-10-08,3686.808818711584,3699.992809378752,3622.6311275352696,3656.95654296875,316870.0,0,1
2021-10-11,3653.8490320256096,3673.3895906376015,3607.8933590427614,3616.74560546875,253051.0,0,1
2021-10-12,3598.287811374058,3648.904919424661,3592.637529545153,3642.501220703125,253262.0,0,1
2021-10-13,3645.750128090486,3667.127211847224,3629.835259389595,3657.333251953125,174222.0,0,1
2021-10-14,3683.983793202488,3696.226070633886,3654.790670096844,3667.83349609375,299078.0,0,1
2021-10-15,3683.983793202488,3696.226070633886,3654.790670096844,3667.83349609375,299078.0,0,1
2021-10-18,3729.1858967923354,3729.1858967923354,3602.0545594016867,3613.684814453125,256837.0,0,1
2021-10-19,3635.344509730724,3642.878219198034,3559.677723304197,3574.65087890625,282932.0,0,1
2021-10-20,3578.5116792929293,3689.0218621953127,3522.0088633040937,3542.7265625,523002.0,0,1
2021-10-21,3577.099111422404,3577.099111422404,3465.506049765552,3497.85400390625,335589.0,0,1
2021-10-22,3516.358740102049,3540.8432948001355,3437.254794154387,3474.92333984375,192033.0,0,1
2021-10-25,3474.9231498803083,3481.0914198818523,3406.8372112867232,3419.4091796875,289025.0,0,1
2021-10-26,3436.312956569507,3489.0960502950315,3395.678106336967,3477.56005859375,326825.0,0,1
2021-10-27,3485.187960677217,3513.7219302981825,3466.8716761386777,3482.31591796875,441016.0,0,1
2021-10-28,3507.8828666044874,3511.367160650955,3441.021206596724,3467.294921875,193658.0,0,1
2021-10-29,3466.447902851459,3492.7687530618764,3428.826488980564,3461.50390625,283538.0,0,1
2021-11-01,3478.69016910065,3484.3404509129414,3438.29074610699,3463.763916015625,139766.0,0,1
2021-11-02,3465.694235748319,3491.4973255231885,3453.3107942619736,3468.23681640625,151547.0,0,1
2021-11-03,3479.631847637045,3484.1521190233934,3407.1670301074723,3418.279296875,185296.0,0,1
2021-11-04,3418.279296875,3418.279296875,3418.279296875,3418.279296875,0.0,0,1
2021-11-05,3418.279296875,3418.279296875,3418.279296875,3418.279296875,0.0,0,1
2021-11-08,3452.322239361311,3511.509034201655,3409.003411480618,3501.0087890625,336938.0,0,1
2021-11-09,3380.7517685296702,3426.8957341725545,3329.09868645296,3410.510009765625,1399094.0,0,1
2021-11-10,3417.902604179719,3503.17482224635,3390.1691828190483,3482.927978515625,706755.0,0,1
2021-11-11,3483.4926912611822,3501.290985425138,3421.5278935735955,3431.0390625,298625.0,0,1
2021-11-12,3454.7704124421903,3486.176421306081,3429.014454952961,3472.992431640625,275060.0,0,1
2021-11-15,3484.340668337064,3529.1663321426004,3459.8561122892893,3524.457763671875,320669.0,0,1
2021-11-16,3532.367885838434,3540.8433086516966,3466.447930624174,3475.629638671875,199179.0,0,1
2021-11-17,3475.6292211853047,3484.292939704968,3397.5141296215675,3404.341552734375,250996.0,0,1
2021-11-18,3432.357953667756,3432.357953667756,3347.792022010115,3363.424560546875,248828.0,0,1
2021-11-19,3432.357953667756,3432.357953667756,3347.792022010115,3363.424560546875,248828.0,0,1
2021-11-22,3379.810386119267,3417.008076353792,3361.917826259622,3372.841796875,364653.0,0,1
2021-11-23,3369.262886673338,3456.088832616919,3365.684329093425,3448.6962890625,365672.0,0,1
2021-11-24,3446.671669392629,3459.855659384841,3399.585990849014,3412.157958984375,149025.0,0,1
2021-11-25,3400.0570523123943,3421.9990258166986,3358.150795885888,3365.119384765625,232784.0,0,1
2021-11-26,3352.5007153643646,3423.2235050038344,3327.9690279116776,3348.07470703125,372530.0,0,1
2021-11-29,3343.0834885359905,3343.0834885359905,3266.898945507944,3322.930908203125,281082.0,0,1
2021-11-30,3309.1817235315893,3357.209119063778,3297.033709567082,3338.845703125,633377.0,0,1
2021-12-01,3343.5542481124808,3396.478508212308,3322.365691407079,3329.193115234375,312855.0,0,1
2021-12-02,3333.6663870380394,3397.043762920621,3324.249250351492,3369.92236328125,377041.0,0,1
2021-12-03,3349.675315330417,3384.0007304795395,3343.083320051442,3346.61474609375,313990.0,0,1
2021-12-06,3348.7339595480166,3372.3710656811595,3286.58085456203,3292.41943359375,165986.0,0,1
2021-12-07,3297.9284784217707,3323.307616418826,3264.9213675613687,3271.70166015625,254445.0,0,1
2021-12-08,3286.533205643289,3373.6417102852893,3279.9883423577003,3367.332275390625,326189.0,0,1
2021-12-09,3357.2089428540207,3422.6109055903444,3356.2672292655625,3412.67578125,284117.0,0,1
2021-12-10,3412.6760853222845,3429.7211947563314,3394.3126687111508,3420.727783203125,190379.0,0,1
2021-12-13,3428.77924299569,3445.118066040924,3368.4624404868364,3379.57470703125,311904.0,0,1
2021-12-14,3371.3348186901244,3387.767675665036,3336.538545803353,3371.005126953125,297867.0,0,1
2021-12-15,3362.859384558285,3370.958213768993,3316.244559709325,3335.173095703125,152079.0,0,1
2021-12-16,3343.083173880149,3363.4711807087515,3330.511205755004,3353.0654296875,121782.0,0,1
2021-12-17,3339.3162536497,3348.733389164786,3295.997430280301,3330.040283203125,307396.0,0,1
2021-12-20,3316.715592020816,3324.249301485939,3230.172196504431,3269.53564453125,382144.0,0,1
2021-12-21,3271.4189262196314,3334.937695247389,3259.318043876475,3301.41259765625,222991.0,0,1
2021-12-22,3316.715448481511,3332.347986909332,3281.4954502205187,3293.172607421875,257611.0,0,1
2021-12-23,3298.9170323876174,3352.5004447224733,3297.881055454523,3347.415283203125,163291.0,0,1
2021-12-24,3352.500624432745,3357.209192725488,3313.890364432256,3334.890625,136780.0,0,1
2021-12-27,3333.6659474900293,3337.9507900995595,3302.3068404764485,3308.427978515625,94111.0,0,1
2021-12-28,3325.1907321654226,3354.3838538581804,3306.450723430097,3343.6953125,99497.0,0,1
2021-12-29,3343.695745810652,3361.7297015913077,3319.729177490775,3352.124267578125,163737.0,0,1
2021-12-30,3361.917740749277,3376.9851591952124,3320.529471687711,3365.59033203125,167005.0,0,1
2021-12-31,3376.9850634142745,3412.016764325363,3361.023063432952,3395.8193359375,244207.0,0,1
2022-01-03,3399.5863049633595,3414.6537234895127,3373.4066192920554,3406.6962890625,149689.0,0,1
2022-01-04,3411.8285000071464,3431.4633212634326,3399.586222750703,3426.3779296875,317247.0,0,1
2022-01-05,3425.954021349113,3473.9814141717643,3421.2925850866704,3446.38916015625,245395.0,0,1
2022-01-06,3446.389561005366,3472.0512591747265,3414.465558733215,3460.89208984375,340345.0,0,1
2022-01-07,3470.2146286307207,3523.8923040260943,3468.19003634757,3519.513427734375,241905.0,0,1
2022-01-10,3519.5134337344616,3557.793999814836,3510.614056238461,3548.659423828125,351447.0,0,1
2022-01-11,3548.6595275093136,3579.406385647754,3520.2198217885025,3525.163818359375,206008.0,0,1
2022-01-12,3531.425947011547,3540.607654473777,3475.864845445232,3484.528564453125,311095.0,0,1
2022-01-13,3484.528691825104,3540.7960806375954,3476.1475325687197,3530.531494140625,129143.0,0,1
2022-01-14,3530.531391216304,3536.040277788087,3479.914285601192,3495.68798828125,97013.0,0,1
2022-01-17,3481.5154005467725,3496.3945223548626,3430.0508409989925,3451.521728515625,170221.0,0,1
2022-01-18,3454.2055704696813,3479.349278231175,3400.622157264948,3410.79248046875,168104.0,0,1
2022-01-19,3409.0033731029284,3416.113357059329,3357.2091229591,3367.23828125,129227.0,0,1
2022-01-20,3380.7519293079413,3412.7701927052867,3368.0387953119366,3395.018798828125,173547.0,0,1
2022-01-21,3395.819220559659,3417.4786332254585,3367.285252674345,3407.40234375,162594.0,0,1
2022-01-24,3399.586303294584,3415.1717103070355,3300.70636926524,3318.457763671875,240598.0,0,1
2022-01-25,3297.8811158715685,3357.632799416029,3230.3131632548398,3333.007080078125,306411.0,0,1
2022-01-26,3297.8811158715685,3357.632799416029,3230.3131632548398,3333.007080078125,306411.0,0,1
2022-01-27,3328.95761840487,3328.95761840487,3235.398279088876,3290.488525390625,353612.0,0,1
2022-01-28,3290.4886435679587,3385.4605567128465,3290.4886435679587,3305.085205078125,249034.0,0,1
2022-01-31,3305.4148336093235,3424.070750713248,3305.4148336093235,3329.240234375,462842.0,0,1
2022-02-01,3352.500346855142,3493.7573839417355,3338.4217748076203,3443.469970703125,631482.0,0,1
2022-02-02,3456.0892711690626,3456.0892711690626,3394.6895840502984,3409.992431640625,209928.0,0,1
2022-02-03,3410.886721597852,3439.138130114676,3347.7919092436123,3354.760498046875,203975.0,0,1
2022-02-04,3374.5837450851923,3384.236310031945,3333.666332829608,3354.384033203125,162672.0,0,1
2022-02-07,3354.336853119129,3371.1465335528574,3239.4949207339423,3247.59375,279194.0,0,1
2022-02-08,3240.4365562960825,3286.5805235319176,3219.1537365863546,3270.9951171875,363856.0,0,1
2022-02-09,3304.4732688112904,3334.325546175236,3270.995301852762,3312.336669921875,172750.0,0,1
2022-02-10,3316.715140310317,3337.2916734488017,3281.871738779516,3328.53369140625,172088.0,0,1
2022-02-11,3295.0562122812366,3304.803040969417,3229.136253761749,3277.681640625,340217.0,0,1
2022-02-14,3228.194279608409,3253.620547271603,3190.572866585165,3199.94287109375,209831.0,0,1
2022-02-15,3225.369231204457,3286.5806180740306,3201.8263901007745,3275.185791015625,209065.0,0,1
2022-02-16,3277.163246723353,3294.867507946381,3234.7861357743445,3260.21240234375,190567.0,0,1
2022-02-17,3279.6118872100137,3279.98848068716,3230.0776597062754,3262.190185546875,173362.0,0,1
2022-02-18,3248.9121396652845,3291.289254530484,3243.403022768584,3278.71728515625,121161.0,0,1
2022-02-21,3231.11362210734,3295.997597126556,3230.0776451840243,3272.690185546875,138287.0,0,1
2022-02-22,3206.5349828907424,3294.114352467494,3206.5349828907424,3286.34521484375,246372.0,0,1
2022-02-23,3293.8789317408896,3324.2491970682127,3267.7463778545884,3306.497802734375,326853.0,0,1
2022-02-24,3239.023881218147,3299.764407555862,3215.0101847590504,3245.14501953125,529995.0,0,1
2022-02-25,3234.7859907968736,3243.261412606822,3155.116933819149,3223.25,722637.0,0,1
2022-02-28,3206.534844949741,3239.4948213295474,3133.410875031333,3227.67626953125,426929.0,0,1
2022-03-01,3206.534844949741,3239.4948213295474,3133.410875031333,3227.67626953125,426929.0,0,1
2022-03-02,3221.555120268892,3221.555120268892,3175.2228567523102,3194.05712890625,416582.0,0,1
2022-03-03,3206.5348072279667,3239.0710580822424,3154.740559240437,3170.1845703125,429892.0,0,1
2022-03-04,3154.7407569673514,3196.9767065285864,3084.1122325576343,3174.846435546875,331936.0,0,1
2022-03-07,3107.654903626988,3108.172892093035,2955.6152877331647,2969.646728515625,711477.0,1,0
2022-03-08,2933.437884195604,2994.6492686170213,2872.2264997741872,2932.2607421875,541966.0,1,0
2022-03-09,2960.747654488488,2985.2322088831124,2913.379412889083,2941.772216796875,483468.0,0,1
2022-03-10,3037.026506220683,3058.685920063497,2961.501117846547,3035.095947265625,490457.0,0,1
2022-03-11,3060.569349932364,3066.784751961065,3006.703375355665,3013.389404296875,362091.0,0,1
2022-03-14,3013.3893397820825,3027.6093074984738,2961.783617007285,3000.158447265625,335292.0,0,1
2022-03-15,3000.299712880907,3059.627673305106,2996.2031665064405,3035.001953125,258636.0,0,1
2022-03-16,3054.9190149940578,3124.9355153321417,3043.8538798441878,3120.50927734375,239522.0,0,1
2022-03-17,3128.372860527641,3166.04140791509,3108.1731479732352,3160.343994140625,436218.0,0,1
2022-03-18,3128.372860527641,3166.04140791509,3108.1731479732352,3160.343994140625,436218.0,0,1
2022-03-21,3154.7406210916897,3154.7406210916897,3041.7349869033305,3048.844970703125,354460.0,0,1
2022-03-22,3041.734890358563,3060.569162125489,2949.682387097712,2974.30810546875,583821.0,0,1
2022-03-23,2982.7839535590538,2988.858190999425,2911.778830825913,2921.431396484375,1044283.0,0,1
2022-03-24,2907.070021402665,2947.5637081277428,2900.996014376015,2922.93798828125,459226.0,0,1
2022-03-25,2928.729128323689,2940.73597603627,2894.921703983459,2914.132568359375,339040.0,0,1
2022-03-28,2914.1327231421847,2937.1575745848054,2881.6907357385294,2914.415283203125,310240.0,0,1
2022-03-29,2930.612630293086,2951.330328836289,2910.0832284818043,2922.890625,359318.0,0,1
2022-03-30,2941.5837008400654,2975.815083399724,2933.10827813418,2964.89111328125,450273.0,0,1
2022-03-31,2965.738787599485,3030.905324959679,2963.855360335256,3019.510498046875,413897.0,0,1
2022-04-01,3022.9008726989464,3049.174592058179,3005.620334935959,3042.34716796875,260712.0,0,1
2022-04-04,3041.7347781680046,3085.430195091405,3027.609074863819,3079.4033203125,275388.0,0,1
2022-04-05,3088.820440233584,3121.733282783844,3081.192468523672,3110.8564453125,236853.0,0,1
2022-04-06,3090.7041920042366,3102.946469425338,3064.948231773312,3091.175048828125,245111.0,0,1
2022-04-07,3084.111812415574,3128.3723483494773,3075.3066989411072,3102.0986328125,302703.0,0,1
2022-04-08,3095.4126719044225,3158.790044573228,3095.4126719044225,3152.762939453125,168952.0,0,1
2022-04-11,3152.7630706378886,3173.575034490015,3104.877068968849,3155.352783203125,186130.0,0,1
2022-04-12,3145.323696394522,3168.772275101021,3109.8211365820025,3149.184814453125,238043.0,0,1
2022-04-13,3145.323444337336,3190.5256974296085,3145.323444337336,3154.410888671875,205852.0,0,1
2022-04-14,3145.323444337336,3190.5256974296085,3145.323444337336,3154.410888671875,205852.0,0,1
2022-04-15,3145.323444337336,3190.5256974296085,3145.323444337336,3154.410888671875,205852.0,0,1
2022-04-18,3150.032070700101,3171.597220714664,3113.3523710458085,3148.99609375,197878.0,0,1
2022-04-19,3148.9960148447494,3190.525676565921,3056.14319183789,3077.42578125,296680.0,0,1
2022-04-20,3075.636934320171,3140.615179411442,3053.035805592772,3111.6103515625,235572.0,0,1
2022-04-21,3104.8297822651257,3173.5277443558825,3083.5469626457066,3164.0634765625,152205.0,0,1
2022-04-22,3146.547925352945,3180.6379141576595,3131.197946580079,3168.01904296875,148494.0,0,1
2022-04-25,3088.820304228013,3151.9622408803884,2949.493836792272,3103.79345703125,630312.0,1,0
2022-04-26,3115.470927925016,3203.709440005374,3108.8789331924945,3176.1171875,398545.0,1,0
2022-04-27,3154.740917303228,3187.418336942135,3119.0969615420054,3143.67578125,248769.0,0,1
2022-04-28,3079.4034000976303,3193.868731487037,3072.905668373567,3162.179931640625,322548.0,0,1
2022-04-29,3164.2523930543007,3174.422717399929,3076.1078960479485,3088.11474609375,259398.0,0,1
2022-05-02,3053.03567357713,3093.435097466225,3016.308840983205,3080.6279296875,215783.0,0,1
2022-05-03,3053.03567357713,3093.435097466225,3016.308840983205,3080.6279296875,215783.0,0,1
2022-05-04,3145.323430353774,3386.402112440769,3134.164032207012,3188.124267578125,2871830.0,1,0
2022-05-05,3211.243519880512,3224.003785714348,3069.986473551457,3085.99560546875,623098.0,1,0
2022-05-06,3055.860824493833,3130.1150384954503,3001.335695583422,3115.00048828125,560373.0,1,0
2022-05-09,3091.1748889691503,3143.7225537797376,3037.026357022242,3062.499755859375,403409.0,0,1
2022-05-10,3070.928273169182,3127.0544997794927,3046.4437177866616,3057.320556640625,285192.0,0,1
2022-05-11,3051.152107652093,3092.3992099043157,3008.774995045814,3069.84521484375,269579.0,0,1
2022-05-12,3037.497048584047,3051.1047633683456,2972.895407237454,3029.351318359375,310942.0,0,1
2022-05-13,3037.0265228238904,3127.431033270741,3037.0265228238904,3087.408203125,326757.0,0,1
2022-05-16,3142.498183419485,3143.392765328971,3063.770836995014,3093.434814453125,270772.0,0,1
2022-05-17,3097.296259025235,3185.7230806281937,3093.9531295163542,3172.4921875,277190.0,0,1
2022-05-18,3154.74076651674,3232.5733086876226,3154.74076651674,3196.505859375,435712.0,0,1
2022-05-19,3168.8665784198024,3191.0911135491733,3115.2360295606063,3137.837158203125,394058.0,0,1
2022-05-20,3164.157567839287,3261.907481542144,3156.623859344432,3249.147216796875,525530.0,0,1
2022-05-23,3250.0890970091136,3331.7827526890965,3250.0890970091136,3283.802490234375,524978.0,0,1
2022-05-24,3310.123556072569,3312.9486970877097,3239.495030694065,3268.170166015625,230532.0,0,1
2022-05-25,3288.1813453091136,3319.540454306373,3269.770798367659,3311.535888671875,286553.0,0,1
2022-05-26,3343.0833015269595,3369.31011742006,3308.710754905626,3353.39501953125,545260.0,0,1
2022-05-27,3374.159912585361,3374.4896043177664,3305.650246484165,3350.240478515625,165721.0,0,1
2022-05-30,3353.818683895403,3406.7900732765747,3335.172938761666,3367.80322265625,213495.0,0,1
2022-05-31,3368.1331394339068,3484.3405121170463,3348.027461001116,3435.18310546875,562987.0,0,1
2022-06-01,3436.4072549990497,3455.8535492442147,3327.074211998041,3344.3076171875,241386.0,0,1
2022-06-02,3361.917757497698,3374.913451954171,3301.412654999315,3368.556884765625,213099.0,0,1
2022-06-03,3366.626135634295,3387.438098255163,3289.4056200756904,3324.2490234375,271462.0,0,1
2022-06-06,3324.2492431846767,3328.9578115178,3248.9592815201563,3288.4169921875,153889.0,0,1
2022-06-07,3263.037510036179,3276.1272366547923,3158.507304086968,3186.24072265625,338018.0,0,1
2022-06-08,3187.700582422282,3204.2748339878704,3117.0720613937237,3165.5703125,320103.0,0,1
2022-06-09,3165.2406061120346,3184.9225584938386,3113.305192520446,3152.15087890625,347351.0,0,1
2022-06-10,3122.7225458123694,3175.6939400228475,3108.6911040212863,3164.95849609375,503822.0,0,1
2022-06-13,3144.381791964568,3178.2834824439706,3117.9666788172567,3163.216064453125,463899.0,0,1
2022-06-14,3163.734051966022,3195.234326711438,3135.953500053853,3185.676025390625,224645.0,0,1
2022-06-15,3190.5256957762817,3204.5571365355177,3156.6711376370345,3188.0771484375,245702.0,0,1
2022-06-16,3201.9206950673392,3231.8670054122003,3175.505581023393,3192.785888671875,481507.0,0,1
2022-06-17,3192.7857531113723,3192.7857531113723,3107.9374942191853,3137.884033203125,527370.0,0,1
2022-06-20,3161.258194926043,3256.958008549222,3133.429496465161,3236.5537109375,364703.0,0,1
2022-06-21,3236.553455423013,3326.840898256283,3233.1526614641307,3285.121826171875,223641.0,0,1
2022-06-22,3268.5493275758804,3309.645589873282,3243.8339898711347,3260.55029296875,170854.0,0,1
2022-06-23,3271.37531054016,3302.8922371309013,3247.953307948252,3268.0224609375,351311.0,0,1
2022-06-24,3284.834621938294,3357.5914108399843,3284.834621938294,3323.48828125,301133.0,0,1
2022-06-27,3354.7652044955585,3358.549087634012,3302.317062020935,3313.6689453125,419730.0,0,1
2022-06-28,3309.741496109295,3324.0149621223445,3245.606320550381,3290.294921875,182574.0,0,1
2022-06-29,3290.2949306183573,3310.316372666958,3218.735587982212,3261.029296875,374478.0,0,1
2022-06-30,3237.894716676712,3336.707889405868,3237.894716676712,3320.662109375,479308.0,0,1
2022-07-01,3268.549335224512,3448.6452540469645,3268.549335224512,3433.6533203125,292487.0,0,1
2022-07-04,3424.696406812332,3557.325511791817,3424.696406812332,3544.8720703125,614359.0,1,0
2022-07-05,3553.0623291680004,3557.8521139201816,3483.131471786155,3502.865478515625,612519.0,0,1
2022-07-06,3496.6866279350147,3679.416924531966,3489.1188612332567,3669.74169921875,1043070.0,1,0
2022-07-07,3667.059400834919,3718.884968153738,3640.0930047998527,3650.0556640625,519620.0,1,0
2022-07-08,3668.975262416236,3689.04441453071,3633.0518753821343,3656.473876953125,379513.0,0,1
2022-07-11,3668.208826733871,3678.93789815128,3621.0773900199656,3635.829833984375,208602.0,0,1
2022-07-12,3623.951425419512,3628.5976105410527,3559.9119047505187,3568.868896484375,283587.0,0,1
2022-07-13,3574.185385704808,3603.929996282134,3556.032147969601,3569.34765625,164377.0,0,1
2022-07-14,3569.3478517707385,3629.699143950437,3556.94235515349,3615.473388671875,265732.0,0,1
2022-07-15,3625.8672082767152,3700.396308897119,3620.215355584447,3687.08056640625,660790.0,0,1
2022-07-18,3697.713786432004,3716.8729252218072,3600.9601355434984,3616.239501953125,455399.0,0,1
2022-07-19,3616.239649097259,3637.4585364960826,3584.9624473007243,3628.214111328125,228968.0,0,1
2022-07-20,3645.026478381059,3687.176587460892,3634.34535110791,3667.346923828125,440495.0,0,1
2022-07-21,3682.3868144939047,3703.222379846465,3660.3538028567145,3693.4033203125,282104.0,0,1
2022-07-22,3697.714056205348,3763.813089852542,3682.051365551502,3708.6826171875,433423.0,0,1
2022-07-25,3708.682714112318,3750.401789736356,3688.134582499353,3722.525146484375,290157.0,0,1
2022-07-26,3736.0323394394513,3736.0323394394513,3635.925831882677,3647.0859375,267527.0,0,1
2022-07-27,3640.236563461772,3701.449921596866,3622.1789806425336,3692.4931640625,200264.0,0,1
2022-07-28,3701.0670003794594,3718.7892055061634,3675.106271210932,3706.671142578125,316008.0,0,1
2022-07-29,3719.747168478192,3783.307711327816,3713.903537011729,3736.41552734375,418970.0,0,1
2022-08-01,3736.415451463796,3751.359674463117,3676.8305718469046,3693.546875,323129.0,0,1
2022-08-02,3712.0834257632414,3744.653964208648,3600.0983444823187,3628.884765625,355859.0,0,1
2022-08-03,3621.077617291114,3633.866437347119,3569.395881671425,3611.498046875,428088.0,0,1
2022-08-04,3604.552531898733,3632.572772828382,3569.347613807635,3616.33544921875,506667.0,0,1
2022-08-05,3587.548918813398,3674.6271154418528,3524.1801576297044,3533.041259765625,798850.0,0,1
2022-08-08,3533.0414488651327,3546.2610689015205,3460.907237057704,3478.72509765625,310094.0,0,1
2022-08-09,3533.0414488651327,3546.2610689015205,3460.907237057704,3478.72509765625,310094.0,0,1
2022-08-10,3486.9635284593246,3520.300479297862,3471.6841608722266,3494.3876953125,191222.0,0,1
2022-08-11,3511.870425129818,3527.964149794365,3479.491431172525,3487.2509765625,167070.0,0,1
2022-08-12,3496.542976088061,3513.115678612982,3455.973404445156,3505.883056640625,228587.0,0,1
2022-08-15,3496.542976088061,3513.115678612982,3455.973404445156,3505.883056640625,228587.0,0,1
2022-08-16,3523.4139068274826,3567.38404102713,3520.492091105877,3535.29248046875,239514.0,0,1
2022-08-17,3537.735334216409,3558.7624443829586,3526.3834497884563,3549.42236328125,353941.0,0,1
2022-08-18,3555.936441794801,3570.257852402324,3526.2877189381634,3537.783203125,232262.0,0,1
2022-08-19,3537.783117959011,3553.4935190856645,3489.3104005875903,3508.5654296875,177955.0,0,1
2022-08-22,3508.565351028142,3576.0533728620967,3482.2215343247644,3521.880859375,366371.0,0,1
2022-08-23,3496.542815531371,3549.182502376253,3485.047332302227,3524.0361328125,189150.0,0,1
2022-08-24,3522.4079760323643,3532.945503292728,3483.562771947325,3505.308349609375,187721.0,0,1
2022-08-25,3522.838966301068,3523.557434059924,3486.9635229840724,3493.2861328125,208578.0,0,1
2022-08-26,3510.7689230526244,3513.7863941536007,3474.606045086621,3496.686767578125,220796.0,0,1
2022-08-29,3465.8885329595287,3573.179720270603,3434.515440241335,3551.769287109375,525684.0,0,1
2022-08-30,3560.726171835914,3607.809664872925,3560.726171835914,3590.183349609375,467342.0,0,1
2022-08-31,3560.726171835914,3607.809664872925,3560.726171835914,3590.183349609375,467342.0,0,1
2022-09-01,3573.179520434692,3587.931964314419,3517.7139050754813,3561.82763671875,314888.0,0,1
2022-09-02,3579.6455631589506,3600.864215637497,3544.440645932459,3548.511962890625,202152.0,0,1
2022-09-05,3526.23959589415,3558.8101327755417,3504.302474898051,3508.61328125,234232.0,0,1
2022-09-06,3517.618278073922,3537.352286800973,3443.855585423679,3457.075439453125,390746.0,0,1
2022-09-07,3448.6450025220124,3520.3002287941,3437.1495191802724,3513.690185546875,287734.0,0,1
2022-09-08,3528.155671269906,3531.987499313642,3480.161931471624,3518.24072265625,384831.0,0,1
2022-09-09,3530.550415791654,3544.440791867893,3488.735687567806,3496.06396484375,134487.0,0,1
2022-09-12,3496.06396484375,3496.06396484375,3496.06396484375,3496.06396484375,0.0,0,1
2022-09-13,3510.9125179100024,3606.708220990767,3510.9125179100024,3599.715087890625,398871.0,0,1
2022-09-14,3552.104279517364,3603.5465196380464,3552.104279517364,3589.464599609375,389253.0,0,1
2022-09-15,3606.708146288748,3629.699114551944,3556.942326344285,3565.0849609375,311462.0,0,1
2022-09-16,3547.8414707015786,3584.100000542482,3468.8579678007723,3486.5322265625,559137.0,0,1
2022-09-19,3482.173666698699,3489.022965642543,3414.254609501198,3441.31689453125,211795.0,0,1
2022-09-20,3458.5601506479343,3510.912407179952,3450.5611161424795,3497.117919921875,346604.0,0,1
2022-09-21,3492.7113450105558,3629.69920083516,3484.089731706909,3607.330810546875,773841.0,0,1
2022-09-22,3605.75007087892,3674.196050289728,3593.2966301452784,3665.095458984375,687172.0,0,1
2022-09-23,3665.0956828150393,3681.23735245607,3623.32889628336,3637.075439453125,326581.0,0,1
2022-09-26,3637.075364824899,3666.915866272489,3616.766722810953,3628.26220703125,626882.0,0,1
2022-09-27,3646.4155449795335,3726.261358182921,3640.236768818233,3663.371337890625,584760.0,0,1
2022-09-28,3657.383779608917,3705.377516797341,3636.0215265277297,3691.19970703125,364917.0,0,1
2022-09-29,3708.682412275215,3710.1672923329543,3649.8160040765706,3702.024658203125,450207.0,0,1
2022-09-30,3707.293701793893,3724.2015498032624,3659.443794976217,3681.476806640625,309896.0,0,1
2022-10-03,3699.629887873253,3715.148744304521,3595.97898854081,3610.491943359375,251830.0,0,1
2022-10-04,3646.942407837975,3665.766169899256,3616.814706064099,3657.62353515625,153835.0,0,1
2022-10-05,3646.942407837975,3665.766169899256,3616.814706064099,3657.62353515625,153835.0,0,1
2022-10-06,3675.9206825186943,3685.88334226762,3602.589023717438,3609.151123046875,308216.0,0,1
2022-10-07,3617.245798309844,3635.4469821466782,3575.3351776329223,3626.489990234375,318472.0,0,1
2022-10-10,3592.338667011571,3651.731999639496,3560.726086741869,3638.177001953125,185199.0,0,1
2022-10-11,3656.3781849004326,3660.066178939873,3561.6840440779965,3571.167724609375,202644.0,0,1
2022-10-12,3589.0338902552176,3615.712852714957,3569.683205387138,3604.792236328125,271156.0,0,1
2022-10-13,3612.934800695045,3634.488833047064,3591.2848790931967,3625.484130859375,156770.0,0,1
2022-10-14,3640.332515136089,3654.5100917359264,3610.779447925456,3636.644287109375,350141.0,0,1
2022-10-17,3642.056781198716,3642.056781198716,3594.781741543688,3618.874267578125,93315.0,0,1
2022-10-18,3636.979689892914,3644.97849062746,3590.9977532589687,3608.48046875,189866.0,0,1
2022-10-19,3611.497726450552,3630.177887104607,3584.674931665243,3610.060791015625,182278.0,0,1
2022-10-20,3604.792098775261,3643.014488546894,3590.087365650978,3630.800537109375,230082.0,0,1
2022-10-21,3633.530842073708,3654.17486186416,3603.4510863120095,3633.243408203125,404955.0,0,1
2022-10-24,3633.243408203125,3633.243408203125,3633.243408203125,3633.243408203125,0.0,0,1
2022-10-25,3644.0684322254833,3644.9304999759943,3534.861334098852,3556.990234375,228569.0,0,1
2022-10-26,3644.0684322254833,3644.9304999759943,3534.861334098852,3556.990234375,228569.0,0,1
2022-10-27,3557.852344235612,3611.402047681021,3545.6863369527537,3597.416015625,317971.0,0,1
2022-10-28,3608.624174013064,3632.57310004182,3575.095677572804,3618.874267578125,215005.0,0,1
2022-10-31,3628.7412468500834,3640.236731264603,3582.1367306700427,3608.193115234375,198318.0,0,1
2022-11-01,3621.077554736999,3648.4752192042815,3597.176573736929,3628.7412109375,338873.0,0,1
2022-11-02,3628.7412277173617,3634.872059155622,3558.1398414190144,3567.384033203125,185469.0,0,1
2022-11-03,3551.14658244426,3602.4452263303456,3549.661702325938,3596.218505859375,140994.0,0,1
2022-11-04,3590.470817217915,3654.5580476205782,3588.6505585736318,3644.260009765625,258490.0,0,1
2022-11-07,3764.818837292825,4013.839704906724,3764.818837292825,3965.223388671875,3142443.0,1,0
2022-11-08,3764.818837292825,4013.839704906724,3764.818837292825,3965.223388671875,3142443.0,0,1
2022-11-09,3965.9420342395033,4058.863864510333,3965.9420342395033,3999.805908203125,1198458.0,1,0
2022-11-10,3978.012410120994,4013.5045305692447,3935.574633533466,3960.81689453125,417581.0,0,1
2022-11-11,3980.6469182003775,4001.3865947664026,3913.25454623432,3926.33056640625,344558.0,0,1
2022-11-14,3927.623597691344,3978.8742958563407,3903.291584075644,3931.40771484375,336120.0,0,1
2022-11-15,3951.093824436982,3978.970467942891,3911.578096407396,3965.319580078125,325881.0,0,1
2022-11-16,3953.249020689699,3970.731735811184,3921.636439922083,3957.79931640625,149924.0,0,1
2022-11-17,3946.7830846277584,3975.521796409029,3932.557328745536,3951.7646484375,238478.0,0,1
2022-11-18,3964.026102989705,3964.026102989705,3890.359302552783,3933.419189453125,281217.0,0,1
2022-11-21,3944.8669416494367,3974.563608767244,3922.9298198129,3946.83056640625,288522.0,0,1
2022-11-22,3960.146413106621,3989.172322269024,3934.904153333697,3982.802001953125,319387.0,0,1
2022-11-23,3985.1012632925513,4017.719513214432,3965.4631440864223,3980.455078125,247440.0,0,1
2022-11-24,3996.596540743266,4032.567638422952,3980.454871998262,4014.989501953125,231515.0,0,1
2022-11-25,4034.915173726906,4034.915173726906,3973.8931213442434,4007.80517578125,244021.0,0,1
2022-11-28,3993.578992893185,4051.487210860118,3986.058937156524,4035.92041015625,222792.0,0,1
2022-11-29,4047.368353437065,4121.131042955327,4047.368353437065,4105.18115234375,598884.0,0,1
2022-11-30,4117.251350925869,4203.419299822464,4109.683116652447,4178.8955078125,1101544.0,0,1
2022-12-01,4181.050800799755,4225.069109561382,4153.078738633112,4216.2080078125,501703.0,0,1
2022-12-02,4215.01113775625,4257.208959886659,4196.139196243032,4246.52783203125,530333.0,0,1
2022-12-05,4236.900377075964,4241.498383755217,4186.2722540909845,4218.22021484375,212913.0,0,1
2022-12-06,4213.956722648577,4264.488951627299,4197.815054533327,4238.3369140625,349352.0,0,1
2022-12-07,4238.337389190964,4248.539538274659,4199.0611499419765,4208.83203125,252294.0,0,1
2022-12-08,4208.8321526693935,4255.867938970109,4199.875628150105,4210.12548828125,282421.0,0,1
2022-12-09,4216.927073011574,4240.301132251056,4199.875624060861,4224.8779296875,233437.0,0,1
2022-12-12,4233.259962491504,4252.419103707794,4199.683754610943,4246.1923828125,233360.0,0,1
2022-12-13,4264.824528485455,4264.824528485455,4224.590334820497,4240.4443359375,158169.0,0,1
2022-12-14,4253.328641380763,4259.076382788034,4205.526685560768,4224.302734375,195654.0,0,1
2022-12-15,4242.1209942411815,4296.437345780462,4226.506481512463,4277.70947265625,370501.0,0,1
2022-12-16,4272.009119061435,4288.916966076356,4231.008747737508,4257.83154296875,346508.0,0,1
2022-12-19,4267.697976391632,4346.250441950355,4237.522334134317,4336.19189453125,330662.0,0,1
2022-12-20,4338.587504577925,4343.329579103875,4279.2418778857245,4319.47607421875,206833.0,0,1
2022-12-21,4319.47579964128,4339.545185780246,4220.902118441925,4233.068359375,303234.0,0,1
2022-12-22,4257.160764046793,4259.412056471155,4192.977647217104,4206.8203125,243325.0,0,1
2022-12-23,4191.205566940118,4214.0052246917285,4142.302048118319,4149.77392578125,224215.0,0,1
2022-12-26,4134.063156497409,4214.914628329475,4132.434442605565,4191.39697265625,166686.0,0,1
2022-12-27,4196.522505920893,4215.010889311667,4167.113038296761,4185.5537109375,138087.0,0,1
2022-12-28,4178.608500198054,4222.147833638785,4178.608500198054,4201.5517578125,159245.0,0,1
2022-12-29,4191.062014854495,4205.191881076004,4115.910098595721,4165.484375,244626.0,0,1
2022-12-30,4172.094497354219,4191.014148030997,4117.825859312295,4126.35205078125,117753.0,0,1
2023-01-02,4195.803724974376,4195.803724974376,4095.361845342767,4111.69482421875,255314.0,0,1
2023-01-03,4076.202940064869,4115.047909464599,4029.4543576320343,4063.510009765625,496975.0,0,1
2023-01-04,4076.059673074004,4096.224482548701,4039.0824361590594,4056.9482421875,216319.0,0,1
2023-01-05,4056.947926480234,4202.557391610103,4056.947926480234,4131.8603515625,686633.0,0,1
2023-01-06,4131.8602728107735,4185.314085705766,4128.794623344439,4175.7822265625,297438.0,0,1
2023-01-09,4195.851145312318,4203.418911133524,4153.892820960149,4180.81103515625,170110.0,0,1
2023-01-10,4176.692213827877,4179.566084617209,4135.787265825435,4144.93603515625,235445.0,0,1
2023-01-11,4144.12185788404,4175.399059446803,4117.299062687379,4132.91357421875,224668.0,0,1
2023-01-12,4137.703923104454,4158.395890055836,4103.888224508635,4118.4970703125,248083.0,0,1
2023-01-13,4123.046850607967,4186.942768409579,4107.192849656532,4153.79736328125,183772.0,0,1
2023-01-16,4153.796990558101,4163.711937982805,4119.214653059842,4128.4111328125,84814.0,0,1
2023-01-17,4127.836816970949,4189.098355764966,4111.312058304728,4178.65625,169798.0,0,1
2023-01-18,4176.692250023282,4236.085580184164,4172.429154547867,4208.9755859375,192855.0,0,1
2023-01-19,4195.660077643408,4214.963286297773,4173.914733378292,4188.5712890625,139431.0,0,1
2023-01-20,4178.608514891111,4178.608514891111,4131.525020980138,4137.36865234375,154486.0,0,1
2023-01-23,4147.953577234006,4174.249682509354,4137.559650816782,4155.4736328125,119143.0,0,1
2023-01-24,4167.879009487763,4223.584581649077,4141.439771244673,4211.2265625,135586.0,0,1
2023-01-25,4199.6832636191375,4257.160680548232,4176.6922968475,4203.65869140625,288089.0,0,1
2023-01-26,4199.6832636191375,4257.160680548232,4176.6922968475,4203.65869140625,288089.0,0,1
2023-01-27,4248.539410453102,4252.371238557232,4170.753112838301,4196.23486328125,340484.0,0,1
2023-01-30,4211.657991435812,4232.254067135998,4138.374280223521,4221.47705078125,218721.0,0,1
2023-01-31,4232.253483962863,4232.253483962863,4084.7281248568697,4136.07470703125,605699.0,0,1
2023-02-01,4147.858199047587,4257.640172163831,4144.936617102541,4187.1826171875,622541.0,0,1
2023-02-02,4328.959573247462,4402.769966193325,4186.271704148136,4380.78466796875,1669243.0,1,0
2023-02-03,4397.022535610928,4463.840034926584,4377.959285270639,4434.2392578125,517467.0,1,0
2023-02-06,4411.392109069133,4440.4180198845015,4406.602323934421,4431.173828125,315190.0,0,1
2023-02-07,4443.962776537868,4467.911702904207,4403.44138022701,4413.16455078125,327040.0,0,1
2023-02-08,4411.3442431521535,4445.159937912786,4385.527115083181,4401.62060546875,252710.0,0,1
2023-02-09,4401.669148632823,4460.3440193301885,4382.797207201414,4442.38232421875,284415.0,0,1
2023-02-10,4464.079754607707,4472.893146374438,4403.776172538365,4428.34814453125,207919.0,0,1
2023-02-13,4406.60241816287,4441.088871870232,4386.485320166909,4395.10693359375,185536.0,0,1
2023-02-14,4397.309726308018,4429.593063547736,4388.40091351907,4406.45849609375,245495.0,0,1
2023-02-15,4406.458212946518,4406.458212946518,4339.736607307691,4395.53759765625,197822.0,0,1
2023-02-16,4403.728712240438,4423.749921732322,4374.989999739412,4379.77978515625,160313.0,0,1
2023-02-17,4377.863119898803,4395.106344441074,4324.983710868211,4342.658203125,203456.0,0,1
2023-02-20,4344.574615228263,4353.914696259843,4257.161036342958,4266.548828125,308681.0,0,1
2023-02-21,4267.651084121992,4337.486061760361,4263.483877270103,4314.01611328125,229380.0,0,1
2023-02-22,4315.596125587092,4349.986687066257,4289.444087554093,4295.9580078125,262918.0,0,1
2023-02-23,4301.226556138029,4306.974297638436,4238.767578065977,4264.34521484375,210031.0,0,1
2023-02-24,4272.488020344806,4306.543203002416,4233.83436365062,4255.771484375,234456.0,0,1
2023-02-27,4242.360363523824,4282.067869007435,4191.061952328306,4203.7548828125,162723.0,0,1
2023-02-28,4205.431137542374,4287.096969996927,4195.851567752984,4274.16455078125,349283.0,0,1
2023-03-01,4252.371401464688,4267.267446689172,4172.046608204166,4195.66015625,331092.0,0,1
2023-03-02,4205.431471393067,4219.800827217872,4160.455200560438,4209.455078125,147032.0,0,1
2023-03-03,4215.011210010454,4257.879789930446,4196.235157433546,4226.458984375,212204.0,0,1
2023-03-06,4204.473595105625,4204.473595105625,4099.960384848357,4138.23095703125,681562.0,0,1
2023-03-07,4204.473595105625,4204.473595105625,4099.960384848357,4138.23095703125,681562.0,0,1
2023-03-08,4138.230879590329,4186.272332371282,4124.723591557814,4157.1982421875,228626.0,0,1
2023-03-09,4157.198410454667,4167.113359930517,4095.4583563825913,4111.2646484375,242653.0,0,1
2023-03-10,4126.30370281075,4178.368756971401,4102.690157372446,4129.75244140625,367075.0,0,1
2023-03-13,4127.836651698346,4163.328770920283,4109.635468968649,4126.49560546875,282671.0,0,1
2023-03-14,4133.584189171883,4161.269051140998,4097.181825512895,4112.46142578125,197998.0,0,1
2023-03-15,4133.584287346564,4141.870521509996,4059.43851210432,4064.707275390625,195193.0,0,1
2023-03-16,4084.681351379677,4138.37465957244,4071.317662773812,4129.94482421875,260044.0,0,1
2023-03-17,4144.074400812055,4186.272220880358,4124.579881702086,4179.13525390625,294948.0,0,1
2023-03-20,4181.099165592386,4183.015079569402,4083.291663515234,4149.72607421875,176552.0,0,1
2023-03-21,4171.90274425339,4201.599411319258,4080.8968290515368,4085.3994140625,231876.0,0,1
2023-03-22,4099.097713190271,4099.097713190271,4052.157823508962,4066.00048828125,146015.0,0,1
2023-03-23,4071.317606642844,4076.5863706043815,4020.306391924319,4064.32470703125,197372.0,0,1
2023-03-24,4063.653485706792,4063.653485706792,4013.6961230386055,4023.37158203125,198393.0,0,1
2023-03-27,4046.458515315386,4066.815103761628,4022.270098455734,4037.597412109375,283791.0,0,1
2023-03-28,4051.679165329706,4051.679165329706,3978.39545421782,4023.41943359375,224554.0,0,1
2023-03-29,4028.209288373672,4117.251580909691,4022.4138354759234,4096.416015625,316461.0,0,1
2023-03-30,4028.209288373672,4117.251580909691,4022.4138354759234,4096.416015625,316461.0,0,1
2023-03-31,4097.613198158767,4151.593698817576,4078.0705019131856,4140.43359375,244995.0,0,1
2023-04-03,4161.365336089238,4163.28125014821,4102.307378771888,4142.25390625,365323.0,0,1
2023-04-04,4161.365336089238,4163.28125014821,4102.307378771888,4142.25390625,365323.0,0,1
2023-04-05,4151.785943799841,4175.63898130625,4114.425618048066,4145.60693359375,390846.0,0,1
2023-04-06,4145.84623425539,4145.84623425539,4108.00693168975,4119.0234375,208718.0,0,1
2023-04-07,4145.84623425539,4145.84623425539,4108.00693168975,4119.0234375,208718.0,0,1
2023-04-10,4119.023257644126,4119.023257644126,4064.6114879886177,4087.027587890625,253654.0,0,1
2023-04-11,4087.02776159082,4124.292196346394,4079.220505380528,4097.517578125,248398.0,0,1
2023-04-12,4097.5176003769175,4118.065498041791,4083.770823430642,4091.7216796875,325329.0,0,1
2023-04-13,4130.404373164022,4238.560750946802,4114.375602544028,4154.958984375,454438.0,0,1
2023-04-14,4130.404373164022,4238.560750946802,4114.375602544028,4154.958984375,454438.0,0,1
2023-04-17,4168.405490637337,4292.151983697399,4150.574493363619,4227.453125,631457.0,0,1
2023-04-18,4239.486773809031,4262.822932955365,4180.098011518255,4191.64453125,190132.0,0,1
2023-04-19,4215.175890754912,4215.175890754912,4161.049169198072,4183.849609375,347248.0,0,1
2023-04-20,4184.970121968217,4207.868095860244,4137.517534700039,4147.35888671875,164008.0,0,1
2023-04-21,4149.891924302977,4223.944938213995,4139.465849140777,4216.92919921875,273401.0,0,1
2023-04-24,4216.929482987739,4228.281411896668,4186.918713007966,4200.56005859375,182843.0,0,1
2023-04-25,4202.508943569856,4297.998365426995,4200.560179858485,4289.7646484375,353719.0,0,1
2023-04-26,4287.279946438706,4309.544665860481,4258.827807394303,4292.15185546875,306037.0,0,1
2023-04-27,4294.100746699815,4315.878275865805,4284.356928350145,4302.72412109375,179769.0,0,1
2023-04-28,4302.821916340445,4447.907285243773,4295.708643048779,4436.896484375,482939.0,0,1
2023-05-01,4302.821916340445,4447.907285243773,4295.708643048779,4436.896484375,482939.0,0,1
2023-05-02,4448.29704171506,4487.759509310363,4384.718621700404,4395.4853515625,261449.0,0,1
2023-05-03,4374.974362835101,4431.488508279296,4329.519546179718,4411.1240234375,525015.0,0,1
2023-05-04,4411.075174790949,4478.258993825816,4394.46215451576,4469.5380859375,244670.0,0,1
2023-05-05,4476.943269603654,4518.159905459218,4466.955856092554,4507.490234375,332347.0,0,1
2023-05-08,4521.131545948972,4579.594453870726,4456.383685116684,4480.59716796875,831450.0,0,1
2023-05-09,4505.541675596945,4514.55470771184,4465.1533575947615,4477.4306640625,367650.0,0,1
2023-05-10,4511.095931739981,4548.219500351715,4469.002444666691,4486.97998046875,368807.0,0,1
2023-05-11,4492.095220967489,4532.824190408991,4487.02824523504,4516.40576171875,282060.0,0,1
2023-05-12,4515.285569382581,4555.235225909272,4483.959287528935,4498.23388671875,311033.0,0,1
2023-05-15,4528.780800129531,4559.132699759732,4503.057214310797,4512.21630859375,276965.0,0,1
2023-05-16,4513.336472730961,4540.8142296485,4448.052892490681,4488.87939453125,263119.0,0,1
2023-05-17,4491.900390159065,4520.352530878575,4466.2253329046525,4513.2392578125,268353.0,0,1
2023-05-18,4530.875135286002,4536.234234908383,4441.232014329806,4447.41943359375,155214.0,0,1
2023-05-19,4470.463930601855,4475.433373194447,4369.2742802614575,4384.572265625,367664.0,0,1
2023-05-22,4384.718223109775,4423.937091660923,4370.102495699409,4383.6953125,172174.0,0,1
2023-05-23,4372.051241536622,4464.178852628895,4371.076859713236,4405.8134765625,297514.0,0,1
2023-05-24,4421.939748221994,4452.827366329556,4386.03368314352,4404.0107421875,302733.0,0,1
2023-05-25,4462.668851500561,4584.905244303128,4417.116500232514,4446.396484375,861989.0,0,1
2023-05-26,4464.6176888220125,4505.736793681011,4446.250495580608,4478.4541015625,231911.0,0,1
2023-05-29,4493.313340370554,4506.613557373498,4449.027495295681,4458.04052734375,194968.0,0,1
2023-05-30,4465.592019915404,4505.054484852471,4446.104382909446,4456.091796875,199772.0,0,1
2023-05-31,4453.899264262283,4563.322151480497,4448.296568841258,4537.74462890625,1536463.0,0,1
2023-06-01,4535.747459283648,4535.747459283648,4470.025213952422,4516.50341796875,188427.0,0,1
2023-06-02,4518.208879130572,4597.816070825125,4516.601244146913,4534.91943359375,359550.0,0,1
2023-06-05,4540.521966312898,4591.774547665189,4537.744882837816,4562.640625,349558.0,0,1
2023-06-06,4562.640728552426,4596.841628010556,4553.3350960491,4584.8564453125,185910.0,0,1
2023-06-07,4594.2103577516045,4782.217523358154,4594.2103577516045,4767.79638671875,1390193.0,1,0
2023-06-08,4776.321913705216,4788.842814631702,4732.085076404468,4750.15966796875,381452.0,0,1
2023-06-09,4761.121528891432,4852.421292515372,4712.207848715434,4753.76513671875,820375.0,0,1
2023-06-12,4773.496866390746,4784.215067152186,4740.36788221902,4774.71484375,233763.0,0,1
2023-06-13,4779.294517920259,4824.797865541654,4766.968206712983,4813.5439453125,326814.0,0,1
2023-06-14,4820.266748704782,4849.498202608389,4795.907203785109,4815.0537109375,234174.0,0,1
2023-06-15,4823.190073291499,4891.2992682628965,4788.404451544869,4847.98828125,452909.0,0,1
2023-06-16,4847.988411718415,4929.008168157299,4842.67784027676,4915.46435546875,407485.0,0,1
2023-06-19,4920.628467457802,4934.6594712996375,4874.150261723547,4892.419921875,197576.0,0,1
2023-06-20,4892.419589298434,4932.807905570025,4879.752625787835,4926.9130859375,251372.0,0,1
2023-06-21,4940.700632484918,4954.975231227001,4916.389615369199,4939.67724609375,272200.0,0,1
2023-06-22,4935.243778368153,4941.966917581053,4847.549417054602,4859.29052734375,145196.0,0,1
2023-06-23,4844.675008542779,4859.193678490616,4818.6102944772965,4843.45703125,191942.0,0,1
2023-06-26,4851.398970843845,4893.345921498742,4825.431312486379,4880.8740234375,179192.0,0,1
2023-06-27,4872.444741924505,4908.740464140201,4822.361612330341,4827.3310546875,175475.0,0,1
2023-06-28,4861.191046235384,4891.348354780655,4832.836439265823,4864.26025390625,253814.0,0,1
2023-06-29,4861.191046235384,4891.348354780655,4832.836439265823,4864.26025390625,253814.0,0,1
2023-06-30,4862.360442578133,4903.4305419315215,4828.110540324369,4895.830078125,196106.0,0,1
2023-07-03,4906.012277666428,4919.263965070406,4862.262630761868,4879.99609375,139105.0,0,1
2023-07-04,4879.996126659726,4896.170959521939,4845.161977680706,4881.798828125,121493.0,0,1
2023-07-05,4896.0736529993455,4984.35274238319,4833.42109133315,4965.54736328125,186513.0,0,1
2023-07-06,5065.8113927419645,5135.333635015533,4989.80960612264,5041.01318359375,966410.0,0,1
2023-07-07,5041.012655637044,5056.602764080016,4913.7097715368745,4925.0126953125,224712.0,0,1
2023-07-10,4943.039076957921,4968.811666948628,4863.626956955542,4902.943359375,308544.0,0,1
2023-07-11,4920.628219235683,5025.082141248013,4920.628219235683,4953.65966796875,385742.0,0,1
2023-07-12,4953.659834207903,4983.817143030947,4913.174458304896,4943.916015625,180640.0,0,1
2023-07-13,4959.506162070315,5016.117843610531,4941.529102115218,4959.94482421875,232034.0,0,1
2023-07-14,4986.8864707136845,5018.066690929167,4954.829401959122,5001.697265625,220335.0,0,1
2023-07-17,5018.018052405263,5065.811292350158,4989.90704057752,5011.6845703125,272290.0,0,1
2023-07-18,5018.066300537276,5028.345838280887,4922.5768835561785,4934.41552734375,189358.0,0,1
2023-07-19,4951.75971863208,5012.219918278262,4920.725563524817,4936.12060546875,353528.0,0,1
2023-07-20,4940.11594644644,4963.501110689973,4887.54785568171,4923.11279296875,327126.0,0,1
2023-07-21,4931.882143390989,4978.068222582919,4871.909132281553,4917.705078125,438176.0,0,1
2023-07-24,4917.704779936375,4918.67916170375,4817.538524559272,4841.60546875,224646.0,0,1
2023-07-25,4878.729799857261,4878.729799857261,4750.111398902366,4760.43994140625,396810.0,0,1
2023-07-26,4774.471266251914,4866.989017118147,4754.983628430478,4855.9296875,231869.0,0,1
2023-07-27,4837.80571557792,4887.499188185065,4641.759903924706,4748.55224609375,558492.0,0,1
2023-07-28,4778.368604612141,4832.349264085622,4726.726366430158,4777.7353515625,357681.0,0,1
2023-07-31,4779.440633929649,4784.604667562201,4643.173233450567,4671.13818359375,800189.0,0,1
2023-08-01,4701.489935861889,4719.418466656929,4628.411297480704,4693.9384765625,413904.0,0,1
2023-08-02,4715.033514441071,4715.033514441071,4647.80117046578,4686.24072265625,395487.0,0,1
2023-08-03,4686.72796550799,4695.156272988777,4647.801221987638,4676.009765625,239070.0,0,1
2023-08-04,4667.288555953358,4708.2125892205895,4644.536647065798,4675.57080078125,401478.0,0,1
2023-08-07,4629.287825489397,4691.648259257303,4499.890115729933,4540.37548828125,1079453.0,0,1
2023-08-08,4514.067105736503,4557.6221607859125,4478.307104779347,4487.369140625,533341.0,0,1
2023-08-09,4501.546457633316,4514.652083370519,4457.796809239191,4483.033203125,912658.0,0,1
2023-08-10,4483.130955768471,4500.328700511692,4415.21634954622,4424.13232421875,587011.0,0,1
2023-08-11,4423.693235123514,4444.155252290385,4374.633017857046,4394.75390625,1112908.0,0,1
2023-08-14,4403.91378337891,4409.077816811195,4340.871088153342,4384.32861328125,557851.0,0,1
2023-08-15,4403.91378337891,4409.077816811195,4340.871088153342,4384.32861328125,557851.0,0,1
2023-08-16,4373.610550592751,4396.946710882497,4308.131898713268,4383.2568359375,518358.0,0,1
2023-08-17,4383.256664920687,4409.07778343139,4357.727670650211,4386.27734375,394002.0,0,1
2023-08-18,4383.7438426095705,4438.114158283641,4346.717333158767,4418.8701171875,423415.0,0,1
2023-08-21,4439.235062975852,4443.181119055537,4383.256636857748,4394.94921875,244783.0,0,1
2023-08-22,4408.882850525324,4409.029388422261,4374.974552100849,4396.06982421875,217446.0,0,1
2023-08-23,4438.308874275577,4438.308874275577,4369.810027512817,4396.84912109375,346764.0,0,1
2023-08-24,4422.036668682159,4442.693752852374,4399.772425492022,4426.42138671875,357303.0,0,1
2023-08-25,4428.1760870965145,4443.23000201935,4390.759917213244,4409.857421875,333873.0,0,1
2023-08-28,4409.077569057759,4409.856884175391,4370.687021953473,4395.3876953125,343698.0,0,1
2023-08-29,4395.388093316791,4423.693696373393,4371.174608656832,4414.6806640625,340257.0,0,1
2023-08-30,4436.311609988771,4441.767767209048,4396.118362520252,4434.21630859375,367571.0,0,1
2023-08-31,4447.955533498002,4457.796885163988,4328.2041013985645,4353.29443359375,874564.0,0,1
2023-09-01,4360.358673050123,4376.874635316212,4312.613963557506,4369.46923828125,383124.0,0,1
2023-09-04,4369.469652999538,4395.436835982704,4335.755943452457,4391.734375,394391.0,0,1
2023-09-05,4391.733697543692,4422.718847474828,4370.102231972815,4399.28515625,453349.0,0,1
2023-09-06,4404.205907507027,4472.41263616311,4387.689945044923,4452.0966796875,300673.0,0,1
2023-09-07,4472.412486687501,4472.80214425518,4405.180142116382,4414.6318359375,479124.0,0,1
2023-09-08,4424.375730735906,4432.073251977443,4398.164479098673,4424.1806640625,278293.0,0,1
2023-09-11,4424.570157517766,4456.822289793392,4423.6933090647135,4451.51171875,302448.0,0,1
2023-09-12,4451.511988647574,4457.212217596558,4393.390206734982,4450.14794921875,321129.0,0,1
2023-09-13,4450.148121952745,4511.826780612358,4432.560719272909,4490.1953125,435792.0,0,1
2023-09-14,4500.6701203818975,4513.288556644309,4436.019784377155,4457.1640625,473085.0,0,1
2023-09-15,4465.591713788138,4471.681599935023,4402.841622085101,4416.7265625,408326.0,0,1
2023-09-18,4423.693650644246,4485.079707910895,4404.206013416739,4478.4541015625,304844.0,0,1
2023-09-19,4423.693650644246,4485.079707910895,4404.206013416739,4478.4541015625,304844.0,0,1
2023-09-20,4478.453768160382,4479.233083282509,4392.220979848331,4411.416015625,357295.0,0,1
2023-09-21,4404.205837459873,4448.735277054644,4363.281800917103,4441.76806640625,367638.0,0,1
2023-09-22,4441.768089759848,4454.873715649615,4394.46204234028,4447.7119140625,210753.0,0,1
2023-09-25,4456.870671547225,4467.540342062396,4394.997430168608,4452.97314453125,498354.0,0,1
2023-09-26,4453.168326052341,4490.925619993489,4432.901375355455,4482.30224609375,330231.0,0,1
2023-09-27,4483.326160970198,4515.334225570088,4451.950873674515,4508.80615234375,358156.0,0,1
2023-09-28,4508.805898687459,4515.577567006336,4389.638714292226,4408.63916015625,390490.0,0,1
2023-09-29,4438.309315037328,4443.619886414769,4386.228414983314,4420.91650390625,230125.0,0,1
2023-10-02,4438.309315037328,4443.619886414769,4386.228414983314,4420.91650390625,230125.0,0,1
2023-10-03,4408.882883441172,4436.604237878532,4371.66178156876,4380.28515625,543482.0,0,1
2023-10-04,4374.974513496277,4423.693606074186,4352.320135447549,4416.3857421875,318564.0,0,1
2023-10-05,4423.936931252596,4431.683456808158,4384.718064123492,4417.74951171875,302015.0,0,1
2023-10-06,4417.701341987906,4432.901794333427,4399.334148560918,4422.18359375,238131.0,0,1
2023-10-09,4395.436211088654,4418.8213738166805,4378.384529932801,4406.6416015625,255764.0,0,1
2023-10-10,4406.349907652449,4425.593949693387,4387.6415853340695,4413.9013671875,222750.0,0,1
2023-10-11,4406.154670324546,4451.902087916059,4404.8391596891015,4438.2607421875,368192.0,0,1
2023-10-12,4464.617724092803,4473.971885190384,4414.924248770076,4443.912109375,518582.0,0,1
2023-10-13,4433.436974929838,4464.617191017256,4399.333613584224,4457.50439453125,445822.0,0,1
2023-10-16,4443.13297762891,4473.826007771912,4438.309596868901,4468.56396484375,292118.0,0,1
2023-10-17,4468.710150817435,4491.802714785792,4445.324986835881,4482.49755859375,196669.0,0,1
2023-10-18,4487.028158536417,4504.567030817341,4468.758499910455,4489.6591796875,217179.0,0,1
2023-10-19,4482.20504824965,4497.746629098928,4444.837884841143,4484.5439453125,228881.0,0,1
2023-10-20,4485.079728225641,4489.9516375545845,4441.963330664489,4462.6689453125,351045.0,0,1
2023-10-23,4455.556240524785,4482.156675704241,4400.649726092927,4414.53466796875,203004.0,0,1
2023-10-24,4455.556240524785,4482.156675704241,4400.649726092927,4414.53466796875,203004.0,0,1
2023-10-25,4355.486675454921,4468.125307451137,4355.486675454921,4417.603515625,330082.0,0,1
2023-10-26,4401.867587068992,4408.882850999435,4362.063992922857,4392.318359375,488909.0,0,1
2023-10-27,4396.410479459478,4427.590695625858,4375.948462600292,4398.6513671875,382794.0,0,1
2023-10-30,4384.718414745095,4393.195727322562,4327.229884418437,4347.30224609375,450526.0,0,1
2023-10-31,4345.840398130425,4364.986905508064,4289.131186581326,4313.10107421875,504625.0,0,1
2023-11-01,4328.788707062305,4341.845328109957,4236.319968815154,4284.64892578125,395359.0,0,1
2023-11-02,4396.5082303639165,4451.755393154387,4340.1401478816215,4411.27001953125,822845.0,0,1
2023-11-03,4412.000962891462,4465.007239729322,4408.249497660323,4423.2548828125,335012.0,0,1
2023-11-06,4438.211634462165,4509.585102418524,4429.588260244022,4505.15185546875,205763.0,0,1
2023-11-07,4491.998151668903,4550.363533095234,4473.241299846188,4535.94287109375,282612.0,0,1
2023-11-08,4551.289371010347,4566.440819395844,4531.363070649819,4550.9482421875,385727.0,0,1
2023-11-09,4550.947939127414,4565.466133459341,4511.875131999462,4532.921875,208210.0,0,1
2023-11-10,4538.134968729949,4565.807318305346,4502.6185597447975,4562.00732421875,142336.0,0,1
2023-11-13,4542.860584748542,4582.664180892044,4525.029586119956,4576.03857421875,260394.0,0,1
2023-11-14,4542.860584748542,4582.664180892044,4525.029586119956,4576.03857421875,260394.0,0,1
2023-11-15,4602.005324264246,4603.954087899336,4547.829600054279,4590.11767578125,269650.0,0,1
2023-11-16,4589.338145843867,4607.851399510753,4559.717035131319,4581.640625,178375.0,0,1
2023-11-17,4582.517928966319,4624.026691731678,4569.948498013278,4597.42578125,138652.0,0,1
2023-11-20,4571.068686726542,4618.034080488775,4570.727557937034,4591.287109375,126069.0,0,1
2023-11-21,4608.825633594207,4608.825633594207,4545.490820447563,4579.3505859375,129602.0,0,1
2023-11-22,4589.241358498949,4592.115975502388,4543.299345638453,4573.94384765625,72533.0,0,1
2023-11-23,4578.6199996513615,4590.264052270547,4559.08383520546,4585.24560546875,109775.0,0,1
2023-11-24,4585.245837797435,4594.21034096681,4521.6188944340365,4525.17529296875,123628.0,0,1
2023-11-27,4585.245837797435,4594.21034096681,4521.6188944340365,4525.17529296875,123628.0,0,1
2023-11-28,4513.580680821568,4601.908307339375,4507.490793778526,4592.70068359375,182790.0,0,1
2023-11-29,4595.136351283762,4708.310709865481,4580.958809669987,4680.58935546875,363702.0,0,1
2023-11-30,4691.648602914785,4751.037366920034,4674.596920557358,4728.333984375,961054.0,0,1
2023-12-01,4748.162384716215,4856.318761630539,4735.5439504339365,4843.408203125,485597.0,0,1
2023-12-04,4862.165357133816,4866.988737526498,4789.086719501544,4811.25390625,310152.0,0,1
2023-12-05,4811.253788240221,4847.549510707326,4806.625474637033,4821.630859375,280497.0,0,1
2023-12-06,4826.113360421086,4894.027966482386,4825.431102809021,4874.978515625,295686.0,0,1
2023-12-07,4874.978122371711,4896.268459484338,4836.002851052433,4887.4990234375,268095.0,0,1
2023-12-08,4895.294579744401,4930.372327529193,4804.677064633686,4815.59033203125,282713.0,0,1
2023-12-11,4832.8362596501065,4847.062329275869,4774.519412981478,4817.48974609375,147976.0,0,1
2023-12-12,4840.729164305619,4844.090972089792,4750.11164975642,4777.44287109375,184238.0,0,1
2023-12-13,4784.214806437416,4801.753679454906,4735.495714722168,4793.2763671875,153558.0,0,1
2023-12-14,4805.846249278588,4837.805782973976,4771.547818574736,4819.92578125,174503.0,0,1
2023-12-15,4811.49734505325,4842.531500645136,4755.470391359332,4788.0146484375,216579.0,0,1
2023-12-18,4787.966696161608,4799.31815038322,4713.133879188778,4754.49658203125,223278.0,0,1
2023-12-19,4766.042514514122,4801.2177926628365,4734.229043885714,4785.4326171875,200718.0,0,1
2023-12-20,4793.958834964009,4922.528713946445,4790.061307455908,4828.013671875,457942.0,0,1
2023-12-21,4803.702441049131,4982.306440891154,4752.595923552953,4929.982421875,796081.0,0,1
2023-12-22,4944.987470592292,5050.902959039829,4920.676455181623,5028.8818359375,582688.0,0,1
2023-12-25,4944.987470592292,5050.902959039829,4920.676455181623,5028.8818359375,582688.0,0,1
2023-12-26,5022.938538738249,5110.145716083947,5014.16910191019,5101.81494140625,574310.0,0,1
2023-12-27,5107.709887471048,5110.633033152546,5027.810572176766,5083.1552734375,241944.0,0,1
2023-12-28,5091.096762989651,5201.883696602718,5053.875185092982,5146.68505859375,655367.0,0,1
2023-12-29,5125.784238294669,5248.069160173514,5104.445370985826,5201.68896484375,535691.0,0,1
2024-01-01,5202.224434164453,5212.845100638074,5154.479725928068,5183.51611328125,130032.0,0,1
2024-01-02,5183.51620681372,5198.2784719792335,5090.268152263488,5153.359375,193517.0,0,1
2024-01-03,5153.359399608785,5197.255110424969,5105.76075240186,5119.20703125,123303.0,0,1
2024-01-04,5119.207078071883,5237.302346405837,5087.247544294861,5223.953125,413391.0,0,1
2024-01-05,5223.953206396089,5225.950974646017,5121.350988208402,5137.2822265625,299017.0,0,1
2024-01-08,5169.095564712318,5169.095564712318,5038.57692937166,5044.7158203125,236628.0,0,1
2024-01-09,5065.811082413668,5076.72434910712,4980.065482249712,4991.17333984375,194434.0,0,1
2024-01-10,4980.065648734495,5011.879121068019,4922.089928503679,4956.33935546875,191450.0,0,1
2024-01-11,4972.173029995595,5053.533914188903,4946.497973182511,5005.107421875,277823.0,0,1
2024-01-12,5017.091886659906,5115.894105995104,4969.395707255601,5019.13818359375,462298.0,0,1
2024-01-15,5027.761671767447,5094.0681644328,4987.860545855298,5044.7158203125,400069.0,0,1
2024-01-16,5035.994525662401,5084.3239554644415,4976.41117699229,4999.1630859375,203028.0,0,1
2024-01-17,4984.011699759132,5003.694403470571,4925.50025987902,4932.02880859375,270672.0,0,1
2024-01-18,4931.346400121429,4947.86236230986,4846.770248298282,4886.6708984375,514119.0,0,1
2024-01-19,4900.165968972691,5037.2126711011815,4883.893602946541,5007.0068359375,329252.0,0,1
2024-01-22,4900.165968972691,5037.2126711011815,4883.893602946541,5007.0068359375,329252.0,0,1
2024-01-23,5034.04603199984,5056.895475498969,4799.707209303066,4918.77685546875,491135.0,0,1
2024-01-24,4918.777179440525,5041.110632072895,4901.140772559738,5010.51513671875,611741.0,0,1
2024-01-25,5018.066416089247,5102.398973025446,4975.291148978418,5010.173828125,342129.0,0,1
2024-01-26,5018.066416089247,5102.398973025446,4975.291148978418,5010.173828125,342129.0,0,1
2024-01-29,5010.271688897664,5085.786285531185,4980.260916931627,5005.30224609375,275710.0,0,1
2024-01-30,5031.025917267398,5059.867716910147,4950.834476516086,4961.30908203125,146422.0,0,1
2024-01-31,4961.308354090891,5086.272815506349,4902.845448165531,5065.22607421875,549238.0,0,1
2024-02-01,5062.936771407821,5068.686005111092,4995.753426322985,5016.70263671875,344394.0,0,1
2024-02-02,5034.387139758811,5075.55477060118,4999.991652701232,5016.94580078125,176167.0,0,1
2024-02-05,5037.456566833126,5105.517233340981,4948.398162034863,4993.2197265625,231620.0,0,1
2024-02-06,4993.220155556062,4993.707346516699,4864.650270735312,4878.77880859375,336609.0,0,1
2024-02-07,5008.322372064687,5051.097637247501,4798.830288408286,4948.154296875,1258830.0,0,1
2024-02-08,4970.321538756747,4991.173214025603,4709.33327968226,4750.64697265625,623680.0,1,0
2024-02-09,4750.647035337197,4850.521170691923,4735.544117307946,4844.13916015625,411953.0,1,0
2024-02-12,4844.139553019608,4869.912144249292,4814.17730998323,4842.873046875,158487.0,0,1
2024-02-13,4842.873098551278,4923.94138698139,4813.641641618506,4853.98095703125,262011.0,0,1
2024-02-14,4840.290181546468,4896.268606973955,4823.18997104897,4882.2861328125,277479.0,0,1
2024-02-15,4882.578626741687,4914.148501620925,4806.479313697314,4823.7255859375,189625.0,0,1
2024-02-16,4827.0877109580215,4843.213540353619,4769.355586033867,4787.8203125,352139.0,0,1
2024-02-19,4793.910185241002,4821.777125602991,4761.462984091182,4799.07421875,182521.0,0,1
2024-02-20,4784.360901311768,4807.600003373513,4754.10653545843,4795.0791015625,129279.0,0,1
2024-02-21,4808.330822647284,4860.508780279514,4762.778471270059,4796.8818359375,235932.0,0,1
2024-02-22,4798.782182493819,4840.72913170172,4735.495889708204,4829.96240234375,255308.0,0,1
2024-02-23,4829.962008483568,4843.067158107141,4786.2608900092855,4809.8896484375,115910.0,0,1
2024-02-26,4823.1415986894535,4830.010800380233,4766.286322941435,4776.322265625,78084.0,0,1
2024-02-27,4754.008798888981,4813.007426528945,4754.008798888981,4778.70947265625,434014.0,0,1
2024-02-28,4768.965982781857,4790.158788375224,4742.511610264616,4762.58349609375,96877.0,0,1
2024-02-29,4759.903890269445,4853.298486221957,4705.143915484056,4838.0009765625,447941.0,0,1
2024-03-01,4838.001235579792,4858.950446583039,4788.258753757469,4801.4619140625,316277.0,0,1
2024-03-04,4780.317149621693,4815.833556829072,4709.674468547993,4714.93603515625,307520.0,0,1
2024-03-05,4715.082011458933,4742.754834917916,4687.750792553343,4702.025390625,156956.0,0,1
2024-03-06,4715.033427919953,4762.583068419546,4666.070743532068,4755.7138671875,190965.0,0,1
2024-03-07,4745.239608512112,4776.419827705621,4711.233777108669,4763.89892578125,216747.0,0,1
2024-03-08,4745.239608512112,4776.419827705621,4711.233777108669,4763.89892578125,216747.0,0,1
2024-03-11,4768.673535523096,4830.644319363415,4746.311756437172,4810.9130859375,295000.0,0,1
2024-03-12,4809.256528248136,4813.446179755574,4728.479894937579,4744.4111328125,140625.0,0,1
2024-03-13,4767.260662600911,4847.549630676125,4698.469209873422,4732.2314453125,410729.0,0,1
2024-03-14,4728.918799896232,4826.064862424766,4660.4684736833415,4812.37451171875,240217.0,0,1
2024-03-15,4791.47433646468,4880.386682464479,4786.163764942582,4846.7705078125,491571.0,0,1
2024-03-18,4852.42138671875,4885.5503680738575,4832.93375062751,4852.42138671875,143928.0,0,1
2024-03-19,4870.934853058971,4871.8607061225575,4677.032865509715,4693.548828125,265081.0,0,1
2024-03-20,4698.566719891585,4709.0413245692,4638.057513064566,4679.8583984375,300159.0,0,1
2024-03-21,4689.212259102437,4700.417649435877,4645.657203758303,4683.56103515625,449591.0,0,1
2024-03-22,4677.0328558581705,4767.601838657129,4662.31959484464,4740.36767578125,264787.0,0,1
2024-03-25,4677.0328558581705,4767.601838657129,4662.31959484464,4740.36767578125,264787.0,0,1
2024-03-26,4626.754823008504,4847.549852131423,4619.25236799729,4834.34716796875,554559.0,0,1
2024-03-27,4832.933524006681,4852.421159184128,4754.982983296895,4794.1533203125,327107.0,1,0
2024-03-28,4815.686981780804,4843.846996430096,4739.977801353569,4785.4326171875,648795.0,0,1
2024-03-29,4815.686981780804,4843.846996430096,4739.977801353569,4785.4326171875,648795.0,0,1
2024-04-01,4803.654204380265,4833.616447594231,4758.637570608366,4769.79443359375,181877.0,0,1
2024-04-02,4784.214710210104,4788.989085947694,4745.239437621834,4774.42236328125,93480.0,0,1
2024-04-03,4745.239604329186,4771.4993854670265,4682.879165997139,4710.74658203125,246246.0,0,1
2024-04-04,4715.959234462097,4730.6234897805925,4658.129581301761,4690.2841796875,372526.0,0,1
2024-04-05,4690.284730655741,4723.413714702409,4668.84832921378,4689.74853515625,189143.0,0,1
2024-04-08,4701.440827902359,4716.982408298556,4658.519498879446,4703.14599609375,235219.0,0,1
2024-04-09,4725.751776100443,4725.751776100443,4660.8578524329205,4671.86865234375,180114.0,0,1
2024-04-10,4695.059005852632,4695.107534636814,4625.926422378739,4685.51025390625,509880.0,0,1
2024-04-11,4695.059005852632,4695.107534636814,4625.926422378739,4685.51025390625,509880.0,0,1
2024-04-12,4694.571841747448,4697.348925226747,4623.441965357336,4630.01904296875,620568.0,0,1
2024-04-15,4623.441733810168,4654.719485372505,4572.627817074611,4639.90869140625,421873.0,0,1
2024-04-16,4626.365238933051,4650.237595368151,4571.117595159995,4619.25244140625,516581.0,0,1
2024-04-17,4626.365238933051,4650.237595368151,4571.117595159995,4619.25244140625,516581.0,0,1
2024-04-18,4623.441747370874,4636.790968646942,4547.050307647819,4574.72265625,670722.0,0,1
2024-04-19,4562.104293238135,4577.645873859574,4522.1061091064885,4548.70654296875,424834.0,0,1
2024-04-22,4554.162989012591,4641.857350803609,4542.860065005055,4631.52880859375,321925.0,0,1
2024-04-23,4634.160188172191,4688.725573062359,4602.054115146605,4674.88916015625,279440.0,0,1
2024-04-24,4674.1100069870745,4716.00842898008,4658.519896478049,4705.24169921875,412282.0,0,1
2024-04-25,4692.769065929904,4734.521423483283,4625.877846879375,4720.0517578125,509266.0,0,1
2024-04-26,4719.9543489788375,4736.470312130962,4670.212344382576,4677.4716796875,205462.0,0,1
2024-04-29,4691.648508310145,4701.9770508557085,4653.647616965577,4676.88671875,147362.0,0,1
2024-04-30,4676.058432110102,4701.392359852312,4643.026983016082,4653.59912109375,489132.0,0,1
2024-05-01,4676.058432110102,4701.392359852312,4643.026983016082,4653.59912109375,489132.0,0,1
2024-05-02,4667.240854428521,4688.725785393018,4628.3626353157415,4637.716796875,356664.0,0,1
2024-05-03,4658.6166917768,4658.6166917768,4587.291757188775,4623.0517578125,262493.0,0,1
2024-05-06,4695.497497097764,5072.096073358956,4679.176601490067,4931.93115234375,2837757.0,1,0
2024-05-07,4928.374902033945,5086.175758251203,4919.458927427897,5041.3056640625,1156073.0,1,0
2024-05-08,5019.040947208115,5113.994649515796,4992.58657493555,5094.4580078125,323414.0,0,1
2024-05-09,5094.116702477872,5113.555810167318,4915.756299979824,4940.21337890625,379667.0,0,1
2024-05-10,4940.213792625555,4987.081657419366,4844.38323709627,4936.998046875,223289.0,0,1
2024-05-13,4944.939494379076,5037.554301430063,4925.50038563423,4999.11474609375,323879.0,0,1
2024-05-14,4999.114636765693,5029.271945492355,4906.012640812556,5009.10205078125,205585.0,0,1
2024-05-15,5017.627705553697,5032.438499510947,4923.989993368845,4934.26953125,166198.0,0,1
2024-05-16,4934.415771474769,5018.066548806932,4888.960953133744,5006.13037109375,312988.0,0,1
2024-05-17,5008.225122401764,5008.225122401764,4935.244017767341,4956.4853515625,116594.0,0,1
2024-05-20,5008.225122401764,5008.225122401764,4935.244017767341,4956.4853515625,116594.0,0,1
2024-05-21,4916.730839174034,5058.016208115817,4915.804986103046,5045.44677734375,376474.0,0,1
2024-05-22,5086.077828181673,5166.659391748052,5061.91335033119,5132.45849609375,748236.0,0,1
2024-05-23,5126.368808943653,5158.133751379349,5054.995340742748,5145.8564453125,423256.0,0,1
2024-05-24,5125.346272879644,5149.7543489063055,5085.299082060726,5106.443359375,268208.0,0,1
2024-05-27,5130.120321081047,5130.120321081047,4995.899224361406,5078.7216796875,329998.0,0,1
2024-05-28,5075.55515103236,5149.997830602179,5047.8337965754135,5116.04052734375,259151.0,0,1
2024-05-29,5068.734153453158,5133.043352631918,5066.785389841681,5095.82177734375,286144.0,0,1
2024-05-30,5068.831899612789,5107.807173478792,5040.477292720795,5065.37255859375,357619.0,0,1
2024-05-31,5074.580786427142,5087.2477507557805,4979.724616088583,5047.10302734375,651525.0,0,1
2024-06-03,5164.223622578743,5164.223622578743,5027.810168397417,5035.41015625,199328.0,0,1
2024-06-04,5072.193510701643,5275.693265729927,4995.704531529542,5188.68115234375,989039.0,0,1
2024-06-05,5188.68060771608,5578.335793584196,5188.583074381807,5346.091796875,1188965.0,1,0
2024-06-06,5324.996566607809,5372.838808408292,5175.380430694865,5301.07568359375,629293.0,1,0
2024-06-07,5292.5008118106325,5329.868449016252,5256.789813974896,5323.58349609375,226777.0,0,1
2024-06-10,5324.996922664394,5418.29398677146,5267.605925642308,5347.79736328125,306665.0,0,1
2024-06-11,5359.100229798151,5463.1154933492335,5359.100229798151,5376.3955078125,476899.0,0,1
2024-06-12,5408.354562136506,5425.357714391591,5291.867411433321,5299.95458984375,279376.0,0,1
2024-06-13,5300.247645429441,5310.332592805654,5204.855756766742,5241.638671875,434594.0,0,1
2024-06-14,5259.274603463922,5310.381122187324,5237.887207160015,5255.474609375,149569.0,0,1
2024-06-17,5259.274603463922,5310.381122187324,5237.887207160015,5255.474609375,149569.0,0,1
2024-06-18,5280.954322857232,5295.765116620203,5237.594332481961,5257.6181640625,155277.0,0,1
2024-06-19,5277.251953275328,5283.926563917235,5212.942752958457,5223.31982421875,135179.0,0,1
2024-06-20,5223.31978073188,5261.661800301515,5182.736873296992,5240.6640625,296418.0,0,1
2024-06-21,5231.553369267109,5251.77179143057,5181.275173696513,5193.7470703125,244120.0,0,1
2024-06-24,5178.839336274834,5193.455063470341,5115.504518427634,5162.03125,463385.0,0,1
2024-06-25,5162.080211895288,5232.430775007896,5153.700908218045,5214.9404296875,160890.0,0,1
2024-06-26,5214.940077339267,5295.326578227895,5182.785476983817,5282.80615234375,221391.0,0,1
2024-06-27,5250.748700274788,5310.381059545983,5244.269156154773,5291.185546875,357573.0,0,1
2024-06-28,5295.765373340256,5349.356375278381,5277.495713588622,5335.2763671875,215576.0,0,1
2024-07-01,5334.789104460103,5348.527983562898,5291.916303486625,5336.2021484375,223560.0,0,1
2024-07-02,5359.100079646889,5359.100079646889,5246.363911298819,5263.26953125,163333.0,0,1
2024-07-03,5282.854954973483,5357.1515732824655,5251.723263615709,5309.50439453125,211361.0,0,1
2024-07-04,5315.204205863758,5346.774081122208,5259.274309761243,5287.2392578125,138170.0,0,1
2024-07-05,5306.434661396842,5412.203613631734,5294.742080000932,5404.70068359375,172330.0,0,1
2024-07-08,5412.690871673101,5472.079632392212,5392.277382757217,5425.8935546875,171210.0,0,1
2024-07-09,5553.9764104565065,5558.8483195884855,5440.022265550558,5523.62451171875,389812.0,0,1
2024-07-10,5524.793382720855,5651.414489038519,5524.793382720855,5608.10302734375,526095.0,0,1
2024-07-11,5651.414823213417,5656.286732543773,5573.464273927714,5613.7060546875,372798.0,0,1
2024-07-12,5631.927184873149,5656.286731520524,5566.83866654032,5638.79638671875,222315.0,0,1
2024-07-15,5658.235189732689,5697.941248623959,5639.721935280317,5660.8662109375,135373.0,0,1
2024-07-16,5663.10725962226,5729.365224807104,5622.2807556407815,5712.16748046875,162459.0,0,1
2024-07-17,5663.10725962226,5729.365224807104,5622.2807556407815,5712.16748046875,162459.0,0,1
2024-07-18,5696.771990449995,5768.340527335434,5670.902342752065,5721.0830078125,523157.0,0,1
2024-07-19,5700.134000197042,5824.854880885114,5696.869725743303,5727.3681640625,451294.0,0,1
2024-07-22,5727.367875181559,5781.689662272576,5692.338658039924,5737.01416015625,347520.0,0,1
2024-07-23,5737.014310473634,5851.163049838487,5690.974767741766,5792.45654296875,336696.0,0,1
2024-07-24,5796.986973831263,5821.346518781113,5666.0301553353365,5680.15869140625,233649.0,0,1
2024-07-25,5675.677050685197,5714.749860143474,5653.071676002809,5680.2568359375,303638.0,0,1
2024-07-26,5680.646255986492,5731.9473658710685,5664.179297671645,5722.349609375,146736.0,0,1
2024-07-29,5746.903817719155,5804.977067762752,5690.438202480264,5746.51416015625,129350.0,0,1
2024-07-30,5747.293664537476,5835.962410660486,5681.912548890099,5692.53369140625,191681.0,0,1
2024-07-31,5745.929668577039,5745.929668577039,5622.329237919936,5636.26318359375,271796.0,0,1
2024-08-01,5636.263223268268,5690.292410819143,5553.976486592173,5583.35400390625,304411.0,0,1
2024-08-02,5561.819993853148,5659.2096477104205,5486.0618068508265,5573.80517578125,406998.0,0,1
2024-08-05,5636.089240847109,5767.368821822796,5576.963690610042,5624.19482421875,1114298.0,0,1
2024-08-06,5650.499820012115,5844.408831397723,5636.286187782918,5778.76904296875,727869.0,0,1
2024-08-07,5814.007481166951,5848.159527121483,5733.90681182657,5761.2978515625,314935.0,0,1
2024-08-08,5769.145094157327,5786.122795924837,5650.944123196149,5670.33984375,271628.0,0,1
2024-08-09,5695.756634926995,5710.710565027724,5646.008682786365,5666.0458984375,232215.0,0,1
2024-08-12,5670.685387047918,5699.8037889483385,5552.237650503836,5572.71923828125,622193.0,0,1
2024-08-13,5605.48982873321,5641.024148791337,5544.390153950104,5593.20068359375,236505.0,0,1
2024-08-14,5602.577933499046,5621.529764115093,5521.7866102108765,5585.94580078125,164575.0,0,1
2024-08-15,5602.577933499046,5621.529764115093,5521.7866102108765,5585.94580078125,164575.0,0,1
2024-08-16,5597.1489259755335,5668.168405460075,5589.252410428791,5655.53369140625,144969.0,0,1
2024-08-19,5670.685474048054,5688.699400923838,5644.1335357584085,5658.34716796875,102452.0,0,1
2024-08-20,5666.194609058814,5699.112824603851,5654.152229357375,5691.21630859375,189035.0,0,1
2024-08-21,5699.112584718548,5774.228286495901,5682.036562351499,5761.8408203125,169215.0,0,1
2024-08-22,5782.223811642289,5782.223811642289,5733.512082421593,5761.2978515625,160154.0,0,1
2024-08-23,5761.495154445031,5774.326992205488,5709.526307908194,5717.71875,124435.0,0,1
2024-08-26,5724.97422119019,5784.198092443882,5701.531438818937,5721.9638671875,265107.0,0,1
2024-08-27,5753.401007862568,5769.786373939008,5660.814556292834,5689.7353515625,175740.0,0,1
2024-08-28,5672.2151145036405,5700.692020741746,5616.445972172701,5629.57421875,161445.0,0,1
2024-08-29,5636.138240685299,5769.391946901151,5622.467301099026,5755.9677734375,351330.0,0,1
2024-08-30,5767.368577066064,5832.465190127028,5718.311279786803,5779.50927734375,519387.0,0,1
2024-09-02,5805.96256238125,5857.191595617517,5789.13330540477,5845.5439453125,307023.0,0,1
2024-09-03,5856.253396192,5867.11110516859,5794.068335689708,5839.5224609375,258133.0,0,1
2024-09-04,5774.277966219172,5858.57317523068,5752.611708402354,5849.88671875,219283.0,0,1
2024-09-05,5835.278379448784,5843.421661324786,5757.842979005503,5774.3271484375,170014.0,0,1
2024-09-06,5771.070087902759,5808.67685901805,5751.723527702076,5767.96044921875,213556.0,0,1
2024-09-09,5784.148493722378,5884.088768890222,5770.576357588473,5862.6201171875,321187.0,0,1
2024-09-10,5902.69487782577,5932.2576524238,5853.341652764007,5892.67626953125,337831.0,0,1
2024-09-11,5876.043924008485,5968.827983772587,5870.319142894176,5930.9248046875,437060.0,0,1
2024-09-12,5940.795495148819,6049.422229602,5927.026234926918,6030.2236328125,548745.0,0,1
2024-09-13,6058.601656180295,6069.2617595635,5978.995003865108,6053.76513671875,274846.0,0,1
2024-09-16,5922.386716817169,6050.705095681542,5860.004050614003,5984.57177734375,352336.0,0,1
2024-09-17,5994.886762340567,6124.389328692662,5990.642096036652,6032.0,527917.0,0,1
2024-09-18,6055.640487923208,6086.782178982979,5981.659813544703,6044.04248046875,218424.0,0,1
2024-09-19,6049.619315248177,6144.47630691746,6034.566582126813,6055.14697265625,362388.0,0,1
2024-09-20,6085.597866929947,6177.690786780041,6046.608821387324,6130.212890625,663556.0,0,1
2024-09-23,6154.593687998888,6169.152888816495,6110.718479867597,6130.85498046875,312563.0,0,1
2024-09-24,6120.540321232968,6165.106187909523,6105.043215485858,6122.9091796875,234706.0,0,1
2024-09-25,6122.76104896054,6122.76104896054,6022.623163377949,6100.3544921875,357145.0,0,1
2024-09-26,6119.799909387569,6189.289153901145,6074.740511286466,6173.2001953125,327297.0,0,1
2024-09-27,6157.012153628499,6251.030043118253,6100.8478004767385,6187.70947265625,400543.0,0,1
2024-09-30,6171.768585153988,6280.592443380589,6160.36818326866,6256.16259765625,442617.0,0,1
2024-10-01,6225.317062007801,6379.9902635178405,6225.317062007801,6362.6669921875,416639.0,0,1
2024-10-02,6225.317062007801,6379.9902635178405,6225.317062007801,6362.6669921875,416639.0,0,1
2024-10-03,6360.841299917261,6386.20856861246,6208.635759885696,6249.845703125,495791.0,0,1
2024-10-04,6197.037576707993,6257.939647960617,6099.910528188323,6125.72216796875,395753.0,0,1
2024-10-07,6142.156514120604,6154.346856492394,6026.028477768416,6041.13037109375,374593.0,0,1
2024-10-08,6058.3056684789535,6154.149241016583,5973.763212751454,6124.142578125,708471.0,0,1
2024-10-09,6078.984568985075,6104.993814450162,5991.5305595831205,6018.37890625,551094.0,0,1
2024-10-10,6047.743881973281,6080.169045531761,5902.694568335946,5924.5087890625,287475.0,0,1
2024-10-11,5952.541552855576,5961.375972805548,5883.990213371434,5901.1650390625,94953.0,0,1
2024-10-14,5927.421086855685,5946.372435953579,5823.680512186264,5900.720703125,219597.0,0,1
2024-10-15,5938.525321649915,6004.263910650922,5909.505723107867,5990.1982421875,426219.0,0,1
2024-10-16,5986.545875033324,6034.912032968465,5943.263002610598,6011.3212890625,276677.0,0,1
2024-10-17,6011.32149219493,6017.04627339876,5889.073459828766,5911.03564453125,188121.0,0,1
2024-10-18,5907.531942748258,5920.412941841352,5794.068684329566,5811.04638671875,354901.0,0,1
2024-10-21,5811.04639862858,5819.238841307363,5688.058063811865,5703.5546875,296733.0,0,1
2024-10-22,5712.537057129359,5728.922424412323,5637.914883671287,5652.91845703125,320607.0,0,1
2024-10-23,5624.885848783208,5722.605234156217,5616.446158140123,5674.48583984375,123095.0,0,1
2024-10-24,5676.460055981315,5705.726422424536,5529.140677286244,5539.80078125,269803.0,0,1
2024-10-25,5539.800799090728,5632.634506098209,5537.43194064283,5596.0634765625,176680.0,0,1
2024-10-28,5603.564981009909,5704.245556677165,5596.0631946652165,5648.27880859375,131887.0,0,1
2024-10-29,5656.668977614,5685.3926506208645,5538.468005122305,5594.18798828125,204751.0,0,1
2024-10-30,5593.299521686193,5723.98675877513,5568.622910379178,5707.7001953125,218180.0,0,1
2024-10-31,5704.2454904814185,5706.219619393161,5634.1639141145415,5652.8193359375,208893.0,0,1
2024-11-01,5693.930594556951,5693.930594556951,5578.937583015844,5619.4072265625,31706.0,0,1
2024-11-04,5611.461812557019,5625.231555437195,5470.163622500164,5552.435546875,249780.0,0,1
2024-11-05,5561.2692452100255,5595.668538741006,5512.310750594827,5532.59521484375,185870.0,0,1
2024-11-06,5563.391323643272,5645.021748746372,5535.506752144393,5621.2333984375,233799.0,0,1
2024-11-07,5636.138192119093,5639.790523488459,5533.483485992931,5615.31103515625,284538.0,0,1
2024-11-08,5608.698067403403,5717.916657404109,5568.5735101015125,5672.8076171875,306281.0,0,1
2024-11-11,5726.602776525374,5825.802760793349,5331.283436233592,5364.35009765625,804824.0,1,0
2024-11-12,5349.889256675766,5356.699904908412,4940.257514697824,4962.515625,2441209.0,1,0
2024-11-13,4944.205786575473,5021.789148056293,4874.56858302632,4981.220703125,928244.0,1,0
2024-11-14,4981.220801688741,4985.169059532148,4837.6029226348,4852.01416015625,479979.0,0,1
2024-11-15,4981.220801688741,4985.169059532148,4837.6029226348,4852.01416015625,479979.0,0,1
2024-11-18,4905.710572558681,4905.710572558681,4729.667522319418,4847.8193359375,439087.0,0,1
2024-11-19,4861.243474475613,4887.301880734725,4815.492938767209,4829.41064453125,436205.0,0,1
2024-11-20,4861.243474475613,4887.301880734725,4815.492938767209,4829.41064453125,436205.0,0,1
2024-11-21,4811.939382822109,4821.810027709949,4685.496325415859,4741.21630859375,1036549.0,0,1
2024-11-22,4727.101063163329,4807.991191933547,4703.954689757525,4785.63427734375,410476.0,0,1
2024-11-25,4841.5513616553935,4915.581198989575,4810.952362223933,4840.51513671875,722912.0,0,1
2024-11-26,4840.515058001768,4965.230269697216,4829.657348702658,4948.74658203125,314200.0,0,1
2024-11-27,4948.74648731055,4959.998925793964,4877.085510915021,4919.67724609375,255840.0,0,1
2024-11-28,4922.095863127929,4947.70989736499,4827.880365136978,4859.9599609375,321308.0,0,1
2024-11-29,4816.874503865072,4891.842241439735,4816.874503865072,4877.2333984375,212644.0,0,1
2024-12-02,4866.721220883721,4894.852557420621,4803.253170184738,4843.77197265625,314800.0,0,1
2024-12-03,4836.171509816325,4856.159565245435,4812.778371159816,4846.091796875,289449.0,0,1
2024-12-04,4852.853350730084,4909.5599158715095,4778.379143000978,4788.79248046875,392107.0,0,1
2024-12-05,4797.133253877386,4829.706380909887,4743.437043889549,4808.97802734375,526114.0,0,1
2024-12-06,4808.978289511474,4843.229620771659,4777.3922252125485,4807.84326171875,236965.0,0,1
2024-12-09,4782.278191951479,4793.086258708175,4688.605388269677,4731.0,467154.0,0,1
2024-12-10,4737.761327030055,4767.472062931004,4721.178355334962,4725.32421875,264213.0,0,1
2024-12-11,4745.806195035279,4851.422098294176,4731.246993417814,4826.251953125,358246.0,0,1
2024-12-12,4836.616142795123,4845.450563025654,4747.780336090723,4765.89306640625,406271.0,0,1
2024-12-13,4761.598849894871,4800.193165821649,4711.258563546479,4787.361328125,284721.0,0,1
2024-12-16,4806.017056747621,4806.017056747621,4728.038961146252,4783.80810546875,208757.0,0,1
2024-12-17,4754.196263916284,4777.293477307473,4703.510404385695,4714.96044921875,312523.0,0,1
2024-12-18,4713.23274476315,4736.823488705182,4691.072955093369,4720.78369140625,228821.0,0,1
2024-12-19,4688.556195476153,4741.660070756781,4664.521079428435,4723.84375,247805.0,0,1
2024-12-20,4728.03876421538,4745.312392268359,4619.95520582674,4637.32763671875,363168.0,0,1
2024-12-23,4644.138565857378,4673.750501452643,4603.471314853842,4643.4970703125,332554.0,0,1
2024-12-24,4641.22655769464,4704.892219566803,4629.381783392842,4682.73291015625,227672.0,0,1
2024-12-25,4641.22655769464,4704.892219566803,4629.381783392842,4682.73291015625,227672.0,0,1
2024-12-26,4693.39297856838,4735.047293999137,4647.099749083739,4700.0556640625,398117.0,0,1
2024-12-27,4714.219970133686,4745.164538064326,4677.15589158837,4707.6064453125,131505.0,0,1
2024-12-30,4698.130887067212,4755.676552103441,4676.711395572043,4737.36669921875,271403.0,0,1
2024-12-31,4732.973941144001,4732.973941144001,4679.870067603944,4701.14111328125,255918.0,0,1
2025-01-01,4690.7281371278295,4757.354991267611,4690.7281371278295,4732.7275390625,87260.0,0,1
2025-01-02,4728.08808260958,4744.76985811582,4662.004403972483,4725.8671875,402766.0,0,1
2025-01-03,4737.909365200045,4796.590539602976,4723.843696772107,4771.568359375,341848.0,0,1
2025-01-06,4810.458510488684,4810.458510488684,4711.554461592892,4729.2724609375,619930.0,0,1
2025-01-07,4742.795520806745,4822.599296000254,4742.795520806745,4769.7421875,450200.0,0,1
2025-01-08,4787.262825810114,4808.879441970755,4698.574984077089,4797.03466796875,371105.0,0,1
2025-01-09,4797.676192317951,4984.675755783838,4777.441369942987,4862.57568359375,832814.0,0,1
2025-01-10,4864.747299288359,4894.260430905634,4818.503231916006,4875.30908203125,305669.0,0,1
2025-01-13,4858.529040749257,4933.249533698282,4842.538403174916,4863.31591796875,448698.0,0,1
2025-01-14,4884.93316507168,4885.969390035041,4787.361740556445,4799.50244140625,283367.0,0,1
2025-01-15,4807.991187209253,4873.335050000062,4741.95666844639,4813.91357421875,242422.0,0,1
2025-01-16,4822.8459865242885,4836.615728169079,4681.745414817247,4781.8828125,454269.0,0,1
2025-01-17,4783.413514220014,4859.812212432926,4753.406848907345,4791.60595703125,492847.0,0,1
2025-01-20,4797.133249091306,4844.512342909493,4774.085197684655,4822.20458984375,155962.0,0,1
2025-01-21,4822.204484052141,4880.194519484481,4787.361302357115,4840.416015625,377457.0,0,1
2025-01-22,4866.227706105668,4910.843211734689,4820.033282939208,4892.58251953125,460132.0,0,1
2025-01-23,4880.194524062959,4977.716779303105,4820.033236000851,4947.75927734375,361082.0,0,1
2025-01-24,4972.5349124168415,5041.925352417607,4948.302190308694,5035.55859375,509954.0,0,1
2025-01-27,5037.631503306447,5147.541228813239,5037.039168229388,5109.29248046875,937878.0,0,1
2025-01-28,5114.129089375868,5148.7751493909545,4953.287219802317,4995.28662109375,456912.0,0,1
2025-01-29,5034.028969710576,5034.028969710576,4926.438938789312,4971.89306640625,298533.0,0,1
2025-01-30,4971.9425379310205,5038.964119046976,4969.820445713663,5009.69775390625,354016.0,0,1
2025-01-31,5037.977301653616,5103.123559864654,4974.90397532413,5063.29541015625,316771.0,0,1
2025-02-03,5164.913666625163,5164.913666625163,4950.128340540883,5039.5068359375,517520.0,0,1
2025-02-04,5051.795896334271,5051.795896334271,4925.747572254401,4963.3056640625,434664.0,0,1
2025-02-05,4992.572385037636,4992.572385037636,4860.65130719968,4868.84375,384948.0,0,1
2025-02-06,4868.301011911162,4914.396635782265,4842.58769200498,4891.94091796875,466931.0,0,1
2025-02-07,4945.1930538044735,5009.746974521001,4781.340349826121,4807.49755859375,701024.0,0,1
2025-02-10,4851.422004735373,4944.206067491248,4813.913553834062,4846.14111328125,625074.0,0,1
2025-02-11,4847.42441160868,4875.654069644955,4791.21089772145,4840.61328125,279638.0,0,1
2025-02-12,4835.678207352436,4869.140079899475,4780.8961269067,4854.67919921875,336331.0,0,1
2025-02-13,4852.359909904134,4886.70956163558,4804.289676083578,4825.46240234375,341650.0,0,1
2025-02-14,4828.423477366528,4890.904465747361,4810.705477282785,4875.7529296875,489241.0,0,1
2025-02-17,4870.669711690084,4904.723436495699,4848.361957888173,4899.4921875,275352.0,0,1
2025-02-18,4899.492353522327,4902.798634094146,4796.541234848174,4827.93017578125,314216.0,0,1
2025-02-19,4817.861620336725,4835.628780583818,4750.099741676242,4774.92431640625,215919.0,0,1
2025-02-20,4756.663569523546,4784.301374036238,4730.012829457736,4769.89013671875,319761.0,0,1
2025-02-21,4787.262936916939,4787.460542607594,4721.672306572523,4769.39697265625,334003.0,0,1
2025-02-24,4688.556398758193,4767.028026905829,4641.177302518109,4742.15380859375,259886.0,0,1
2025-02-25,4723.991638367387,4790.914897022752,4698.426765594664,4735.984375,479647.0,0,1
2025-02-26,4723.991638367387,4790.914897022752,4698.426765594664,4735.984375,479647.0,0,1
2025-02-27,4735.984373429951,4797.824346558076,4704.842682937537,4720.931640625,386556.0,0,1
2025-02-28,4720.932012365072,4724.535183449571,4494.894236380376,4536.005859375,676501.0,1,0
2025-03-03,4536.005597256066,4611.565189412139,4489.317158792092,4537.140625,412033.0,0,1
2025-03-04,4471.451231513411,4521.742359293106,4447.712523679271,4516.017578125,321501.0,0,1
2025-03-05,4520.6564849215865,4673.947886805747,4501.013998295723,4661.06640625,350741.0,0,1
2025-03-06,4663.87951620329,4737.810546956019,4594.439435902362,4641.7197265625,460852.0,0,1
2025-03-07,4629.332593340309,4703.362432253001,4599.720657775233,4686.8291015625,191644.0,0,1
2025-03-10,4687.569163056888,4761.54983779093,4649.122809205147,4676.41552734375,290019.0,0,1
2025-03-11,4658.944326881294,4732.974162583856,4650.603439272774,4700.4501953125,147357.0,0,1
2025-03-12,4708.198630512452,4739.389963570848,4651.442424554871,4730.06201171875,223033.0,0,1
2025-03-13,4728.038631042471,4775.417723796132,4651.837064077643,4667.08740234375,284758.0,0,1
2025-03-14,4728.038631042471,4775.417723796132,4651.837064077643,4667.08740234375,284758.0,0,1
2025-03-17,4540.496699722536,4681.696083652872,4540.496699722536,4614.427734375,322411.0,0,1
2025-03-18,4614.427734375,4614.427734375,4614.427734375,4614.427734375,0.0,0,1
2025-03-19,4734.948428347677,4734.948428347677,4612.848356348256,4646.21142578125,469240.0,0,1
2025-03-20,4680.561075328332,4777.392199567965,4654.009136562593,4768.607421875,265168.0,0,1
2025-03-21,4777.392192693186,4790.371994509655,4724.633402241975,4751.728515625,304441.0,0,1
2025-03-24,4754.097210545367,4770.284971438663,4708.544281708913,4734.80029296875,173845.0,0,1
2025-03-25,4730.0128804178585,4802.068585816544,4677.303734779504,4782.52490234375,422209.0,0,1
2025-03-26,4784.20272715459,4813.518734968652,4732.036273043344,4786.966796875,453242.0,0,1
2025-03-27,4767.521345409852,4861.687198572138,4718.217282809493,4778.57666015625,6750074.0,0,1
2025-03-28,4799.058380025166,4963.601740989118,4799.058380025166,4873.03857421875,415586.0,0,1
2025-03-31,4799.058380025166,4963.601740989118,4799.058380025166,4873.03857421875,415586.0,0,1
2025-04-01,4826.84397298044,4900.775004040117,4819.391347189015,4837.4052734375,557968.0,0,1
2025-04-02,4842.340505399765,4989.610711673765,4837.405183231937,4972.23828125,459267.0,0,1
2025-04-03,4925.500705925926,5024.157989287446,4917.555029986258,5007.822265625,339959.0,0,1
2025-04-04,4968.339720438982,5083.381888647495,4913.458840937465,4958.41943359375,722283.0,0,1
2025-04-07,4562.21216159614,5006.391190743319,4545.481225378892,4990.4501953125,841464.0,1,0
2025-04-08,4996.964797107449,5120.98935331011,4973.472373174902,5112.3525390625,303185.0,1,0
2025-04-09,5082.888737867842,5282.868105703142,5082.888737867842,5270.3818359375,549745.0,0,1
2025-04-10,5082.888737867842,5282.868105703142,5082.888737867842,5270.3818359375,549745.0,0,1
2025-04-11,5330.888593423873,5330.888593423873,5237.857764385277,5280.99267578125,304650.0,1,0
2025-04-14,5330.888593423873,5330.888593423873,5237.857764385277,5280.99267578125,304650.0,0,1
2025-04-15,5358.674267776252,5361.734264062234,5240.325332825184,5321.560546875,446075.0,0,1
2025-04-16,5281.288344663336,5371.604741922787,5281.288344663336,5346.138671875,215423.0,0,1
2025-04-17,5349.889464893137,5398.551550819142,5326.98937624262,5384.0419921875,186873.0,0,1
2025-04-18,5349.889464893137,5398.551550819142,5326.98937624262,5384.0419921875,186873.0,0,1
2025-04-21,5409.607062622439,5409.607062622439,5300.536433953563,5323.4365234375,201975.0,0,1
2025-04-22,5369.630754990341,5414.048656456254,5314.355144277205,5365.18896484375,286928.0,0,1
2025-04-23,5365.189117597378,5477.2209389288655,5336.366641261742,5472.58154296875,266881.0,0,1
2025-04-24,5478.208038443869,5549.967821210964,5357.490241481854,5391.24755859375,339754.0,0,1
2025-04-25,5391.444789715814,5449.58278900701,5292.639542592934,5350.3828125,244513.0,0,1
2025-04-28,5342.980256934093,5410.890103253367,5333.405538285821,5358.57568359375,107666.0,0,1
2025-04-29,5358.575406526699,5463.4018461162605,5335.576997142086,5397.564453125,294207.0,0,1
2025-04-30,5413.061626465241,5475.049083230999,5316.428109942329,5368.544921875,284371.0,0,1
2025-05-01,5413.061626465241,5475.049083230999,5316.428109942329,5368.544921875,284371.0,0,1
2025-05-02,5310.406803403839,5337.0575438670185,5208.245631628319,5232.4287109375,262909.0,0,1
2025-05-05,5250.19613052371,5310.40706565474,5241.312549930608,5289.6787109375,97149.0,0,1
2025-05-06,5280.795115793317,5345.447841042748,5242.299599995945,5323.732421875,175899.0,0,1
2025-05-07,5291.652871725203,5325.213065278394,5249.702629783715,5281.7822265625,168716.0,0,1
2025-05-08,5281.782068964768,5409.11338776433,5245.7542151959,5321.2646484375,265391.0,0,1
2025-05-09,5304.978150491946,5432.309470877742,5285.236860509652,5365.6826171875,476782.0,0,1
2025-05-12,5468.337254557814,5548.78301019797,5344.95419376003,5535.951171875,192712.0,0,1
2025-05-13,5556.679649576971,5567.043826914312,5391.346344433683,5414.048828125,366566.0,0,1
2025-05-14,5385.4237184308895,5513.2485665864615,5367.163025837237,5413.0615234375,389963.0,0,1
2025-05-15,5437.738456191389,5457.9732789091095,5386.904633266383,5394.3076171875,462518.0,0,1
2025-05-16,5401.217045919295,5455.505594443703,5381.969287806095,5430.33544921875,154274.0,0,1
2025-05-19,5430.335377960385,5475.740345221346,5389.372200974953,5448.1025390625,147864.0,0,1
2025-05-20,5446.62193825707,5478.208002415139,5349.889616772983,5357.7861328125,275067.0,0,1
2025-05-21,5364.695690165792,5462.415078082336,5346.434996464216,5422.43896484375,166304.0,0,1
2025-05-22,5422.438696569684,5424.412825520833,5344.954135237069,5367.1630859375,211388.0,0,1
2025-05-23,5388.385023537889,5427.867602937324,5336.070605833637,5415.529296875,100229.0,0,1
2025-05-26,5428.854638009049,5475.740200791855,5417.996928733031,5453.53125,140009.0,0,1
2025-05-27,5453.531239961651,5468.337207128969,5404.178016070596,5425.39990234375,166840.0,0,1
2025-05-28,5423.919520936586,5434.283698365128,5340.0190369912525,5402.2041015625,321303.0,0,1
2025-05-29,5430.829005336753,5461.921537810055,5381.969311450135,5424.4130859375,201350.0,0,1
2025-05-30,5424.412782982487,5460.4406360584335,5367.163043848108,5439.21875,401901.0,0,1
2025-06-02,5443.660776075351,5647.983129773918,5440.206050288178,5532.49658203125,625172.0,0,1
2025-06-03,5532.496331431878,5566.056523272857,5473.765995710166,5503.3779296875,166545.0,0,1
2025-06-04,5507.81997487933,5522.625942553737,5449.089636437517,5470.3115234375,334358.0,0,1
2025-06-05,5470.31129586356,5538.41874433245,5449.0894097464425,5527.56103515625,218004.0,0,1
2025-06-06,5533.976802743953,5572.47231604227,5483.142983901304,5534.9638671875,152475.0,0,1
2025-06-09,5566.056414440303,5646.995699062418,5516.20965988644,5623.30615234375,174499.0,0,1
2025-06-10,5656.866461841859,5656.866461841859,5583.823691264944,5593.6943359375,456712.0,0,1
2025-06-11,5586.785196003872,5626.267776894359,5561.121518425055,5576.91455078125,138866.0,0,1
2025-06-12,5624.293350818352,5624.293350818352,5488.078453939986,5497.45556640625,305696.0,0,1
2025-06-13,5437.738284756508,5521.1452343048695,5354.824867453995,5497.94921875,324985.0,0,1
2025-06-16,5480.18221720169,5499.923507609477,5443.16729768709,5488.572265625,239006.0,0,1
2025-06-17,5478.208056478405,5524.600088668402,5458.466766184789,5496.46875,277917.0,0,1
2025-06-18,5502.884653467082,5546.809024243636,5473.272718112102,5500.4169921875,220971.0,0,1
2025-06-19,5514.729362693696,5536.938313948504,5451.063702429915,5486.1044921875,114523.0,0,1
2025-06-20,5492.027008149499,5527.561330991588,5439.712588409758,5514.7294921875,395396.0,0,1
2025-06-23,5479.194873708788,5516.703323573845,5379.994894460412,5497.45556640625,221233.0,0,1
2025-06-24,5527.561212057149,5565.069663138965,5483.636841711337,5544.34130859375,183157.0,0,1
2025-06-25,5557.173032914331,5660.32127126949,5537.925275517914,5634.1640625,282474.0,0,1
2025-06-26,5650.944174489668,5764.456590221775,5636.138207220262,5752.61181640625,456290.0,0,1
2025-06-27,5773.339934083506,5773.339934083506,5673.646425220036,5719.544921875,350140.0,0,1
2025-06-30,5724.974163070416,5784.198033722868,5686.478647146321,5775.314453125,257865.0,0,1
2025-07-01,5789.133417463763,5793.575207809644,5646.996126395599,5669.205078125,178343.0,0,1
2025-07-02,5673.153273929998,5757.053757320002,5604.058758197053,5715.103515625,300622.0,0,1
2025-07-03,5724.480244095964,5811.341915184928,5706.219551878397,5719.544921875,224236.0,0,1
2025-07-04,5744.221869534702,5768.404949834315,5682.036805907124,5696.8427734375,145106.0,0,1
2025-07-07,5724.973793470641,5823.186705962076,5713.12902010484,5807.88720703125,259829.0,0,1
2025-07-08,5813.8100170325615,5845.396081641227,5736.325452289428,5763.4697265625,423998.0,0,1
2025-07-09,5782.22353917407,5823.6802460100735,5738.299171216875,5805.9130859375,232000.0,0,1
2025-07-10,5828.615583930547,5853.785727434395,5774.820571343888,5801.96484375,191446.0,0,1
2025-07-11,5801.964946180103,5828.122154596873,5643.04756674237,5684.0107421875,175941.0,0,1
2025-07-14,5692.401079356773,5733.364256882923,5669.698595426618,5703.2587890625,218865.0,0,1
2025-07-15,5724.974056234336,5744.71534608342,5687.465605521076,5710.66162109375,164143.0,0,1
2025-07-16,5710.661373050419,5753.598676607189,5661.801682796164,5711.6484375,261589.0,0,1
2025-07-17,5717.570985962387,5784.197838194145,5710.661534619834,5732.376953125,196555.0,0,1
2025-07-18,5732.376745272385,5744.7150507938495,5651.930993272437,5661.30810546875,196043.0,0,1
2025-07-21,5660.8147855498655,5666.73717242228,5595.668529953302,5608.0068359375,329167.0,0,1
2025-07-22,5621.825876305961,5664.269649930956,5561.12140937719,5634.65771484375,235846.0,0,1
2025-07-23,5662.788764639474,5682.530053691729,5596.6554463144175,5645.51513671875,246735.0,0,1
2025-07-24,5650.450519068876,5677.101259572826,5578.394813261902,5599.61669921875,229097.0,0,1
2025-07-25,5599.616765381994,5624.293377251296,5497.94912448047,5521.638671875,233003.0,0,1
2025-07-28,5524.106335320084,5595.668509770313,5498.936191203107,5551.744140625,173142.0,0,1
2025-07-29,5529.0415302904485,5581.849478495489,5499.923128943743,5553.224609375,363002.0,0,1
2025-07-30,5554.211928251289,5684.010909691674,5554.211928251289,5672.65966796875,176798.0,0,1
2025-07-31,5671.672509063366,5749.650603079379,5645.51530031116,5696.34912109375,344973.0,0,1
2025-08-01,5724.480596757502,5822.693515005174,5701.778113142463,5723.0,244870.0,0,1
2025-08-04,5752.5,5802.0,5714.0,5787.0,189672.0,0,1
2025-08-05,5795.0,5795.0,5610.5,5635.5,380387.0,0,1
2025-08-06,5599.5,5625.0,5371.0,5402.5,1123534.0,1,0
2025-08-07,5380.5,5560.0,5380.5,5476.5,795974.0,0,1
2025-08-08,5479.5,5503.0,5380.0,5387.0,551451.0,0,1
2025-08-11,5361.0,5400.0,5310.5,5381.5,598841.0,0,1
2025-08-12,5390.5,5390.5,5317.5,5338.0,323204.0,0,1
2025-08-13,5363.5,5393.0,5299.0,5375.5,388683.0,0,1
2025-08-14,5395.0,5398.5,5298.0,5302.5,215308.0,0,1
2025-08-15,5395.0,5398.5,5298.0,5302.5,215308.0,0,1
2025-08-18,5400.0,5667.0,5400.0,5439.0,509058.0,1,0
2025-08-19,5446.0,5513.0,5399.0,5499.0,153026.0,0,1
2025-08-20,5482.0,5734.5,5475.5,5701.0,453573.0,1,0
2025-08-21,5701.0,5711.5,5586.0,5597.5,273141.0,0,1
2025-08-22,5622.0,5667.5,5525.5,5545.5,269981.0,0,1
2025-08-25,5565.5,5608.5,5545.0,5550.5,145718.0,0,1
2025-08-26,5574.5,5794.5,5574.5,5765.5,1307463.0,1,0
2025-08-27,5574.5,5794.5,5574.5,5765.5,1307463.0,0,1
2025-08-28,5765.5,5780.0,5702.5,5721.0,379247.0,0,1
2025-08-29,5671.0,5893.5,5671.0,5824.0,699161.0,0,1
2025-09-01,5838.5,5873.0,5779.0,5846.5,210421.0,0,1
2025-09-02,5840.0,5920.5,5823.0,5891.5,492611.0,0,1
2025-09-03,5891.0,5928.5,5865.0,5908.0,399664.0,0,1
2025-09-04,6201.0,6336.0,6053.5,6083.0,1385580.0,1,0
2025-09-05,6066.0,6104.5,5998.5,6076.0,352302.0,1,0
2025-09-08,6117.5,6178.0,6065.0,6115.5,250083.0,0,1
2025-09-09,6116.0,6165.0,6088.0,6142.5,216456.0,0,1
2025-09-10,6144.5,6238.5,6117.0,6199.0,346491.0,0,1
2025-09-11,6180.0,6319.5,6150.0,6300.5,406083.0,0,1
2025-09-12,6276.0,6285.5,6207.0,6247.0,212051.0,0,1
2025-09-15,6250.0,6270.0,6202.5,6212.0,166253.0,0,1
2025-09-16,6219.5,6225.0,6180.0,6202.5,261236.0,0,1
2025-09-17,6202.5,6205.0,6035.0,6097.5,713445.0,0,1
2025-09-18,6105.0,6129.0,6062.0,6100.5,267540.0,0,1
2025-09-19,6105.5,6110.0,6048.0,6069.5,345995.0,0,1
2025-09-22,6075.0,6108.0,6025.0,6056.5,394394.0,0,1
2025-09-23,6066.5,6069.5,5927.0,5934.0,333112.0,0,1
2025-09-24,5935.0,6050.0,5905.5,5970.5,360372.0,0,1
2025-09-25,5970.5,6036.0,5939.5,5953.5,374676.0,0,1
2025-09-26,5955.0,5980.5,5900.0,5920.5,189383.0,0,1
2025-09-29,5900.0,5990.0,5841.0,5929.0,259852.0,0,1
2025-09-30,5953.0,6031.0,5917.5,5991.0,298070.0,0,1
2025-10-01,5960.5,6018.0,5904.0,5966.5,324111.0,0,1
2025-10-02,5960.5,6018.0,5904.0,5966.5,324111.0,0,1
2025-10-03,5965.0,6014.0,5931.5,5992.5,268735.0,0,1
2025-10-06,6015.5,6034.0,5957.5,6011.0,197199.0,0,1
2025-10-07,6012.0,6036.0,5867.0,5887.0,240923.0,0,1
2025-10-08,5855.0,5902.0,5801.5,5836.0,239639.0,0,1
2025-10-09,5836.0,5893.0,5795.5,5876.0,231585.0,0,1
2025-10-10,5874.5,5920.0,5858.5,5871.5,228395.0,0,1
2025-10-13,5871.5,5953.0,5848.0,5862.0,238217.0,0,1
2025-10-14,5869.0,5885.0,5794.0,5800.5,176227.0,0,1
2025-10-15,5815.0,5880.5,5782.0,5857.5,221062.0,0,1
2025-10-16,5876.0,6040.5,5858.0,6025.5,364305.0,0,1
2025-10-17,6037.0,6149.0,5994.0,6083.0,392965.0,0,1
2025-10-20,6124.0,6148.0,6062.5,6070.0,181283.0,0,1
2025-10-21,6108.0,6108.0,6050.0,6075.0,9159.0,0,1
2025-10-22,6108.0,6108.0,6050.0,6075.0,9159.0,0,1
2025-10-23,6075.0,6145.0,6049.0,6068.0,255605.0,0,1
2025-10-24,6068.0,6069.5,5987.0,6053.0,82081.0,0,1
2025-10-27,6053.0,6053.0,5811.5,5912.0,433152.0,0,1
2025-10-28,5939.0,5939.0,5806.5,5861.0,392984.0,0,1
2025-10-29,5894.0,5906.0,5840.0,5852.5,119742.0,0,1
2025-10-30,5850.0,5869.5,5792.0,5859.5,258697.0,0,1
2025-10-31,5878.0,5905.0,5825.0,5836.5,264794.0,0,1
2025-11-03,5834.0,5899.5,5775.0,5820.5,279737.0,0,1
2025-11-04,5820.5,5920.0,5805.0,5892.5,363441.0,0,1
2025-11-05,5820.5,5920.0,5805.0,5892.5,363441.0,0,1
2025-11-06,6186.0,6191.5,5993.5,6013.5,1038063.0,1,0
2025-11-07,5970.0,6169.5,5913.5,6157.5,715809.0,0,1
2025-11-10,6190.0,6261.5,6121.5,6133.5,395489.0,0,1
2025-11-11,5950.0,5965.0,5723.0,5950.5,2154927.0,1,0
2025-11-12,5950.5,5970.0,5841.0,5880.0,609987.0,0,1
2025-11-13,5902.0,5918.0,5835.5,5851.5,361321.0,0,1
2025-11-14,5851.0,5851.0,5750.0,5803.5,415356.0,0,1
2025-11-17,5803.5,5850.0,5782.0,5830.5,332821.0,0,1
2025-11-18,5818.0,5862.0,5805.5,5840.0,262201.0,0,1
2025-11-19,5850.0,5882.5,5804.5,5874.5,280409.0,0,1
2025-11-20,5882.0,5900.0,5763.5,5819.0,641980.0,0,1
2025-11-21,5816.0,5855.0,5764.5,5813.0,320317.0,0,1
2025-11-24,5815.0,5849.0,5785.0,5815.5,696665.0,0,1
2025-11-25,5815.5,5878.0,5790.0,5867.0,309271.0,0,1
2025-11-26,5865.0,5904.5,5843.0,5880.5,157291.0,0,1
2025-11-27,5890.5,5900.0,5815.5,5826.5,156675.0,0,1
2025-11-28,5826.5,5852.0,5795.0,5846.0,220417.0,0,1
2025-12-01,5825.0,5856.0,5800.0,5813.5,199275.0,0,1
2025-12-02,5792.0,5894.0,5792.0,5875.5,290994.0,0,1
2025-12-03,5908.0,5908.0,5812.0,5824.5,308053.0,0,1
2025-12-04,5840.0,5882.5,5824.5,5876.5,239085.0,0,1
2025-12-05,5855.0,5974.0,5838.5,5961.0,244408.0,0,1
2025-12-08,5961.0,5985.0,5825.0,5847.5,185407.0,0,1
2025-12-09,5850.0,5893.0,5780.0,5884.0,174714.0,0,1
2025-12-10,5904.0,5966.0,5812.0,5828.5,329466.0,0,1
2025-12-11,5840.0,5895.0,5813.0,5847.0,115481.0,0,1
2025-12-12,5848.0,5925.5,5830.0,5915.5,202721.0,0,1
2025-12-15,5915.5,6055.0,5857.0,6038.0,244119.0,0,1
2025-12-16,6059.5,6145.0,6032.0,6066.0,284337.0,0,1
2025-12-17,6060.0,6116.0,6051.0,6096.0,298257.0,0,1
2025-12-18,6132.0,6134.5,6012.5,6040.5,199067.0,0,1
2025-12-19,6020.0,6116.0,5992.5,6103.0,179450.0,0,1
2025-12-22,6102.5,6102.5,6066.0,6083.0,206588.0,0,1
2025-12-23,6083.0,6119.0,6030.0,6061.0,216840.0,0,1
2025-12-24,6065.0,6078.0,6004.0,6030.0,97580.0,0,1
2025-12-25,6065.0,6078.0,6004.0,6030.0,97580.0,0,1
2025-12-26,6006.5,6069.5,6002.0,6032.5,65992.0,0,1
2025-12-29,6039.0,6065.5,6005.0,6041.5,103209.0,0,1
2025-12-30,6045.0,6045.5,5980.0,6013.0,205456.0,0,1
2025-12-31,6013.0,6070.0,5995.0,6031.0,179577.0,0,1
2026-01-01,6031.0,6063.0,5992.0,6009.5,138484.0,0,1
2026-01-02,6009.5,6033.0,5941.5,5984.5,265702.0,0,1
2026-01-05,5970.0,6092.0,5930.5,6026.5,468880.0,0,1
2026-01-06,6040.0,6142.5,5948.5,6129.5,300112.0,0,1
2026-01-07,6200.0,6271.0,6157.5,6185.0,437361.0,0,1
2026-01-08,6155.0,6158.5,5945.5,6033.5,641813.0,0,1
2026-01-09,6033.5,6106.5,5930.0,5977.5,139764.0,0,1
2026-01-12,5977.5,6000.5,5905.0,5943.5,228799.0,0,1
2026-01-13,5930.0,5970.0,5896.0,5918.0,327794.0,0,1
2026-01-14,5893.5,5945.5,5868.0,5906.5,307200.0,0,1
2026-01-15,5906.5,5906.5,5906.5,5906.5,0.0,0,1
2026-01-16,5875.0,5944.0,5862.0,5898.5,453904.0,0,1
2026-01-19,5898.5,5970.0,5879.0,5943.5,145915.0,0,1
2026-01-20,5943.5,5994.5,5862.0,5884.0,350070.0,0,1
2026-01-21,5870.0,5899.0,5787.0,5802.5,662863.0,0,1
2026-01-22,5850.0,5975.0,5819.0,5932.0,435081.0,0,1
2026-01-23,5950.0,5964.0,5813.5,5835.0,142248.0,0,1
2026-01-26,5950.0,5964.0,5813.5,5835.0,142248.0,0,1
2026-01-27,5839.0,5925.0,5805.0,5886.0,1044402.0,0,1
2026-01-28,5924.0,5924.0,5680.0,5748.5,442618.0,0,1
2026-01-29,5711.5,5733.0,5693.0,5723.0,343244.0,0,1
2026-01-30,5723.0,5887.5,5710.5,5860.5,806045.0,0,1
2026-02-02,5733.0,5899.0,5697.5,5888.5,279213.0,0,1
2026-02-03,5920.0,5975.5,5821.0,5882.0,349825.0,0,1
2026-02-04,5899.5,5965.0,5855.0,5879.0,160343.0,0,1
2026-02-05,5855.0,5946.5,5844.5,5870.5,275290.0,0,1
2026-02-06,5870.0,5917.0,5805.0,5911.0,186858.0,0,1
2026-02-09,5900.5,5915.5,5792.5,5843.0,331118.0,0,1
2026-02-10,5874.0,5893.5,5847.0,5873.5,276901.0,0,1
2026-02-11,6000.0,6156.0,5973.5,6019.0,771051.0,1,0
2026-02-12,6057.0,6148.0,6020.0,6102.0,455997.0,0,1
2026-02-13,6080.0,6098.5,5968.0,5980.5,159821.0,0,1
2026-02-16,5980.0,6134.0,5964.5,6106.0,255274.0,0,1
2026-02-17,6106.0,6154.5,6066.5,6145.5,164220.0,0,1
2026-02-18,6161.0,6190.0,6116.0,6176.0,193569.0,0,1
2026-02-19,6170.0,6198.0,6093.5,6108.5,127940.0,0,1
2026-02-20,6109.0,6137.5,6066.5,6098.5,388361.0,0,1
2026-02-23,6136.0,6150.0,6042.0,6122.5,225252.0,0,1
2026-02-24,6083.0,6173.5,6065.5,6162.5,193510.0,0,1
2026-02-25,6170.0,6208.5,6140.0,6158.0,253773.0,0,1
2026-02-26,6158.0,6187.0,6070.0,6137.0,245317.0,0,1
2026-02-27,6135.5,6142.5,5975.0,6002.5,350612.0,0,1
2026-03-02,5866.0,6001.0,5866.0,5959.0,185417.0,1,0
2026-03-03,5866.0,6001.0,5866.0,5959.0,185417.0,0,1
2026-03-04,5901.5,5924.0,5845.5,5889.5,293377.0,0,1
2026-03-05,5899.0,5997.5,5851.0,5963.0,211179.0,0,1
2026-03-06,5948.0,6013.0,5926.5,5983.0,348722.0,0,1
2026-03-09,5930.0,5932.5,5815.5,5890.0,245594.0,0,1
2026-03-10,5911.0,5995.0,5911.0,5968.0,283327.0,0,1
2026-03-11,5981.0,5995.0,5900.0,5921.5,298621.0,0,1
2026-03-12,5910.0,5910.0,5713.0,5787.0,996754.0,0,1
2026-03-13,5750.0,5881.0,5727.0,5808.5,738522.0,0,1
2026-03-16,5808.5,5872.5,5764.5,5842.0,350827.0,0,1
2026-03-17,5849.0,5868.5,5801.5,5857.5,260165.0,0,1
2026-03-18,5860.5,5914.0,5842.0,5885.0,301564.0,0,1
2026-03-19,5799.0,5852.0,5642.5,5673.5,234382.0,0,1
2026-03-20,5735.0,5749.5,5592.0,5618.5,462806.0,0,1
2026-03-23,5590.0,5590.5,5475.5,5490.0,316325.0,0,1
2026-03-24,5590.0,5600.0,5404.5,5513.5,542905.0,0,1
2026-03-25,5536.5,5737.5,5536.5,5647.0,342559.0,0,1
2026-03-26,5536.5,5737.5,5536.5,5647.0,342559.0,0,1
2026-03-27,5600.0,5627.0,5483.0,5500.0,378825.0,0,1
2026-03-30,5480.0,5533.0,5364.5,5423.0,783793.0,0,1
2026-03-31,5480.0,5533.0,5364.5,5423.0,783793.0,0,1
2026-04-01,5520.0,5538.0,5433.5,5474.0,252740.0,0,1
2026-04-02,5460.0,5471.0,5351.5,5442.0,444248.0,0,1
2026-04-03,5460.0,5471.0,5351.5,5442.0,444248.0,0,1
2026-04-06,5420.0,5548.0,5402.0,5535.0,228390.0,0,1
2026-04-07,5493.0,5552.5,5384.0,5542.0,204113.0,0,1
2026-04-08,5698.5,5698.5,5556.0,5594.5,482250.0,0,1
2026-04-09,5620.0,5659.5,5430.5,5475.0,624921.0,0,1
2026-04-10,5500.0,5570.0,5405.0,5557.5,339513.0,0,1
2026-04-13,5526.5,5613.0,5444.0,5589.0,350782.0,0,1
2026-04-14,5526.5,5613.0,5444.0,5589.0,350782.0,0,1
2026-04-15,5670.0,5724.0,5600.5,5654.5,542939.0,0,1
2026-04-16,5640.0,5705.5,5534.5,5586.0,455115.0,0,1
2026-04-17,5601.5,5750.0,5568.5,5735.5,345936.0,0,1
2026-04-20,5736.0,5762.5,5640.5,5700.0,610941.0,0,1
2026-04-21,5715.0,5864.5,5685.0,5837.5,270416.0,0,1
2026-04-22,5874.0,5924.0,5716.5,5729.5,550506.0,0,1
2026-04-23,5724.0,5728.0,5640.5,5671.5,408915.0,0,1
2026-04-24,5707.5,5753.5,5665.5,5730.5,470926.0,0,1
2026-04-27,5750.0,5804.0,5689.0,5717.5,658091.0,0,1
2026-04-28,5723.0,5735.0,5641.0,5662.0,249233.0,0,1
2026-04-29,5674.0,5734.5,5665.0,5709.0,363567.0,0,1
2026-04-30,5720.0,5752.0,5644.0,5726.0,269033.0,0,1
2026-05-01,5726.0,5726.0,5726.0,5726.0,0.0,0,1
2026-05-04,5730.0,5821.5,5715.0,5792.5,328011.0,0,1
2026-05-05,5775.0,5842.5,5734.5,5834.5,710839.0,0,1
2026-05-06,5878.0,5880.0,5764.0,5783.0,438886.0,0,1
2026-05-07,5798.0,5891.5,5733.5,5814.0,490345.0,0,1
2026-05-08,5634.0,5654.0,5503.0,5520.0,3173832.0,1,0
2026-05-11,5505.5,5508.0,5395.0,5410.5,668220.0,0,1
2026-05-12,5403.5,5425.0,5315.0,5334.0,655043.0,0,1
2026-05-13,5345.0,5383.5,5279.5,5336.0,405228.0,0,1
2026-05-14,5343.5,5397.0,5310.0,5372.5,340218.0,0,1
2026-05-15,5372.5,5420.0,5365.0,5406.0,151714.0,0,1
2026-05-18,5385.5,5399.0,5289.5,5380.5,374914.0,0,1
2026-05-19,5375.0,5470.5,5375.0,5416.5,271643.0,0,1
2026-05-20,5380.0,5390.5,5321.5,5344.5,462006.0,0,1
2026-05-21,5361.5,5373.0,5292.0,5333.0,485793.0,0,1
2026-05-22,5341.0,5358.5,5298.0,5331.5,498183.0,0,1
2026-05-25,5370.0,5370.0,5309.5,5327.0,284971.0,0,1
2026-05-26,5356.0,5356.0,5311.0,5338.0,193734.0,0,1
2026-05-27,5330.0,5352.5,5301.0,5335.5,195454.0,0,1
2026-05-28,5335.5,5335.5,5335.5,5335.5,0.0,0,1
2026-05-29,5335.5,5350.0,5164.5,5204.5,1697949.0,0,1
2026-06-01,5208.0,5230.0,5122.0,5157.5,341856.0,0,1
2026-06-02,5120.5,5148.0,5075.0,5117.0,458858.0,0,1
2026-06-03,5130.0,5142.5,5050.0,5064.0,334445.0,0,1
2026-06-04,5051.5,5119.5,5035.0,5090.0,300651.0,0,1
2026-06-05,5095.0,5135.0,5071.0,5120.5,159398.0,0,1
2026-06-08,5094.0,5103.5,5036.5,5078.5,247859.0,0,1
2026-06-09,5079.5,5125.0,5063.5,5107.5,277222.0,0,1
2026-06-10,5110.0,5232.0,5103.5,5171.0,322498.0,0,1
2026-06-11,5160.0,5190.5,5096.5,5113.0,295275.0,0,1
2026-06-12,5128.5,5178.5,5115.0,5165.5,242017.0,0,1
2026-06-15,5250.0,5258.0,5180.0,5199.5,226798.0,0,1
2026-06-16,5199.5,5232.5,5169.5,5217.5,195644.0,0,1
2026-06-17,5220.0,5239.0,5191.0,5232.0,270826.0,0,1
2026-06-18,5230.5,5250.0,5192.5,5245.0,391567.0,0,1
2026-06-19,5211.0,5240.0,5180.0,5195.0,273184.0,0,1
2026-06-22,5205.0,5230.0,5186.5,5217.5,261961.0,0,1
