Date,Open,High,Low,Close,Volume,is_outlier,data_quality
2021-01-01,387.64057651048574,421.4065072402883,386.4641699434171,403.3789367675781,2391798.0,0,1
2021-01-04,406.8445237716781,408.40246040917015,391.8692540884833,394.7307739257813,687654.0,0,1
2021-01-05,396.57483237928926,403.7922345492706,393.045642210136,397.7194519042969,381196.0,0,1
2021-01-06,397.4969329138581,401.88460280590505,387.2590462020444,389.6436462402344,381718.0,0,1
2021-01-07,394.06305949418993,394.2538391197193,379.4693205165909,381.3451843261719,415600.0,0,1
2021-01-08,385.923650887152,396.4794641778444,378.76985123813984,393.9041137695313,637141.0,0,1
2021-01-11,394.2538120710884,397.0835155964107,383.4436174644855,384.8425903320313,345606.0,0,1
2021-01-12,384.81080276943214,391.0743651283988,379.628286149031,381.7267456054688,351502.0,0,1
2021-01-13,386.3051842235701,403.7286569641562,381.59958733322384,399.75433349609375,1292773.0,0,1
2021-01-14,400.6127970815865,427.7336339665341,392.9820771371753,417.2413940429688,1036104.0,1,0
2021-01-15,416.5101510572081,417.0506740102816,400.8989667552992,403.1246032714844,572469.0,0,1
2021-01-18,403.15636760205336,416.4783408289975,383.0303666908921,409.8968505859375,821262.0,0,1
2021-01-19,411.42295135210406,418.38597094666216,403.1563195173736,414.2526550292969,493132.0,1,0
2021-01-20,414.25268190473184,422.8690575341234,398.7368891436905,413.3306579589844,501213.0,0,1
2021-01-21,417.9408542266334,432.4074459481112,414.9203708087649,425.44439697265625,971202.0,0,1
2021-01-22,427.0977524327977,428.2105560605128,411.16864193614754,414.2845153808594,211842.0,0,1
2021-01-25,416.3829448870864,420.2936946899177,384.7154745058347,389.5482482910156,1058257.0,1,0
2021-01-26,416.3829448870864,420.2936946899177,384.7154745058347,389.5482482910156,1058257.0,0,1
2021-01-27,387.8949471708796,389.0713537901247,360.5515418810961,365.4797058105469,2078022.0,1,0
2021-01-28,361.886886184202,378.19755582596406,354.19259246052746,374.0642395019531,1132642.0,1,0
2021-01-29,378.0067608312914,378.292930281842,344.2090454945227,348.9146423339844,1594704.0,1,0
2021-02-01,356.7361488884052,378.0385845945072,342.5557260561704,369.644775390625,1325202.0,1,0
2021-02-02,379.4374912179655,391.7738358117721,364.9709294610647,366.9739990234375,882912.0,1,0
2021-02-03,371.3617356336165,375.7493765741112,362.0140856833853,368.2776489257813,730065.0,0,1
2021-02-04,370.0899266066243,376.4488503505111,367.70532656405584,371.5842895507813,410293.0,0,1
2021-02-05,374.47754630259936,376.70315330469697,365.6386338776479,372.2201232910156,320749.0,0,1
2021-02-08,372.633466552976,375.17705917566366,367.9596565889491,373.6509094238281,255435.0,0,1
2021-02-09,376.44882391742703,380.26418371763367,370.7576002286346,373.491943359375,259447.0,0,1
2021-02-10,375.1770829418198,378.96062699491466,369.454042841566,372.9514465332031,165310.0,0,1
2021-02-11,372.9514208167954,376.5442140841442,366.9104247578924,368.5637512207031,254409.0,0,1
2021-02-12,370.0898913695686,372.47449118509417,362.4909588617246,365.7340087890625,414139.0,0,1
2021-02-15,370.1535046954818,377.8160112225671,365.6386583698881,375.6221618652344,297327.0,0,1
2021-02-16,377.0847711889629,377.5298751932718,369.7084043512221,373.0468444824219,471055.0,0,1
2021-02-17,374.5411301548464,375.71753659755376,368.8816935781528,373.4601135253906,226708.0,0,1
2021-02-18,374.5411270756294,374.5411270756294,369.7719275410972,372.9196166992188,139896.0,0,1
2021-02-19,372.5381487867082,372.91967899142446,352.9208245069913,357.5946350097656,294156.0,0,1
2021-02-22,359.15254252452934,361.727922136678,353.016185516841,358.9617919921875,247765.0,0,1
2021-02-23,356.89510740305184,362.4591835196931,346.5936475149937,357.3402404785156,328720.0,0,1
2021-02-24,358.00794766539855,365.00275475607634,347.8336351735084,360.3925476074219,60856.0,0,1
2021-02-25,362.2048470183866,367.0376208332585,357.1494775464872,364.5894470214844,275179.0,0,1
2021-02-26,356.73613935081335,362.459179019543,350.56796661214656,355.4325561523437,557544.0,0,1
2021-03-01,357.3720449063744,358.92998163801127,352.9844041778176,356.92694091796875,377076.0,0,1
2021-03-02,358.3258761765302,364.3350855168595,357.5946027395936,363.12689208984375,140533.0,0,1
2021-03-03,363.0950656527053,373.9052614870967,361.473555198322,372.2837219238281,419308.0,0,1
2021-03-04,367.5463096963142,371.4570299125973,363.7309501808123,369.3268127441406,142585.0,0,1
2021-03-05,369.32686950405736,371.870433202338,361.8233260297976,367.419189453125,455664.0,0,1
2021-03-08,367.4191825135661,371.0119759937788,364.5894493957592,370.0581359863281,563092.0,0,1
2021-03-09,373.90524171468735,376.4488050846151,370.9801190967193,374.5093383789063,517422.0,0,1
2021-03-10,376.4487973958924,378.1975135507484,365.3842780419177,367.1329650878906,563316.0,0,1
2021-03-11,376.4487973958924,378.1975135507484,365.3842780419177,367.1329650878906,563316.0,0,1
2021-03-12,370.0899645998743,371.2345843813681,362.5546335135621,365.0028076171875,244410.0,0,1
2021-03-15,366.8786675635336,368.1504639707309,356.4182141588326,357.785400390625,1202530.0,0,1
2021-03-16,359.2797306360658,362.8089503484377,345.7987936471231,350.94952392578125,559870.0,0,1
2021-03-17,351.6490054279242,358.6438418333091,349.6777516092538,355.3371887207031,351994.0,0,1
2021-03-18,355.4643793702396,357.94436930183025,340.67985871558494,343.0008850097656,236085.0,0,1
2021-03-19,343.3823497002821,346.5618256041715,331.5229543549638,338.13623046875,581937.0,0,1
2021-03-22,341.2839121646085,349.74129473991024,339.09009198938423,345.32183837890625,407302.0,0,1
2021-03-23,347.134144283653,352.9207869877794,345.5444207118952,351.8079833984375,110713.0,0,1
2021-03-24,350.85415329558856,356.1002732496242,344.0182806162238,353.0479736328125,184624.0,0,1
2021-03-25,356.1003010251232,356.1003010251232,345.8942006749237,352.50750732421875,97257.0,0,1
2021-03-26,350.4726295530812,365.44793058406646,350.4726295530812,361.4100036621094,245299.0,0,1
2021-03-29,350.4726295530812,365.44793058406646,350.4726295530812,361.4100036621094,245299.0,0,1
2021-03-30,363.0950423584943,378.0385533991701,362.3001951880999,375.9400939941406,609553.0,0,1
2021-03-31,378.3565287685551,387.8949288980891,365.7022551445582,382.2037048339844,446727.0,0,1
2021-04-01,381.5677891245795,383.4436822311982,371.361718530524,376.3534851074219,416415.0,0,1
2021-04-02,381.5677891245795,383.4436822311982,371.361718530524,376.3534851074219,416415.0,0,1
2021-04-05,371.9975940575648,376.6714041611262,366.5606945008613,374.2868041992188,306778.0,0,1
2021-04-06,373.90528585972186,377.7206459195149,370.6940225354702,375.9083557128906,200874.0,0,1
2021-04-07,375.9082954142312,378.92877860742897,372.3790762814824,377.656982421875,277707.0,0,1
2021-04-08,378.9924141628605,380.9000940510815,375.3678049099096,378.03857421875,102853.0,0,1
2021-04-09,376.4488086203451,380.3277711770791,375.9401017633584,378.9924011230469,185158.0,0,1
2021-04-12,375.1770519110989,375.5585820644488,350.91770730120703,367.6416931152344,146686.0,1,0
2021-04-13,367.9914270936849,371.1073293730735,356.799730666338,359.1207275390625,106081.0,0,1
2021-04-14,367.9914270936849,371.1073293730735,356.799730666338,359.1207275390625,106081.0,0,1
2021-04-15,360.551520531196,364.8755874418635,354.8284805227643,361.2510070800781,229437.0,0,1
2021-04-16,359.91563246186905,367.3873596414875,359.91563246186905,364.0489196777344,48423.0,0,1
2021-04-19,360.7422913759856,362.4591916930826,337.97730862379257,344.0818786621094,942621.0,1,0
2021-04-20,346.561874033131,352.1895241734124,344.0182813110219,348.7239074707031,444322.0,0,1
2021-04-21,346.561874033131,352.1895241734124,344.0182813110219,348.7239074707031,444322.0,0,1
2021-04-22,348.7238849050276,350.98130801765774,338.9311321525834,346.8479919433594,758239.0,0,1
2021-04-23,346.561830814848,353.5566371561385,345.41721132175104,349.6777038574219,284488.0,0,1
2021-04-26,352.9208100259256,357.3720537827496,344.87677271488764,352.0941467285156,186295.0,0,1
2021-04-27,353.8745920402852,356.10022810827934,347.19771294518546,353.2387084960937,873681.0,0,1
2021-04-28,355.0192368082417,359.2797005210194,352.1259009811613,358.6120300292969,72010.0,0,1
2021-04-29,360.5515074938709,364.2714775430623,355.2417847605641,362.204833984375,107601.0,0,1
2021-04-30,356.7997170405968,360.2653333210662,350.44076511896543,353.3976745605469,233152.0,0,1
2021-05-03,353.5566472198108,358.8345826894532,348.4377044730525,357.2130432128906,145333.0,0,1
2021-05-04,358.8663854222716,364.716601803958,356.2910059303232,363.0950622558594,795805.0,0,1
2021-05-05,365.63866327863616,379.3103500498898,364.1760873178173,376.5442199707031,1336284.0,0,1
2021-05-06,379.1831739291013,379.1831739291013,367.89608705458977,376.9257507324219,225376.0,0,1
2021-05-07,381.53603116989376,381.53603116989376,373.4601774144273,375.9719543457031,320232.0,0,1
2021-05-10,376.44883238493856,380.90010499122616,355.3371762895203,360.010986328125,686604.0,1,0
2021-05-11,358.6438336277971,362.4591935600077,350.3772301443028,351.9033508300781,354921.0,0,1
2021-05-12,352.28487622749617,362.4591586985288,349.105400220162,355.6868896484375,496987.0,0,1
2021-05-13,352.28487622749617,362.4591586985288,349.105400220162,355.6868896484375,496987.0,0,1
2021-05-14,359.1843338950838,366.528883836306,350.50438477465366,353.9700012207031,719866.0,0,1
2021-05-17,356.1002682625028,356.1002682625028,351.7125985406169,354.0971984863281,555048.0,0,1
2021-05-18,356.1002844763974,357.5628314139898,350.4090312511306,353.6838684082031,269203.0,0,1
2021-05-19,355.46434746810564,358.35768334973494,354.8284638666469,357.3402404785156,105721.0,0,1
2021-05-20,358.64382048576107,360.39253676024026,352.3802579090885,354.8284606933594,155472.0,0,1
2021-05-21,356.10025820402853,357.5628050337171,352.85717908235705,355.5915222167969,117666.0,0,1
2021-05-24,358.0079450828589,360.99664171470977,354.8284688134681,359.62945556640625,220431.0,0,1
2021-05-25,362.300215798836,367.482732587101,358.61203273431903,365.4478759765625,475321.0,0,1
2021-05-26,367.6099009132999,371.9975703857809,366.3381337538013,370.2806701660156,300927.0,0,1
2021-05-27,371.7432060506229,376.41701571968673,366.0201666740835,374.3503723144531,339754.0,0,1
2021-05-28,374.54110701539327,375.1770196585276,361.187349033924,363.9216918945313,908175.0,0,1
2021-05-31,366.24275602594673,367.4827363245993,358.0079396836789,363.6355895996094,1078159.0,0,1
2021-06-01,363.63560889612177,369.13608238379095,363.63560889612177,366.3381652832031,225541.0,0,1
2021-06-02,366.4017438316923,371.806827566884,366.306354008065,369.9945373535156,160192.0,0,1
2021-06-03,369.3586627503773,371.36173266002254,364.048939599977,365.765869140625,449449.0,0,1
2021-06-04,368.818147617014,375.1771007698359,363.2540999944056,368.5955810546875,177015.0,0,1
2021-06-07,368.8180962855443,384.0795351540342,368.8180962855443,374.7637023925781,985239.0,0,1
2021-06-08,378.8970092116413,378.9923990240191,373.1739697755851,375.8765258789063,182901.0,0,1
2021-06-09,378.3565389183006,379.6283353393179,371.7114746629828,374.7955322265625,297280.0,0,1
2021-06-10,378.3564799662185,378.3564799662185,366.81504058526536,369.2632141113281,691321.0,0,1
2021-06-11,371.9657883955409,371.9657883955409,367.450942147495,370.5986022949219,183133.0,0,1
2021-06-14,371.361706626666,374.0960498288541,365.0027540542402,366.0837707519531,269953.0,0,1
2021-06-15,367.9278758379453,372.4427222543754,366.7196824209658,370.6304321289063,222067.0,0,1
2021-06-16,372.63348592636106,373.8734953993334,366.6243055328901,367.705322265625,173251.0,0,1
2021-06-17,368.7617876556896,372.4436525359321,361.9103374926283,363.4791259765625,168250.0,0,1
2021-06-18,365.88039290103126,370.1065463528468,358.3886287121735,367.8013610839844,214123.0,0,1
2021-06-21,361.46216819719126,370.1065245103173,361.46216819719126,369.2420654296875,72237.0,0,1
2021-06-22,371.3871432954755,373.2120863762374,366.29658973241857,372.1555480957031,150456.0,0,1
2021-06-23,373.9484492393219,376.445684204266,371.5152015968868,374.3006286621094,450702.0,0,1
2021-06-24,377.15008767930425,378.4307429420436,371.38718296445074,377.7583923339844,232434.0,0,1
2021-06-25,377.7904122550112,384.1936296452155,374.7168514931903,377.2461242675781,393486.0,0,1
2021-06-28,379.5832828255579,382.88093083061216,373.75633296760975,377.02197265625,157195.0,0,1
2021-06-29,378.4307032121332,380.9919841570642,372.0915028289916,374.1405334472656,77320.0,0,1
2021-06-30,374.1405811558276,377.3101964073951,350.00041503830573,368.3136596679688,368688.0,1,0
2021-07-01,359.8613246218727,368.6657807250616,359.8293163053584,366.360595703125,132984.0,0,1
2021-07-02,368.825845560893,378.1105141942214,367.5772281208916,375.9974670410156,218451.0,0,1
2021-07-05,378.43070797038746,382.9129570082865,373.4361792877441,381.0880432128906,434095.0,0,1
2021-07-06,381.6323148878314,402.0906121371619,381.12003526495073,392.83795166015625,2435301.0,0,1
2021-07-07,396.96803411639854,404.011593373602,387.39523153656125,388.77191162109375,671842.0,0,1
2021-07-08,391.23719846505423,396.1996898604334,376.7978993838207,384.22564697265625,661408.0,0,1
2021-07-09,384.2576471273491,387.3952242954471,378.1105260591252,385.9544982910156,447283.0,0,1
2021-07-12,389.9565473772669,393.0941248847262,381.152119501778,385.6343688964844,330213.0,0,1
2021-07-13,389.316179045061,389.316179045061,381.6323072830641,385.4742431640625,144592.0,0,1
2021-07-14,384.1936232040574,387.5233090882652,382.1125841822512,384.3216857910156,189936.0,0,1
2021-07-15,382.3046680028572,386.1145959618723,381.7924176488663,384.3536987304688,127821.0,0,1
2021-07-16,386.1145303534563,391.8774337915676,381.98446128080025,384.1295166015625,907425.0,0,1
2021-07-19,384.1936471012796,389.284201200712,382.0805703175629,384.67388916015625,417742.0,0,1
2021-07-20,388.5477888348962,398.79297110905424,382.91294737760296,395.8474731445313,1282245.0,0,1
2021-07-21,388.5477888348962,398.79297110905424,382.91294737760296,395.8474731445313,1282245.0,0,1
2021-07-22,403.78747728522666,407.53335911146894,398.2806983134661,400.0415954589844,1021020.0,0,1
2021-07-23,400.8420306743938,405.96459287008565,397.4482987785618,399.5933837890625,362461.0,0,1
2021-07-26,402.1226338028134,402.1226338028134,393.7984487223212,395.6874084472656,279477.0,0,1
2021-07-27,401.48232763028193,401.48232763028193,391.1411200692367,394.150634765625,313401.0,0,1
2021-07-28,397.00007403783184,397.6723952693612,384.2256188990178,390.5648193359375,240273.0,0,1
2021-07-29,393.6704209559978,399.1131544540169,392.10163220328496,396.904052734375,251980.0,0,1
2021-07-30,399.5613495483354,416.1777112544131,394.3106957923191,400.8099670410156,1571739.0,0,1
2021-08-02,404.6839271138933,404.6839271138933,399.1131024368951,402.8910217285156,238138.0,0,1
2021-08-03,406.4448388964734,408.5259072885652,399.4653251198242,406.7330017089844,2346982.0,0,1
2021-08-04,409.8065153993482,409.8065153993482,400.84201720235455,405.0361328125,874341.0,0,1
2021-08-05,403.4032728182468,409.07012245503125,401.54635079674,408.4298095703125,483445.0,0,1
2021-08-06,405.9646033124774,408.4618678357279,401.2902454033105,407.5654296875,359881.0,0,1
2021-08-09,409.8064958281129,409.8064958281129,401.2261857959088,407.0851440429688,197412.0,0,1
2021-08-10,406.5408981805666,406.5408981805666,397.00010316328473,399.8495178222656,197838.0,0,1
2021-08-11,400.3297067959914,402.63489177229735,391.3972176035618,394.5668029785156,601509.0,0,1
2021-08-12,397.6403742789902,402.12262315570894,396.2957025471391,400.36175537109375,115932.0,0,1
2021-08-13,402.12263007913054,404.3957775292058,400.20166205437096,402.1866760253906,391387.0,0,1
2021-08-16,406.22070452696,406.22070452696,400.9060339683873,402.66693115234375,86932.0,0,1
2021-08-17,405.96459234563486,411.0551755269826,400.9700927457052,405.5163879394531,264826.0,0,1
2021-08-18,407.21325499375,407.62945109666975,401.6744671917981,406.412841796875,465420.0,0,1
2021-08-19,407.21325499375,407.62945109666975,401.6744671917981,406.412841796875,465420.0,0,1
2021-08-20,406.60489505177645,407.7574582419646,397.6403681254216,400.5218200683594,271725.0,0,1
2021-08-23,402.5388602474983,409.8065070615648,395.75142613369815,407.9495849609375,382602.0,0,1
2021-08-24,407.8855040539589,415.8255007288228,401.002045577076,404.171630859375,410223.0,0,1
2021-08-25,408.78198476636334,412.8159998659295,402.7629557771861,410.5748901367188,253935.0,0,1
2021-08-26,409.7424630970757,414.8650246747136,400.2016401305564,401.4502868652344,127269.0,0,1
2021-08-27,401.45033075142834,404.87604161620055,393.8625125021387,398.3767700195313,206776.0,0,1
2021-08-30,402.0906414873664,402.4108126110818,392.677909428938,396.5838623046875,264273.0,0,1
2021-08-31,396.359734629521,401.418279963241,396.359734629521,396.7119140625,108969.0,0,1
2021-09-01,397.0000940922109,400.842030392098,396.3597518344645,398.6008911132813,137413.0,0,1
2021-09-02,399.5613792752813,402.73096503045,393.7984747665032,396.6479187011719,229989.0,0,1
2021-09-03,395.8794926128812,401.4823259108947,395.7194217112168,396.7119140625,187717.0,0,1
2021-09-06,396.71189209780687,404.68392671962937,396.71189209780687,400.71392822265625,612753.0,0,1
2021-09-07,403.9795948981581,403.9795948981581,396.5198393955876,397.9285278320313,573894.0,0,1
2021-09-08,397.00010464526,399.1771980315144,392.3257467353672,394.11865234375,198186.0,0,1
2021-09-09,394.2466557261792,396.455757100902,389.3161733715264,391.3652038574219,151767.0,0,1
2021-09-10,394.2466557261792,396.455757100902,389.3161733715264,391.3652038574219,151767.0,0,1
2021-09-13,391.3652498283641,392.517813124264,384.67386966404416,386.722900390625,177877.0,0,1
2021-09-14,388.61181918136265,393.83043506026553,386.1465633189104,392.5818176269531,254713.0,0,1
2021-09-15,392.58182306715,401.48230404933867,391.14109709568106,400.5218200683594,316620.0,0,1
2021-09-16,403.1471421781477,403.1471421781477,398.2806763855754,399.3052062988281,329575.0,0,1
2021-09-17,399.8815244187133,402.6669222212672,391.3011848526321,393.1260986328125,771450.0,0,1
2021-09-20,391.2371609391011,396.8399647576191,389.34820124713485,393.8624877929688,702256.0,0,1
2021-09-21,393.06209066370377,400.0736124569608,390.11659258471497,396.93603515625,302505.0,0,1
2021-09-22,398.7289232017751,398.7289232017751,393.2221443516244,396.2316589355469,356182.0,0,1
2021-09-23,396.3597298967699,401.9625631278825,395.2711832928272,400.2337036132813,148971.0,0,1
2021-09-24,402.1225930261517,405.9645287216616,400.2336628043977,402.538818359375,914427.0,0,1
2021-09-27,403.403275094034,410.1266630122679,401.514315433901,405.48431396484375,1360066.0,0,1
2021-09-28,405.356264465059,409.07013796048886,403.8194841718387,407.149169921875,291688.0,0,1
2021-09-29,406.6049260226586,407.5654100767975,403.4033027383134,406.2527465820313,199119.0,0,1
2021-09-30,407.2452110473105,407.2452110473105,403.403275094034,405.48431396484375,177421.0,0,1
2021-10-01,406.6049177960804,409.8065117040027,402.1546770560525,407.9815979003906,302118.0,0,1
2021-10-04,410.1907175782324,410.79902216284336,391.7494128902513,404.7479553222656,169644.0,0,1
2021-10-05,404.4918119088591,421.5564064483969,401.09810971504953,417.07415771484375,3011923.0,0,1
2021-10-06,421.9726628444648,432.2178161227515,409.8065121828748,413.5203857421875,685018.0,0,1
2021-10-07,418.1306969761045,422.6129457207767,405.3882802481973,409.9665832519531,1309491.0,0,1
2021-10-08,410.030639310532,414.096692405677,398.5368389105792,404.4918518066406,1101606.0,0,1
2021-10-11,404.0435719772788,407.08512402757,382.62479161086696,388.3876953125,1321698.0,0,1
2021-10-12,388.5477910905867,398.4087563701856,388.4517368270775,396.4557800292969,488067.0,0,1
2021-10-13,399.5613412139474,401.4823092005529,374.012461129765,383.1690673828125,1206135.0,0,1
2021-10-14,388.5477688960051,395.0790773901553,386.6268009821334,388.8038940429688,932134.0,0,1
2021-10-15,388.5477688960051,395.0790773901553,386.6268009821334,388.8038940429688,932134.0,0,1
2021-10-18,393.15812874140624,394.21463769649023,377.2460967296972,382.2085876464844,570036.0,0,1
2021-10-19,382.91291101522256,385.4101750565888,365.1439585874548,368.1534729003906,492411.0,0,1
2021-10-20,367.8653807206864,372.027487923236,361.9744140018104,369.2100524902344,454968.0,0,1
2021-10-21,369.210064544754,370.4266737717641,353.9383739464367,357.6202392578125,576276.0,0,1
2021-10-22,358.7087855201871,361.7823169031702,346.73474317490087,352.0814514160156,513744.0,0,1
2021-10-25,352.0814247376891,355.3470644085064,340.36350845291787,347.7592468261719,376146.0,0,1
2021-10-26,334.8887466176933,372.6677939157873,334.8887466176933,363.8313293457031,1629445.0,0,1
2021-10-27,364.98393617401297,380.31967253671104,354.25854080260626,358.5807189941406,1007889.0,1,0
2021-10-28,369.43414206304055,369.43414206304055,344.0133256540363,351.2489929199219,596638.0,0,1
2021-10-29,352.17748982442987,353.6182159591366,342.63669487780777,349.0079040527344,356512.0,0,1
2021-11-01,349.00788220961834,359.41313563515666,349.00788220961834,354.0024108886719,179452.0,0,1
2021-11-02,357.0439330102362,367.8973907946866,354.73877720691394,364.2795715332031,561565.0,0,1
2021-11-03,361.8463703568731,368.24958773990113,361.8463703568731,364.9839477539063,248985.0,0,1
2021-11-04,372.6677805569292,372.6677805569292,365.8483385039967,368.0894775390625,32437.0,0,1
2021-11-05,372.6677805569292,372.6677805569292,365.8483385039967,368.0894775390625,32437.0,0,1
2021-11-08,368.9879281824179,387.5014998305773,365.7793277958758,383.330322265625,1415932.0,0,1
2021-11-09,379.8971260118861,391.4480524383509,376.0468172030646,386.0897216796875,627856.0,0,1
2021-11-10,384.9024893656007,385.03083101757176,377.4585560491914,381.5976257324219,172306.0,0,1
2021-11-11,381.1805620104548,381.1805620104548,365.9718543673181,371.9718933105469,389181.0,0,1
2021-11-12,377.9398841543615,388.1752861920846,374.763391216129,382.8169555664063,1893790.0,0,1
2021-11-15,383.4586538547447,397.8652330798562,383.29823412106646,396.3251037597656,896614.0,0,1
2021-11-16,397.5443490905586,400.4320804398847,392.28225302053625,397.4801635742188,596256.0,0,1
2021-11-17,399.11655905107307,404.21820605160775,393.4373599017648,394.8812255859375,719485.0,0,1
2021-11-18,400.9133629347138,404.0577775507989,377.4906436636942,379.1911926269531,744640.0,0,1
2021-11-19,400.9133629347138,404.0577775507989,377.4906436636942,379.1911926269531,744640.0,0,1
2021-11-22,382.5923619526431,382.9773869605832,375.4371890424411,378.5816040039063,544947.0,1,0
2021-11-23,379.2553933314409,381.8222559140936,375.0200597886309,378.5494995117188,779671.0,0,1
2021-11-24,381.5014276022296,382.97737142723247,375.4692812625866,377.426513671875,1096834.0,0,1
2021-11-25,379.8970945243648,384.1324573634432,375.5013413322459,378.3569946289063,829948.0,0,1
2021-11-26,376.6885265494196,376.6885265494196,362.9236559693358,372.13232421875,528133.0,0,1
2021-11-29,371.5548101178664,371.5548101178664,355.4797586553028,365.6189270019531,538491.0,0,1
2021-11-30,365.6189001727006,398.4427577481588,352.9449480132885,382.6244201660156,4473361.0,1,0
2021-12-01,382.43189291124855,384.2928910826298,374.7954611705917,381.8543701171875,257992.0,1,0
2021-12-02,378.6137162153405,388.1111467416203,378.6137162153405,384.9988098144531,156946.0,0,1
2021-12-03,381.8543853689253,386.82769108930125,377.1698410571134,381.7260437011719,243979.0,0,1
2021-12-06,379.89710142665007,385.0308559646869,377.426502434489,382.6885986328125,181465.0,0,1
2021-12-07,380.66719239011786,383.1057133855647,369.6296330152182,372.7740478515625,246979.0,0,1
2021-12-08,375.405090382149,377.8436113409021,372.3569391837078,375.91845703125,379611.0,0,1
2021-12-09,375.9184596412336,380.3463204592804,373.5120167374607,379.5120849609375,87288.0,0,1
2021-12-10,379.5120834876945,384.6779161927751,378.2928230045858,383.1377868652344,141195.0,0,1
2021-12-13,385.03082813483945,387.18058750866174,378.9666043419241,382.1430969238281,107824.0,0,1
2021-12-14,382.1431234495776,382.43188484051416,375.5334251494283,377.26605224609375,161374.0,0,1
2021-12-15,378.26073806197024,381.85436330244846,374.5708492323587,378.0361328125,100008.0,0,1
2021-12-16,376.6885279238489,378.6136821902816,368.9879108581179,373.92913818359375,162714.0,0,1
2021-12-17,374.9238002571889,384.6458353559075,369.59754785594265,378.5174255371094,374350.0,0,1
2021-12-20,375.3087866051613,381.11632698395977,367.0948035969691,377.2981262207031,204169.0,0,1
2021-12-21,379.25540163460494,383.55492078948544,373.6082803287163,379.5120849609375,82738.0,0,1
2021-12-22,380.8275812110901,383.4907072465879,376.6564040241843,378.4532165527344,64413.0,0,1
2021-12-23,378.4532527373669,382.9452991759959,373.768708487412,374.7954711914063,274932.0,0,1
2021-12-24,375.4050862647606,377.9398707862997,367.25525860981344,369.5012817382813,111346.0,0,1
2021-12-27,367.7044580124068,372.13231861750353,363.2765974073099,364.6883850097656,90694.0,0,1
2021-12-28,365.71515467854783,366.61357574248,360.453087466828,361.54400634765625,410938.0,0,1
2021-12-29,364.4637824533483,370.27132325782975,361.0306063840445,367.7686462402344,96793.0,0,1
2021-12-30,368.3462020910003,375.2125842217372,365.77933932616713,373.1590881347656,156508.0,0,1
2021-12-31,373.4799236327543,382.07893222087625,372.4210829226085,379.38372802734375,384015.0,0,1
2022-01-03,377.9719266278849,382.20728931399,374.9879611565674,381.05218505859375,100534.0,0,1
2022-01-04,381.1805795292637,383.0094703741222,376.36769342409616,379.8329772949219,275556.0,0,1
2022-01-05,384.3891395043254,384.3891395043254,376.91312779309766,383.26611328125,440307.0,0,1
2022-01-06,383.7153221642805,383.7153221642805,373.47992079501887,379.92919921875,216028.0,0,1
2022-01-07,377.9719512968437,385.7688320908407,376.6885346798853,383.6832580566406,276637.0,0,1
2022-01-10,383.7474016677722,388.81697057801074,377.330230665974,381.9826965332031,378478.0,0,1
2022-01-11,384.3249706331064,387.5656490340805,379.96129533594166,385.4479675292969,481882.0,0,1
2022-01-12,389.4587125094981,403.2877392297236,387.62982183837096,393.5657043457031,476886.0,0,1
2022-01-13,393.8544782480017,400.4320986343984,389.52288102719695,395.7796325683594,216796.0,0,1
2022-01-14,395.7796257385705,400.432091724324,387.62982746507765,391.7047119140625,196375.0,0,1
2022-01-17,392.0897689664537,397.255601630805,388.5924072791564,389.1057739257813,80485.0,0,1
2022-01-18,389.1057530087344,390.6779603111487,383.9719986918901,386.442626953125,112446.0,0,1
2022-01-19,383.4906989471959,386.1538249250591,378.9666043419241,382.1430969238281,73372.0,0,1
2022-01-20,383.33031971530784,384.0682916304427,376.1430689975224,379.9933776855469,212223.0,0,1
2022-01-21,378.6136937640479,381.98271383329217,364.0466946611126,369.4371032714844,581674.0,0,1
2022-01-24,371.10559250036937,373.4799574516626,358.5279326242705,367.736572265625,432834.0,0,1
2022-01-25,364.4958537287991,376.4318333233785,359.9717589635832,369.1162414550781,241282.0,0,1
2022-01-26,364.4958537287991,376.4318333233785,359.9717589635832,369.1162414550781,241282.0,0,1
2022-01-27,369.1162652838685,372.0360748554708,364.49587725931417,365.5547180175781,72805.0,0,1
2022-01-28,362.6028344764107,369.79005585893873,362.5707270284463,366.0360107421875,154959.0,0,1
2022-01-31,367.7044341879547,369.5975102253613,359.5225292387463,363.8541259765625,165996.0,0,1
2022-02-01,370.2713276820297,370.2713276820297,354.35672690310736,358.94500732421875,510037.0,0,1
2022-02-02,356.1535533230198,366.42103335670697,351.66153631619244,356.5065002441406,391141.0,0,1
2022-02-03,354.8059704209678,357.3407551508905,349.4155320948132,356.3460998535156,188310.0,0,1
2022-02-04,357.43702833007103,358.7204450786605,345.24436358978653,346.9770202636719,346978.0,0,1
2022-02-07,349.4155349576897,350.3781121889781,340.8486034743281,342.902099609375,115753.0,0,1
2022-02-08,344.4101185681486,345.6935646570591,330.6452760322981,332.85919189453125,327018.0,0,1
2022-02-09,333.30838441748443,336.0036181209732,325.992792044478,327.3404235839844,259543.0,0,1
2022-02-10,327.7575142529019,329.939351840737,324.7093631192387,326.6665954589844,205572.0,0,1
2022-02-11,326.6345388407277,326.6666169138408,317.6504752047124,319.2547607421875,407395.0,0,1
2022-02-14,321.50079158004377,321.50079158004377,301.9283783087781,312.4846496582031,330292.0,1,0
2022-02-15,311.2332764559099,318.38841929022846,306.74123034305626,316.6557922363281,149502.0,0,1
2022-02-16,320.8590969768743,324.0676682650401,314.44189564948914,316.2387084960937,723408.0,0,1
2022-02-17,317.0087626770941,318.2921793399101,311.4257973795088,317.49005126953125,794419.0,0,1
2022-02-18,317.65044752842783,320.8590476993436,312.9017474759738,317.42584228515625,446104.0,0,1
2022-02-21,317.0087460727782,317.42584912246525,308.66639132380845,315.5648803710937,584287.0,0,1
2022-02-22,308.02471103249616,313.15846600821294,305.265321037795,307.8321838378906,168441.0,0,1
2022-02-23,309.4364608609778,314.1530827953968,296.0566449906996,297.82135009765625,590475.0,0,1
2022-02-24,295.190289252833,297.6288393522071,282.35594800848423,290.9549560546875,725320.0,1,0
2022-02-25,291.33999192136747,299.9069515955103,286.8479752550749,289.318603515625,138151.0,0,1
2022-02-28,288.7731460622005,293.0726651814884,282.90141955049774,291.75714111328125,404002.0,0,1
2022-03-01,288.7731460622005,293.0726651814884,282.90141955049774,291.75714111328125,404002.0,0,1
2022-03-02,291.9817826275978,292.62349101781206,279.1474091946233,281.1367492675781,411757.0,0,1
2022-03-03,284.9228446413121,289.8319941234125,277.86393554529405,286.7838134765625,587848.0,0,1
2022-03-04,287.23301565429307,290.6982992690285,273.1152272476383,285.5645446777344,381244.0,0,1
2022-03-07,280.43079839988684,280.43079839988684,270.6125004581381,276.4521484375,376135.0,0,1
2022-03-08,273.3077428386701,281.8747035306981,271.125905073649,277.4147644042969,211471.0,0,1
2022-03-09,279.9816129535382,289.1902521520075,272.7302061543149,285.2757873535156,251065.0,0,1
2022-03-10,292.6234687367132,297.40427666248587,285.8212428162727,289.8320007324219,198586.0,0,1
2022-03-11,290.6983101595359,292.559279010478,283.67150845224694,288.8373413085937,167461.0,0,1
2022-03-14,291.3400368643745,291.8213254877053,284.7945233372868,287.9068603515625,126942.0,0,1
2022-03-15,292.944309665603,294.9656980920251,288.356029367449,293.93896484375,504991.0,0,1
2022-03-16,295.2865823531908,299.10481291470046,286.2062848682023,287.874755859375,323266.0,0,1
2022-03-17,293.2651426488635,308.57014182917294,290.1849135964622,305.3615417480469,650632.0,1,0
2022-03-18,293.2651426488635,308.57014182917294,290.1849135964622,305.3615417480469,650632.0,0,1
2022-03-21,307.3508886136935,310.27072766624883,297.3080135224073,302.9872131347656,214258.0,0,1
2022-03-22,300.2598680029964,300.9978692343151,289.382758584128,293.9710388183594,187429.0,0,1
2022-03-23,293.9068950866882,296.7946264924236,292.6234491145204,294.90155029296875,177730.0,0,1
2022-03-24,293.9069090567071,296.4095862268837,291.50046610421094,293.4897766113281,114694.0,0,1
2022-03-25,295.0619756061479,296.6662904455915,290.5378806102151,291.5004577636719,69723.0,0,1
2022-03-28,291.5004608914728,293.0084827811237,283.6393944702108,285.7891540527344,129657.0,0,1
2022-03-29,288.1314685907254,291.91759209130754,284.28115956445964,287.36138916015625,125700.0,0,1
2022-03-30,288.9015086125352,291.9817674767844,287.48972085179383,288.7410888671875,167049.0,0,1
2022-03-31,291.9817299099376,309.62895714658094,290.2490735059017,300.16363525390625,853237.0,1,0
2022-04-01,296.7946126953496,306.25993450156426,293.3934854335413,301.4791564941406,497595.0,0,1
2022-04-04,301.4791832157853,302.50591653637616,294.09940528417974,296.60211181640625,413778.0,0,1
2022-04-05,298.14222450631206,307.960493525468,295.8962014297887,300.35614013671875,471654.0,0,1
2022-04-06,301.41500778201674,301.60753497383234,293.2651795872428,294.4523620605469,507444.0,0,1
2022-04-07,296.0245485098567,299.55401760554463,294.548604729218,296.6983642578125,176770.0,0,1
2022-04-08,297.69303189585736,300.16366036597555,294.22774817339746,297.88555908203125,197113.0,0,1
2022-04-11,298.3989200570469,302.2492287029443,296.5379512534409,300.5166015625,276073.0,0,1
2022-04-12,304.655667426166,307.3829791380939,295.4791064461704,300.2919921875,874980.0,0,1
2022-04-13,301.67167817552456,303.1476219976917,295.1261651920255,298.4309997558594,284545.0,0,1
2022-04-14,301.67167817552456,303.1476219976917,295.1261651920255,298.4309997558594,284545.0,0,1
2022-04-15,301.67167817552456,303.1476219976917,295.1261651920255,298.4309997558594,284545.0,0,1
2022-04-18,297.75724197584725,302.1850738678174,291.98177842055406,300.7733154296875,246282.0,0,1
2022-04-19,298.4631110024291,308.02469727165885,298.4631110024291,303.56475830078125,338977.0,0,1
2022-04-20,303.5647765060348,306.7412696369383,299.71446755923,302.63427734375,305077.0,0,1
2022-04-21,305.36158635095643,307.9926346892132,302.8588796846493,303.9497985839844,93048.0,0,1
2022-04-22,303.40431067513634,307.3508532457604,300.3240522353346,301.4791564941406,114741.0,0,1
2022-04-25,298.7197627286164,302.2171241504962,293.93895541205274,300.99786376953125,175647.0,0,1
2022-04-26,301.6395985057119,304.9123549801262,300.32407442645854,301.02996826171875,71214.0,0,1
2022-04-27,300.58075902592816,304.1743843612789,289.41485802870045,302.5700988769531,127234.0,0,1
2022-04-28,303.75728293092624,307.4150644300404,298.7518698921684,300.2278137207031,394849.0,0,1
2022-04-29,301.80001416024174,304.1423008888015,299.68236205861706,301.3187255859375,62077.0,0,1
2022-05-02,301.31869327540767,302.1529286731145,296.44165191237096,298.23846435546875,62460.0,0,1
2022-05-03,301.31869327540767,302.1529286731145,296.44165191237096,298.23846435546875,62460.0,0,1
2022-05-04,301.6075421928214,301.6075421928214,292.3347168252448,293.87481689453125,91057.0,0,1
2022-05-05,294.9657178323561,295.4470064185754,287.48970570981953,289.3827819824219,75405.0,0,1
2022-05-06,286.7837857244645,291.2437536340314,284.3452649433798,289.6073608398437,69550.0,0,1
2022-05-09,289.4148619615896,289.4148619615896,280.4308278766516,281.3612976074219,193879.0,0,1
2022-05-10,282.86932641519894,285.21158365550457,275.93875952857053,276.6446533203125,132229.0,0,1
2022-05-11,264.38783262125065,269.45740141097906,256.6872158519373,264.2594909667969,772932.0,1,0
2022-05-12,264.3878695814993,265.6392376067614,253.47868055026373,255.4359130859375,215037.0,0,1
2022-05-13,255.4358784730981,262.6552067253044,254.28077420253635,255.46795654296875,171031.0,0,1
2022-05-16,256.8155655798544,261.11508457802336,254.5053863515401,259.799560546875,66427.0,0,1
2022-05-17,259.8958352458766,264.9012482674882,256.1738682395427,259.18994140625,102699.0,0,1
2022-05-18,260.2166675035492,261.17924453577496,255.40378234242013,256.1417541503906,86490.0,0,1
2022-05-19,253.79951018481088,259.18994834260576,250.2700702677483,257.0722961425781,253398.0,0,1
2022-05-20,256.6872170128662,260.2487640349903,254.2807742615721,255.8529815673828,386937.0,0,1
2022-05-23,260.4733874215277,260.4733874215277,255.4679743999161,259.18994140625,148812.0,0,1
2022-05-24,260.44133110086915,264.38787431712313,257.04020328265744,263.64990234375,110838.0,0,1
2022-05-25,263.6498828624294,268.59111041185963,255.8851093028352,262.0135192871094,394806.0,0,1
2022-05-26,259.639149006873,263.3611159714766,257.6177311025199,259.73541259765625,560095.0,0,1
2022-05-27,259.7354044053921,263.0402388308724,257.7139865647961,259.799560546875,641409.0,0,1
2022-05-30,260.2487862980985,262.78357092126623,258.64450078517035,259.41455078125,668266.0,0,1
2022-05-31,260.79420170786454,265.99214141121735,254.37703100225312,256.8155517578125,303862.0,0,1
2022-06-01,257.906506469168,260.0883736015179,256.0455375738264,258.580322265625,912915.0,0,1
2022-06-02,259.89581600431603,268.39859014691507,258.8048972535302,264.51617431640625,529806.0,0,1
2022-06-03,264.7408224087398,268.43071166705323,261.33972395137914,264.933349609375,871731.0,0,1
2022-06-06,264.9012369575374,268.23814945395185,260.92258679312107,265.2220764160156,94330.0,0,1
2022-06-07,264.3878547812732,264.90125081764097,258.9974460913669,262.0135192871094,201235.0,0,1
2022-06-08,262.65681273407847,263.71822371325175,254.1010051066802,258.4432373046875,720468.0,0,1
2022-06-09,258.44321860170885,259.08650239823754,256.1595243144761,257.2852783203125,529404.0,0,1
2022-06-10,256.67415176946696,260.180099999633,254.22964389103444,256.7384948730469,503358.0,0,1
2022-06-13,254.71211971827236,257.9929113297267,247.66803682698543,251.0775146484375,600855.0,0,1
2022-06-14,251.07752986924444,256.67417298996685,249.59793284102776,254.9051055908203,691771.0,0,1
2022-06-15,256.22387948083,258.6040740850657,254.42265511109068,256.995849609375,542460.0,0,1
2022-06-16,258.3467175472633,259.408157892655,244.9018801247463,248.92247009277344,453196.0,0,1
2022-06-17,246.63876613443625,250.24121413322345,235.5419518041685,238.5654296875,580237.0,0,1
2022-06-20,239.6268537922163,250.24121259268912,237.1501744892525,245.7703094482422,271693.0,0,1
2022-06-21,245.96332044464165,247.57157419654555,238.79059528723025,240.9456329345703,417715.0,0,1
2022-06-22,241.36377000949585,242.52169560831013,230.3956115640858,232.13250732421875,175041.0,0,1
2022-06-23,235.44546287462825,240.52747850212685,234.06238062205523,237.56832885742188,104083.0,0,1
2022-06-24,238.79058191513275,243.74395548842452,238.34028325782748,240.07717895507807,4085983.0,0,1
2022-06-27,244.8697147948913,245.51301332879103,241.2672812869916,243.1006622314453,60624.0,0,1
2022-06-28,241.8784080574328,244.32291598123825,239.3052286479016,242.00706481933597,51097.0,0,1
2022-06-29,241.6532528826424,244.7410593592144,237.954319421274,238.79058837890625,130066.0,0,1
2022-06-30,239.9485252131265,242.84334650367165,234.86649481669969,238.3402862548828,116514.0,0,1
2022-07-01,239.53036766871696,241.23509172388,236.92503162286332,239.59469604492188,404506.0,0,1
2022-07-04,239.9163570350412,243.1328202729404,233.61208732189988,238.2437896728516,413653.0,0,1
2022-07-05,239.4982161111189,240.5918133217137,234.80217063704288,236.4425811767578,568888.0,0,1
2022-07-06,239.240901670557,259.0865091489169,239.240901670557,257.09228515625,2647935.0,1,0
2022-07-07,261.8205246089645,266.9668541623223,252.33193348301367,254.55128479003903,1156306.0,1,0
2022-07-08,254.61559631591368,256.86713362101784,250.24120790384168,251.43130493164065,164004.0,0,1
2022-07-11,251.4634905801705,259.8906412178239,249.79092318439928,256.1273498535156,314337.0,0,1
2022-07-12,258.6040354613336,259.7941325857048,251.3348254018173,253.2003631591797,109563.0,0,1
2022-07-13,263.10707828848325,263.10707828848325,245.1591952936525,246.79959106445312,1101775.0,0,1
2022-07-14,248.825994707964,250.85237566767464,244.67674757187584,249.50146484375,1330429.0,1,0
2022-07-15,252.4284116512475,253.4255088671732,250.016060678754,251.8494415283203,258756.0,0,1
2022-07-18,253.3933531115379,255.19457714179111,250.08037538989691,253.3290100097656,159615.0,0,1
2022-07-19,252.68576257815,255.323270624975,250.30556808013984,254.0045166015625,275557.0,0,1
2022-07-20,254.16529791153877,257.1887758974007,253.61851405169745,254.8729248046875,172270.0,0,1
2022-07-21,255.83789772260485,256.4490247629523,251.30266544370969,254.0045166015625,436591.0,0,1
2022-07-22,255.32323955525453,259.7297850758714,254.3904559685728,258.7005310058594,176512.0,0,1
2022-07-25,258.70052524902326,260.147935838502,254.8086068500189,259.11865234375,102295.0,0,1
2022-07-26,260.3409298374644,265.1978185171711,254.8729435976499,257.1244812011719,457786.0,0,1
2022-07-27,255.22674737388647,258.89350928110724,255.22674737388647,257.09228515625,100464.0,0,1
2022-07-28,257.63909577820675,261.11288722879027,257.0922824569176,260.4695739746094,226680.0,0,1
2022-07-29,259.9871085030627,263.01061606807855,256.73850313502976,257.31744384765625,451266.0,0,1
2022-08-01,258.6683777038153,292.055292941039,258.6683777038153,277.6133728027344,1097865.0,1,0
2022-08-02,295.91505177358,333.12960097874964,291.4120063044045,326.98614501953125,12299397.0,1,0
2022-08-03,324.12348301557995,344.74104540231235,315.27820559826665,322.5152587890625,5837487.0,1,0
2022-08-04,322.96557395357087,333.7085754528273,310.3248484211195,321.6468200683594,598959.0,0,1
2022-08-05,327.3077907766458,330.395582343886,319.78123809573304,322.5795593261719,369957.0,0,1
2022-08-08,322.5474237194553,322.9333940097975,316.5004674944905,319.2666320800781,210013.0,0,1
2022-08-09,322.5474237194553,322.9333940097975,316.5004674944905,319.2666320800781,210013.0,0,1
2022-08-10,320.8105317552647,323.6410099022852,315.21385966928824,320.6496887207031,235083.0,0,1
2022-08-11,324.18786065557947,328.0154364893054,319.26665807204853,321.8720092773437,164325.0,0,1
2022-08-12,322.4509215614616,322.9333917829738,316.5004653120258,317.9478759765625,79462.0,0,1
2022-08-15,322.4509215614616,322.9333917829738,316.5004653120258,317.9478759765625,79462.0,0,1
2022-08-16,323.5766901601765,329.9774595079858,319.6525854634691,321.3894958496094,265083.0,0,1
2022-08-17,330.2347817433586,331.93950589963003,324.34863926665594,327.2113037109375,1185973.0,0,1
2022-08-18,326.53583340675664,328.4335574255849,324.21998227999984,326.1177062988281,425847.0,0,1
2022-08-19,325.53872479920494,329.3663295314166,322.29009019039694,325.3135681152344,494662.0,0,1
2022-08-22,324.8632766865388,326.14987377569764,319.9421039243712,321.1321716308594,272596.0,0,1
2022-08-23,319.0736450243433,323.4480635001584,316.1145098985754,320.8427124023437,100986.0,0,1
2022-08-24,317.7870610305445,323.06204716831775,316.27530726734966,318.26953125,126718.0,0,1
2022-08-25,320.3602187299893,321.6146294941513,310.1640012390195,313.2196655273437,168063.0,0,1
2022-08-26,315.34252678003105,319.0414749817039,315.34252678003105,317.0794372558594,107962.0,0,1
2022-08-29,311.80442353239533,315.14955829365664,308.8774453401146,312.0617370605469,204586.0,0,1
2022-08-30,312.7050778090682,328.01544021307745,312.7050778090682,325.0563049316406,1093249.0,0,1
2022-08-31,312.7050778090682,328.01544021307745,312.7050778090682,325.0563049316406,1093249.0,0,1
2022-09-01,327.4364671326373,330.71725875256885,317.7870626930473,324.2843322753906,737719.0,0,1
2022-09-02,326.7931562130884,327.1469696749181,319.7169458717838,321.4538269042969,210259.0,0,1
2022-09-05,321.646847883784,322.2901317440373,317.8513994891707,319.7812805175781,121564.0,0,1
2022-09-06,321.45383106829365,328.72304137299375,319.7812636720953,322.99774169921875,364806.0,0,1
2022-09-07,325.5065630980531,327.1469440675492,320.7461748742875,321.5824584960937,105897.0,0,1
2022-09-08,334.51267189483553,336.50689585496065,322.5474164770196,331.0389099121094,1619802.0,0,1
2022-09-09,332.58281910657894,335.1238271516108,328.0797732117124,330.2669677734375,207388.0,0,1
2022-09-12,328.30487969247355,332.38979781715034,324.44511824523784,327.7902526855469,190396.0,0,1
2022-09-13,328.0797868912252,331.3284220383247,325.24930835439966,327.1470031738281,110256.0,0,1
2022-09-14,325.8604101603058,328.07976147356845,321.9041483235952,326.1820373535156,187066.0,0,1
2022-09-15,326.7931413159458,331.23187307714704,322.740409275614,324.8954467773437,161137.0,0,1
2022-09-16,324.5738181979373,326.7931695464377,302.34803009204444,308.71661376953125,452451.0,1,0
2022-09-19,310.0675354119716,314.5705809470705,299.67834734999053,312.801513671875,276948.0,0,1
2022-09-20,317.78704622131136,317.98001663151376,310.5821500938273,313.4126281738281,458004.0,0,1
2022-09-21,312.9623282464737,315.27817918397534,306.33640258373924,308.3305969238281,89016.0,0,1
2022-09-22,308.33064604872,313.9916322687972,306.3364513909053,309.48858642578125,89035.0,0,1
2022-09-23,310.1318461787536,319.1701234407463,306.72239786891606,308.20196533203125,304486.0,0,1
2022-09-26,311.3541217019659,315.2138836629309,302.4445005823853,304.8890380859375,443617.0,0,1
2022-09-27,305.53229641769553,317.2723949194284,302.3480048448524,312.4476928710937,577405.0,0,1
2022-09-28,313.2839743339077,316.72560884657565,309.6493694092412,315.2781982421875,205719.0,0,1
2022-09-29,316.9507824840948,321.6146417158941,312.3833937396319,317.3045959472656,161959.0,0,1
2022-09-30,317.30461983702304,320.3602550238782,309.4242525666182,314.9887390136719,304942.0,0,1
2022-10-03,312.64069961093566,318.5911557855913,312.64069961093566,317.49755859375,91180.0,0,1
2022-10-04,322.29009311091903,322.29009311091903,308.8452706335557,311.4505920410156,336784.0,0,1
2022-10-05,322.29009311091903,322.29009311091903,308.8452706335557,311.4505920410156,336784.0,0,1
2022-10-06,312.2225727379589,315.824991494767,307.6229978258776,308.97393798828125,278460.0,0,1
2022-10-07,309.03826178465687,309.9067023120924,304.3422162334489,305.9504699707031,187774.0,0,1
2022-10-10,305.56445336888754,307.5265204642763,301.3830645570694,306.6580505371094,159741.0,0,1
2022-10-11,308.58793173559417,311.9330663472657,301.06140830697746,301.9620056152344,366306.0,0,1
2022-10-12,305.50014099261665,307.4300218208105,301.22222278470986,303.6024169921875,196144.0,0,1
2022-10-13,305.14631773168736,306.85104181542056,302.7982804274802,304.9855041503906,72631.0,0,1
2022-10-14,306.62590544090824,310.7108239261241,304.9855243496371,309.6493835449219,111240.0,0,1
2022-10-17,315.1817022314968,316.7577696126963,305.6931116688626,308.84527587890625,282444.0,0,1
2022-10-18,310.71081431739816,314.05594894950394,307.81599306599384,312.1260681152344,119860.0,0,1
2022-10-19,313.70213386991736,315.1495444880982,306.3364240205736,307.2048645019531,100722.0,0,1
2022-10-20,304.47086784964347,311.9009210704133,304.47086784964347,309.6493835449219,59098.0,0,1
2022-10-21,311.1289620701649,311.1289620701649,306.27210283430736,308.2663269042969,75049.0,0,1
2022-10-24,309.8745400393252,311.6436073401705,305.564464859618,308.5557861328125,30828.0,0,1
2022-10-25,308.7809715768761,310.0675687743291,303.5059554597316,304.5030822753906,64072.0,0,1
2022-10-26,308.7809715768761,310.0675687743291,303.5059554597316,304.5030822753906,64072.0,0,1
2022-10-27,308.137667978912,310.0353626503199,304.95334674475635,306.94757080078125,80679.0,0,1
2022-10-28,306.4329257125456,307.6551796485706,303.98838839285094,306.33642578125,46725.0,0,1
2022-10-31,307.880357244578,314.2811271532117,304.37437933786015,312.6407165527344,156339.0,0,1
2022-11-01,314.21680142306514,314.24895825491075,309.58509862666955,311.6114501953125,152295.0,0,1
2022-11-02,311.3541109474234,311.3541109474234,299.1315416424318,300.4824523925781,675634.0,0,1
2022-11-03,300.4824472662207,302.0263578604678,294.6606477948852,298.7134094238281,415176.0,0,1
2022-11-04,300.16084255608905,300.16084255608905,286.9089889221377,288.195556640625,951433.0,0,1
2022-11-07,289.6429385275465,294.53198371322327,288.7423412144096,291.4763488769531,200283.0,0,1
2022-11-08,289.6429385275465,294.53198371322327,288.7423412144096,291.4763488769531,200283.0,0,1
2022-11-09,295.46477396070435,295.46477396070435,284.4001157497923,286.0404968261719,242281.0,0,1
2022-11-10,286.1692033536088,287.8417413773062,281.89128473504496,285.2364196777344,207981.0,0,1
2022-11-11,286.65167781797703,293.88873172473666,284.33579700969574,287.8739318847656,216028.0,0,1
2022-11-14,286.3942956753696,287.0697657267253,281.7625935872396,283.6924743652344,147957.0,0,1
2022-11-15,285.1398999211858,286.394310713693,283.563832499575,285.49371337890625,97191.0,0,1
2022-11-16,286.23350068156054,289.3534787349545,283.2421793918785,286.4908142089844,107233.0,0,1
2022-11-17,286.3942945995156,286.74810803732845,283.499473443398,285.10772705078125,274461.0,0,1
2022-11-18,286.26565017140024,289.4177849729975,274.4933946315214,279.2537536621094,200508.0,0,1
2022-11-21,279.47890565638005,284.85042101818664,275.4583304276713,279.6719055175781,77385.0,0,1
2022-11-22,282.2450901462936,283.94981439974174,278.2566714623885,279.41461181640625,403255.0,0,1
2022-11-23,280.79769282017185,280.79769282017185,276.61627406194987,277.9350280761719,103675.0,0,1
2022-11-24,279.8005522179528,280.95846300058525,277.002231017037,278.5461120605469,270855.0,0,1
2022-11-25,277.99937580988325,282.2129514696427,277.99937580988325,280.0257568359375,69265.0,0,1
2022-11-28,280.6046838214862,287.7452670338129,280.4760270521544,285.87969970703125,606529.0,0,1
2022-11-29,287.13414031454136,289.48214844301054,284.88260267743567,288.06689453125,136402.0,0,1
2022-11-30,288.1955063254449,292.24826755023923,286.58728223428704,288.45281982421875,119457.0,0,1
2022-12-01,290.7687435731783,290.7687435731783,282.40590637759783,284.01416015625,125478.0,0,1
2022-12-02,284.30360802686795,285.59020505845274,281.7626002390301,283.4994812011719,60459.0,0,1
2022-12-05,285.7188671646773,289.707285644833,284.528770041524,287.77740478515625,148239.0,0,1
2022-12-06,286.26566329673926,288.4207009420298,285.1720660592607,286.0726928710937,385182.0,0,1
2022-12-07,288.77451641694984,289.25698665588385,285.4937246817278,286.2978515625,135408.0,0,1
2022-12-08,288.0669075595837,288.0669075595837,285.87971293211416,286.90899658203125,42978.0,0,1
2022-12-09,288.32418464660367,289.8037815467171,285.17204987932456,287.3270874023437,96595.0,0,1
2022-12-12,286.2656351470906,286.2656351470906,283.0491868579206,284.33575439453125,292039.0,0,1
2022-12-13,284.3358026932211,286.87681081920965,281.69829462368403,282.7597351074219,92676.0,0,1
2022-12-14,283.75680876335923,285.8153462335714,283.11349555866354,283.6603088378906,49987.0,0,1
2022-12-15,283.66036387138803,285.17208835566566,281.11935572848955,281.89129638671875,55525.0,0,1
2022-12-16,281.8912648110156,281.8912648110156,274.8793682174261,276.4232788085937,132645.0,0,1
2022-12-19,274.0430984579981,278.9643008339211,273.1425010785403,276.5841064453125,107578.0,0,1
2022-12-20,276.16594731578147,278.5139551545147,272.24184271220616,272.7564697265625,149370.0,0,1
2022-12-21,272.7564833214258,283.3708279836088,272.20969945333,281.7626037597656,299344.0,0,1
2022-12-22,282.40588730445944,282.40588730445944,266.3235567376336,273.7857666015625,436725.0,0,1
2022-12-23,268.99323341605003,276.55194355184886,264.5866876583608,272.0810546875,178171.0,0,1
2022-12-26,273.39979171975864,279.80056112115545,269.50784381771723,276.9378967285156,170700.0,0,1
2022-12-27,279.83272716608883,280.7011676712132,275.00802497357006,279.1572570800781,1019778.0,0,1
2022-12-28,279.8648989877632,282.9848771657568,277.22739105486863,282.0520935058594,106740.0,0,1
2022-12-29,282.0842507387766,283.69247490763246,276.9057353447467,280.09002685546875,94653.0,0,1
2022-12-30,280.73330118676046,283.6924653613342,278.9321066689328,282.56671142578125,46365.0,0,1
2023-01-02,282.40589471541085,288.19553740511844,279.8970731079873,281.0228271484375,53425.0,0,1
2023-01-03,282.2772303487469,282.3737302805052,272.72432605757496,275.4261474609375,213739.0,0,1
2023-01-04,276.1659666402748,277.83850455396737,273.9144291234513,276.10162353515625,341220.0,0,1
2023-01-05,276.80924801831577,278.7069720594075,270.8587918197656,273.68927001953125,203605.0,0,1
2023-01-06,271.469899994442,274.87934810843467,262.5924368303986,269.7973327636719,648124.0,0,1
2023-01-09,271.1161012924094,276.4875872603208,257.9607488580487,259.47247314453125,495921.0,0,1
2023-01-10,261.14503878135565,269.02537568088377,258.76484457379206,267.2241516113281,1955556.0,0,1
2023-01-11,268.2534348205817,268.7359050270935,259.24731448314594,263.3965759277344,148090.0,0,1
2023-01-12,264.68314932261137,268.2212838797829,263.364395432692,265.7124328613281,117748.0,0,1
2023-01-13,267.03118875653297,267.73881567328124,264.1363674321875,265.9375915527344,66406.0,0,1
2023-01-16,266.32354844002407,267.12767524998753,263.4608840883864,264.9082946777344,89388.0,0,1
2023-01-17,264.39370193857565,266.9990531162995,261.4023804431717,264.2650451660156,192163.0,0,1
2023-01-18,265.03698479491413,269.73303059464115,263.3966035890912,267.86749267578125,208506.0,0,1
2023-01-19,266.9668494048765,269.5078573065724,266.9668494048765,268.0282897949219,132715.0,0,1
2023-01-20,268.02826492888875,270.82658609929126,263.879033136324,269.2505187988281,117834.0,0,1
2023-01-23,269.2505546709558,269.5400544877596,263.7825683538764,265.5516357421875,224706.0,0,1
2023-01-24,265.93760528645294,266.7417027307555,263.2679405202629,263.9112243652344,158878.0,0,1
2023-01-25,263.9112027885364,266.7738671979972,261.8205083775739,265.0369567871094,308560.0,0,1
2023-01-26,263.9112027885364,266.7738671979972,261.8205083775739,265.0369567871094,308560.0,0,1
2023-01-27,265.0369357134617,270.1832939862228,258.34669646175007,263.9755249023437,287272.0,0,1
2023-01-30,258.8291709034307,264.9404696127681,258.604014228372,262.4637756347656,68152.0,0,1
2023-01-31,270.1833055977848,275.2331641644768,261.4344991028611,272.2096862792969,370294.0,0,1
2023-02-01,271.92019351674656,274.9436714799727,262.624602940239,267.3206481933594,546460.0,0,1
2023-02-02,265.744571895393,271.3090574336728,265.0691313052663,266.19488525390625,68878.0,0,1
2023-02-03,264.39368094292416,273.3033016115141,264.39368094292416,268.67156982421875,363687.0,0,1
2023-02-06,265.13346625763785,268.41425788827945,265.13346625763785,266.70953369140625,96697.0,0,1
2023-02-07,266.966837162202,268.0282775035714,263.13926179444337,266.9990234375,109600.0,0,1
2023-02-08,266.99902813947,268.34993884880106,264.1363636844184,266.58087158203125,196372.0,0,1
2023-02-09,266.5808600774566,270.18330811196864,264.42582262211573,268.8323974609375,1570132.0,0,1
2023-02-10,270.1833389299196,271.75940644383434,266.35573377570654,269.926025390625,167386.0,0,1
2023-02-13,270.1511717583578,270.6336419879786,264.458028938362,266.613037109375,185418.0,0,1
2023-02-14,266.32356383637256,266.9668476529457,264.5544965312394,266.1627502441406,28063.0,0,1
2023-02-15,266.16274312428743,267.835310450282,264.7153324899819,266.90252685546875,64180.0,0,1
2023-02-16,267.6101315642171,268.1890722118088,264.55446751345414,265.841064453125,66724.0,0,1
2023-02-17,266.1305722121617,267.1276989682975,264.8118182615983,266.74169921875,50574.0,0,1
2023-02-20,267.7066438404231,269.3148976280369,263.6217546058601,264.4580383300781,129910.0,0,1
2023-02-21,264.5544858934403,266.96683691814536,263.17141838151014,265.9054260253906,57922.0,0,1
2023-02-22,266.74169270568694,268.5107600224293,263.33224428400683,268.0282897949219,129042.0,0,1
2023-02-23,268.09263314795834,268.18910363543216,263.8468715838629,266.3879089355469,94459.0,0,1
2023-02-24,266.38790950432457,270.1511714008573,265.03696930505754,269.668701171875,288876.0,0,1
2023-02-27,269.6687053758217,270.66580267855693,262.46380865799455,265.9697570800781,147214.0,0,1
2023-02-28,264.39371221204766,265.5516526577293,257.6391283234188,259.05438232421875,204763.0,0,1
2023-03-01,259.34383529699244,263.6860675052464,257.9607676691912,262.817626953125,78345.0,0,1
2023-03-02,263.6860402444799,263.7503833461113,261.3701891956944,262.7210998535156,65805.0,0,1
2023-03-03,262.72109878536395,265.0047929978708,262.1743149381173,264.1363525390625,57219.0,0,1
2023-03-06,268.0926279805293,271.92020345356707,264.4901797549036,267.35284423828125,189519.0,0,1
2023-03-07,268.0926279805293,271.92020345356707,264.4901797549036,267.35284423828125,189519.0,0,1
2023-03-08,267.1919815663807,268.1247651066046,260.8233692586181,262.9140930175781,2784306.0,0,1
2023-03-09,265.00482884777574,265.03698567898897,262.49597761254233,263.17144775390625,62089.0,0,1
2023-03-10,261.724036383602,266.6773957327539,259.9228121250333,262.6246337890625,51946.0,0,1
2023-03-13,263.9433731184222,263.9433731184222,256.6741628259322,259.1830139160156,86827.0,0,1
2023-03-14,258.6040288756764,260.4374097580274,253.45767022644824,254.4869537353516,72882.0,0,1
2023-03-15,255.8378797183101,260.5339252728238,250.369893571676,253.23252868652344,385188.0,0,1
2023-03-16,258.5718835566966,258.7326971490148,245.1270456495868,255.2910919189453,200779.0,0,1
2023-03-17,257.31745300066166,257.542609706979,252.23543703638785,256.8028259277344,101833.0,0,1
2023-03-20,258.08942072251136,258.08942072251136,250.24124014079345,254.39047241210935,110436.0,0,1
2023-03-21,254.10099310796124,254.10099310796124,247.7323802954155,249.2762908935547,94198.0,0,1
2023-03-22,249.8552199469818,250.4985331773264,246.70309996410492,247.3785552978516,110001.0,0,1
2023-03-23,247.37856720471103,248.11835095233508,243.2614919019757,247.47506713867188,136558.0,0,1
2023-03-24,248.0218424378509,250.20903677628343,244.45156586215737,247.2820587158203,105190.0,0,1
2023-03-27,247.34640980180163,251.3991419899408,243.26149133731997,248.1826934814453,155784.0,0,1
2023-03-28,245.93116140848983,249.46926662517183,243.1006684008504,248.1505126953125,161110.0,0,1
2023-03-29,248.1504989513037,250.27337963232307,243.2614832461356,246.1884613037109,140655.0,0,1
2023-03-30,248.1504989513037,250.27337963232307,243.2614832461356,246.1884613037109,140655.0,0,1
2023-03-31,246.188450652426,249.5014282887746,245.7381520183665,248.82595825195312,118069.0,0,1
2023-04-03,250.94887652216372,250.94887652216372,246.2849875595125,249.72659301757807,94224.0,0,1
2023-04-04,250.94887652216372,250.94887652216372,246.2849875595125,249.72659301757807,94224.0,0,1
2023-04-05,248.31135354624703,251.6564588616641,248.31135354624703,250.82017517089844,80673.0,0,1
2023-04-06,250.8845269802572,254.1010050907581,250.5950566128002,252.10678100585935,861936.0,0,1
2023-04-07,250.8845269802572,254.1010050907581,250.5950566128002,252.10678100585935,861936.0,0,1
2023-04-10,252.81439415406533,254.1331480460352,247.76453528086935,248.89028930664065,187225.0,0,1
2023-04-11,248.95463405604931,250.11257436560075,247.7002232604065,248.1826934814453,85384.0,0,1
2023-04-12,249.40493561437083,249.40493561437083,244.96620390189776,247.9253387451172,98806.0,0,1
2023-04-13,248.95463096045955,249.7909146297046,243.969100497109,245.22352600097656,372328.0,0,1
2023-04-14,248.95463096045955,249.7909146297046,243.969100497109,245.22352600097656,372328.0,0,1
2023-04-17,245.32002650101103,248.34350455907736,244.00127261367567,244.51589965820312,189973.0,0,1
2023-04-18,245.73818098750397,246.4779647640084,243.1650014609287,244.4515838623047,934524.0,0,1
2023-04-19,246.2528069330356,247.5715756060579,243.8082989092114,246.41363525390625,993019.0,0,1
2023-04-20,247.6358743748881,249.50144155810185,244.6445679085658,245.15919494628903,173941.0,0,1
2023-04-21,245.9633151982515,247.98969603593417,245.03054629958385,245.89898681640625,105708.0,0,1
2023-04-24,247.6037176644044,247.6037176644044,242.07138866332085,245.70599365234372,96163.0,0,1
2023-04-25,246.8317622411132,246.8317622411132,241.4280900026415,241.7175750732422,140625.0,0,1
2023-04-26,241.23509818661728,243.87260585314348,240.36665772267423,241.2029266357422,207909.0,0,1
2023-04-27,242.0713955974201,245.7381722432614,241.58892537359415,244.4194183349609,145783.0,0,1
2023-04-28,245.60950552446815,247.8610282364508,244.1299233602587,244.54806518554688,198588.0,0,1
2023-05-01,245.60950552446815,247.8610282364508,244.1299233602587,244.54806518554688,198588.0,0,1
2023-05-02,245.0948744842791,248.69732276000707,244.16210558636172,244.80538940429688,210157.0,0,1
2023-05-03,248.665160366308,254.48695976936415,247.2499065508761,251.0131683349609,565762.0,0,1
2023-05-04,251.9137995182028,255.45190467108452,251.04532955866264,253.6506805419922,543346.0,0,1
2023-05-05,252.3962578889019,255.58054943219932,252.29975795930176,253.55416870117188,164800.0,0,1
2023-05-08,255.96655111789823,260.53394016818737,255.96655111789823,259.0221862792969,438972.0,0,1
2023-05-09,272.081059114816,285.7510394616477,252.1067793568272,255.32325744628903,6385078.0,1,0
2023-05-10,259.8906430184936,266.0019130288701,256.09519479848973,260.50177001953125,1648479.0,1,0
2023-05-11,262.399448827059,266.5808670928066,260.72691096840435,263.943359375,1320510.0,0,1
2023-05-12,263.9433714648963,270.15117076868626,262.43164712303377,269.12188720703125,989755.0,0,1
2023-05-15,270.0546605107477,270.8266010667472,262.91410730099585,264.16851806640625,626980.0,0,1
2023-05-16,265.03696728077506,266.9346913529833,262.36730262714934,264.20068359375,380038.0,0,1
2023-05-17,265.5194143382699,266.3556979523253,261.49883929415466,262.9140930175781,354306.0,0,1
2023-05-18,264.1363599546931,269.76518885301,264.10420312692725,267.2241516113281,654654.0,0,1
2023-05-19,268.414242270676,268.414242270676,261.8848162181704,262.7210998535156,426895.0,0,1
2023-05-22,264.13636142364663,265.58377205289383,261.0485403021947,262.52813720703125,275140.0,0,1
2023-05-23,263.23575226191247,265.0369764619284,262.6568115296171,263.6860656738281,230521.0,0,1
2023-05-24,263.6860551844599,265.8089359439174,263.1392713040104,264.5223388671875,638376.0,0,1
2023-05-25,264.8137470026734,266.7563836255771,264.19858071490603,265.5907897949219,129513.0,0,1
2023-05-26,265.6555578736916,267.2420424710691,265.0403915866384,265.6879272460937,137739.0,0,1
2023-05-29,267.0477664474517,270.0264897598824,266.1412165259273,267.8572082519531,768045.0,0,1
2023-05-30,269.1846819457021,275.82203368405027,268.3428707583438,275.3687438964844,1496190.0,0,1
2023-05-31,277.14948458001913,286.8626671045258,275.5630000771684,285.4704284667969,1180425.0,0,1
2023-06-01,285.4704408401753,287.63972231697744,277.2466047083656,278.8978576660156,409773.0,0,1
2023-06-02,280.3224605514663,283.2040460099494,275.2068549137456,275.9191589355469,343500.0,0,1
2023-06-05,278.5093456549505,279.7073088775407,275.27160801666054,277.0523681640625,163104.0,0,1
2023-06-06,278.1207945195784,279.7396483445159,275.8220060813361,276.76092529296875,141564.0,0,1
2023-06-07,280.1929554359858,284.17536632704434,279.09213002410155,281.6499328613281,418998.0,0,1
2023-06-08,284.7257583794125,284.7257583794125,277.79702340809007,278.5740661621094,217566.0,0,1
2023-06-09,278.4445692041913,282.23273428463784,277.18186727223053,280.7757568359375,170332.0,0,1
2023-06-12,282.1679426793272,282.1679426793272,278.5093146726221,279.2216186523437,106683.0,0,1
2023-06-13,281.5527741046703,286.6683793975717,281.0994843682088,285.9237060546875,424881.0,0,1
2023-06-14,288.06065197315434,292.6258303188122,284.887653085724,291.46026611328125,486081.0,0,1
2023-06-15,293.3381228941178,298.19471433276215,291.91351483417367,297.7414245605469,637128.0,0,1
2023-06-16,301.7238278736108,301.7238278736108,292.3667972468461,293.1762390136719,344889.0,0,1
2023-06-19,294.6655817541244,300.3963535007261,293.3381115029589,298.0004272460937,415924.0,0,1
2023-06-20,299.619309974842,299.9106935921714,292.78768322994904,294.1475524902344,716656.0,0,1
2023-06-21,298.4537137106964,301.0438858014095,296.931997611672,298.7774963378906,594309.0,0,1
2023-06-22,301.7562234277262,304.28165705983764,298.3890082271945,300.16973876953125,383686.0,0,1
2023-06-23,302.40376475444384,302.40376475444384,296.0901959963744,296.8348693847656,211597.0,0,1
2023-06-26,298.1299566139616,298.5185076567805,294.89224863387807,297.7738342285156,185958.0,0,1
2023-06-27,300.428706380647,300.428706380647,294.6979349486062,295.0864562988281,610546.0,0,1
2023-06-28,293.3704712454146,298.5184755868858,293.3704712454146,295.8959045410156,203581.0,0,1
2023-06-29,293.3704712454146,298.5184755868858,293.3704712454146,295.8959045410156,203581.0,0,1
2023-06-30,297.838551272434,299.78118777584905,283.2364081263722,291.6868591308594,457593.0,0,1
2023-07-03,297.2233809270004,303.9902392252624,294.69794757890315,298.8746337890625,665415.0,0,1
2023-07-04,311.7931611170294,324.4202984831396,306.74229431367297,309.9476623535156,1900048.0,1,0
2023-07-05,314.4157421917641,318.20387759264327,303.09986040441066,314.0271911621094,485694.0,0,1
2023-07-06,316.6497795729944,318.3010326117301,308.5878491892456,310.6275939941406,239384.0,0,1
2023-07-07,308.83064651266744,310.28762387383625,304.02260936389814,304.7996520996094,493455.0,0,1
2023-07-10,305.9652729069133,306.30524024971095,297.2234079667158,299.5060119628906,242388.0,0,1
2023-07-11,299.5059961466352,299.9916552843329,295.8635526139024,296.4949035644531,175371.0,0,1
2023-07-12,297.2719281989856,297.8547250571378,292.36678306428735,294.0180358886719,169094.0,0,1
2023-07-13,295.475032428762,297.02911796186305,291.8811429383325,296.2520751953125,500044.0,0,1
2023-07-14,298.97177092968565,301.8371718678869,297.0291342644056,299.06890869140625,703649.0,0,1
2023-07-17,301.0601097558178,303.9254808680189,297.8547416782523,302.95416259765625,241586.0,0,1
2023-07-18,304.0226349435025,308.2964296340601,300.33163717490345,305.9167175292969,406414.0,0,1
2023-07-19,307.8593207875997,307.8593207875997,305.3338874945128,306.353759765625,173271.0,0,1
2023-07-20,308.78207157871765,310.967537682496,304.1197557475696,309.2677307128906,264633.0,0,1
2023-07-21,309.26770974375813,316.0669371611749,307.9078701887306,313.54150390625,722059.0,0,1
2023-07-24,316.6497340023923,316.6497340023923,311.6474511881722,313.6872253417969,232350.0,0,1
2023-07-25,313.6872315727473,314.6099660980469,310.6275554603947,312.3759460449219,179025.0,0,1
2023-07-26,312.37596663818374,317.1354203100933,311.5503401668068,314.4157409667969,302038.0,0,1
2023-07-27,316.6497521466373,316.795443956899,313.63865961801383,316.1640930175781,201111.0,0,1
2023-07-28,318.1067501788809,319.0780685000378,315.3870707365547,318.2038879394531,241621.0,0,1
2023-07-31,321.4578027245137,327.4799583894516,319.1751987947313,325.7801513671875,811696.0,0,1
2023-08-01,328.69408941083697,330.73386366143404,326.50862335140016,329.17974853515625,375743.0,0,1
2023-08-02,329.1797578292664,329.95683023548554,323.5946777419046,327.3342590332031,304929.0,0,1
2023-08-03,327.33427812454295,343.8466897806772,308.53926245807475,311.3075256347656,2643312.0,1,0
2023-08-04,319.0780709327024,321.99202591838923,314.85283027500003,317.7182312011719,764801.0,1,0
2023-08-07,323.4489969477777,323.4489969477777,316.7954606016267,319.0295104980469,569819.0,0,1
2023-08-08,319.07805973793694,321.40921771624176,316.6983180595388,320.0008239746094,338962.0,0,1
2023-08-09,320.48648012233053,322.38053299347786,318.88378123760674,320.5350341796875,215798.0,0,1
2023-08-10,320.5350320836366,324.95451839636206,319.95223518775555,320.9235534667969,281076.0,0,1
2023-08-11,322.67192030566144,324.22600572343947,318.1067128746705,319.5636901855469,149786.0,0,1
2023-08-14,321.1663640948944,321.1663640948944,309.85051273990246,312.3759460449219,207142.0,0,1
2023-08-15,321.1663640948944,321.1663640948944,309.85051273990246,312.3759460449219,207142.0,0,1
2023-08-16,312.3759887872113,323.4490121018821,309.60772554797273,316.0184326171875,255138.0,0,1
2023-08-17,315.67841997798183,320.14648969689534,312.27880622437283,312.76446533203125,215606.0,0,1
2023-08-18,312.7644670850579,320.8749801568686,312.7644670850579,318.68951416015625,520507.0,0,1
2023-08-21,321.4577875520192,321.4577875520192,315.7755698459037,316.6011962890625,273125.0,0,1
2023-08-22,321.11782054210977,321.11782054210977,314.9984977595665,316.5040588378906,201851.0,0,1
2023-08-23,316.5526046450293,317.57250657001725,305.9652418860014,311.9874267578125,289776.0,0,1
2023-08-24,313.00731639949305,315.6784416752064,312.0845521746067,314.6585693359375,152070.0,0,1
2023-08-25,314.6585777912651,314.9985154853016,311.2103800118628,312.9587707519531,127600.0,0,1
2023-08-28,317.5725091775247,318.98090283462454,313.78434434258,317.6210632324219,928577.0,0,1
2023-08-29,319.1751960118217,321.2149703492101,317.6210808194171,320.195068359375,178464.0,0,1
2023-08-30,321.50635916538386,325.87729154074407,319.6608603131327,325.29449462890625,499175.0,0,1
2023-08-31,326.8485899667669,327.4313868431578,320.5835754195556,323.1090087890625,563318.0,0,1
2023-09-01,324.90597920137293,331.3166860647445,323.54613947696873,330.24822998046875,636444.0,0,1
2023-09-04,332.1908347349146,334.5705762558633,328.7912209291479,330.49102783203125,229858.0,0,1
2023-09-05,330.49103829355744,333.89065220693715,326.7029030042476,328.4027099609375,191091.0,0,1
2023-09-06,328.40269365185645,329.2283200611313,324.17745349803295,325.4887390136719,646175.0,0,1
2023-09-07,325.48876143113586,329.22834273615234,323.44898711546494,327.0914306640625,574256.0,0,1
2023-09-08,329.27689437922766,330.151074896026,325.19734577779377,327.5770874023437,213580.0,0,1
2023-09-11,330.248225142673,333.69639328357323,324.0317938919733,325.0516662597656,312746.0,0,1
2023-09-12,327.81991917644655,327.81991917644655,315.87271620115087,320.9235534667969,322183.0,0,1
2023-09-13,320.92355646326683,324.4203082289212,318.34956892823027,320.38934326171875,178068.0,0,1
2023-09-14,321.70062436754176,324.6631332478196,318.59239403226564,321.2635192871094,164501.0,0,1
2023-09-15,322.91476099382004,323.20614460913254,315.6784282433301,317.2810974121094,1033483.0,0,1
2023-09-18,318.8837911731968,322.18629716025583,316.4069413251852,318.4952697753906,938191.0,0,1
2023-09-19,318.8837911731968,322.18629716025583,316.4069413251852,318.4952697753906,938191.0,0,1
2023-09-20,320.0493621232491,321.45778543715284,315.04707908376975,316.9897155761719,565203.0,0,1
2023-09-21,316.1640900426301,319.1265988451035,314.27000760020906,316.69830322265625,1201982.0,0,1
2023-09-22,317.03828863823185,317.47539373213925,310.9675492355302,313.2015991210937,249588.0,0,1
2023-09-25,314.75567207018344,317.3782432438777,311.7931632173978,315.6784362792969,583420.0,0,1
2023-09-26,317.2325678219499,321.0692573834245,314.60999651276364,318.4952697753906,392052.0,0,1
2023-09-27,318.5438253313085,320.8749831544566,317.1354020411357,318.00958251953125,319436.0,0,1
2023-09-28,317.13539730095715,318.5438205700784,310.8218289013975,312.76446533203125,311859.0,0,1
2023-09-29,312.86162531442864,314.6585700689143,307.567928807862,308.3450012207031,264942.0,0,1
2023-10-02,312.86162531442864,314.6585700689143,307.567928807862,308.3450012207031,264942.0,0,1
2023-10-03,313.6872448046346,316.7954454599928,309.4134207348105,315.8241271972656,658817.0,0,1
2023-10-04,317.03828681941343,317.37825415247084,311.7931739340264,313.49298095703125,293855.0,0,1
2023-10-05,315.24134023291555,316.4069340417858,312.57021492634635,313.78436279296875,263014.0,0,1
2023-10-06,315.3870580681429,317.62107826015495,313.3472837471902,314.5128479003906,323839.0,0,1
2023-10-09,297.70905970045374,310.77330272529844,297.70905970045374,307.082275390625,273373.0,1,0
2023-10-10,307.130847119163,312.18168430964414,307.082263420565,309.51055908203125,353701.0,0,1
2023-10-11,310.2390385414311,314.60997060190226,307.9078807043025,311.3560485839844,368549.0,0,1
2023-10-12,312.9587710601512,313.83295160991605,311.35607213625286,312.86163330078125,196122.0,0,1
2023-10-13,312.03600261492835,314.65857387125067,311.30751389287013,313.638671875,185710.0,0,1
2023-10-16,313.492960559349,314.9984919677104,309.899071230494,311.3560485839844,235544.0,0,1
2023-10-17,311.9874524437748,314.90140736830966,311.9874524437748,312.9587707519531,264677.0,0,1
2023-10-18,312.95876475740425,318.59239898001624,311.7931709530037,314.0271911621094,307004.0,0,1
2023-10-19,314.60999440031094,314.7556862182247,309.4134355179832,312.86163330078125,650339.0,0,1
2023-10-20,312.861637243814,314.3186147258787,310.8218628404669,312.0360107421875,95420.0,0,1
2023-10-23,313.5415230293808,313.59010672783586,307.1794002719648,309.8019714355469,124976.0,0,1
2023-10-24,313.5415230293808,313.59010672783586,307.1794002719648,309.8019714355469,124976.0,0,1
2023-10-25,309.8019753382803,311.84171999978327,305.38245940636745,308.9763488769531,229516.0,0,1
2023-10-26,308.879209045402,308.879209045402,300.0887905819972,303.2455749511719,342196.0,0,1
2023-10-27,303.4398136776603,307.08225709482724,303.1484300611991,304.55682373046875,192512.0,0,1
2023-10-30,305.9652446507994,306.4509037692927,302.0799717028528,305.04248046875,71998.0,0,1
2023-10-31,305.8681329264244,306.93658900648575,303.2455912487639,306.0624084472656,311214.0,0,1
2023-11-01,307.56793970133504,307.8593529823274,303.0513154476393,306.0138244628906,162777.0,0,1
2023-11-02,310.82185145016416,314.65857053591475,300.8172849635246,301.9828491210937,695980.0,0,1
2023-11-03,303.294132720447,303.53696229027923,295.9121078690912,296.2520751953125,348551.0,0,1
2023-11-06,300.08882085199514,300.08882085199514,296.25210145169075,297.0291442871094,235349.0,0,1
2023-11-07,298.2432749452939,300.7201544188106,292.8524701868274,294.3580017089844,305570.0,0,1
2023-11-08,296.25206298724817,299.6516768248068,294.9893611330671,298.7774963378906,280593.0,0,1
2023-11-09,299.60313723857024,301.74001968286456,294.21230296473243,295.8635559082031,246121.0,0,1
2023-11-10,296.2035238497497,297.1262584381901,292.36680475436606,295.6692810058594,111829.0,0,1
2023-11-13,299.5545510251955,304.99393931078686,297.27194714329863,302.468505859375,283281.0,0,1
2023-11-14,299.5545510251955,304.99393931078686,297.27194714329863,302.468505859375,283281.0,0,1
2023-11-15,304.0711902349502,306.45093199164,300.62302203300345,305.5281677246094,672670.0,0,1
2023-11-16,307.0337129349333,310.2390513884332,303.05130207535854,308.7820739746094,339349.0,0,1
2023-11-17,309.8990786929827,316.94113607109506,309.85052463694257,316.06695556640625,611080.0,0,1
2023-11-20,317.2810978708705,318.1067243051567,309.0248928125687,310.967529296875,168187.0,0,1
2023-11-21,312.52163577820204,314.56140995882333,307.8593202015929,312.76446533203125,163383.0,0,1
2023-11-22,310.91899363246733,312.66735471484606,304.31401140977454,307.2279663085937,177616.0,0,1
2023-11-23,308.73350801491927,312.3759514090493,308.73350801491927,311.2103576660156,402135.0,0,1
2023-11-24,310.8218673709033,313.2987172696019,309.3648898676022,311.1618347167969,94731.0,0,1
2023-11-27,310.8218673709033,313.2987172696019,309.3648898676022,311.1618347167969,94731.0,0,1
2023-11-28,311.1617920955216,314.60995985744273,307.9078701887306,313.54150390625,352653.0,0,1
2023-11-29,314.70714162767143,316.64977830438545,309.9962417581833,311.0161437988281,149112.0,0,1
2023-11-30,312.4245063572872,313.1044409830475,307.17939378320006,311.0646667480469,241077.0,0,1
2023-12-01,311.307527472496,315.5813222332094,309.85054996482444,310.87042236328125,189409.0,0,1
2023-12-04,315.6298785721472,315.6298785721472,309.12203441182805,310.2876281738281,261493.0,0,1
2023-12-05,311.7931751339935,314.318608649205,308.73352840926583,313.2501525878906,275315.0,0,1
2023-12-06,316.6497673040428,324.4203137409519,313.54153687236635,319.2237548828125,1133440.0,0,1
2023-12-07,322.42909787416687,325.2944688634665,320.68070727713734,324.3231506347656,382010.0,0,1
2023-12-08,325.3915931302517,325.3915931302517,316.4068998871029,320.8749694824219,269802.0,0,1
2023-12-11,320.535031170009,321.99200858441816,316.7954498779026,321.2149658203125,342835.0,0,1
2023-12-12,323.44897386219634,323.44897386219634,315.7755656960237,317.37823486328125,245705.0,0,1
2023-12-13,320.53504720272633,321.4092277666408,316.6497739032993,317.9610595703125,179821.0,0,1
2023-12-14,319.078067286488,320.77787434204765,316.8926010721969,318.4467163085937,306571.0,0,1
2023-12-15,320.0493912664355,327.6256624197748,319.2237647535283,323.35186767578125,612183.0,0,1
2023-12-18,325.3430920055144,326.8000695252125,321.7977563270887,322.6719665527344,231326.0,0,1
2023-12-19,323.44901184897594,325.877307733728,320.77788637574866,322.04058837890625,167041.0,0,1
2023-12-20,323.2547220604226,325.8772933571697,306.93658629170085,312.6673583984375,382157.0,0,1
2023-12-21,311.7931471167144,314.5128262626898,308.39353336310535,312.76446533203125,116884.0,0,1
2023-12-22,315.6298948821744,315.6784489404831,310.8218574183218,313.2015991210937,98323.0,0,1
2023-12-25,315.6298948821744,315.6784489404831,310.8218574183218,313.2015991210937,98323.0,0,1
2023-12-26,312.03599160126225,317.57251755039937,311.6474702250009,315.9212646484375,133274.0,0,1
2023-12-27,344.8179848579285,347.0520050155885,326.36293778102527,327.86846923828125,4398942.0,1,0
2023-12-28,327.91704414578976,329.325437810111,322.0405510013728,323.5461120605469,499402.0,1,0
2023-12-29,326.26579038207177,326.26579038207177,322.47765518039665,323.6918029785156,249172.0,0,1
2024-01-01,323.8375289671319,325.3430901810807,321.9920300476533,322.9633483886719,210502.0,0,1
2024-01-02,324.0317825213204,329.4225870915373,321.1663817526904,327.431396484375,512045.0,0,1
2024-01-03,327.43140644843953,328.9855216644426,324.27462195811046,325.3916320800781,186666.0,0,1
2024-01-04,327.3342754090069,328.8883906569128,323.4004480510641,323.98321533203125,331706.0,0,1
2024-01-05,327.3342608247667,329.8596942848088,324.4688600377857,327.0428771972656,339419.0,0,1
2024-01-08,332.19085072302386,332.19085072302386,326.41149511815223,327.23712158203125,238122.0,0,1
2024-01-09,330.2482096443862,330.2482096443862,327.4799466644991,328.1112976074219,281519.0,0,1
2024-01-10,328.305574297061,330.15107307619184,326.5572132731015,328.0141906738281,191928.0,0,1
2024-01-11,328.59695165751697,330.6853096059144,328.1112925331977,329.17974853515625,556215.0,0,1
2024-01-12,330.6853332779579,333.16218313237886,328.4027293018014,330.53961181640625,331388.0,0,1
2024-01-15,330.4424818339159,332.9678855802331,327.7713566356892,328.88836669921875,192638.0,0,1
2024-01-16,335.59046008540133,338.0187557444853,330.73386876723345,334.3763122558594,608694.0,0,1
2024-01-17,331.2195516456605,333.84212300240745,328.014213002777,329.61688232421875,380425.0,0,1
2024-01-18,329.6168738685826,335.7847510550907,322.67195389230386,331.3166809082031,350482.0,0,1
2024-01-19,334.6191412319529,335.25049217374567,332.4336751426296,334.42486572265625,218437.0,0,1
2024-01-22,334.6191412319529,335.25049217374567,332.4336751426296,334.42486572265625,218437.0,0,1
2024-01-23,331.2195321374548,331.4623617064705,323.4004318720609,327.3342590332031,194470.0,0,1
2024-01-24,326.75147719536284,332.09372795987235,321.3606723717254,330.3939208984375,350321.0,0,1
2024-01-25,330.39392652584814,330.4425102280863,321.5063696674258,323.2061767578125,2029306.0,0,1
2024-01-26,330.39392652584814,330.4425102280863,321.5063696674258,323.2061767578125,2029306.0,0,1
2024-01-29,324.7116766097814,332.1908389339192,323.8860798174834,329.5682678222656,181982.0,0,1
2024-01-30,332.1908254389078,333.64780274346435,322.76902701253,326.1200866699219,295114.0,0,1
2024-01-31,327.4799584621957,333.06503867944696,327.431404404176,331.9480285644531,236884.0,0,1
2024-02-01,331.9480181066139,331.9480181066139,326.46007582057894,327.91705322265625,432333.0,0,1
2024-02-02,327.9170392721142,332.0936957901363,327.9170392721142,330.7338562011719,203852.0,0,1
2024-02-05,332.19084674838854,342.8753476671964,328.83978687603184,334.3277587890625,1021828.0,0,1
2024-02-06,336.12469313372594,337.53311655612504,323.4490009012651,324.2260437011719,1386606.0,0,1
2024-02-07,324.4202991182056,328.3055721615374,307.2765377429602,309.7533874511719,1171230.0,1,0
2024-02-08,310.82185465514794,312.76449124674264,301.9828522349358,307.4707946777344,879350.0,0,1
2024-02-09,307.47079406439343,310.2390571303501,304.9939442719638,307.6650695800781,208772.0,0,1
2024-02-12,314.70712505772786,314.70712505772786,294.35799508365653,295.76641845703125,529064.0,0,1
2024-02-13,297.17482471962967,307.13083659033686,292.75530898189896,305.4795837402344,288123.0,1,0
2024-02-14,304.07117640655866,305.4795997727574,295.2807578089611,296.1063842773437,397205.0,0,1
2024-02-15,299.0688907584252,300.9629732504122,295.62072274122784,296.592041015625,539943.0,0,1
2024-02-16,296.883428866135,302.07998763657093,295.1350678042508,295.6692810058594,547630.0,0,1
2024-02-19,298.24324908035067,301.7400006182323,295.7663994639194,299.65167236328125,246066.0,0,1
2024-02-20,300.1373503065648,303.4398265497664,298.6803728778921,301.9828491210937,175643.0,0,1
2024-02-21,302.95418233665174,304.36260577735595,297.2719641563487,298.9717712402344,187212.0,0,1
2024-02-22,299.8459811428881,301.10868311840693,295.96070781232805,299.06890869140625,206550.0,0,1
2024-02-23,300.6229915452314,300.6229915452314,292.8524457217683,293.28955078125,389962.0,0,1
2024-02-26,295.6207212910816,295.66927534765074,288.9186311590741,290.6669921875,311386.0,0,1
2024-02-27,290.4241789539571,292.36681560247854,286.0532464947838,287.461669921875,334526.0,0,1
2024-02-28,288.91863547024406,288.91863547024406,281.0995054976594,283.6249389648437,266603.0,0,1
2024-02-29,281.68231412598175,286.1018006458728,280.322474400037,281.2937927246094,282974.0,0,1
2024-03-01,284.0134386829529,287.2188065614041,281.1966218023353,281.7308349609375,291325.0,0,1
2024-03-04,285.4704193003653,285.4704193003653,278.7683295021153,281.0994873046875,254207.0,0,1
2024-03-05,281.3909411667609,282.3136758247607,278.2827105532318,279.2054748535156,160778.0,0,1
2024-03-06,279.2054232289291,279.69108231985274,275.36870455372065,277.2627868652344,168392.0,0,1
2024-03-07,277.2628234494032,282.16796905804307,275.0773572518796,275.9029541015625,273403.0,0,1
2024-03-08,277.2628234494032,282.16796905804307,275.0773572518796,275.9029541015625,273403.0,0,1
2024-03-11,278.7197959148192,278.7197959148192,270.0264853392507,270.85211181640625,255252.0,0,1
2024-03-12,270.9978106367997,271.4349157366754,262.74160493639545,263.32440185546875,389779.0,0,1
2024-03-13,264.6842243231416,265.0727456964442,250.1144505071888,251.23146057128903,528237.0,1,0
2024-03-14,252.54274738368704,265.12133069682534,251.03721593888892,260.31329345703125,1222697.0,0,1
2024-03-15,261.62459359814056,264.1985811997552,257.2536611885858,263.5672302246094,354068.0,0,1
2024-03-18,263.5672421585988,269.0551849484036,262.35309421208063,267.1611022949219,447658.0,0,1
2024-03-19,268.47238484692303,268.47238484692303,258.7592013890584,261.7702941894531,249741.0,0,1
2024-03-20,262.2559375535189,263.6643609269227,257.3993461173426,258.7591857910156,372638.0,0,1
2024-03-21,261.09033710306886,262.2559308749812,254.8253520953129,260.1676025390625,598290.0,0,1
2024-03-22,261.28460842816804,264.39283867530384,259.7304933046002,260.94464111328125,321871.0,0,1
2024-03-25,261.28460842816804,264.39283867530384,259.7304933046002,260.94464111328125,321871.0,0,1
2024-03-26,260.94467069189096,263.0329992310826,259.00203397779944,261.236083984375,305648.0,0,1
2024-03-27,260.16758829763154,264.6356579890077,256.4280072632532,256.7193908691406,555669.0,0,1
2024-03-28,257.3993510490832,261.2360702140862,252.59131357823455,254.7282257080078,495497.0,0,1
2024-03-29,257.3993510490832,261.2360702140862,252.59131357823455,254.7282257080078,495497.0,0,1
2024-04-01,257.3507960150233,266.5297361850952,257.3022123145459,264.1014404296875,329566.0,0,1
2024-04-02,267.015364649948,271.28915875985155,263.90716422559933,270.46356201171875,285099.0,0,1
2024-04-03,271.4834440384788,274.88305782786944,268.86087297260843,274.6402282714844,270463.0,0,1
2024-04-04,274.8830772165357,278.7683503927412,273.81462116462285,276.9228515625,275024.0,0,1
2024-04-05,277.74847744824905,279.25400894390344,274.7373848146584,276.9714050292969,195304.0,0,1
2024-04-08,277.1170802898474,278.76833314447936,273.9117419747149,274.1545715332031,155533.0,0,1
2024-04-09,275.51444977582946,275.95155489932847,271.82345182602256,272.6490783691406,216852.0,0,1
2024-04-10,273.9117494472529,274.64023814259133,270.02647640544785,272.6004638671875,143949.0,0,1
2024-04-11,273.9117494472529,274.64023814259133,270.02647640544785,272.6004638671875,143949.0,0,1
2024-04-12,274.3974097824077,276.7771513878755,271.09493361082787,272.3576354980469,1261005.0,0,1
2024-04-15,267.1125270219949,269.83220634930626,262.1587978651307,265.3155822753906,265628.0,0,1
2024-04-16,265.1698931733557,267.1125297533804,262.2559383033189,264.7327880859375,265130.0,0,1
2024-04-17,265.1698931733557,267.1125297533804,262.2559383033189,264.7327880859375,265130.0,0,1
2024-04-18,267.20966385705555,268.2781198899155,263.5672203193156,265.60699462890625,480620.0,0,1
2024-04-19,262.20738096151337,267.11252640772443,260.79895760172366,265.5098571777344,169697.0,0,1
2024-04-22,266.43259447740644,270.0264839990548,264.2471283299321,264.92706298828125,174062.0,0,1
2024-04-23,267.0154007842433,269.9779394516564,265.2670396615898,269.1037292480469,226367.0,0,1
2024-04-24,272.8918855640326,274.1545874847289,270.07503880784856,270.9006652832031,257924.0,0,1
2024-04-25,273.6203764066421,273.6203764066421,267.5981911020604,270.5121459960937,196780.0,0,1
2024-04-26,270.99779824227903,272.79474297628445,267.5496302290837,271.8719787597656,174173.0,0,1
2024-04-29,274.8830695098649,274.8830695098649,271.28918006572104,272.30908203125,128523.0,0,1
2024-04-30,273.7174784516428,273.7174784516428,269.7836512888618,271.7262878417969,187075.0,0,1
2024-05-01,273.7174784516428,273.7174784516428,269.7836512888618,271.7262878417969,187075.0,0,1
2024-05-02,273.8631998360268,279.73966355022134,271.96911734049297,277.8455810546875,450897.0,0,1
2024-05-03,281.5366010326107,291.2011998464707,276.87425564158445,279.30255126953125,2767121.0,0,1
2024-05-06,285.5675652286056,286.2960539154132,275.85438273783666,279.496826171875,597278.0,0,1
2024-05-07,278.76832682216354,280.41957963934595,273.18324710360105,275.4658508300781,290558.0,0,1
2024-05-08,276.8257146190259,277.74847885800216,270.07504059859656,270.6092834472656,348841.0,0,1
2024-05-09,271.9691008012614,275.6600981695095,266.8211261072922,268.9094543457031,307613.0,0,1
2024-05-10,270.75497889031567,274.34886849393416,268.08385353803453,269.8807983398437,333944.0,0,1
2024-05-13,272.260485026851,272.260485026851,261.57598461400266,262.4987487792969,533376.0,0,1
2024-05-14,264.39284085375925,269.2008484303835,263.61576846443245,266.6754150390625,291933.0,0,1
2024-05-15,268.86088533201445,269.20085265503764,265.16988776220035,265.8983764648437,155109.0,0,1
2024-05-16,268.4237850237467,268.4237850237467,263.2272268312787,264.6842041015625,287910.0,0,1
2024-05-17,266.0440836609254,270.85212123330933,265.7041163182436,268.86090087890625,227297.0,0,1
2024-05-20,266.0440836609254,270.85212123330933,265.7041163182436,268.86090087890625,227297.0,0,1
2024-05-21,270.0264876870548,270.1721795037533,264.00430236374,264.1985778808594,437459.0,0,1
2024-05-22,265.2670285236476,267.1125273294676,262.4987654937768,265.21844482421875,268113.0,0,1
2024-05-23,266.1412081298782,266.5783132118216,263.9071879477443,265.5098571777344,157131.0,0,1
2024-05-24,265.50985748291504,266.33548394848964,264.1985718778591,265.4127197265625,205179.0,0,1
2024-05-27,267.11251213973026,267.11251213973026,261.2846027839543,262.0616455078125,464805.0,0,1
2024-05-28,263.22725063804927,266.5297268209191,261.09033859145524,265.9469299316406,266170.0,0,1
2024-05-29,266.1412126516722,267.0639768882167,264.15002200516915,264.6356811523437,307923.0,0,1
2024-05-30,265.1698777903506,265.1698777903506,260.3132866220291,261.6731262207031,182079.0,0,1
2024-05-31,261.67312561984807,263.0329652153996,258.41920361608834,261.8674011230469,490205.0,0,1
2024-06-03,264.97559718594863,266.5297122583509,261.8673966834235,262.7415771484375,249040.0,0,1
2024-06-04,265.3641565048873,265.60698606624163,244.62650603677432,254.7767639160156,451551.0,1,0
2024-06-05,255.79664669674267,268.0838156523532,253.99970214887813,265.0727233886719,1003725.0,0,1
2024-06-06,267.015387751649,269.2494375685356,264.9270593897734,265.6555480957031,499236.0,0,1
2024-06-07,267.0153965786394,272.84330641873606,265.7041109361612,270.0264892578125,304651.0,0,1
2024-06-10,272.4547835524518,281.3423400821234,272.4547835524518,276.5343322753906,1926364.0,0,1
2024-06-11,278.1855666102405,278.234150312604,273.6203881982227,274.348876953125,435467.0,0,1
2024-06-12,275.8544009433684,277.74848351098404,274.88308263018746,275.7572631835937,337549.0,0,1
2024-06-13,276.777138426622,279.59395533393433,274.59167243335355,275.07733154296875,316904.0,0,1
2024-06-14,276.8256933849561,276.8256933849561,273.47463366075266,274.7859191894531,272671.0,0,1
2024-06-17,276.8256933849561,276.8256933849561,273.47463366075266,274.7859191894531,272671.0,0,1
2024-06-18,275.8543817378308,276.77714592802096,270.8035150040288,273.5232238769531,796391.0,0,1
2024-06-19,273.9117533495207,277.0685377409602,271.53201172059994,271.9205627441406,480262.0,0,1
2024-06-20,271.9691321706603,276.6314482938156,271.9205781111145,274.8830871582031,565217.0,0,1
2024-06-21,277.3931864209265,279.75567914109627,269.22299422475834,269.8628234863281,1300386.0,0,1
2024-06-24,272.6682466828576,275.129151436313,270.8471711572324,272.9143371582031,407024.0,0,1
2024-06-25,272.9143424841652,275.522895565666,270.1089050024093,270.5518798828125,517533.0,0,1
2024-06-26,270.6995313666877,279.41114047510234,265.285540739354,265.728515625,1060737.0,0,1
2024-06-27,266.0730291173408,270.2073614174612,265.7285264592836,269.3214416503906,284934.0,0,1
2024-06-28,269.71516513444175,270.6995270509908,265.18709431024774,265.87615966796875,650857.0,0,1
2024-07-01,268.4355298994385,270.0104850699987,265.2855594776295,265.7777404785156,854011.0,0,1
2024-07-02,269.5182888491913,269.5182888491913,264.5964791182686,265.5808410644531,614681.0,0,1
2024-07-03,267.5003476214053,269.1245387562085,263.36601560523235,263.8089904785156,1112628.0,0,1
2024-07-04,266.6144443814891,269.5182941557015,264.5964843278739,265.0394592285156,897659.0,0,1
2024-07-05,266.5651904241722,267.7464367199555,261.4465265699072,262.7754211425781,1266536.0,0,1
2024-07-08,264.3996274975881,268.435517526904,264.35039137556225,266.220703125,684870.0,0,1
2024-07-09,267.5495613743666,270.2073506096145,265.48242534733185,268.9768981933594,577124.0,0,1
2024-07-10,269.51828818668304,281.47830983570014,264.9902472776387,277.9346008300781,2365579.0,0,1
2024-07-11,281.5275070596819,282.11813021542787,273.16043080091515,274.98150634765625,1520940.0,0,1
2024-07-12,275.8674403291377,277.3931893567477,273.0620027245016,273.7510681152344,499807.0,0,1
2024-07-15,274.7354298780789,276.5565055176757,271.19172080325274,275.5721435546875,709403.0,0,1
2024-07-16,275.6213303810838,277.29475761739104,274.1447875397565,275.5228881835937,713378.0,0,1
2024-07-17,275.6213303810838,277.29475761739104,274.1447875397565,275.5228881835937,713378.0,0,1
2024-07-18,270.9456153653892,274.48932424472133,269.5182785816601,270.3057861328125,670461.0,0,1
2024-07-19,271.78234349044374,271.9791978584743,266.4667949081291,267.2542724609375,648818.0,0,1
2024-07-22,267.697252605472,267.844900894474,264.5472822518244,266.712890625,485193.0,0,1
2024-07-23,267.3034863121853,269.7643912866681,261.84028928497105,268.780029296875,497490.0,0,1
2024-07-24,268.7308184588958,271.19172338983805,268.6323762535894,269.3214416503906,249528.0,0,1
2024-07-25,268.386267440529,271.1917048783736,267.74643821022727,270.69952392578125,289406.0,0,1
2024-07-26,270.84719423957483,272.077646721165,269.51829955138857,270.9948425292969,415491.0,0,1
2024-07-29,272.6682561734447,279.7064380052323,272.1760752056226,277.2947692871094,1924351.0,0,1
2024-07-30,280.4447085836734,309.28653123244186,277.8853615508997,299.78741455078125,13733473.0,1,0
2024-07-31,300.13194563667207,305.8904689196559,299.2460259101381,302.39599609375,2803844.0,1,0
2024-08-01,305.15219428984216,305.15219428984216,298.7538418289261,300.3288269042969,1303973.0,0,1
2024-08-02,296.68667361394535,302.4451967945046,293.9796783619197,297.867919921875,931771.0,0,1
2024-08-05,294.71796850693266,300.67337646372306,289.40241986443016,292.8476867675781,1891801.0,0,1
2024-08-06,290.38676370239824,297.867920232969,290.38676370239824,292.4046936035156,985492.0,0,1
2024-08-07,293.3398493315793,298.3108649635114,287.4336778685273,294.22576904296875,939602.0,0,1
2024-08-08,295.3085738470569,298.1632173861768,289.6976989278262,290.5836486816406,524895.0,0,1
2024-08-09,293.63515763644466,293.73359983950235,287.4336893682664,289.10711669921875,784766.0,0,1
2024-08-12,289.1071160501573,291.8633174875281,285.07122605659515,290.9281616210937,954405.0,0,1
2024-08-13,292.30627900234845,292.30627900234845,283.9884089089818,284.87432861328125,325363.0,0,1
2024-08-14,288.418038348796,289.4024002544233,280.5431431037777,286.3016662597656,331941.0,0,1
2024-08-15,288.418038348796,289.4024002544233,280.5431431037777,286.3016662597656,331941.0,0,1
2024-08-16,289.0086824467421,289.7469539294703,284.03763643883264,285.5634155273437,346139.0,0,1
2024-08-19,287.43368549634727,294.91484222281383,286.44932355971594,290.6820678710937,622103.0,0,1
2024-08-20,295.11170420302614,295.11170420302614,289.74694953412177,290.780517578125,914344.0,0,1
2024-08-21,293.33986973818656,297.2773176541354,291.32193969740024,292.0602111816406,1201185.0,0,1
2024-08-22,293.290653817718,300.91945889898085,292.6015884394024,296.3913879394531,1664950.0,0,1
2024-08-23,296.6374934842474,298.99995626643187,289.40242680602785,289.6977233886719,514521.0,0,1
2024-08-26,290.4852294921875,292.453953473781,288.9594503822462,290.4852294921875,325611.0,0,1
2024-08-27,290.48521190210386,296.2929412880538,289.7469404537117,293.2906494140625,477822.0,0,1
2024-08-28,295.1116954524292,295.6531125397022,291.07583556001606,292.8968811035156,582214.0,0,1
2024-08-29,293.3398742675781,294.27503017819294,285.4157722305144,293.3398742675781,1122440.0,0,1
2024-08-30,293.63515122254296,294.3734226688353,290.6820654373735,291.8633117675781,257661.0,0,1
2024-09-02,295.30859825595115,297.9663876563923,292.1586278584167,293.3398742675781,402089.0,0,1
2024-09-03,294.3242272371264,295.70232797866305,292.35550330911883,294.0289306640625,282955.0,0,1
2024-09-04,293.04455886189334,302.6912937691304,291.3711315631304,300.1811828613281,2014829.0,0,1
2024-09-05,302.19910868015336,307.51465702671965,300.6733597241264,305.3982849121094,2382695.0,0,1
2024-09-06,308.1052737328649,315.48798795969066,297.67103161754943,301.2639465332031,2132557.0,0,1
2024-09-09,302.0022208474453,303.9709446601154,297.8679188650431,300.0827331542969,539355.0,0,1
2024-09-10,301.3132086925458,305.5951893222332,300.3780527935261,303.2326965332031,522193.0,0,1
2024-09-11,307.12093968265003,312.5841366897135,305.1522157103253,311.1568298339844,2308005.0,0,1
2024-09-12,313.9622442852025,314.7989278792929,309.8279122329157,311.2552490234375,1557576.0,0,1
2024-09-13,311.3536714820752,312.48571175217074,305.15220323884216,306.5303039550781,503996.0,0,1
2024-09-16,308.0068589545696,311.649010313506,305.9396927789664,307.9084167480469,433217.0,0,1
2024-09-17,306.6287397488879,308.548257519472,300.7225681967424,304.217041015625,498530.0,0,1
2024-09-18,305.7428111883488,306.3334343345631,300.13193635982475,301.2639465332031,289304.0,0,1
2024-09-19,302.49440986537337,307.1209229646313,296.8835648738787,299.78741455078125,668768.0,0,1
2024-09-20,300.1319526387185,300.1319526387185,295.308585090312,297.4249572753906,482473.0,0,1
2024-09-23,299.24601769698154,300.1319373992004,296.785112946184,299.04913330078125,326466.0,0,1
2024-09-24,297.4249453249234,306.6287351985004,297.4249453249234,301.1163024902344,584229.0,0,1
2024-09-25,303.0850514942569,304.512388399574,300.23040772396666,303.4787902832031,352066.0,0,1
2024-09-26,304.6600114823584,308.10527817117344,297.5725937063737,299.29522705078125,476512.0,0,1
2024-09-27,302.2975453452602,306.97326436789666,296.6374644231213,304.5123596191406,1524996.0,0,1
2024-09-30,304.51238589009245,306.33346156934834,300.5257018289629,304.6600341796875,464505.0,0,1
2024-10-01,305.15221070707514,308.00685441207264,301.16555674462,306.6287536621094,586888.0,0,1
2024-10-02,305.15221070707514,308.00685441207264,301.16555674462,306.6287536621094,586888.0,0,1
2024-10-03,298.261683720567,308.5974846415768,294.2750296671723,296.9820251464844,1108297.0,0,1
2024-10-04,296.5390409509114,296.5390409509114,286.8923057427534,287.5321350097656,484857.0,0,1
2024-10-07,287.5321177244909,288.5164796269778,274.39088031822257,276.1627197265625,591774.0,0,1
2024-10-08,275.62135620314325,283.3978098879489,274.6862002998879,282.56109619140625,316901.0,0,1
2024-10-09,285.366535624496,289.4024258019112,284.67750025393593,286.84307861328125,322425.0,0,1
2024-10-10,288.0243019157187,291.37112641375427,286.05557808859874,286.9414978027344,239157.0,0,1
2024-10-11,286.94149228050594,287.6797637014678,283.3485773732265,284.2344970703125,167660.0,0,1
2024-10-14,284.874331994801,285.9571361086163,280.5431455798817,283.2993469238281,227235.0,0,1
2024-10-15,285.464966181235,287.7782227773239,281.1829856804479,281.82281494140625,620307.0,0,1
2024-10-16,285.36653414748724,294.02893766106536,280.5431664171558,290.87896728515625,977258.0,0,1
2024-10-17,292.3554905482701,293.7828273499118,280.74003189615905,282.5118713378906,322651.0,0,1
2024-10-18,280.6908144252394,283.4962520946616,277.63928625920727,282.56109619140625,234976.0,0,1
2024-10-21,283.7423461456086,284.18532106119306,273.406545158518,274.4893493652344,356230.0,0,1
2024-10-22,274.4893341880117,275.62134441593724,266.71288083577343,271.0440673828125,798004.0,0,1
2024-10-23,272.66827266865954,274.8338810742233,262.92309492431053,271.6347045898437,735815.0,0,1
2024-10-24,271.6346852374044,272.4713688414348,265.925368047831,266.5159912109375,303751.0,0,1
2024-10-25,269.71517932234246,275.47370284514,261.5941930836223,274.7846374511719,1211377.0,0,1
2024-10-28,280.05097431731457,283.2993567308686,273.30808896276585,278.9681701660156,587872.0,0,1
2024-10-29,280.05097868189193,284.52981360073744,276.21197303140383,282.06890869140625,415653.0,0,1
2024-10-30,281.52752784862514,282.0689149245042,278.8697384716789,281.1337890625,332000.0,0,1
2024-10-31,282.65953156981624,282.65953156981624,279.1158224961708,280.6416015625,266436.0,0,1
2024-11-01,283.4470271790134,283.9884142194475,281.232212856678,282.5118713378906,103666.0,0,1
2024-11-04,283.3485874211327,283.3485874211327,277.59006412535746,281.33062744140625,348274.0,0,1
2024-11-05,281.3306394035643,281.3306394035643,278.1314629965873,279.4603576660156,163452.0,0,1
2024-11-06,280.8876868312664,285.1204311758785,278.6236363350323,281.1829833984375,487167.0,0,1
2024-11-07,278.525226146528,279.41114589466144,273.9479190405435,275.3260498046875,576896.0,0,1
2024-11-08,275.6213380171598,276.2119611781221,265.6792766020439,266.90972900390625,328970.0,0,1
2024-11-11,260.8559079983472,265.97460198275337,258.8871841643974,264.0550842285156,262270.0,1,0
2024-11-12,264.0550828840024,270.10890263450483,260.3637257141421,263.0215148925781,257101.0,0,1
2024-11-13,260.8559093226493,261.79106516465976,256.9184616347603,258.1981201171875,196516.0,0,1
2024-11-14,257.9028266163663,261.4465355855757,253.62084619691927,255.19583129882807,251207.0,0,1
2024-11-15,257.9028266163663,261.4465355855757,253.62084619691927,255.19583129882807,251207.0,0,1
2024-11-18,256.5247205815214,261.1512035492398,254.50676063530736,257.55828857421875,188933.0,0,1
2024-11-19,258.88718840308684,260.4621735041018,254.9497406707205,257.01690673828125,254908.0,0,1
2024-11-20,258.88718840308684,260.4621735041018,254.9497406707205,257.01690673828125,254908.0,0,1
2024-11-21,257.0169153509097,257.0661214330763,248.7974869260937,251.45526123046875,360112.0,0,1
2024-11-22,251.01230546399964,266.66365497309795,251.01230546399964,263.0707397460937,1698363.0,0,1
2024-11-25,265.77771731981613,272.1760697738117,259.8715458238202,260.80670166015625,781488.0,1,0
2024-11-26,261.7910819992769,273.1112448299071,261.0035743868529,270.9948425292969,251109.0,0,1
2024-11-27,270.99481952051224,271.78232706607304,265.7285073787167,271.09326171875,196552.0,0,1
2024-11-28,274.7354381169635,275.0307346985782,269.2230049508517,270.2073669433594,187398.0,0,1
2024-11-29,268.7307989098615,277.4916138186349,267.4019043357555,276.5564880371094,207544.0,0,1
2024-12-02,276.6056919364197,277.6392599079461,270.84716885423035,272.2745056152344,162194.0,0,1
2024-12-03,273.6526129750471,282.0196892710468,270.6010850237318,277.8361511230469,239992.0,0,1
2024-12-04,277.83616756128976,279.5588010182685,272.6682671903535,273.9971618652344,203661.0,0,1
2024-12-05,274.63697280992443,278.08223949392,270.1089020171764,273.5541687011719,204992.0,0,1
2024-12-06,273.5541804466962,276.6057085058974,271.7331048274678,273.5049743652344,110417.0,0,1
2024-12-09,273.554194262737,274.6369984726694,266.8605446673544,269.026123046875,178865.0,0,1
2024-12-10,265.7777323433259,268.9769087511622,254.94975065526447,259.1824951171875,2358320.0,0,1
2024-12-11,259.1825016190197,262.3324720234312,258.59190845349366,259.6746826171875,425262.0,0,1
2024-12-12,260.80670274797075,260.85590882783924,256.5247223874454,258.5918884277344,548275.0,0,1
2024-12-13,258.001265267603,259.4285720275502,255.14662170736668,258.5918884277344,315165.0,0,1
2024-12-16,259.0348314439815,260.7574647920381,256.47548446165774,257.55828857421875,404960.0,0,1
2024-12-17,257.9028405251962,258.83799642873424,255.93411655172144,257.6075439453125,343410.0,0,1
2024-12-18,257.6075454600236,258.69031961952624,254.26069065316216,256.8200378417969,424027.0,0,1
2024-12-19,254.4575645071942,254.8513032797944,252.14430791269663,253.0302276611328,281261.0,0,1
2024-12-20,253.03021313537485,260.7574600204684,252.34117783296577,258.0997009277344,577205.0,0,1
2024-12-23,259.3793793128452,264.74416406998824,258.78875612228046,261.0035705566406,519442.0,0,1
2024-12-24,261.7910636905959,261.7910636905959,257.6567316254548,258.9856262207031,285133.0,0,1
2024-12-25,261.7910636905959,261.7910636905959,257.6567316254548,258.9856262207031,285133.0,0,1
2024-12-26,258.98562633552046,259.4778072939535,256.13098278467737,257.16455078125,118365.0,0,1
2024-12-27,258.3950220373597,259.4285901093716,256.72159464040874,257.2137756347656,85924.0,0,1
2024-12-30,257.0169133903545,265.5808444056964,251.50448041430124,254.06382751464844,720388.0,0,1
2024-12-31,254.80210630264975,261.3481075070939,253.5224176955462,260.8559265136719,234879.0,0,1
2025-01-01,260.8559177092976,262.1848123547531,258.8871938020576,259.7239074707031,86178.0,0,1
2025-01-02,259.7239024061456,260.85591262266604,256.2293995147309,258.4442138671875,227805.0,0,1
2025-01-03,258.88718645052126,259.7239000954069,257.01690479982165,257.80438232421875,249322.0,0,1
2025-01-06,257.8536204323777,258.1981230767433,251.50447394674376,253.57164001464844,441698.0,0,1
2025-01-07,253.96537226935897,257.8043777025717,251.75055797631225,256.52471923828125,163811.0,0,1
2025-01-08,253.96538327942784,256.8692630501165,252.09510158117504,253.22711181640625,155900.0,0,1
2025-01-09,253.96538753584272,255.88490538800676,251.99666360145636,253.0794677734375,146251.0,0,1
2025-01-10,253.07946743775224,253.81773891216787,248.2068636904717,249.83106994628903,680430.0,0,1
2025-01-13,249.78184810001517,249.78184810001517,240.2335400633789,241.7100830078125,314942.0,0,1
2025-01-14,243.13739388156085,243.13739388156085,238.2155842888167,239.7413482666016,348674.0,0,1
2025-01-15,240.8733634641049,242.9405295440291,237.42809667767872,239.199951171875,322291.0,0,1
2025-01-16,240.47962797593172,243.13740224338383,238.3140346846808,239.446044921875,252525.0,0,1
2025-01-17,240.1843104280078,242.00538600284597,238.70776753603235,240.3811798095703,140184.0,0,1
2025-01-20,241.1686756313484,241.9561681884646,238.7569918790692,240.6272735595703,241333.0,0,1
2025-01-21,241.26712588558155,247.07485552531915,241.26712588558155,242.15304565429688,196532.0,0,1
2025-01-22,242.9897483117772,243.33426597500892,237.03435563410537,238.56011962890625,176970.0,0,1
2025-01-23,238.70777035898365,240.62727313721757,237.23122744954665,237.37887573242188,242775.0,0,1
2025-01-24,238.21558367923487,240.47961909013787,236.59139252585396,238.31402587890625,224330.0,0,1
2025-01-27,236.49296314593596,237.6249734026657,231.32506280663867,234.2289276123047,391617.0,0,1
2025-01-28,234.22892668434963,235.45937914121237,226.94465414779108,227.92901611328125,653594.0,0,1
2025-01-29,228.37197053270427,237.23122801026608,228.37197053270427,233.7367401123047,3515586.0,0,1
2025-01-30,237.1820039763024,237.1820039763024,230.83287253325977,231.66958618164065,199041.0,0,1
2025-01-31,232.8508186193457,233.6875172516016,228.8641497804266,229.45477294921875,503239.0,0,1
2025-02-03,235.15422565571257,245.00768336883164,232.30942022076516,241.34585571289065,813201.0,1,0
2025-02-04,243.6295773439948,246.63188423045,239.5444813481134,243.78707885742188,325153.0,0,1
2025-02-05,240.23352954316087,243.9839460545579,239.79056968326304,241.326171875,341579.0,0,1
2025-02-06,252.98101654674076,255.93410234300617,246.6318850888042,250.24449157714844,2685870.0,0,1
2025-02-07,246.48421790035488,248.54154572131011,242.79286071322795,245.08642578125,415048.0,0,1
2025-02-10,246.3070547796222,253.4732087616385,236.99498387993071,238.6684112548828,273972.0,0,1
2025-02-11,238.6683967042733,238.6683967042733,233.4512755467061,234.82937622070312,252370.0,1,0
2025-02-12,234.82938671806775,236.04014772292948,227.93885299971996,230.2225799560547,314629.0,0,1
2025-02-13,231.32505491012037,234.24861106102364,229.8682034508024,231.0395965576172,232123.0,0,1
2025-02-14,231.32505046148933,231.89598217568715,223.20406464741575,227.7813415527344,203186.0,0,1
2025-02-17,228.48025267669763,228.9625954391667,220.98925764093525,226.1374664306641,392949.0,0,1
2025-02-18,227.2891749278905,228.3621409002596,223.54861142407717,224.84796142578125,148294.0,0,1
2025-02-19,224.6313929693185,228.37197136642348,222.76111128085165,226.60997009277344,215563.0,0,1
2025-02-20,227.36791763835092,235.75468560757528,226.60996975593133,231.79754638671875,257857.0,0,1
2025-02-21,233.34299992537484,239.69213140833764,229.45477328233332,237.85137939453125,260017.0,0,1
2025-02-24,237.2312286748046,237.369038746257,230.43913726438288,231.7187957763672,209458.0,0,1
2025-02-25,231.5711455961629,233.56939912594223,226.964338942338,227.5155792236328,176768.0,0,1
2025-02-26,231.5711455961629,233.56939912594223,226.964338942338,227.5155792236328,176768.0,0,1
2025-02-27,228.667289330731,229.1594703172284,223.46000608229224,227.1415252685547,186303.0,0,1
2025-02-28,225.12357024266257,226.88558650752893,217.91804873017023,223.115478515625,329766.0,0,1
2025-03-03,223.11547729368945,224.2376492862175,215.58509956315532,218.5185089111328,227507.0,0,1
2025-03-04,217.53415451769425,220.9892595832033,214.78777624342655,220.24114990234372,180666.0,0,1
2025-03-05,220.3002012397529,226.40324215467075,220.3002012397529,225.52716064453125,228273.0,0,1
2025-03-06,228.37196601530903,231.3250517827484,227.7518131976921,230.7147521972656,210744.0,0,1
2025-03-07,230.34069830281337,234.16986572080117,228.9035232344417,231.9648895263672,208748.0,0,1
2025-03-10,233.96313478331643,236.02046261889785,224.85778699033747,227.07260131835935,229345.0,0,1
2025-03-11,225.0251411345384,230.2521005314928,224.44435618585493,229.09054565429688,222957.0,0,1
2025-03-12,229.36616855871748,230.98052152773252,223.00719888400744,224.50343322753903,233746.0,0,1
2025-03-13,225.6649727474556,226.57058392181875,220.4872343961496,221.13690185546875,365912.0,0,1
2025-03-14,225.6649727474556,226.57058392181875,220.4872343961496,221.13690185546875,365912.0,0,1
2025-03-17,221.1565925681204,222.94813848681736,219.5619310511662,221.53065490722656,329912.0,0,1
2025-03-18,221.53065490722656,221.53065490722656,221.53065490722656,221.53065490722656,0.0,0,1
2025-03-19,227.37777344288767,235.06563790990677,226.41308791225137,232.3192596435547,476103.0,1,0
2025-03-20,232.7130145259029,236.11889849558432,231.6597400192132,233.58909606933597,217982.0,0,1
2025-03-21,235.55781447260347,245.49986102185704,231.95504617919173,241.09976196289065,802292.0,0,1
2025-03-24,242.15303181604327,242.34990119559936,238.71760331513136,239.82009887695312,233397.0,0,1
2025-03-25,240.1843090323128,241.1686709545764,233.0083172278865,234.12063598632807,311471.0,0,1
2025-03-26,235.26251057866617,237.37888280383652,231.52193209262796,234.34706115722656,266033.0,0,1
2025-03-27,231.5711499356624,235.84327721592544,227.4860538300944,228.95274353027344,379536.0,0,1
2025-03-28,228.95273899713567,235.30187047774285,227.9290091929835,229.2578887939453,451330.0,0,1
2025-03-31,228.95273899713567,235.30187047774285,227.9290091929835,229.2578887939453,451330.0,0,1
2025-04-01,230.78366105829372,234.7703300442109,227.9487087960049,234.11080932617188,305829.0,0,1
2025-04-02,234.1108076478552,237.62497204805516,230.547422145432,236.52249145507807,160659.0,0,1
2025-04-03,236.2370351874754,240.6174429610649,234.39626808518412,239.0227813720703,106327.0,0,1
2025-04-04,240.28275518023423,241.14898347234129,232.9590999550449,235.79405212402344,159985.0,0,1
2025-04-07,221.0581737938112,233.28394760244677,221.0581737938112,231.2955322265625,264927.0,1,0
2025-04-08,233.2937879982227,241.81836630375847,232.5653547297006,240.4501037597656,379209.0,1,0
2025-04-09,238.6093239401288,243.87566623211984,236.4437307152602,241.01116943359372,237277.0,0,1
2025-04-10,238.6093239401288,243.87566623211984,236.4437307152602,241.01116943359372,237277.0,0,1
2025-04-11,243.8264576728536,246.6712631736059,240.4796329732056,245.67706298828125,315169.0,0,1
2025-04-14,243.8264576728536,246.6712631736059,240.4796329732056,245.67706298828125,315169.0,0,1
2025-04-15,246.33658123669383,252.9711712542948,245.69675196882295,251.80963134765625,463791.0,0,1
2025-04-16,251.996661115952,257.4598579638521,249.6145069812609,255.8061370849609,301316.0,0,1
2025-04-17,255.92424809298012,255.92424809298012,251.02212989632284,254.08349609375,279962.0,0,1
2025-04-18,255.92424809298012,255.92424809298012,251.02212989632284,254.08349609375,279962.0,0,1
2025-04-21,260.85590965657155,263.95664370668504,253.9850526178867,261.5252685546875,647435.0,0,1
2025-04-22,261.8402739765052,266.9392615758393,257.9618855602424,265.728515625,626584.0,0,1
2025-04-23,265.58084171520755,265.77772612106395,258.6214255692905,263.7597961425781,243646.0,0,1
2025-04-24,263.1199219309228,265.10835218020924,260.7574593962565,261.7418212890625,150477.0,0,1
2025-04-25,260.85590572359695,263.1199260967595,253.38460244375077,258.1095275878906,239604.0,0,1
2025-04-28,255.983326080648,260.36374899673064,255.1269359471138,257.61737060546875,160593.0,0,1
2025-04-29,257.6075360837023,265.4824317372771,257.6075360837023,262.7360534667969,310859.0,0,1
2025-04-30,262.34231349354405,263.40541118416843,251.13041643862957,253.14837646484372,253912.0,0,1
2025-05-01,262.34231349354405,263.40541118416843,251.13041643862957,253.14837646484372,253912.0,0,1
2025-05-02,253.96538570009116,256.6723810903053,249.04357589970172,250.4216766357422,100662.0,0,1
2025-05-05,252.14430784049569,253.5224085643732,249.73262406362429,251.40603637695312,240974.0,0,1
2025-05-06,252.6857258570239,254.35912315626777,248.40374534483436,249.3881072998047,165566.0,0,1
2025-05-07,241.61164299326532,251.9966648006059,239.3968285565413,250.8646545410156,362650.0,0,1
2025-05-08,253.9653866456726,254.35912542310115,246.0904909357293,248.40374755859372,258597.0,0,1
2025-05-09,238.21559819425923,254.4083647157502,238.21559819425923,253.71929931640625,312729.0,1,0
2025-05-12,258.7887519681168,259.6746717195711,253.9653843965608,256.0817565917969,184126.0,1,0
2025-05-13,256.91846600801216,259.57625525871475,252.14430459711284,256.2294006347656,223567.0,0,1
2025-05-14,256.9184589585508,258.7887405827477,254.11302150208448,256.1309814453125,148115.0,0,1
2025-05-15,256.1309943979794,263.31682470077936,255.98331607148023,262.184814453125,262201.0,0,1
2025-05-16,262.1848090591316,262.7754322319481,258.1981251728769,259.4778137207031,120055.0,0,1
2025-05-19,260.70828021600374,262.4801197897256,256.03256074276345,260.0684509277344,196052.0,0,1
2025-05-20,258.1489265555227,261.84028394192194,257.1153585034682,259.5762634277344,123607.0,0,1
2025-05-21,260.8559044651123,261.74182417032176,255.93409494690263,260.56060791015625,137413.0,0,1
2025-05-22,259.8715634978104,260.1668600765568,256.3770904744887,258.00128173828125,104934.0,0,1
2025-05-23,258.8871827819879,260.16684125108543,254.26066978077395,256.1309814453125,131504.0,0,1
2025-05-26,255.93410120129863,258.59189042221817,246.63188398859336,250.71697998046875,655328.0,0,1
2025-05-27,252.48884060385035,253.91617744991171,249.78184523675253,253.0302276611328,154210.0,0,1
2025-05-28,253.03022982187997,253.96538570009116,249.14201810377816,250.4216766357422,182571.0,0,1
2025-05-29,251.01229425012716,251.3076058356321,248.5021683035916,249.53575134277344,144469.0,0,1
2025-05-30,249.53575085602893,251.11073596220248,247.4685847816975,249.7326202392578,179748.0,0,1
2025-06-02,250.0279279436384,250.56933000424343,246.5826612200056,248.0592041015625,163114.0,0,1
2025-06-03,249.33887747896668,249.33887747896668,246.18892233724569,246.4350128173828,74774.0,0,1
2025-06-04,246.43501245302016,247.02562059237349,244.22019813506077,244.8108062744141,99422.0,0,1
2025-06-05,244.8108072425713,248.05920459245917,242.6452140160364,244.4170684814453,144154.0,0,1
2025-06-06,244.46629139281225,246.48422133374692,243.18661787941556,245.25376892089844,96526.0,0,1
2025-06-09,244.6139491685272,247.22250237694385,243.87567769216344,246.18893432617188,195874.0,0,1
2025-06-10,247.46858081951856,251.8490033821261,246.7795304791641,249.8802795410156,237473.0,0,1
2025-06-11,251.5044735386257,251.5044735386257,246.38579449803817,246.8779754638672,311517.0,0,1
2025-06-12,248.15765497592463,248.8467053407024,244.9092575189196,245.94284057617188,264110.0,0,1
2025-06-13,240.72572020017057,242.1530420374137,237.2312322399053,238.65855407714844,301218.0,0,1
2025-06-16,238.70776488192448,240.8733580953758,235.55780975143423,238.1171417236328,198465.0,0,1
2025-06-17,237.5265379134989,243.5311367047437,236.7882664622677,239.59368896484372,219582.0,0,1
2025-06-18,239.1999532067985,240.62727502642625,237.32967151489623,240.0366668701172,199878.0,0,1
2025-06-19,240.5780492158165,240.5780492158165,236.24686274031248,236.9359130859375,130169.0,0,1
2025-06-20,238.1171541735173,238.1663752759769,233.68752531524055,236.0500030517578,206925.0,0,1
2025-06-23,236.8500061035156,240.0,235.1999969482422,238.8999938964844,142457.0,0,1
2025-06-24,244.0,244.8999938964844,240.6000061035156,241.8500061035156,209906.0,0,1
2025-06-25,244.3000030517578,245.75,242.3000030517578,243.75,196298.0,0,1
2025-06-26,246.0,246.5500030517578,242.6000061035156,244.1000061035156,110122.0,0,1
2025-06-27,245.0,249.0,242.0,248.1000061035156,335325.0,0,1
2025-06-30,248.6999969482422,253.6000061035156,248.5,252.1499938964844,409277.0,0,1
2025-07-01,253.3500061035156,253.3999938964844,249.1000061035156,250.1499938964844,167882.0,0,1
2025-07-02,250.1999969482422,250.6999969482422,247.3000030517578,248.4499969482422,168243.0,0,1
2025-07-03,248.0,252.1499938964844,248.0,250.25,239860.0,0,1
2025-07-04,250.3500061035156,251.4499969482422,249.1000061035156,250.0500030517578,99809.0,0,1
2025-07-07,249.3000030517578,251.0,248.3999938964844,249.75,123207.0,0,1
2025-07-08,249.8000030517578,253.9499969482422,248.4499969482422,249.9499969482422,260787.0,0,1
2025-07-09,252.0,252.0500030517578,249.6499938964844,250.3500061035156,278201.0,0,1
2025-07-10,250.0,251.5,248.0500030517578,249.1000061035156,84566.0,0,1
2025-07-11,248.3000030517578,249.6499938964844,245.6999969482422,246.25,105390.0,0,1
2025-07-14,247.5,247.5,244.5,245.9499969482422,103074.0,0,1
2025-07-15,245.9499969482422,250.0500030517578,245.9499969482422,249.8000030517578,174096.0,0,1
2025-07-16,250.3999938964844,250.8000030517578,246.0,247.25,153900.0,0,1
2025-07-17,247.3500061035156,250.0500030517578,247.3500061035156,249.75,173630.0,0,1
2025-07-18,249.3500061035156,250.0500030517578,247.0,248.1000061035156,97195.0,0,1
2025-07-21,248.6000061035156,249.3000030517578,246.5500030517578,247.6499938964844,75288.0,0,1
2025-07-22,247.6499938964844,248.4499969482422,245.75,246.3500061035156,84581.0,0,1
2025-07-23,245.8000030517578,248.3999938964844,245.1499938964844,247.0500030517578,205332.0,0,1
2025-07-24,247.0500030517578,250.0500030517578,247.0500030517578,249.4499969482422,277037.0,0,1
2025-07-25,249.4499969482422,249.4499969482422,244.0500030517578,244.9499969482422,82121.0,0,1
2025-07-28,246.1999969482422,246.1999969482422,240.0,240.6999969482422,104581.0,0,1
2025-07-29,240.6999969482422,243.0,240.6499938964844,242.0,96662.0,0,1
2025-07-30,242.0,246.5500030517578,242.0,245.6000061035156,194696.0,0,1
2025-07-31,243.6000061035156,246.1499938964844,240.8500061035156,244.8999938964844,166303.0,0,1
2025-08-01,244.3000030517578,251.00999450683597,243.0,250.0500030517578,459005.0,0,1
2025-08-04,250.0,250.58999633789065,242.0,243.97000122070312,379776.0,0,1
2025-08-05,245.0,245.0,240.8800048828125,242.1699981689453,267902.0,0,1
2025-08-06,243.3999938964844,243.6000061035156,234.1300048828125,234.8999938964844,419639.0,0,1
2025-08-07,235.4900054931641,237.6000061035156,231.91000366210935,233.3699951171875,236108.0,0,1
2025-08-08,233.3999938964844,234.4900054931641,232.1499938964844,232.88999938964844,111867.0,0,1
2025-08-11,233.3300018310547,235.6000061035156,230.7100067138672,235.0200042724609,267112.0,0,1
2025-08-12,235.0,239.58999633789065,233.7700042724609,238.3600006103516,665115.0,0,1
2025-08-13,238.44000244140625,239.6100006103516,235.8300018310547,236.47999572753903,151116.0,0,1
2025-08-14,238.3999938964844,239.17999267578125,235.0,235.4499969482422,101776.0,0,1
2025-08-15,238.3999938964844,239.17999267578125,235.0,235.4499969482422,101776.0,0,1
2025-08-18,237.5,238.6499938964844,236.0399932861328,236.8600006103516,1235721.0,0,1
2025-08-19,238.1000061035156,243.9499969482422,235.4900054931641,242.8699951171875,255418.0,0,1
2025-08-20,243.0500030517578,245.1000061035156,240.27999877929688,244.2100067138672,1540287.0,0,1
2025-08-21,245.5500030517578,246.8999938964844,236.30999755859372,238.1300048828125,587466.0,0,1
2025-08-22,239.0,239.1699981689453,231.8999938964844,232.6199951171875,782969.0,0,1
2025-08-25,233.8000030517578,235.2700042724609,231.1499938964844,234.5399932861328,357608.0,0,1
2025-08-26,235.0,236.6999969482422,233.05999755859372,234.07000732421875,882176.0,0,1
2025-08-27,235.0,236.6999969482422,233.05999755859372,234.07000732421875,882176.0,0,1
2025-08-28,234.05999755859372,239.5,232.8600006103516,238.0399932861328,219353.0,0,1
2025-08-29,238.0500030517578,243.38999938964844,238.0500030517578,239.9900054931641,1221841.0,0,1
2025-09-01,238.07000732421875,243.3999938964844,238.07000732421875,241.6300048828125,244074.0,0,1
2025-09-02,241.6000061035156,244.9499969482422,240.0,241.9900054931641,159900.0,0,1
2025-09-03,242.1499938964844,246.5,241.9900054931641,244.57000732421875,580999.0,0,1
2025-09-04,245.0,249.0,241.25,243.2400054931641,351298.0,0,1
2025-09-05,243.6000061035156,245.3500061035156,240.9199981689453,242.8800048828125,176572.0,0,1
2025-09-08,242.8500061035156,249.42999267578125,239.50999450683597,243.30999755859372,419994.0,0,1
2025-09-09,244.8999938964844,251.75,244.19000244140625,248.6699981689453,875647.0,0,1
2025-09-10,247.0800018310547,250.8800048828125,243.00999450683597,244.3000030517578,347522.0,0,1
2025-09-11,244.6999969482422,249.1300048828125,243.00999450683597,246.6100006103516,344541.0,0,1
2025-09-12,246.25,250.0,245.7400054931641,247.5399932861328,1382211.0,0,1
2025-09-15,248.8999938964844,251.0,244.75,246.1499938964844,740612.0,0,1
2025-09-16,247.6999969482422,249.38999938964844,243.66000366210935,245.07000732421875,359874.0,0,1
2025-09-17,247.5,250.8800048828125,246.32000732421875,249.4900054931641,702443.0,0,1
2025-09-18,250.0,254.0,249.07000732421875,253.25,929053.0,0,1
2025-09-19,253.8999938964844,256.8900146484375,251.0,251.8500061035156,2583718.0,0,1
2025-09-22,252.0500030517578,254.9499969482422,249.4199981689453,253.0,714329.0,0,1
2025-09-23,253.1999969482422,253.47000122070312,245.1000061035156,246.2100067138672,873562.0,0,1
2025-09-24,247.8000030517578,248.8000030517578,243.55999755859372,245.27999877929688,794334.0,0,1
2025-09-25,246.5,249.4900054931641,244.5,245.2400054931641,394771.0,0,1
2025-09-26,245.0,248.3800048828125,241.4199981689453,246.5800018310547,428421.0,0,1
2025-09-29,247.88999938964844,247.88999938964844,243.5,245.1199951171875,1682546.0,0,1
2025-09-30,245.5,247.9900054931641,244.17999267578125,247.3800048828125,287649.0,0,1
2025-10-01,247.22999572753903,250.9900054931641,244.6000061035156,249.22000122070312,405896.0,0,1
2025-10-02,247.22999572753903,250.9900054931641,244.6000061035156,249.22000122070312,405896.0,0,1
2025-10-03,248.5,254.9499969482422,247.8999938964844,252.3600006103516,428455.0,0,1
2025-10-06,253.9900054931641,253.9900054931641,249.05999755859372,250.9900054931641,212080.0,0,1
2025-10-07,251.27999877929688,251.55999755859372,245.3000030517578,246.47999572753903,291483.0,0,1
2025-10-08,246.8999938964844,248.9900054931641,244.1000061035156,244.6000061035156,190827.0,0,1
2025-10-09,244.4499969482422,246.6000061035156,243.2899932861328,245.3500061035156,170351.0,0,1
2025-10-10,245.0,248.2700042724609,244.5500030517578,247.5,163599.0,0,1
2025-10-13,248.0,248.1999969482422,244.13999938964844,245.6999969482422,326655.0,0,1
2025-10-14,245.6999969482422,248.0,244.5200042724609,245.44000244140625,354537.0,0,1
2025-10-15,245.4499969482422,248.25,243.2100067138672,245.66000366210935,659556.0,0,1
2025-10-16,245.66000366210935,248.33999633789065,244.77999877929688,245.16000366210935,196191.0,0,1
2025-10-17,245.83999633789065,256.8900146484375,245.25,253.25999450683597,1722348.0,0,1
2025-10-20,255.0,255.3999938964844,249.77999877929688,253.5399932861328,464902.0,0,1
2025-10-21,257.3500061035156,258.75,255.2400054931641,256.8500061035156,224370.0,0,1
2025-10-22,257.3500061035156,258.75,255.2400054931641,256.8500061035156,224370.0,0,1
2025-10-23,258.010009765625,258.20001220703125,253.0,255.42999267578125,574090.0,0,1
2025-10-24,257.6400146484375,257.8999938964844,252.2100067138672,253.97000122070312,468633.0,0,1
2025-10-27,255.22999572753903,255.3000030517578,252.1999969482422,253.17999267578125,285840.0,0,1
2025-10-28,254.0,255.2400054931641,247.0500030517578,249.5,501290.0,0,1
2025-10-29,250.0,253.2899932861328,249.00999450683597,252.67999267578125,276716.0,0,1
2025-10-30,254.3000030517578,254.3000030517578,249.22000122070312,250.4900054931641,501498.0,0,1
2025-10-31,250.6000061035156,251.58999633789065,247.47999572753903,247.9600067138672,207433.0,0,1
2025-11-03,248.1499938964844,249.8999938964844,246.0500030517578,249.1499938964844,265741.0,0,1
2025-11-04,249.8999938964844,251.0,243.1499938964844,248.5399932861328,903785.0,0,1
2025-11-05,249.8999938964844,251.0,243.1499938964844,248.5399932861328,903785.0,0,1
2025-11-06,248.92999267578125,252.0,245.50999450683597,248.17999267578125,673590.0,0,1
2025-11-07,245.8999938964844,247.50999450683597,244.5200042724609,246.32000732421875,316086.0,0,1
2025-11-10,245.0,247.9900054931641,243.17999267578125,245.82000732421875,402999.0,0,1
2025-11-11,243.00999450683597,246.25999450683597,242.5500030517578,243.8500061035156,396381.0,0,1
2025-11-12,244.0500030517578,246.0500030517578,242.25,245.52999877929688,374982.0,0,1
2025-11-13,246.6999969482422,252.4499969482422,245.0500030517578,249.33999633789065,838385.0,0,1
2025-11-14,249.33999633789065,251.08999633789065,245.9600067138672,248.8000030517578,391654.0,0,1
2025-11-17,250.0,250.0,246.5,247.69000244140625,339069.0,0,1
2025-11-18,247.8000030517578,250.00999450683597,245.33999633789065,246.97000122070312,449584.0,0,1
2025-11-19,246.97000122070312,246.97000122070312,243.5,244.8699951171875,449944.0,0,1
2025-11-20,244.8699951171875,244.8699951171875,238.8500061035156,239.77999877929688,593279.0,0,1
2025-11-21,240.0,240.00999450683597,231.5200042724609,232.8000030517578,497193.0,0,1
2025-11-24,232.9900054931641,233.2899932861328,231.0200042724609,231.9900054931641,462490.0,0,1
2025-11-25,231.0,232.1000061035156,229.00999450683597,231.0200042724609,489662.0,0,1
2025-11-26,231.3999938964844,234.3999938964844,230.02999877929688,234.00999450683597,271702.0,0,1
2025-11-27,234.6000061035156,237.75,232.97999572753903,236.72999572753903,301294.0,0,1
2025-11-28,236.72999572753903,237.32000732421875,233.27999877929688,236.4900054931641,215245.0,0,1
2025-12-01,236.4900054931641,237.2899932861328,231.75,232.1100006103516,486863.0,0,1
2025-12-02,232.1100006103516,232.55999755859372,227.1000061035156,230.6499938964844,479002.0,0,1
2025-12-03,231.77999877929688,233.4900054931641,229.5399932861328,232.6699981689453,201959.0,0,1
2025-12-04,231.38999938964844,231.8999938964844,228.5200042724609,229.66000366210935,388332.0,0,1
2025-12-05,229.8000030517578,230.4499969482422,225.75,228.1100006103516,455894.0,0,1
2025-12-08,229.75,229.75,218.88999938964844,221.8500061035156,909844.0,0,1
2025-12-09,222.0,224.5,220.0500030517578,221.91000366210935,389814.0,0,1
2025-12-10,221.91000366210935,226.75,221.6000061035156,224.6199951171875,371746.0,0,1
2025-12-11,223.9900054931641,224.0,221.17999267578125,223.25999450683597,146936.0,0,1
2025-12-12,223.1499938964844,224.88999938964844,222.1100006103516,223.5,155826.0,0,1
2025-12-15,223.5,227.3000030517578,222.88999938964844,226.3699951171875,115526.0,0,1
2025-12-16,226.3699951171875,226.7400054931641,224.07000732421875,224.5200042724609,163176.0,0,1
2025-12-17,224.41000366210935,224.50999450683597,221.5399932861328,222.07000732421875,98407.0,0,1
2025-12-18,222.0,222.4499969482422,220.1000061035156,220.91000366210935,118013.0,0,1
2025-12-19,221.9900054931641,225.1000061035156,220.5,222.97999572753903,385627.0,0,1
2025-12-22,223.0,225.0,222.6999969482422,223.1100006103516,151013.0,0,1
2025-12-23,224.22000122070312,225.1000061035156,222.7100067138672,224.25999450683597,95257.0,0,1
2025-12-24,224.8999938964844,264.0,224.0399932861328,242.22000122070312,1518787.0,1,0
2025-12-25,224.8999938964844,264.0,224.0399932861328,242.22000122070312,1518787.0,0,1
2025-12-26,244.7899932861328,245.00999450683597,233.25,237.4199981689453,903974.0,1,0
2025-12-29,235.1000061035156,236.6300048828125,231.5500030517578,234.47999572753903,235698.0,0,1
2025-12-30,233.5,236.3999938964844,231.25,233.8600006103516,199787.0,0,1
2025-12-31,233.1300048828125,238.42999267578125,232.52999877929688,235.4499969482422,201222.0,0,1
2026-01-01,236.0,240.52999877929688,234.3999938964844,239.72000122070312,207218.0,0,1
2026-01-02,240.0,241.77999877929688,235.22000122070312,241.0800018310547,221557.0,0,1
2026-01-05,240.0,241.0800018310547,237.0,239.32000732421875,160623.0,0,1
2026-01-06,239.05999755859372,240.9499969482422,235.41000366210935,240.25,159569.0,0,1
2026-01-07,239.3800048828125,240.69000244140625,235.6000061035156,237.8600006103516,181090.0,0,1
2026-01-08,237.8600006103516,238.6000061035156,233.32000732421875,234.58999633789065,170661.0,0,1
2026-01-09,233.5,237.0800018310547,231.1199951171875,232.4600067138672,165321.0,0,1
2026-01-12,233.6300048828125,234.69000244140625,229.1999969482422,230.63999938964844,147194.0,0,1
2026-01-13,230.1999969482422,234.6999969482422,230.1999969482422,232.25999450683597,129721.0,0,1
2026-01-14,232.22999572753903,237.80999755859372,231.22999572753903,236.5500030517578,151586.0,0,1
2026-01-15,232.22999572753903,237.80999755859372,231.22999572753903,236.5500030517578,151586.0,0,1
2026-01-16,236.5,236.5,230.5,231.42999267578125,154485.0,0,1
2026-01-19,230.0,234.19000244140625,229.00999450683597,232.7400054931641,158088.0,0,1
2026-01-20,232.0,232.25,225.0,226.8500061035156,251572.0,0,1
2026-01-21,226.8000030517578,230.97999572753903,221.8000030517578,229.2100067138672,339441.0,0,1
2026-01-22,229.2100067138672,229.8500061035156,226.3000030517578,227.32000732421875,132371.0,0,1
2026-01-23,227.32000732421875,227.5,225.1100006103516,227.0800018310547,181741.0,0,1
2026-01-26,227.32000732421875,227.5,225.1100006103516,227.0800018310547,181741.0,0,1
2026-01-27,225.1999969482422,226.8000030517578,223.17999267578125,225.3000030517578,169778.0,0,1
2026-01-28,225.3000030517578,228.8000030517578,222.7100067138672,226.19000244140625,334225.0,0,1
2026-01-29,226.6499938964844,227.7899932861328,223.3999938964844,225.4199981689453,298016.0,0,1
2026-01-30,223.17999267578125,230.97999572753903,222.8800048828125,230.19000244140625,438679.0,0,1
2026-02-02,223.5,238.0,222.4900054931641,234.1699981689453,812433.0,0,1
2026-02-03,236.8999938964844,237.3999938964844,227.5200042724609,228.13999938964844,478351.0,1,0
2026-02-04,226.0,226.0,221.30999755859372,222.07000732421875,485093.0,0,1
2026-02-05,222.1999969482422,222.2100067138672,217.6499938964844,218.30999755859372,390679.0,0,1
2026-02-06,216.47999572753903,217.0,213.5,214.3500061035156,317070.0,0,1
2026-02-09,214.3500061035156,215.44000244140625,212.0,212.58999633789065,451560.0,0,1
2026-02-10,212.7899932861328,213.4199981689453,211.3600006103516,211.8999938964844,506242.0,0,1
2026-02-11,212.0,212.0,202.5,206.44000244140625,669583.0,0,1
2026-02-12,206.44000244140625,206.5500030517578,201.75,202.4199981689453,412608.0,0,1
2026-02-13,200.1000061035156,201.50999450683597,196.6999969482422,200.02999877929688,553280.0,0,1
2026-02-16,200.0,208.1000061035156,196.6999969482422,203.4199981689453,1546769.0,0,1
2026-02-17,198.3000030517578,203.50999450683597,198.3000030517578,202.38999938964844,289879.0,0,1
2026-02-18,203.25,203.41000366210935,199.50999450683597,201.3800048828125,230794.0,0,1
2026-02-19,201.3800048828125,203.0800018310547,199.3999938964844,200.5,3372893.0,0,1
2026-02-20,199.5,200.83999633789065,198.0,198.69000244140625,166859.0,0,1
2026-02-23,199.8000030517578,200.6199951171875,197.4199981689453,199.63999938964844,250252.0,0,1
2026-02-24,199.7899932861328,199.7899932861328,196.8999938964844,197.66000366210935,162314.0,0,1
2026-02-25,198.0,204.8000030517578,197.1300048828125,200.63999938964844,1893550.0,0,1
2026-02-26,200.8500061035156,202.6000061035156,200.0,200.41000366210935,136661.0,0,1
2026-02-27,197.0,204.8500061035156,195.5500030517578,203.50999450683597,308431.0,0,1
2026-03-02,194.67999267578125,199.0500030517578,193.22999572753903,196.30999755859372,375246.0,0,1
2026-03-03,194.67999267578125,199.0500030517578,193.22999572753903,196.30999755859372,375246.0,0,1
2026-03-04,195.0,197.97000122070312,191.91000366210935,194.92999267578125,385352.0,0,1
2026-03-05,193.0,198.1100006103516,190.1000061035156,193.3800048828125,261042.0,0,1
2026-03-06,193.3999938964844,194.1199951171875,188.1000061035156,189.19000244140625,662170.0,0,1
2026-03-09,187.8500061035156,188.0,180.25,185.3300018310547,689019.0,0,1
2026-03-10,187.5399932861328,188.9900054931641,184.72999572753903,185.6000061035156,323207.0,0,1
2026-03-11,186.5500030517578,191.5,185.0200042724609,187.0200042724609,3030534.0,0,1
2026-03-12,186.3500061035156,189.8000030517578,185.6499938964844,188.05999755859372,404542.0,0,1
2026-03-13,187.00999450683597,191.05999755859372,181.3999938964844,182.13999938964844,1660054.0,0,1
2026-03-16,182.0,184.0,176.02000427246094,177.42999267578125,553643.0,0,1
2026-03-17,178.0,178.52999877929688,173.5,173.72000122070312,369377.0,0,1
2026-03-18,175.0,178.89999389648438,173.0,175.00999450683594,467581.0,0,1
2026-03-19,173.39999389648438,173.9199981689453,168.0,168.5,390106.0,0,1
2026-03-20,170.5,170.82000732421875,166.0,166.77000427246094,556926.0,0,1
2026-03-23,166.0,166.0,157.91000366210938,159.07000732421875,414532.0,1,0
2026-03-24,161.0399932861328,165.0,159.2100067138672,161.2899932861328,602940.0,0,1
2026-03-25,161.77000427246094,175.32000732421875,161.77000427246094,173.61000061035156,1117577.0,1,0
2026-03-26,161.77000427246094,175.32000732421875,161.77000427246094,173.61000061035156,1117577.0,0,1
2026-03-27,171.91000366210938,178.17999267578125,169.3800048828125,170.5,960867.0,1,0
2026-03-30,169.50999450683594,173.58999633789062,166.0,167.22000122070312,607718.0,0,1
2026-03-31,169.50999450683594,173.58999633789062,166.0,167.22000122070312,607718.0,0,1
2026-04-01,170.00999450683594,176.69000244140625,170.00999450683594,175.55999755859375,274067.0,1,0
2026-04-02,173.49000549316406,180.0,170.88999938964844,178.60000610351562,232236.0,0,1
2026-04-03,173.49000549316406,180.0,170.88999938964844,178.60000610351562,232236.0,0,1
2026-04-06,178.61000061035156,182.0,174.64999389648438,180.16000366210935,262956.0,0,1
2026-04-07,180.0,183.1999969482422,177.9600067138672,178.36000061035156,173102.0,0,1
2026-04-08,188.0,190.16000366210935,185.52999877929688,188.16000366210935,499154.0,1,0
2026-04-09,188.5,188.75999450683597,184.5,185.3000030517578,153356.0,0,1
2026-04-10,187.8999938964844,193.6300048828125,185.8800048828125,191.5200042724609,799945.0,0,1
2026-04-13,188.25,193.17999267578125,185.25,188.6499938964844,397058.0,0,1
2026-04-14,188.25,193.17999267578125,185.25,188.6499938964844,397058.0,0,1
2026-04-15,191.9900054931641,197.0,190.52999877929688,196.3000030517578,847216.0,0,1
2026-04-16,197.0,202.0399932861328,195.38999938964844,200.16000366210935,442172.0,0,1
2026-04-17,200.0,204.66000366210935,199.6999969482422,203.08999633789065,269218.0,0,1
2026-04-20,205.00999450683597,206.9900054931641,198.19000244140625,204.07000732421875,491067.0,0,1
2026-04-21,203.6000061035156,208.0,202.0800018310547,206.2400054931641,346355.0,0,1
2026-04-22,204.9499969482422,208.58999633789065,203.1000061035156,204.0399932861328,451812.0,0,1
2026-04-23,202.66000366210935,204.38999938964844,199.75,200.72999572753903,190774.0,0,1
2026-04-24,201.0,201.17999267578125,195.4600067138672,197.1499938964844,266618.0,0,1
2026-04-27,197.1499938964844,202.3000030517578,197.1499938964844,201.2899932861328,141193.0,0,1
2026-04-28,201.2899932861328,201.7400054931641,197.1999969482422,199.42999267578125,135154.0,0,1
2026-04-29,199.4199981689453,200.75,197.5,197.72000122070312,164053.0,0,1
2026-04-30,197.66000366210935,199.8999938964844,192.83999633789065,197.19000244140625,191125.0,0,1
2026-05-01,197.66000366210935,199.8999938964844,192.83999633789065,197.19000244140625,191125.0,0,1
2026-05-04,198.0,203.8800048828125,195.0,196.69000244140625,248801.0,0,1
2026-05-05,197.0,197.4199981689453,192.91000366210935,194.1300048828125,229040.0,0,1
2026-05-06,195.0500030517578,203.1999969482422,193.41000366210935,201.42999267578125,863978.0,0,1
2026-05-07,215.0,223.4900054931641,208.25999450683597,211.5500030517578,8712846.0,1,0
2026-05-08,213.0,223.0,211.1000061035156,220.3500061035156,1553578.0,0,1
2026-05-11,219.0,219.1000061035156,214.05999755859372,217.33999633789065,664189.0,0,1
2026-05-12,215.33999633789065,218.33999633789065,212.3300018310547,213.8300018310547,879080.0,0,1
2026-05-13,214.8999938964844,221.4900054931641,214.6999969482422,218.75,855316.0,0,1
2026-05-14,220.0,224.4499969482422,218.16000366210935,221.97000122070312,836408.0,0,1
2026-05-15,221.97000122070312,223.4499969482422,217.1000061035156,222.07000732421875,1470264.0,0,1
2026-05-18,222.0,222.07000732421875,212.0200042724609,217.72000122070312,533495.0,0,1
2026-05-19,217.72000122070312,219.6000061035156,213.55999755859372,215.50999450683597,561995.0,0,1
2026-05-20,213.0,215.6499938964844,212.6199951171875,214.6100006103516,142955.0,0,1
2026-05-21,216.0,220.9499969482422,215.4199981689453,217.97000122070312,350375.0,0,1
2026-05-22,219.97000122070312,223.4900054931641,217.50999450683597,217.94000244140625,620164.0,0,1
2026-05-25,219.3000030517578,225.3999938964844,217.1499938964844,218.3600006103516,647270.0,0,1
2026-05-26,218.4900054931641,220.38999938964844,217.3000030517578,217.75999450683597,117138.0,0,1
2026-05-27,218.05999755859372,220.0,215.94000244140625,218.33999633789065,305005.0,0,1
2026-05-28,218.33999633789065,218.33999633789065,218.33999633789065,218.33999633789065,0.0,0,1
2026-05-29,220.3999938964844,222.5,217.0,218.05999755859372,486286.0,0,1
2026-06-01,220.3000030517578,220.3000030517578,213.5500030517578,215.1100006103516,170846.0,0,1
2026-06-02,212.00999450683597,216.32000732421875,212.00999450683597,215.00999450683597,138550.0,0,1
2026-06-03,215.00999450683597,217.0,213.1499938964844,214.8600006103516,136858.0,0,1
2026-06-04,214.8600006103516,216.8600006103516,212.5500030517578,213.6499938964844,105992.0,0,1
2026-06-05,214.47999572753903,216.5,209.66000366210935,210.88999938964844,149179.0,0,1
2026-06-08,206.8500061035156,212.4499969482422,206.8500061035156,210.6699981689453,187899.0,0,1
2026-06-09,211.0,211.9900054931641,207.4600067138672,209.72999572753903,209543.0,0,1
2026-06-10,209.72999572753903,217.5,209.72999572753903,214.3999938964844,1088173.0,0,1
2026-06-11,214.3000030517578,216.8999938964844,211.1199951171875,216.0399932861328,261708.0,0,1
2026-06-12,220.5,220.5,213.6000061035156,216.5,246624.0,0,1
2026-06-15,220.0,221.4499969482422,214.55999755859372,216.4499969482422,1130540.0,0,1
2026-06-16,217.6999969482422,219.8999938964844,215.3000030517578,215.67999267578125,364025.0,0,1
2026-06-17,217.38999938964844,219.2400054931641,209.16000366210935,211.1100006103516,502155.0,0,1
2026-06-18,212.5,212.5,208.38999938964844,209.4600067138672,404413.0,0,1
2026-06-19,210.0,214.42999267578125,208.47000122070312,211.1300048828125,613630.0,0,1
2026-06-22,212.0,216.9499969482422,212.0,215.3500061035156,290054.0,0,1
