Date,Open,High,Low,Close,Volume,is_outlier,data_quality
2021-01-01,95.53138503419896,95.53138503419896,92.11463755028898,92.96882629394533,60945.0,0,1
2021-01-04,95.76702618134034,95.76702618134034,93.49901721480092,94.04883575439452,91180.0,0,1
2021-01-05,94.57903052573025,96.83721938824316,94.48084970400647,95.88485717773438,767160.0,0,1
2021-01-06,97.13176627783064,101.71687867310636,96.4248523985892,100.33251190185548,288910.0,0,1
2021-01-07,101.4616041827534,113.30239686891458,100.44051466379008,104.07325744628906,790005.0,1,0
2021-01-08,105.42816528943838,106.81253950204668,101.86415001450436,103.16015625,152005.0,0,1
2021-01-11,104.21071159677356,106.32163292930036,99.32123636123524,104.52489471435548,145725.0,0,1
2021-01-12,105.04526246592648,113.73439632048384,104.5248973664828,111.8983917236328,914020.0,0,1
2021-01-13,111.73147730280203,117.81877782760868,111.73147730280203,116.65040588378906,380900.0,0,1
2021-01-14,116.64060023016889,119.78243150280836,114.16640154858824,115.03041076660156,222040.0,0,1
2021-01-15,115.80603370651662,119.28168844116276,114.323486192488,116.06130981445312,175070.0,0,1
2021-01-18,116.76821570986796,117.17075926545016,112.90965082130266,114.5492935180664,104090.0,0,1
2021-01-19,114.48056433328418,118.42749712707564,114.28420272265532,114.84384155273438,111020.0,0,1
2021-01-20,114.92240203504548,115.64894906441712,114.30384866008652,114.6376724243164,69915.0,0,1
2021-01-21,115.658780175001,117.62242664662604,114.27440581696128,116.63078308105467,143705.0,0,1
2021-01-22,114.676939820049,119.78241688783432,112.55619835173722,113.67547607421876,735960.0,0,1
2021-01-25,116.64059432553196,117.50459600909072,104.76052810498024,106.16453552246094,133265.0,0,1
2021-01-26,116.64059432553196,117.50459600909072,104.76052810498024,106.16453552246094,133265.0,0,1
2021-01-27,106.23326471237294,107.31327619921151,95.62957889946892,97.91722869873048,413635.0,1,0
2021-01-28,99.16414455261004,109.40456096791912,94.4710307911101,105.6736297607422,309125.0,0,1
2021-01-29,107.60781826594106,108.83509723222852,99.16414047602665,99.48814392089844,239690.0,0,1
2021-02-01,97.43613548095638,101.99179467980038,97.2986808276848,98.21177673339844,173490.0,1,0
2021-02-02,99.89068834367136,103.86707522325204,98.23141226136669,101.83470153808594,229255.0,0,1
2021-02-03,103.68054442773148,110.40603288784784,103.57254325980128,108.69766235351562,416570.0,0,1
2021-02-04,109.31618848427796,112.69366259636548,108.99219253013833,110.131103515625,177640.0,0,1
2021-02-05,109.42418485347214,110.91656020602666,105.64416730072642,106.076171875,69805.0,0,1
2021-02-08,107.41144967861275,109.7678266395816,104.46598035008068,106.98926544189452,73455.0,0,1
2021-02-09,107.6078224775448,119.78243179775504,102.11943432104412,104.38744354248048,105890.0,1,0
2021-02-10,105.21217463746392,106.03690250585451,103.29761495890064,105.0354461669922,51575.0,1,0
2021-02-11,105.388891829442,106.72417189374475,103.10124961535978,105.39871215820312,95430.0,0,1
2021-02-12,103.28779669486804,106.81254584566082,103.28779669486804,104.51507568359376,77110.0,0,1
2021-02-15,105.41835222456842,106.44926201722372,101.78560214707773,102.43360900878906,187710.0,0,1
2021-02-16,103.28779374622864,104.82925581243413,102.94415713733882,104.20088958740234,62135.0,0,1
2021-02-17,104.26961207772784,110.57292218475077,102.10960421560712,108.77618408203124,460545.0,0,1
2021-02-18,110.74963932276556,110.74963932276556,99.49794095521408,100.7252197265625,362880.0,1,0
2021-02-19,101.54016266671546,104.72127551376364,97.21032586097571,100.01834106445312,159370.0,1,0
2021-02-22,100.53868818261908,102.65942220969748,97.6521258358599,99.25249481201172,100095.0,0,1
2021-02-23,97.82886609244731,107.96128153206384,97.82886609244731,107.28382110595705,984715.0,1,0
2021-02-24,107.28381808403088,109.97401905326932,104.64271876194022,106.40999603271484,331490.0,1,0
2021-02-25,107.84344165689464,111.1423677482148,106.03689081630836,107.7550811767578,1166260.0,0,1
2021-02-26,106.23325704528422,110.1605494682628,104.7899833720409,108.78600311279295,1206530.0,0,1
2021-03-01,109.84636511033564,109.97400690667214,107.47035501954,108.01036071777344,132895.0,0,1
2021-03-02,107.99073389768522,112.79184884544097,107.99073389768522,111.04420471191406,682685.0,0,1
2021-03-03,112.90967211843925,118.20169876021134,112.90967211843925,116.63078308105467,1084770.0,0,1
2021-03-04,117.03332491750815,118.99697135901478,112.92930355513064,114.62786102294922,270970.0,0,1
2021-03-05,113.89148486665064,115.62930853809738,111.19147121679472,113.45948028564452,133910.0,0,1
2021-03-08,114.87331908947914,116.83696556964118,110.98529995764432,112.03585052490234,112335.0,0,1
2021-03-09,111.53510286957852,112.6936544293648,108.00054120113894,108.84490966796876,158280.0,0,1
2021-03-10,109.70891902926364,109.70891902926364,107.02854596725616,107.49981689453124,255550.0,0,1
2021-03-11,109.70891902926364,109.70891902926364,107.02854596725616,107.49981689453124,255550.0,0,1
2021-03-12,109.6500232908562,109.96420643819376,107.00891629276651,108.3147430419922,177255.0,0,1
2021-03-15,113.89148928461286,113.89148928461286,104.09289061748696,105.02562713623048,2007230.0,0,1
2021-03-16,107.116902995007,107.116902995007,99.55686781899962,100.57796478271484,391945.0,0,1
2021-03-17,101.61868591308594,103.01287284958072,97.7895745109715,99.40958404541016,127600.0,0,1
2021-03-18,102.06051250177508,102.06051250177508,94.4415703215942,100.35214233398438,172315.0,0,1
2021-03-19,99.17394888030542,102.1095977172768,96.4542948232273,100.52886199951172,142115.0,0,1
2021-03-22,100.13614693788288,101.70706257334534,99.16414405886496,99.5176010131836,33090.0,0,1
2021-03-23,98.57505373646455,110.88711793284608,98.57505373646455,108.62892150878906,375465.0,1,0
2021-03-24,107.80418213581486,108.00054376455492,101.33396384602057,102.32560729980467,139395.0,1,0
2021-03-25,102.0899721678066,102.73797153725678,98.2903139649532,100.3619613647461,100140.0,0,1
2021-03-26,101.05904470795804,103.87687949877572,96.21865687376165,97.23975372314452,396225.0,0,1
2021-03-29,101.05904470795804,103.87687949877572,96.21865687376165,97.23975372314452,396225.0,0,1
2021-03-30,97.3968598750678,100.93142943958544,95.54121459905436,100.18524169921876,287445.0,0,1
2021-03-31,98.21176377557632,103.09142579505688,98.20194344714778,102.67906188964844,102065.0,0,1
2021-04-01,103.0914244056554,105.05507058481074,101.72669091039968,104.42670440673828,77155.0,0,1
2021-04-02,103.0914244056554,105.05507058481074,101.72669091039968,104.42670440673828,77155.0,0,1
2021-04-05,106.02708917295077,106.03690950271285,98.20195678243032,100.61724853515624,143545.0,0,1
2021-04-06,100.6172383264154,109.57146053741334,99.40959257258154,106.35108184814452,326630.0,0,1
2021-04-07,107.21510118806658,110.35694023734982,105.61473190834664,109.18856811523438,147105.0,0,1
2021-04-08,109.18854679722811,113.01765841150154,106.2627181340628,109.34564208984376,209380.0,0,1
2021-04-09,109.37508694364892,110.7398203548877,107.34271357297057,108.90380859375,69790.0,0,1
2021-04-12,107.01872004787867,108.45218090376252,99.9103227586127,100.47977447509766,173275.0,1,0
2021-04-13,98.39831293002317,103.99470164067756,98.39831293002317,101.27505493164062,80990.0,1,0
2021-04-14,98.39831293002317,103.99470164067756,98.39831293002317,101.27505493164062,80990.0,0,1
2021-04-15,101.92306113963338,102.58088835814917,98.7615893256862,99.88087463378906,199340.0,0,1
2021-04-16,100.5387040250224,102.75762670553593,99.91033773348676,100.7056121826172,42505.0,0,1
2021-04-19,98.18230524232462,100.22449898913668,97.20048218990138,98.6241226196289,81585.0,0,1
2021-04-20,100.01832822769973,102.48269897145003,99.33104751974558,100.2245101928711,232160.0,0,1
2021-04-21,100.01832822769973,102.48269897145003,99.33104751974558,100.2245101928711,232160.0,0,1
2021-04-22,99.01686740267562,102.8754328463818,99.01686740267562,101.09833526611328,39595.0,0,1
2021-04-23,100.95104461968712,102.8459633855118,99.16412698746244,99.8121337890625,51410.0,0,1
2021-04-26,104.02417328828416,105.84055234481689,99.04632956938735,102.60053253173828,143910.0,0,1
2021-04-27,102.60051904896538,114.67694677541716,102.3943370866046,113.79330444335938,660315.0,1,0
2021-04-28,115.06964916249208,118.59439752225433,114.09764651896056,116.9743881225586,773475.0,1,0
2021-04-29,117.99550759404546,120.77406893286576,113.74421151615353,115.52131652832033,631050.0,0,1
2021-04-30,116.44422958352622,117.01368883515458,111.33875195903136,114.48058319091795,335285.0,0,1
2021-05-03,112.90965655202363,115.85512585338078,112.31074386149044,113.66565704345705,135960.0,0,1
2021-05-04,113.6951243303095,115.148218404717,111.0245641505467,112.72311401367188,190895.0,0,1
2021-05-05,112.00637328873432,115.56056787052933,110.94600261639884,112.93910217285156,129650.0,0,1
2021-05-06,112.71330156414017,114.49039908355536,111.44674879110325,113.05693817138672,199520.0,0,1
2021-05-07,112.89984004935936,113.44966609793092,111.7511087806758,112.51692962646484,123070.0,0,1
2021-05-10,114.48056849418523,126.5373620891804,112.8998327518092,124.06316375732422,5298555.0,1,0
2021-05-11,125.65372647163984,129.40429049871275,122.14861822511016,124.7995376586914,2361380.0,1,0
2021-05-12,125.4180862767118,128.22610855761965,124.2595346675368,126.12500762939452,1083550.0,0,1
2021-05-13,125.4180862767118,128.22610855761965,124.2595346675368,126.12500762939452,1083550.0,0,1
2021-05-14,127.63701810769338,129.92466799924173,120.96061724115812,127.1755599975586,2027085.0,0,1
2021-05-17,131.5642992825793,131.5642992825793,125.77154881420272,127.93155670166016,4161610.0,0,1
2021-05-18,127.627198676489,128.5991940222158,123.51335721602032,124.5344467163086,1059385.0,0,1
2021-05-19,124.69153048224784,126.06607679420408,122.41370124865745,124.56389617919922,842400.0,0,1
2021-05-20,126.5668301348318,127.70574862282449,123.33663096339708,124.9664535522461,529545.0,0,1
2021-05-21,124.97627091944078,126.09554123172532,122.5315333487513,123.30716705322266,268940.0,0,1
2021-05-24,124.23990884241309,125.6733698180138,122.84572169376646,124.61299896240234,605075.0,0,1
2021-05-25,125.28064254362776,126.36064659756865,121.42207695337088,122.96353912353516,1087675.0,0,1
2021-05-26,125.27082304445588,131.5643135806881,124.29882013853658,131.13230895996094,3929835.0,0,1
2021-05-27,131.9570102279332,132.5166565503122,129.98355131616478,131.1028289794922,2332330.0,0,1
2021-05-28,131.5643222400045,131.5643222400045,128.2261290115633,130.0621337890625,698495.0,0,1
2021-05-31,130.1897789692593,130.3664999767813,125.67338567885152,126.9595718383789,958685.0,0,1
2021-06-01,126.95955568233386,128.15738118567276,118.60424563790032,121.0293426513672,601260.0,0,1
2021-06-02,121.74604670689293,135.03992295709082,121.74604670689293,127.25407409667967,1380910.0,0,1
2021-06-03,127.24425714533024,129.20790299645304,124.92714695103368,126.49806213378906,335360.0,0,1
2021-06-04,128.4126380299545,132.43811877556118,126.46863246597312,131.36793518066406,761495.0,0,1
2021-06-07,130.97520315388658,131.56430304067155,129.20793345639666,129.86575317382812,318985.0,0,1
2021-06-08,129.9933839560779,130.58248386080507,125.50645978218331,127.53882598876952,302315.0,0,1
2021-06-09,125.70282877922754,130.18976819712418,125.70282877922754,128.3242950439453,1595760.0,0,1
2021-06-10,129.10973057166223,130.18974191502411,126.85153456917972,127.61735534667967,163965.0,0,1
2021-06-11,128.9625075615674,129.28649609482628,125.3297565440664,127.3523178100586,231685.0,0,1
2021-06-14,127.6075546954928,127.6075546954928,122.92425412321556,125.2315444946289,140645.0,0,1
2021-06-15,126.40974719408187,127.88248211284788,124.78973728529586,125.60465240478516,161815.0,0,1
2021-06-16,125.997364937925,126.37046252395132,123.13044317636351,123.55261993408205,145985.0,0,1
2021-06-17,123.71954601325956,127.69592555866151,122.72790246395016,123.14026641845705,219735.0,0,1
2021-06-18,125.477000223238,125.477000223238,118.88896036542316,121.58897399902344,256965.0,0,1
2021-06-21,119.97879355123597,123.22863347775716,118.40787790964086,121.01953125,135410.0,0,1
2021-06-22,123.74898586595842,127.44064286240832,122.98316503754248,125.76171875,249560.0,0,1
2021-06-23,125.8991736437779,126.96937222333408,121.45151613833266,122.28607177734376,69340.0,0,1
2021-06-24,123.30718263874525,123.91591577146728,120.96062558930484,121.40245056152344,85100.0,0,1
2021-06-25,121.559525218072,124.49518191232596,120.45988805325064,121.83443450927734,201915.0,0,1
2021-06-28,122.13881485248795,128.60903402101394,121.9522660363482,127.13629913330078,426340.0,0,1
2021-06-29,126.262446871533,128.65808246555028,125.67334706459552,127.3031768798828,374015.0,0,1
2021-06-30,128.22612813332017,131.95704466375324,127.8333898270299,130.17994689941406,723155.0,0,1
2021-07-01,130.5824681385248,137.4454167821279,130.38610652106888,135.66830444335938,1469700.0,0,1
2021-07-02,137.828356870067,137.828356870067,134.7159788695705,136.23779296875,646025.0,0,1
2021-07-05,138.43706010952192,143.3363628783446,138.0737903486828,141.66725158691406,1494280.0,0,1
2021-07-06,143.34622588204064,143.34622588204064,138.92802028978596,139.51712036132812,639105.0,0,1
2021-07-07,141.37268561576442,142.95342109354192,138.99667598122576,141.78504943847656,371065.0,0,1
2021-07-08,142.3447193428902,143.14982153536363,137.75960692545297,140.38107299804688,250445.0,0,1
2021-07-09,140.38107167243473,143.48363646353363,137.6123381426957,141.73599243164062,458415.0,0,1
2021-07-12,143.11056558735683,145.84986111359672,142.65893523758692,144.5636749267578,518000.0,0,1
2021-07-13,145.5061634293319,147.185087326072,141.58869930598806,146.07562255859375,940660.0,0,1
2021-07-14,146.29166692539545,147.0771285360468,143.7782017564584,144.76002502441406,154840.0,0,1
2021-07-15,144.75999587736484,150.19928909482067,144.39672613542356,146.8807373046875,598610.0,0,1
2021-07-16,148.4123844458402,148.4123844458402,146.29164293923122,146.6156463623047,318075.0,0,1
2021-07-19,147.66619706377517,150.31713157719338,146.15419599133168,149.47276306152344,844720.0,0,1
2021-07-20,150.21896307993157,153.12516660455094,146.68439325018292,151.23023986816406,985135.0,0,1
2021-07-21,150.21896307993157,153.12516660455094,146.68439325018292,151.23023986816406,985135.0,0,1
2021-07-22,153.21352483710172,154.56843076725497,150.611684173277,152.14334106445312,537990.0,0,1
2021-07-23,152.7716889300449,159.64445101592088,151.63277047455594,156.424072265625,972735.0,0,1
2021-07-26,158.0735297294519,163.45391648444826,157.2978960201253,160.891357421875,2565855.0,0,1
2021-07-27,162.66843746520289,166.61537036303525,160.90116794152752,161.804443359375,1283685.0,0,1
2021-07-28,161.8044707243336,163.9546659874092,160.05682657966915,161.7161102294922,517460.0,0,1
2021-07-29,162.0106450369723,165.5354018022008,162.0106450369723,164.18048095703125,914630.0,0,1
2021-07-30,164.89720355954535,166.61539416075232,161.2546478745892,163.0906524658203,420445.0,0,1
2021-08-02,163.92521593120182,174.76453798759002,163.57175896298082,171.54415893554688,1423165.0,0,1
2021-08-03,176.13904243276463,179.1630591087416,173.68448490175382,177.45469665527344,819240.0,0,1
2021-08-04,179.06487888614734,186.93908835513025,177.4350491529089,178.2892303466797,1693780.0,0,1
2021-08-05,179.23234287365645,182.91620857394955,173.8784610538347,182.346435546875,852785.0,0,1
2021-08-06,183.6628074943748,185.2640508607864,181.5408973396096,182.6018524169922,526850.0,0,1
2021-08-09,180.77465765437688,189.57663216949368,180.77465765437688,183.99681091308597,716190.0,0,1
2021-08-10,185.27387077188536,195.4904511687496,180.7549900253765,182.2874755859375,1583765.0,0,1
2021-08-11,182.7197256070911,186.29553039035207,175.14569167598012,181.94366455078125,781555.0,0,1
2021-08-12,181.94367711092752,191.0108943319767,181.94367711092752,185.05776977539065,598180.0,0,1
2021-08-13,185.86330111840408,189.92047000601588,183.17163284035203,183.7905120849609,541555.0,0,1
2021-08-16,181.5114074762865,189.54713811109968,180.65674057034423,182.6313018798828,738265.0,0,1
2021-08-17,183.5056058350796,183.70207564531927,179.77261948178304,181.8748779296875,590680.0,0,1
2021-08-18,181.8748804283342,183.2108961418785,172.11017932944682,175.1162109375,1077875.0,0,1
2021-08-19,181.8748804283342,183.2108961418785,172.11017932944682,175.1162109375,1077875.0,0,1
2021-08-20,173.0925593324474,177.80791022587775,169.37922406392173,171.0492401123047,380530.0,0,1
2021-08-23,172.89609261061187,177.6016103538132,165.10595199655876,169.9784698486328,660555.0,0,1
2021-08-24,168.96662709929373,177.74896465036272,168.14144484354293,176.50135803222656,337155.0,0,1
2021-08-25,176.82554497397783,180.75500152895512,176.56030245940445,180.2932891845703,361920.0,0,1
2021-08-26,182.6902647583575,183.5743865099862,179.96911182726137,182.552734375,414105.0,0,1
2021-08-27,183.50561288419303,184.4683254841287,180.7549904661192,183.30914306640625,428445.0,0,1
2021-08-30,189.8123756386217,204.98007838551217,187.169814047424,201.65968322753903,2710535.0,1,0
2021-08-31,202.36702276672304,204.13528130339895,192.1504412054433,194.498291015625,1180375.0,0,1
2021-09-01,197.8481382742113,197.8481382742113,190.48040698312067,191.6592559814453,735200.0,0,1
2021-09-02,192.60230332806543,193.1327883370623,189.79274139838745,190.23480224609372,591460.0,0,1
2021-09-03,196.4728076889409,198.43753576583035,191.47257833078197,192.47457885742188,672215.0,0,1
2021-09-06,192.4746140469655,195.4904793914213,189.72400622818367,192.77915954589844,523290.0,0,1
2021-09-07,192.936328461798,195.1171782480201,191.04037269603737,191.95396423339844,440790.0,0,1
2021-09-08,192.54336360865943,201.1292312393328,192.54336360865943,195.32345581054688,1034440.0,0,1
2021-09-09,195.50027209375477,197.6713033274409,193.7221954897581,194.79296875,415980.0,0,1
2021-09-10,195.50027209375477,197.6713033274409,193.7221954897581,194.79296875,415980.0,0,1
2021-09-13,193.93830447259384,199.066245894322,193.93830447259384,195.07785034179688,281900.0,0,1
2021-09-14,196.47283010390584,203.34937915754253,196.47283010390584,200.10757446289065,819575.0,0,1
2021-09-15,203.1528879493251,208.65411761957444,200.59873543085115,205.4712677001953,795625.0,0,1
2021-09-16,211.60120546346948,211.60120546346948,203.74229324585227,204.3218994140625,364460.0,0,1
2021-09-17,206.23755346407785,207.6521603853139,199.4199431568196,205.6088409423828,450140.0,0,1
2021-09-20,201.91511030882344,205.1176268648966,193.280136474254,194.8126220703125,415470.0,0,1
2021-09-21,194.70458754075813,201.38466730793465,190.5786607694601,199.95040893554688,439975.0,0,1
2021-09-22,200.4022829637502,207.21005920467485,200.28440406458904,204.3120880126953,692320.0,0,1
2021-09-23,208.25137085969115,209.8231444251577,203.3493686066542,203.8110809326172,389390.0,0,1
2021-09-24,205.67755930438295,205.67755930438295,200.4022690768536,203.64407348632807,723925.0,0,1
2021-09-27,204.33175655744157,205.31412077166,202.24914921999863,203.3101043701172,984085.0,0,1
2021-09-28,204.33174187761497,213.8999740329792,201.19799786104585,205.95263671875,1417540.0,0,1
2021-09-29,205.1176311245963,210.02945172149907,203.31008474246096,208.78184509277344,895400.0,0,1
2021-09-30,210.2161186800608,215.87453102532425,210.0294670853748,212.6916656494141,681510.0,0,1
2021-10-01,213.11411288285964,215.66825105996745,209.24359515626665,213.8803558349609,788035.0,0,1
2021-10-04,214.64660100681425,225.65891148001865,214.64660100681425,221.05162048339844,923850.0,0,1
2021-10-05,221.99462406375665,222.9966395929604,216.31656104774515,219.224365234375,600750.0,0,1
2021-10-06,218.0848489541037,226.9261266144052,216.8077725163448,217.60348510742188,1036195.0,0,1
2021-10-07,224.76491342489803,233.23288733396924,220.85510842839452,226.35633850097656,1583565.0,0,1
2021-10-08,228.6550415856993,237.712438957644,227.3386774097409,234.3036346435547,1770200.0,0,1
2021-10-11,234.9716929626049,247.55577583591375,227.95761324684156,232.99713134765625,3433405.0,0,1
2021-10-12,239.6968354437984,241.66156360317385,234.1563026339473,237.0346221923828,1247705.0,0,1
2021-10-13,243.3708996118597,243.3708996118597,232.42736359418123,233.0560760498047,1011765.0,0,1
2021-10-14,235.3744413101704,236.2978509608849,226.92610416361575,228.566650390625,758185.0,0,1
2021-10-15,235.3744413101704,236.2978509608849,226.92610416361575,228.566650390625,758185.0,0,1
2021-10-18,233.6061841035033,237.5356404719737,226.9261052791663,235.9638519287109,1524360.0,0,1
2021-10-19,238.7144998952753,241.0525314810733,233.01678455415828,234.8832855224609,915105.0,0,1
2021-10-20,235.76738405934168,238.5180065379713,231.2485032023297,237.42758178710935,644640.0,0,1
2021-10-21,237.6044981652248,239.27520550952505,232.51373767370237,238.0565643310547,840005.0,0,1
2021-10-22,238.79366078877032,238.79366078877032,232.5727194083444,236.3760528564453,533390.0,0,1
2021-10-25,236.1991061063005,238.4005178697205,228.0028020788588,236.75929260253903,1063505.0,0,1
2021-10-26,237.20154165831988,237.24084588894087,232.9363203311081,234.64633178710935,398205.0,0,1
2021-10-27,235.4227342118428,235.86497804650173,227.02004136975796,229.0248870849609,855410.0,0,1
2021-10-28,229.9683644696425,230.94131294861216,218.6370184798481,219.5018615722656,399200.0,0,1
2021-10-29,226.03731346048596,226.03731346048596,213.2514690845691,214.5094146728516,557965.0,0,1
2021-11-01,223.48205422724632,223.48205422724632,211.29570337952765,212.6519317626953,230500.0,0,1
2021-11-02,215.61988533742309,215.61988533742309,209.33015886290343,212.30795288085935,488840.0,0,1
2021-11-03,213.8509191597716,214.2440214576676,205.00598249408804,206.62754821777344,382435.0,0,1
2021-11-04,205.00596735258912,208.3178997052166,205.00596735258912,206.39166259765625,104420.0,0,1
2021-11-05,205.00596735258912,208.3178997052166,205.00596735258912,206.39166259765625,104420.0,0,1
2021-11-08,211.0991752606254,211.29572642556369,202.4704486555692,206.05755615234372,531030.0,0,1
2021-11-09,207.0796033300984,208.72082846117053,204.2197372352857,204.681640625,523530.0,0,1
2021-11-10,204.2197763656056,209.91985003622432,202.490090150694,204.70132446289065,294860.0,0,1
2021-11-11,205.14357121799412,206.39167927019403,196.55414948689585,199.81695556640625,613695.0,0,1
2021-11-12,200.09211971629773,205.0059731966008,198.79485519947016,200.36729431152344,789410.0,0,1
2021-11-15,200.3673019528717,202.39180726462203,194.4411956292953,196.0332794189453,270485.0,0,1
2021-11-16,197.4681403843283,199.59092902678012,193.998960471345,196.288818359375,967870.0,0,1
2021-11-17,196.28879882864305,197.5369218871779,192.62306810888987,193.31100463867188,427740.0,0,1
2021-11-18,193.4092947396333,197.12416713131825,186.726450359179,188.36767578125,517420.0,0,1
2021-11-19,193.4092947396333,197.12416713131825,186.726450359179,188.36767578125,517420.0,0,1
2021-11-22,188.691976717814,188.9769736261228,182.02879248963745,183.67984008789065,311280.0,0,1
2021-11-23,182.79539116131,189.18340214275364,178.24515700199555,186.66751098632807,256385.0,0,1
2021-11-24,188.1022985267988,194.10702786565585,187.55194935595276,190.4707794189453,337010.0,0,1
2021-11-25,190.65752292124324,194.58860586807305,187.70921071112093,191.65011596679688,356665.0,0,1
2021-11-26,190.65754813403348,190.65754813403348,183.28676663400643,184.4857482910156,349375.0,0,1
2021-11-29,183.29656582222984,184.4857250190876,174.73664105102262,179.61117553710938,268330.0,0,1
2021-11-30,177.09528531103496,184.74124051010648,176.63338186105398,177.18373107910156,634990.0,0,1
2021-12-01,179.0804937571227,181.55708033575945,179.0804937571227,180.7413787841797,93825.0,0,1
2021-12-02,182.29414174018316,182.7855270880231,179.53254348877442,182.08775329589844,258690.0,0,1
2021-12-03,183.7191814470793,192.2791069827579,183.7191814470793,189.73373413085935,444410.0,0,1
2021-12-06,191.64028996784864,193.40928025903776,184.76089494336173,185.7731475830078,543995.0,0,1
2021-12-07,187.709188064329,188.67229907125505,183.7781055917776,187.3160858154297,245270.0,0,1
2021-12-08,190.06787806292576,190.06787806292576,185.00661413927887,185.83213806152344,262725.0,0,1
2021-12-09,188.23991291302843,188.27923214282825,184.3678085477204,185.6060943603516,287485.0,0,1
2021-12-10,185.74369459374049,190.36271468763368,185.3505922437513,186.3431854248047,371295.0,0,1
2021-12-13,189.3603135277541,189.3603135277541,183.6602535906449,184.3481903076172,237295.0,0,1
2021-12-14,184.3677816034952,186.97211785116053,184.01398356646425,184.7707061767578,220570.0,0,1
2021-12-15,186.52988837647425,186.52988837647425,180.04359553148888,180.6529235839844,292660.0,0,1
2021-12-16,181.8126157896077,183.1786667354344,179.0608542811808,180.8200225830078,223815.0,0,1
2021-12-17,180.8199906730196,182.1172402291555,171.306762279161,173.4983367919922,335310.0,0,1
2021-12-20,174.34351778377876,176.3090592018412,167.26757167793232,173.6949005126953,1019850.0,0,1
2021-12-21,176.8790975265528,179.78810590887304,171.95542085126476,174.02906799316406,515380.0,0,1
2021-12-22,177.1935936742319,181.81261383740895,175.93564814032564,179.83724975585938,610855.0,0,1
2021-12-23,182.79537050761832,188.6919953627028,181.046039666948,186.7559356689453,642470.0,0,1
2021-12-24,189.6747418371959,190.2840548620294,185.478306821534,186.2645263671875,448145.0,0,1
2021-12-27,186.313687637523,187.79766612767887,181.8125956326245,183.77813720703125,322375.0,0,1
2021-12-28,186.72644496280256,188.1711191840282,183.21794614099971,185.25228881835935,919365.0,0,1
2021-12-29,186.30387799229027,186.95249535905663,184.58402899777656,185.4586944580078,226155.0,0,1
2021-12-30,185.7436557447409,187.06056483725084,183.50293982749147,185.1441650390625,218340.0,0,1
2021-12-31,185.15403537148535,187.7289053796753,185.15403537148535,186.66751098632807,338915.0,0,1
2022-01-03,190.06787521225,192.003934974408,185.45869255090076,186.50042724609372,1147290.0,0,1
2022-01-04,188.29889423384415,188.7116561768157,185.193334858086,186.89352416992188,464025.0,0,1
2022-01-05,187.19819468697588,194.510012498491,185.74369797050156,192.28895568847656,1568015.0,0,1
2022-01-06,191.4437267895428,192.58374434952572,187.9941921895849,191.34544372558597,799715.0,0,1
2022-01-07,192.42651910407588,199.06022177878503,192.31841371991163,195.5419006347656,987710.0,0,1
2022-01-10,198.12660727751785,199.3059292859533,194.09724083647933,195.47311401367188,1142780.0,0,1
2022-01-11,195.7286293613753,195.96448474785157,192.62307014170923,194.52964782714844,539775.0,0,1
2022-01-12,196.1315672097361,196.1315672097361,190.78529189129893,192.8392791748047,484665.0,0,1
2022-01-13,193.6058711829188,198.3231745967068,191.64032934349828,195.77780151367188,1206265.0,0,1
2022-01-14,195.55171389838824,205.39908072330232,194.29376857496948,203.1780242919922,1048395.0,0,1
2022-01-17,206.36219140669812,208.11152208710052,201.1731632092969,205.60546875,1193415.0,0,1
2022-01-18,208.3474094378607,209.1434513858985,195.817081747612,199.0307464599609,2768700.0,0,1
2022-01-19,199.67934793820623,204.41631001248487,196.9669061461768,202.9421539306641,859650.0,0,1
2022-01-20,205.18287101507164,207.3646232268932,200.0921258514155,202.3033599853516,924285.0,0,1
2022-01-21,200.48522736611,201.0748957978962,192.22995929645015,196.53448486328125,613970.0,0,1
2022-01-24,193.0161864258907,194.39207459549337,182.30399029886956,184.3383331298828,604825.0,0,1
2022-01-25,180.25981948491628,185.3505800592132,177.6849647711976,184.1909027099609,368075.0,0,1
2022-01-26,180.25981948491628,185.3505800592132,177.6849647711976,184.1909027099609,368075.0,0,1
2022-01-27,181.8126037481892,187.3161264005455,180.83965522690715,183.96487426757807,468845.0,0,1
2022-01-28,186.7180850056137,188.7928402565055,183.6797038336732,184.78099060058597,370180.0,0,1
2022-01-31,190.65129906891423,191.15277472806304,185.0465137458336,187.77024841308597,158065.0,0,1
2022-02-01,190.16945630177088,190.16945630177088,183.67971116139563,184.50567626953125,292675.0,0,1
2022-02-02,184.6630139284856,187.34740812905605,184.6630139284856,185.91180419921875,255385.0,0,1
2022-02-03,186.7377536665587,188.79283877941785,184.4663422256189,188.51751708984372,561950.0,0,1
2022-02-04,189.38282889052616,190.47428812727,184.17135672405675,184.7220001220703,614010.0,0,1
2022-02-07,184.72199458925272,187.1507370072437,182.1064235231229,182.74557495117188,231580.0,0,1
2022-02-08,182.8733927267374,185.1448041711671,178.2224066736715,182.0081024169922,469375.0,0,1
2022-02-09,183.08974961975017,184.6630295428652,182.1064534187806,183.49290466308597,300265.0,0,1
2022-02-10,182.92260170378657,187.02294529981305,182.33261794733104,186.88528442382807,566540.0,0,1
2022-02-11,184.85965345022427,186.82624550820535,182.46040873886224,183.69937133789065,452140.0,0,1
2022-02-14,177.97660465210976,181.71313305442752,168.93028299654117,170.9656982421875,524785.0,1,0
2022-02-15,171.09349739437067,176.2656287532772,167.35696973785042,174.731689453125,453560.0,0,1
2022-02-16,176.9933023932452,179.94319076646593,173.49277059098188,176.6098175048828,315805.0,0,1
2022-02-17,176.88514430730032,180.33650840183617,175.92151827875824,179.33355712890625,207300.0,0,1
2022-02-18,179.15654595550723,179.15654595550723,174.73171351696,176.4819793701172,219595.0,0,1
2022-02-21,174.63338655299054,175.05619665763038,169.92339001543462,170.9853515625,246330.0,0,1
2022-02-22,161.4768943602829,167.36684367855892,161.4768943602829,165.79356384277344,389295.0,0,1
2022-02-23,165.98041991871474,167.16037248843918,163.8171710402348,164.53497314453125,458635.0,0,1
2022-02-24,164.21045542732352,164.21045542732352,148.8612020773437,150.20831298828125,778140.0,1,0
2022-02-25,153.39420789904418,158.89083008115503,153.39420789904418,155.84262084960938,619590.0,0,1
2022-02-28,154.41678042169127,161.06387026029725,152.65668737509102,159.79541015625,575840.0,0,1
2022-03-01,154.41678042169127,161.06387026029725,152.65668737509102,159.79541015625,575840.0,0,1
2022-03-02,157.43554806265513,163.2271618185922,157.43554806265513,161.1327362060547,370610.0,0,1
2022-03-03,163.0305070535021,168.06497861383113,163.02066448935682,165.94105529785156,558615.0,0,1
2022-03-04,165.19376288702475,167.88799989742293,161.2802481816292,163.06983947753906,417745.0,0,1
2022-03-07,161.26059980186537,161.26059980186537,151.97827994922974,153.54171752929688,537655.0,0,1
2022-03-08,153.54166063591882,166.59982999561757,152.43054638580278,162.7944793701172,2012345.0,0,1
2022-03-09,165.98040292200545,165.98040292200545,161.35891374488597,162.8830108642578,988030.0,0,1
2022-03-10,165.193731783139,168.14361985069505,152.72554541947724,157.3076934814453,934755.0,0,1
2022-03-11,162.04719206097,167.16032852082563,159.93309655086242,166.17703247070312,910810.0,0,1
2022-03-14,168.19279656774998,181.9097738081799,168.19279656774998,178.7632293701172,964429.0,1,0
2022-03-15,180.58232569366857,193.709334843238,179.99235702644006,186.2854461669922,797162.0,0,1
2022-03-16,186.62960910403265,189.2845056632024,178.95989626339136,181.4181365966797,454851.0,0,1
2022-03-17,186.82623311422867,186.82623311422867,178.0257372393659,179.009033203125,507743.0,0,1
2022-03-18,186.82623311422867,186.82623311422867,178.0257372393659,179.009033203125,507743.0,0,1
2022-03-21,179.15655284134522,179.50071249024523,169.12693526260057,169.7169189453125,568205.0,0,1
2022-03-22,170.9951952153193,174.780891410586,162.293033252918,166.52120971679688,714657.0,0,1
2022-03-23,167.75029094663543,168.34025949978502,162.78464352045805,164.01376342773438,458706.0,0,1
2022-03-24,162.7846796132387,163.2271598771843,159.7856233737497,160.2281036376953,466813.0,0,1
2022-03-25,161.457226993886,164.9479313739678,158.90066597195514,162.04721069335938,313438.0,0,1
2022-03-28,162.8830224660986,162.8830224660986,154.86916380112822,156.44244384765625,433926.0,0,1
2022-03-29,162.24385735368887,162.6371697941953,156.4915691368586,158.26150512695312,502314.0,0,1
2022-03-30,162.04721636199503,162.48969665012424,156.83574351403823,157.5240478515625,499607.0,0,1
2022-03-31,160.9163982588384,160.9163982588384,153.4925248225142,154.7707977294922,275684.0,0,1
2022-04-01,157.72067995909984,161.11306332484563,156.54072770331766,159.49061584472656,274767.0,0,1
2022-04-04,164.8987406516573,167.1603245135037,162.2930121828624,166.2261962890625,514729.0,0,1
2022-04-05,170.208553803077,179.64818696650124,168.14362607775226,177.6815948486328,1095587.0,0,1
2022-04-06,176.99326944931917,184.85963698040004,174.04338162516387,181.66392517089844,759186.0,0,1
2022-04-07,182.3030803052046,183.87635997500269,174.04339954853194,174.92835998535156,460915.0,0,1
2022-04-08,176.0100048080424,186.777094280155,175.7641807789809,184.6138458251953,1099674.0,0,1
2022-04-11,185.74461745003796,190.80860109915685,183.7288725549328,186.6295928955078,864163.0,0,1
2022-04-12,187.80955223298915,188.7928483179786,180.23817537935173,181.71311950683597,360881.0,0,1
2022-04-13,182.7947406222463,186.3346126154486,182.45059598651503,184.07302856445312,231247.0,0,1
2022-04-14,182.7947406222463,186.3346126154486,182.45059598651503,184.07302856445312,231247.0,0,1
2022-04-15,182.7947406222463,186.3346126154486,182.45059598651503,184.07302856445312,231247.0,0,1
2022-04-18,183.8763603824612,183.92552818548384,177.63242449625332,178.27157592773438,303355.0,0,1
2022-04-19,178.66488996585286,184.1713538684237,175.76416960806756,177.8782501220703,448175.0,0,1
2022-04-20,179.0582291246697,182.89307798406264,177.38661372061367,180.3365020751953,799818.0,0,1
2022-04-21,182.89306545381584,191.3002496891678,181.0248089588074,189.0386657714844,1238018.0,0,1
2022-04-22,188.3011946666302,192.7260269172821,185.69546612058696,188.84201049804688,603980.0,0,1
2022-04-25,187.4162291325967,187.4162291325967,180.48398912723093,181.46728515625,273950.0,0,1
2022-04-26,183.58135858462057,188.79283033956693,183.23721398999103,187.31788635253903,404922.0,0,1
2022-04-27,187.31786867249733,191.1035638834509,182.8930371290525,186.9737091064453,443031.0,0,1
2022-04-28,188.9894735759991,189.97276949991576,186.383745379182,187.6620330810547,290494.0,0,1
2022-04-29,189.67779775861015,191.69355761635552,184.6138292170682,185.7446136474609,375916.0,0,1
2022-05-02,184.85966885892253,193.2176858020121,179.8940204978348,186.4821014404297,995735.0,0,1
2022-05-03,184.85966885892253,193.2176858020121,179.8940204978348,186.4821014404297,995735.0,0,1
2022-05-04,192.7260174727604,195.5284170957381,176.05915314617795,178.91070556640625,1570418.0,0,1
2022-05-05,183.87638907631936,184.85968527458843,169.91358606168015,173.1092987060547,367856.0,0,1
2022-05-06,170.11023883678146,172.42099085722617,165.3412463707185,170.55271911621094,455256.0,0,1
2022-05-09,171.97849209676963,173.84676380001153,167.25868253973647,169.66775512695312,230664.0,0,1
2022-05-10,170.30685249344083,172.7650923244775,167.1603085104949,168.0944366455078,278162.0,0,1
2022-05-11,168.38947826179827,171.04437506426805,158.3598597836293,161.55557250976562,749815.0,0,1
2022-05-12,157.524031253177,157.91735869310952,148.47771018943658,150.29681396484375,551745.0,1,0
2022-05-13,155.99994491374628,160.08063337590036,153.05005614762004,155.55746459960938,290210.0,0,1
2022-05-16,158.31067472142124,162.63717163149934,156.3932502954527,161.21139526367188,273928.0,0,1
2022-05-17,162.24386162211994,164.80043756439542,156.34408483586105,159.8839569091797,704990.0,0,1
2022-05-18,161.80137283902008,166.8161738407778,160.91639736536345,164.25961303710938,385356.0,0,1
2022-05-19,160.27727558291747,160.27727558291747,157.3765548844992,158.50733947753906,164832.0,0,1
2022-05-20,161.7030455903725,164.1121181082794,160.08061297730885,163.22715759277344,240931.0,0,1
2022-05-23,164.06296300323484,165.4395715644666,159.7856188958444,161.21139526367188,239831.0,0,1
2022-05-24,162.14551570619085,162.7354993488978,155.90159467309414,157.03237915039062,271112.0,0,1
2022-05-25,156.4915559409093,159.58894741336815,154.47581109840425,155.26243591308594,145677.0,0,1
2022-05-26,157.91738826024465,159.785645187021,151.5751152635391,158.8515167236328,158777.0,0,1
2022-05-27,159.98226640016364,161.06389807069417,156.39324177287924,157.22903442382812,114004.0,0,1
2022-05-30,158.2614851942806,165.98036464928342,158.2614851942806,162.78465270996094,345457.0,0,1
2022-05-31,163.71876863319648,167.84860844478445,161.21136106776297,162.93212890625,275747.0,0,1
2022-06-01,164.06296064327938,165.48873699059786,158.60566427563222,159.1956329345703,277284.0,0,1
2022-06-02,158.21234217394957,161.85054987781828,157.72069410628174,159.68728637695312,256922.0,0,1
2022-06-03,161.55556563198357,166.0787190648392,161.26057377673214,162.1947021484375,246309.0,0,1
2022-06-06,162.98131104090697,164.8987352288423,158.40899066937612,163.12879943847656,92312.0,0,1
2022-06-07,161.7521882000823,161.99801219430734,159.14645986285913,160.37557983398438,64985.0,0,1
2022-06-08,161.6539024436348,161.6539024436348,157.8190529528859,159.5889892578125,295951.0,0,1
2022-06-09,161.65387646802168,162.14552452906057,158.8023237155594,161.01473999023438,88373.0,0,1
2022-06-10,160.08058450968372,160.08058450968372,158.3106487895167,158.5564727783203,103268.0,0,1
2022-06-13,152.9025466079465,155.80326716017737,150.24765008563193,151.91925048828125,209875.0,0,1
2022-06-14,151.82090805610264,154.03332422598442,149.46100347645836,150.88677978515625,92969.0,0,1
2022-06-15,150.9851003624927,162.24383630532333,150.9851003624927,159.44143676757812,499522.0,0,1
2022-06-16,160.27723801727367,166.61949382147063,154.1808061977658,156.54071044921875,655741.0,0,1
2022-06-17,156.04907252000496,159.0481283269513,152.41088031330727,153.44334411621094,258403.0,0,1
2022-06-20,154.23000863053107,154.23000863053107,143.56123929760452,144.7903594970703,229916.0,0,1
2022-06-21,146.36361523948327,149.9526396290421,145.57697544064803,148.42852783203125,132887.0,0,1
2022-06-22,148.8710388385221,151.37844715200026,145.52783775649078,146.7569580078125,129817.0,0,1
2022-06-23,147.19941329945183,151.42758924673288,145.13450063024953,150.59178161621094,124837.0,0,1
2022-06-24,151.0342834870878,156.34407630337532,151.0342834870878,155.90159606933594,246589.0,0,1
2022-06-27,158.26150482601707,164.70209730344064,157.0815525028337,162.53884887695312,197007.0,0,1
2022-06-28,162.8830101010839,163.12883415194813,158.31068875657272,161.40806579589844,116729.0,0,1
2022-06-29,160.67057239080052,161.55554785919836,158.9006514618196,161.11306762695312,93841.0,0,1
2022-06-30,160.32643978531405,161.80138400596292,157.42571915215296,159.29397583007812,134782.0,0,1
2022-07-01,159.68728238899195,160.2772660570227,156.24574600126448,159.7364501953125,49422.0,0,1
2022-07-04,162.24383691944826,164.60374127307784,159.343116775306,162.78465270996094,204760.0,0,1
2022-07-05,164.75125910876125,165.83287578065608,157.32737079842892,159.63812255859375,183376.0,0,1
2022-07-06,164.2104293850442,164.2104293850442,159.2939494633363,160.9163818359375,135109.0,0,1
2022-07-07,162.24386249869588,163.12882301985272,160.1297818070944,161.35890197753906,194553.0,0,1
2022-07-08,162.5880143365539,164.65292712134865,159.34313424169636,160.52308654785156,361647.0,0,1
2022-07-11,162.1946977402241,162.5880252045056,158.90066462385226,161.5063934326172,253723.0,0,1
2022-07-12,159.2939708927196,163.37464377513652,158.80232283440873,159.539794921875,247187.0,0,1
2022-07-13,162.24386849009116,162.93217281017644,155.90161117716937,157.57321166992188,184397.0,0,1
2022-07-14,158.50733752013522,159.14648902458086,151.52594380722908,153.14837646484375,221312.0,0,1
2022-07-15,157.27820859886324,157.27820859886324,152.5092315039383,155.85243225097656,123957.0,0,1
2022-07-18,157.62238404058715,163.0305131467564,154.77081605498867,160.67059326171875,411640.0,0,1
2022-07-19,161.26056619505354,162.29303013793768,158.85149366426276,159.68728637695312,376163.0,0,1
2022-07-20,162.14552671529233,164.40711082734612,155.95077306580413,159.68728637695312,838263.0,0,1
2022-07-21,162.1455239792708,174.04341301763262,161.2605634739647,170.306884765625,1702101.0,0,1
2022-07-22,174.53505296356656,177.23911716441054,172.17514838984746,175.42001342773438,1221261.0,0,1
2022-07-25,177.97658997251648,180.38566236086567,175.0267017409278,177.8291015625,550098.0,0,1
2022-07-26,178.36990113359266,178.36990113359266,171.58516425074228,173.0109405517578,348196.0,0,1
2022-07-27,175.02672575058344,176.60000569147832,172.07683711433765,174.19091796875,288804.0,0,1
2022-07-28,176.0151449133063,180.0087688575891,174.63463999135985,176.45887756347656,444823.0,0,1
2022-07-29,178.3817136529389,179.4664067452233,174.97974356731797,175.8179168701172,201855.0,0,1
2022-08-01,180.0580759891013,182.4246601563635,175.07837279717958,177.09983825683594,588460.0,0,1
2022-08-02,176.9025997451535,178.72685225569236,175.52209490490063,176.8040008544922,1251900.0,0,1
2022-08-03,177.0012303098783,190.31330055602515,176.80401746365496,187.94671630859372,2113334.0,0,1
2022-08-04,190.31330763917504,191.20077300339796,181.53720776141128,188.14393615722656,1042698.0,0,1
2022-08-05,187.99601639737293,190.116095963852,186.1717786826367,188.3904571533203,308438.0,0,1
2022-08-08,189.22857979296765,189.22857979296765,185.6787039384496,186.7633819580078,261797.0,0,1
2022-08-09,189.22857979296765,189.22857979296765,185.6787039384496,186.7633819580078,261797.0,0,1
2022-08-10,188.14392423410376,188.24252313144885,183.2628349474517,184.39682006835935,195359.0,0,1
2022-08-11,187.35505173171708,187.7987843712804,183.41073485315465,183.8051605224609,261653.0,0,1
2022-08-12,184.2981801908354,185.8759127900964,182.67115567302577,183.46002197265625,320855.0,0,1
2022-08-15,184.2981801908354,185.8759127900964,182.67115567302577,183.46002197265625,320855.0,0,1
2022-08-16,184.1010073554257,186.02385903394452,182.17815567690684,184.1503143310547,609559.0,0,1
2022-08-17,184.39681197351103,187.1578367663466,182.769787298177,185.8759307861328,662385.0,0,1
2022-08-18,186.36897496985108,188.8834800223701,182.42465803927223,183.65725708007807,480293.0,0,1
2022-08-19,183.657244636699,188.34112067441347,181.58647236989668,186.71409606933597,749466.0,0,1
2022-08-22,187.25642818233808,187.25642818233808,182.52326020804043,183.11489868164065,288196.0,0,1
2022-08-23,180.94553056715557,182.96699590701715,178.87475825873645,179.3677978515625,341513.0,0,1
2022-08-24,179.46642601918958,183.55864894558243,178.97338638726873,179.7622528076172,146253.0,0,1
2022-08-25,182.424660192598,184.8405513318195,180.69902151510044,181.58648681640625,166050.0,0,1
2022-08-26,181.58648164435868,191.05284813841183,181.58648164435868,188.68626403808597,755716.0,0,1
2022-08-29,182.4246664085085,196.13116235254347,177.49427001908936,194.35623168945312,1098794.0,0,1
2022-08-30,196.62421236107772,203.82259447853403,196.32840059921256,197.8568115234375,2124710.0,1,0
2022-08-31,196.62421236107772,203.82259447853403,196.32840059921256,197.8568115234375,2124710.0,0,1
2022-09-01,199.188009646668,207.07664369208055,198.6949700188297,204.9072723388672,1423316.0,0,1
2022-09-02,207.37245116524565,209.04878273450225,202.1462285876083,203.5267333984375,769345.0,0,1
2022-09-05,206.6822227764107,211.41539127574967,202.6392917163183,203.9705047607422,1033196.0,0,1
2022-09-06,204.26630518285424,205.1537855120611,190.41190412615867,194.7013397216797,829026.0,0,1
2022-09-07,192.0882313883837,198.0540135644636,191.44727087982787,196.2790679931641,403267.0,0,1
2022-09-08,206.9887780281848,207.0874911491352,199.0922103203932,201.2637634277344,1206837.0,0,1
2022-09-09,202.3495527614283,203.2872671887528,196.92066232148755,200.77023315429688,451606.0,0,1
2022-09-12,204.7185309567098,208.17327965215145,200.5234789693878,204.669189453125,1297266.0,0,1
2022-09-13,206.00169185035784,206.6926384614579,203.33660345811109,205.3107452392578,534335.0,0,1
2022-09-14,202.3495593108375,208.12393080845743,200.42477383213367,204.4717559814453,648252.0,0,1
2022-09-15,205.6562506253535,205.6562506253535,202.448269848044,204.7185211181641,703879.0,0,1
2022-09-16,205.2120507797062,209.40710244598,199.43769458185764,204.12628173828125,907871.0,0,1
2022-09-19,206.1004313009045,206.1004313009045,197.4142033415736,200.8195953369141,469539.0,0,1
2022-09-20,201.8560379082779,203.08987677079796,199.88189572824584,200.27671813964844,287737.0,0,1
2022-09-21,200.22736963138465,201.0170144265719,185.56935843270807,188.33316040039065,913370.0,0,1
2022-09-22,188.3331607823613,192.42949964636225,187.0993219604925,191.4424285888672,466962.0,0,1
2022-09-23,191.39306775139536,192.03467296135065,183.5458560317776,184.38487243652344,359570.0,0,1
2022-09-26,182.06524013727133,182.46007756810303,173.4777255816614,174.31674194335938,421723.0,0,1
2022-09-27,175.59992832578618,187.24736936695012,173.4777316586901,184.0887451171875,3759643.0,0,1
2022-09-28,185.56932584635416,187.54346761067708,180.68332799195625,185.07579040527344,895859.0,0,1
2022-09-29,186.45770820400176,190.25793762606477,186.0628858236742,188.5305633544922,449464.0,0,1
2022-09-30,187.93830876282257,197.6116073891828,185.66805755566816,196.0323028564453,624918.0,0,1
2022-10-03,196.0323212530841,202.3495700998916,193.95946597379853,201.46121215820312,727818.0,0,1
2022-10-04,203.5834032647751,205.01465326936503,199.48706444792984,201.41184997558597,389216.0,0,1
2022-10-05,203.5834032647751,205.01465326936503,199.48706444792984,201.41184997558597,389216.0,0,1
2022-10-06,204.32369912675992,210.73966069354225,201.46119922156808,205.26141357421875,1498226.0,0,1
2022-10-07,208.46938425085455,212.22025692035305,205.50817136359385,208.8148651123047,717014.0,0,1
2022-10-10,205.31078379469892,215.18149455405947,204.42242585096025,209.7032470703125,1139021.0,0,1
2022-10-11,212.3189711773026,213.20732902363133,202.79372730207373,204.373046875,454414.0,0,1
2022-10-12,204.22500471374585,206.6433409597103,200.8689689959119,204.0769500732422,255173.0,0,1
2022-10-13,201.6092364371319,213.10860668911457,198.69738022059835,207.5316619873047,587635.0,0,1
2022-10-14,212.22027265875576,224.3612494092096,212.22027265875576,220.5610198974609,4246302.0,0,1
2022-10-17,221.99225388111745,228.95110719282016,221.3013072183011,227.5692138671875,2927934.0,0,1
2022-10-18,229.6914140749768,232.6032704541985,225.54571897053336,228.95111083984372,1143128.0,0,1
2022-10-19,229.4940238163389,233.5410212286716,225.6444526672492,229.00048828125,1155488.0,0,1
2022-10-20,229.19789039333716,232.1591034864332,222.23903661225955,225.5457305908203,771308.0,0,1
2022-10-21,225.54571975132475,231.02396672257527,221.15325688663117,225.98989868164065,840614.0,0,1
2022-10-24,234.82417172612992,234.82417172612992,225.05217539792807,229.1485137939453,426387.0,0,1
2022-10-25,228.85243563848533,228.9511337094572,219.37654725764585,220.5116729736328,641500.0,0,1
2022-10-26,228.85243563848533,228.9511337094572,219.37654725764585,220.5116729736328,641500.0,0,1
2022-10-27,226.92763656630424,227.2731174708855,222.1897074043924,223.2261199951172,514333.0,0,1
2022-10-28,223.6702853697033,225.94053652655964,217.2049675749199,219.87005615234372,427088.0,0,1
2022-10-31,221.3013079808183,232.7513372325409,220.75841593619649,226.63150024414065,1571636.0,0,1
2022-11-01,228.21426230631096,235.4356096549392,225.8401277425004,233.3582305908203,925005.0,0,1
2022-11-02,234.3969047396653,236.82050342582625,230.9840808677752,234.001220703125,572728.0,0,1
2022-11-03,229.500271241758,236.8205324763723,227.5218206276049,229.30242919921875,789133.0,0,1
2022-11-04,231.4787222347584,235.4356234695406,230.14326203026727,234.79263305664065,496477.0,0,1
2022-11-07,237.3151359934364,238.4032898270795,233.25932144719687,234.69369506835935,536213.0,0,1
2022-11-08,237.3151359934364,238.4032898270795,233.25932144719687,234.69369506835935,536213.0,0,1
2022-11-09,234.69369378141985,241.7666483781765,233.16039160401408,234.84207153320312,1262139.0,0,1
2022-11-10,232.46794695145817,237.2656957241659,231.13248675036792,236.07861328125,254374.0,0,1
2022-11-11,238.40329762688293,241.8655861816302,236.47431130811407,239.2935943603516,902540.0,0,1
2022-11-14,239.3430625803729,241.7666615896769,232.27010759710987,235.13885498046875,621361.0,0,1
2022-11-15,235.38615160462297,236.0786062795333,227.5218136726403,228.9067230224609,430980.0,0,1
2022-11-16,228.511042354926,233.3582402459148,224.65306975551687,226.03797912597656,721231.0,0,1
2022-11-17,226.9282916346495,228.9562066423157,225.3455401146616,227.818603515625,191261.0,0,1
2022-11-18,228.75834430412195,229.35188550547372,221.2896904766141,224.7025146484375,262100.0,0,1
2022-11-21,224.05953112813563,224.45521521158116,217.6295666586748,218.96502685546875,297972.0,0,1
2022-11-22,219.8058577213574,226.1863578607825,215.2059661333575,216.68980407714844,430421.0,0,1
2022-11-23,217.7779497051533,224.3563071864481,215.89842762157227,217.0854949951172,672562.0,0,1
2022-11-24,217.62954951706317,220.2015411400164,216.1457116794468,217.3327789306641,239677.0,0,1
2022-11-25,219.212317993224,221.28968192895425,217.1844032437131,218.32200622558597,235289.0,0,1
2022-11-28,219.11338294918093,226.2852656867952,217.9263157218309,225.3455047607422,425723.0,0,1
2022-11-29,226.23581536910308,227.02719860096715,218.1241712048508,218.71771240234372,298578.0,0,1
2022-11-30,220.0037111322845,223.0703157456984,217.03603509132185,217.7779541015625,264071.0,0,1
2022-12-01,218.9155430879444,222.7240511088856,218.9155430879444,221.33914184570312,206019.0,0,1
2022-12-02,221.58646564677468,238.30436706183733,220.69616892076732,235.2377777099609,2061024.0,0,1
2022-12-05,239.2935764548584,239.39250501534363,230.3905494088332,232.1711578369141,1285668.0,0,1
2022-12-06,231.7260066289612,232.46792554025987,228.5604889596292,230.04432678222656,297084.0,0,1
2022-12-07,231.1819357873924,231.1819357873924,224.0595170715437,225.5928192138672,169491.0,0,1
2022-12-08,225.59283659211448,230.19272827905232,224.70252475006237,225.9390563964844,209451.0,0,1
2022-12-09,227.3734574867221,235.1883318772788,227.1261511440541,230.58843994140625,499887.0,0,1
2022-12-12,229.7970375326765,247.30632211988865,225.88960066205829,241.51934814453125,880394.0,0,1
2022-12-13,246.5643722095529,246.66330076373723,237.7108100076642,240.87632751464844,842955.0,0,1
2022-12-14,242.3107351956929,259.1770296477529,240.57959091369452,253.9835968017578,3483668.0,0,1
2022-12-15,256.1104143668628,264.0242164651127,252.25244188171771,254.0330352783203,1843315.0,0,1
2022-12-16,255.0222679774744,257.8910454727557,247.8009354277389,250.0761566162109,830728.0,0,1
2022-12-19,251.95568569999577,266.7940805775842,251.8073079399159,262.7382507324219,1618599.0,0,1
2022-12-20,265.0629657814247,271.98754378456493,262.2436672709647,270.157470703125,1537063.0,0,1
2022-12-21,271.98747087940785,271.98747087940785,252.598651629958,257.7920837402344,1186620.0,0,1
2022-12-22,259.1770270100937,263.2823059421581,242.65696762031112,248.1471710205078,978535.0,0,1
2022-12-23,245.22894485631528,247.8009366638317,227.76912441855185,233.3087921142578,953690.0,0,1
2022-12-26,233.3088026168972,253.6868506708903,230.53896864435723,251.01593017578125,942266.0,0,1
2022-12-27,252.2524438922817,256.70395760802785,248.39447137638692,255.0222625732422,345212.0,0,1
2022-12-28,256.15991056232724,261.94685457562764,252.0051521124468,260.01788330078125,548503.0,0,1
2022-12-29,258.97916164124507,262.7876849395373,254.2308924568542,258.3856506347656,277900.0,0,1
2022-12-30,261.5511597070609,262.8371706927384,256.9512681626897,260.0673217773437,436934.0,0,1
2023-01-02,259.77054807437844,265.1123582095049,259.37486402525013,262.2930603027344,477273.0,0,1
2023-01-03,262.2930980034139,263.5791090838729,258.18781879971493,258.97918701171875,177823.0,0,1
2023-01-04,259.4737771364819,262.14469745015714,251.2137551602463,253.09329223632807,407946.0,0,1
2023-01-05,251.263222938042,255.1211955202048,247.15794403408975,249.58154296875,365254.0,0,1
2023-01-06,249.58152547308816,251.9556599580877,240.57956995323855,244.88270568847656,438898.0,0,1
2023-01-09,245.4762403759148,256.40719752955306,245.4267911887922,254.97280883789065,313047.0,0,1
2023-01-10,256.11043890426066,257.05021506896946,250.57078596137103,255.41799926757807,291937.0,0,1
2023-01-11,255.71469727398883,269.06923659003854,255.4179418091343,267.53594970703125,1118535.0,0,1
2023-01-12,269.06928582270814,271.0971856440293,263.08448473928826,265.31024169921875,589418.0,0,1
2023-01-13,265.7059378696248,267.83276635695995,260.314647579363,261.4028015136719,233509.0,0,1
2023-01-16,261.4027397137891,269.0692344452248,261.4027397137891,265.2607116699219,233448.0,0,1
2023-01-17,266.49727432281134,269.06926599136284,261.45221954772154,267.6843566894531,244102.0,0,1
2023-01-18,269.4649617075661,275.8949260627224,265.40913199963865,271.19610595703125,798893.0,0,1
2023-01-19,270.99825561499824,281.92918199947496,270.05847959949705,275.3013610839844,1543023.0,0,1
2023-01-20,277.97230948353763,280.5937504925164,261.1554793724339,263.331787109375,1666289.0,0,1
2023-01-23,264.66721408370864,280.93998216862786,259.2759543701372,278.4669189453125,1468529.0,0,1
2023-01-24,280.9399739583333,283.9076497395833,268.62410739064217,270.8004150390625,531217.0,0,1
2023-01-25,270.94878592503375,276.4390040944898,267.33811985375235,270.4047241210937,688095.0,0,1
2023-01-26,270.94878592503375,276.4390040944898,267.33811985375235,270.4047241210937,688095.0,0,1
2023-01-27,270.948844261626,271.78969193046504,253.7363274983231,259.8695373535156,634049.0,0,1
2023-01-30,259.2264674166838,262.6887558281422,251.65890021224817,255.9620361328125,252020.0,0,1
2023-01-31,257.2504827397027,274.0503248810197,257.2504827397027,272.6131591796875,624643.0,0,1
2023-02-01,274.7441814346713,278.5105035474611,257.3992212493312,264.4858703613281,515011.0,0,1
2023-02-02,267.45929577350967,269.59024200461874,261.5619971307744,263.2469482421875,230875.0,0,1
2023-02-03,263.3955525294168,270.2839901789264,260.62037160070696,261.7106018066406,275145.0,0,1
2023-02-06,262.55313618865733,269.9866906121596,259.2823843412005,267.9548645019531,204388.0,0,1
2023-02-07,269.1937787294213,272.06808026750514,263.0486952365176,265.1300964355469,249477.0,0,1
2023-02-08,266.46814582396144,269.4415675063998,262.55312850986707,263.89117431640625,152078.0,0,1
2023-02-09,264.53542158468963,268.7477691584816,260.27352907950217,261.9089050292969,262565.0,0,1
2023-02-10,262.4540206324991,276.0326590471688,262.4044757010339,268.450439453125,488565.0,0,1
2023-02-13,270.3831362882629,285.8449352806649,269.73890096508154,280.4432373046875,1140099.0,0,1
2023-02-14,282.4750401986214,283.21839556756515,273.75301596856445,276.4290771484375,332447.0,0,1
2023-02-15,277.7175941435042,278.70873469327086,267.9548536788607,270.0362548828125,381305.0,0,1
2023-02-16,270.9778025822567,275.4875099378752,266.6167904971719,269.7884521484375,361475.0,0,1
2023-02-17,271.1760492244909,281.1369992378492,268.6981979527891,270.48223876953125,429628.0,0,1
2023-02-20,270.5813435205345,276.8255162721259,270.5813435205345,272.06805419921875,242143.0,0,1
2023-02-21,272.4645184490972,277.3706760418608,271.72116307123645,273.5547790527344,160903.0,0,1
2023-02-22,273.50525563881246,276.03265202344653,260.6699730059836,262.8504943847656,417071.0,0,1
2023-02-23,264.1884971363113,268.5495396819862,258.2912291096247,264.733642578125,475703.0,0,1
2023-02-24,264.73361775700226,270.333555197444,255.7142336973072,257.349609375,384231.0,0,1
2023-02-27,254.72313124337768,257.7460979394052,242.5320989801604,254.9213714599609,718651.0,0,1
2023-02-28,255.71425371032623,263.64337785638287,250.60988609074397,256.2593688964844,1344456.0,0,1
2023-03-01,257.39922577614675,265.6256806527006,256.70541525764725,264.9814453125,508756.0,0,1
2023-03-02,262.6522317759964,265.87343839211707,254.9213479961897,255.66470336914065,445559.0,0,1
2023-03-03,257.7956588428169,267.3601589427642,257.7956588428169,264.733642578125,615351.0,0,1
2023-03-06,266.0220875663608,267.6079183169394,263.7424766573581,266.86456298828125,265641.0,0,1
2023-03-07,266.0220875663608,267.6079183169394,263.7424766573581,266.86456298828125,265641.0,0,1
2023-03-08,263.6433491431184,278.5104552978055,262.3053035397556,277.22198486328125,657278.0,0,1
2023-03-09,279.9971776461442,282.1776987390852,272.117598955096,275.2397155761719,397811.0,0,1
2023-03-10,270.5318010423688,272.068056658681,266.76544914066426,270.7300109863281,318400.0,0,1
2023-03-13,263.79204583239505,269.49110387605674,258.8363431857327,262.9991455078125,761803.0,0,1
2023-03-14,262.99916210909515,266.2203690327578,259.1832647808528,263.1478271484375,326257.0,0,1
2023-03-15,270.7796021686903,288.42189132618535,270.7796021686903,278.8573913574219,3971823.0,1,0
2023-03-16,285.3493331940403,286.34047365685194,277.51932958726934,281.9794616699219,1509371.0,0,1
2023-03-17,288.37236197272284,288.9174771892904,278.51050116703465,282.07861328125,514107.0,0,1
2023-03-20,282.47504247709395,282.47504247709395,265.2787487540469,267.01324462890625,801437.0,0,1
2023-03-21,269.1938005427651,271.1760817982387,264.63454760573336,269.0451354980469,343920.0,0,1
2023-03-22,269.9866683553036,276.3795367313916,268.8468628204373,275.2892761230469,299960.0,0,1
2023-03-23,275.1901705456917,276.9246665263922,272.8609841793092,273.6043395996094,197694.0,0,1
2023-03-24,275.5370935013879,279.1547507299315,269.09467944470083,270.5813903808594,308980.0,0,1
2023-03-27,272.16717457178817,276.87509172576176,270.680463891586,273.70343017578125,257344.0,0,1
2023-03-28,274.34766326841907,278.5104652392041,272.36538237703684,276.6768493652344,274032.0,0,1
2023-03-29,277.5193344785187,280.49275591936,275.6857185405585,279.3033752441406,775336.0,0,1
2023-03-30,277.5193344785187,280.49275591936,275.6857185405585,279.3033752441406,775336.0,0,1
2023-03-31,280.4927961557026,285.34937915630604,279.6998957566205,283.5653381347656,390117.0,0,1
2023-04-03,285.7457972343785,287.33162810148644,278.16357837435265,280.1954345703125,320201.0,0,1
2023-04-04,285.7457972343785,287.33162810148644,278.16357837435265,280.1954345703125,320201.0,0,1
2023-04-05,279.50165357538907,282.72286057581465,277.9653977202244,280.0963439941406,188901.0,0,1
2023-04-06,285.4484893949668,307.2535823348601,285.20070424792254,302.00054931640625,2656783.0,1,0
2023-04-07,285.4484893949668,307.2535823348601,285.20070424792254,302.00054931640625,2656783.0,0,1
2023-04-10,307.25359349334053,315.182718486717,300.018279035769,304.8252868652344,1404608.0,0,1
2023-04-11,306.0641964934238,312.0110399246215,304.42882059928644,309.582763671875,651103.0,0,1
2023-04-12,311.6641453658375,311.911930493256,302.39697555094506,304.3296813964844,424695.0,0,1
2023-04-13,305.22175996966763,309.23586730210883,301.80231279965426,304.0323791503906,417584.0,0,1
2023-04-14,305.22175996966763,309.23586730210883,301.80231279965426,304.0323791503906,417584.0,0,1
2023-04-17,302.29786514916367,308.24470839799966,300.1669190344392,306.95623779296875,359876.0,0,1
2023-04-18,307.0553560755281,312.2092994672048,290.30508542339663,295.31036376953125,558150.0,0,1
2023-04-19,299.67135744407244,311.2181390372548,297.6890763037078,304.6766052246094,837749.0,0,1
2023-04-20,306.3615443501574,322.1206727522892,305.2712837160156,321.1790771484375,1454278.0,0,1
2023-04-21,321.625093485255,326.6799161041104,313.2003992028985,315.38092041015625,846813.0,0,1
2023-04-24,317.0658543610184,323.60738800880046,312.25881666734176,318.4039001464844,513733.0,0,1
2023-04-25,318.50301912777616,321.5259856811064,314.637577064551,316.6694030761719,499601.0,0,1
2023-04-26,315.18268545262674,319.49415276533546,313.24994933917543,314.3402099609375,229279.0,0,1
2023-04-27,314.53846324534084,325.6887945623532,314.3897982105559,323.8056335449219,472233.0,0,1
2023-04-28,326.481688196628,328.7613295895373,307.94737822594453,323.11181640625,1074563.0,0,1
2023-05-01,326.481688196628,328.7613295895373,307.94737822594453,323.11181640625,1074563.0,0,1
2023-05-02,323.11184785236014,331.73478349822506,322.02158710157545,326.4817199707031,748215.0,0,1
2023-05-03,327.5719670716081,335.94711720908566,325.73835091904203,328.2657775878906,561285.0,0,1
2023-05-04,330.49582856212254,336.9877870670302,328.46397228589285,333.1223449707031,391770.0,0,1
2023-05-05,333.02323897398213,341.7452640863213,327.0763954208753,339.51519775390625,540737.0,0,1
2023-05-08,341.9435000900576,359.7344855994244,340.15945914499355,343.92578125,1181715.0,0,1
2023-05-09,346.40722038044174,350.9234055498608,334.3971072546388,338.26812744140625,415319.0,0,1
2023-05-10,339.6577335276318,343.9257757715129,333.6526621253614,336.08447265625,317057.0,0,1
2023-05-11,337.871085682637,346.10944128796353,334.6452306645476,336.9281616210937,365477.0,0,1
2023-05-12,338.4666317219609,342.4369147920132,335.2407767275434,337.7718200683594,319986.0,0,1
2023-05-15,337.7718372084858,347.1020271292511,334.6948919057414,344.5709533691406,408847.0,0,1
2023-05-16,345.3650201309531,348.9878974734236,338.4666409914704,343.6280212402344,240754.0,0,1
2023-05-17,344.719824881715,349.38491973313074,337.1763110747078,343.6280212402344,245036.0,0,1
2023-05-18,345.2657594284151,367.25119662782856,344.4716846125434,362.983154296875,982052.0,0,1
2023-05-19,366.55637360199415,368.44228229951744,352.6603828084477,365.7623291015625,734116.0,0,1
2023-05-22,368.3926184075152,371.1718346111373,352.5611335233517,354.6455078125,398430.0,0,1
2023-05-23,356.1343771887722,360.8987350195414,350.62562157756884,352.4618835449219,287295.0,0,1
2023-05-24,351.370050988864,361.2957586439167,347.7967901748738,355.9358825683594,331588.0,0,1
2023-05-25,357.3254658363276,370.57629125259575,357.3254658363276,362.1890563964844,663109.0,0,1
2023-05-26,364.7201269724323,370.0800028579894,360.9979867337322,367.3504333496094,433638.0,0,1
2023-05-29,369.73261594361566,387.10260461210765,366.5563773278917,385.4152221679688,745310.0,0,1
2023-05-30,386.7055268787881,386.7055268787881,379.26124708886346,381.1471252441406,320827.0,0,1
2023-05-31,382.1397153285727,389.3358528250199,378.1694325719122,385.3655700683594,484312.0,0,1
2023-06-01,386.90408380087945,395.04317643677376,374.1991897403611,376.2339477539063,691108.0,0,1
2023-06-02,379.06276088175065,383.1323069882424,372.90884044660805,374.89398193359375,524633.0,0,1
2023-06-05,378.1198355941556,383.1323057158053,368.7400299829577,369.9807434082031,364413.0,0,1
2023-06-06,370.6259230999529,379.70793967648126,362.288334608236,374.44732666015625,630266.0,0,1
2023-06-07,376.8791159476598,383.4300584921336,371.4199769666952,374.248779296875,629742.0,0,1
2023-06-08,376.7302114703047,384.472281400781,375.1917389428335,380.3531188964844,516094.0,0,1
2023-06-09,382.6360181193669,392.0654400963682,378.8146147336744,387.54925537109375,714531.0,0,1
2023-06-12,389.53441701330206,389.98105569240937,380.7997759235296,382.8345642089844,301874.0,0,1
2023-06-13,386.1100107956213,412.9094202852916,385.46484588459634,408.8398742675781,1235019.0,0,1
2023-06-14,414.8945801652144,426.6565497998397,412.9094386333234,417.3760070800781,1157515.0,0,1
2023-06-15,418.8648746033144,418.8648746033144,401.2467430293599,405.3659057617188,826176.0,0,1
2023-06-16,431.76830505771807,436.63189599904734,413.15760225350607,420.7507629394531,3081220.0,0,1
2023-06-19,426.1602818000312,436.2348694271512,422.2396149982793,428.7905883789063,1152975.0,0,1
2023-06-20,429.2868653264865,474.1014302960398,427.00396463300046,455.5403747558594,3594964.0,1,0
2023-06-21,458.56770728712553,486.3596895469513,455.7388744632219,465.9623718261719,2535307.0,0,1
2023-06-22,466.508265963476,468.44379109817766,449.684179149089,452.9100341796875,864178.0,0,1
2023-06-23,454.5974536150223,454.5974536150223,421.8426152541146,426.408447265625,622524.0,0,1
2023-06-26,426.8054261121926,449.6345535554029,426.6565465566037,447.0538635253906,481185.0,0,1
2023-06-27,451.024167460573,464.52313645856606,441.6940079573972,456.4833068847656,606905.0,0,1
2023-06-28,460.55287216268425,471.3718883169549,445.11840763650656,446.5576171875,375173.0,0,1
2023-06-29,460.55287216268425,471.3718883169549,445.11840763650656,446.5576171875,375173.0,0,1
2023-06-30,442.68653953182593,455.0440570678341,434.2496884420938,441.3962097167969,326863.0,0,1
2023-07-03,443.6791369293844,445.06872995779287,432.5623321204041,435.5896911621094,365936.0,0,1
2023-07-04,438.6170233867946,451.222684459804,435.7385741713963,442.83544921875,270965.0,0,1
2023-07-05,444.82055936649766,448.49308312419,438.56737598540457,441.0984191894531,194251.0,0,1
2023-07-06,441.0984382969543,448.04643359507736,441.0984382969543,445.3168640136719,221731.0,0,1
2023-07-07,444.4235811102033,447.64943624947335,437.4755854256217,443.5302734375,174949.0,0,1
2023-07-10,445.66428785349785,447.1035276254922,432.7608674924834,436.8304138183594,260618.0,0,1
2023-07-11,436.7311278738388,443.4309804037216,434.79560280441945,440.65179443359375,324465.0,0,1
2023-07-12,442.5872934701308,466.4586382955875,439.21255896226415,460.3046875,702704.0,0,1
2023-07-13,466.50829852874665,471.4711527684141,437.2274585147083,453.2078552246094,541825.0,0,1
2023-07-14,455.5899623368272,468.9896671114397,454.3988653516308,463.6297912597656,428672.0,0,1
2023-07-17,470.2800055080402,484.2752590303391,468.49339028853615,479.85833740234375,684974.0,0,1
2023-07-18,482.38938793758,490.7269762388238,472.860702611506,485.1189575195313,458842.0,0,1
2023-07-19,487.9478000718937,495.1935546282529,477.7739496067988,492.7121276855469,528893.0,0,1
2023-07-20,493.9032098907685,500.3549197479065,490.5780918293032,492.8609924316406,687755.0,0,1
2023-07-21,494.2010007981553,505.0200165811848,477.4761765726227,500.9505004882813,1861098.0,0,1
2023-07-24,509.1887420346631,540.951002746377,506.2110300929399,516.8811645507812,1285452.0,0,1
2023-07-25,525.9632868390721,544.9213647309045,524.2262879533179,536.6334228515625,1075754.0,0,1
2023-07-26,540.9511121762692,564.7728125289857,540.7525858903199,557.1300048828125,1120556.0,0,1
2023-07-27,563.4328688606729,570.728240396533,543.9288273692176,559.4625854492188,535250.0,0,1
2023-07-28,559.5121984765784,561.4477237442478,528.2958332273108,538.0726318359375,735455.0,0,1
2023-07-31,542.8370010528804,560.2566066787105,531.6705794232823,558.66845703125,508327.0,0,1
2023-08-01,563.7802555804428,565.2194954619126,549.3879779291816,556.683349609375,238366.0,0,1
2023-08-02,556.6833163061092,560.7528929889332,532.0179558327434,544.8221435546875,363238.0,0,1
2023-08-03,545.268725675016,555.8396285579546,539.8592634695981,553.8048706054688,246716.0,0,1
2023-08-04,556.5840535026255,563.7801915104615,552.4152441955368,558.9662475585938,266207.0,0,1
2023-08-07,561.7950981892179,590.1826001194494,559.8099564995033,584.82275390625,905173.0,0,1
2023-08-08,586.609263874732,590.5299301235693,576.7827900441482,583.830078125,301956.0,0,1
2023-08-09,581.2991012213017,594.9965658614569,559.3136342236584,565.41796875,604079.0,0,1
2023-08-10,566.757876873224,587.05596006147,561.4972642129841,566.2119750976562,479931.0,0,1
2023-08-11,568.594128250389,580.6042706394699,566.7578966009162,576.7828369140625,243381.0,0,1
2023-08-14,579.7108942547043,586.857415275885,572.7628994861102,580.455322265625,320916.0,0,1
2023-08-15,579.7108942547043,586.857415275885,572.7628994861102,580.455322265625,320916.0,0,1
2023-08-16,583.3834987314794,594.9469730028243,581.2494472384401,591.0263061523438,590528.0,0,1
2023-08-17,594.0040343287401,613.3591658069618,594.0040343287401,608.4955444335938,486715.0,0,1
2023-08-18,611.9199104655883,615.5924346155447,593.9047258517985,599.11572265625,327629.0,0,1
2023-08-21,601.8949983013241,645.0718310387675,601.8949983013241,644.4266357421875,1416354.0,0,1
2023-08-22,649.1412356005866,684.873780679518,643.1858114207647,646.2627563476562,1237747.0,0,1
2023-08-23,652.1189816714796,660.0099312372712,637.2800368671791,647.1561279296875,614665.0,0,1
2023-08-24,654.4019330547757,674.9481612564247,654.1041739235056,662.6402587890625,745336.0,0,1
2023-08-25,665.0223525109654,672.9629179140815,646.2131260959932,649.587890625,537563.0,0,1
2023-08-28,652.8634421103283,664.0794800066753,649.9353461411151,653.806396484375,410909.0,0,1
2023-08-29,657.0818199832621,664.9727693637534,644.1784005576088,648.7442016601562,413217.0,0,1
2023-08-30,653.1115648603131,661.9454689216557,650.2330854025602,652.4663696289062,384635.0,0,1
2023-08-31,656.0892922189288,739.465238582605,653.6078652438193,708.000732421875,1122814.0,1,0
2023-09-01,722.2937545104851,747.3561662123569,702.7400984128805,707.8021850585938,903515.0,1,0
2023-09-04,712.1199181504503,726.5618108815484,702.7401121641205,711.9710083007812,528732.0,0,1
2023-09-05,716.3382978312085,724.5270062379532,702.8392997450042,714.998291015625,681906.0,0,1
2023-09-06,718.6213012531308,724.378200113677,677.1318515015449,707.3059692382812,720904.0,0,1
2023-09-07,704.7252245168274,722.5914978144372,700.9534678258964,707.6533203125,536023.0,0,1
2023-09-08,711.2265745942582,720.1597115426852,709.7377184361869,714.7998657226562,451321.0,0,1
2023-09-11,718.4226446566224,734.9985870964074,716.6856459700341,723.385498046875,508759.0,0,1
2023-09-12,729.3410577810008,729.9366366476395,593.1603233049462,651.3250122070312,1584025.0,1,0
2023-09-13,655.0967272945418,692.8144176539245,615.4435117609006,686.7100830078125,976841.0,1,0
2023-09-14,692.6159007568178,716.9835020842067,690.0352408773365,708.149658203125,653608.0,1,0
2023-09-15,712.6658204022441,719.316056747967,662.9380485316528,684.2783203125,4892792.0,0,1
2023-09-18,690.7796767994622,700.0601897674186,683.0376364917399,690.3330078125,279352.0,0,1
2023-09-19,690.7796767994622,700.0601897674186,683.0376364917399,690.3330078125,279352.0,0,1
2023-09-20,685.8664523706381,688.4967893367287,645.1710478160851,648.8931884765625,585429.0,0,1
2023-09-21,646.7591362096543,654.3027109554948,618.1731080854522,623.4833984375,455016.0,0,1
2023-09-22,623.5329469750789,651.6226866201222,623.5329469750789,641.2999267578125,423290.0,0,1
2023-09-25,638.5208378204552,644.5258795547528,620.4560356079669,633.5579833984375,351713.0,0,1
2023-09-26,633.5579046332539,648.7442251602905,626.4113830376743,632.8134765625,203976.0,0,1
2023-09-27,635.9897126877743,644.1784214348271,622.3914811975382,639.7118530273438,345357.0,0,1
2023-09-28,642.8880822933454,653.1115488288841,633.6075094981945,638.4711303710938,186812.0,0,1
2023-09-29,642.5903760037723,649.141319212682,634.2527568454187,638.9674682617188,168177.0,0,1
2023-10-02,642.5903760037723,649.141319212682,634.2527568454187,638.9674682617188,168177.0,0,1
2023-10-03,642.193278534364,655.0470819289443,628.8431897622456,636.2378540039062,266502.0,0,1
2023-10-04,640.555553278773,641.151132118709,609.5377152106965,626.8084716796875,272449.0,0,1
2023-10-05,629.9351077789408,637.2304792195624,621.498255639741,626.36181640625,201272.0,0,1
2023-10-06,629.5380481939206,650.1338928924209,626.5107192822913,647.6524658203125,254106.0,0,1
2023-10-09,616.3864079139607,638.9177750377853,616.3864079139607,626.7091674804688,164877.0,0,1
2023-10-10,629.0417359286052,646.2628148412633,629.0417359286052,639.3148193359375,214639.0,0,1
2023-10-11,642.54072172089,652.9130993199166,640.2082044335478,644.3770141601562,203213.0,0,1
2023-10-12,647.6027907600668,669.9852488075933,637.3296472626577,662.0942993164062,324481.0,0,1
2023-10-13,659.910678762618,673.9555799560972,652.5160746938615,667.156494140625,261261.0,0,1
2023-10-16,673.7570052516977,677.4295291008943,649.637548419832,652.8634033203125,276189.0,0,1
2023-10-17,659.0669629551082,679.9109482292909,656.5855361367531,676.4369506835938,374627.0,0,1
2023-10-18,681.4990522089114,681.4990522089114,654.6500255577831,670.2333984375,288812.0,0,1
2023-10-19,670.6801378449977,681.5984172338023,625.3692541487723,643.1859130859375,542942.0,0,1
2023-10-20,648.1486845830639,657.0818211240248,637.2304065885559,642.9873046875,295946.0,0,1
2023-10-23,644.7242767465951,651.0271369494867,607.5028760347791,615.6419677734375,314533.0,0,1
2023-10-24,644.7242767465951,651.0271369494867,607.5028760347791,615.6419677734375,314533.0,0,1
2023-10-25,619.3641136921366,644.8731926704779,611.423548131981,624.9224853515625,406723.0,0,1
2023-10-26,624.277378055513,624.277378055513,579.1650258772657,598.073486328125,474721.0,0,1
2023-10-27,607.4036954599924,647.2057591463864,600.505316484857,613.2598266601562,790266.0,0,1
2023-10-30,617.3359908000815,634.3861388419053,611.420608548868,627.4268798828125,440551.0,0,1
2023-10-31,630.6082668395287,640.2518235223562,622.4559799319863,636.4242553710938,490977.0,0,1
2023-11-01,636.4242921442408,648.9509347084659,627.327521717414,639.5062255859375,412444.0,0,1
2023-11-02,647.9567077636718,663.1676471102869,645.2227132161458,656.15869140625,764289.0,0,1
2023-11-03,663.5156770353944,680.8143705616376,657.401446493579,674.2528076171875,560428.0,0,1
2023-11-06,679.5716071647958,688.9666186459519,669.6795057711964,677.3843994140625,457936.0,0,1
2023-11-07,677.0364624839781,688.9666204132112,671.1210803747491,687.873046875,791005.0,0,1
2023-11-08,688.8672986609481,694.4346820041861,681.2617979146293,686.9783325195312,778944.0,0,1
2023-11-09,672.0158822794409,715.8094925708833,670.9222480356152,683.7471923828125,1765945.0,0,1
2023-11-10,689.563107598388,709.7450067434904,681.0131853102571,699.8529052734375,809039.0,0,1
2023-11-13,702.8851678832526,702.8851678832526,686.332048780652,692.69482421875,368507.0,0,1
2023-11-14,702.8851678832526,702.8851678832526,686.332048780652,692.69482421875,368507.0,0,1
2023-11-15,701.8413095867608,710.5403836751442,693.9375672790444,706.7625122070312,480622.0,0,1
2023-11-16,707.8560540735243,715.8094928833391,698.4113454868691,711.584228515625,432884.0,0,1
2023-11-17,715.1135776680017,738.5265017754255,660.632532218475,720.2833251953125,2301641.0,0,1
2023-11-20,720.6312280772484,773.1736686883552,720.6312280772484,767.3079833984375,1275554.0,1,0
2023-11-21,777.4486144179199,789.3787721839238,751.6496361129524,765.22021484375,1095848.0,0,1
2023-11-22,765.2699827534788,770.390033542085,751.2520703488346,762.1880493164062,568210.0,0,1
2023-11-23,763.5301494731597,777.6972127934624,751.5999908876415,756.4714965820312,682912.0,0,1
2023-11-24,755.5767256140588,760.2990801491467,750.60582610344,755.7755737304688,327943.0,0,1
2023-11-27,755.5767256140588,760.2990801491467,750.60582610344,755.7755737304688,327943.0,0,1
2023-11-28,755.7755322141755,774.466101211406,755.7755322141755,763.6295166015625,476184.0,0,1
2023-11-29,770.4894046824162,792.8584519151316,765.6178990130996,783.4634399414062,439734.0,0,1
2023-11-30,786.3961878896096,806.926024146305,782.9165587396556,795.7911987304688,2399840.0,0,1
2023-12-01,803.7943650264555,809.9582918973362,786.3962185973114,790.9694213867188,284935.0,0,1
2023-12-04,803.9932808830855,809.2127252517294,779.7352675454187,784.9547119140625,314695.0,0,1
2023-12-05,788.0366270146081,789.5775935378703,769.6939979347001,781.3756103515625,348917.0,0,1
2023-12-06,786.9926647981997,789.0804786784175,765.1704678581887,767.1090698242188,453423.0,0,1
2023-12-07,766.6120715694116,768.6004313044431,751.1525867655266,757.3662109375,218309.0,0,1
2023-12-08,750.7051995344749,761.8897231311145,728.9326966743045,734.6492309570312,392691.0,0,1
2023-12-11,734.6492506060994,735.693127367054,718.8417658947559,728.584716796875,270732.0,0,1
2023-12-12,734.5498222766039,751.1526393626622,729.728073853494,732.5614624023438,261254.0,0,1
2023-12-13,739.6201627644934,746.6291190564011,727.7397005982498,743.0997924804688,288129.0,0,1
2023-12-14,753.5883618884047,754.5328449264928,729.7280443615952,741.658203125,261548.0,0,1
2023-12-15,747.4741760547635,762.4863298065178,745.7343611308135,756.272705078125,274632.0,0,1
2023-12-18,766.214390814789,766.5126326214593,745.6348566356608,753.2403564453125,480139.0,0,1
2023-12-19,752.9421358161882,765.5185360373438,743.6465778648482,749.3134155273438,250053.0,0,1
2023-12-20,753.638084050748,765.0711532495443,706.9613241857643,711.3854370117188,312218.0,0,1
2023-12-21,705.867677194342,725.4033350675342,692.0983108618856,719.1399536132812,287133.0,0,1
2023-12-22,719.9354149803712,735.1463556550445,711.8328243419384,720.1839599609375,263498.0,0,1
2023-12-25,719.9354149803712,735.1463556550445,711.8328243419384,720.1839599609375,263498.0,0,1
2023-12-26,725.6518781605558,729.429749357599,710.341484591582,720.4324340820312,201139.0,0,1
2023-12-27,720.4821062948168,725.552398954283,708.8501906102498,715.1632080078125,126805.0,0,1
2023-12-28,720.4821558915344,720.4821558915344,699.9026206760136,705.5694580078125,227869.0,0,1
2023-12-29,698.2621237340375,724.7570383660241,697.9141850932083,721.4762573242188,206696.0,0,1
2024-01-01,715.8094807826736,724.5582511895886,705.8676824384698,707.5578002929688,183636.0,0,1
2024-01-02,707.5577890695664,713.7714129361323,698.1130807923864,700.1014404296875,188120.0,0,1
2024-01-03,702.8851666523656,717.7978646718641,697.9142673125327,712.8269653320312,153476.0,0,1
2024-01-04,707.856107999214,736.6873258812044,707.856107999214,731.517578125,297146.0,0,1
2024-01-05,736.6872688411144,751.3017247719225,723.3155377227912,734.5000610351562,331148.0,0,1
2024-01-08,736.687250625711,787.3904217214077,725.1050313877648,768.401611328125,1003390.0,0,1
2024-01-09,770.0917614094863,782.9664038379776,765.6179516553337,779.6359252929688,564308.0,0,1
2024-01-10,770.1413855321946,800.81180726149,760.5475264494597,793.60400390625,825192.0,0,1
2024-01-11,793.4051806613605,801.3089222412877,778.9895734994516,789.8758544921875,252161.0,0,1
2024-01-12,789.527962625483,791.367171100418,770.5390908305718,776.007080078125,298043.0,0,1
2024-01-15,779.4370140528766,784.9547001668836,764.5243160799262,775.3609008789062,477546.0,0,1
2024-01-16,782.2207020913202,783.2148819518022,757.6147505443886,771.7321166992188,489766.0,0,1
2024-01-17,761.6909857080018,781.4254332555244,751.9479737468785,757.8136596679688,377948.0,0,1
2024-01-18,756.769652207598,775.2613716368029,726.2980180194527,745.6348266601562,1032782.0,0,1
2024-01-19,758.559269162741,772.8257265585103,742.7517843669337,764.3255004882812,830188.0,0,1
2024-01-22,758.559269162741,772.8257265585103,742.7517843669337,764.3255004882812,830188.0,0,1
2024-01-23,761.4920423046356,773.4718969530791,717.7978272495155,732.6608276367188,632550.0,0,1
2024-01-24,734.6989233970396,745.4360538492659,719.587377248017,723.3155517578125,276427.0,0,1
2024-01-25,726.9939861420579,744.640677771489,725.8009582339433,732.4619750976562,409195.0,0,1
2024-01-26,726.9939861420579,744.640677771489,725.8009582339433,732.4619750976562,409195.0,0,1
2024-01-29,735.3451267620393,745.1377736987877,728.9326547990277,743.1494140625,286952.0,0,1
2024-01-30,748.418571530586,760.299032756389,738.0791376009562,744.5910034179688,241580.0,0,1
2024-01-31,744.5909844812905,761.5417381888041,744.5909844812905,759.006591796875,245710.0,0,1
2024-02-01,760.4979395806937,770.3900418899908,743.0003366350205,765.369384765625,376818.0,0,1
2024-02-02,773.4221817349581,775.3110869328144,759.0065747432683,766.5623168945312,581639.0,0,1
2024-02-05,760.5475834707545,774.2175563762746,742.4038012507006,752.4947509765625,596981.0,0,1
2024-02-06,762.7844934739776,766.7612128925451,732.412311050653,738.1288452148438,297906.0,0,1
2024-02-07,736.6872468909438,743.6465056335034,721.9733976855164,730.72216796875,513718.0,0,1
2024-02-08,736.1901523811453,739.6697817306848,718.5434606799092,724.9559326171875,179669.0,0,1
2024-02-09,720.9792906089556,724.7571621715324,692.7942534498844,699.2067260742188,283654.0,0,1
2024-02-12,720.7306607416251,720.7306607416251,677.732384236771,703.7799072265625,595584.0,0,1
2024-02-13,702.8354632542511,734.3509769114876,693.9375413827711,727.8390502929688,306215.0,0,1
2024-02-14,722.6693897369502,735.6931220856861,714.5171024643399,726.2484130859375,186242.0,0,1
2024-02-15,725.7512711254667,743.6465079477384,725.7512711254667,734.9971313476562,193422.0,0,1
2024-02-16,722.917950535345,722.917950535345,707.3590105705713,717.201416015625,468404.0,0,1
2024-02-19,713.8708534222751,749.6116323806532,711.8824936546872,741.90673828125,360633.0,0,1
2024-02-20,749.6115887963495,782.4195230540147,748.2197127679952,756.6205444335938,1034772.0,0,1
2024-02-21,758.7581221724348,770.4894330165729,745.883480155721,753.3895263671875,581510.0,0,1
2024-02-22,760.9452814527907,760.9452814527907,726.8946215907015,734.5000610351562,333031.0,0,1
2024-02-23,743.6464605702802,766.5622919050788,742.6522808101595,746.7283935546875,352386.0,0,1
2024-02-26,752.9421352761091,772.4777949017732,747.8221451155398,760.4482421875,795975.0,0,1
2024-02-27,758.5592463670066,800.3148012128968,753.6380438384704,769.544921875,1512662.0,0,1
2024-02-28,775.4603023606685,784.3085275185483,737.6814671174565,743.0003051757812,749836.0,0,1
2024-02-29,740.8628796169326,785.4021273617128,736.8861599847214,777.5978393554688,986757.0,0,1
2024-03-01,785.402097560422,793.8029296006923,764.5243202834995,769.9923095703125,330362.0,0,1
2024-03-04,785.0541976272744,785.4021363270942,750.6555360080305,753.58837890625,290792.0,0,1
2024-03-05,750.6058221975536,756.5212047203936,731.070162950508,741.658203125,427149.0,0,1
2024-03-06,745.5851418899011,747.6231983131488,705.8676473435314,717.7481079101562,549076.0,0,1
2024-03-07,723.7629458849693,734.4503794952212,714.4176308282214,719.8856201171875,369852.0,0,1
2024-03-08,723.7629458849693,734.4503794952212,714.4176308282214,719.8856201171875,369852.0,0,1
2024-03-11,720.2336055054295,729.9268590568853,706.9612680808674,725.5027465820312,405522.0,0,1
2024-03-12,729.032022551723,729.032022551723,676.7381902512461,683.6974487304688,386100.0,0,1
2024-03-13,673.4574378261843,680.963483370056,608.4380529896371,623.2015991210938,1404433.0,1,0
2024-03-14,626.7310236406568,633.7399796924086,598.5459874990372,615.1488037109375,2017845.0,1,0
2024-03-15,618.3799013149142,632.0498750176152,607.5930736105713,615.7453002929688,1692857.0,0,1
2024-03-18,616.391510058438,643.2840629983901,608.7363130394697,623.3507690429688,877021.0,0,1
2024-03-19,627.3274983106384,644.6759491875433,621.8595090226693,634.237060546875,534305.0,0,1
2024-03-20,637.6670455688994,670.7732258388813,634.2371125980611,660.384033203125,634879.0,0,1
2024-03-21,662.2232024652176,675.7440854181744,656.3078806457194,661.378173828125,295727.0,0,1
2024-03-22,661.1296239604062,680.0190417878464,659.0915673307989,677.8815307617188,246235.0,0,1
2024-03-25,661.1296239604062,680.0190417878464,659.0915673307989,677.8815307617188,246235.0,0,1
2024-03-26,678.7762803489793,678.7762803489793,646.7139807645713,651.8837280273438,310781.0,0,1
2024-03-27,658.5447407698679,701.0956251708856,654.2200221204208,691.3029174804688,1430516.0,0,1
2024-03-28,691.3029810638044,697.6657568050337,678.5277934014043,687.2268676757812,463609.0,0,1
2024-03-29,691.3029810638044,697.6657568050337,678.5277934014043,687.2268676757812,463609.0,0,1
2024-04-01,694.931668058659,715.8094434938977,691.9491287107678,710.043212890625,364583.0,0,1
2024-04-02,710.8386340010676,716.356320352783,695.9259353856605,712.7276000976562,276088.0,0,1
2024-04-03,705.9671284246377,713.5229321336695,700.0518065157623,704.37646484375,338461.0,0,1
2024-04-04,709.5461379513451,714.8152787743376,698.7095538203505,703.7799072265625,264044.0,0,1
2024-04-05,707.6572248598908,707.7566792556222,680.4664294748821,686.6800537109375,439601.0,0,1
2024-04-08,693.9374946530338,709.8443713212981,688.9665956942011,694.3848876953125,349696.0,0,1
2024-04-09,694.3849740862194,700.8968403964708,681.013242087351,685.08935546875,259709.0,0,1
2024-04-10,685.1390781960844,701.0956528924033,684.1448983311433,686.2823486328125,211255.0,0,1
2024-04-11,685.1390781960844,701.0956528924033,684.1448983311433,686.2823486328125,211255.0,0,1
2024-04-12,686.282379430266,696.2738753853148,682.0571148146546,684.8905639648438,234821.0,0,1
2024-04-15,669.0830460107854,719.8856126023394,652.1819883849557,702.1395263671875,1689665.0,0,1
2024-04-16,703.779944244356,725.5524466800176,703.2828543164196,720.7803955078125,938719.0,0,1
2024-04-17,703.779944244356,725.5524466800176,703.2828543164196,720.7803955078125,938719.0,0,1
2024-04-18,727.7396110473462,760.3486962369813,721.7745322682697,727.1431274414062,3423032.0,0,1
2024-04-19,725.8009475590071,785.4020384344125,713.3240032616341,768.0535888671875,2612146.0,0,1
2024-04-22,729.7280604359499,763.381026417054,715.9089352919633,743.0997924804688,1992526.0,0,1
2024-04-23,750.3075374683756,760.5475776855429,731.8157560343426,752.9420776367188,720062.0,0,1
2024-04-24,756.5211714909709,777.3989484098943,755.4772947810093,763.828369140625,725004.0,0,1
2024-04-25,764.2757843847545,774.4164313184299,747.6232713591355,756.4714965820312,328243.0,0,1
2024-04-26,763.5301891487383,768.5010888176754,752.097119910183,755.4773559570312,280798.0,0,1
2024-04-29,760.5475659866282,775.3608696484016,756.2726048758902,760.0504760742188,358459.0,0,1
2024-04-30,766.5127161854759,766.5127161854759,742.6523981719203,746.5297241210938,505551.0,0,1
2024-05-01,766.5127161854759,766.5127161854759,742.6523981719203,746.5297241210938,505551.0,0,1
2024-05-02,754.8807734540295,769.4952298784027,745.6349126728709,753.0415649414062,928956.0,0,1
2024-05-03,759.5036795987448,762.4365221804585,731.7163417142377,740.1668701171875,543610.0,0,1
2024-05-06,743.4476154120549,744.9388850581128,692.9432955348793,697.6656494140625,666777.0,0,1
2024-05-07,702.6863143841784,721.1780962268735,692.9433638717511,718.195556640625,633685.0,0,1
2024-05-08,717.797889282313,717.797889282313,697.0195050574338,701.3939208984375,322377.0,0,1
2024-05-09,704.9232111101092,704.9729079666672,679.2733830941308,680.9635009765625,404220.0,0,1
2024-05-10,690.3224771492366,695.5495531319981,665.6805475162184,690.6212158203125,344625.0,0,1
2024-05-13,688.9285859437267,706.4019410419879,665.0831523834362,685.991455078125,311304.0,0,1
2024-05-14,687.6840398628334,707.2980310897767,685.0455868983191,701.772216796875,222045.0,0,1
2024-05-15,706.8997715811904,714.0683447988414,699.2333816229893,711.9774780273438,150091.0,0,1
2024-05-16,717.6525573310305,719.2456072649894,700.1294334379712,706.999267578125,162927.0,0,1
2024-05-17,713.4708611804929,722.8298393305201,710.1852831554456,716.1093139648438,191394.0,0,1
2024-05-20,713.4708611804929,722.8298393305201,710.1852831554456,716.1093139648438,191394.0,0,1
2024-05-21,740.7512661252899,740.7512661252899,720.9381367158263,733.483154296875,397901.0,0,1
2024-05-22,733.4831519037336,736.0717744855808,716.6569228158033,723.1285400390625,191771.0,0,1
2024-05-23,729.2516857209608,729.7992719295266,707.895337437781,712.226318359375,159047.0,0,1
2024-05-24,707.3975268379708,713.5704660379977,693.0106121327879,698.08837890625,541235.0,0,1
2024-05-27,702.1207049724483,703.8132939523136,686.9870647262007,695.1015014648438,533582.0,0,1
2024-05-28,696.9433747893046,703.0167141764412,677.0307069381815,682.9049682617188,494299.0,0,1
2024-05-29,678.0263903153837,683.2036964920787,672.0525895196535,676.3338012695312,776314.0,0,1
2024-05-30,681.0132699539413,681.0132699539413,665.3320433431597,667.0744018554688,571694.0,0,1
2024-05-31,676.0351379789379,678.3250828463451,656.8691933455144,663.2412719726562,487227.0,0,1
2024-06-03,696.9433803185582,718.449037460932,682.008879311732,706.2027587890625,936259.0,0,1
2024-06-04,701.9215301044541,701.9215301044541,608.8795789602849,631.48046875,816349.0,1,0
2024-06-05,637.2053912084824,671.5547443283147,614.4053614968473,663.4403076171875,510543.0,1,0
2024-06-06,672.0027595402147,705.9040638521657,669.0656289261711,695.0516357421875,514815.0,1,0
2024-06-07,695.798452044379,713.8692245034953,695.798452044379,708.293701171875,309846.0,0,1
2024-06-10,712.6744385233208,717.801975293739,694.4543578475025,697.4910278320312,290965.0,0,1
2024-06-11,701.9215853882379,718.8473541139116,698.1381904150512,710.4840087890625,321830.0,0,1
2024-06-12,719.8429435074734,753.3460315065288,713.4210959656082,742.941650390625,1409115.0,0,1
2024-06-13,748.6666098230189,754.5408109125317,741.2491282196772,750.1102905273438,479574.0,0,1
2024-06-14,749.761707505088,753.6447020093027,736.1215179935144,741.896240234375,340486.0,0,1
2024-06-17,749.761707505088,753.6447020093027,736.1215179935144,741.896240234375,340486.0,0,1
2024-06-18,711.8778940887304,816.4194030108516,711.8778940887304,805.76611328125,3723816.0,1,0
2024-06-19,831.403672148988,859.7294549971804,816.4194013870155,840.61328125,6131325.0,1,0
2024-06-20,842.3058785614953,880.1399487569289,828.3670105947566,868.142578125,2778825.0,0,1
2024-06-21,867.395874416704,925.939109165022,857.0412622218099,895.1740112304688,3511868.0,0,1
2024-06-24,891.0919661249434,964.6693047303156,880.139997826201,892.8840942382812,4422563.0,0,1
2024-06-25,892.8840909492328,924.9435010957308,881.6832143213244,915.1365356445312,1751493.0,0,1
2024-06-26,915.9330119728191,916.9784149501412,894.3277537773771,904.9312744140624,496239.0,0,1
2024-06-27,894.6761632041364,923.8980404214587,876.704992201194,880.6377563476562,1260581.0,0,1
2024-06-28,884.5207803204488,900.0526378160113,884.122502633427,886.11376953125,417194.0,0,1
2024-07-01,886.1635430415001,914.9373741521058,880.0902032832411,908.1172485351562,580466.0,0,1
2024-07-02,912.0001900871042,923.6491129657438,902.7408116646204,911.7512817382812,1374776.0,0,1
2024-07-03,915.7836219976224,960.736495926664,905.777518122626,954.7626953125,1827999.0,0,1
2024-07-04,954.8124578402782,972.3355818727472,941.9189927887064,955.0115966796876,1708687.0,0,1
2024-07-05,957.7994160867868,994.0902689020162,940.8736467796398,979.8527221679688,1486128.0,0,1
2024-07-08,991.1033202994048,993.4928040949368,937.8867007616929,954.165283203125,1761890.0,0,1
2024-07-09,963.7234025929027,967.1583501224412,913.6928221191504,928.0299072265624,1035799.0,0,1
2024-07-10,934.8998042374038,934.8998042374038,886.1137654646319,901.89453125,669656.0,0,1
2024-07-11,911.0046233063812,922.0561304947712,886.1137866040209,889.847412109375,506541.0,0,1
2024-07-12,898.0613628770715,942.8648676769252,877.8002466805946,916.3810424804688,1428790.0,0,1
2024-07-15,919.9653302131647,921.4587804245498,897.1652993452291,909.6107177734376,669889.0,0,1
2024-07-16,915.9329575247318,919.915491120562,896.0700590618006,905.9766235351562,445125.0,0,1
2024-07-17,915.9329575247318,919.915491120562,896.0700590618006,905.9766235351562,445125.0,0,1
2024-07-18,905.97665878053,910.506778768295,881.1355923564146,883.425537109375,539711.0,0,1
2024-07-19,881.1355755185019,881.1355755185019,841.8080554812354,859.6796875,799844.0,0,1
2024-07-22,846.2884269092498,890.0962984198462,841.3102596921366,885.4168090820312,414663.0,0,1
2024-07-23,885.4167457126462,896.7172209479024,826.1267905539454,885.0682983398438,655486.0,0,1
2024-07-24,885.1181339731767,895.9705628479089,871.1792657216305,887.0596313476562,663220.0,0,1
2024-07-25,874.1661723015815,875.1120362362743,861.4220762486357,870.3330078125,514338.0,0,1
2024-07-26,869.2874986555478,871.627273610562,830.5573957933316,837.5765991210938,722066.0,0,1
2024-07-29,853.2579017895359,876.1574720826039,831.8517817329723,838.3731689453125,613517.0,0,1
2024-07-30,842.206311070783,858.0866150671434,835.336416354689,853.9547729492188,276656.0,0,1
2024-07-31,860.2273574398432,860.9243130544613,837.7260642957506,854.1041870117188,510466.0,0,1
2024-08-01,866.1015580551547,866.1015580551547,838.3233606340515,844.0980224609375,254334.0,0,1
2024-08-02,837.9748983140962,914.389763852039,831.3539117157297,883.3259887695312,5200543.0,0,1
2024-08-05,868.988882236448,869.0386517563207,833.5443549395402,841.1111450195312,1366196.0,0,1
2024-08-06,856.2448002951752,872.8221221897435,852.5111747124928,857.091064453125,720447.0,0,1
2024-08-07,876.1573937929664,934.8997645131768,875.510207774186,927.6316528320312,4045323.0,1,0
2024-08-08,928.9260465465072,949.2369940581978,920.3137925470584,929.4736328125,1595963.0,0,1
2024-08-09,936.791514138543,942.367037012566,920.4631016567536,930.7678833007812,586436.0,0,1
2024-08-12,929.42380578985,938.8823233635012,909.5111372137416,923.6989135742188,532511.0,0,1
2024-08-13,923.6989885150814,945.6526952476444,908.3164386383038,921.9068603515624,725367.0,0,1
2024-08-14,926.0386384454516,945.353951493266,904.0351637239448,930.2700805664062,1019171.0,0,1
2024-08-15,926.0386384454516,945.353951493266,904.0351637239448,930.2700805664062,1019171.0,0,1
2024-08-16,944.8561130063464,953.7670442448024,920.8613719571612,928.4281616210938,508331.0,0,1
2024-08-19,933.8543955975716,946.6482609721376,930.9172648008883,943.8107299804688,371457.0,0,1
2024-08-20,950.8299553284716,970.7426245500102,911.0046168853942,920.463134765625,1626436.0,0,1
2024-08-21,916.9783573714816,939.5294780898648,912.5975461232716,923.0516967773438,424863.0,0,1
2024-08-22,923.947841677302,956.803745530051,916.0325435954112,952.9705810546876,1411310.0,0,1
2024-08-23,959.7906686032766,975.1234484050192,945.9513390120164,962.5784301757812,1258853.0,0,1
2024-08-26,965.7644189375518,965.7644189375518,936.3932330007912,946.5487060546876,494443.0,0,1
2024-08-27,951.029124272323,958.3967756562754,933.9539855670068,943.711181640625,389262.0,0,1
2024-08-28,952.821224140706,958.7950249190176,937.8867221949268,944.706787109375,331751.0,0,1
2024-08-29,944.20894779723,974.7251370174396,937.8866997655036,960.2884521484376,974677.0,0,1
2024-08-30,963.2753414755998,979.3050153570392,951.8255570549596,963.723388671875,502176.0,0,1
2024-09-02,970.9417815270992,972.1863233766858,940.276282507018,954.5635986328124,609236.0,0,1
2024-09-03,950.8299347530044,1006.5356378485448,947.4447567511386,972.8832397460938,3013769.0,0,1
2024-09-04,965.7644303976016,995.533894363706,958.7949963638044,989.60986328125,1130409.0,0,1
2024-09-05,995.5836700274396,1007.7801796618742,978.2098543536388,985.4779663085938,933258.0,0,1
2024-09-06,985.6771081149194,994.239531413309,960.2386858117428,964.5198974609376,655085.0,0,1
2024-09-09,956.803713820064,977.712015578879,940.8238096295548,969.7469482421876,520149.0,0,1
2024-09-10,975.7207830996272,987.1207982803872,959.840417384226,964.6194458007812,281109.0,0,1
2024-09-11,965.664891340366,979.7032984435328,955.8080960424712,967.0089721679688,348925.0,0,1
2024-09-12,975.7207222781616,980.6988892285603,956.2561016558302,977.2141723632812,265135.0,0,1
2024-09-13,987.3199099047924,1019.2299490124916,974.7748922924692,1004.6936645507812,1026232.0,0,1
2024-09-16,1015.9941938394984,1030.9286352270458,980.6989749233012,983.28759765625,584311.0,0,1
2024-09-17,984.6814435483712,987.6683437815816,967.8054450770042,985.1792602539062,321331.0,0,1
2024-09-18,986.6727494130212,1034.1644163853937,967.755713854144,1017.2387084960938,1004703.0,0,1
2024-09-19,1010.5679699430084,1019.8771185606412,979.8028714766943,998.3714599609376,482505.0,0,1
2024-09-20,999.6657703007122,1020.5243035862776,984.8308681048884,1005.7889404296876,1474809.0,0,1
2024-09-23,1005.5897978534848,1020.4247607629394,993.6919658142618,1011.5635986328124,390647.0,0,1
2024-09-24,1020.5242670720218,1020.5242670720218,985.7268664947156,990.5557250976562,236498.0,0,1
2024-09-25,986.7225383414705,1003.996815508062,982.3417875344276,997.4255981445312,505928.0,0,1
2024-09-26,1001.6072651571296,1012.061416533024,992.347886092209,1005.4404296875,211394.0,0,1
2024-09-27,1010.5679750510188,1017.5374093617156,998.8195122238592,1014.2518310546876,361639.0,0,1
2024-09-30,1012.26047022319,1018.8316262277816,987.4194052231622,1004.5443115234376,371817.0,0,1
2024-10-01,1012.8578031236564,1014.5006224721096,991.9495026018584,1007.5311889648438,269554.0,0,1
2024-10-02,1012.8578031236564,1014.5006224721096,991.9495026018584,1007.5311889648438,269554.0,0,1
2024-10-03,994.3889325843114,1009.2736651807292,972.2858572982956,980.3505249023438,388310.0,0,1
2024-10-04,975.7207693420144,992.5469987534308,943.1137742441052,955.1111450195312,466749.0,0,1
2024-10-07,960.7862715454676,979.7033069437722,887.1093968362816,902.8403930664062,1029828.0,0,1
2024-10-08,884.2219920525225,916.6796771268528,870.4324938663564,912.6971435546876,412094.0,1,0
2024-10-09,912.6972201213136,929.9216671121676,899.6046155970193,922.553955078125,506314.0,0,1
2024-10-10,920.9609588891576,971.4395879247032,919.4675086855536,963.1758422851562,522349.0,0,1
2024-10-11,961.7819407396448,1019.5286825231848,960.8360767808408,994.9365234375,1635497.0,0,1
2024-10-14,999.0187145107872,1029.4850764104456,985.5278314806252,1023.66064453125,865423.0,0,1
2024-10-15,1053.6789532485202,1059.403845719127,1031.5261084709546,1043.3243408203125,2014070.0,0,1
2024-10-16,1044.6184098255237,1050.2437622784105,1007.6804387001332,1034.9608154296875,595032.0,0,1
2024-10-17,1038.34609700879,1039.5408084736953,1012.0613509453505,1026.050048828125,339540.0,0,1
2024-10-18,1016.0936915430444,1024.0089895175454,995.8325754161972,1016.4421997070312,329409.0,0,1
2024-10-21,1019.5286764346708,1025.402938233305,980.9976488727176,987.7679443359376,385298.0,0,1
2024-10-22,989.3609575792052,989.4604966153554,935.945199426446,944.756591796875,529600.0,0,1
2024-10-23,941.8692014098752,971.6386645356772,936.0447702963507,940.5748901367188,266369.0,0,1
2024-10-24,940.8736179945398,970.7426217403982,922.753076901657,944.0098876953124,1253337.0,0,1
2024-10-25,947.8430270313644,953.7172885861794,898.111124961442,902.7408447265624,437248.0,0,1
2024-10-28,902.740870557287,912.5478358332364,873.4692225186454,877.5015258789062,343996.0,0,1
2024-10-29,880.9862765242608,886.2133523895109,856.2945779240468,879.7915649414062,232989.0,0,1
2024-10-30,888.6028636547442,915.7338754582084,879.3932541434765,905.2797241210938,300563.0,0,1
2024-10-31,906.9741839720158,930.3973314388164,901.1432788459706,917.8385009765624,258835.0,0,1
2024-11-01,931.9422539035104,939.4675508454604,923.071335387748,931.4937133789062,46942.0,0,1
2024-11-04,934.93240892495,936.9756925342753,905.1301681441884,911.8580932617188,165612.0,0,1
2024-11-05,909.0174303582372,921.9749156593964,906.1268900722204,916.6922607421876,148481.0,0,1
2024-11-06,920.4299866610996,946.793497474986,916.5427167797184,945.4478759765624,199938.0,0,1
2024-11-07,944.8997638683552,973.80492542129,936.92592619858,958.6047973632812,231964.0,0,1
2024-11-08,966.8277697178136,976.4960595821018,951.228926212373,959.5018310546876,247166.0,0,1
2024-11-11,959.5018650226629,978.1905467999528,952.873588218096,961.7445068359376,251246.0,0,1
2024-11-12,960.847371171747,969.1202150012404,932.0418602951378,940.7632446289062,100856.0,0,1
2024-11-13,933.9357395965582,935.6301922730756,901.7912064034002,919.7821655273438,225466.0,0,1
2024-11-14,919.9814902563954,940.8629891200078,919.9814902563954,929.6497802734376,135410.0,0,1
2024-11-15,919.9814902563954,940.8629891200078,919.9814902563954,929.6497802734376,135410.0,0,1
2024-11-18,931.7927300411224,955.2657630017392,931.7927300411224,937.52392578125,198120.0,0,1
2024-11-19,952.82375564927,980.4830044401376,936.5770739320149,943.7534790039062,627377.0,0,1
2024-11-20,952.82375564927,980.4830044401376,936.5770739320149,943.7534790039062,627377.0,0,1
2024-11-21,943.9030224134845,970.7150755786694,939.1685563559722,960.4985961914062,237553.0,0,1
2024-11-22,962.1929856580608,979.6357553010554,954.71751295392,960.3490600585938,254292.0,0,1
2024-11-25,968.821283080104,974.7518370520776,960.3490805017284,969.7681884765624,461599.0,0,1
2024-11-26,973.8049124869036,973.8049124869036,949.7837511599844,963.139892578125,155954.0,0,1
2024-11-27,964.2362654195572,977.9412977897488,958.2558876580188,972.1602172851562,123260.0,0,1
2024-11-28,977.7918286367276,993.4404969807968,964.8343426303284,973.7052612304688,259539.0,0,1
2024-11-29,972.060551934177,978.6888281734074,956.2624119534444,963.0401611328124,120580.0,0,1
2024-12-02,954.8670468124608,971.911100244934,951.1791347777032,964.3858032226562,286148.0,0,1
2024-12-03,966.7281589515092,983.5230300377452,952.2256931692598,960.6480712890624,313560.0,0,1
2024-12-04,963.7877799875068,975.449529455924,961.8441449368454,966.4290771484376,224574.0,0,1
2024-12-05,975.9976760428596,977.7917772284624,956.1627318647596,964.9838256835938,317993.0,0,1
2024-12-06,966.8277798608684,972.9576916653408,962.3923206624378,965.5320434570312,185423.0,0,1
2024-12-09,961.8441152611384,990.6496265705368,958.8539263017774,971.1635131835938,648309.0,0,1
2024-12-10,971.711748386964,975.0507683399296,961.8441006368844,964.8342895507812,170379.0,0,1
2024-12-11,966.7281134820864,991.5964696226362,961.844113854718,972.409423828125,432791.0,0,1
2024-12-12,977.243584596928,978.7885033669044,961.8440995407972,970.116943359375,160610.0,0,1
2024-12-13,967.8244941677448,968.0736765812792,939.916063851888,951.1292724609376,241310.0,0,1
2024-12-16,950.880112865902,957.3588557732692,934.9822623337903,937.872802734375,174350.0,0,1
2024-12-17,937.9226246752036,944.7501986183742,916.5925852846074,918.9349365234376,316892.0,0,1
2024-12-18,919.981428489024,924.1677050111214,894.1162829857387,897.5051879882812,491526.0,0,1
2024-12-19,897.0567527948795,914.997887850777,891.1760230812246,903.1367797851562,248248.0,0,1
2024-12-20,904.9309006518268,910.9611030476876,878.1188479301806,888.3353271484375,209249.0,0,1
2024-12-23,887.0894096785294,925.7126845381284,886.7904029435008,916.1441040039062,412930.0,0,1
2024-12-24,920.9283829766716,941.1619829394756,897.0566954149092,904.6817016601562,600901.0,0,1
2024-12-25,920.9283829766716,941.1619829394756,897.0566954149092,904.6817016601562,600901.0,0,1
2024-12-26,905.0305201131292,908.1203576867844,883.2021164942424,887.787109375,124082.0,0,1
2024-12-27,895.8107723414498,919.3335677315785,885.0959286110792,907.9708862304688,214433.0,0,1
2024-12-30,926.4602229723844,926.4602229723844,892.571414385982,898.153076171875,198879.0,0,1
2024-12-31,895.1130344367516,904.083601130627,886.0926434283534,890.9267578125,154334.0,0,1
2025-01-01,893.0199554746342,917.240474165689,893.0199554746342,906.2266235351562,146516.0,0,1
2025-01-02,913.3033243035356,923.9185189241372,905.030480754497,911.957763671875,150178.0,0,1
2025-01-03,918.0876924906044,924.9651516810748,910.7119292910309,914.3998413085938,362185.0,0,1
2025-01-06,911.0108830365988,921.2273617577424,897.056668197964,902.8875122070312,456823.0,0,1
2025-01-07,905.4790592883612,919.6824567471956,903.08688380318,910.4627075195312,152389.0,0,1
2025-01-08,916.9913236418174,920.4300532725848,897.056729649604,900.2462768554688,595239.0,0,1
2025-01-09,906.5754732318984,916.891661977614,892.42189953143,900.74462890625,283541.0,0,1
2025-01-10,901.1432389939368,994.7361760883751,894.5648477347863,953.9699096679688,19290089.0,1,0
2025-01-13,955.9634592874072,991.7460809128568,888.086189038548,914.1506958007812,4287010.0,0,1
2025-01-14,924.1179720412612,950.1824173740866,913.702134437556,935.6301879882812,1040130.0,0,1
2025-01-15,944.8997140367826,965.6316787177368,935.978971447068,947.2420043945312,863318.0,0,1
2025-01-16,951.8269934431712,995.7329224512122,951.8269934431712,987.1610717773438,999581.0,0,1
2025-01-17,993.7394969532636,1010.783550249836,966.03042384926,981.3302001953124,929403.0,0,1
2025-01-20,981.3301566133016,1016.664234580285,947.9895379298088,953.0230712890624,2040068.0,0,1
2025-01-21,957.4584902265768,964.2363006054208,920.2804859527984,932.93896484375,600785.0,0,1
2025-01-22,926.9585937652188,935.3809716498732,872.1384618758779,893.16943359375,470423.0,0,1
2025-01-23,893.0697528234962,894.4153134963209,847.2201896205041,852.253662109375,859291.0,0,1
2025-01-24,855.1940300976745,862.1213132545032,792.8984276721446,801.6198120117188,834996.0,0,1
2025-01-27,807.3510363114647,810.5405834368424,752.0325393790125,768.6281127929688,1127665.0,0,1
2025-01-28,768.4786220572305,778.196736927604,721.2336085070388,739.1747436523438,805545.0,0,1
2025-01-29,739.5733954929206,781.4360405208217,739.5733954929206,772.4156494140625,387653.0,0,1
2025-01-30,772.4654551743456,786.0708388158291,750.0888630476694,753.8265991210938,274423.0,0,1
2025-01-31,754.9728544237424,785.9711209261217,749.5406658881616,781.3363647460938,302763.0,0,1
2025-02-03,782.4327791341145,782.4327791341145,745.0554170735677,747.5472412109375,465694.0,0,1
2025-02-04,756.7670043744706,772.1664899924673,742.56360653142,748.4443359375,479067.0,0,1
2025-02-05,753.5276287653128,771.369114150987,745.8527981570744,756.2188110351562,333709.0,0,1
2025-02-06,760.5545850117214,765.3388754020558,748.6436529359718,756.468017578125,155858.0,0,1
2025-02-07,762.2987987341021,762.2987987341021,733.5929979384046,740.3209228515625,212413.0,0,1
2025-02-10,740.3209363592165,743.6599563020799,698.8071227293235,713.1102294921875,734886.0,0,1
2025-02-11,714.5056175290896,719.6387995052094,661.379939926632,669.1544189453125,845969.0,0,1
2025-02-12,673.7394467948161,674.5368183805011,634.4184483179741,668.7557983398438,944710.0,0,1
2025-02-13,669.2541254360667,678.6233475016122,657.8913832654242,660.931396484375,380115.0,0,1
2025-02-14,665.7157915890089,666.8121699258166,618.8694956450427,630.232177734375,428437.0,0,1
2025-02-17,636.5115606843049,681.46410655666,616.0786018792943,642.1929321289062,3312790.0,0,1
2025-02-18,647.8742817953384,658.8383081026442,626.6937764289523,646.1300048828125,614162.0,0,1
2025-02-19,646.9274005369014,699.0563517538441,642.8906574132774,685.351318359375,820752.0,0,1
2025-02-20,679.8692884680939,713.558800225112,669.9019916963256,697.6609497070312,786004.0,0,1
2025-02-21,696.2655019792676,731.5497567920247,695.5677790399828,705.5849609375,614648.0,0,1
2025-02-24,705.5849569756344,710.7679025856727,690.3349443724377,702.6445922851562,253589.0,0,1
2025-02-25,709.6715660995305,712.2630390572451,685.9494107481459,690.5841674804688,231171.0,0,1
2025-02-26,709.6715660995305,712.2630390572451,685.9494107481459,690.5841674804688,231171.0,0,1
2025-02-27,692.9265199755594,697.8104591477901,660.1839118667646,663.7223510742188,291934.0,0,1
2025-02-28,657.8415538646557,662.3766615007038,634.0695765933114,645.8807983398438,481756.0,0,1
2025-03-03,647.9241117583172,653.3563006432086,602.2240805860677,637.109619140625,928979.0,0,1
2025-03-04,627.9396706775093,681.7132467066059,624.7999479899022,669.0049438476562,1803530.0,0,1
2025-03-05,672.7925478050158,709.6715467217352,671.397101890162,683.9559326171875,1083605.0,0,1
2025-03-06,697.3120484339431,706.033432991864,685.002461420698,693.026123046875,354613.0,0,1
2025-03-07,689.7368950458755,721.532594166169,684.3545307792174,713.6085815429688,516360.0,0,1
2025-03-10,718.5922701925449,723.0277294062092,680.0686439820735,689.4379272460938,298153.0,0,1
2025-03-11,687.2450789902682,688.5408153404716,658.14056166505,682.0620727539062,437652.0,0,1
2025-03-12,679.7696225785647,691.7303784010614,672.1945015585368,683.108642578125,207275.0,0,1
2025-03-13,687.7932955292622,688.3913698316476,668.8554318291955,683.856201171875,328014.0,0,1
2025-03-14,687.7932955292622,688.3913698316476,668.8554318291955,683.856201171875,328014.0,0,1
2025-03-17,683.9060656298802,704.5383204735302,681.4142415342172,695.8668212890625,256075.0,0,1
2025-03-18,695.8668212890625,695.8668212890625,695.8668212890625,695.8668212890625,0.0,0,1
2025-03-19,722.6290125017341,774.6084892524588,722.6290125017341,755.1223754882812,727517.0,1,0
2025-03-20,769.4255205333582,775.4557231801806,736.5832640490404,742.7630004882812,389607.0,0,1
2025-03-21,750.6370945215268,856.0412577388888,744.6068921499607,841.1401977539062,3406362.0,1,0
2025-03-24,841.1401364868758,859.7789313985479,814.3280858261888,821.1058349609375,1039052.0,1,0
2025-03-25,831.6712960541342,842.1867823489663,797.4834182629768,805.5071411132812,411213.0,0,1
2025-03-26,804.3608311426204,831.222707497207,780.9875085786151,786.369873046875,602552.0,0,1
2025-03-27,780.4393315924736,794.293898339383,767.5316701991533,777.7979736328125,675757.0,0,1
2025-03-28,782.3829823519137,803.6631368997178,763.544766876228,770.7710571289062,375090.0,0,1
2025-03-31,782.3829823519137,803.6631368997178,763.544766876228,770.7710571289062,375090.0,0,1
2025-04-01,775.4556648202042,781.3363940675849,754.873173289921,772.5651245117188,224412.0,0,1
2025-04-02,775.4556573272645,777.4491166005994,751.534146047246,764.0430908203125,242729.0,0,1
2025-04-03,757.5145705668408,769.7743336865357,737.4304428156173,742.9623413085938,398708.0,0,1
2025-04-04,747.3976766065778,755.4712229800414,720.5358621819247,726.8152465820312,597446.0,0,1
2025-04-07,598.0378111858854,717.6453734230624,598.0378111858854,711.4656372070312,447563.0,1,0
2025-04-08,722.6290112045231,736.234395542801,717.4958290665738,726.8651123046875,168386.0,1,0
2025-04-09,717.6453290383402,779.143558985541,717.6453290383402,737.9786376953125,13461163.0,0,1
2025-04-10,717.6453290383402,779.143558985541,717.6453290383402,737.9786376953125,13461163.0,0,1
2025-04-11,749.4410463981541,755.0227080907437,728.1110076043409,735.137939453125,791943.0,0,1
2025-04-14,749.4410463981541,755.0227080907437,728.1110076043409,735.137939453125,791943.0,0,1
2025-04-15,748.5439834469285,762.4981988507327,733.8920451058236,757.7637329101562,504158.0,0,1
2025-04-16,757.4149365749752,772.5153552920233,753.5276663429526,765.4385986328125,300117.0,0,1
2025-04-17,762.4982273700039,764.6910448968714,728.3602348374252,734.0914306640625,800822.0,0,1
2025-04-18,762.4982273700039,764.6910448968714,728.3602348374252,734.0914306640625,800822.0,0,1
2025-04-21,739.573446229803,744.4075609982966,715.7017574626873,718.0939331054688,961687.0,0,1
2025-04-22,723.6257485256587,726.017924094675,688.74020968489,691.1323852539062,1575133.0,0,1
2025-04-23,697.3619030684118,699.7041933415325,671.0980410762719,676.3308715820312,967323.0,0,1
2025-04-24,676.3309178647451,693.7736874109207,676.3309178647451,684.7532958984375,658246.0,0,1
2025-04-25,682.7598048696703,685.7001694811095,639.6512478468774,654.5523681640625,849255.0,0,1
2025-04-28,597.9880236314625,635.6145715650891,588.0705504858194,622.7069091796875,7087029.0,1,0
2025-04-29,623.9527770895321,638.9037222274602,608.0051022757422,610.3972778320312,1276254.0,0,1
2025-04-30,612.9389091788642,616.377638631429,590.9111474576631,593.2036743164062,843382.0,0,1
2025-05-01,612.9389091788642,616.377638631429,590.9111474576631,593.2036743164062,843382.0,0,1
2025-05-02,593.2037172257096,606.5100346542391,585.5787105330575,592.0076293945312,766841.0,0,1
2025-05-05,598.8351750114279,608.503465000828,594.4994252707038,599.5328979492188,466715.0,0,1
2025-05-06,602.722414929035,608.3539007951691,585.9274842875731,593.552490234375,450041.0,0,1
2025-05-07,584.0836068487025,596.2437214109568,579.0999583261026,583.3360595703125,553627.0,0,1
2025-05-08,581.0934207013906,595.0476366359009,571.1261236053119,576.8074951171875,467331.0,0,1
2025-05-09,569.8303823985538,573.1694025636772,551.191524817191,564.398193359375,521614.0,0,1
2025-05-12,586.0770202796916,589.017384844463,568.0860626916169,569.6309814453125,835929.0,0,1
2025-05-13,570.7273894027585,583.0370374298521,566.1424572172618,575.6113891601562,590055.0,0,1
2025-05-14,579.6979379500318,583.5353835895913,575.113005911302,581.0933837890625,595885.0,0,1
2025-05-15,584.0836004538456,632.3253419586573,582.5386815958649,621.8596801757812,8034865.0,1,0
2025-05-16,624.7999401328887,629.5344058443328,615.18153576781,621.6602783203125,1234387.0,0,1
2025-05-19,624.1521659176184,631.4781050616243,611.4936862439098,613.736328125,800039.0,0,1
2025-05-20,615.9789360263983,621.1619424772258,603.2706327345916,615.5303955078125,599043.0,0,1
2025-05-21,615.5304348621567,620.9626240777811,607.1579416006432,611.39404296875,692789.0,0,1
2025-05-22,611.9421810117286,616.9756535789868,608.1047353564744,613.387451171875,397203.0,0,1
2025-05-23,613.487111683094,617.9225708802444,608.5532876511076,611.49365234375,320039.0,0,1
2025-05-26,611.5932691861715,616.9756334568478,608.0050668960859,609.4005126953125,301698.0,0,1
2025-05-27,609.7493738074933,613.985474892384,607.0083672231523,608.7028198242188,230048.0,0,1
2025-05-28,611.0949593745188,613.2877768982748,604.1178514215566,606.3106689453125,303192.0,0,1
2025-05-29,606.0116958490369,607.9055067327879,585.4790870673219,595.0476684570312,910575.0,0,1
2025-05-30,599.5329288317494,612.5900638785682,598.037834246134,604.2673950195312,717860.0,0,1
2025-06-02,598.0377991403345,615.8792844822416,585.080313492294,603.2706298828125,3204668.0,0,1
2025-06-03,605.2142797970122,611.9920295203552,590.8115236126882,598.885009765625,1235057.0,0,1
2025-06-04,601.8253596645947,601.8253596645947,587.0737727871384,588.51904296875,935859.0,0,1
2025-06-05,591.0606607124271,615.7795429562252,588.1202961859556,598.5361328125,2305470.0,0,1
2025-06-06,602.9790507909925,671.8182130930062,602.0305659044002,655.6941528320312,21565890.0,1,0
2025-06-09,661.9340835032993,674.31417218496,641.2174436349834,662.882568359375,3294968.0,1,0
2025-06-10,666.926066603202,675.8117825839552,660.4365165539193,673.0162353515625,2006811.0,0,1
2025-06-11,673.914786388024,674.8133638113529,655.9437254176768,660.037109375,1341122.0,0,1
2025-06-12,661.4348786426348,666.6265306322165,644.7617155520865,655.14501953125,924837.0,0,1
2025-06-13,637.9227808787821,658.8391120333755,636.4750998368451,648.6055908203125,783302.0,0,1
2025-06-16,636.9243930439429,648.8551934612036,624.3446132435513,647.3576049804688,1708012.0,0,1
2025-06-17,647.9566135194855,655.5443707513726,634.4783172444268,639.3204956054688,608955.0,0,1
2025-06-18,633.9291903765169,635.2270881531175,624.0949898562513,630.2850341796875,672758.0,0,1
2025-06-19,631.4830962250544,655.4445101529616,626.4412275651293,637.4734497070312,5487314.0,0,1
2025-06-20,640.9678241626997,649.5539731333706,618.803504036958,626.1417236328125,2356187.0,0,1
2025-06-23,618.5039999652441,653.4477287768399,618.5039999652441,631.18359375,3650279.0,0,1
2025-06-24,635.9758921768641,657.0419452352262,634.2287056598947,645.1112060546875,1885552.0,0,1
2025-06-25,646.3591678511345,686.1949821148456,646.3591678511345,680.3045043945312,4179562.0,0,1
2025-06-26,683.8987325965936,687.0936001771518,670.6700344843238,679.30615234375,1355779.0,0,1
2025-06-27,679.9051549898604,682.1016302330339,665.6281573147774,667.4751586914062,939698.0,0,1
2025-06-30,667.924453068365,690.3882799652831,667.924453068365,673.3157958984375,1336621.0,0,1
2025-07-01,677.8085508279228,684.8472042930348,667.9244427708518,670.7698364257812,838250.0,0,1
2025-07-02,673.2159011130774,674.6635821041102,658.1901095111131,660.985595703125,427081.0,0,1
2025-07-03,660.9356881881849,670.9196109704839,655.9936342235412,663.0322875976562,560955.0,0,1
2025-07-04,663.9308427216313,672.4171768015318,651.4010322381246,663.1321411132812,491201.0,0,1
2025-07-07,661.9340957774576,667.6249440824074,651.5507914688815,656.1434326171875,279815.0,0,1
2025-07-08,650.9517955573403,660.8858113732674,646.9582262594425,651.3012084960938,410517.0,0,1
2025-07-09,651.9501563269382,667.0758236854451,651.9002489005363,662.0838623046875,449461.0,0,1
2025-07-10,667.7746765596218,686.3947176383696,658.9888363612569,682.1515502929688,1532152.0,0,1
2025-07-11,683.7988974476377,683.7988974476377,655.9437284404246,659.8873901367188,982537.0,0,1
2025-07-14,654.9453290774499,658.2400113808302,641.0676521505402,646.9581909179688,707036.0,0,1
2025-07-15,649.9533964762719,678.2078867777727,649.5041077475227,663.8809814453125,941643.0,0,1
2025-07-16,664.9292668715572,666.926051456757,645.0612358740066,650.3027954101562,774865.0,0,1
2025-07-17,653.8471462323181,656.1933437789675,641.0177685250869,643.7134399414062,665770.0,0,1
2025-07-18,646.8583762095343,649.8535530200053,631.9823070093836,642.8648071289062,586494.0,0,1
2025-07-21,641.417157647861,642.0161686645596,634.5781336992245,638.2222900390625,308681.0,0,1
2025-07-22,640.7681274028573,643.3639837889041,627.4396153745361,628.4879150390625,374778.0,0,1
2025-07-23,631.9324297657256,631.9823371942115,624.1948893024473,629.0869750976562,304839.0,0,1
2025-07-24,629.6860521820468,631.582961039187,618.7536440251758,621.6989135742188,348061.0,0,1
2025-07-25,621.6988688928392,627.9887279070465,604.0772212309705,623.9452514648438,625978.0,0,1
2025-07-28,623.9452516048074,625.0933661352065,607.2221813428001,611.6650390625,459965.0,0,1
2025-07-29,610.0176857876213,614.5104510675628,596.4894825209809,598.4862670898438,609233.0,0,1
2025-07-30,601.231833917391,608.4202704097714,594.5425935573004,597.03857421875,825991.0,0,1
2025-07-31,587.5538495001152,591.9967072784732,569.333190615872,581.6134033203125,989315.0,0,1
2025-08-01,581.5635254337784,584.7084856113659,561.1962977648045,564.8404541015625,555894.0,0,1
2025-08-04,558.1012948804813,587.703650906825,550.86295071611,578.6681518554688,734823.0,0,1
2025-08-05,578.0691591233117,585.9564829058518,570.0820204825751,573.6762084960938,313626.0,0,1
2025-08-06,578.6681652508765,578.6681652508765,555.7051418530318,559.6488037109375,410029.0,0,1
2025-08-07,559.7486797109157,583.0611160550865,557.4024211919683,576.970947265625,506137.0,0,1
2025-08-08,582.0627246302417,591.0482555422009,574.0256786130623,584.0595092773438,469279.0,0,1
2025-08-11,588.8018474804869,588.8018474804869,563.492627542233,580.2156982421875,446895.0,0,1
2025-08-12,580.2157128847899,592.0466373335918,574.3750813336991,583.560302734375,286808.0,0,1
2025-08-13,583.9596831911559,593.9436062346906,571.1802129458073,572.3782958984375,495896.0,0,1
2025-08-14,574.0755528179246,578.9676992950103,561.1463607887936,564.2913208007812,350538.0,0,1
2025-08-15,574.0755528179246,578.9676992950103,561.1463607887936,564.2913208007812,350538.0,0,1
2025-08-18,574.1753851614179,579.6665427904377,567.4362371621664,577.7197265625,274906.0,0,1
2025-08-19,581.9629157521749,586.2060831708638,574.375097453006,583.760009765625,319600.0,0,1
2025-08-20,584.1593052792781,586.8050692261004,573.0771752203856,573.7760620117188,217559.0,0,1
2025-08-21,578.0691141040576,603.028920412523,573.0771528423645,575.9225463867188,1647580.0,0,1
2025-08-22,576.0723777329599,577.5699662365985,570.0820237184057,571.4797973632812,260438.0,0,1
2025-08-25,573.5763974221337,576.2720689185737,564.14157765311,565.3396606445312,245287.0,0,1
2025-08-26,565.339642810931,567.8855310017464,554.4571423096038,564.1914672851562,424939.0,0,1
2025-08-27,565.339642810931,567.8855310017464,554.4571423096038,564.1914672851562,424939.0,0,1
2025-08-28,562.094857137986,576.5216378611714,559.0996802793467,571.8790893554688,482141.0,0,1
2025-08-29,573.0771951729922,573.0771951729922,562.594075749096,565.63916015625,423541.0,0,1
2025-09-01,565.639140576661,574.2253508460026,563.143159847846,571.7293701171875,206677.0,0,1
2025-09-02,573.9757643363397,582.4121306200685,567.6858440233865,577.2704467773438,312837.0,0,1
2025-09-03,575.5731587780012,579.0675318148147,568.6842275591854,575.6729736328125,209299.0,0,1
2025-09-04,582.5618732405628,585.007946421009,567.0368860639736,570.0819702148438,227855.0,0,1
2025-09-05,571.5795899704406,582.4620903813709,568.1351243587586,569.5328979492188,437600.0,0,1
2025-09-08,572.8275489211204,601.0321297612453,569.9821554058653,578.268798828125,1419361.0,0,1
2025-09-09,578.1190571503992,583.3107093698519,573.1770030094102,580.265625,230858.0,0,1
2025-09-10,583.0611198994133,604.9758436994774,580.4153558538242,583.9097290039062,1183736.0,0,1
2025-09-11,587.9532188007935,593.8936039225163,580.764782432938,582.2124633789062,265714.0,0,1
2025-09-12,584.2092402549017,586.5554376306137,574.1753495509189,575.42333984375,217789.0,0,1
2025-09-15,579.9161423594367,585.0578870728583,574.8742734381091,576.6214599609375,412860.0,0,1
2025-09-16,580.565108373346,583.4604703479557,572.5779701670059,574.225341796875,244476.0,0,1
2025-09-17,578.5184282392928,581.8630180568596,573.8259722595944,575.6729736328125,323558.0,0,1
2025-09-18,577.0208308454531,584.0594842373175,571.3299826577862,576.1222534179688,388113.0,0,1
2025-09-19,578.7680177150288,578.7680177150288,563.0932467096418,565.8887329101562,897969.0,0,1
2025-09-22,568.1850218464684,569.482980559345,553.3090134452398,554.7067260742188,420626.0,0,1
2025-09-23,559.0996762148762,564.0916376096519,548.3170517895666,562.8935546875,405554.0,0,1
2025-09-24,564.0916377000932,566.0385148317736,554.6069110484987,560.8468627929688,341705.0,0,1
2025-09-25,561.046541805004,561.5956453597281,536.1865501956024,538.93212890625,693834.0,0,1
2025-09-26,539.1318377705596,542.5763033659441,527.5005431919941,531.8934936523438,436487.0,0,1
2025-09-29,533.9401985057048,538.1334584210673,512.3749488510273,519.0142211914062,851002.0,0,1
2025-09-30,526.202649457648,542.0272039727625,522.2589876857662,538.8323364257812,1041604.0,0,1
2025-10-01,543.2251929235921,544.0738628890493,533.1414556834167,538.4329223632812,343135.0,0,1
2025-10-02,543.2251929235921,544.0738628890493,533.1414556834167,538.4329223632812,343135.0,0,1
2025-10-03,539.9305298189198,560.9966433713986,539.6809317503148,550.7631225585938,693698.0,0,1
2025-10-06,554.1076913208723,555.9047851593726,545.1221611913446,553.8580932617188,332682.0,0,1
2025-10-07,553.8581458396211,553.8581458396211,543.6246244428547,548.1672973632812,224475.0,0,1
2025-10-08,549.2655177368536,552.759890592924,535.1881505258967,536.2364501953125,237773.0,0,1
2025-10-09,537.1350378631058,551.3122201948536,535.3379439758764,549.0159301757812,296840.0,0,1
2025-10-10,548.11737193232,554.10772572393,543.6745140161365,551.112548828125,177188.0,0,1
2025-10-13,547.1189544975498,562.8436324780906,541.7775803202403,557.5022583007812,1348501.0,0,1
2025-10-14,557.5022761615269,562.0948562964196,543.7244138827907,556.6036987304688,324609.0,0,1
2025-10-15,556.6037066024178,556.6037066024178,547.5682684853361,549.0658569335938,197936.0,0,1
2025-10-16,551.1125621595054,556.6536273633767,545.1721156517203,551.4619750976562,270114.0,0,1
2025-10-17,551.4619750000049,553.0594392783453,530.7953026723081,534.139892578125,411070.0,0,1
2025-10-20,534.1897788093788,558.6004823151126,531.3443851777595,543.375,646472.0,0,1
2025-10-21,549.6149663576483,554.0079168940839,548.2171927495923,550.8130493164062,115802.0,0,1
2025-10-22,549.6149663576483,554.0079168940839,548.2171927495923,550.8130493164062,115802.0,0,1
2025-10-23,560.0980764014324,566.9370392340178,551.1125457639763,553.3090209960938,851166.0,0,1
2025-10-24,553.6085346398565,556.8034022120193,539.4812591105738,541.677734375,444844.0,0,1
2025-10-27,544.3234716230753,546.8693596953194,531.194589046542,532.7920532226562,438663.0,0,1
2025-10-28,533.8403705585545,540.1302298088486,531.2445140379209,538.0336303710938,513212.0,0,1
2025-10-29,539.231665336523,550.6133621103526,534.6390850591002,544.523193359375,563395.0,0,1
2025-10-30,545.5215722098358,549.9144617282808,541.3782198271263,544.1737060546875,185115.0,0,1
2025-10-31,544.1737061698559,548.7663472719203,537.1350527038012,542.1270141601562,344812.0,0,1
2025-11-03,540.1302325126427,548.0674634587834,536.7856426935224,541.9772338867188,458682.0,0,1
2025-11-04,539.830694357668,543.8741707272991,532.1430619507122,533.3910522460938,224900.0,0,1
2025-11-05,539.830694357668,543.8741707272991,532.1430619507122,533.3910522460938,224900.0,0,1
2025-11-06,531.1447082111621,537.4345675683619,522.758188443542,533.4909057617188,421046.0,0,1
2025-11-07,535.6374437684569,535.6374437684569,524.155932858229,530.8950805664062,273079.0,0,1
2025-11-10,530.8951191368699,535.1382865206625,525.2541781224271,533.0416870117188,204044.0,0,1
2025-11-11,533.5408809501763,548.0674770396629,527.1511457181738,542.3267211914062,421267.0,0,1
2025-11-12,545.0223854701011,545.7711797013183,532.2928835394088,537.5843505859375,231001.0,0,1
2025-11-13,532.1430949051172,587.4540525965211,521.1607796256495,555.2059326171875,10680084.0,1,0
2025-11-14,551.6616181568841,554.556980017892,542.2267993334214,551.8114013671875,510829.0,0,1
2025-11-17,549.8146227973665,558.5006475366271,543.9739915882133,555.6052856445312,423578.0,0,1
2025-11-18,553.1093383344955,553.4587512672954,540.2300531934108,543.7244262695312,311115.0,0,1
2025-11-19,541.0287847519197,543.874178290146,534.3395444882519,538.1334228515625,374352.0,0,1
2025-11-20,538.1334258470841,555.1060941947659,536.685744888847,540.0303955078125,398899.0,0,1
2025-11-21,541.0288239787116,544.3235064558058,530.3460139397428,534.139892578125,283379.0,0,1
2025-11-24,537.8339051960546,537.8339051960546,515.7194929798826,520.3121337890625,351400.0,0,1
2025-11-25,516.518207747484,534.7888347281639,514.8708970921458,530.8950805664062,559816.0,0,1
2025-11-26,522.3089687953254,543.8243111950586,522.3089687953254,541.2284545898438,260521.0,0,1
2025-11-27,543.1254019292604,555.5054906127538,539.1318327974277,543.375,527700.0,0,1
2025-11-28,543.0755222582072,554.0079305027425,538.4828809596598,549.1157836914062,250877.0,0,1
2025-12-01,552.0111087232356,552.7599029233827,530.3958917708454,535.637451171875,391580.0,0,1
2025-12-02,535.1382492694648,535.1382492694648,519.3636638104944,521.6100463867188,399762.0,0,1
2025-12-03,521.4602906296803,534.6390812914988,520.1623928158185,533.4909057617188,330250.0,0,1
2025-12-04,531.7936445817876,535.1382341705432,528.4489940560063,530.545654296875,130363.0,0,1
2025-12-05,530.1463146066951,532.8419860209149,524.255775625142,530.4957275390625,232556.0,0,1
2025-12-08,531.9932831748126,532.4425718723003,521.6599478177314,523.9562377929688,248921.0,0,1
2025-12-09,523.1575436466115,533.5408475136453,513.6728171873694,524.605224609375,239587.0,0,1
2025-12-10,521.2606022310074,530.3460088413259,516.7179293943636,522.1591796875,236119.0,0,1
2025-12-11,522.1591904675171,525.9530691477522,515.2203515616609,518.5650024414062,160956.0,0,1
2025-12-12,516.1687994776153,523.8564320827725,512.1752304294325,515.3201904296875,329422.0,0,1
2025-12-15,516.1188860040321,523.4071372441563,511.17683217741154,519.7130737304688,232131.0,0,1
2025-12-16,517.26703055659,518.3153912299318,512.5246670921543,514.1221313476562,154160.0,0,1
2025-12-17,515.1704113843216,519.1639804648202,492.5568325597009,496.2009582519531,397389.0,0,1
2025-12-18,494.20418884776,495.1027358246893,475.43442578195817,477.5809631347656,709702.0,0,1
2025-12-19,479.2283021270167,484.66955232815656,474.6356914712632,477.1816101074219,330564.0,0,1
2025-12-22,482.72267646037614,510.1784646768401,480.3265410370059,507.7323913574219,1081876.0,0,1
2025-12-23,508.1816453442457,527.6502938397522,506.384551516681,523.3073120117188,728957.0,0,1
2025-12-24,521.6100374022774,522.059326097189,514.2219104595847,515.919189453125,173449.0,0,1
2025-12-25,521.6100374022774,522.059326097189,514.2219104595847,515.919189453125,173449.0,0,1
2025-12-26,515.8693030575618,522.1591622316462,507.73238160399706,510.7774963378906,256445.0,0,1
2025-12-29,511.2766768566247,520.1124853499076,508.2815303993553,512.075439453125,211026.0,0,1
2025-12-30,510.1784437483848,524.1559353579296,502.44090375024393,506.7339782714844,2304385.0,0,1
2025-12-31,512.2750685225229,527.9498399352032,512.2251610945619,522.3089599609375,513889.0,0,1
2026-01-01,524.7549424709688,526.0029327840533,513.1736167403552,515.6196899414062,140326.0,0,1
2026-01-02,516.4183798968536,541.7275985000718,516.0189986308712,530.545654296875,850441.0,0,1
2026-01-05,530.6455289901962,536.1366868630957,521.8097811513437,527.550537109375,226823.0,0,1
2026-01-06,527.2509665866208,527.450657240591,519.3137962903397,522.6583862304688,286535.0,0,1
2026-01-07,521.6599477975712,522.2090513446897,513.1237062937436,515.7694091796875,170991.0,0,1
2026-01-08,514.2718517617561,522.4087734196453,503.5391649550468,507.5826416015625,280689.0,0,1
2026-01-09,504.9868024067217,511.676042861784,495.9014570448654,501.0930786132813,267128.0,0,1
2026-01-12,499.1961415277401,508.081826753231,483.7709685671272,503.5391540527344,385478.0,0,1
2026-01-13,505.2363908077957,509.1800524208134,490.80964093698094,495.9513549804688,233521.0,0,1
2026-01-14,494.8032296258677,511.42645531547896,492.7065997036386,503.6390075683594,343916.0,0,1
2026-01-15,503.6390075683594,503.6390075683594,503.6390075683594,503.6390075683594,0.0,0,1
2026-01-16,502.3910062857008,506.7839262135251,493.2057851441927,495.5020751953125,218903.0,0,1
2026-01-19,490.36036036950094,504.088254167463,489.2621227719612,494.0044860839844,232065.0,0,1
2026-01-20,494.0044909708978,494.0544288663112,481.2250818963265,484.5697021484375,356597.0,0,1
2026-01-21,484.220260606951,495.7017719409303,473.5374509174949,493.1558837890625,564231.0,0,1
2026-01-22,496.9497498926828,517.0673784067959,494.204171163994,512.1752319335938,398460.0,0,1
2026-01-23,512.1752409603406,520.8113585794152,505.1864949823243,509.6792602539063,389553.0,0,1
2026-01-26,512.1752409603406,520.8113585794152,505.1864949823243,509.6792602539063,389553.0,0,1
2026-01-27,505.53592524593626,515.8692911959155,490.3104433320989,497.0495910644531,312984.0,0,1
2026-01-28,509.2798982057836,514.1720141888289,493.2057767170514,511.7758483886719,425291.0,0,1
2026-01-29,513.0738305522285,513.1237379801345,497.24927593608527,507.0335388183594,231459.0,0,1
2026-01-30,501.3426668872544,519.0641599574051,499.09628430394827,510.2782897949219,437367.0,0,1
2026-02-02,508.4312587426841,521.909554261636,485.9175254521367,509.7291564941406,277382.0,0,1
2026-02-03,559.0996614583333,574.0755452473958,541.1286009114583,561.5956420898438,1806262.0,1,0
2026-02-04,561.5956331844942,567.8854920887552,554.1076914087009,559.9982299804688,501156.0,0,1
2026-02-05,557.7518754906902,565.6391379955369,549.0658504066439,561.6455688476562,308312.0,0,1
2026-02-06,559.6487545147725,563.54250860172,549.4651415417777,554.956298828125,165983.0,0,1
2026-02-09,561.6954788377274,577.0208370748695,561.6954788377274,571.7293701171875,334173.0,0,1
2026-02-10,569.0836212831895,582.5619175767387,564.091659692986,566.8871459960938,328803.0,0,1
2026-02-11,566.0884496614759,576.0723729359288,559.6987143910135,574.7744750976562,248803.0,0,1
2026-02-12,574.8742364016845,579.067495973727,562.743807315485,577.4700927734375,395460.0,0,1
2026-02-13,570.0819642444872,577.7695966152244,561.1463415842481,570.3814697265625,413846.0,0,1
2026-02-16,561.495831724477,565.0401120621272,557.1527888287414,560.34765625,206700.0,0,1
2026-02-17,560.4474651311098,569.083582467934,557.1527828937008,566.7872924804688,482879.0,0,1
2026-02-18,564.1914498999197,567.086811870549,549.1656583573047,550.7631225585938,306491.0,0,1
2026-02-19,550.1141628272776,582.9612942021215,546.8693878196757,568.1351318359375,1465209.0,0,1
2026-02-20,559.1995022045858,565.988618586311,548.1173720622912,549.0658569335938,328198.0,0,1
2026-02-23,553.109309527122,564.0916243372274,548.0674408244337,552.3106079101562,279763.0,0,1
2026-02-24,553.0594234279058,557.1029000310477,535.1382695638739,543.0755004882812,176629.0,0,1
2026-02-25,544.4232713084224,548.9659437714959,535.2880189581368,541.7276000976562,126289.0,0,1
2026-02-26,541.7275986998004,547.6181372215701,540.928897104567,544.87255859375,81524.0,0,1
2026-02-27,541.4281152422344,554.1077092447912,541.1286097489672,550.912841796875,252716.0,0,1
2026-03-02,534.1398609028462,559.0996674870913,521.7098650364866,555.156005859375,356731.0,0,1
2026-03-03,534.1398609028462,559.0996674870913,521.7098650364866,555.156005859375,356731.0,0,1
2026-03-04,546.6197897897931,551.2123700415252,539.6809510470645,544.6729125976562,190617.0,0,1
2026-03-05,552.8597486428375,558.1013083365168,547.1189927878555,553.5087280273438,223353.0,0,1
2026-03-06,550.7131494240883,568.9837766373073,550.6133345723225,564.2913208007812,290460.0,0,1
2026-03-09,557.1029235950215,558.1013159312133,540.2300687385673,552.1109619140625,226986.0,0,1
2026-03-10,554.1076914087009,562.4942105723998,551.6616182412032,559.9982299804688,246634.0,0,1
2026-03-11,559.9982269230858,565.2397861375241,550.2139343065136,554.0078735351562,238605.0,0,1
2026-03-12,554.1077473787356,563.0932784173096,547.1190010154002,559.1995239257812,509314.0,0,1
2026-03-13,559.1995001894238,564.7406261776326,533.4908985869795,558.3508911132812,536631.0,0,1
2026-03-16,558.1012723155823,561.3959545801292,538.4828400677816,553.2590942382812,322329.0,0,1
2026-03-17,553.2591172104394,558.101295488795,539.3814398708793,540.8790283203125,217623.0,0,1
2026-03-18,541.0787360409174,547.3685955396022,528.1495431654347,532.8919067382812,363801.0,0,1
2026-03-19,528.948223443088,530.2461212336353,509.1800682739749,516.6181030273438,225556.0,0,1
2026-03-20,524.1559409740202,524.1559409740202,495.15265776086335,498.7967834472656,360093.0,0,1
2026-03-23,496.7500619728795,496.7500619728795,459.4101971519111,461.95611572265625,514309.0,1,0
2026-03-24,474.236325011391,490.4601992880965,467.99637336650426,480.5261840820313,564820.0,0,1
2026-03-25,488.2138386178524,516.1688232421875,485.418352342825,504.4377136230469,773407.0,0,1
2026-03-26,488.2138386178524,516.1688232421875,485.418352342825,504.4377136230469,773407.0,0,1
2026-03-27,499.1961421829534,501.4924322495892,479.2282964956353,487.16552734375,514540.0,0,1
2026-03-30,481.3249341736615,487.3152879767723,460.608293937903,465.849853515625,747448.0,0,1
2026-03-31,481.3249341736615,487.3152879767723,460.608293937903,465.849853515625,747448.0,0,1
2026-04-01,484.2202444348816,506.4344721434921,484.2202444348816,501.14300537109375,368764.0,0,1
2026-04-02,487.2154305611643,508.23157577808746,477.4811058726984,502.1913146972656,241122.0,0,1
2026-04-03,487.2154305611643,508.23157577808746,477.4811058726984,502.1913146972656,241122.0,0,1
2026-04-06,496.0012834008751,509.1301665457876,488.6631243566576,506.6341857910156,201397.0,0,1
2026-04-07,499.04639381289695,509.18006949442616,494.7532886713448,505.83544921875,160148.0,0,1
2026-04-08,526.0029605412254,536.1366667930382,516.9176149573474,533.6406860351562,340123.0,0,1
2026-04-09,533.2412675139764,538.2831970425493,518.5149820705021,530.3958740234375,316280.0,0,1
2026-04-10,530.8950804462561,546.91926391689,530.8950804462561,543.17529296875,243602.0,0,1
2026-04-13,529.6970376711463,539.0819499333784,522.658383942988,531.9434204101562,223841.0,0,1
2026-04-14,529.6970376711463,539.0819499333784,522.658383942988,531.9434204101562,223841.0,0,1
2026-04-15,538.8323186132415,546.9192716000186,532.1430782378553,535.637451171875,357193.0,0,1
2026-04-16,539.1817150292591,547.7679248237001,523.9063260011936,533.3910522460938,379962.0,0,1
2026-04-17,533.3910953913926,544.1238127998296,530.6954239479138,534.2896728515625,489828.0,0,1
2026-04-20,534.2896747151847,535.6873874017308,521.7598023427031,529.0980224609375,290982.0,0,1
2026-04-21,531.8435681131848,569.0835871554237,528.3491952095989,553.2590942382812,3289520.0,0,1
2026-04-22,558.6004534321877,560.6970527431819,549.914428832164,556.0545654296875,641325.0,0,1
2026-04-23,553.1592079390601,563.6922338751712,544.6229664813408,550.713134765625,349593.0,0,1
2026-04-24,554.1077335842792,558.051395407105,541.1286335183412,545.6213989257812,376703.0,0,1
2026-04-27,548.1672802413195,567.3863320203069,546.6696917910089,562.2945556640625,1757707.0,0,1
2026-04-28,564.0916447500492,616.7568381315804,564.0916447500492,601.3316650390625,4577553.0,1,0
2026-04-29,602.0305594687409,615.059566851927,591.0482441218816,597.88720703125,1358297.0,0,1
2026-04-30,593.0449992231611,602.0305295144211,585.0578611864855,597.3380737304688,824502.0,0,1
2026-05-01,597.3380737304688,597.3380737304688,597.3380737304688,597.3380737304688,0.0,0,1
2026-05-04,606.5232841522096,613.5120298132226,581.8130762793418,607.0723876953125,1888273.0,0,1
2026-05-05,612.5136450723147,630.9839016881873,598.0369574544687,617.9548950195312,2435259.0,0,1
2026-05-06,623.9951783256272,627.4895513242508,606.8228188307002,621.948486328125,945141.0,0,1
2026-05-07,623.8953619953904,628.8373550464103,619.152998651339,621.0,774713.0,0,1
2026-05-08,623.5,625.0,605.2000122070312,610.25,643253.0,0,1
2026-05-11,608.0,629.9000244140625,603.0999755859375,621.7999877929688,1301892.0,0,1
2026-05-12,621.0,621.0,577.5,582.0,804505.0,0,1
2026-05-13,586.0,593.2000122070312,580.0499877929688,581.9000244140625,299705.0,0,1
2026-05-14,584.9500122070312,591.0,570.2999877929688,581.2000122070312,330274.0,0,1
2026-05-15,580.0,583.2000122070312,570.0999755859375,573.9500122070312,263545.0,0,1
2026-05-18,566.0499877929688,569.2999877929688,551.9500122070312,564.7999877929688,286238.0,0,1
2026-05-19,558.0999755859375,574.9000244140625,558.0999755859375,568.4500122070312,191396.0,0,1
2026-05-20,562.3499755859375,563.6500244140625,555.0,557.9000244140625,252053.0,0,1
2026-05-21,556.0,571.4000244140625,556.0,566.2000122070312,201297.0,0,1
2026-05-22,566.9500122070312,570.0,547.9500122070312,555.0499877929688,1084512.0,0,1
2026-05-25,556.7999877929688,575.7999877929688,556.7999877929688,571.9500122070312,216919.0,0,1
2026-05-26,572.0,584.5,565.5,569.3499755859375,314336.0,0,1
2026-05-27,569.0999755859375,575.1500244140625,561.0,566.0999755859375,230577.0,0,1
2026-05-28,566.0999755859375,566.0999755859375,566.0999755859375,566.0999755859375,0.0,0,1
2026-05-29,569.5999755859375,584.0999755859375,559.5999755859375,566.4000244140625,698970.0,0,1
2026-06-01,572.5,584.4000244140625,567.0499877929688,574.75,455787.0,0,1
2026-06-02,568.0,577.8499755859375,561.25,569.0,325875.0,0,1
2026-06-03,569.0,569.0,548.7999877929688,554.9000244140625,321893.0,0,1
2026-06-04,554.9000244140625,572.4000244140625,553.8499755859375,562.6500244140625,228480.0,0,1
2026-06-05,562.9000244140625,565.25,550.5999755859375,554.5999755859375,144761.0,0,1
2026-06-08,544.0499877929688,551.9000244140625,530.0999755859375,534.5999755859375,191430.0,0,1
2026-06-09,540.0,546.0,532.75,541.7999877929688,216690.0,0,1
2026-06-10,544.25,571.5,543.9500122070312,556.0999755859375,665168.0,0,1
2026-06-11,555.0,569.0499877929688,552.8499755859375,561.9500122070312,391120.0,0,1
2026-06-12,567.0999755859375,595.0,567.0999755859375,592.2000122070312,776746.0,0,1
2026-06-15,606.0,607.0,586.4000244140625,589.0,486403.0,0,1
2026-06-16,589.5999755859375,593.0,574.0,583.5,476605.0,0,1
2026-06-17,587.5,591.4500122070312,578.7999877929688,584.0,180560.0,0,1
2026-06-18,586.0,594.2999877929688,581.75,589.2000122070312,188272.0,0,1
2026-06-19,594.4000244140625,595.25,584.4500122070312,588.7000122070312,210369.0,0,1
2026-06-22,589.1500244140625,596.4500122070312,587.9000244140625,590.5499877929688,373585.0,0,1
