Date,Open,High,Low,Close,Volume,is_outlier,data_quality
2021-01-01,276.8311044768312,281.0612007974804,275.65365114389704,279.84014892578125,440526.0,0,1
2021-01-04,280.8431528091431,281.8897839011683,278.2266016960144,279.0987854003906,496576.0,0,1
2021-01-05,278.6627393352223,280.66875153812134,276.3078322996984,279.5785217285156,848595.0,0,1
2021-01-06,279.9709304588444,291.1348696870665,279.57843719927934,287.9078063964844,2667351.0,0,1
2021-01-07,289.56501351853854,292.137966303505,288.3875600980126,289.6086120605469,1326330.0,0,1
2021-01-08,293.0537608973503,304.1741045028301,290.960525071471,293.0101623535156,4637625.0,0,1
2021-01-11,296.0191280448657,298.1559886526059,289.56497430247424,291.7890319824219,1378351.0,0,1
2021-01-12,291.3093757918789,297.3274384114976,288.5183771135655,294.31842041015625,1138957.0,0,1
2021-01-13,293.0536931476471,296.7168749587653,284.89877106553905,288.7799987792969,1358744.0,0,1
2021-01-14,288.7800509879483,292.4868320029721,285.81463149931653,290.43719482421875,976978.0,0,1
2021-01-15,291.3093810698551,299.8567714245313,287.77704742521377,289.6086120605469,3509396.0,0,1
2021-01-18,291.3093302719466,296.5424320133588,283.45967765982823,285.64013671875,1095184.0,0,1
2021-01-19,286.5995781852959,297.41465108311303,285.72739445777944,295.75750732421875,2541204.0,0,1
2021-01-20,298.11238583088164,299.7695561978864,289.17250267144345,290.9168701171875,2093618.0,0,1
2021-01-21,292.70482489823814,295.10332982622043,284.4190806015722,285.2040405273437,1803090.0,0,1
2021-01-22,285.2040533116829,286.7303746979075,276.13334868264894,278.4010314941406,871155.0,0,1
2021-01-25,279.9709447614857,281.0611742971613,268.63255759045984,274.1709289550781,1001146.0,0,1
2021-01-26,279.9709447614857,281.0611742971613,268.63255759045984,274.1709289550781,1001146.0,0,1
2021-01-27,274.040117625336,274.040117625336,264.7949654719916,266.1032409667969,1294789.0,0,1
2021-01-28,261.78593847837703,269.3739474962166,258.6024732207997,266.8009948730469,1221989.0,0,1
2021-01-29,268.632585935942,271.46718302779846,263.53030584721324,269.330322265625,2256133.0,0,1
2021-02-01,274.4762249823026,275.043139072065,265.274670844872,268.15289306640625,1786964.0,0,1
2021-02-02,271.6852046209147,277.3543982967925,269.11225222893563,274.6070251464844,2270968.0,0,1
2021-02-03,276.48220214620915,284.6807226908808,273.82205280387774,281.4100341796875,1019000.0,0,1
2021-02-04,280.66869017671206,285.2040558398995,279.0987702408803,280.1017761230469,2326160.0,0,1
2021-02-05,280.7559468020543,281.0612164412039,275.9589361257886,277.79052734375,1528572.0,0,1
2021-02-08,278.96798026170165,283.3724975919118,278.2266187441686,281.3664855957031,1337801.0,0,1
2021-02-09,281.715297394735,289.3469037483075,281.01756117489487,284.33184814453125,2018962.0,0,1
2021-02-10,282.3694439771136,292.7920487722306,274.82506106759786,288.2566833496094,3692386.0,0,1
2021-02-11,286.4250969982437,291.7454224317456,285.64013705948184,291.2221069335937,1067865.0,0,1
2021-02-12,290.4371885059693,293.925923503038,284.0702577830932,287.25372314453125,1227410.0,0,1
2021-02-15,288.6928249957224,292.1815600409879,285.68378037240643,290.7424621582031,1175165.0,0,1
2021-02-16,292.6047454016013,307.6362498517125,290.74242769125846,305.9956359863281,5483054.0,0,1
2021-02-17,306.6164060930558,313.8439457552984,303.512552379894,306.3503723144531,4874185.0,0,1
2021-02-18,305.95133805013296,333.2209138328622,303.95600323676257,330.60479736328125,4841048.0,1,0
2021-02-19,332.4671051313486,335.2162384253063,319.5639512236949,324.0423583984375,2710274.0,1,0
2021-02-22,329.00853537133776,341.95604648867,326.3480889936719,337.2115783691406,9015836.0,0,1
2021-02-23,339.6502729261244,340.5814182014532,327.32354519606594,328.1216735839844,2912324.0,0,1
2021-02-24,328.12171499526926,340.226740419565,321.0715213747168,327.0575256347656,2100901.0,0,1
2021-02-25,327.72266517082693,350.957242661347,324.39710696493927,348.7402038574219,5586051.0,0,1
2021-02-26,338.763494516987,347.89768262753256,331.8463449831233,338.58612060546875,2677311.0,0,1
2021-03-01,341.4238983978172,344.4834220789722,336.67943102037714,341.5569152832031,1376124.0,0,1
2021-03-02,345.85802527933447,350.73551025122254,341.2909311274404,344.9268798828125,1463776.0,0,1
2021-03-03,349.5382591101322,362.7074722563359,347.2325338249068,358.9385070800781,3176233.0,0,1
2021-03-04,352.06567799459674,381.06454945076814,350.64676808620953,370.2453918457031,5802085.0,0,1
2021-03-05,363.8159713415318,370.6001028715897,353.8392993669011,357.8742980957031,2234595.0,0,1
2021-03-08,360.9338726088652,372.90588066837296,360.7121687559113,369.9794006347656,1617572.0,0,1
2021-03-09,370.9105495011701,378.1380897631575,366.38778544542765,370.6001586914063,2011976.0,0,1
2021-03-10,372.2850562328841,372.4624301202283,367.8066497437255,370.2453918457031,866937.0,0,1
2021-03-11,372.2850562328841,372.4624301202283,367.8066497437255,370.2453918457031,866937.0,0,1
2021-03-12,370.6888493618291,372.4624802200197,363.37262207179305,365.5896606445313,1747283.0,0,1
2021-03-15,364.481103749672,369.7576658337177,358.09602249363826,367.2745666503906,1297309.0,0,1
2021-03-16,370.51144429858215,377.6946540829923,367.3632606153721,375.8323364257813,1735911.0,0,1
2021-03-17,376.0097404498276,385.2769724726185,367.49630695147937,369.8020324707031,3277772.0,0,1
2021-03-18,372.3737895318183,375.2559396474879,366.033064690037,370.6001586914063,1547730.0,0,1
2021-03-19,370.9992290384581,380.4438076621341,360.9338688076657,377.6059875488281,2374864.0,0,1
2021-03-22,377.60603815895,380.5768755681138,371.30966960824287,379.0693054199219,1751625.0,0,1
2021-03-23,382.04005061561054,382.04005061561054,370.1124001257802,373.4379577636719,1665520.0,0,1
2021-03-24,372.1077286036283,375.87669386473766,368.7821710202965,370.9105224609375,906713.0,0,1
2021-03-25,370.8662466375895,372.37381672395287,363.1952710418768,364.2594604492188,869262.0,0,1
2021-03-26,366.6981554252658,369.9350261124589,360.9781854644706,368.1170654296875,762919.0,0,1
2021-03-29,366.6981554252658,369.9350261124589,360.9781854644706,368.1170654296875,762919.0,0,1
2021-03-30,369.75767375932463,377.3399342328631,366.96418373527234,373.9256896972656,949709.0,0,1
2021-03-31,376.8965256766039,380.7985078238585,372.6398228002273,375.8323364257813,796876.0,0,1
2021-04-01,375.5663065513829,380.0447133129764,374.19175356294136,379.1578979492188,690448.0,0,1
2021-04-02,375.5663065513829,380.0447133129764,374.19175356294136,379.1578979492188,690448.0,0,1
2021-04-05,376.8965581731698,377.4286528444591,367.54066620154896,369.00390625,742898.0,0,1
2021-04-06,369.2699602325882,373.3493168507758,366.2104630665431,370.7775573730469,627560.0,0,1
2021-04-07,369.4916584328295,376.58618215961263,369.1812676070907,373.9700927734375,971550.0,0,1
2021-04-08,374.2360662155603,380.0446957544242,371.9303409636263,374.6794738769531,1330315.0,0,1
2021-04-09,374.2360690757877,377.517296620555,370.7774947031813,374.5907897949219,472398.0,0,1
2021-04-12,370.6888432312012,370.6888432312012,349.2722563854396,354.7261657714844,841355.0,1,0
2021-04-13,352.3317381331758,361.066875001296,344.48344370469886,352.0657043457031,1039223.0,0,1
2021-04-14,352.3317381331758,361.066875001296,344.48344370469886,352.0657043457031,1039223.0,0,1
2021-04-15,352.0657579347246,357.2092770741294,349.6713452291794,350.73553466796875,803461.0,0,1
2021-04-16,350.73549309968234,365.3679472997955,350.73549309968234,362.44146728515625,1961713.0,0,1
2021-04-19,359.11600273479405,359.11600273479405,339.783405625928,340.8475952148437,999487.0,0,1
2021-04-20,343.81829929296083,349.1835209804209,332.9991419127569,334.9944763183594,1545319.0,0,1
2021-04-21,343.81829929296083,349.1835209804209,332.9991419127569,334.9944763183594,1545319.0,0,1
2021-04-22,336.6794331496461,341.6012744476986,335.21619327423554,340.7587890625,607542.0,0,1
2021-04-23,342.31075011897207,351.0902173129586,340.5814492346974,349.4052734375,1765436.0,0,1
2021-04-26,352.06570490107066,352.908190335159,344.6164611420519,347.1438903808594,377310.0,0,1
2021-04-27,347.6316080537818,349.67127247973536,343.5966091428257,348.3854064941406,484802.0,0,1
2021-04-28,350.2920383222075,351.1788536090991,345.8579618877491,348.0306701660156,659718.0,0,1
2021-04-29,350.9128312551245,357.38657223448604,344.3503762680444,349.9816589355469,1248574.0,0,1
2021-04-30,347.276899824332,354.14971885316305,340.8918184173256,351.4449157714844,518050.0,0,1
2021-05-03,352.0657087761355,368.0283857483532,344.306074136863,350.4694519042969,1130650.0,0,1
2021-05-04,352.06571132281107,361.2442560609211,350.42509743166306,358.3177490234375,904377.0,0,1
2021-05-05,360.0470384827058,365.988712258419,356.2337432354886,363.9933776855469,707428.0,0,1
2021-05-06,365.5896364894058,370.6444949266496,361.77634122163056,365.8113403320313,1063819.0,0,1
2021-05-07,367.1415425926526,372.3294176289356,364.6584705212731,368.9595031738281,819608.0,0,1
2021-05-10,370.8662247560355,402.61420641921546,370.3784600300072,400.1311340332031,3096757.0,1,0
2021-05-11,400.1311404790712,405.27465924586687,387.316646445585,389.3119812011719,2493351.0,1,0
2021-05-12,391.0412546572904,402.25946385957474,381.33061537072257,386.607177734375,1755211.0,0,1
2021-05-13,391.0412546572904,402.25946385957474,381.33061537072257,386.607177734375,1755211.0,0,1
2021-05-14,391.3515974289421,394.8988587772705,377.7833335969688,379.822998046875,867556.0,0,1
2021-05-17,381.86268027221513,390.9968671966078,378.0493581774396,379.6899719238281,991524.0,0,1
2021-05-18,381.6853038648132,390.5978139649658,380.5324547876379,387.4052734375,1327034.0,0,1
2021-05-19,389.97709846376864,393.96776803303976,381.330647730348,386.1194458007813,1121662.0,0,1
2021-05-20,386.1194136714821,388.0260613387882,374.72383054810695,381.9957275390625,1092535.0,0,1
2021-05-21,393.7460123461414,413.1672629478206,377.87202311695,399.5989990234375,15661484.0,0,1
2021-05-24,399.59897148616574,399.59897148616574,387.094870597141,389.9770202636719,1527131.0,0,1
2021-05-25,391.97242971725433,395.8744122926979,380.1334380223783,385.4986877441406,1262347.0,0,1
2021-05-26,389.75535918043227,389.75535918043227,375.34460926761767,376.7635192871094,1288204.0,0,1
2021-05-27,377.8276683379686,382.2174151376702,373.3492616541976,381.2419128417969,1027802.0,0,1
2021-05-28,381.3306389232674,384.21278910117576,377.1182655863243,380.66552734375,804669.0,0,1
2021-05-31,380.4438179396825,387.0062466825936,376.5418354760698,383.8580627441406,746021.0,0,1
2021-06-01,383.1042302655347,386.6071617148731,380.443784222024,383.5476379394531,543857.0,0,1
2021-06-02,382.8825690826252,391.7950534958757,380.9759212850621,386.29681396484375,750045.0,0,1
2021-06-03,386.2967872756023,391.88371337798856,386.2081003243748,389.6223449707031,695389.0,0,1
2021-06-04,390.553513004497,390.9969207229543,381.55234173250574,382.5721740722656,620183.0,0,1
2021-06-07,384.6561743636205,418.57686293862565,383.1042474353523,408.999267578125,5968231.0,1,0
2021-06-08,409.7087222560365,434.2735201084595,409.4870184020019,415.4730224609375,9024820.0,1,0
2021-06-09,420.2618143979541,451.1230066845847,412.36916271776806,420.9712829589844,12342963.0,0,1
2021-06-10,425.62706292265096,428.287509128072,415.073937990381,417.5570373535156,3186303.0,0,1
2021-06-11,420.2617883129103,420.79388293479207,408.8662056700565,412.0587463378906,1698152.0,0,1
2021-06-14,412.0587554438973,412.3248162924462,395.3866373462116,406.8708801269531,2291051.0,0,1
2021-06-15,403.50096636250913,418.3994527566657,403.50096636250913,410.1964111328125,1246448.0,0,1
2021-06-16,412.28047463573984,418.7985732477345,403.7227114262173,414.8522338867188,1624938.0,0,1
2021-06-17,411.5710071345259,416.0050838606823,401.062239880844,405.62933349609375,1403849.0,0,1
2021-06-18,406.1614260900593,410.5955027940992,389.7110123434536,403.8113708496094,2198717.0,0,1
2021-06-21,398.845219650488,415.4730081295244,395.60834890592713,410.9059143066406,1676409.0,0,1
2021-06-22,413.2559493145436,418.0447467479865,405.3189411793645,406.8265380859375,1369609.0,0,1
2021-06-23,408.3785250304175,408.3785250304175,401.7717389358116,405.7180786132813,940388.0,0,1
2021-06-24,407.2439499664211,408.41082708670456,397.6395525261761,401.6339111328125,1389341.0,0,1
2021-06-25,401.1850868790344,408.41080555873634,399.1205762614294,405.7179870605469,686591.0,0,1
2021-06-28,407.06449040939225,413.0335673150107,399.52460235004406,406.0771179199219,1174109.0,0,1
2021-06-29,407.5132133362183,409.4430611807329,400.8709329586308,408.2761840820313,698402.0,0,1
2021-06-30,408.9494494928607,415.5019647458146,406.3014998618229,412.9886779785156,1035110.0,0,1
2021-07-01,414.69410958121466,414.69410958121466,407.513259198856,411.3729553222656,441887.0,0,1
2021-07-02,408.6352304246301,418.0600957062526,408.6352304246301,417.0727233886719,820426.0,0,1
2021-07-05,421.5607473762459,423.6701274299272,414.69406540810667,420.8875427246094,1348370.0,0,1
2021-07-06,420.97730498010304,426.2731760460754,417.3420108515608,419.406494140625,1150867.0,0,1
2021-07-07,417.3869347923475,423.4906467526327,413.9760417662065,422.2789001464844,445467.0,0,1
2021-07-08,422.72767732243005,426.3629717030007,418.86795398503625,422.9969482421875,1006484.0,0,1
2021-07-09,422.7725536905782,427.215715689657,417.61131763172295,426.5425109863281,693825.0,0,1
2021-07-12,427.39518294011214,429.9084967139479,422.0993118846529,427.7093505859375,777136.0,0,1
2021-07-13,427.3503376164089,428.0235422984156,420.0797215721828,426.0487976074219,1131416.0,0,1
2021-07-14,426.3629948449027,427.0361995736052,422.3237664726879,424.747314453125,414137.0,0,1
2021-07-15,426.9913336039288,434.3068195686615,424.07411308973457,430.9407958984375,1490916.0,0,1
2021-07-16,433.0950171940036,433.0950171940036,425.914167167989,431.2998046875,627623.0,0,1
2021-07-19,427.2606116773028,433.2745850256674,425.4653990231965,431.8384094238281,677467.0,0,1
2021-07-20,431.92813684682926,432.4218093253813,420.573395912446,426.9913024902344,890897.0,0,1
2021-07-21,431.92813684682926,432.4218093253813,420.573395912446,426.9913024902344,890897.0,0,1
2021-07-22,426.9912968142939,426.9912968142939,419.2718777171322,424.5677490234375,929153.0,0,1
2021-07-23,426.3630196190411,426.8566921583332,420.5285782979384,424.97174072265625,376596.0,0,1
2021-07-26,420.93244375852873,423.6252623925073,415.5916758440308,419.5411376953125,955011.0,0,1
2021-07-27,419.1821410701888,422.0993615380221,409.4880040111127,411.3729553222656,573971.0,0,1
2021-07-28,412.1359164493461,412.7642518001151,400.3323993898365,408.05181884765625,833983.0,0,1
2021-07-29,409.26357588861833,410.0714160256768,404.3716109258596,405.8975524902344,331119.0,0,1
2021-07-30,405.8975438871955,409.7572396784285,402.1724561577227,408.5903625488281,409490.0,0,1
2021-08-02,413.6618739215616,420.8875937683292,406.84006047909975,417.7459716796875,1621575.0,0,1
2021-08-03,421.5607548930532,421.5607548930532,412.0910202482857,416.8932189941406,866123.0,0,1
2021-08-04,416.8932552580353,426.81179387467085,415.7712473877023,423.4457702636719,882942.0,0,1
2021-08-05,426.3629948449027,426.7220318883233,416.5341948487383,424.747314453125,538755.0,0,1
2021-08-06,427.3951786766143,430.8509679606857,418.37424749204416,426.4078063964844,1561862.0,0,1
2021-08-09,421.87496217899786,421.87496217899786,400.6465786032258,409.6675109863281,1921307.0,0,1
2021-08-10,407.9620287325882,414.9633463213868,399.5245357071015,409.7123718261719,1085595.0,0,1
2021-08-11,408.81474825696864,412.04610861145534,402.62124366107975,410.3855590820313,482111.0,0,1
2021-08-12,410.2060242421707,424.8818907630862,410.2060242421707,420.3938598632813,1602107.0,0,1
2021-08-13,420.0797381424172,425.73464673722646,415.2326697193279,416.7137145996094,983232.0,0,1
2021-08-16,416.44442889113225,418.64354775871135,411.3729316857711,412.85400390625,278189.0,0,1
2021-08-17,411.55249555382665,414.4697160784721,403.9228418739848,409.443115234375,951862.0,0,1
2021-08-18,408.8596833812919,413.7965181970924,405.1346225897422,412.9886779785156,967129.0,0,1
2021-08-19,408.8596833812919,413.7965181970924,405.1346225897422,412.9886779785156,967129.0,0,1
2021-08-20,410.2060420762703,410.9241160943513,398.4025257751675,406.7053833007813,674279.0,0,1
2021-08-23,405.8078013052859,412.80911927418674,392.4783426791386,407.10931396484375,1028391.0,0,1
2021-08-24,404.4613985196317,415.5917110031491,402.2173828014722,413.3028259277344,560910.0,0,1
2021-08-25,414.2452965706222,426.3629813023739,412.94375651269655,424.2536010742188,1229430.0,0,1
2021-08-26,427.21570651893,428.74162071139153,418.0152424376007,424.702392578125,3057691.0,0,1
2021-08-27,424.7024095893965,445.8859234598,423.84970005165775,438.16650390625,3236006.0,0,1
2021-08-30,439.8270865402903,448.623617313988,437.6279401504807,440.5900573730469,2109663.0,0,1
2021-08-31,444.2253053634198,444.2253053634198,429.5045690803884,432.1973876953125,934369.0,0,1
2021-09-01,433.9926241107068,442.1608465063391,431.7486084741468,437.897216796875,809156.0,0,1
2021-09-02,439.827073134854,444.3151044933729,434.5312016103556,435.3839111328125,1016752.0,0,1
2021-09-03,436.2366274953808,440.230986173382,434.35164893505697,436.4610290527344,515555.0,0,1
2021-09-06,435.38392930223984,435.8776292079417,429.05581577975136,429.81878662109375,480998.0,0,1
2021-09-07,430.53686318704297,431.6140017213403,422.0544999523418,423.4009094238281,871115.0,0,1
2021-09-08,423.7150566413367,435.5186017817365,417.2971768676319,433.1399230957031,1025584.0,0,1
2021-09-09,435.3390503162592,437.8523369692243,424.7921764168446,428.5621337890625,1537264.0,0,1
2021-09-10,435.3390503162592,437.8523369692243,424.7921764168446,428.5621337890625,1537264.0,0,1
2021-09-13,428.1581467555577,433.4989144698878,423.5354804190353,431.524169921875,481004.0,0,1
2021-09-14,431.2997945624352,434.6658179331098,427.844005089989,432.87060546875,304051.0,0,1
2021-09-15,431.74860724925134,448.8031260387228,430.8510009971739,438.8396911621094,2050714.0,0,1
2021-09-16,439.8270627416746,446.73864182757984,438.0318502406881,444.3150939941406,1172348.0,0,1
2021-09-17,447.0078924575479,447.81573256777307,427.4400880420153,432.5564270019531,1384011.0,0,1
2021-09-20,431.7486063954262,443.4174876493566,426.003931872045,434.8902282714844,1126158.0,0,1
2021-09-21,436.2366391432504,441.57740730797593,428.2479489667117,440.72467041015625,673106.0,0,1
2021-09-22,448.8030881720569,452.2139806850578,435.5185277192706,442.4749755859375,1966270.0,0,1
2021-09-23,444.3151020873555,453.29116475578695,441.1286107971701,444.4497375488281,1553788.0,0,1
2021-09-24,446.82835175198494,450.5534393657622,438.7498960179917,447.5015563964844,1028602.0,0,1
2021-09-27,450.5983518534357,451.2715565623801,435.5634466870113,444.225341796875,685799.0,0,1
2021-09-28,446.0205318539802,464.2419548258667,441.66713614386526,451.7203369140625,4017209.0,0,1
2021-09-29,454.05413277100655,473.3526399967759,447.3669551670099,463.5238952636719,4894804.0,0,1
2021-09-30,464.8703023242681,465.8576472925611,451.5408165390829,453.3360290527344,1140668.0,0,1
2021-10-01,452.39353506949993,455.8941938504127,440.0065801854184,450.0597534179688,977000.0,0,1
2021-10-04,450.1495599633668,458.1382505639233,448.5787489365754,451.1369323730469,657696.0,0,1
2021-10-05,448.8031292556661,466.3064512966371,447.72599078834486,462.4018859863281,1817013.0,0,1
2021-10-06,467.2040248502514,469.1339000851723,451.98958887640725,453.9194641113281,781849.0,0,1
2021-10-07,453.291195679996,463.8829393942221,453.291195679996,457.8240966796875,471190.0,0,1
2021-10-08,457.8240615991609,461.2798785687912,450.1944083951059,452.3935546875,374514.0,0,1
2021-10-11,459.574429788688,489.1056992420604,451.3164407963142,484.0790710449219,4867457.0,1,0
2021-10-12,486.5026117749454,488.29782436452086,465.9025363524591,467.5631408691406,1397416.0,0,1
2021-10-13,465.8576601971556,472.0511654550331,462.3569737843484,466.0820617675781,1386140.0,0,1
2021-10-14,467.5631469413057,469.4032289124093,461.190109294223,462.6263122558594,387959.0,0,1
2021-10-15,467.5631469413057,469.4032289124093,461.190109294223,462.6263122558594,387959.0,0,1
2021-10-18,463.7931826239627,473.84638406426944,463.0301844034672,467.9221496582031,1108317.0,0,1
2021-10-19,469.67248176991205,473.80144870642096,453.4706995192857,458.7665710449219,1289601.0,0,1
2021-10-20,458.9460726141459,464.3765795635629,445.2575770646415,447.2771911621094,1002255.0,0,1
2021-10-21,447.2772076557231,453.2911808137262,441.1286264242482,445.302490234375,2200667.0,0,1
2021-10-22,450.3290674789644,454.0092311970786,439.8719327314233,446.2000732421875,607180.0,0,1
2021-10-25,446.2000819917603,446.6488851264548,432.87062341278175,443.50726318359375,683871.0,0,1
2021-10-26,439.9168354018848,455.0415064266703,436.6854473733942,448.0401611328125,780784.0,0,1
2021-10-27,447.8157425746301,453.0218751432004,444.5843546687534,448.5338439941406,862027.0,0,1
2021-10-28,466.7552658744167,481.1169663628603,435.6980830896035,438.74993896484375,7424700.0,0,1
2021-10-29,439.82707682811554,459.12561183179815,434.4414391526692,448.7582702636719,1308349.0,0,1
2021-11-01,453.2911582372203,458.6767957608309,443.86629257090186,452.2140197753906,656415.0,0,1
2021-11-02,454.1887378238047,471.69205874784456,453.2911316225719,468.5953063964844,1330349.0,0,1
2021-11-03,471.2881603730573,471.2881603730573,458.0933646602504,459.8885498046875,1314090.0,0,1
2021-11-04,462.2672527762384,464.5112685664143,461.369646460168,462.7609252929688,64089.0,0,1
2021-11-05,462.2672527762384,464.5112685664143,461.369646460168,462.7609252929688,64089.0,0,1
2021-11-08,462.9852957789654,476.6289218240689,462.8506877119198,475.4171752929688,765691.0,0,1
2021-11-09,474.3849415851607,483.8098079742698,473.3526723997557,475.55181884765625,880823.0,0,1
2021-11-10,474.833735230246,489.6442392591667,471.6023744472433,483.54052734375,1001719.0,0,1
2021-11-11,482.91213411543777,485.6498220599147,475.9556860868232,480.4885864257813,537716.0,0,1
2021-11-12,480.4886458121977,490.99065057502406,480.4886458121977,484.0790710449219,1334026.0,0,1
2021-11-15,484.7073697501738,494.5361690383264,484.7073697501738,489.5993347167969,835799.0,0,1
2021-11-16,489.24034800394384,492.7859041732283,484.7074467277656,487.2207336425781,1069585.0,0,1
2021-11-17,487.220655326443,488.6119340390842,480.2193376228804,485.2459106445313,914669.0,0,1
2021-11-18,484.30352686805446,489.6442959570511,467.518276067871,472.6346435546875,748124.0,0,1
2021-11-19,484.30352686805446,489.6442959570511,467.518276067871,472.6346435546875,748124.0,0,1
2021-11-22,471.2433057108668,471.2433057108668,455.89423256058734,459.6192932128906,583012.0,0,1
2021-11-23,452.1691037128,484.5726642185018,450.4187607413214,480.6232299804688,1457880.0,0,1
2021-11-24,476.6289699460895,500.8194719390685,476.6289699460895,494.1322937011719,2118292.0,0,1
2021-11-25,494.1322995170982,503.3327646761359,483.4507619548269,495.9723815917969,2506597.0,0,1
2021-11-26,491.7984770021605,497.6329175169837,481.1618102691992,483.00189208984375,782324.0,0,1
2021-11-29,478.8729077785742,482.6428647762997,468.2362962210428,478.962646484375,513097.0,0,1
2021-11-30,476.6289024933503,498.26119046631067,475.77616562782754,494.7605590820313,1620463.0,0,1
2021-12-01,494.5362445719316,499.06914582056686,487.44513227645,494.0425720214844,720482.0,0,1
2021-12-02,491.88821612603056,509.3915376852597,489.73393925068,504.4995727539063,1409396.0,0,1
2021-12-03,504.454749713206,512.5332065591471,501.7619307645591,507.4168395996094,806897.0,0,1
2021-12-06,508.763048811024,517.8737712486027,495.2540900265784,497.9020385742188,1410805.0,0,1
2021-12-07,500.5052887379425,528.6452812379374,495.0747811702208,525.9075927734375,2030844.0,0,1
2021-12-08,529.5877238845989,531.1136655715442,517.47003867707,523.080078125,1277695.0,0,1
2021-12-09,522.4067891672285,523.3043953341825,517.2904230584841,518.6817016601562,362390.0,0,1
2021-12-10,521.3745604919307,522.7658939867621,509.75060355913166,520.3423461914062,628423.0,0,1
2021-12-13,520.7911774320748,530.3506514944952,516.1236137937021,517.514892578125,459749.0,0,1
2021-12-14,515.9440757003372,524.965007803263,512.9371165945416,522.4517211914062,407005.0,0,1
2021-12-15,523.753295195026,544.4431102092034,517.739321808086,537.30712890625,2282818.0,0,1
2021-12-16,537.6661426374238,541.4360998367302,497.9470661571133,500.3257446289063,2635061.0,1,0
2021-12-17,499.9666683818616,502.6594870625538,483.89949500618326,488.7017211914063,1426816.0,1,0
2021-12-20,484.6176446393538,484.66251399551936,472.1408956351598,482.3287048339844,522564.0,0,1
2021-12-21,484.70741218669946,492.06779495849474,477.0328891175184,481.7901916503906,623385.0,0,1
2021-12-22,482.0593332879213,486.90642802388646,477.9752365896597,480.3089904785156,527661.0,0,1
2021-12-23,482.91217162788365,489.5095557758706,480.84768817096887,486.68212890625,561881.0,0,1
2021-12-24,489.1506068737269,491.7985566471568,475.32744673193565,478.78326416015625,536765.0,0,1
2021-12-27,475.8658929295686,485.2907569221391,473.3076826888396,482.9120788574219,520997.0,0,1
2021-12-28,487.71437075099175,490.54185256563255,479.32177359569584,489.1505737304688,839069.0,0,1
2021-12-29,489.01582893467537,492.60625360348433,483.6750612827155,485.5151977539063,382180.0,0,1
2021-12-30,487.3104430462414,495.25423624902527,478.4241194757236,492.8306884765625,827908.0,0,1
2021-12-31,492.9205296858209,498.1715047131755,489.4647125025216,496.8699645996094,393467.0,0,1
2022-01-03,497.3636241773017,501.7619169196146,495.4786728794763,498.26123046875,312604.0,0,1
2022-01-04,501.6721834102944,514.4181490526871,499.0691032238672,512.1741333007812,1178814.0,0,1
2022-01-05,511.09705206129263,518.5471734368516,504.9035466416058,508.2247009277344,744489.0,0,1
2022-01-06,502.6594876268514,513.3410236531365,499.6973980318719,510.1994018554688,538995.0,0,1
2022-01-07,507.8656350731696,519.7140492250456,507.8656350731696,515.944091796875,513874.0,0,1
2022-01-10,518.7715013614547,525.9972201348697,512.7575290137275,516.0338134765625,872525.0,0,1
2022-01-11,517.0211936288943,529.4081487691458,517.0211936288943,521.46435546875,823192.0,0,1
2022-01-12,522.3619731440774,523.7083825319637,512.5331736553995,514.2386474609375,275515.0,0,1
2022-01-13,514.5079731110926,522.2722352024876,509.79553975221535,519.175537109375,404723.0,0,1
2022-01-14,517.0211898550361,524.7855056794002,516.4377238897698,519.579345703125,564355.0,0,1
2022-01-17,520.7462629148706,523.3044186906537,515.4503643792589,520.4320678710938,356065.0,0,1
2022-01-18,520.7910731436733,524.0673025560184,505.9805724093087,507.5962524414063,234265.0,0,1
2022-01-19,508.13487397466616,509.4812833437411,500.8194159406815,505.9806518554688,820170.0,0,1
2022-01-20,507.1475352730085,518.8164166155733,503.24296996875023,514.59765625,765015.0,0,1
2022-01-21,513.7000922389253,515.2709033180676,491.8882693542313,494.1771545410156,994484.0,0,1
2022-01-24,492.7858181086492,496.4659817212934,476.7186447479049,481.9248046875,355331.0,0,1
2022-01-25,475.9108522877068,488.0285368557247,468.14653618731694,485.5601196289063,870237.0,0,1
2022-01-26,475.9108522877068,488.0285368557247,468.14653618731694,485.5601196289063,870237.0,0,1
2022-01-27,481.7452203007437,492.157429480972,475.7312482804694,481.2964172363281,635689.0,0,1
2022-01-28,484.93175261662896,497.5431088492742,481.34132779392365,486.5025634765625,639383.0,0,1
2022-01-31,492.2922089429821,493.1449459244988,483.8995567787982,489.8237915039063,1073260.0,0,1
2022-02-01,489.6442219377667,495.43379335591686,477.70606946357793,488.3426818847656,832461.0,0,1
2022-02-02,489.5095677559048,494.13226205813055,487.7143551780369,490.3623046875,244114.0,0,1
2022-02-03,490.0929930032012,491.43940232463854,482.2838079817574,484.57269287109375,266058.0,0,1
2022-02-04,487.8489546775954,529.497902989307,487.4898902944382,520.9257202148438,7770569.0,1,0
2022-02-07,517.918784865796,518.816391078735,468.86458341446615,470.4353942871094,3768139.0,1,0
2022-02-08,472.1408915380399,480.264217212908,453.4706923354684,457.8689575195313,3109561.0,1,0
2022-02-09,462.0876961198734,468.9544059889042,452.2589239143289,459.8885498046875,1220257.0,0,1
2022-02-10,464.8679750160397,467.2891847500493,457.2846444135531,462.4924926757813,917329.0,0,1
2022-02-11,462.1270131114088,467.6089469698244,448.7876630286436,452.625,1400187.0,0,1
2022-02-14,439.7424475200969,451.39155690734447,435.1741693290194,438.4176635742188,721629.0,0,1
2022-02-15,441.2956848619144,442.8489106407456,430.7429731160657,440.6104431152344,1024921.0,0,1
2022-02-16,445.0873372125531,446.275106268118,432.9814000433956,434.3975830078125,1399051.0,0,1
2022-02-17,436.727393588736,442.9402407545486,434.0777978233911,437.8237915039063,922823.0,0,1
2022-02-18,439.4226816753207,450.3408496068563,436.6817148148011,438.0978698730469,1604727.0,0,1
2022-02-21,437.4583523214628,443.0773573663749,432.3875741735608,436.40765380859375,559721.0,0,1
2022-02-22,429.41816900998833,433.072791724967,418.45430086505246,431.42822265625,468299.0,0,1
2022-02-23,433.07282355500223,442.16370937969793,431.06276976100537,433.3926086425781,500223.0,0,1
2022-02-24,423.0225560680191,427.7735764900563,395.6128872083202,405.7087707519531,725901.0,1,0
2022-02-25,411.1450968523598,426.22041707027967,411.1450968523598,424.712890625,445914.0,0,1
2022-02-28,418.45430063435714,435.8137585209353,417.5863165870048,434.169189453125,379802.0,0,1
2022-03-01,418.45430063435714,435.8137585209353,417.5863165870048,434.169189453125,379802.0,0,1
2022-03-02,430.0577115685455,441.8895351202543,428.3674430947137,438.0978698730469,443162.0,0,1
2022-03-03,443.0773422139595,444.6305401721312,436.3619672523608,438.5090637207031,260512.0,0,1
2022-03-04,433.9864404296875,440.1079445319295,426.0833245120585,428.2760925292969,311250.0,0,1
2022-03-07,420.2815784998921,432.3875152718998,409.7288674101456,425.3523559570313,238804.0,0,1
2022-03-08,424.5757810611537,438.5547010025884,420.647045135138,428.3217468261719,577601.0,0,1
2022-03-09,430.6059317186618,436.7274362246251,429.4181904300707,433.8494262695313,254402.0,0,1
2022-03-10,438.55472641103626,444.0366604911743,435.8137593709673,441.615478515625,474785.0,0,1
2022-03-11,444.63052101655705,448.0567297388914,438.0978886291512,439.3313293457031,1160192.0,0,1
2022-03-14,439.33134069836296,444.8589464268768,434.9001050597924,442.89459228515625,380517.0,0,1
2022-03-15,442.2093645297626,446.6406003086906,433.6210064149941,436.0878601074219,258379.0,0,1
2022-03-16,438.3719738612829,445.86396141513416,438.3719738612829,444.1280212402344,389812.0,0,1
2022-03-17,451.3915968353057,451.3915968353057,439.74248641763296,441.47845458984375,681311.0,0,1
2022-03-18,451.3915968353057,451.3915968353057,439.74248641763296,441.47845458984375,681311.0,0,1
2022-03-21,443.6712126156803,444.85895387029854,438.55473512932633,440.5647888183594,165135.0,0,1
2022-03-22,440.5647525737575,444.9502884112356,437.2755867543704,443.4884338378906,216083.0,0,1
2022-03-23,445.8639512711751,451.0717995599474,437.2298943404624,442.5291137695313,498893.0,0,1
2022-03-24,442.209321330164,452.9904465236205,438.554698839832,451.7113342285156,425873.0,0,1
2022-03-25,455.9141930127653,456.096935305273,442.39209984396746,443.9909973144531,595638.0,0,1
2022-03-28,447.5998896637918,449.9297282607741,438.4176616921668,448.1024169921875,228813.0,0,1
2022-03-29,452.2595963803681,453.081880979093,447.00607581635376,448.1938171386719,176995.0,0,1
2022-03-30,448.1937954091785,450.3865914095472,440.5647925704,447.1430969238281,291680.0,0,1
2022-03-31,449.5186040576807,451.3459154562891,445.0873683395433,449.3815612792969,184809.0,0,1
2022-04-01,448.2395020152169,460.98498258555856,446.3208194258201,459.1119995117188,606197.0,0,1
2022-04-04,460.4825155045847,467.0608483076749,459.15770346369953,465.0964660644531,365401.0,0,1
2022-04-05,467.791683307675,492.1862998206879,462.9493196139582,487.16119384765625,1206501.0,0,1
2022-04-06,483.7806237873932,505.2515296589772,475.4663804155048,494.1963195800781,3289661.0,0,1
2022-04-07,496.0236839055891,504.29225653866985,485.6079869960524,490.9528503417969,1034820.0,0,1
2022-04-08,493.145663137341,497.6682699967655,489.39969708051086,495.7038879394531,348421.0,0,1
2022-04-11,495.1557082146399,514.7993053856422,494.4704664528607,511.738525390625,1390063.0,0,1
2022-04-12,511.64716968041097,521.5603112869226,497.7595924932052,500.7289733886719,1614322.0,0,1
2022-04-13,501.1401295887597,515.1190500359335,498.3078193483609,500.7289733886719,966351.0,0,1
2022-04-14,501.1401295887597,515.1190500359335,498.3078193483609,500.7289733886719,966351.0,0,1
2022-04-15,501.1401295887597,515.1190500359335,498.3078193483609,500.7289733886719,966351.0,0,1
2022-04-18,501.9624867441098,527.9559479806895,494.10501390723,521.2406005859375,1645800.0,0,1
2022-04-19,521.8801486225702,523.0678898832552,495.2013909462434,500.3178405761719,816279.0,0,1
2022-04-20,498.4904866693863,508.54069854389104,498.4904866693863,503.1044921875,378515.0,0,1
2022-04-21,507.0788514205272,514.6165100227241,486.06477289319,509.50006103515625,282523.0,0,1
2022-04-22,506.9418763246495,508.40375900028414,492.323384159035,494.8359375,189865.0,0,1
2022-04-25,495.0186364542631,498.4905168865252,487.0698208822965,490.67877197265625,660146.0,0,1
2022-04-26,494.2877062398472,506.5307142457343,493.1456366782949,499.7239685058594,556162.0,0,1
2022-04-27,497.0286864674162,506.393657122363,490.7701674089376,497.71392822265625,453048.0,0,1
2022-04-28,497.9423823669879,503.0588322467286,492.0949632771802,500.683349609375,467619.0,0,1
2022-04-29,500.86610889856473,505.89121568003225,484.237562577775,487.1156005859375,395524.0,0,1
2022-05-02,483.4609798165065,491.72955349853737,480.81135574010784,490.3590698242188,327466.0,0,1
2022-05-03,483.4609798165065,491.72955349853737,480.81135574010784,490.3590698242188,327466.0,0,1
2022-05-04,490.31329528341325,498.4904682118949,481.4508248964759,483.1867370605469,709229.0,0,1
2022-05-05,488.8058182842189,493.73958155986486,473.5477563548463,477.8419494628906,485823.0,0,1
2022-05-06,473.273618452667,477.2479981548627,444.8132510276329,450.8433837890625,1166138.0,1,0
2022-05-09,445.8639251091209,448.1023924435312,431.4281780311511,444.3106994628906,1208803.0,0,1
2022-05-10,438.7831207056164,453.9041103806579,424.34737275994337,428.1390380859375,1153281.0,0,1
2022-05-11,417.5406365031099,451.07181036874607,410.2313912251561,413.3835144042969,2411659.0,0,1
2022-05-12,413.3835168108229,419.64203581045865,393.1460215236288,400.9577941894531,1043176.0,1,0
2022-05-13,408.40410696685245,410.4141607045007,391.0446482814605,394.3794860839844,425307.0,0,1
2022-05-16,394.01400615534254,396.9377154409968,386.7047608237652,392.7348937988281,527472.0,0,1
2022-05-17,395.38452044459376,404.97790568934994,393.0547094667486,402.2369384765625,443511.0,0,1
2022-05-18,405.11493162248456,407.58181316440607,394.8820045165921,396.8006591796875,444804.0,0,1
2022-05-19,390.1309438219204,395.7042485958877,379.3954904497716,383.5526123046875,499447.0,0,1
2022-05-20,387.2072933766112,394.1967821282748,387.02457895724257,392.55218505859375,237546.0,0,1
2022-05-23,393.7399542560124,398.35390461283873,389.85691734178175,392.55218505859375,333652.0,0,1
2022-05-24,394.4708660626384,405.3890633174541,391.13602818546514,393.3287963867188,1235154.0,0,1
2022-05-25,394.2424402656489,400.13553076910944,390.1766611886803,394.5622253417969,718678.0,0,1
2022-05-26,395.6129213339285,404.201279407622,383.3699404303604,402.8764953613281,379813.0,0,1
2022-05-27,403.6074319320967,405.5261146043812,394.4708743331811,395.7043151855469,330812.0,0,1
2022-05-30,397.44022242091967,414.7540087805557,393.0089867783356,406.07427978515625,548196.0,0,1
2022-05-31,407.4904697224529,421.1496345130349,402.00853515219575,416.6726989746094,1454096.0,0,1
2022-06-01,420.28157552083337,439.9251708984375,415.2564697265625,437.8694458007813,1718825.0,0,1
2022-06-02,433.9864813282743,441.6155124186624,429.5552453634629,439.3770446777344,465967.0,0,1
2022-06-03,439.4683462140176,442.8031835973424,423.9362009216303,425.3523559570313,479468.0,0,1
2022-06-06,425.3524266707742,425.3524266707742,414.9824561311563,419.5050354003906,166225.0,0,1
2022-06-07,418.40859420778366,421.60638881569207,413.611902295921,417.2208251953125,259434.0,0,1
2022-06-08,417.2208875422053,420.9668816477587,410.3227978673606,418.5,280457.0,0,1
2022-06-09,417.0381280980356,420.0531805574971,409.86592574637166,417.86041259765625,207483.0,0,1
2022-06-10,413.0637413419608,428.3217745732373,413.0637413419608,425.7635498046875,1029595.0,0,1
2022-06-13,421.5150661065557,426.5858441286522,408.8609289849239,416.4899597167969,758543.0,0,1
2022-06-14,416.5812898799952,432.2047786304939,415.7133058904979,430.6515808105469,1105510.0,0,1
2022-06-15,434.03210452912623,445.2700857316435,429.50952580002144,433.3468627929688,1712880.0,0,1
2022-06-16,439.4683847635461,439.4683847635461,424.9412649393502,429.1897583007813,1212931.0,0,1
2022-06-17,427.0883397984954,437.7324224211919,421.8804915007956,425.3980712890625,846318.0,0,1
2022-06-20,424.8499353957143,428.687300803926,410.3228141490183,414.4342651367188,469991.0,0,1
2022-06-21,413.65759083499216,426.6315120705262,411.6932367863347,423.3423461914063,476825.0,0,1
2022-06-22,422.8855302276901,433.8950698406746,414.9824142999721,420.7384338378906,716282.0,0,1
2022-06-23,424.30162655824535,424.30162655824535,404.8864463625873,416.4441833496094,695005.0,0,1
2022-06-24,416.4442594818164,424.4387469062457,414.84536199693054,422.6571350097656,314591.0,0,1
2022-06-27,423.52508339363817,433.7123666298876,423.2509978400195,429.098388671875,268302.0,0,1
2022-06-28,428.4131679627631,435.7224138324884,421.286664392805,434.2605590820313,480685.0,0,1
2022-06-29,429.9207022200621,434.5346804893586,417.5863495890205,420.3730163574219,774595.0,0,1
2022-06-30,421.19524304161706,423.1139254302486,408.95226324555216,412.6525573730469,414677.0,0,1
2022-07-01,412.0587166466134,420.8298168568447,410.5968619644817,418.81976318359375,220456.0,0,1
2022-07-04,417.9974535483417,426.5858109518399,415.7133144579136,425.4894409179688,222648.0,0,1
2022-07-05,428.2304480054024,433.75805396984566,424.9869534631378,431.1998291015625,482182.0,0,1
2022-07-06,431.7022891442088,437.8237930745146,428.6872366905103,436.3619384765625,252938.0,0,1
2022-07-07,438.32635789883005,441.3871103204931,436.1335896161299,438.828857421875,210536.0,0,1
2022-07-08,440.7931839770774,443.031623612801,433.0727825030608,439.3313293457031,225955.0,0,1
2022-07-11,437.2298926899262,450.4322277600541,434.16916862072617,446.73193359375,290019.0,0,1
2022-07-12,447.2801411892661,452.5793610310176,431.5195802089689,434.8087463378906,610344.0,0,1
2022-07-13,437.4126266105805,447.4628383969332,435.8137292809334,440.2449645996094,489593.0,0,1
2022-07-14,442.7575807602328,448.6049719669972,440.838898114208,447.5999450683594,413597.0,0,1
2022-07-15,450.1581277484088,455.0004913020142,447.9653319903059,454.1325073242188,410106.0,0,1
2022-07-18,456.8278249943612,473.2736266941582,456.8278249943612,472.222900390625,668856.0,0,1
2022-07-19,470.39562583355786,481.4965651540686,468.79672832118666,478.1160278320313,554599.0,0,1
2022-07-20,483.27817021593546,483.27817021593546,463.4061597052665,467.4262390136719,475779.0,0,1
2022-07-21,467.6089960284293,471.0352050493954,463.26913126853896,464.8223571777344,271885.0,0,1
2022-07-22,464.8223343454107,467.79171535105706,456.27964802957786,459.7515563964844,854890.0,0,1
2022-07-25,459.7515187001998,465.2334524149913,457.3760085139455,460.7108459472656,1153332.0,0,1
2022-07-26,460.6652270083919,467.1978598558503,455.82283494360513,458.33538818359375,555617.0,0,1
2022-07-27,457.7414835706727,467.7460241550309,454.26960323154304,466.0557556152344,489142.0,0,1
2022-07-28,467.5632615853154,469.1164872858614,457.7414637112712,459.4317321777344,394553.0,0,1
2022-07-29,461.3504547905026,481.268137807787,461.3504547905026,479.4408264160156,783185.0,0,1
2022-08-01,481.2681518795215,486.0648444231712,476.2430454052218,481.6336364746094,582879.0,0,1
2022-08-02,481.6336591596316,486.8871798120229,478.0703793676128,485.3339538574219,409849.0,0,1
2022-08-03,485.10548482042606,488.3032796369548,478.4814812719024,487.0241394042969,239748.0,0,1
2022-08-04,488.7145106130407,492.3691338196736,479.6236242335162,485.6994018554688,576025.0,0,1
2022-08-05,483.3238077971978,496.9372984135984,482.7756367484631,494.1506042480469,318171.0,0,1
2022-08-08,493.3740634970374,502.1908630489108,490.9528536571626,501.14013671875,445171.0,0,1
2022-08-09,493.3740634970374,502.1908630489108,490.9528536571626,501.14013671875,445171.0,0,1
2022-08-10,516.215508805271,516.215508805271,494.0136848008299,495.4298400878906,1509501.0,0,1
2022-08-11,497.9423670702795,511.0990317356154,495.9779849675324,508.7691650390625,343176.0,0,1
2022-08-12,507.0788545328455,533.4835234983484,505.8454417873239,529.1893310546875,1040317.0,0,1
2022-08-15,507.0788545328455,533.4835234983484,505.8454417873239,529.1893310546875,1040317.0,0,1
2022-08-16,529.1893716313026,533.5292360343963,524.2099371105194,530.7882690429688,524972.0,0,1
2022-08-17,531.5649587485377,540.8842595079502,529.2351474999665,531.519287109375,466031.0,0,1
2022-08-18,529.9203478224734,538.9655622723889,527.453466084758,536.7727661132812,416249.0,0,1
2022-08-19,536.8640423728978,545.5894985195104,531.3821084245083,535.7677001953125,323024.0,0,1
2022-08-22,535.3565532475141,557.3299610506687,524.8951846288675,533.1637573242188,1587273.0,0,1
2022-08-23,533.1180480497015,542.574361300322,527.8645282959984,530.6968383789062,673814.0,0,1
2022-08-24,533.9860638663008,540.6100674289174,524.7124365725912,530.7882690429688,602804.0,0,1
2022-08-25,531.7475969308585,535.4022195901771,521.2405567853175,522.5653686523438,385349.0,0,1
2022-08-26,525.3520363091155,529.8746432529744,524.4383805937953,526.58544921875,430991.0,0,1
2022-08-29,516.2154332731507,529.8745961561445,516.2154332731507,528.7781982421875,180340.0,0,1
2022-08-30,530.0116049143224,533.9403687076712,526.8595376251718,531.8846435546875,322415.0,0,1
2022-08-31,530.0116049143224,533.9403687076712,526.8595376251718,531.8846435546875,322415.0,0,1
2022-09-01,526.2656309565804,540.7470500579342,525.5347176221633,532.7525634765625,281377.0,0,1
2022-09-02,534.9453883364295,538.0975115129551,524.2556059732676,527.5447998046875,435849.0,0,1
2022-09-05,527.5448327719466,531.3364705346164,520.9665004631305,523.1592407226562,775095.0,0,1
2022-09-06,523.2963105188168,540.7928397588414,523.2963105188168,530.0116577148438,1930422.0,0,1
2022-09-07,530.0116139815832,540.2445682934087,528.458444007071,530.6511840820312,858247.0,0,1
2022-09-08,533.3008226135191,536.3158751538651,522.4282978980501,523.9358520507812,300802.0,0,1
2022-09-09,525.6717855645205,529.7832362213686,514.3424883247213,516.8550415039062,328987.0,0,1
2022-09-12,518.8193888915823,524.4383939903847,510.5051439758319,512.5151977539062,565980.0,0,1
2022-09-13,514.3881375227536,519.3219004018424,503.652683498078,504.9318237304688,347245.0,0,1
2022-09-14,500.68321005508295,509.13452336349445,498.1249858282606,499.3583984375,518910.0,0,1
2022-09-15,502.28222313359134,510.8706090548381,501.0030828423015,505.8911743164063,793298.0,0,1
2022-09-16,507.26161633480166,509.7741693143584,488.80576147739856,493.9222106933594,520713.0,0,1
2022-09-19,494.2876952960924,499.3128012556645,487.3896064500663,492.5517272949219,225478.0,0,1
2022-09-20,497.0287330271671,503.33298007197953,493.4654532600779,498.26214599609375,202450.0,0,1
2022-09-21,498.2620689117768,502.09943365994906,488.8970988283758,490.8614807128906,256847.0,0,1
2022-09-22,485.3338653196892,490.9985411862533,479.760532706976,487.89208984375,378990.0,0,1
2022-09-23,487.8464390376024,490.4046636708456,475.4206889023836,476.6998291015625,357807.0,0,1
2022-09-26,473.3193129276716,473.3193129276716,449.9754215032184,451.8941040039063,712467.0,0,1
2022-09-27,452.4422937419214,464.63957449032125,450.5236112804407,460.4824523925781,658739.0,0,1
2022-09-28,456.005553084524,462.30977166710926,448.5135653946028,451.30023193359375,456156.0,0,1
2022-09-29,454.223939833866,456.6908214537673,436.7274382101191,441.204345703125,445651.0,0,1
2022-09-30,442.84892197506827,448.8790271941409,433.9407790402324,444.8589477539063,484669.0,0,1
2022-10-03,446.68626672775457,450.706346236411,438.3263226385187,441.1586608886719,754927.0,0,1
2022-10-04,445.6355549284234,461.39611530262187,443.1230018252903,459.5231323242188,1137887.0,0,1
2022-10-05,445.6355549284234,461.39611530262187,443.1230018252903,459.5231323242188,1137887.0,0,1
2022-10-06,463.0864074720635,466.8780731353,458.2897149398515,459.1119995117188,269751.0,0,1
2022-10-07,459.6601775729209,461.3047466417093,446.0010140220713,448.4678955078125,340421.0,0,1
2022-10-10,442.2093685330265,450.9347695070489,439.4684013726979,448.92474365234375,380492.0,0,1
2022-10-11,451.163144520795,451.2088440323944,438.1892511438729,439.0115356445313,212229.0,0,1
2022-10-12,441.2043121135856,444.6305208345172,438.92017296629786,442.0722961425781,363771.0,0,1
2022-10-13,441.2956778249873,443.71685971480326,434.35188932617774,438.1435546875,251988.0,0,1
2022-10-14,442.209320196048,445.4071148668872,435.31123141626045,436.7273864746094,204800.0,0,1
2022-10-17,435.813763927956,441.9352682011416,434.4889520250466,440.6561279296875,188182.0,0,1
2022-10-18,442.8945792287418,443.30573542694896,436.2705757229999,440.7931823730469,279844.0,0,1
2022-10-19,443.0316266163007,447.2344482540351,438.6003910621954,439.8338317871094,419315.0,0,1
2022-10-20,437.5953717989392,444.72187450548034,434.9000765580044,443.4884338378906,238066.0,0,1
2022-10-21,444.4478400736461,445.5899097337361,438.9202061892745,442.5748291015625,108634.0,0,1
2022-10-24,444.9502970901152,447.5998928720458,438.646078744816,443.8082275390625,50151.0,0,1
2022-10-25,446.0467430979285,464.1371155838005,442.0723350552953,463.4518737792969,854864.0,0,1
2022-10-26,446.0467430979285,464.1371155838005,442.0723350552953,463.4518737792969,854864.0,0,1
2022-10-27,463.45184635872783,470.5326779196547,456.9648854167218,462.5838623046875,350944.0,0,1
2022-10-28,462.49250320605546,464.639571686901,450.5692801918663,456.5537414550781,241889.0,0,1
2022-10-31,458.6551496771164,463.5432131236929,456.0969249355264,460.80224609375,136507.0,0,1
2022-11-01,461.6702155015728,475.1009654866222,461.6702155015728,473.7761535644531,653923.0,0,1
2022-11-02,476.8825898383235,479.395142939932,461.25907224817325,462.9493408203125,824430.0,0,1
2022-11-03,460.9392828584472,467.3805441418006,457.23898856929657,465.7816467285156,248017.0,0,1
2022-11-04,465.7816436567503,471.4463198937683,465.370515339866,466.6496276855469,211024.0,0,1
2022-11-07,467.6089723445381,471.3092667467415,464.0000490881115,466.6039733886719,290040.0,0,1
2022-11-08,467.6089723445381,471.3092667467415,464.0000490881115,466.6039733886719,290040.0,0,1
2022-11-09,462.3097447610283,468.9337480209442,460.071277333965,461.9899597167969,304779.0,0,1
2022-11-10,461.6701831977836,466.87803149270167,455.7771210562262,465.05072021484375,362506.0,0,1
2022-11-11,475.14660387198586,481.9990211639531,461.9899682479202,465.05072021484375,941207.0,0,1
2022-11-14,465.9643796528371,473.7304526470511,463.1320415725535,471.8117980957031,293071.0,0,1
2022-11-15,473.7304250533023,476.9282196293613,467.4262070370117,475.0552368164063,385563.0,0,1
2022-11-16,475.0553005978844,478.4358378994725,462.30979220905743,465.37054443359375,254670.0,0,1
2022-11-17,465.0507475581456,469.9387832077685,461.67021034232215,466.6039733886719,265900.0,0,1
2022-11-18,467.7916828660328,471.1722198522672,462.9493191768877,467.8830261230469,170098.0,0,1
2022-11-21,467.74600899497136,481.49651501651897,464.1370581183902,479.8062744140625,376858.0,0,1
2022-11-22,483.3238148579874,493.3740265090987,478.4357796791738,484.28314208984375,1929291.0,0,1
2022-11-23,486.5216942084205,495.01868165847264,483.3695706703837,490.8158874511719,566216.0,0,1
2022-11-24,493.2369894580521,495.0186291614875,485.7450576017455,491.6380920410156,419836.0,0,1
2022-11-25,493.19133140374754,502.2365450608729,491.5467623111205,499.3128356933594,554988.0,0,1
2022-11-28,499.3127949800409,502.37351899272034,490.72440986921526,500.4548645019531,408754.0,0,1
2022-11-29,499.7697265057231,501.2772808935545,489.2170130862781,491.0899963378906,295357.0,0,1
2022-11-30,490.6331044259625,494.2420555463651,488.1205512841164,491.2726745605469,208439.0,0,1
2022-12-01,493.2370438132346,499.5869625508271,492.4604587168544,496.1150817871094,372795.0,0,1
2022-12-02,495.064341235634,503.8811414473337,493.60251435525305,502.236572265625,344496.0,0,1
2022-12-05,502.7390546685485,505.7084357274722,494.74456720221536,500.22650146484375,273850.0,0,1
2022-12-06,497.94227687035385,500.5919002826803,490.861446327702,496.4347229003906,334920.0,0,1
2022-12-07,496.4347229003906,500.13507250573497,493.55674136470105,496.4347229003906,194240.0,0,1
2022-12-08,496.11505874880703,498.810354290982,492.6888497795473,493.7852478027344,522584.0,0,1
2022-12-09,494.242042876063,496.3891113816426,480.5828795384396,483.0040893554688,189220.0,0,1
2022-12-12,483.00409950680336,487.4353072668184,477.5678370356213,483.2325134277344,119932.0,0,1
2022-12-13,483.64359555315366,485.7907197876439,477.2937334038944,480.44580078125,205913.0,0,1
2022-12-14,480.85696740270265,482.958364288209,476.1059467712644,477.2480163574219,209026.0,0,1
2022-12-15,476.92828948456895,484.2375353004245,476.6085322861733,478.6185302734375,223770.0,0,1
2022-12-16,476.5170829370245,482.3188296498017,467.3805266319713,469.2535095214844,282437.0,0,1
2022-12-19,469.2535105951843,474.0045310377056,464.5482175463842,470.7153930664063,1478848.0,0,1
2022-12-20,472.81683113873567,473.2736589949083,464.228473019201,467.51763916015625,303823.0,0,1
2022-12-21,468.2485267019371,472.3599771802956,460.1626685179872,465.1877746582031,270336.0,0,1
2022-12-22,467.47188008433824,468.6139774618148,454.0868311803815,455.777099609375,230108.0,0,1
2022-12-23,450.61494360746974,455.6857209279312,434.3518575395561,436.1791687011719,171057.0,0,1
2022-12-26,434.9000636392889,448.8789831032436,434.9000636392889,447.55419921875,194406.0,0,1
2022-12-27,447.7826434741975,452.5336361653279,445.54417595951486,450.2951965332031,155331.0,0,1
2022-12-28,450.2951806321884,455.8227860137844,446.8232725255384,452.9904479980469,109134.0,0,1
2022-12-29,450.93476323803446,459.5231491937141,446.8233125546999,453.9041442871094,174770.0,0,1
2022-12-30,454.2696145236863,460.20837643420384,448.6049381637077,449.83837890625,247252.0,0,1
2023-01-02,455.7314102412624,458.8835332704084,449.5185632036653,457.3760070800781,188637.0,0,1
2023-01-03,457.7415336865295,462.17276967896913,454.1325822978528,456.3253784179688,266421.0,0,1
2023-01-04,456.09695060656406,459.1120033561776,441.3413882921533,442.5748291015625,203566.0,0,1
2023-01-05,444.03665018763655,447.6912728229257,437.4583182910928,442.7575378417969,511661.0,0,1
2023-01-06,442.0722948009102,444.7218906272109,436.7274036359668,439.4226989746094,117220.0,0,1
2023-01-09,440.3820419720776,446.04671839528135,439.4683862833388,444.767578125,138957.0,0,1
2023-01-10,444.7675649406064,449.4272143915583,442.2093402409957,444.7218933105469,143284.0,0,1
2023-01-11,445.6355575063654,447.5542400090962,440.4734084956686,446.41217041015625,141961.0,0,1
2023-01-12,446.4121487060596,448.51354551291786,441.3870427150392,442.6204833984375,169141.0,0,1
2023-01-13,442.4834363917644,443.6712055099187,437.412658501068,439.4683837890625,188066.0,0,1
2023-01-16,440.4277199838679,442.6661876067295,435.9508126207038,437.7324523925781,298246.0,0,1
2023-01-17,437.6410853823105,443.0316484983992,434.16920483501536,440.8845520019531,163214.0,0,1
2023-01-18,441.2956778249873,443.0773174909683,437.0471846398296,438.1435546875,138196.0,0,1
2023-01-19,433.9864307095961,434.8087152123239,415.1194472457852,416.3985595703125,1145506.0,0,1
2023-01-20,414.16005180606857,424.849832949431,412.469811335862,420.2815551757813,488458.0,0,1
2023-01-23,418.04312710938194,450.3408595738314,417.5406276601881,448.60491943359375,2251975.0,0,1
2023-01-24,447.691296096842,450.6150055100901,431.6109500890966,432.8443908691406,835225.0,0,1
2023-01-25,428.5045066915532,432.25050049287375,421.4236752909998,424.8498840332031,540495.0,0,1
2023-01-26,428.5045066915532,432.25050049287375,421.4236752909998,424.8498840332031,540495.0,0,1
2023-01-27,425.4895113369696,427.6822796501748,400.1812348734547,401.9171752929688,406744.0,0,1
2023-01-30,399.7243654447202,403.1505742913892,393.6485606664722,397.6686401367188,703156.0,0,1
2023-01-31,397.44026130832407,413.33786618414473,397.3945896726925,411.0994262695313,416986.0,0,1
2023-02-01,411.19072395946495,420.0075234987869,396.6636043536889,401.4602966308594,469072.0,0,1
2023-02-02,401.4603322519316,409.3177773034656,397.8970803920966,404.7038269042969,337596.0,0,1
2023-02-03,406.0285426005721,406.80515543619794,395.7042454853654,404.9778442382813,212893.0,0,1
2023-02-06,403.7901304298029,410.3684344578036,402.1912330234575,406.5310974121094,155197.0,0,1
2023-02-07,406.5311509618545,410.2771173583924,399.7244042394944,408.17572021484375,293974.0,0,1
2023-02-08,408.17566599073166,414.4342128364912,403.1505598621384,413.3835144042969,216545.0,0,1
2023-02-09,413.3835145878717,414.8453413380653,409.9116063497671,410.6425476074219,475733.0,0,1
2023-02-10,409.8202782290265,415.2565411306256,408.267080173256,414.1144714355469,159007.0,0,1
2023-02-13,414.1144319623797,419.3222804285537,410.231395369241,417.9060974121094,388405.0,0,1
2023-02-14,418.04311833513134,419.45930127755287,411.4191150813031,417.5406188964844,417319.0,0,1
2023-02-15,451.7113140552523,463.3604227229404,440.10790489618654,460.8478698730469,13087706.0,1,0
2023-02-16,460.48246212585866,468.1571921340032,457.0562533302794,465.507568359375,2642615.0,0,1
2023-02-17,464.776634766468,467.883030480361,459.6601576109605,462.9949951171875,937022.0,0,1
2023-02-20,465.00504548820624,473.1822745551694,461.4417662140749,467.2891845703125,1255526.0,0,1
2023-02-21,468.7053595806692,475.2836915699125,463.771624530016,473.22796630859375,898392.0,0,1
2023-02-22,473.2756916440852,481.6725067835545,466.1670027730376,473.1802673339844,1563125.0,0,1
2023-02-23,470.413090331912,482.8174923082099,468.0276284133932,479.5255432128906,683218.0,0,1
2023-02-24,480.1458356549172,483.4854826819939,472.8940248579539,473.9436340332031,260551.0,0,1
2023-02-27,474.2298869603437,481.6725174016951,470.1269036102624,480.1935424804688,373184.0,0,1
2023-02-28,480.0504189156249,490.68957450293897,477.3309861839479,483.1515197753906,683583.0,0,1
2023-03-01,483.15149617880894,486.20487017380793,480.1458197777122,483.3423156738281,334566.0,0,1
2023-03-02,483.3423302953223,494.267758615179,481.3862629755942,491.9776916503906,818769.0,0,1
2023-03-03,494.7448471748998,499.2295276398715,485.53696915068593,487.3499145507813,636927.0,0,1
2023-03-06,491.40516115390966,501.3764037415922,487.6361196293347,496.8917236328125,475485.0,0,1
2023-03-07,491.40516115390966,501.3764037415922,487.6361196293347,496.8917236328125,475485.0,0,1
2023-03-08,495.2219221031559,510.0594844220665,493.7906448716439,506.43359375,730588.0,0,1
2023-03-09,506.19505574014295,512.5404081981065,503.85729124306056,508.9144592285156,556576.0,0,1
2023-03-10,503.80960312230286,512.2541157881992,503.80960312230286,511.3476867675781,367313.0,0,1
2023-03-13,511.4431172074924,516.6434366701473,503.7619402479436,507.0061340332031,893291.0,0,1
2023-03-14,506.6721219075157,512.1586844328796,501.56725659248673,503.7141723632813,470282.0,0,1
2023-03-15,504.429806904028,517.168150412953,502.8553787225576,513.3991088867188,512885.0,0,1
2023-03-16,509.8209337148058,522.8932772949432,509.0098999196388,520.6032104492188,391132.0,0,1
2023-03-17,522.8933073269325,524.8016770617023,509.00992915424655,510.8228454589844,723764.0,0,1
2023-03-20,508.5805124028438,513.1605879211842,503.8572858650346,505.7656555175781,378019.0,0,1
2023-03-21,507.0060277465104,510.20258150224,493.2658027199004,495.3650207519531,411254.0,0,1
2023-03-22,495.2219364325268,496.89175991760754,489.97391976513006,493.265869140625,437653.0,0,1
2023-03-23,490.5464116060667,499.7066211750266,488.017856678733,491.8822937011719,356863.0,0,1
2023-03-24,491.4052006832685,493.5521166085838,477.5695202756813,479.8595581054688,410113.0,0,1
2023-03-27,482.34047869751583,482.76987356073874,462.01635148028186,464.87890625,648980.0,0,1
2023-03-28,464.926534742921,491.3097672444853,463.30440896675736,487.9223937988281,1594416.0,0,1
2023-03-29,486.53887443970194,510.0118287916961,484.1534121909101,505.95654296875,2390188.0,0,1
2023-03-30,486.53887443970194,510.0118287916961,484.1534121909101,505.95654296875,2390188.0,0,1
2023-03-31,506.0042024208517,506.0042024208517,483.2946151720796,487.0159301757813,753861.0,0,1
2023-04-03,493.2658000727122,499.0386059507663,489.496758800656,496.7962951660156,336360.0,0,1
2023-04-04,493.2658000727122,499.0386059507663,489.496758800656,496.7962951660156,336360.0,0,1
2023-04-05,491.357428020894,500.8992751200906,490.45094089870776,498.2275695800781,488326.0,0,1
2023-04-06,498.2275972822913,505.71792437610907,494.315404810809,497.4642028808594,241931.0,0,1
2023-04-07,498.2275972822913,505.71792437610907,494.315404810809,497.4642028808594,241931.0,0,1
2023-04-10,496.9394531678157,501.2332849490563,492.2162265606869,496.1761169433594,8723233.0,0,1
2023-04-11,500.94710010526506,524.6108752815197,500.94710010526506,520.1739501953125,1134614.0,0,1
2023-04-12,520.0783034855731,520.0783034855731,503.8094677376397,511.0135498046875,490381.0,0,1
2023-04-13,512.3972334428267,517.6452498002486,510.9659562544389,514.3056030273438,328941.0,0,1
2023-04-14,512.3972334428267,517.6452498002486,510.9659562544389,514.3056030273438,328941.0,0,1
2023-04-17,514.7349906402602,516.1185702174686,490.2601277652402,496.1283874511719,775065.0,0,1
2023-04-18,499.6589253042897,508.485135260522,498.3230432045744,506.9584045410156,265988.0,0,1
2023-04-19,506.6721826967285,514.305661908732,506.4813340686635,508.9622497558594,253027.0,0,1
2023-04-20,508.5803953262953,516.2138721792228,507.8170592887639,513.351318359375,128613.0,0,1
2023-04-21,513.3514265105891,516.8342243540045,511.4430568953081,516.0231323242188,279636.0,0,1
2023-04-24,516.0231060758796,520.0306937118811,512.7311570092063,519.1242065429688,132400.0,0,1
2023-04-25,519.8399076820237,519.8399076820237,516.5479582191201,518.4086303710938,95231.0,0,1
2023-04-26,516.2140115243417,520.0307509810837,512.3018768767101,515.2598266601562,252945.0,0,1
2023-04-27,515.25981407163,518.9811582465645,513.4468395784422,517.2158813476562,67858.0,0,1
2023-04-28,517.9315482199281,532.2443216134716,514.4965059010074,526.1375732421875,310652.0,0,1
2023-05-01,517.9315482199281,532.2443216134716,514.4965059010074,526.1375732421875,310652.0,0,1
2023-05-02,526.1374739779678,533.8663468567765,515.2597449556021,517.0249633789062,212202.0,0,1
2023-05-03,517.0250593958943,522.1299835011323,508.8667902334503,514.1148071289062,376571.0,0,1
2023-05-04,514.1147871763757,523.8474843252651,514.0670895814874,522.6070556640625,81903.0,0,1
2023-05-05,522.6070490818686,528.3798557223578,515.0212679478873,515.689208984375,113547.0,0,1
2023-05-08,516.2140028357152,523.8474816207165,513.3514482913397,521.080322265625,121222.0,0,1
2023-05-09,520.9848681761812,521.9390529164306,494.8401829978213,509.1529541015625,219551.0,0,1
2023-05-10,511.25218483495024,516.5002010362473,509.5346639077436,513.208251953125,125077.0,0,1
2023-05-11,514.1147391265669,518.8856629459277,505.7179248522549,513.208251953125,112082.0,0,1
2023-05-12,513.2082714120525,516.2139768277414,503.6187258193008,510.6320190429688,230059.0,0,1
2023-05-15,509.0576492785414,510.6320776749329,506.0996993542711,507.5786743164063,97162.0,0,1
2023-05-16,507.62630947268894,511.7769900234141,499.56343633048135,505.3362426757813,247224.0,0,1
2023-05-17,505.7179165159679,511.8247221996113,500.7561441778595,509.9640502929688,136629.0,0,1
2023-05-18,511.44305282748496,515.2597920276901,507.62631362727984,510.6320190429688,114854.0,0,1
2023-05-19,510.3934982422277,510.3934982422277,501.85353220902135,502.9985656738281,80712.0,0,1
2023-05-22,502.9985599916838,508.437366970139,498.4661820170907,505.8611145019531,67594.0,0,1
2023-05-23,506.0519211220598,513.2560634618739,497.6074083412323,510.8228454589844,162633.0,0,1
2023-05-24,510.4410991685735,530.049582424172,508.1510326726569,527.5687255859375,477060.0,0,1
2023-05-25,528.761466423513,535.2976082194378,518.456225235726,530.0972900390625,418734.0,0,1
2023-05-26,530.0973245846942,534.0095169909534,522.8932413921098,527.1870727539062,172223.0,0,1
2023-05-29,529.9543110113232,531.9103783873563,520.9849497530129,529.9065551757812,141289.0,0,1
2023-05-30,532.2442354251353,542.4540237736513,520.9848671599184,540.545654296875,903975.0,0,1
2023-05-31,539.1144644901373,539.2576155196024,522.2253802379912,526.1375732421875,382258.0,0,1
2023-06-01,526.7099957773736,540.0685826267998,523.0841052802928,535.8224487304688,311774.0,0,1
2023-06-02,536.2518394175613,539.5914861043256,530.0973360184755,537.9693603515625,137857.0,0,1
2023-06-05,539.4005941200834,564.829639428191,538.160165669671,561.5853881835938,1114451.0,0,1
2023-06-06,562.8259699788375,586.8237447889068,558.7229863378351,584.1520385742188,984236.0,0,1
2023-06-07,601.1364280176526,692.1656818415676,599.2280584048982,656.2406005859375,8361595.0,1,0
2023-06-08,687.0131102635683,714.5413206223501,621.7945973278268,637.1092529296875,7294249.0,1,0
2023-06-09,643.1205499909668,662.8721868387496,624.2754003436054,649.2273559570312,1954838.0,1,0
2023-06-12,649.7997979045327,656.3836958043772,636.4412117508418,651.851318359375,737341.0,0,1
2023-06-13,653.6166464931171,654.1891341288225,634.5329487852888,639.5424194335938,580498.0,0,1
2023-06-14,639.4947155085006,644.7904299222506,630.7162030020091,632.6245727539062,484869.0,0,1
2023-06-15,632.7677257841576,643.4545498375576,623.1781211594555,625.8975830078125,536734.0,0,1
2023-06-16,629.7856321604881,651.6745113151318,625.2734367962089,644.1862182617188,1204655.0,0,1
2023-06-19,644.6183765880734,658.5389459388787,640.4421706251437,646.346435546875,512592.0,0,1
2023-06-20,645.1463698067524,647.9784972862938,630.3617420602229,633.6738891601562,416821.0,0,1
2023-06-21,634.5858794128914,640.9221143770453,629.7856836533384,634.3938598632812,204714.0,0,1
2023-06-22,634.5859117862229,646.1063821968654,624.0254805764674,626.6655883789062,345148.0,0,1
2023-06-23,626.8576320215938,636.4580243993006,610.6329454648113,615.1451416015625,450078.0,0,1
2023-06-26,615.1450882576365,618.5052252984508,599.6884813083469,606.2167358398438,331190.0,0,1
2023-06-27,609.5289017725119,614.4250781757684,600.8885491106652,602.5205688476562,241524.0,0,1
2023-06-28,605.6887187041534,608.6648166087374,590.9040924647916,594.6002197265625,401256.0,0,1
2023-06-29,605.6887187041534,608.6648166087374,590.9040924647916,594.6002197265625,401256.0,0,1
2023-06-30,600.5045254307033,602.9046234540075,587.6399765873357,590.6641235351562,381719.0,0,1
2023-07-03,593.2082562212879,595.1283346572253,580.1036974575584,581.9277954101562,351167.0,0,1
2023-07-04,586.5839343369582,593.7362378905732,564.5990138505209,567.2871704101562,633858.0,0,1
2023-07-05,569.2072306021029,595.1282874302669,569.2072306021029,585.3358764648438,1367642.0,0,1
2023-07-06,588.4080779443274,619.1293338493491,587.5440191835405,614.7611083984375,4530043.0,0,1
2023-07-07,618.2652088620101,622.5853850108906,604.8246608432707,608.2327880859375,660897.0,0,1
2023-07-10,610.6809125226926,612.024990843001,587.9280303282669,594.312255859375,446632.0,0,1
2023-07-11,597.1443275298027,608.6647968712136,593.3041710826657,599.2084350585938,394233.0,0,1
2023-07-12,600.9845444564355,609.5289168496248,596.8083973383664,600.8405151367188,333785.0,0,1
2023-07-13,601.8485802326636,603.8166488156019,583.4638066544576,587.6399536132812,339317.0,0,1
2023-07-14,588.4560060673394,593.7362213686114,584.1838201498098,586.055908203125,217457.0,0,1
2023-07-17,587.5440130608624,595.0802976330708,580.5837285924126,585.5279541015625,580804.0,0,1
2023-07-18,586.3439510821562,597.1443922605013,584.4238726504503,593.0162353515625,305340.0,0,1
2023-07-19,596.0883267761695,611.5449335257267,594.4562485153502,600.6004638671875,574493.0,0,1
2023-07-20,604.8246824567846,605.5927020803585,586.3919185103019,589.9920654296875,302739.0,0,1
2023-07-21,586.5838861616721,593.3041598165521,586.1518568503454,588.6959838867188,369097.0,0,1
2023-07-24,588.9360772919223,592.248224354253,576.9835771606305,579.7196655273438,202839.0,0,1
2023-07-25,587.5440288992563,608.6648926832165,583.7038718476272,587.1119995117188,1163389.0,0,1
2023-07-26,589.4640050199852,616.3450997114502,588.9839854719232,613.4169921875,1301998.0,0,1
2023-07-27,618.2653283900055,621.0974561321401,603.8647384430333,606.7928466796875,494115.0,0,1
2023-07-28,606.6488728330736,650.5706719465466,604.3927452619046,644.9544067382812,2190843.0,0,1
2023-07-31,648.026474331594,654.746748880218,638.6181016827493,649.70654296875,654223.0,0,1
2023-08-01,651.8186681983616,652.7307172158531,641.4982461390779,650.714599609375,387941.0,0,1
2023-08-02,649.4665690202229,650.9066279315759,624.9855675272212,637.610107421875,523123.0,0,1
2023-08-03,636.4579851722673,650.8585728512711,630.4097500663139,641.9782104492188,265718.0,0,1
2023-08-04,650.906578820031,653.7866964254293,634.9219026716129,639.3861083984375,273954.0,0,1
2023-08-07,643.1302320416663,643.1302320416663,629.3536354666734,633.7218017578125,130880.0,0,1
2023-08-08,634.6817472707805,636.6978642897337,626.9054549585973,631.2736206054688,118313.0,0,1
2023-08-09,631.2737567566867,647.450452242589,625.8975607388815,635.5939331054688,914069.0,0,1
2023-08-10,638.474056260756,648.0264579903609,634.825919031298,644.6663208007812,242959.0,0,1
2023-08-11,651.8666104801147,652.3466300754608,610.1049056849968,614.3291015625,669259.0,0,1
2023-08-14,614.3770739543838,620.9533187811215,603.3846138210725,616.921142578125,177462.0,0,1
2023-08-15,614.3770739543838,620.9533187811215,603.3846138210725,616.921142578125,177462.0,0,1
2023-08-16,611.4009031471877,615.4810694940339,605.8806780896899,607.5127563476562,117139.0,0,1
2023-08-17,608.5688757435755,611.9770032035284,600.072493618071,603.57666015625,285207.0,0,1
2023-08-18,603.5286941006287,608.6168903739385,596.6643900684627,604.7767333984375,322216.0,0,1
2023-08-21,606.7447432991844,616.1051250193854,602.904586696025,610.5848999023438,404038.0,0,1
2023-08-22,611.016985250561,645.5783978471954,611.016985250561,635.4979858398438,1352394.0,0,1
2023-08-23,638.5700378583864,639.1940281225983,627.8655783366687,633.3858032226562,203801.0,0,1
2023-08-24,635.1138928141439,647.930450722218,633.8658536288395,637.6580200195312,535557.0,0,1
2023-08-25,635.5459597903472,643.2262735038257,627.0976264247496,639.7221069335938,182047.0,0,1
2023-08-28,643.2262229071246,648.0264186004613,637.513978312826,640.05810546875,109403.0,0,1
2023-08-29,648.0263572861904,648.0263572861904,628.8255763295625,639.14599609375,167642.0,0,1
2023-08-30,639.1460540793729,639.3380736255866,629.7856725138095,634.2498779296875,259855.0,0,1
2023-08-31,635.5458952953037,638.3300321723634,626.7135237018816,630.6497192382812,115497.0,0,1
2023-09-01,632.6658481239443,646.106397249491,630.5057598716244,638.6181030273438,411163.0,0,1
2023-09-04,641.9781304989182,685.0358588583847,636.0258766136467,677.3075561523438,1887518.0,0,1
2023-09-05,686.572054546901,686.8600545865099,667.2272413065352,673.5634765625,558047.0,0,1
2023-09-06,672.0274184400699,680.8118002767071,657.6268309020685,672.1714477539062,309069.0,0,1
2023-09-07,675.6754608973569,695.5482806347181,669.4831974043638,691.1801147460938,772434.0,0,1
2023-09-08,696.988397977986,703.1326717567428,690.5081339471989,696.4603881835938,697714.0,0,1
2023-09-11,694.0602888528634,706.1567582450107,669.1472621372768,688.8280639648438,887536.0,0,1
2023-09-12,699.8685151155129,707.0688084808988,683.5958403905132,691.3721923828125,867240.0,0,1
2023-09-13,691.3723384130013,704.8128888672728,683.3079847019785,696.74853515625,438896.0,0,1
2023-09-14,700.7326347549325,710.4290072259103,693.7723505625165,697.3724975585938,349181.0,0,1
2023-09-15,700.5886598723213,715.7092784307167,690.2682376816705,695.2124633789062,513668.0,0,1
2023-09-18,691.2762572606912,703.1807675199968,688.8281688675688,693.96435546875,233574.0,0,1
2023-09-19,691.2762572606912,703.1807675199968,688.8281688675688,693.96435546875,233574.0,0,1
2023-09-20,694.9243128476946,700.7805867998045,686.332009362292,690.940185546875,244979.0,0,1
2023-09-21,690.0761250648077,693.1002718072001,683.1638315080103,689.30810546875,126316.0,0,1
2023-09-22,689.260219831047,691.5162887236175,677.8357288439694,682.6359252929688,159996.0,0,1
2023-09-25,682.5878754537686,697.468483146502,681.819855808211,689.3561401367188,379048.0,0,1
2023-09-26,689.3561128330533,703.0846612156254,689.3081225938835,693.436279296875,557907.0,0,1
2023-09-27,693.9162946822388,709.1329505599883,691.9482261190609,705.6287841796875,578304.0,0,1
2023-09-28,707.500875223834,717.8692864991777,699.9645326117618,705.436767578125,239837.0,0,1
2023-09-29,707.0688133575501,712.6370285459584,702.7006470716495,708.9888916015625,130774.0,0,1
2023-10-02,707.0688133575501,712.6370285459584,702.7006470716495,708.9888916015625,130774.0,0,1
2023-10-03,708.5568848533205,730.4938146477941,704.6207477661379,718.0133056640625,331825.0,0,1
2023-10-04,718.0132716698635,719.0692912492648,700.5885384367837,703.5646362304688,131948.0,0,1
2023-10-05,704.1886904729176,710.620964259178,700.8285535722289,703.3726806640625,78751.0,0,1
2023-10-06,703.708714195195,707.068851302539,696.0763910464282,700.8765869140625,97952.0,0,1
2023-10-09,687.3880518532302,696.0284044603239,680.0437286987441,694.684326171875,359663.0,0,1
2023-10-10,695.0683558376003,701.9806495485835,693.2923068198415,696.1724243164062,320685.0,0,1
2023-10-11,699.8686259479027,730.3978629325737,698.9085866804845,718.3013916015625,449315.0,0,1
2023-10-12,721.949469150641,724.3495671198918,708.6049010031498,711.3890380859375,119811.0,0,1
2023-10-13,710.140960183549,710.8609895351082,697.9964416821307,700.7805786132812,409942.0,0,1
2023-10-16,698.9564509677989,710.4289298652556,698.9564509677989,705.052734375,312995.0,0,1
2023-10-17,705.5808526652279,713.5011764121555,700.8766369407158,704.9088134765625,529992.0,0,1
2023-10-18,708.5088902975997,712.7330859817322,696.2204009384952,701.1165771484375,579564.0,0,1
2023-10-19,700.8285568547682,702.700644856005,683.451872239701,697.180419921875,138192.0,0,1
2023-10-20,696.0284469134422,710.5250159555262,691.5642410223669,706.0128784179688,118716.0,0,1
2023-10-23,706.012880638487,710.8610670819724,681.675850743214,694.0123901367188,177541.0,0,1
2023-10-24,706.012880638487,710.8610670819724,681.675850743214,694.0123901367188,177541.0,0,1
2023-10-25,687.6760246778143,696.0283769200831,671.067359265018,678.4116821289062,154306.0,0,1
2023-10-26,677.7876133249842,700.7325715488033,664.2990755155771,695.7403564453125,343497.0,0,1
2023-10-27,704.6206612317887,707.5487685683744,687.1479390811587,691.1801147460938,936763.0,0,1
2023-10-30,691.1802325241275,707.5488891356491,686.2360072145055,693.9163208007812,181946.0,0,1
2023-10-31,695.980329103708,704.1886513573584,689.3080459094523,697.8524169921875,921823.0,0,1
2023-11-01,697.8524461143766,700.8285438897002,686.7639476183906,690.1240844726562,171225.0,0,1
2023-11-02,694.8284400890675,705.6288821629909,691.5642830460446,700.252685546875,157346.0,0,1
2023-11-03,702.7486992266096,738.1741693883754,702.7486992266096,715.709228515625,716268.0,0,1
2023-11-06,719.9334474841156,729.1018104810302,715.2292317829243,718.7333984375,118080.0,0,1
2023-11-07,716.1891855732705,736.3500071510703,708.8448628457596,723.5335083007812,243292.0,0,1
2023-11-08,724.2054448256177,735.1499135987443,718.7332690351889,722.5734252929688,239390.0,0,1
2023-11-09,723.677473301423,768.0312921418417,708.2688572220547,729.7257080078125,673118.0,0,1
2023-11-10,729.7257887140722,756.798906475534,729.7257887140722,746.5745239257812,766244.0,0,1
2023-11-13,747.9184954988262,803.9848058528004,747.2945052028274,787.6161499023438,1434916.0,0,1
2023-11-14,747.9184954988262,803.9848058528004,747.2945052028274,787.6161499023438,1434916.0,0,1
2023-11-15,801.6327316555135,820.3534960474685,779.647810546504,793.328369140625,927000.0,0,1
2023-11-16,793.3284040085857,799.6167079191779,773.7916288767681,794.864501953125,628621.0,0,1
2023-11-17,792.0803061590376,814.3532266410992,787.2321200656662,800.6726684570312,431348.0,0,1
2023-11-20,799.7606100868582,807.3929331239643,787.2321107748523,792.704345703125,120836.0,0,1
2023-11-21,793.13634700262,805.904855653063,779.5997601748352,788.2401123046875,95980.0,0,1
2023-11-22,785.3120258140983,790.7842606960895,761.3110470300488,764.9111938476562,264443.0,0,1
2023-11-23,765.1991146402526,773.6954954077205,752.8626362611044,755.6947631835938,218305.0,0,1
2023-11-24,755.6948021014915,794.4323564043232,753.7747238987016,783.3919067382812,870841.0,0,1
2023-11-27,755.6948021014915,794.4323564043232,753.7747238987016,783.3919067382812,870841.0,0,1
2023-11-28,785.2641053194861,830.4339396836267,785.2641053194861,810.3211059570312,962879.0,0,1
2023-11-29,825.6337289056243,963.8793765363332,820.0175229090842,903.7809448242188,6224415.0,1,0
2023-11-30,893.7964897947193,933.2540772376404,883.2840488990653,925.477783203125,1442015.0,1,0
2023-12-01,926.4378852826164,940.310464299601,907.237100095412,914.389404296875,635463.0,0,1
2023-12-04,940.8383831570478,945.6385789894816,906.3249634026198,928.6458740234376,763217.0,0,1
2023-12-05,928.6459244872208,937.6223263393456,919.765561714648,927.5899047851562,353161.0,0,1
2023-12-06,912.0372555727654,921.0135988075768,892.8844614865086,904.6929321289062,1049903.0,0,1
2023-12-07,903.588814885358,1005.1609401986176,899.1725998566984,963.7352294921876,2765383.0,1,0
2023-12-08,967.8154893913328,972.5197048869924,916.8374315568389,928.0219116210938,847021.0,0,1
2023-12-11,934.11806960712,934.4540598627678,902.6767882303128,907.8610229492188,558601.0,0,1
2023-12-12,912.0371970152244,916.8373927889888,883.2360223726383,889.2362670898438,441862.0,0,1
2023-12-13,889.2842566756561,906.276961421538,867.0113365825091,875.6036987304688,550782.0,0,1
2023-12-14,881.795998803505,888.7082927125921,868.2594696201552,876.227783203125,522897.0,0,1
2023-12-15,878.435879083065,896.5806436304512,852.5148203560237,861.6351928710938,710740.0,0,1
2023-12-18,864.6592698042457,901.476747168686,858.3229763597539,893.6524047851562,651854.0,0,1
2023-12-19,898.5966194123918,912.9972062619491,883.523993457294,886.5961303710938,274129.0,0,1
2023-12-20,888.9962683586987,892.0204151722412,846.7545450241602,850.3067016601562,311758.0,0,1
2023-12-21,844.8345032018426,875.5557578637279,834.2740719118196,872.0036010742188,303393.0,0,1
2023-12-22,875.5557298080871,884.1001019255917,861.1551421467698,876.9957885742188,203752.0,0,1
2023-12-25,875.5557298080871,884.1001019255917,861.1551421467698,876.9957885742188,203752.0,0,1
2023-12-26,878.4358479398904,888.0362397206542,868.9794854742945,876.083740234375,346052.0,0,1
2023-12-27,877.4757572532645,887.028158233619,858.2749748188386,862.7871704101562,310145.0,0,1
2023-12-28,866.8673810515725,890.4843212163895,863.1711950860587,882.468017578125,444611.0,0,1
2023-12-29,884.1960521687366,902.3888056779726,864.1312106083194,896.5325317382812,859362.0,0,1
2024-01-01,907.0450702603524,911.749286016444,898.5967365928116,904.7890014648438,329025.0,0,1
2024-01-02,906.7090857696418,916.8374881869278,892.9324873077841,900.2288208007812,362520.0,0,1
2024-01-03,902.1008553309068,914.82137469724,902.1008553309068,906.5650024414062,250137.0,0,1
2024-01-04,964.8393724411524,1029.113948434822,943.7185105568684,974.0557250976562,7975873.0,1,0
2024-01-05,988.8403719535036,1003.240959894574,974.4397840124332,996.712646484375,1137345.0,0,1
2024-01-08,996.6647085511836,998.4407576142522,971.5596602938684,974.1997680664062,341438.0,0,1
2024-01-09,977.7998976680034,984.6642011931816,970.7916234245644,980.2479858398438,219963.0,0,1
2024-01-10,980.2480325903186,996.3287481006046,973.9597874267038,981.0160522460938,374547.0,0,1
2024-01-11,982.600029940308,987.880245049904,970.8395508325708,979.5278930664062,159305.0,0,1
2024-01-12,980.1999103577182,982.407988544292,966.7593631050167,973.047607421875,117332.0,0,1
2024-01-15,976.3598527527952,981.1600486856996,947.750696711912,970.9356079101562,389747.0,0,1
2024-01-16,973.3836946737124,996.0405946410684,954.9509317090792,968.3914794921876,335717.0,0,1
2024-01-17,966.7595189925393,993.5925689933206,953.0309695185276,961.8633422851562,312608.0,0,1
2024-01-18,961.911168546344,971.319539817192,936.2781133745654,957.2549438476562,175007.0,0,1
2024-01-19,963.6872829764256,970.5035960702908,938.4862553954724,949.4307250976562,274883.0,0,1
2024-01-22,963.6872829764256,970.5035960702908,938.4862553954724,949.4307250976562,274883.0,0,1
2024-01-23,947.0785924254384,964.791325918867,936.5661523361564,944.7744750976562,359714.0,0,1
2024-01-24,940.838444416139,970.5036800305752,932.1980913551746,960.0872192382812,428519.0,0,1
2024-01-25,960.087160563663,966.7114542773576,951.7828568980416,960.8071899414062,194979.0,0,1
2024-01-26,960.087160563663,966.7114542773576,951.7828568980416,960.8071899414062,194979.0,0,1
2024-01-29,960.807121949136,992.3923732599684,959.0790632840678,963.7352294921876,530860.0,0,1
2024-01-30,963.8793422869325,992.4885568930796,960.0391855447534,967.6715087890624,394555.0,0,1
2024-01-31,976.9838828938584,1026.665909844988,970.9836380929974,998.4407348632812,2126883.0,0,1
2024-02-01,1006.985117354951,1041.6425082461594,1003.2889899576952,1009.6731567382812,993246.0,0,1
2024-02-02,1022.4417559589418,1054.3630596074252,1014.6654618168662,1021.769775390625,512473.0,0,1
2024-02-05,1027.7698587064622,1084.220084907451,1026.3298001218616,1076.2518310546875,914432.0,0,1
2024-02-06,1080.044097161201,1123.245861047649,1077.2120284055588,1118.3016357421875,831483.0,0,1
2024-02-07,1128.0459263664436,1161.0712943725623,1071.8836398196888,1104.3330078125,894803.0,0,1
2024-02-08,1111.2454100733191,1165.967646249716,1096.6528606365289,1156.17529296875,469436.0,0,1
2024-02-09,1094.444718150669,1144.078699281113,1070.683747296082,1126.5579833984375,1223641.0,0,1
2024-02-12,1125.8379491248368,1146.910880369892,1072.9878602520996,1085.3243408203125,364493.0,0,1
2024-02-13,1087.6765065001478,1101.8851353886134,1064.6355626976413,1074.6199951171875,454176.0,0,1
2024-02-14,1072.3637176993525,1116.4774692363046,1014.7133205557932,1085.6123046875,809686.0,0,1
2024-02-15,1088.684546137216,1187.5205433739015,1088.684546137216,1160.159423828125,2399731.0,1,0
2024-02-16,1174.2681973704796,1182.0255430178486,1127.0454030892013,1137.9056396484375,1637423.0,1,0
2024-02-19,1141.3962888814897,1164.8137970068185,1134.6086122287963,1144.6446533203125,379899.0,0,1
2024-02-20,1167.5288159787362,1196.570325560795,1096.6945204288972,1115.506103515625,1537362.0,0,1
2024-02-21,1121.1299883330234,1124.8147737319698,1086.0280573963846,1090.58544921875,697562.0,0,1
2024-02-22,1093.2522564962662,1111.5305949506255,1077.4951498064315,1085.301025390625,519833.0,0,1
2024-02-23,1093.7856690822327,1118.02737274097,1081.034509284198,1091.7493896484375,1239321.0,0,1
2024-02-26,1095.0462724366007,1116.0880236235207,1068.9621759259878,1082.24658203125,920294.0,0,1
2024-02-27,1085.4464378774028,1131.6026133427838,1080.6950407630954,1116.2333984375,1206377.0,0,1
2024-02-28,1123.6998390915537,1160.692700288919,1052.0898745308916,1083.7979736328125,1672445.0,0,1
2024-02-29,1090.4887219722889,1093.5432001619072,1032.2116928152077,1045.15673828125,6486191.0,0,1
2024-03-01,1054.6109542887395,1104.4519160528066,1054.5625419065373,1082.3919677734375,980882.0,0,1
2024-03-04,1125.3968092958678,1134.3662395086603,1103.482333206259,1110.94873046875,1273651.0,0,1
2024-03-05,1110.9485498093654,1126.317881882337,1094.9975589935443,1109.9788818359375,930614.0,0,1
2024-03-06,1107.3123663604863,1138.3902742612845,1105.0336701494275,1126.5118408203125,1017060.0,0,1
2024-03-07,1126.5117877147522,1137.8084434751188,1105.4215089260315,1109.8819580078125,523306.0,0,1
2024-03-08,1126.5117877147522,1137.8084434751188,1105.4215089260315,1109.8819580078125,523306.0,0,1
2024-03-11,1134.511720339937,1248.4477264424522,1102.6096149576945,1123.9908447265625,9547108.0,1,0
2024-03-12,1126.7541754117976,1174.9466259287276,1109.3001520405303,1162.3409423828125,3778555.0,0,1
2024-03-13,1168.93484564625,1169.274205793515,1090.876566861909,1101.494384765625,1519388.0,0,1
2024-03-14,1098.052234960884,1116.815289959555,1070.610579013107,1109.2518310546875,853841.0,0,1
2024-03-15,1093.058151571639,1149.0564733753756,1081.6160228863205,1120.8875732421875,787157.0,0,1
2024-03-18,1153.8564938569252,1211.600275838815,1140.329671377708,1154.244384765625,5326912.0,0,1
2024-03-19,1156.0381878947817,1242.2902309207268,1129.6632646005364,1225.660400390625,3474052.0,0,1
2024-03-20,1210.1455750512296,1221.781590195953,1151.9169685841096,1182.994873046875,2356398.0,0,1
2024-03-21,1197.540053326616,1217.903082573465,1180.1345590079295,1206.703369140625,944303.0,0,1
2024-03-22,1206.7034170808863,1257.368575196006,1188.8130880217611,1244.7144775390625,1177615.0,0,1
2024-03-25,1206.7034170808863,1257.368575196006,1188.8130880217611,1244.7144775390625,1177615.0,0,1
2024-03-26,1240.8842079197598,1400.1037793817363,1236.0358674678305,1362.3836669921875,4289126.0,1,0
2024-03-27,1349.7294057327297,1468.7561598298926,1323.645429671571,1376.9771728515625,8682246.0,1,0
2024-03-28,1376.9285671779126,1405.048939324504,1290.7250578549997,1316.7606201171875,2886474.0,0,1
2024-03-29,1376.9285671779126,1405.048939324504,1290.7250578549997,1316.7606201171875,2886474.0,0,1
2024-04-01,1356.5655843241982,1418.6243387178713,1344.0084305869254,1379.352783203125,3177319.0,0,1
2024-04-02,1380.807306576295,1439.9570577709258,1365.6319778831528,1421.0,2261177.0,0,1
2024-04-03,1415.7639090867865,1452.5627648957843,1406.0186976628088,1435.884521484375,1586556.0,0,1
2024-04-04,1439.9570166580822,1467.8835031160984,1412.8548427151918,1430.793701171875,1127131.0,0,1
2024-04-05,1436.5629748350625,1465.168177506432,1422.9876244147513,1445.241455078125,1295625.0,0,1
2024-04-08,1459.25347143209,1543.1297577176338,1444.80539382035,1520.827392578125,1647829.0,0,1
2024-04-09,1525.2878057836194,1583.4678873774003,1504.8762464773963,1548.12353515625,2122571.0,0,1
2024-04-10,1550.984055005279,1551.4203582832463,1516.512308280002,1523.0091552734375,797678.0,0,1
2024-04-11,1550.984055005279,1551.4203582832463,1516.512308280002,1523.0091552734375,797678.0,0,1
2024-04-12,1523.106068639496,1566.0138792632729,1512.5366633659787,1533.045166015625,703440.0,0,1
2024-04-15,1291.9373205502568,1508.803623381413,1291.9373205502568,1478.986328125,1124183.0,1,0
2024-04-16,1479.5196021525132,1528.2938355012254,1452.27183444091,1461.289794921875,766057.0,1,0
2024-04-17,1479.5196021525132,1528.2938355012254,1452.27183444091,1461.289794921875,766057.0,0,1
2024-04-18,1475.931744242393,1543.2267319086802,1435.108742208512,1465.5078125,1381297.0,0,1
2024-04-19,1466.138184908852,1485.3860732528012,1432.1998009989247,1455.6173095703125,603619.0,0,1
2024-04-22,1472.9255895208348,1484.7554909506962,1425.460391570308,1431.8116455078125,455740.0,0,1
2024-04-23,1445.7750135209976,1508.754903885656,1443.1084264739268,1458.9140625,793375.0,0,1
2024-04-24,1470.5016019160632,1487.8586837328885,1450.6234068357603,1469.14404296875,371208.0,0,1
2024-04-25,1476.222799771302,1486.1618982046982,1455.4718779051125,1464.0050048828125,306326.0,0,1
2024-04-26,1471.9076343888046,1473.8469705747605,1440.4419521187451,1444.611572265625,227797.0,0,1
2024-04-29,1459.0595795499382,1509.7732698070392,1448.9265949962546,1488.3436279296875,694049.0,0,1
2024-04-30,1488.343553910275,1527.2272200943792,1452.3203612040356,1455.5687255859375,1052082.0,0,1
2024-05-01,1488.343553910275,1527.2272200943792,1452.3203612040356,1455.5687255859375,1052082.0,0,1
2024-05-02,1461.7743793303734,1469.2893056586058,1434.6236777574045,1460.368408203125,424948.0,0,1
2024-05-03,1467.204759040073,1476.8044967767023,1431.5694568361705,1439.2298583984375,462210.0,0,1
2024-05-06,1439.229843844732,1450.9628039074396,1381.7770102602276,1396.90380859375,654757.0,0,1
2024-05-07,1402.1400165154998,1403.6914617399057,1320.978847138958,1331.354248046875,957140.0,0,1
2024-05-08,1328.445247627361,1328.445247627361,1284.8587154993616,1290.53125,814820.0,0,1
2024-05-09,1295.4765543696783,1336.493561484595,1263.7684555132432,1281.1739501953125,819692.0,0,1
2024-05-10,1282.0467139024113,1305.609577928927,1259.8898212867764,1286.7010498046875,515224.0,0,1
2024-05-13,1289.270689986911,1295.719006564963,1256.6898653007986,1275.259033203125,399623.0,0,1
2024-05-14,1276.0831787330865,1335.2329309387994,1276.0831787330865,1318.5546875,629983.0,0,1
2024-05-15,1326.5544337940692,1348.614382108582,1315.985028290722,1324.3726806640625,971912.0,0,1
2024-05-16,1337.2692183907982,1338.1419433317255,1290.9675678153708,1298.0946044921875,574950.0,0,1
2024-05-17,1306.96718168801,1354.626394546933,1291.1131312378247,1336.8330078125,950802.0,0,1
2024-05-20,1306.96718168801,1354.626394546933,1291.1131312378247,1336.8330078125,950802.0,0,1
2024-05-21,1349.777932640031,1394.2857200407063,1326.505899318651,1374.1165771484375,946369.0,0,1
2024-05-22,1388.6132740421865,1414.7457824434664,1328.6392063225865,1339.887451171875,871185.0,0,1
2024-05-23,1318.748586921305,1405.9701832459748,1318.748586921305,1383.1829833984375,1656923.0,0,1
2024-05-24,1384.6374632804784,1419.5940443003858,1338.869178051747,1358.1170654296875,1172065.0,0,1
2024-05-27,1381.7768753736534,1415.8607286397382,1342.9901560649191,1355.8382568359375,1111590.0,0,1
2024-05-28,1359.2807257148545,1413.7760230134293,1358.504943924427,1390.6978759765625,1290287.0,0,1
2024-05-29,1402.091420413942,1429.0482386063095,1380.8072548094212,1412.030517578125,1794041.0,0,1
2024-05-30,1404.9036588890626,1431.9088928746112,1368.3956297984817,1396.7584228515625,1218851.0,0,1
2024-05-31,1423.472730396937,1515.5911972822978,1409.9943205159634,1456.24755859375,23992516.0,0,1
2024-06-03,1473.8953516849529,1498.1370515481924,1453.8232715452607,1469.2894287109375,785567.0,0,1
2024-06-04,1469.2895538667497,1483.6891011385492,1255.8171030136944,1356.420166015625,889317.0,1,0
2024-06-05,1362.7228702807454,1469.0469878256197,1358.5533689926694,1395.7401123046875,568094.0,1,0
2024-06-06,1409.703379629995,1433.3147716540038,1397.3885250628268,1417.6060791015625,178746.0,0,1
2024-06-07,1420.5638177563574,1459.3505431558483,1407.2308809002825,1452.5628662109375,452171.0,0,1
2024-06-10,1467.1078923817286,1502.985613477647,1459.3505472799084,1485.0467529296875,201588.0,0,1
2024-06-11,1527.2272601672698,1536.9239411842048,1500.367501097435,1533.1422119140625,900866.0,0,1
2024-06-12,1546.6204488788649,1565.0441407463877,1522.4272797998988,1560.19580078125,483154.0,0,1
2024-06-13,1563.104932639773,1583.5649052929728,1527.2272139625577,1549.335693359375,402726.0,0,1
2024-06-14,1555.362708225078,1560.077377701434,1532.032267601702,1554.48779296875,410344.0,0,1
2024-06-17,1555.362708225078,1560.077377701434,1532.032267601702,1554.48779296875,410344.0,0,1
2024-06-18,1561.3412427995836,1564.1117090422497,1543.6975723797964,1559.6885986328125,249173.0,0,1
2024-06-19,1560.2231447428037,1565.0836529818778,1511.618062352062,1545.54443359375,193683.0,0,1
2024-06-20,1547.585939879854,1568.7778048642135,1543.551694004627,1551.571533203125,154930.0,0,1
2024-06-21,1550.8423938487797,1565.083707215712,1435.7941835761533,1461.5062255859375,928189.0,1,0
2024-06-24,1461.9435763818497,1471.761778516149,1432.3430123456087,1449.4034423828125,410511.0,0,1
2024-06-25,1453.486424115803,1482.8925007378914,1450.181373245458,1470.64404296875,212220.0,0,1
2024-06-26,1470.6439083941127,1480.89962792528,1445.7094781707249,1469.0399169921875,159463.0,0,1
2024-06-27,1474.143492935662,1483.8645093912098,1451.1533839500923,1476.8167724609375,234960.0,0,1
2024-06-28,1477.5944165053006,1488.773584788071,1448.5285552371488,1456.5970458984375,249494.0,0,1
2024-07-01,1448.5286266552157,1456.6943041451357,1409.547374715013,1415.8173828125,312165.0,0,1
2024-07-02,1424.17749228021,1440.7032194307124,1414.4078237635738,1432.8291015625,203868.0,0,1
2024-07-03,1435.162300964778,1463.0130380127223,1435.162300964778,1455.1390380859375,211602.0,0,1
2024-07-04,1463.012944661809,1475.601613231371,1461.0687414130884,1471.6646728515625,162576.0,0,1
2024-07-05,1471.6647221954229,1479.5387218837984,1448.6258417267638,1467.387451171875,113593.0,0,1
2024-07-08,1475.6504091298284,1481.2886465647398,1416.5952297130714,1432.197509765625,233580.0,0,1
2024-07-09,1501.5082174618744,1506.5632173504937,1459.2217947686368,1476.2822265625,355912.0,0,1
2024-07-10,1494.7521876064902,1506.7089671965962,1458.152535239039,1502.14013671875,767922.0,0,1
2024-07-11,1502.1402068230611,1505.591215450087,1472.8313157639702,1487.412841796875,146226.0,0,1
2024-07-12,1479.635872625514,1492.1760074306828,1458.298289235972,1467.922119140625,140951.0,0,1
2024-07-15,1467.922153814136,1482.4550261124189,1453.9238662280584,1477.059814453125,165401.0,0,1
2024-07-16,1475.650434486736,1505.4939103006352,1465.0059679489325,1502.431884765625,374305.0,0,1
2024-07-17,1475.650434486736,1505.4939103006352,1465.0059679489325,1502.431884765625,374305.0,0,1
2024-07-18,1507.8755855001205,1639.9355785715202,1477.594593615122,1499.6612548828125,3254915.0,1,0
2024-07-19,1499.6612076887998,1545.1556135790488,1465.6863015878016,1483.9132080078125,476631.0,0,1
2024-07-22,1477.788943800715,1504.862070838017,1461.1660286107226,1467.0958251953125,231364.0,0,1
2024-07-23,1564.306075312791,1564.306075312791,1415.4287884999103,1451.347900390625,577864.0,0,1
2024-07-24,1462.9643404343512,1506.708914975373,1450.4243239977272,1477.059814453125,314215.0,0,1
2024-07-25,1465.7349754579757,1500.4876108709725,1460.2425771772355,1492.12744140625,159592.0,0,1
2024-07-26,1497.3281712400312,1530.087948335054,1494.0715358845205,1513.4163818359375,270472.0,0,1
2024-07-29,1525.2274412568229,1562.847726472019,1506.806163030041,1547.7801513671875,424061.0,0,1
2024-07-30,1567.0277824491056,1594.10078833229,1541.7044882507014,1556.6263427734375,785634.0,0,1
2024-07-31,1652.5727605007155,1854.7698982560971,1622.437610162173,1814.3790283203125,15274443.0,1,0
2024-08-01,1812.9695962561095,1843.104747722029,1749.7829883436984,1776.3214111328125,3746881.0,1,0
2024-08-02,1768.787556946649,1823.5654597115915,1736.173500004187,1799.7003173828125,1829423.0,0,1
2024-08-05,1759.5039624729686,1777.925241023015,1694.4218053601037,1713.815185546875,1097432.0,0,1
2024-08-06,1730.3410553508295,1773.0648783246272,1701.2266564078814,1718.7244873046875,868056.0,0,1
2024-08-07,1754.643552009237,1777.9253400395232,1716.051162347845,1721.6407470703125,734738.0,0,1
2024-08-08,1725.480495540913,1772.6760799411882,1683.6801229728794,1698.6505126953125,824083.0,0,1
2024-08-09,1729.368870727982,1798.3880892899194,1706.0870832001035,1741.5201416015625,1710447.0,0,1
2024-08-12,1730.4382117425878,1740.2078812895702,1695.6855759815346,1702.5389404296875,538222.0,0,1
2024-08-13,1711.239090535047,1725.3832167992534,1655.634924443342,1664.432373046875,407712.0,0,1
2024-08-14,1670.653840662246,1674.6394336196372,1627.2981316173386,1631.769775390625,307264.0,0,1
2024-08-15,1670.653840662246,1674.6394336196372,1627.2981316173386,1631.769775390625,307264.0,0,1
2024-08-16,1646.740184172077,1684.6521482704898,1628.270252944645,1641.0047607421875,940549.0,0,1
2024-08-19,1647.7608522352805,1681.444077491832,1610.7723391657275,1626.131591796875,483283.0,0,1
2024-08-20,1632.0615140754153,1762.712001982544,1624.6249125825505,1747.2069091796875,1930032.0,1,0
2024-08-21,1754.6435966217605,1767.961342659301,1671.0428490818867,1675.0284423828125,956087.0,1,0
2024-08-22,1682.853820615086,1691.456896614918,1641.588033748818,1651.163330078125,479020.0,0,1
2024-08-23,1657.2873957933652,1662.2937427867544,1619.424085784677,1625.3538818359375,395370.0,0,1
2024-08-26,1630.214527480688,1638.963442655003,1574.8533839268978,1582.2413330078125,675850.0,0,1
2024-08-27,1587.5878709983656,1658.308267709359,1587.442032014464,1641.73388671875,831236.0,0,1
2024-08-28,1647.6153109357135,1652.5730062214243,1619.472893542671,1626.8609619140625,380258.0,0,1
2024-08-29,1630.992231802486,1642.8518247281124,1605.037045976272,1613.056884765625,325729.0,0,1
2024-08-30,1618.4520857935397,1720.6199470522206,1611.793213121232,1694.8592529296875,1450689.0,0,1
2024-09-02,1694.8593141654987,1725.480517719392,1661.3218055112343,1716.87744140625,751347.0,0,1
2024-09-03,1716.8772719529934,1718.6756361877744,1658.9885739582587,1665.064208984375,623308.0,0,1
2024-09-04,1661.3216077581978,1692.4288584593462,1633.227848235775,1685.283935546875,826409.0,0,1
2024-09-05,1691.7971254613476,1701.177930353103,1615.9246609664524,1626.7149658203125,525716.0,0,1
2024-09-06,1630.6518143359704,1657.433261421913,1616.604993398617,1647.56640625,546682.0,0,1
2024-09-09,1640.9561287336196,1664.1892616933549,1613.4942589455131,1623.8470458984375,633571.0,0,1
2024-09-10,1629.1935973258644,1666.279296376577,1628.853385505439,1641.2476806640625,600504.0,0,1
2024-09-11,1642.8516860463362,1666.182124191373,1638.2342034967978,1652.8643798828125,427830.0,0,1
2024-09-12,1661.3217705864618,1693.4011260161592,1659.5234062119905,1677.70166015625,457946.0,0,1
2024-09-13,1676.87532335131,1726.4525068243051,1670.216450872691,1713.815185546875,663591.0,0,1
2024-09-16,1720.5228420312144,1746.8667746663527,1696.3661382458254,1731.1187744140625,621144.0,0,1
2024-09-17,1757.5598430137627,1846.9931978573836,1710.8989622257868,1730.3896484375,3895585.0,0,1
2024-09-18,1788.6669567118051,1914.9429791821804,1752.9422226579145,1878.9752197265625,6172266.0,1,0
2024-09-19,1878.100478972016,1878.100478972016,1769.2250888866818,1790.9515380859375,1228563.0,0,1
2024-09-20,1804.5608460054093,1866.435138792604,1788.7641944401073,1848.9859619140625,1489978.0,0,1
2024-09-23,1855.985024358993,1867.5044048626044,1798.3880031761882,1810.05322265625,550984.0,0,1
2024-09-24,1813.941793246178,1876.156302768019,1812.969691534899,1861.866455078125,1057400.0,0,1
2024-09-25,1855.7907427407156,1876.1075727355733,1814.9624725531653,1834.2586669921875,564052.0,0,1
2024-09-26,1837.2720800182717,1863.518824018532,1800.9641078841937,1836.6888427734373,748505.0,0,1
2024-09-27,1880.9681500000656,1902.6947180776208,1842.181386832753,1854.57568359375,925681.0,0,1
2024-09-30,1846.993170302516,1895.0635503479089,1815.6428914908024,1825.60693359375,750958.0,0,1
2024-10-01,1827.5512276338293,1835.2308549297104,1799.4574642845912,1809.76171875,479862.0,0,1
2024-10-02,1827.5512276338293,1835.2308549297104,1799.4574642845912,1809.76171875,479862.0,0,1
2024-10-03,1791.097427301686,1812.969716101842,1778.9461557460434,1806.0191650390625,295260.0,0,1
2024-10-04,1806.067652205065,1846.9931073238704,1741.034029061606,1837.9525146484373,545903.0,0,1
2024-10-07,1838.0498729130493,1846.993160751841,1723.6334359139385,1749.248291015625,499299.0,0,1
2024-10-08,1744.5336167724197,1771.1205734628622,1704.774635111981,1765.968505859375,508863.0,0,1
2024-10-09,1847.965301412392,1929.330164902943,1833.432428701485,1881.16259765625,4857383.0,1,0
2024-10-10,1890.737865885396,1895.404001657856,1814.8652783514424,1831.634033203125,569426.0,0,1
2024-10-11,1836.300023574117,1847.7708705520213,1795.6175931055975,1833.7725830078125,302649.0,0,1
2024-10-14,1837.272131012635,1922.817076795234,1837.272131012635,1886.1202392578125,1521615.0,0,1
2024-10-15,1891.7100212529344,1906.7289459495964,1874.212189607224,1898.7091064453125,393681.0,0,1
2024-10-16,1898.708932056096,1919.5119315016057,1882.037483367788,1893.9942626953125,433097.0,0,1
2024-10-17,1895.598250866757,1899.6810304027224,1868.3794041876447,1885.682861328125,1086885.0,0,1
2024-10-18,1878.1003228509696,1937.3985214503016,1851.9022317553608,1918.58837890625,739060.0,0,1
2024-10-21,1923.5949246645569,1935.8433825632517,1895.598347754888,1912.1727294921875,424087.0,0,1
2024-10-22,1923.789189942789,1980.1710863635485,1864.49098853475,1898.0771484375,2101262.0,0,1
2024-10-23,1890.7377341479505,1966.7560367130875,1853.8950573948416,1902.4029541015625,1287350.0,0,1
2024-10-24,1897.8340432275672,1949.063751217612,1890.7376539243169,1900.1669921875,1068959.0,0,1
2024-10-25,1900.1672436811095,1942.2106443779476,1854.2354359834085,1870.12939453125,355939.0,0,1
2024-10-28,1875.1355723373229,1884.273352272432,1764.267441955756,1778.022705078125,549193.0,0,1
2024-10-29,1785.9451737014122,1812.1433853914807,1777.0018856378465,1791.3890380859375,296729.0,0,1
2024-10-30,1795.471674633193,1837.2720438856168,1766.9890499790145,1777.1475830078125,352735.0,0,1
2024-10-31,1778.9461085451833,1792.5555323264032,1751.7272609827432,1770.92626953125,259920.0,0,1
2024-11-01,1762.857729157825,1791.5833810237548,1762.420330871442,1774.52294921875,53939.0,0,1
2024-11-04,1777.4392453981488,1782.7858045661617,1740.061983771309,1747.547119140625,217523.0,0,1
2024-11-05,1744.9224829610937,1745.748745640687,1638.0884865944802,1662.1966552734375,1112364.0,1,0
2024-11-06,1662.342485757792,1744.8738214923335,1662.342485757792,1738.6524658203125,773246.0,0,1
2024-11-07,1747.3041187564531,1747.8388221468165,1701.1779414665898,1707.0592041015625,222251.0,0,1
2024-11-08,1708.4687981042316,1712.843255908766,1640.9077275675352,1646.8375244140625,439856.0,0,1
2024-11-11,1642.8518930579062,1672.306622393428,1629.2911216432433,1633.3739013671875,327203.0,0,1
2024-11-12,1644.261379631543,1661.8078628532237,1594.2467944307027,1612.425048828125,262961.0,0,1
2024-11-13,1611.258429481669,1644.7959352536857,1588.4140414920344,1599.204345703125,289890.0,0,1
2024-11-14,1555.3627625881977,1592.5943061835571,1502.577591366956,1515.506591796875,989846.0,0,1
2024-11-15,1555.3627625881977,1592.5943061835571,1502.577591366956,1515.506591796875,989846.0,0,1
2024-11-18,1534.4624382217105,1552.4463185556365,1486.3434070579635,1538.93408203125,622083.0,0,1
2024-11-19,1545.641610855988,1570.333016296952,1526.199578015032,1538.253662109375,451519.0,0,1
2024-11-20,1545.641610855988,1570.333016296952,1526.199578015032,1538.253662109375,451519.0,0,1
2024-11-21,1537.8647442247554,1547.5857603070865,1504.8132895448302,1538.2049560546875,457053.0,0,1
2024-11-22,1526.6857150465132,1531.4490370944775,1445.0778250541834,1475.067138671875,1109742.0,0,1
2024-11-25,1497.0364573901347,1627.2980712149906,1458.1523935618195,1569.36083984375,2466643.0,0,1
2024-11-26,1567.0279234278776,1572.2772962839745,1501.8971102332946,1511.8125,543858.0,0,1
2024-11-27,1516.9645896940242,1523.137411295619,1479.7817024426326,1489.98876953125,475277.0,0,1
2024-11-28,1496.745002599436,1509.67400321587,1460.825890748647,1466.026611328125,370066.0,0,1
2024-11-29,1467.8735313705442,1513.5136576118257,1460.291090828688,1468.553955078125,748693.0,0,1
2024-12-02,1468.5539409157568,1574.6103277204925,1464.7628393461446,1542.044921875,3316136.0,0,1
2024-12-03,1559.6399636423555,1671.8690554575182,1554.4392433722433,1641.9769287109375,2584341.0,0,1
2024-12-04,1667.15433735162,1667.15433735162,1606.1549585359849,1621.2225341796875,574426.0,0,1
2024-12-05,1628.5620841378293,1648.9762205731606,1609.071396884858,1617.8203125,510452.0,0,1
2024-12-06,1626.9092840051442,1656.461197649207,1589.6778623225605,1602.6553955078125,1072709.0,0,1
2024-12-09,1608.8282069165095,1632.158646170888,1583.407725412643,1600.0306396484375,836072.0,0,1
2024-12-10,1607.5645023710729,1608.7796294722982,1570.9163164640213,1579.2763671875,1358165.0,0,1
2024-12-11,1578.9361103762694,1638.0399383629506,1567.0765176718824,1621.562744140625,666243.0,0,1
2024-12-12,1617.9173467078977,1665.9391916321706,1580.1512215889677,1641.0047607421875,1028013.0,0,1
2024-12-13,1628.6105291551908,1641.87974084703,1606.4952158903773,1622.632080078125,507777.0,0,1
2024-12-16,1618.5492919557264,1623.409800339978,1591.3304450039184,1595.65625,435840.0,0,1
2024-12-17,1595.7049299073726,1602.7040146347886,1565.8614553823184,1578.8389892578125,409424.0,0,1
2024-12-18,1579.6165607404855,1585.3034504401328,1545.1069514655376,1565.3753662109375,328753.0,0,1
2024-12-19,1535.9206824209175,1590.552750367708,1528.678572238697,1586.469970703125,642274.0,0,1
2024-12-20,1585.5950063002092,1593.3232857565345,1404.1522063084824,1437.9327392578125,2952028.0,1,0
2024-12-23,1437.9326686137435,1514.534323723691,1437.641109326638,1508.06982421875,1534398.0,1,0
2024-12-24,1502.869133325147,1506.7575398796753,1449.5493821791297,1460.19384765625,460805.0,0,1
2024-12-25,1502.869133325147,1506.7575398796753,1449.5493821791297,1460.19384765625,460805.0,0,1
2024-12-26,1470.7898814290504,1476.087788261751,1418.345041847302,1427.288330078125,321207.0,0,1
2024-12-27,1433.9472612674483,1443.279414292684,1400.1181917178733,1410.95703125,530465.0,0,1
2024-12-30,1410.9568999916355,1418.2476624057265,1360.9423172968768,1369.98291015625,1033835.0,0,1
2024-12-31,1370.663428490593,1456.2083800559635,1370.663428490593,1444.4945068359375,2012848.0,0,1
2025-01-01,1442.598824465137,1479.1984747082709,1431.5654946551767,1452.5628662109375,535228.0,0,1
2025-01-02,1458.1525751162862,1502.188830350702,1441.5781933798935,1495.5784912109375,482031.0,0,1
2025-01-03,1479.0527612032151,1497.279668382026,1465.9293880344717,1471.227294921875,300817.0,0,1
2025-01-06,1472.782671675257,1474.435197036098,1419.0740548061326,1430.3017578125,348138.0,0,1
2025-01-07,1444.54313453383,1452.903185469109,1406.922845992695,1412.9498291015625,316996.0,0,1
2025-01-08,1425.635709971281,1432.975006166597,1390.0566949564982,1394.43115234375,587136.0,0,1
2025-01-09,1397.7851163150158,1417.3243375649545,1371.635555764164,1375.32958984375,730612.0,0,1
2025-01-10,1377.9054254227617,1384.2727386457757,1312.4344035463066,1320.3570556640625,521333.0,0,1
2025-01-13,1302.6161566943836,1327.8907985406925,1264.70419392492,1273.2100830078125,449041.0,0,1
2025-01-14,1274.4253204002516,1348.742447415355,1274.4253204002516,1339.6533203125,561822.0,0,1
2025-01-15,1345.7775306518572,1401.4788832802628,1322.4470913524829,1381.45361328125,688751.0,0,1
2025-01-16,1390.2998476816051,1462.1381893081395,1390.2026612414943,1451.1048583984375,737681.0,0,1
2025-01-17,1448.4315113643577,1475.6503585577818,1431.2253589972745,1435.794189453125,333687.0,0,1
2025-01-20,1439.8768251501317,1480.4135325818224,1432.1973175342184,1441.5780029296875,276280.0,0,1
2025-01-21,1441.626848033131,1443.5710514694536,1391.1262112405584,1397.8336181640625,292099.0,0,1
2025-01-22,1404.6867781165693,1409.401447029894,1335.861939030843,1351.22119140625,354441.0,0,1
2025-01-23,1352.19336786014,1418.0046007710423,1344.9512581797007,1384.5157470703125,618512.0,0,1
2025-01-24,1386.0227046369405,1447.1678089869774,1343.541787514128,1428.6978759765625,1031287.0,0,1
2025-01-27,1409.5473619393572,1421.5042594410183,1371.7812373886215,1414.8939208984375,473572.0,0,1
2025-01-28,1407.0685750358136,1450.327101203437,1389.279184911804,1425.2469482421875,372243.0,0,1
2025-01-29,1420.2404841765003,1452.12546516806,1419.2683825446204,1433.8985595703125,375289.0,0,1
2025-01-30,1424.1289634005757,1443.5709970306175,1401.2845738852764,1412.803955078125,168208.0,0,1
2025-01-31,1428.9893833983035,1447.0219159404196,1402.207936263953,1422.6220703125,432765.0,0,1
2025-02-03,1341.5002452666088,1361.9143794337094,1267.4746826372443,1306.7962646484375,1066990.0,1,0
2025-02-04,1327.8908988500234,1337.2230512729727,1276.4666960913282,1315.0592041015625,480098.0,0,1
2025-02-05,1359.970305057243,1409.547492732668,1289.2985575426887,1296.4434814453125,2640132.0,0,1
2025-02-06,1304.7548918732082,1343.444588114032,1297.7558068974188,1336.3968505859375,1165548.0,0,1
2025-02-07,1341.5003935429463,1370.4690726955034,1326.0439522322165,1368.038818359375,721914.0,0,1
2025-02-10,1369.6913164941432,1380.3844353596048,1309.5181966000928,1312.483154296875,417977.0,0,1
2025-02-11,1315.7396442992776,1320.2599409143804,1238.8464239509046,1246.5745849609375,534202.0,0,1
2025-02-12,1256.0589718501328,1260.33426595189,1220.2348026850837,1247.0169677734375,538656.0,0,1
2025-02-13,1249.0317714973958,1257.0418746781036,1229.1294275081607,1234.141845703125,361459.0,0,1
2025-02-14,1248.5402862088688,1260.4817159336826,1195.8605285476087,1216.4508056640625,420303.0,0,1
2025-02-17,1216.401743774424,1222.7409605949813,1186.5236344716286,1218.072509765625,374969.0,0,1
2025-02-18,1218.1217372309395,1218.711412306494,1187.2607952147134,1213.9447021484375,1412340.0,0,1
2025-02-19,1215.0256863364066,1241.7095909250793,1194.14051275934,1237.0902099609375,552892.0,0,1
2025-02-20,1236.3530622285411,1252.078369087712,1213.8953823652018,1238.3187255859375,749886.0,0,1
2025-02-21,1237.3851886764048,1271.7843003552566,1230.6036255219435,1267.1650390625,479150.0,0,1
2025-02-24,1243.282059682855,1286.5266530631284,1232.9623271716534,1280.924560546875,451488.0,0,1
2025-02-25,1277.7795878261047,1320.483701141232,1264.0691323278195,1299.7950439453125,952901.0,0,1
2025-02-26,1277.7795878261047,1320.483701141232,1264.0691323278195,1299.7950439453125,952901.0,0,1
2025-02-27,1299.7948842986902,1312.669955187945,1273.3076187672707,1290.1630859375,377025.0,0,1
2025-02-28,1278.713320342295,1278.713320342295,1216.7457293511768,1241.267333984375,2361453.0,0,1
2025-03-03,1248.4912150889418,1267.7546933180224,1210.8979007997652,1245.4935302734375,444579.0,0,1
2025-03-04,1227.0654425787616,1261.1696563890764,1203.9688964028696,1254.78125,395698.0,0,1
2025-03-05,1246.230567057912,1291.6373425681438,1246.230567057912,1288.738037109375,385085.0,0,1
2025-03-06,1288.4924529109055,1307.952569983603,1279.0081023175223,1304.0703125,349457.0,0,1
2025-03-07,1303.2348456855293,1340.0418451850835,1297.4853041847723,1309.1318359375,620985.0,0,1
2025-03-10,1309.1317718232394,1368.0524818820634,1309.1317718232394,1326.67529296875,833274.0,0,1
2025-03-11,1299.5492880794477,1330.7050067238515,1281.4651597921045,1311.4415283203125,439957.0,0,1
2025-03-12,1317.9772786326491,1330.3118641667277,1279.646843236174,1293.3082275390625,239088.0,0,1
2025-03-13,1297.1905031754666,1306.5765946812123,1260.4325705423166,1269.0323486328125,228014.0,0,1
2025-03-14,1297.1905031754666,1306.5765946812123,1260.4325705423166,1269.0323486328125,228014.0,0,1
2025-03-17,1270.3592191037574,1314.9796843159806,1260.4817120835637,1288.2958984375,487213.0,0,1
2025-03-18,1288.2958984375,1288.2958984375,1288.2958984375,1288.2958984375,0.0,0,1
2025-03-19,1367.1188745362938,1425.0076848074034,1358.2241997926528,1415.76904296875,714540.0,1,0
2025-03-20,1415.7691699060683,1447.9077209137563,1403.532962314276,1443.38671875,685073.0,0,1
2025-03-21,1438.8656261317703,1478.4737921086971,1430.0693303006442,1472.822509765625,1024148.0,0,1
2025-03-24,1483.093084977166,1520.4406908281485,1483.093084977166,1503.830810546875,644359.0,0,1
2025-03-25,1512.5779849816126,1516.411052603186,1453.0184080084402,1466.483154296875,696251.0,0,1
2025-03-26,1468.3014929738754,1492.8232179236136,1463.4857132209386,1474.1494140625,472531.0,0,1
2025-03-27,1469.726708219055,1482.2578137586147,1446.1878144560712,1476.1641845703125,511336.0,0,1
2025-03-28,1476.1640996956685,1508.155321164752,1457.5886755906042,1461.3233642578125,461042.0,0,1
2025-03-31,1476.1640996956685,1508.155321164752,1457.5886755906042,1461.3233642578125,461042.0,0,1
2025-04-01,1456.9987176338796,1482.1101140413157,1447.7110066199325,1474.5423583984375,252185.0,0,1
2025-04-02,1489.9728937109328,1493.8059614297745,1466.3849323329234,1483.781005859375,403452.0,0,1
2025-04-03,1473.8544512978017,1534.4952415577952,1473.608743363137,1525.3548583984375,571040.0,0,1
2025-04-04,1525.3547848177748,1540.8343839549398,1478.91598740628,1510.6614990234375,555099.0,0,1
2025-04-07,1359.6003145469244,1485.746749114082,1359.6003145469244,1471.0042724609375,294552.0,1,0
2025-04-08,1508.2535446222244,1508.6467013080342,1456.5566197644994,1483.8302001953125,255617.0,1,0
2025-04-09,1478.7194742689378,1508.9906184813276,1458.9644612255663,1504.6170654296875,383342.0,0,1
2025-04-10,1478.7194742689378,1508.9906184813276,1458.9644612255663,1504.6170654296875,383342.0,0,1
2025-04-11,1524.9616439661827,1541.6207132904087,1504.223919060621,1535.33056640625,708281.0,0,1
2025-04-14,1524.9616439661827,1541.6207132904087,1504.223919060621,1535.33056640625,708281.0,0,1
2025-04-15,1572.432521735043,1600.050069579929,1543.8321421520866,1595.7255859375,487077.0,0,1
2025-04-16,1597.1015961614012,1611.8440724336604,1559.7539896050116,1577.6414794921875,351590.0,0,1
2025-04-17,1564.1767186057562,1582.2608466674928,1553.0706719227142,1563.685302734375,243465.0,0,1
2025-04-18,1564.1767186057562,1582.2608466674928,1553.0706719227142,1563.685302734375,243465.0,0,1
2025-04-21,1572.5306613029827,1594.3494762387345,1560.7366813432104,1565.159423828125,328035.0,0,1
2025-04-22,1572.1375133596002,1594.1529667348225,1558.8692858312893,1562.2109375,334510.0,0,1
2025-04-23,1567.4201046369487,1587.0767394080435,1544.9132338291292,1581.9659423828125,278065.0,0,1
2025-04-24,1582.260874175356,1588.944058157579,1568.599488718543,1573.21875,273185.0,0,1
2025-04-25,1573.12037924175,1581.376189433833,1495.7715732176302,1512.184814453125,294520.0,0,1
2025-04-28,1512.0865348762018,1558.9675578734357,1511.988275703428,1530.2689208984375,231208.0,0,1
2025-04-29,1540.0972934798542,1558.7710960172617,1519.5560866937917,1527.91015625,301597.0,0,1
2025-04-30,1519.654228083877,1551.5962562641869,1498.8182453837776,1512.6761474609375,575987.0,0,1
2025-05-01,1519.654228083877,1551.5962562641869,1498.8182453837776,1512.6761474609375,575987.0,0,1
2025-05-02,1513.5607653125976,1528.3032402994086,1461.2741686825352,1464.3209228515625,258239.0,0,1
2025-05-05,1464.8124967574777,1466.974678665711,1430.4133847427904,1452.527099609375,682821.0,0,1
2025-05-06,1459.7015738765426,1483.9775885357394,1426.0887781632805,1437.19482421875,285336.0,0,1
2025-05-07,1385.1047965891185,1478.9652262288205,1385.1047965891185,1476.114990234375,511125.0,0,1
2025-05-08,1467.95735861127,1484.272340341626,1386.8737458200208,1395.6209716796875,528111.0,0,1
2025-05-09,1366.1361376371524,1388.0533337344002,1343.9241639985432,1348.1502685546875,711136.0,1,0
2025-05-12,1405.4492949131204,1446.728225253226,1388.8394156146876,1440.044921875,678744.0,0,1
2025-05-13,1439.8484443393445,1443.68151197448,1398.5695128292746,1402.3043212890625,699179.0,0,1
2025-05-14,1405.449436210959,1443.7798753803488,1395.8176368401002,1425.0078125,706479.0,0,1
2025-05-15,1444.6644411323718,1447.2197797366512,1381.3700512189223,1408.10302734375,1234033.0,0,1
2025-05-16,1418.2260593541914,1434.934197267581,1407.9063271135683,1418.029541015625,513476.0,0,1
2025-05-19,1425.0077584940946,1444.566134041899,1396.8987948300844,1399.8472900390625,568203.0,0,1
2025-05-20,1415.2777279540571,1446.433446614325,1358.3717453143215,1366.529296875,1043014.0,0,1
2025-05-21,1371.0502162216412,1393.851863584029,1365.2514852190511,1374.6866455078125,960328.0,0,1
2025-05-22,1374.7849472984476,1381.7630279540142,1356.3076644594637,1370.656982421875,496523.0,0,1
2025-05-23,1377.930046284666,1391.1982742624427,1363.4824682542496,1377.831787109375,834234.0,0,1
2025-05-26,1393.6554198372264,1414.2948865626015,1383.9253615289197,1401.6163330078125,520002.0,0,1
2025-05-27,1401.5180197581938,1405.3510874256592,1389.7240392272693,1400.9283447265625,293467.0,0,1
2025-05-28,1400.9283727757422,1401.4197886410363,1369.1828598879035,1372.2296142578125,324782.0,0,1
2025-05-29,1375.8661280927167,1385.5961859690287,1356.307753164488,1376.3575439453125,373352.0,0,1
2025-05-30,1382.844212960989,1385.7927080845727,1337.6339543993645,1350.4107666015625,1370742.0,0,1
2025-06-02,1346.5776342270924,1375.6694273866722,1341.8601142408345,1372.5244140625,392420.0,0,1
2025-06-03,1399.0609158935315,1399.0609158935315,1374.6866419014832,1379.207763671875,723802.0,0,1
2025-06-04,1390.706864195033,1428.8407823832845,1380.878547133584,1394.7364501953125,1148156.0,0,1
2025-06-05,1404.3683078343122,1409.7738824449334,1383.3356844453428,1386.2841796875,285426.0,0,1
2025-06-06,1397.5283443927765,1405.1230227947235,1382.2402584552765,1388.75,257246.0,0,1
2025-06-09,1400.5859860986268,1403.5449705763,1382.3389151529757,1387.9609375,883603.0,0,1
2025-06-10,1395.6542013556398,1435.107323655446,1391.117116371437,1431.7537841796875,870071.0,0,1
2025-06-11,1445.9570066048698,1448.6200443364276,1403.0517338986542,1412.81640625,1051804.0,0,1
2025-06-12,1412.8165306669175,1425.244241844243,1374.2511223208223,1379.7745361328125,427130.0,0,1
2025-06-13,1380.859375,1400.289990901947,1370.8974850177765,1394.66796875,779438.0,0,1
2025-06-16,1400.5859375,1405.221631526947,1373.264696598053,1401.572265625,314047.0,0,1
2025-06-17,1399.5995607967925,1420.3124507028765,1383.6210938869365,1387.56640625,430219.0,0,1
2025-06-18,1390.624023046981,1394.9638908008887,1364.1903816015804,1368.431640625,283090.0,0,1
2025-06-19,1369.0233885924456,1376.4208492656758,1339.630763356927,1348.11328125,215247.0,0,1
2025-06-20,1347.324122458804,1374.9413079850458,1341.9979268841826,1371.0946044921875,576579.0,0,1
2025-06-23,1361.9218511237043,1399.599535345246,1358.864137776832,1397.3309326171875,242297.0,0,1
2025-06-24,1406.503929913755,1434.1211178784008,1399.994188259508,1431.2607421875,590558.0,0,1
2025-06-25,1435.10739790838,1461.7382568386386,1429.7812020420522,1441.9130859375,649892.0,0,1
2025-06-26,1444.3788562332977,1463.6122536841197,1436.8827869481242,1440.7293701171875,389029.0,0,1
2025-06-27,1448.0283442260527,1471.6016112751477,1439.1513908068323,1453.05859375,1038044.0,0,1
2025-06-30,1453.0585697616075,1460.258813354439,1418.3398673446022,1447.53515625,769672.0,0,1
2025-07-01,1447.5350577069207,1457.7928937595227,1423.961792651779,1436.7840576171875,396855.0,0,1
2025-07-02,1436.7841076547973,1452.565357392592,1426.2304450531992,1449.310546875,189187.0,0,1
2025-07-03,1452.8614281938578,1458.680788612455,1420.3125978269893,1422.6798095703125,220214.0,0,1
2025-07-04,1425.2440922905114,1433.6278810686908,1408.5751234630318,1420.115234375,175116.0,0,1
2025-07-07,1416.4657482287764,1428.8934581023298,1410.4491709504523,1421.1015625,160058.0,0,1
2025-07-08,1416.3672117814954,1435.1074464777687,1400.6845702448634,1404.6298828125,296906.0,0,1
2025-07-09,1410.44921875,1412.717821598053,1387.960889339447,1407.490234375,485973.0,0,1
2025-07-10,1407.4902825456816,1429.7812748533036,1400.6845941699837,1407.1943359375,322583.0,0,1
2025-07-11,1407.4901350697064,1418.8329077069186,1379.8729495182336,1388.8485107421875,290383.0,0,1
2025-07-14,1382.930518033679,1401.6707507561418,1374.448120986944,1384.3114013671875,317645.0,0,1
2025-07-15,1383.719774918589,1391.7090087909748,1366.754858630129,1372.57421875,251325.0,0,1
2025-07-16,1375.927636321702,1388.749901032944,1367.2479012796966,1375.0399169921875,292996.0,0,1
2025-07-17,1375.039966533224,1385.6923580684445,1365.078076902004,1366.853515625,281247.0,0,1
2025-07-18,1367.93840134248,1367.93840134248,1342.9842534308789,1349.8885498046875,321547.0,0,1
2025-07-21,1348.3105709447125,1356.201196085574,1338.8418448559555,1348.90234375,268362.0,0,1
2025-07-22,1349.296950296803,1353.932644582443,1320.792041813325,1324.4415283203125,349201.0,0,1
2025-07-23,1325.2304446697235,1341.8008053302765,1322.1728515625,1338.447265625,657001.0,0,1
2025-07-24,1342.0966073703337,1350.5791254137614,1326.611304247109,1337.85546875,253564.0,0,1
2025-07-25,1336.277391910553,1336.277391910553,1303.136670589447,1307.3779296875,200310.0,0,1
2025-07-28,1306.78613305539,1325.9209224116244,1298.007788822741,1320.1015625,216922.0,0,1
2025-07-29,1309.942334593787,1325.6249755725785,1300.4736088485452,1306.7861328125,265829.0,0,1
2025-07-30,1307.87109375,1345.647509098053,1298.796923160553,1318.2275390625,439272.0,0,1
2025-07-31,1301.953125,1308.561475276947,1284.1006100177765,1292.08984375,356942.0,0,1
2025-08-01,1289.1309082384105,1296.7255869282271,1267.43168866592,1270.587890625,228446.0,0,1
2025-08-04,1273.7441884056575,1298.599609457586,1259.5410390611053,1294.1611328125,244606.0,0,1
2025-08-05,1295.0487301797202,1307.1806133602315,1262.5985132411722,1295.6405029296875,687764.0,0,1
2025-08-06,1272.36325771522,1319.7070068395071,1254.6093517936122,1301.8544921875,944308.0,0,1
2025-08-07,1291.9912350177765,1341.40625,1291.2021243572235,1338.9404296875,575035.0,0,1
2025-08-08,1338.940504797917,1350.1846701339562,1311.9150885765982,1317.5372314453125,428142.0,0,1
2025-08-11,1316.748046875,1335.48828125,1308.9560306072235,1326.611328125,304004.0,0,1
2025-08-12,1327.8936267191066,1341.9980469193272,1326.808569440995,1339.5322265625,207267.0,0,1
2025-08-13,1341.4062740431516,1357.1875243260122,1331.5429926163636,1343.4775390625,211541.0,0,1
2025-08-14,1348.211962898591,1348.211962898591,1309.1533925116755,1311.421875,772075.0,0,1
2025-08-15,1348.211962898591,1348.211962898591,1309.1533925116755,1311.421875,772075.0,0,1
2025-08-18,1321.8769297588433,1325.625024864699,1277.4921633013198,1283.8046875,373981.0,0,1
2025-08-19,1284.199317087463,1291.9913339519126,1270.883886380335,1279.6622314453125,917897.0,0,1
2025-08-20,1280.253980890056,1284.1006848820991,1265.1631115371908,1267.7276611328125,799579.0,0,1
2025-08-21,1272.5604506135485,1293.865233629365,1269.4042488934012,1274.138671875,1323556.0,0,1
2025-08-22,1274.138720035553,1276.8017578125,1252.63671875,1264.47265625,327330.0,0,1
2025-08-25,1251.946337223053,1272.36328125,1247.507860660553,1264.9658203125,362874.0,0,1
2025-08-26,1264.4727048579605,1267.3330806106935,1243.8584221727444,1252.833984375,711255.0,0,1
2025-08-27,1264.4727048579605,1267.3330806106935,1243.8584221727444,1252.833984375,711255.0,0,1
2025-08-28,1252.833887208976,1254.4121084683486,1223.0468271596706,1231.2333984375,590424.0,0,1
2025-08-29,1224.03327785979,1234.291115066371,1208.2520268962471,1210.5206298828125,430488.0,0,1
2025-09-01,1287.0594681728448,1293.963764370751,1220.1863796954322,1244.7459716796875,3371553.0,0,1
2025-09-02,1244.7461170439672,1289.0322747655073,1243.957006368647,1286.763671875,723218.0,0,1
2025-09-03,1287.1581297326395,1298.007738489007,1277.1962403184325,1296.2322998046875,350814.0,0,1
2025-09-04,1296.2323492752644,1311.91499024736,1273.3495853672491,1277.1962890625,200798.0,0,1
2025-09-05,1278.9716068021924,1281.141600876072,1240.8007572631543,1245.6337890625,309076.0,0,1
2025-09-08,1256.4834972547512,1259.2451439281874,1239.8145268704866,1242.5762939453125,177992.0,0,1
2025-09-09,1243.7597412136904,1248.691381741897,1222.6522956726903,1226.8935546875,558968.0,0,1
2025-09-10,1238.4335457286404,1258.8506097622724,1229.1620374525985,1245.6337890625,417026.0,0,1
2025-09-11,1249.6776862638133,1261.4150145797155,1243.9569351985026,1250.9599609375,387142.0,0,1
2025-09-12,1250.9599609185063,1259.6395758433896,1244.9432632666278,1250.466796875,195591.0,0,1
2025-09-15,1250.664136450581,1261.020582375448,1244.8447760887111,1249.9737548828125,285602.0,0,1
2025-09-16,1249.9736567897305,1259.5409912565774,1241.9843028106948,1244.6474609375,374352.0,0,1
2025-09-17,1250.5654778918154,1252.1435788419813,1240.5048585819115,1248.296875,259253.0,0,1
2025-09-18,1251.650390625,1272.7578365802765,1241.1953365802765,1266.9384765625,828094.0,0,1
2025-09-19,1267.5302493572235,1279.8593509197235,1244.548876285553,1247.2119140625,868169.0,0,1
2025-09-22,1248.5928215468032,1271.9687503986172,1243.7597895610156,1251.255859375,383051.0,0,1
2025-09-23,1250.6640147648488,1271.67285118604,1248.0995858180042,1261.8095703125,503712.0,0,1
2025-09-24,1269.5028565781606,1271.8700680670138,1243.3651622751163,1247.0146484375,485234.0,0,1
2025-09-25,1246.71875,1251.0586178302765,1225.808641910553,1237.3486328125,363109.0,0,1
2025-09-26,1235.4745363805057,1238.729467224691,1210.3231701887844,1216.4384765625,318155.0,0,1
2025-09-29,1218.2137685393866,1227.879831733272,1203.320238843808,1207.4627685546875,380269.0,0,1
2025-09-30,1207.4628182794663,1221.5673583450114,1198.3886478717714,1202.2353515625,329216.0,0,1
2025-10-01,1203.3203125,1211.1123287677765,1192.273485660553,1199.375,342856.0,0,1
2025-10-02,1203.3203125,1211.1123287677765,1192.273485660553,1199.375,342856.0,0,1
2025-10-03,1199.3750239797043,1210.224633571626,1193.5556638455785,1204.4052734375,492640.0,0,1
2025-10-06,1207.1670162677765,1209.6328365802765,1171.7578125,1183.59375,2472821.0,0,1
2025-10-07,1185.56640625,1229.0634524822235,1183.6923587322235,1223.046875,776298.0,0,1
2025-10-08,1231.923828125,1235.869140625,1204.4052493572235,1208.251953125,409718.0,0,1
2025-10-09,1208.251953125,1227.978515625,1205.29296875,1223.5400390625,229835.0,0,1
2025-10-10,1223.5399908553156,1228.7675778724029,1215.6493661662043,1222.3564453125,165273.0,0,1
2025-10-13,1219.2001944214023,1269.8974850909408,1208.2519761059436,1266.05078125,1094601.0,0,1
2025-10-14,1270.3905770923773,1281.2401860582283,1257.568311950917,1277.09765625,901908.0,0,1
2025-10-15,1281.2402821420922,1301.7559560675088,1275.322313171459,1291.7939453125,821282.0,0,1
2025-10-16,1291.695311995927,1322.5674310324623,1277.689500525844,1319.3125,959107.0,0,1
2025-10-17,1317.339770635396,1317.339770635396,1285.7772718102226,1293.865234375,314876.0,0,1
2025-10-20,1293.8652081950916,1300.7695046733977,1285.1854730332425,1286.3690185546875,142498.0,0,1
2025-10-21,1292.0897703556786,1305.898363321312,1287.1581300108096,1301.1639404296875,90985.0,0,1
2025-10-22,1292.0897703556786,1305.898363321312,1287.1581300108096,1301.1639404296875,90985.0,0,1
2025-10-23,1301.1639904259428,1315.2685305147747,1288.243116306186,1310.23828125,874732.0,0,1
2025-10-24,1305.0106700447525,1310.4354745324613,1287.1581557200225,1307.673828125,363827.0,0,1
2025-10-27,1310.7313950803873,1316.3534169135917,1299.9803950471426,1303.6297607421875,170609.0,0,1
2025-10-28,1297.0215339609142,1303.038111673155,1246.7187976628104,1259.73828125,966046.0,0,1
2025-10-29,1266.3466079932546,1300.9666984821408,1260.5272484155996,1295.6405029296875,452019.0,0,1
2025-10-30,1298.0078125,1304.4189453125,1282.2265625,1298.0078125,172378.0,0,1
2025-10-31,1298.0076904760492,1304.9119867019856,1283.705934008038,1298.5008544921875,269394.0,0,1
2025-11-03,1298.2049828281329,1334.008740626193,1291.2020774751768,1326.4140625,848902.0,0,1
2025-11-04,1326.41406100456,1327.5976065496995,1283.5087891732733,1286.4677734375,381617.0,0,1
2025-11-05,1326.41406100456,1327.5976065496995,1283.5087891732733,1286.4677734375,381617.0,0,1
2025-11-06,1284.1992679999548,1285.7773689801995,1242.7734851612463,1255.79296875,675598.0,0,1
2025-11-07,1249.677782001774,1270.7852287614817,1241.1953838837758,1263.68359375,213066.0,0,1
2025-11-10,1264.472584041255,1298.0077383762025,1256.5819594918555,1294.2596435546875,540136.0,0,1
2025-11-11,1300.473585311238,1326.6112796690295,1287.6513201545858,1318.5234375,529496.0,0,1
2025-11-12,1328.781278859265,1333.022538203153,1263.289183884269,1275.1251220703125,2480358.0,0,1
2025-11-13,1281.2402585557977,1289.919994380163,1270.489257710118,1275.9140625,468762.0,0,1
2025-11-14,1275.9140384197235,1292.08984375,1263.190381526947,1283.212890625,429192.0,0,1
2025-11-17,1300.966796875,1304.122998714447,1281.240234375,1292.08984375,410728.0,0,1
2025-11-18,1292.8789784486523,1300.966821063474,1286.9610095886214,1295.1474609375,288832.0,0,1
2025-11-19,1295.1473882412806,1299.6844733656956,1278.379810745685,1283.015625,238155.0,0,1
2025-11-20,1283.015649320364,1297.7118417886827,1283.015649320364,1295.9365234375,273000.0,0,1
2025-11-21,1295.0488036419565,1295.3447502344145,1268.0233894475984,1273.744140625,314519.0,0,1
2025-11-24,1273.744116947819,1289.2294197691638,1267.4315931042229,1284.4951171875,1062464.0,0,1
2025-11-25,1285.0869381427765,1287.158203125,1272.36328125,1275.322265625,225930.0,0,1
2025-11-26,1274.7305164769225,1300.769603540232,1272.363304852733,1298.1064453125,279558.0,0,1
2025-11-27,1301.9531007895007,1304.912085109477,1292.1884284533037,1294.9501953125,137206.0,0,1
2025-11-28,1289.2294681072235,1306.884765625,1284.19921875,1296.5283203125,205067.0,0,1
2025-12-01,1297.8105708005612,1299.684497881962,1283.212866662602,1289.525390625,185774.0,0,1
2025-12-02,1281.2401867388498,1301.459912549586,1278.675757789471,1295.3447265625,227359.0,0,1
2025-12-03,1289.32812518492,1306.0957039386478,1280.253954255222,1284.396484375,238839.0,0,1
2025-12-04,1284.1991447094442,1292.9774885961049,1267.628785004256,1281.9305419921875,342447.0,0,1
2025-12-05,1273.4483161884164,1283.0157719786328,1257.667064972942,1272.2647705078125,517378.0,0,1
2025-12-08,1272.2646972657249,1281.6348146354912,1226.7949938990298,1237.9404296875,316747.0,0,1
2025-12-09,1232.91015625,1246.1269772052765,1214.860303401947,1241.787109375,249340.0,0,1
2025-12-10,1242.7734375,1252.5381100177765,1236.2636959552765,1249.677734375,132615.0,0,1
2025-12-11,1249.5790526434162,1278.8729480840382,1240.7021000370005,1265.1629638671875,318739.0,0,1
2025-12-12,1266.445264593161,1278.7743656892785,1263.0917250147415,1273.15234375,143211.0,0,1
2025-12-15,1267.431567155483,1276.7030750733156,1256.6805671359125,1275.0262451171875,105189.0,0,1
2025-12-16,1272.3633297413485,1285.185595855021,1255.891697586647,1263.68359375,472969.0,0,1
2025-12-17,1257.568359375,1282.522509098053,1252.63671875,1257.0751953125,392396.0,0,1
2025-12-18,1256.5819560835298,1258.160056908854,1229.9510983015398,1235.5731201171875,445141.0,0,1
2025-12-19,1237.6446030333602,1264.472680384872,1226.6962643157842,1261.6123046875,502531.0,0,1
2025-12-22,1263.091724884834,1281.2401857767277,1258.1600844468944,1269.7001953125,289616.0,0,1
2025-12-23,1269.7002915812895,1276.9990236617284,1265.4590323225375,1271.0810546875,186801.0,0,1
2025-12-24,1271.0809580693426,1276.3085450931037,1260.3300782378058,1263.2890625,131025.0,0,1
2025-12-25,1271.0809580693426,1276.3085450931037,1260.3300782378058,1263.2890625,131025.0,0,1
2025-12-26,1260.625999860613,1290.1172359867655,1259.9356183077196,1281.4375,259777.0,0,1
2025-12-29,1288.1444822757103,1288.1444822757103,1258.6532483791689,1266.7412109375,291463.0,0,1
2025-12-30,1263.4862290209114,1266.4452131638177,1245.8309328879636,1249.2830810546875,164890.0,0,1
2025-12-31,1254.1162578007015,1294.1611570918033,1251.1572733151315,1288.8349609375,245781.0,0,1
2026-01-01,1283.7060546875,1311.81640625,1280.1552975177765,1308.857421875,214183.0,0,1
2026-01-02,1305.898414717175,1387.7636476639464,1305.898414717175,1380.267578125,1781418.0,0,1
2026-01-05,1381.845655060509,1390.7226078767435,1368.2342792483985,1384.607421875,479089.0,0,1
2026-01-06,1384.8046875,1392.1035397052765,1373.4619140625,1389.736328125,268919.0,0,1
2026-01-07,1382.634765452604,1392.5966550865885,1362.11909300922,1377.703125,203268.0,0,1
2026-01-08,1383.81840906924,1389.4404314230794,1332.529344727401,1341.1103515625,774422.0,0,1
2026-01-09,1331.543044265153,1348.5078408167162,1300.4737065656327,1303.2354736328125,331050.0,0,1
2026-01-12,1304.9121329544585,1336.2774160567749,1286.6650623122382,1332.6279296875,292407.0,0,1
2026-01-13,1333.515625,1342.392578125,1315.1699459552765,1328.0908203125,167219.0,0,1
2026-01-14,1306.8847893454422,1334.5019773467045,1306.8847893454422,1326.7099609375,176445.0,0,1
2026-01-15,1326.7099609375,1326.7099609375,1326.7099609375,1326.7099609375,0.0,0,1
2026-01-16,1328.5840321560026,1357.7793216257012,1323.8496088251816,1339.1376953125,330638.0,0,1
2026-01-19,1338.0526858687465,1349.4940678296089,1313.5918210561056,1319.115234375,342109.0,0,1
2026-01-20,1314.775390625,1332.825243473053,1295.5419921875,1303.4326171875,309412.0,0,1
2026-01-21,1300.9667218965533,1305.5038069297916,1277.2948482608313,1282.4237060546875,342832.0,0,1
2026-01-22,1286.6650152901975,1308.2656249088834,1285.2841318604344,1303.333984375,158032.0,0,1
2026-01-23,1303.3339315965673,1303.9257043563937,1249.8748781332636,1253.3270263671875,165716.0,0,1
2026-01-26,1303.3339315965673,1303.9257043563937,1249.8748781332636,1253.3270263671875,165716.0,0,1
2026-01-27,1259.5410625831037,1301.7559560675088,1253.327147003384,1291.7939453125,377884.0,0,1
2026-01-28,1299.9804449389085,1323.8495369661573,1291.7938734908048,1314.6767578125,496367.0,0,1
2026-01-29,1316.550876292635,1360.0479240737784,1316.2549296840432,1352.453125,366305.0,0,1
2026-01-30,1352.551829770462,1370.996117871926,1332.036156248947,1368.62890625,559322.0,0,1
2026-02-02,1289.1308830459702,1319.5098380143404,1279.4648190829294,1311.421875,385115.0,0,1
2026-02-03,1358.1737797289704,1359.554663135042,1320.6933123145182,1351.5654296875,337681.0,0,1
2026-02-04,1351.565477848053,1391.708984375,1343.9706790447235,1388.2568359375,705624.0,0,1
2026-02-05,1375.9277580713783,1407.884813952023,1366.5576407225053,1398.21875,673283.0,0,1
2026-02-06,1397.2322767836656,1417.9451656147703,1378.3934353080306,1409.4627685546875,519206.0,0,1
2026-02-09,1420.3124254273705,1425.2440657934374,1389.9334726118454,1407.6873779296875,1044253.0,0,1
2026-02-10,1425.244140625,1485.41015625,1406.4052975177765,1462.724609375,1320083.0,0,1
2026-02-11,1459.4697033435573,1459.4697033435573,1366.16308520427,1409.068359375,3152601.0,0,1
2026-02-12,1409.0682626611097,1438.4608874315534,1392.202076673292,1433.8250732421875,809304.0,0,1
2026-02-13,1431.1620121621293,1448.2255357261283,1408.4764668280638,1442.6033935546875,621000.0,0,1
2026-02-16,1440.0125077683558,1471.9020581133989,1434.8305044968783,1466.3214111328125,471535.0,0,1
2026-02-17,1474.1940621062115,1488.3450003937885,1457.6512617361225,1481.26953125,550908.0,0,1
2026-02-18,1476.9843768517758,1529.7018121676751,1468.513715351173,1522.6263427734375,1031052.0,0,1
2026-02-19,1515.750119056586,1539.5676501881248,1480.771294485075,1487.4481201171875,521702.0,0,1
2026-02-20,1487.44811031266,1534.186254376296,1476.8847216535696,1523.3238525390625,1254354.0,0,1
2026-02-23,1534.6845959487816,1547.4404646266491,1519.736369364865,1531.0970458984375,618797.0,0,1
2026-02-24,1530.100459374504,1563.584461759247,1519.935592561062,1536.4783935546875,902713.0,0,1
2026-02-25,1541.5607394948468,1563.6840652464434,1536.8768890400308,1560.2957763671875,499561.0,0,1
2026-02-26,1558.6016970667324,1573.549923061618,1542.1586484723584,1559.6978759765625,725480.0,0,1
2026-02-27,1560.5947645209626,1599.4601513768484,1555.6120226163616,1560.993408203125,881717.0,0,1
2026-03-02,1485.8537330912914,1563.684142399611,1485.8537330912914,1549.533203125,854154.0,0,1
2026-03-03,1485.8537330912914,1563.684142399611,1485.8537330912914,1549.533203125,854154.0,0,1
2026-03-04,1515.7500939781762,1516.846272872166,1461.1391938064214,1470.8057861328125,1676050.0,0,1
2026-03-05,1474.7920658715263,1506.5819855491034,1470.9055026120643,1498.709228515625,486221.0,0,1
2026-03-06,1489.839920855786,1500.7023232038614,1472.201062091199,1476.187255859375,275269.0,0,1
2026-03-09,1445.9917126484202,1449.180618834093,1328.5982637476288,1423.968017578125,566845.0,1,0
2026-03-10,1435.0296837323458,1459.1461061465918,1435.0296837323458,1446.489990234375,250242.0,1,0
2026-03-11,1446.490058607323,1473.4964969632028,1429.050460932071,1434.033203125,282136.0,0,1
2026-03-12,1430.0469439786427,1512.1625558929952,1427.7548340151154,1500.8018798828125,916861.0,0,1
2026-03-13,1499.8053420065376,1518.3411179168234,1449.7786609859093,1456.2562255859375,357821.0,0,1
2026-03-16,1456.9537274334991,1472.001583599085,1420.8787248392623,1440.8096923828125,499903.0,0,1
2026-03-17,1455.159908692762,1477.3829864229974,1428.053841176496,1438.41796875,602552.0,0,1
2026-03-18,1425.0642205823815,1461.3386068906375,1425.0642205823815,1449.2803955078125,312155.0,0,1
2026-03-19,1440.0124175261883,1457.9502884711517,1428.153467405002,1441.9058837890625,411853.0,0,1
2026-03-20,1449.8783253906888,1491.8329896818732,1439.115553759445,1445.6927490234375,564876.0,0,1
2026-03-23,1433.5348556949452,1435.4283219613546,1353.0136973098422,1358.09619140625,336557.0,1,0
2026-03-24,1375.535783828757,1410.1159641124195,1353.9106108950346,1361.5841064453125,479377.0,0,1
2026-03-25,1366.2678178232827,1412.906330286029,1366.2678178232827,1387.095703125,378329.0,0,1
2026-03-26,1366.2678178232827,1412.906330286029,1366.2678178232827,1387.095703125,378329.0,0,1
2026-03-27,1389.1884657956705,1389.1884657956705,1339.0620327533532,1347.6324462890625,1300657.0,0,1
2026-03-30,1347.6324700397872,1347.6324700397872,1295.5129392843714,1301.29296875,885843.0,0,1
2026-03-31,1347.6324700397872,1347.6324700397872,1295.5129392843714,1301.29296875,885843.0,0,1
2026-04-01,1340.357620100857,1352.3162010980395,1316.4404581064923,1332.48486328125,874785.0,0,1
2026-04-02,1332.2856573810357,1333.8801105835018,1280.5647680984684,1327.601806640625,797163.0,0,1
2026-04-03,1332.2856573810357,1333.8801105835018,1280.5647680984684,1327.601806640625,797163.0,0,1
2026-04-06,1328.299357346659,1381.2160518878943,1327.701452649662,1374.33984375,546934.0,0,1
2026-04-07,1362.2817310416387,1398.4564884333536,1357.5980019866035,1394.6695556640625,258766.0,0,1
2026-04-08,1425.064241565716,1469.9089204961058,1419.981868950067,1443.4007568359375,375842.0,0,1
2026-04-09,1438.4180316087657,1454.4624370400836,1426.8580941231007,1441.009033203125,637993.0,0,1
2026-04-10,1459.9433929839515,1477.2833593191529,1445.0947976265384,1466.719970703125,315205.0,0,1
2026-04-13,1444.9951543817535,1491.1353931433257,1427.356296674062,1468.513671875,700745.0,0,1
2026-04-14,1444.9951543817535,1491.1353931433257,1427.356296674062,1468.513671875,700745.0,0,1
2026-04-15,1479.8743385461066,1506.7811447014903,1476.884693417731,1501.4993896484375,429654.0,0,1
2026-04-16,1506.5819211216228,1528.30660327159,1502.7949885386597,1516.3480224609375,413944.0,0,1
2026-04-17,1524.6194416293035,1565.1789133854854,1515.3514927272884,1559.5982666015625,961504.0,0,1
2026-04-20,1558.6016914903398,1631.9476291130316,1546.443849717588,1600.7557373046875,1442253.0,0,1
2026-04-21,1594.4774080712302,1625.3704078526105,1587.9002130927308,1615.9031982421875,595204.0,0,1
2026-04-22,1615.404935664881,1657.9575031390918,1610.4221937288385,1651.6793212890625,840616.0,0,1
2026-04-23,1642.4114581083832,1734.9908324281716,1639.4218127911606,1731.004638671875,1220697.0,0,1
2026-04-24,1731.0045988077836,1738.379081416898,1669.2185970080814,1693.634033203125,2640800.0,0,1
2026-04-27,1704.0978036296722,1817.8039543841724,1698.2181436031426,1766.382080078125,1964732.0,0,1
2026-04-28,1767.8769465324526,1810.3298860821844,1734.2933124986157,1748.8428955078125,988176.0,0,1
2026-04-29,1758.708719317652,1761.498981934477,1691.1426870505038,1695.826416015625,549933.0,0,1
2026-04-30,1672.706522506503,1763.7910723990594,1660.3492977721316,1730.008056640625,779793.0,0,1
2026-05-01,1730.008056640625,1730.008056640625,1730.008056640625,1730.008056640625,0.0,0,1
2026-05-04,1742.2656132121272,1773.856148775105,1699.2146494210097,1718.0494384765625,404364.0,0,1
2026-05-05,1722.8329859569533,1737.7812125068494,1704.8951140970778,1728.7125244140625,338438.0,0,1
2026-05-06,1750.9355053401184,1750.9355053401184,1707.585650768522,1728.014892578125,529878.0,0,1
2026-05-07,1733.595548263727,1755.8186259350637,1701.0084646953285,1706.589111328125,272455.0,0,1
2026-05-08,1709.1801711497662,1728.911878529254,1704.0977985365578,1718.4481201171875,210301.0,0,1
2026-05-11,1718.448122951626,1719.942945584387,1662.0435066052469,1675.0982666015625,253701.0,0,1
2026-05-12,1664.2358215704269,1682.0740621913058,1580.0274820957554,1592.085693359375,410568.0,0,1
2026-05-13,1532.890731257543,1556.110358107271,1444.9952092574722,1452.0706787109375,1542289.0,1,0
2026-05-14,1459.1461438134013,1478.8778511336702,1438.0193660282252,1452.6685791015625,904080.0,0,1
2026-05-15,1461.2389545831804,1472.6992610812513,1437.9196979007893,1460.93994140625,336572.0,0,1
2026-05-18,1448.981342752605,1524.719019540224,1429.1500056849998,1518.241455078125,761491.0,0,1
2026-05-19,1528.207001078124,1538.5711289691926,1469.9089185459625,1475.190673828125,623085.0,0,1
2026-05-20,1474.891695482099,1514.654002683338,1461.4382915030394,1507.379150390625,218519.0,0,1
2026-05-21,1518.739773091968,1522.8255972330896,1479.974015708841,1486.2523193359375,191467.0,0,1
2026-05-22,1491.832936207692,1497.9118570421372,1471.005050577469,1493.3277587890625,203223.0,0,1
2026-05-25,1495.8191561320382,1503.7915433732485,1462.9330587620468,1469.51025390625,598235.0,0,1
2026-05-26,1470.8058793323764,1483.8606396767002,1458.7476674364584,1463.431396484375,380704.0,0,1
2026-05-27,1469.51022983068,1480.7712752839852,1433.0365831295014,1435.5279541015625,523751.0,0,1
2026-05-28,1435.5279541015625,1435.5279541015625,1435.5279541015625,1435.5279541015625,0.0,0,1
2026-05-29,1442.2047590351983,1468.5136604539523,1402.1435630365984,1415.397705078125,1496208.0,0,1
2026-06-01,1420.7789645382163,1436.0262032812211,1391.6798007510238,1407.3255615234375,1008317.0,0,1
2026-06-02,1399.0543827131046,1426.7583564243762,1390.3843382742298,1418.9853515625,389190.0,0,1
2026-06-03,1419.084972393773,1447.685863837904,1411.2122154221856,1431.7410888671875,394473.0,0,1
2026-06-04,1439.0158565945096,1461.5378255881471,1426.2599887074905,1435.0296630859375,426148.0,0,1
2026-06-05,1449.9779301954438,1468.9123499024631,1442.204803971919,1455.060302734375,233670.0,0,1
2026-06-08,1445.991716022022,1464.9261354599396,1424.8649387824614,1449.3800048828125,159963.0,0,1
2026-06-09,1450.4761676489231,1458.9468288821872,1418.2876063029307,1422.871826171875,189796.0,0,1
2026-06-10,1429.548712520701,1449.878324675817,1386.1988561284734,1394.2708740234375,231415.0,0,1
2026-06-11,1399.9513134882122,1404.2363988407678,1363.2782818091914,1371.5496826171875,268267.0,0,1
2026-06-12,1386.697160348125,1394.7691784177682,1366.7661914606203,1387.1954345703125,239721.0,0,1
2026-06-15,1401.5457522727693,1411.9098803928148,1380.2195912976522,1384.9033203125,397197.0,0,1
2026-06-16,1386.6971257399605,1415.9956736031763,1380.2195610131837,1403.538818359375,437976.0,0,1
2026-06-17,1409.119452644822,1421.476677266552,1390.3842938652017,1402.442626953125,419914.0,0,1
2026-06-18,1409.119425570099,1453.964103187252,1404.1366836126376,1443.5999755859375,477084.0,0,1
2026-06-19,1455.0,1455.0,1419.300048828125,1438.4000244140625,389436.0,0,1
2026-06-22,1438.4000244140625,1478.800048828125,1435.0,1475.199951171875,286457.0,0,1
