Date,Open,High,Low,Close,Volume,is_outlier,data_quality
2021-01-01,500.9409197448599,505.8277160251898,494.4252498542697,501.0367736816406,56162.0,0,1
2021-01-04,504.9653004460877,526.7640871351741,501.99493971908873,522.5480346679688,127536.0,0,1
2021-01-05,519.2902461206183,536.5855360779221,513.589013103154,534.9566040039062,101396.0,0,1
2021-01-06,535.4356683505149,541.3764481507518,513.3494373394076,517.3738403320312,93646.0,0,1
2021-01-07,521.7335949286099,522.6438856246622,509.0375983578035,521.0149536132812,108265.0,0,1
2021-01-08,522.5959920182792,535.2919886891287,522.2605909785749,534.1421508789062,102215.0,0,1
2021-01-11,536.537554655453,541.3763939132645,530.9800741667833,538.1185302734375,108914.0,0,1
2021-01-12,539.460001817073,550.9582611808472,533.27967571241,537.4957275390625,126746.0,0,1
2021-01-13,546.0716011726947,546.0716011726947,518.3799325823263,526.1412353515625,197668.0,0,1
2021-01-14,526.045351784446,533.0401143465124,516.1281267424334,527.0035400390625,122449.0,0,1
2021-01-15,529.590699128297,534.5732901168527,514.4513352840954,524.656005859375,126463.0,0,1
2021-01-18,524.655990979994,527.29100880003,516.463492727062,524.6080932617188,44273.0,0,1
2021-01-19,527.1952837803549,541.3764607911689,523.6978726315292,533.9505004882812,65237.0,0,1
2021-01-20,533.9504656900375,536.6333814118537,520.8711711318158,526.8119506835938,393263.0,0,1
2021-01-21,533.6151763721984,536.4897417500702,517.4217680169147,529.447021484375,80491.0,0,1
2021-01-22,529.4469027771884,546.1672993395686,520.0087719625704,541.041015625,107692.0,0,1
2021-01-25,544.2510039915849,550.9583227027488,529.207434614196,537.3041381835938,77600.0,0,1
2021-01-26,544.2510039915849,550.9583227027488,529.207434614196,537.3041381835938,77600.0,0,1
2021-01-27,537.3041041373344,545.8320036372868,527.9138702333526,530.3572387695312,174765.0,0,1
2021-01-28,529.3512238503654,535.6273465362196,512.6308236080098,516.1282348632812,63695.0,0,1
2021-01-29,515.3136843068115,540.4182308403568,515.3136843068115,535.9147338867188,66705.0,0,1
2021-02-01,539.8912645762431,557.2823489108898,517.4217349454042,551.1978759765625,109381.0,0,1
2021-02-02,557.66565360554,584.3991335891803,544.6343146465173,565.0916137695312,365821.0,1,0
2021-02-03,555.7492583903254,578.7457794271664,550.9583165076502,575.1046752929688,223359.0,0,1
2021-02-04,576.7815027950745,598.867733094982,569.163893533471,579.8477172851562,285212.0,0,1
2021-02-05,582.8180133624137,588.3275958972824,571.3197541592095,579.272705078125,120255.0,0,1
2021-02-08,582.2432154483572,589.2379792014079,562.2649518480428,573.2841186523438,116347.0,0,1
2021-02-09,572.9487630040721,579.7039794982843,560.6360070273007,567.9182739257812,81086.0,0,1
2021-02-10,569.7866784060096,581.6202801525839,561.7378735411075,574.1464233398438,69438.0,0,1
2021-02-11,576.8294032628074,595.0349824355538,573.9548381302685,592.5916137695312,119266.0,0,1
2021-02-12,594.0289524356601,599.8259809704472,587.8965228471619,596.3765258789062,75650.0,0,1
2021-02-15,597.8617179635798,622.8225163450805,591.6813905278266,619.80419921875,375252.0,0,1
2021-02-16,622.7744640462488,629.5296795041111,615.1568557711405,624.8345336914062,200720.0,0,1
2021-02-17,625.5533072768852,658.2275685686055,621.1935615184412,640.644775390625,370547.0,0,1
2021-02-18,656.3112801946414,678.1100704104668,653.5325099167109,663.3539428710938,180896.0,1,0
2021-02-19,668.815514252684,689.2249158133292,647.8791207599658,677.630859375,178709.0,0,1
2021-02-22,708.1011900475543,719.5994502377717,677.6308122401134,688.6978759765625,562862.0,1,0
2021-02-23,692.2910619422557,708.9156059188106,678.4931267261924,681.6072387695312,142812.0,0,1
2021-02-24,685.9671003262264,694.207497189448,646.7771712945167,679.4993286132812,46006.0,1,0
2021-02-25,685.056850107515,693.7284439603833,639.1117018253807,659.6648559570312,230405.0,0,1
2021-02-26,656.1673208192071,693.7283129986407,641.9861460070294,686.829345703125,174239.0,0,1
2021-03-01,694.6865374813661,695.6447258089268,673.7021897145214,682.94873046875,123367.0,1,0
2021-03-02,685.1046722093955,694.9261028249848,677.9661572848443,683.5715942382812,69848.0,0,1
2021-03-03,689.9434998168944,706.0890083725349,680.6011635385013,685.0567626953125,267024.0,0,1
2021-03-04,679.3555673402631,690.5663831805955,673.606437010162,676.241455078125,88228.0,0,1
2021-03-05,677.4870222602643,685.3920756937476,674.1333632278775,680.4094848632812,109981.0,0,1
2021-03-08,685.1047833294886,691.8121028865604,676.4810867561104,679.9305419921875,65843.0,0,1
2021-03-09,683.3319741221263,694.638583779486,680.3615554561754,690.9495239257812,115065.0,0,1
2021-03-10,698.5192573489625,705.2265753207632,692.4826828709761,698.4234619140625,89513.0,0,1
2021-03-11,698.5192573489625,705.2265753207632,692.4826828709761,698.4234619140625,89513.0,0,1
2021-03-12,710.8800582394102,718.4497121578361,699.4775919095293,714.6648559570312,168049.0,0,1
2021-03-15,718.6412864083004,737.6613023953023,717.6830980264226,726.59423828125,349267.0,0,1
2021-03-16,729.1812547299921,770.5749986268042,726.5941347708472,754.764892578125,322755.0,0,1
2021-03-17,766.5507099960973,771.2937542108338,738.7632467587388,750.9322509765625,195055.0,0,1
2021-03-18,753.1360976905154,790.505446049205,729.3730365847025,737.3259887695312,311282.0,0,1
2021-03-19,730.0437634918147,731.9601402869284,701.3460092883522,713.3233642578125,677191.0,1,0
2021-03-22,712.8921753086115,726.3068130160316,687.5001825052806,716.1979370117188,110641.0,0,1
2021-03-23,718.6413028079163,745.4705781127452,701.4418092640777,703.8372802734375,78329.0,0,1
2021-03-24,703.3101805795848,711.5985323952143,688.1708178168763,692.291015625,76057.0,0,1
2021-03-25,698.1359989330332,707.1429926939496,666.1804412878977,685.6316528320312,199019.0,0,1
2021-03-26,685.5838619041256,720.5577416518553,680.7450217452546,703.262451171875,117978.0,0,1
2021-03-29,685.5838619041256,720.5577416518553,680.7450217452546,703.262451171875,117978.0,0,1
2021-03-30,704.3642771863038,752.1300045410621,696.6029744542938,740.7275390625,111818.0,1,0
2021-03-31,747.3390114833609,776.1325595579818,734.9304607172494,766.9818725585938,195024.0,1,0
2021-04-01,779.6778466752231,804.782392323485,710.1133396430238,764.825927734375,226396.0,0,1
2021-04-02,779.6778466752231,804.782392323485,710.1133396430238,764.825927734375,226396.0,0,1
2021-04-05,773.1623172457944,773.1623172457944,722.4741226481603,729.5167846679688,102141.0,0,1
2021-04-06,725.8756305083258,742.5481325160345,703.3103047699057,710.3529663085938,111847.0,1,0
2021-04-07,710.3530202950643,722.4741281999151,703.8852479272268,712.7964477539062,62985.0,0,1
2021-04-08,718.6413377466937,727.3608292514142,702.4479295428621,705.2745971679688,65928.0,0,1
2021-04-09,708.9636619235323,710.7841848998584,699.4775728167177,700.3399658203125,43342.0,0,1
2021-04-12,692.7702449686146,692.7702449686146,651.6160396047557,668.1926879882812,95559.0,1,0
2021-04-13,669.7737242392774,689.7040322338813,665.4139785034549,679.9784545898438,128059.0,0,1
2021-04-14,669.7737242392774,689.7040322338813,665.4139785034549,679.9784545898438,128059.0,0,1
2021-04-15,670.731875576663,685.1047014818772,663.8808051685729,672.2649536132812,42576.0,0,1
2021-04-16,672.2649726356519,685.1047208675608,670.8276900044613,678.7807006835938,35551.0,0,1
2021-04-19,670.7319109553729,670.7319109553729,638.1535038518261,644.4296264648438,68023.0,1,0
2021-04-20,660.1916918476763,660.1916918476763,639.5906448596864,647.39990234375,69980.0,0,1
2021-04-21,660.1916918476763,660.1916918476763,639.5906448596864,647.39990234375,69980.0,0,1
2021-04-22,642.034098585997,656.2152746099541,642.034098585997,651.2806396484375,25228.0,0,1
2021-04-23,652.5263581807119,669.7258531803499,648.5498525753239,654.5864868164062,38116.0,0,1
2021-04-26,652.5263161318145,665.2223127379034,648.6935624394104,656.3590698242188,40687.0,0,1
2021-04-27,659.2335509607968,667.8572456681329,631.4460902371586,653.4365234375,67988.0,0,1
2021-04-28,654.5385143787438,674.420924946405,654.5385143787438,666.70751953125,57657.0,0,1
2021-04-29,667.4261748798293,681.0324630094368,658.3233843084756,665.6056518554688,106946.0,0,1
2021-04-30,663.0663609258962,681.2719401998731,644.1421403647886,669.390380859375,83773.0,0,1
2021-05-03,675.5228365494271,680.0742315474552,668.8155176049647,673.0794677734375,51195.0,0,1
2021-05-04,680.3137534341953,711.8381746978678,674.9958195934227,698.8546752929688,314695.0,0,1
2021-05-05,705.2265961605128,723.432174050526,696.6029013705065,700.962646484375,146066.0,0,1
2021-05-06,701.6813951294588,735.3138450488041,692.5786047910075,695.213623046875,530212.0,0,1
2021-05-07,708.9636275317429,720.318136790236,690.039406445468,693.7763061523438,150497.0,0,1
2021-05-10,698.5192804013725,705.226598594527,677.8703339462245,685.200439453125,103470.0,0,1
2021-05-11,689.1769947009303,691.7641150325225,672.5524496436472,675.0916137695312,83763.0,0,1
2021-05-12,676.480999836925,682.086378496127,665.9409276015055,669.1987915039062,48740.0,0,1
2021-05-13,676.480999836925,682.086378496127,665.9409276015055,669.1987915039062,48740.0,0,1
2021-05-14,670.9714488596877,680.3137860626609,647.7353794061391,652.1909790039062,95661.0,0,1
2021-05-17,653.5802905198267,712.8921764423768,651.6160159776092,705.56201171875,482147.0,1,0
2021-05-18,722.9375332109012,746.7145850021533,714.6589111925634,725.3441162109375,328766.0,1,0
2021-05-19,722.9374699205707,743.152765351106,717.1616712261321,720.7715454101562,75095.0,0,1
2021-05-20,728.3283022248509,728.7133790312795,707.9205240825058,711.7710571289062,46224.0,0,1
2021-05-21,715.3327253067994,715.3327253067994,697.5240106614503,700.0750122070312,51187.0,0,1
2021-05-24,703.299847667871,764.9565559750578,703.1073680163244,753.54931640625,741713.0,1,0
2021-05-25,760.2877891635759,768.1813941880829,737.9065643329081,756.437255859375,219057.0,1,0
2021-05-26,757.5924263827407,761.8280365123378,741.3238996968739,746.4259033203125,68524.0,0,1
2021-05-27,750.3726130039771,779.7329269188217,744.5968135453192,772.8982543945312,223640.0,0,1
2021-05-28,776.7968433914389,782.3319840840879,753.8380071788152,762.2610473632812,126620.0,0,1
2021-05-31,765.2453514239791,777.5189259643047,754.0306500088725,761.057861328125,90395.0,0,1
2021-06-01,764.908417377722,771.6950293299565,743.4898258731043,756.437255859375,99775.0,0,1
2021-06-02,752.7791985908825,763.7532411002616,746.2814241784931,755.3302001953125,66144.0,0,1
2021-06-03,757.3035779085869,762.4055223044272,750.8539234816328,758.3143310546875,51318.0,0,1
2021-06-04,760.4801331884254,813.136174414516,758.3142087584583,780.214111328125,451660.0,1,0
2021-06-07,781.3694266922108,793.1135641820283,780.6955716612143,786.230712890625,83210.0,0,1
2021-06-08,785.3162350667727,807.5530995686458,784.3054818517953,800.3814697265625,147429.0,0,1
2021-06-09,807.1198966804948,835.2769205151787,794.6056638650797,806.2053833007812,278267.0,0,1
2021-06-10,817.2756915812519,832.677824755928,809.5746249939139,813.3289184570312,111123.0,0,1
2021-06-11,822.7626702045062,822.7626702045062,793.1135771462615,798.6968383789062,85162.0,0,1
2021-06-14,805.2426600914154,807.6492430564226,784.5460465923533,802.306640625,72950.0,0,1
2021-06-15,802.8361072352345,824.9766713436403,797.734162908974,815.97607421875,103055.0,0,1
2021-06-16,813.4250110356533,813.4250110356533,795.1349812017155,799.2742919921875,74381.0,0,1
2021-06-17,797.6378808969517,811.259164774364,785.5087255483608,791.5733032226562,76694.0,0,1
2021-06-18,791.5732404204509,796.6270645404796,748.2066280556697,777.2300415039062,316683.0,1,0
2021-06-21,760.5283801259206,774.0533654079603,751.9609795356769,768.3257446289062,66534.0,0,1
2021-06-22,768.3258253468073,777.4226634242702,755.7634132313079,759.9990234375,58728.0,0,1
2021-06-23,756.6297530460016,773.9090320579339,742.6234506660827,757.8811645507812,108520.0,0,1
2021-06-24,768.1813761448886,768.9514710367456,744.1155435588959,765.8710327148438,70103.0,0,1
2021-06-25,765.8709016146743,770.6840673079652,753.934285947991,760.8170776367188,33951.0,0,1
2021-06-28,769.1439853684726,817.2756490335836,762.4536723681277,778.2890014648438,205376.0,1,0
2021-06-29,772.9944616161803,781.9469386486372,762.4054963885613,765.2933959960938,44662.0,0,1
2021-06-30,769.095916557339,781.5138513553488,765.2935031242541,778.4334716796875,94228.0,0,1
2021-07-01,774.5346762438787,783.9203502713709,760.4802545352679,774.149658203125,83889.0,0,1
2021-07-02,770.2990392830576,797.8784430941093,769.2401075916325,793.4984741210938,201134.0,0,1
2021-07-05,800.4295763565804,807.6493259929896,779.732960732207,787.0489501953125,57542.0,0,1
2021-07-06,788.2041667075016,796.8678667638347,765.3416248921781,774.1016235351562,50461.0,0,1
2021-07-07,772.9945132526017,778.1445777282743,760.6728191882615,764.5714721679688,50471.0,0,1
2021-07-08,769.2402576206706,772.2725760611862,757.0148615379592,765.4860229492188,23723.0,0,1
2021-07-09,762.02042983222,768.7588623402266,749.6024966058604,755.3782958984375,45805.0,0,1
2021-07-12,764.2346336436922,768.662723514685,756.8704650762944,759.9990234375,31858.0,0,1
2021-07-13,768.0850379238989,769.7696459891185,753.7417800382428,768.4219360351562,33557.0,0,1
2021-07-14,770.0584206260619,784.5460381689636,761.5390817687253,770.7803955078125,66819.0,0,1
2021-07-15,772.0318022445623,781.6581339433723,761.7316155759423,764.2344970703125,34595.0,0,1
2021-07-16,768.0851297951174,779.7329691660555,757.9293015264744,759.9508666992188,37839.0,0,1
2021-07-19,759.5177044935598,769.0959179677895,748.2067627599739,751.7203979492188,33592.0,0,1
2021-07-20,755.5227279192295,760.4803129548388,728.3765156502438,741.9977416992188,57280.0,0,1
2021-07-21,755.5227279192295,760.4803129548388,728.3765156502438,741.9977416992188,57280.0,0,1
2021-07-22,746.1369821301346,755.6670744691767,733.7671688078088,738.6765747070312,42420.0,0,1
2021-07-23,738.6765660231989,745.992613630594,732.0825520736978,733.6227416992188,41598.0,0,1
2021-07-26,750.8058079890556,750.8058079890556,710.4233317825029,714.2738647460938,65055.0,0,1
2021-07-27,719.9534133330619,736.269999512586,712.3485873447559,715.2846069335938,214668.0,0,1
2021-07-28,719.1350983753343,720.8678263315923,693.1921226757071,706.0914306640625,74622.0,0,1
2021-07-29,712.3485764510043,724.9109281091452,706.1395804864497,722.3599853515625,141959.0,0,1
2021-07-30,725.3441778864836,740.3612335818135,723.9002279636837,735.1149291992188,39427.0,0,1
2021-08-02,738.3396258186096,754.704389363481,733.526460070118,752.6347045898438,58875.0,0,1
2021-08-03,756.4371356085873,756.4371356085873,742.1901763987776,752.9716796875,42350.0,0,1
2021-08-04,757.5442736355013,775.1604509595014,750.8058406560334,768.1332397460938,127091.0,0,1
2021-08-05,774.9197130982038,775.0641315775864,755.7632892353558,771.26171875,170756.0,0,1
2021-08-06,772.0317661531783,778.7701980273332,747.4846214687568,754.65625,263611.0,0,1
2021-08-09,755.6670717398326,765.2452839541802,727.2693919738134,739.3023071289062,48504.0,0,1
2021-08-10,745.5593626692838,765.8227783995899,723.900117143062,729.7721557617188,74397.0,0,1
2021-08-11,733.8152356884907,740.649966280038,708.01667911802,711.819091796875,138561.0,0,1
2021-08-12,717.065530492923,788.3966307232371,712.3486040722778,776.8450317382812,665972.0,1,0
2021-08-13,783.58346790969,786.1825894435771,742.1902380323968,748.639892578125,209348.0,1,0
2021-08-16,753.7418714886832,760.4321846531748,737.4733452689387,740.409423828125,74642.0,0,1
2021-08-17,744.5005078879269,768.9032349410784,732.2269351236092,755.7151489257812,149064.0,0,1
2021-08-18,760.4801611063853,760.4801611063853,742.2382518200927,755.9076538085938,42304.0,0,1
2021-08-19,760.4801611063853,760.4801611063853,742.2382518200927,755.9076538085938,42304.0,0,1
2021-08-20,741.2275731822474,754.6563182394948,722.2155672467287,727.798828125,113062.0,0,1
2021-08-23,728.7133305765975,749.8912609236056,716.0546805264852,734.8742065429688,68556.0,0,1
2021-08-24,734.8742369812669,753.6937050227803,730.9274054549853,739.8798828125,84691.0,0,1
2021-08-25,749.3137608829148,767.2187162034397,739.879907833172,755.0413818359375,56375.0,0,1
2021-08-26,758.2180860809488,765.1971769889649,742.7196558463277,745.4631958007812,60149.0,0,1
2021-08-27,752.3941030426271,755.8596178955643,735.1630036162591,746.0888671875,156026.0,0,1
2021-08-30,760.4802146716986,775.8823456017584,752.7791492066688,770.3953247070312,140078.0,0,1
2021-08-31,776.8450240423416,777.7114174594185,751.0464649824119,766.5929565429688,110984.0,0,1
2021-09-01,774.9198356583738,783.4391171821443,755.6671689339421,761.4910888671875,124426.0,0,1
2021-09-02,760.9135011283059,770.106637360907,755.7152578243304,758.2181396484375,35425.0,0,1
2021-09-03,762.0203988172962,774.3421504768625,760.3357907588596,765.5821533203125,92225.0,0,1
2021-09-06,773.9571488414673,840.3788444509962,768.8070843503433,830.6080932617188,1033473.0,1,0
2021-09-07,840.3789148715188,858.0913920200861,830.7525813678358,842.8336181640625,648368.0,1,0
2021-09-08,849.5237776706061,870.8942459249413,821.7999539575748,829.1640625,492424.0,0,1
2021-09-09,829.1641170477379,867.3325484821768,819.2008865242314,863.1932373046875,264167.0,0,1
2021-09-10,829.1641170477379,867.3325484821768,819.2008865242314,863.1932373046875,264167.0,0,1
2021-09-13,865.7441828216226,867.9582862821333,846.3471582450762,851.0640258789062,106674.0,0,1
2021-09-14,858.6688701238093,898.9069287441877,851.1122225152034,862.9044799804688,601305.0,0,1
2021-09-15,868.3914234443359,890.3395083487786,856.7435847268046,879.2692260742188,262879.0,0,1
2021-09-16,883.6973639414758,906.0304681144208,879.6542923555547,902.4205932617188,433533.0,0,1
2021-09-17,899.099522407575,905.3085190830192,856.6474164252387,869.5947875976562,271780.0,0,1
2021-09-20,873.1083524831381,913.442708916617,865.2147481298606,890.14697265625,259915.0,0,1
2021-09-21,882.0608713048177,903.4313420798712,871.2312467993318,886.1039428710938,288566.0,0,1
2021-09-22,893.8050146982421,923.1653302052924,881.3870216869133,888.3179931640625,156838.0,0,1
2021-09-23,896.8854474630054,914.3090864989314,880.8094597795229,886.1039428710938,135076.0,0,1
2021-09-24,895.5377492172742,904.7790641703716,866.6106302392712,873.5897216796875,101944.0,0,1
2021-09-27,883.8898825293494,891.8316070271954,867.621356722882,874.2635498046875,101107.0,0,1
2021-09-28,881.9164939956188,895.2489412861015,873.3009144764334,881.1945190429688,372993.0,0,1
2021-09-29,873.1084007046405,877.7771486950423,858.1875845955756,869.6429443359375,94603.0,0,1
2021-09-30,875.9962304110068,895.2007749055265,872.8195525351354,880.6649780273438,117004.0,0,1
2021-10-01,882.7345960799793,902.949892173414,879.7985767315877,894.2861938476562,109355.0,0,1
2021-10-04,908.9183033434044,909.6883981729744,882.0608128479383,888.0772705078125,62187.0,0,1
2021-10-05,895.9708440441527,901.0727882142196,876.95883848963,880.4724731445312,66085.0,0,1
2021-10-06,888.1253171966525,904.8270375361705,882.9752533661853,898.6180419921875,92228.0,0,1
2021-10-07,907.4743156469408,956.568608103394,895.2969823495827,922.5394897460938,380544.0,1,0
2021-10-08,908.10001703338,928.7485111815594,900.062053215012,910.12158203125,172859.0,0,1
2021-10-11,912.5763144296892,924.1279133465208,908.91831985692,914.8866577148438,48578.0,0,1
2021-10-12,914.5015604187948,926.3900572024514,896.4521875157923,904.538330078125,65693.0,0,1
2021-10-13,914.2128532261088,923.0690913027612,902.9500319087616,913.29833984375,70048.0,0,1
2021-10-14,920.2291905888696,920.2773104964753,901.505963681955,904.634521484375,45148.0,0,1
2021-10-15,920.2291905888696,920.2773104964753,901.505963681955,904.634521484375,45148.0,0,1
2021-10-18,909.6885230807708,919.9405918426784,894.7195861185384,897.84814453125,52898.0,0,1
2021-10-19,909.6885148267434,909.6885148267434,853.1338055716417,870.4130859375,99393.0,1,0
2021-10-20,884.5636872785082,884.804345582942,838.4535326472127,848.5130615234375,82000.0,0,1
2021-10-21,850.486444806623,861.556726770716,794.1724017718891,801.3921508789062,130670.0,1,0
2021-10-22,814.291438507186,829.5972709676938,746.2813801666103,799.081787109375,96939.0,1,0
2021-10-25,805.724099032103,815.3023124381589,786.2788939712336,796.0015258789062,42578.0,1,0
2021-10-26,800.1407108739479,825.2654133672428,784.5460416088662,816.1685180664062,52804.0,0,1
2021-10-27,811.3072322588642,823.0513688043933,796.3382980624964,816.1685180664062,83315.0,0,1
2021-10-28,806.6866398741056,813.5213122471463,799.9482073214579,804.4725952148438,66458.0,0,1
2021-10-29,794.3648589197379,813.5694013310988,781.1286535773099,804.2799682617188,51028.0,0,1
2021-11-01,781.7545408777511,817.2757359416717,781.7545408777511,811.25927734375,26328.0,0,1
2021-11-02,811.2591819482949,847.8392459222317,805.0020657422268,842.4966430664062,73143.0,0,1
2021-11-03,839.6086939523857,847.983614594764,788.3965956466659,803.5099487304688,127633.0,0,1
2021-11-04,817.2755628384963,827.8164078203454,810.0076941424747,818.2863159179688,11228.0,0,1
2021-11-05,817.2755628384963,827.8164078203454,810.0076941424747,818.2863159179688,11228.0,0,1
2021-11-08,827.8645975606424,837.0096134639286,809.0451292158267,825.9393310546875,39307.0,0,1
2021-11-09,826.901936752692,836.5282689616872,820.4041625116201,825.7467651367188,25484.0,0,1
2021-11-10,829.1159837823219,834.939903034535,815.3503404349632,819.6821899414062,28101.0,0,1
2021-11-11,826.9019448404639,828.7790913904718,786.8564259611536,794.3168334960938,180078.0,0,1
2021-11-12,796.4346612299096,823.0514962780001,787.4340631057357,793.1617431640625,97754.0,0,1
2021-11-15,793.1615979328316,801.6808778325992,779.7328537015234,788.8778686523438,86977.0,0,1
2021-11-16,789.3592886540342,806.6866876732691,781.6582224232632,785.7012939453125,139193.0,0,1
2021-11-17,792.2471901232682,797.0603565274192,775.4973475350333,781.3694458007812,96828.0,0,1
2021-11-18,781.6581524024172,788.1559264525604,760.9134188524829,769.1439208984375,35701.0,0,1
2021-11-19,781.6581524024172,788.1559264525604,760.9134188524829,769.1439208984375,35701.0,0,1
2021-11-22,775.8824415480937,777.326391501347,738.8691793288066,762.1649169921875,634238.0,0,1
2021-11-23,771.0691740574703,807.6492347493353,755.8114617180447,802.691650390625,202332.0,1,0
2021-11-24,808.5157580933163,816.1205261544457,787.67472297835,794.2687377929688,62640.0,0,1
2021-11-25,798.0229533961742,810.5371854759695,772.2725143089032,804.56884765625,51189.0,0,1
2021-11-26,779.8292087605429,803.7988013073046,779.7329689328345,783.1984252929688,33311.0,0,1
2021-11-29,772.2725200883234,797.0603261241904,748.9767838299349,790.7069702148438,69167.0,0,1
2021-11-30,794.8462680825113,856.7435728898383,794.1724130720412,842.9298095703125,181011.0,1,0
2021-12-01,859.1501793807676,859.1501793807676,813.4250998058808,824.2066040039062,44295.0,1,0
2021-12-02,823.0514477531959,841.8227965616022,816.7943314837272,827.1426391601562,46084.0,0,1
2021-12-03,834.60305024315,842.2078766248939,813.6657764913755,818.4789428710938,40491.0,0,1
2021-12-06,814.3877189939186,834.4585984957041,791.5251796013589,793.9317626953125,36797.0,0,1
2021-12-07,798.1192196103824,817.7569617944631,794.1724467103379,815.3984985351562,37607.0,0,1
2021-12-08,818.719484459975,847.1171620514732,805.8683555601842,835.6618041992188,49163.0,0,1
2021-12-09,837.4908889522966,856.6954331567515,824.9766572782968,846.9246826171875,154053.0,0,1
2021-12-10,843.1704815444375,847.646690874354,827.864589469892,829.7898559570312,26785.0,0,1
2021-12-13,839.4162577623295,843.6999878011171,813.5213978685591,818.7677612304688,35447.0,0,1
2021-12-14,813.4252245993788,837.4910596466977,813.4252245993788,829.0198974609375,56917.0,0,1
2021-12-15,823.7252275864868,834.2660727058501,823.7252275864868,830.5117797851562,36138.0,0,1
2021-12-16,834.891824957576,836.287654952708,804.8576551237757,809.3339233398438,20459.0,0,1
2021-12-17,808.6118269775819,824.9765901426044,791.5250889670438,822.5700073242188,43633.0,0,1
2021-12-20,822.0888451172801,827.768405136859,771.1655196170078,824.1103515625,85719.0,0,1
2021-12-21,836.5283263220023,836.5283263220023,809.5745942886122,827.2388916015625,69814.0,1,0
2021-12-22,835.373076739351,857.5617601828573,828.5865244503087,854.24072265625,70136.0,0,1
2021-12-23,859.5833625656344,879.8467804968617,834.9880950586565,840.186279296875,114786.0,0,1
2021-12-24,842.4002963104257,851.1121738411406,821.4149041395889,831.9557495117188,20944.0,0,1
2021-12-27,837.4909092854621,837.4909092854621,820.2597509834332,823.6289672851562,14543.0,0,1
2021-12-28,824.206603703177,834.8436894074016,813.4732194208841,832.2445678710938,28615.0,0,1
2021-12-29,832.2445398644275,866.3698993161635,827.9608102780259,856.7916870117188,76630.0,0,1
2021-12-30,851.9303835844084,870.220414418424,848.0798507772472,863.3857421875,41517.0,0,1
2021-12-31,863.3858164188892,880.80945536754,862.0381063187235,878.691650390625,59063.0,0,1
2022-01-03,885.6225619949847,887.5478284341043,856.0697104036061,863.72265625,44343.0,0,1
2022-01-04,859.0539364368349,877.9215246489941,848.5130905906485,861.3161010742188,16976.0,0,1
2022-01-05,856.7436395890921,880.8575920760701,840.9564299195935,865.5517578125,158677.0,0,1
2022-01-06,857.7062581317696,884.1786735062069,848.6574817383545,865.4554443359375,35903.0,0,1
2022-01-07,857.80248121641,879.3173699989459,843.1223238861974,846.4434204101562,50645.0,0,1
2022-01-10,846.4433756177001,859.1020259179603,838.8867283690686,850.2457885742188,43768.0,0,1
2022-01-11,842.3041271583626,870.8462276547181,841.3414938701816,861.1235961914062,86199.0,0,1
2022-01-12,865.4072200856432,883.6972503210461,853.4224253647096,875.56298828125,61967.0,0,1
2022-01-13,875.9961961175899,887.5477943081515,859.0056969438522,871.953125,47777.0,0,1
2022-01-14,871.9531849890376,884.659955623755,858.4281995946501,873.6859130859375,33799.0,0,1
2022-01-17,880.8093938361053,895.1526522757705,870.2204284457259,873.2527465820312,21939.0,0,1
2022-01-18,880.8093703725625,885.1412197350505,866.8511890934344,871.568115234375,28072.0,0,1
2022-01-19,866.3698227411577,877.4882237154432,839.8011716788811,867.9581909179688,52044.0,0,1
2022-01-20,864.4446151516045,883.6972791861614,853.4705731501199,857.3211059570312,12943.0,0,1
2022-01-21,850.0051639204933,861.1716861734927,831.7151320807545,838.5498046875,21655.0,0,1
2022-01-24,832.6777471727446,846.1546124449046,780.6955525515559,785.6531372070312,54530.0,1,0
2022-01-25,785.6530926451472,812.4624031820086,775.6416840804543,800.0925903320312,44360.0,1,0
2022-01-26,785.6530926451472,812.4624031820086,775.6416840804543,800.0925903320312,44360.0,0,1
2022-01-27,800.0925837947381,825.9392609412893,794.1723662897011,823.4845581054688,47100.0,0,1
2022-01-28,827.8645632569818,832.6296094126685,794.6537174053935,803.1248779296875,25543.0,0,1
2022-01-31,813.4249494862236,827.8644456309494,806.6865179520181,816.84228515625,21563.0,0,1
2022-02-01,824.9766835465691,836.1432055863683,810.6816034886529,826.7094116210938,36578.0,0,1
2022-02-02,827.9607588894866,845.5288140907895,812.173610290036,837.1057739257812,42788.0,0,1
2022-02-03,837.490893742591,866.3698900785424,761.7316482703848,818.0938110351562,28781.0,1,0
2022-02-04,822.0887683843832,826.468737776521,806.4940984978606,809.6707763671875,17235.0,1,0
2022-02-07,813.9063681697346,825.8911632248424,801.9696930235896,818.8639526367188,17194.0,0,1
2022-02-08,809.574582613183,809.574582613183,794.172450244799,798.6968383789062,26279.0,0,1
2022-02-09,794.0762073032608,817.131227098138,782.6208478974382,807.3605346679688,51755.0,0,1
2022-02-10,816.3129298878296,821.1742156557259,791.380707230271,815.6871948242188,39172.0,0,1
2022-02-11,811.2110376566625,830.7524805466693,789.3592515043671,813.2325439453125,39915.0,0,1
2022-02-14,794.1724497912002,810.5372154232612,785.123673528154,806.7348022460938,33575.0,0,1
2022-02-15,806.6866013461394,844.1811752956389,789.7924008612035,829.1640625,35858.0,0,1
2022-02-16,833.5440576320628,837.8277280922631,817.2755340993249,827.6238403320312,19590.0,0,1
2022-02-17,832.003936009775,842.304123904415,809.5745922327005,837.6353759765625,28414.0,0,1
2022-02-18,837.4910512229204,841.389704710476,827.8647173008179,829.4049072265625,86727.0,0,1
2022-02-21,839.9281376219668,840.0251033352511,796.5253845520094,814.807861328125,50232.0,0,1
2022-02-22,795.3129944620254,809.0370167650238,782.1709440150133,785.37158203125,24207.0,1,0
2022-02-23,789.4936959322933,806.9517874885356,782.752920964107,793.1307983398438,33784.0,0,1
2022-02-24,787.5538218691806,808.4550229130067,757.487111920973,781.24951171875,89223.0,0,1
2022-02-25,809.5704372150609,826.3011067223426,787.5538341978378,800.3564453125,22804.0,0,1
2022-02-28,804.9634792030861,847.6872949885558,780.9101215738287,826.4465942382812,75639.0,0,1
2022-03-01,804.9634792030861,847.6872949885558,780.9101215738287,826.4465942382812,75639.0,0,1
2022-03-02,827.3195840658016,829.1138642912291,798.7561938549529,809.4735107421875,39315.0,0,1
2022-03-03,813.7410065475813,824.8947867326792,799.6775445750665,805.4484252929688,14935.0,0,1
2022-03-04,795.3129430810368,818.5419122215256,794.3430492480112,796.2828369140625,35459.0,0,1
2022-03-07,775.9151094363096,841.5769374118823,754.9654251605792,782.6558837890625,61885.0,1,0
2022-03-08,785.1290604488454,794.2945690409845,771.6960544957551,778.1458129882812,40264.0,1,0
2022-03-09,789.4935731263037,793.3731484242217,780.7645287059883,784.6441040039062,19568.0,0,1
2022-03-10,793.3732077065014,809.3764570062046,790.6575166345617,798.1741943359375,19955.0,0,1
2022-03-11,801.1323295320711,807.7275959501955,783.1892930958201,786.8748779296875,19864.0,0,1
2022-03-14,787.5538785698232,799.7745185237519,782.2194619046335,794.925048828125,19416.0,0,1
2022-03-15,797.3983642089427,804.9635254596471,790.6091063074537,795.4100341796875,96472.0,0,1
2022-03-16,801.1323033226366,846.6203476140722,801.1323033226366,836.4364624023438,306280.0,0,1
2022-03-17,838.0852687542348,857.38618043169,829.3077410768967,846.2808837890625,67558.0,0,1
2022-03-18,838.0852687542348,857.38618043169,829.3077410768967,846.2808837890625,67558.0,0,1
2022-03-21,850.6938798029906,865.1453219769463,836.0969890688011,856.94970703125,100433.0,0,1
2022-03-22,858.3561092295911,877.4630310711763,831.296045496862,865.0484008789062,57644.0,0,1
2022-03-23,872.9045911608833,901.9044451462806,860.1504615109801,896.2305297851562,167013.0,0,1
2022-03-24,898.1217574181389,919.8474046027686,897.1033806558402,912.670166015625,120188.0,0,1
2022-03-25,919.8474154959237,922.7570972498784,882.9914466124976,888.7622680664062,104126.0,0,1
2022-03-28,893.4662445223393,906.2688554406884,883.5733152128137,898.2186889648438,47761.0,0,1
2022-03-29,898.2187228480516,902.9712266674572,875.135259720138,882.7489624023438,170896.0,0,1
2022-03-30,887.3559497623825,887.3559497623825,867.0851436424736,884.3492431640625,159974.0,0,1
2022-03-31,900.9344579673234,945.4525519931898,858.8895223234424,872.7105102539062,513152.0,1,0
2022-04-01,872.9044780283791,909.8574105858644,872.9044780283791,886.4345092773438,48124.0,0,1
2022-04-04,899.0915650632215,905.832338906186,873.8743259136597,878.7722778320312,36544.0,0,1
2022-04-05,881.6335740040313,884.4947729099064,862.3326613011299,871.2072143554688,59008.0,0,1
2022-04-06,869.8978481084239,869.9948138177595,845.262519779462,852.1487426757812,86015.0,0,1
2022-04-07,848.6571147038039,856.6102560754098,815.244259891084,820.2877197265625,71380.0,0,1
2022-04-08,828.1923952084842,843.6136721472446,821.8880850844166,829.8897094726562,47630.0,0,1
2022-04-11,829.8896868120461,842.5467895683092,826.3495506215318,830.2291259765625,31196.0,0,1
2022-04-12,829.7442280348258,841.7709360243749,816.3597041094408,832.702392578125,24729.0,0,1
2022-04-13,837.1153899163991,848.6086679921586,814.8078305227073,821.3546142578125,42439.0,0,1
2022-04-14,837.1153899163991,848.6086679921586,814.8078305227073,821.3546142578125,42439.0,0,1
2022-04-15,837.1153899163991,848.6086679921586,814.8078305227073,821.3546142578125,42439.0,0,1
2022-04-18,811.5103374498963,833.3329528750586,811.5103374498963,815.3414306640625,22159.0,0,1
2022-04-19,816.7476529025349,829.2593082499179,809.4734484442023,818.5419921875,19997.0,0,1
2022-04-20,818.5904581132629,837.1639501250966,806.0788030246614,826.349609375,83412.0,0,1
2022-04-21,826.3496490312975,831.7810314961137,802.19926589112,805.1089477539062,155398.0,0,1
2022-04-22,813.6440251223387,823.4399299384332,803.0721578198147,808.5035400390625,79982.0,0,1
2022-04-25,792.4033635633408,806.5153088105304,752.2982720853005,770.5807495117188,117713.0,1,0
2022-04-26,776.0121375165735,805.0119907416185,776.0121375165735,799.192626953125,254875.0,0,1
2022-04-27,795.3615285201878,804.0420912849249,778.9218140904576,783.3833618164062,109890.0,0,1
2022-04-28,786.5839893482532,790.4150822703012,775.9151559538873,777.0790405273438,45342.0,0,1
2022-04-29,781.1525460108699,809.3764339283636,773.7328342316981,781.24951171875,89498.0,0,1
2022-05-02,785.3231088701411,795.2645214236347,769.9987969686713,774.5572509765625,39882.0,0,1
2022-05-03,785.3231088701411,795.2645214236347,769.9987969686713,774.5572509765625,39882.0,0,1
2022-05-04,767.1859935164778,777.8548252847221,756.5171617482334,758.6509399414062,27669.0,0,1
2022-05-05,762.6275751132272,767.8650259441854,736.1010001617834,751.8132934570312,96971.0,0,1
2022-05-06,751.6677952412539,755.5473709586281,727.4204470076651,732.5123901367188,114294.0,0,1
2022-05-09,726.4506325887909,745.7515475742756,714.9574119471806,732.6094360351562,28208.0,0,1
2022-05-10,732.2699807137675,744.3936558911478,698.3236902171028,702.5912475585938,48372.0,0,1
2022-05-11,706.0827683275645,711.6596583246572,683.2417785268232,696.5778198242188,41858.0,0,1
2022-05-12,703.1730748442343,703.5125140289019,652.7870750900086,681.7869262695312,58913.0,0,1
2022-05-13,681.7868343038535,698.8569408977594,668.2568044354839,684.017578125,49415.0,0,1
2022-05-16,684.0177314559916,726.9840230599258,668.2569542335033,698.7601318359375,39921.0,0,1
2022-05-17,699.2935224758338,736.1494917602744,699.2935224758338,719.7097778320312,69659.0,0,1
2022-05-18,723.5407868995338,726.4989511994783,708.0224858400264,711.2716064453125,18475.0,0,1
2022-05-19,707.489158104019,707.489158104019,677.9558753017764,690.0310668945312,44981.0,0,1
2022-05-20,693.6680998250558,701.4757335508045,691.5343214956428,696.0928344726562,14712.0,0,1
2022-05-23,698.4205736514681,726.4505310381312,698.4205736514681,715.5877075195312,21309.0,0,1
2022-05-24,722.5709907305335,725.4806725724014,708.6530362659834,716.9456176757812,28948.0,0,1
2022-05-25,710.9322387117093,722.5709656756118,702.6881404456117,709.3804321289062,36440.0,0,1
2022-05-26,713.0659772754526,717.7699388145267,681.059479915026,713.35693359375,18909.0,0,1
2022-05-27,716.7031668959117,724.5108015794304,704.1915109004277,707.97412109375,17529.0,0,1
2022-05-30,711.7080970815689,728.5357909399913,709.5743187666744,714.3753051757812,78907.0,0,1
2022-05-31,717.6729927736469,773.1994177462511,717.6729927736469,756.6141967773438,205821.0,1,0
2022-06-01,752.7831762160752,786.7294628086099,752.7831762160752,766.943603515625,68414.0,0,1
2022-06-02,756.5173705372023,766.7012582175108,755.4989936086986,757.4387817382812,67878.0,0,1
2022-06-03,761.4636689163382,770.9686763909009,735.4220416640595,747.4002075195312,32965.0,0,1
2022-06-06,751.3768072903714,753.704517104289,722.5709469612502,739.0591430664062,55571.0,0,1
2022-06-07,742.8902254701587,755.4988458464212,728.0993438749277,741.2413940429688,17707.0,0,1
2022-06-08,745.1695475900116,754.189549941159,713.9389489827759,721.6011352539062,40416.0,0,1
2022-06-09,721.6010580804623,726.4020447015711,711.3686893248948,716.3151245117188,108613.0,0,1
2022-06-10,717.7214554847792,720.0492244248602,698.3235783095149,709.1864013671875,35803.0,0,1
2022-06-13,697.3537562049495,707.0526957905537,678.9257709923013,693.76513671875,61362.0,0,1
2022-06-14,699.2935300770881,709.6714070647758,688.6246967472019,692.6497802734375,28060.0,0,1
2022-06-15,696.286847719174,700.2633889914605,685.7149806329121,695.60791015625,25952.0,0,1
2022-06-16,695.6080392366965,704.5310765252672,669.2269086782583,677.3255004882812,138351.0,0,1
2022-06-17,680.8655727422384,698.8570941995335,656.1332762964734,669.7117919921875,92004.0,0,1
2022-06-20,666.3170900209846,674.0762409964836,654.9208370257203,668.014404296875,38179.0,0,1
2022-06-21,667.2869989560389,676.3554831843128,656.1332191769771,660.4977416992188,23519.0,0,1
2022-06-22,663.9893798828125,667.4810336497434,654.6784215662552,663.9893798828125,286739.0,0,1
2022-06-23,667.4809407243143,677.4708352601364,657.9759930999168,675.14306640625,42463.0,0,1
2022-06-24,678.7317650126323,695.3654697048509,675.0461798929721,692.9407348632812,27431.0,0,1
2022-06-27,706.9556766726676,707.0526423821474,684.017662606323,692.164794921875,35021.0,0,1
2022-06-28,695.8019931321122,702.2032699805055,681.8839784364326,697.5477905273438,55372.0,0,1
2022-06-29,697.3537086834748,701.1848013982429,680.8655125115429,691.0009155273438,58527.0,0,1
2022-06-30,690.5644558676852,732.8518061715438,690.5644558676852,703.0761108398438,293707.0,0,1
2022-07-01,702.2031259577883,729.3601529285315,696.8202270941831,719.4672241210938,46481.0,0,1
2022-07-04,726.4020626593896,727.4204394350733,715.7817124041121,721.1646118164062,66322.0,0,1
2022-07-05,724.753202094968,724.753202094968,706.6161746928123,710.1563110351562,23292.0,0,1
2022-07-06,708.0225919290358,727.4204711599683,703.6580691020761,723.2499389648438,53095.0,0,1
2022-07-07,724.5107876755701,763.5005366831789,724.5107876755701,736.197998046875,528460.0,0,1
2022-07-08,740.0289631854511,760.3967328144084,736.1493880180307,755.2078247070312,72695.0,0,1
2022-07-11,754.5774461964899,772.4235174462539,747.7397061135403,769.2713623046875,44009.0,0,1
2022-07-12,772.9084840221524,772.9084840221524,746.8183140471682,747.6427001953125,69862.0,0,1
2022-07-13,751.3768454758882,771.0656805742975,748.7581200042234,765.2947998046875,95151.0,0,1
2022-07-14,768.1559301718999,770.5321819469309,752.928584868109,762.5790405273438,53825.0,0,1
2022-07-15,766.1677370272624,777.854947275859,751.6678106468712,776.2061157226562,66191.0,0,1
2022-07-18,780.0856950098853,794.1976401946774,771.0656930812903,775.4786987304688,53279.0,0,1
2022-07-19,779.309828516106,785.5171737913043,752.2497622538556,776.545654296875,99531.0,0,1
2022-07-20,780.6676720941016,793.3732592912296,767.2830880878087,770.144287109375,46194.0,0,1
2022-07-21,773.9754370981641,792.3064579716478,765.2463908151021,783.5288696289062,72472.0,0,1
2022-07-22,785.5657060449487,799.6776527839621,776.8851423650135,795.5556030273438,51889.0,0,1
2022-07-25,795.3130108766014,803.9450904054104,789.1056661370504,794.6825561523438,105554.0,0,1
2022-07-26,795.3614920795055,802.4417058098954,788.5237518275375,795.2645263671875,40379.0,0,1
2022-07-27,799.4834225496558,799.4834225496558,775.9150157847185,781.1524658203125,64724.0,0,1
2022-07-28,785.2261018598485,792.7913218701287,773.0054620238426,779.40673828125,58688.0,0,1
2022-07-29,785.6141063447569,824.4098646827696,771.1626626847955,804.3815307617188,206229.0,0,1
2022-08-01,819.5604142876514,838.7643032799542,805.787907912167,830.374755859375,155990.0,0,1
2022-08-02,833.090383289389,846.9113714646734,810.4918670949404,817.863037109375,130978.0,0,1
2022-08-03,820.5302873788291,841.8679544265055,814.662440780244,817.76611328125,152724.0,0,1
2022-08-04,822.0821151798588,829.3563200423432,795.3130649649682,804.9150390625,70412.0,0,1
2022-08-05,807.8731193082864,834.7876744823762,778.4368045272386,818.2024536132812,115339.0,0,1
2022-08-08,830.4716477847716,833.9147592732885,790.9969544096667,802.6356811523438,120239.0,0,1
2022-08-09,830.4716477847716,833.9147592732885,790.9969544096667,802.6356811523438,120239.0,0,1
2022-08-10,806.6123625917711,806.9518018101146,782.7044519961088,785.9050903320312,87064.0,0,1
2022-08-11,794.3430083596164,796.2343130761869,776.0119921799625,782.9952392578125,87406.0,0,1
2022-08-12,783.6742253982412,814.7593112369515,776.9819342003212,794.3915405273438,112876.0,0,1
2022-08-15,783.6742253982412,814.7593112369515,776.9819342003212,794.3915405273438,112876.0,0,1
2022-08-16,794.3916486680988,819.8028826617056,794.3916486680988,810.2494506835938,54644.0,0,1
2022-08-17,810.2494333758586,824.4098614343858,797.2528307047826,818.0570678710938,70824.0,0,1
2022-08-18,813.7409532224952,833.0418648266075,810.7827887719977,816.796142578125,467258.0,0,1
2022-08-19,822.4699837077411,838.9581791358444,806.1757788889047,815.2442626953125,111561.0,0,1
2022-08-22,828.2893875354968,828.2893875354968,803.120629084091,815.2927856445312,84118.0,0,1
2022-08-23,807.436659759497,837.0184232702053,802.247751150603,830.2776489257812,107123.0,0,1
2022-08-24,832.1690254963313,838.2308628032685,808.0671840430011,819.75439453125,186406.0,0,1
2022-08-25,827.9014291394489,833.8178175893664,806.8547783647467,810.7828369140625,86786.0,0,1
2022-08-26,815.0018661386437,827.8529608467369,815.0018661386437,820.5302734375,229264.0,0,1
2022-08-29,809.8613732980095,819.2693555818345,805.4483680734553,808.7459716796875,139019.0,0,1
2022-08-30,812.9650614649826,825.6706476047033,808.018567162001,810.0068969726562,233197.0,0,1
2022-08-31,812.9650614649826,825.6706476047033,808.018567162001,810.0068969726562,233197.0,0,1
2022-09-01,810.0068781879801,829.2592475664682,809.279457795378,813.7894287109375,145897.0,0,1
2022-09-02,818.1055558881569,824.4098666329975,810.7828683240602,816.7476806640625,119537.0,0,1
2022-09-05,820.8212051868962,823.342964874524,810.8797925973644,817.2811279296875,32789.0,0,1
2022-09-06,819.5603494243604,830.2776652311538,810.8313042825625,813.9834594726562,210329.0,0,1
2022-09-07,812.7226003820691,823.4399160721044,804.3329945192455,811.7042236328125,32495.0,0,1
2022-09-08,815.6808160229923,852.5367863070277,815.6808160229923,830.5686645507812,412803.0,0,1
2022-09-09,834.9816068645757,869.024856004452,834.9816068645757,852.5851440429688,211152.0,0,1
2022-09-12,857.0952549851027,868.055044263089,851.5668478916114,857.2892456054688,119948.0,0,1
2022-09-13,861.8477944890288,877.172167220819,846.9599450993444,850.1605834960938,114667.0,0,1
2022-09-14,841.8679096595565,853.3126459006565,820.6272094579896,844.1956787109375,396877.0,0,1
2022-09-15,848.6572080432262,896.8609492996072,845.7475261870779,878.1904907226562,592354.0,0,1
2022-09-16,879.8877174358071,888.6167621341829,872.9044698375818,875.2322387695312,214919.0,0,1
2022-09-19,879.7906526378675,892.9327611403737,844.7775097255359,857.192138671875,168283.0,0,1
2022-09-20,869.024974320902,906.3658911862532,864.9514079142469,883.9613647460938,264599.0,0,1
2022-09-21,885.5131122541335,895.6000322830662,872.0801056980029,887.5498657226562,176113.0,0,1
2022-09-22,889.3927578498709,898.1218034558129,876.5416629300117,894.4362182617188,173177.0,0,1
2022-09-23,890.3626178178183,900.2555476330972,866.600216797626,875.959716796875,111417.0,0,1
2022-09-26,875.9597152891341,875.9597152891341,845.9414867022998,850.3544921875,50324.0,0,1
2022-09-27,852.6337138143841,867.6185865847177,836.2910250866955,847.3478393554688,84501.0,0,1
2022-09-28,839.6371968008107,858.8410849985189,834.1087894960207,846.135498046875,78301.0,0,1
2022-09-29,853.5066365651991,878.72387810008,853.5066365651991,869.9463500976562,329741.0,0,1
2022-09-30,874.3109184291471,890.7506328219972,867.376152965065,881.6336059570312,180334.0,0,1
2022-10-03,886.2891253057683,896.8609935841685,878.7724468062322,885.9981689453125,94258.0,0,1
2022-10-04,890.3141311910423,904.620066438534,883.039926827911,902.2922973632812,155180.0,0,1
2022-10-05,890.3141311910423,904.620066438534,883.039926827911,902.2922973632812,155180.0,0,1
2022-10-06,897.1518957631301,916.5497745904412,897.1518957631301,901.6619262695312,181406.0,0,1
2022-10-07,902.971248985968,907.7722357798228,890.3626278937902,903.6986694335938,80036.0,0,1
2022-10-10,896.9094014004303,906.8508140680208,888.1803561313263,901.5648803710938,57699.0,0,1
2022-10-11,901.0314350855094,915.5798436175684,895.4545451482202,904.7655029296876,151941.0,0,1
2022-10-12,902.1468731556536,916.5497745045308,895.7940204822021,901.3709106445312,122797.0,0,1
2022-10-13,902.0982722097652,905.7839163041054,879.6937473079832,887.986328125,72708.0,0,1
2022-10-14,894.484643509849,901.8073305681276,882.6519261665883,893.708740234375,66602.0,0,1
2022-10-17,888.4228171478287,912.2821835362856,885.1251541911554,895.551513671875,92920.0,0,1
2022-10-18,897.1518302194344,906.9477346325106,884.2522535812095,889.441162109375,110554.0,0,1
2022-10-19,890.3626620690411,897.1519198408095,865.4848581262954,875.1353149414062,48914.0,0,1
2022-10-20,876.7840696544955,882.6034329486625,847.9782095088439,856.7557373046875,237458.0,0,1
2022-10-21,858.3560331103412,886.2889633652551,858.3560331103412,876.8809814453125,52576.0,0,1
2022-10-24,900.0615064626558,900.0615064626558,868.1034917805184,873.1954345703125,10857.0,0,1
2022-10-25,877.7538668879544,886.6769014626925,863.253943103707,872.952880859375,81408.0,0,1
2022-10-26,877.7538668879544,886.6769014626925,863.253943103707,872.952880859375,81408.0,0,1
2022-10-27,868.0551421522869,881.6336583423785,865.1454601115529,879.0634155273438,81922.0,0,1
2022-10-28,881.0031529707429,890.3626533434375,878.8694336214874,885.36767578125,45877.0,0,1
2022-10-31,889.2471854347773,914.6099342251612,877.8024494229163,908.2571411132812,127465.0,0,1
2022-11-01,911.942760022572,931.098164979175,903.504671062923,922.4176025390624,196236.0,0,1
2022-11-02,926.2487479097348,928.1400530041552,906.947834090993,915.6768798828124,152305.0,0,1
2022-11-03,909.081516175798,938.8572699443426,907.5781925107632,919.3624267578124,198297.0,0,1
2022-11-04,921.3992455060784,954.3756395557696,919.4594576208024,939.7787475585938,208600.0,0,1
2022-11-07,943.7068460428046,979.5929234360048,941.912565852197,973.6280517578124,538433.0,0,1
2022-11-08,943.7068460428046,979.5929234360048,941.912565852197,973.6280517578124,538433.0,0,1
2022-11-09,968.9241231232642,973.628085427342,909.8575538003604,924.939453125,246401.0,1,0
2022-11-10,924.9393676935738,941.2820566938548,914.5130079723384,925.7152709960938,282452.0,0,1
2022-11-11,931.098081833054,940.9910107920545,914.415896027354,931.5345458984376,186809.0,0,1
2022-11-14,935.9475953048888,935.9475953048888,892.3023706533654,900.3524780273438,253772.0,0,1
2022-11-15,900.3525093013127,911.6033142319684,894.7756192910146,898.1217651367188,135088.0,0,1
2022-11-16,899.091730801896,909.7605647164816,880.4697543114567,887.3074951171875,62706.0,0,1
2022-11-17,892.889243406606,895.7679692728098,881.0328214323503,883.9603271484375,55427.0,0,1
2022-11-18,888.0101004532165,894.8409473797797,867.5663395252363,884.7898559570312,63737.0,0,1
2022-11-21,878.2517116957868,888.0100640479621,871.860002817163,875.3729858398438,111800.0,0,1
2022-11-22,879.6666680045473,884.8873625897802,857.0760589138845,876.1536254882812,150612.0,0,1
2022-11-23,869.469153983467,889.9616929662424,868.8348372860894,880.788818359375,113508.0,0,1
2022-11-24,880.7888940737477,893.3284130749009,879.7642789485816,887.4246215820312,72228.0,0,1
2022-11-25,887.7661100311013,892.4988871233503,876.3488258053771,881.569580078125,38660.0,0,1
2022-11-28,878.3981568368172,917.2851691739718,873.6165401095726,905.7703247070312,82846.0,0,1
2022-11-29,904.5991884879054,912.4546495718936,888.1075505478982,896.4509887695312,68247.0,0,1
2022-11-30,894.9872753727466,901.6717226527264,886.1071393377417,893.4259033203125,134855.0,0,1
2022-12-01,893.8650589781813,916.3092689743584,888.4491854346331,892.4013061523438,120015.0,0,1
2022-12-02,888.9858449411917,901.6717022235578,880.3008880545477,888.010009765625,54420.0,0,1
2022-12-05,887.0342655712044,904.6480803847415,885.3753336905377,902.9403686523438,57167.0,0,1
2022-12-06,901.6718007069288,915.2359349529224,892.8892831675757,906.502197265625,95656.0,0,1
2022-12-07,902.6475104843128,909.234397722982,893.864994166087,902.4523315429688,68476.0,0,1
2022-12-08,898.0123176184526,903.1354522747928,892.4988250689573,897.817138671875,159802.0,0,1
2022-12-09,897.8171436011411,912.4058914241988,892.4012702753259,906.1605224609376,109331.0,0,1
2022-12-12,910.6981811483856,911.9179751225998,897.1340483310216,908.307373046875,54628.0,0,1
2022-12-13,908.3073771014356,912.8450345298692,895.8166986617751,898.2562866210938,135990.0,0,1
2022-12-14,897.8171661494603,953.9764701413712,897.8171661494603,946.2186279296876,552645.0,1,0
2022-12-15,946.21864288763,975.7864380787862,934.459780863398,950.2195434570312,277185.0,0,1
2022-12-16,950.2195656266284,963.100602715852,928.8487500313084,959.9291381835938,88194.0,0,1
2022-12-19,965.0035396079254,965.0035396079254,930.1662079330234,937.5337524414062,74856.0,0,1
2022-12-20,923.1888803599104,950.4634861507216,923.1888803599104,936.8993530273438,69147.0,0,1
2022-12-21,936.8505518558804,941.4369891100582,896.7437498158474,917.6265869140624,137781.0,0,1
2022-12-22,917.2850607889046,926.5554949138988,908.0634065104126,919.09033203125,58428.0,0,1
2022-12-23,907.575521058499,915.0894640536887,892.8892131262331,901.2813720703124,129655.0,0,1
2022-12-26,888.0588506999991,915.3334576452978,888.0588506999991,904.2577514648438,39013.0,0,1
2022-12-27,898.7441888715126,919.6758651172156,898.7441888715126,910.5029907226562,38351.0,0,1
2022-12-28,913.1377314436525,942.656744402424,910.5029646559434,936.6553344726562,67840.0,0,1
2022-12-29,936.8017603569568,970.9559912033042,930.9467493547256,936.3138427734376,59921.0,0,1
2022-12-30,932.2153944239844,955.342701562838,932.2153944239844,948.2191162109376,43863.0,0,1
2023-01-02,952.951828112288,955.1962371024504,940.949067373374,946.5601196289062,27181.0,0,1
2023-01-03,945.5842371587794,951.5368076036874,932.1177243311066,936.9481201171876,28704.0,0,1
2023-01-04,931.3372144397669,951.2442184024376,931.3372144397669,938.9974975585938,62168.0,0,1
2023-01-05,943.6814351406484,1005.1102739923276,941.8273839636116,980.3240356445312,1016320.0,1,0
2023-01-06,987.545248599874,995.3519304069875,952.4151804678628,967.1502685546876,733214.0,0,1
2023-01-09,968.0285297288208,987.5452339572246,958.2701776146192,977.0062255859376,75268.0,0,1
2023-01-10,971.0047340952042,980.6167458608716,962.1734380816569,973.737060546875,58494.0,0,1
2023-01-11,972.126980809782,978.5674689257792,955.0010859720276,957.440673828125,42192.0,0,1
2023-01-12,957.2943545839638,961.636833242089,932.4105563761238,939.9244995117188,34082.0,0,1
2023-01-13,943.5350820428276,967.4918243755484,934.4109871543894,952.903076171875,40311.0,0,1
2023-01-16,951.1465684129143,964.9058207216358,941.7297350369168,944.364501953125,35511.0,0,1
2023-01-17,940.7539661734174,948.5118683668644,935.8260100450856,938.6071166992188,463635.0,0,1
2023-01-18,975.8352103542544,983.6418920370884,941.8273770975104,970.0777587890624,533383.0,0,1
2023-01-19,963.2958157458552,994.3761454371322,948.5118875023478,974.1275634765624,435693.0,0,1
2023-01-20,975.7864949216352,984.5690123945952,961.2465255034092,967.443115234375,62583.0,0,1
2023-01-23,970.9559820881564,972.5172945166598,949.877966502102,959.05078125,61829.0,0,1
2023-01-24,962.1734810215306,976.762228776656,949.4876237666828,958.5140991210938,50384.0,0,1
2023-01-25,963.5396739804688,973.34680556049,948.5117884869248,970.22412109375,48161.0,0,1
2023-01-26,963.5396739804688,973.34680556049,948.5117884869248,970.22412109375,48161.0,0,1
2023-01-27,970.2240880905508,979.0553841968258,950.5122063475436,974.1762084960938,75594.0,0,1
2023-01-30,974.859371663226,993.400240593758,949.7316150863212,963.8812255859376,85426.0,0,1
2023-01-31,968.6628805543382,989.7896778894676,954.610829190906,961.3441162109376,100798.0,0,1
2023-02-01,966.0769410851228,989.496988141732,943.0960318228772,956.8552856445312,100227.0,0,1
2023-02-02,946.6089031244294,970.9560027434644,946.6089031244294,955.1474609375,48972.0,0,1
2023-02-03,955.1474830035744,965.1010139676678,938.75346353579,946.4625854492188,98373.0,0,1
2023-02-06,943.0960201470016,958.2702468691816,940.753991646232,949.9756469726562,165290.0,0,1
2023-02-07,949.975592482518,965.2962174423096,940.7539376850432,946.364990234375,203585.0,0,1
2023-02-08,952.4151140884828,978.3235256180816,942.0224458329866,959.05078125,132664.0,0,1
2023-02-09,963.1981037336856,972.3221984144576,952.0247789964046,957.0503540039062,44720.0,0,1
2023-02-10,961.100211105972,980.7144768182328,957.9287463799428,976.1768188476562,83930.0,0,1
2023-02-13,981.0560041709182,1008.8185901868808,968.9556820743412,995.2544555664062,170497.0,0,1
2023-02-14,1000.523850912622,1000.523850912622,971.4439150977572,975.0057373046876,42388.0,0,1
2023-02-15,978.7139569322024,982.129380241012,951.2929512024638,966.1744384765624,61783.0,0,1
2023-02-16,969.150779368032,989.5456998729984,960.4170421756928,974.0787353515624,57929.0,0,1
2023-02-17,976.811008513798,990.3263018404624,966.2720005537716,970.22412109375,52746.0,0,1
2023-02-20,975.1033520661442,975.347310873266,962.759012601675,966.662353515625,29018.0,0,1
2023-02-21,969.9802971614632,969.9802971614632,946.6578094518871,951.7809448242188,38237.0,0,1
2023-02-22,947.633501711412,963.8811809779658,947.633501711412,955.9281005859376,58553.0,0,1
2023-02-23,961.0025464746536,970.9560779800684,954.366878657796,966.5648193359376,75082.0,0,1
2023-02-24,971.4439773003044,971.4439773003044,948.6094089570388,953.7325439453124,539401.0,0,1
2023-02-27,948.5605671795724,974.225020295154,948.5605671795724,958.758056640625,186302.0,0,1
2023-02-28,963.5885088206376,977.7381196416152,951.5369080059272,959.7339477539062,114679.0,0,1
2023-03-01,957.4894877493268,972.761272535855,956.3184736246748,964.7106323242188,221227.0,0,1
2023-03-02,964.7107188820568,969.7362943194884,961.2952954555228,964.6131591796876,39530.0,0,1
2023-03-03,968.0285336297596,980.714391429343,963.24691725043,973.883544921875,164471.0,0,1
2023-03-06,975.8352490308246,983.6419310230712,964.1740058928548,967.5406494140624,34189.0,0,1
2023-03-07,975.8352490308246,983.6419310230712,964.1740058928548,967.5406494140624,34189.0,0,1
2023-03-08,969.004398406498,972.9565192371924,961.7344139182852,968.2725219726562,35537.0,0,1
2023-03-09,970.4680710656828,971.1511675928624,957.0503375542166,965.00341796875,32552.0,0,1
2023-03-10,969.2483413561544,969.2483413561544,940.7051609034312,957.3431396484376,119001.0,0,1
2023-03-13,956.6600969423666,965.7354127326948,945.0964726498968,954.2693481445312,359512.0,0,1
2023-03-14,948.5607343708938,956.3186372689548,932.9961487196168,938.7536010742188,273867.0,0,1
2023-03-15,941.6809336344402,954.5619697164124,930.946746826172,936.8017578125,262338.0,0,1
2023-03-16,936.80173674144,968.028461299488,929.0926152920716,957.440673828125,354905.0,0,1
2023-03-17,961.1976163895404,965.1009569637112,944.6084189493148,952.4151000976562,64551.0,0,1
2023-03-20,952.4152432841656,957.1968600304951,939.3390265707096,946.12109375,150038.0,0,1
2023-03-21,946.56020263709,962.1735668042996,946.56020263709,956.269775390625,130521.0,0,1
2023-03-22,961.0024554802604,968.0284805576484,951.4392828061564,963.1005249023438,36821.0,0,1
2023-03-23,966.0768320002844,972.4197606952356,955.3426449780588,958.9532470703124,85133.0,0,1
2023-03-24,961.2464752930708,969.833813350468,956.318519324927,960.7097778320312,47682.0,0,1
2023-03-27,960.70978180911,964.125205106552,948.6094011597836,957.5870971679688,91919.0,0,1
2023-03-28,962.1735300864576,962.1735300864576,941.7297702481272,949.2437133789062,80934.0,0,1
2023-03-29,943.6326825200708,954.0253517100874,939.5829424266212,947.4872436523438,137685.0,0,1
2023-03-30,943.6326825200708,954.0253517100874,939.5829424266212,947.4872436523438,137685.0,0,1
2023-03-31,947.487195072189,962.710200299324,947.487195072189,954.3668212890624,122818.0,0,1
2023-04-03,954.3669047305368,981.7390724480264,949.1462098017688,968.3701171875,355041.0,0,1
2023-04-04,954.3669047305368,981.7390724480264,949.1462098017688,968.3701171875,355041.0,0,1
2023-04-05,972.907690840634,981.6902076085032,964.4179127196428,970.614501953125,61270.0,0,1
2023-04-06,974.7618689605708,975.7864840756424,967.1503062537356,971.5415649414062,118345.0,0,1
2023-04-07,974.7618689605708,975.7864840756424,967.1503062537356,971.5415649414062,118345.0,0,1
2023-04-10,968.0286235686592,978.8115917880928,968.0286235686592,973.05419921875,96376.0,0,1
2023-04-11,973.0540669392808,977.8356235525898,958.0261814454476,972.6149291992188,279551.0,0,1
2023-04-12,971.2487410650864,991.2045823736828,968.22367583641,985.7399291992188,137568.0,0,1
2023-04-13,985.5935328493574,993.3026546036664,967.052664409617,971.1511840820312,88987.0,0,1
2023-04-14,985.5935328493574,993.3026546036664,967.052664409617,971.1511840820312,88987.0,0,1
2023-04-17,973.883500262656,1002.182720210168,966.1743785907846,991.7412719726562,199258.0,0,1
2023-04-18,996.9133077777196,1044.1437596064516,993.4491044125724,1033.31201171875,529944.0,0,1
2023-04-19,1039.2157083824604,1042.1920535619058,996.3277965231327,1000.7190551757812,166165.0,0,1
2023-04-20,1006.0861451830848,1013.6977077996978,988.4235509394728,1001.450927734375,96626.0,0,1
2023-04-21,1000.2311856142304,1004.6712838912628,980.763259406565,985.0081787109376,64589.0,0,1
2023-04-24,994.3760208994328,1000.7189493938844,970.516839496714,976.5182495117188,68897.0,0,1
2023-04-25,979.933779937599,1005.1103177318402,973.444451634936,999.9871826171876,70753.0,0,1
2023-04-26,1005.2078444360218,1009.9406214672362,988.4235261643408,997.0108642578124,45863.0,0,1
2023-04-27,995.3520200180494,1001.69494955738,988.1308148722454,996.4254150390624,18434.0,0,1
2023-04-28,1000.2312477485956,1026.5788025673392,981.6903758391094,1020.8213500976562,71302.0,0,1
2023-05-01,1000.2312477485956,1026.5788025673392,981.6903758391094,1020.8213500976562,71302.0,0,1
2023-05-02,1027.456899997549,1034.385306053618,1012.9169317770336,1031.3114013671875,62395.0,0,1
2023-05-03,1031.2627251909398,1040.2403617151356,1003.5489806607304,1018.2352294921876,63599.0,0,1
2023-05-04,1022.6754347655316,1034.2390597028498,1010.9654107033308,1019.0160522460938,72561.0,0,1
2023-05-05,1024.6269475154932,1063.660355039893,1014.9174350420012,1039.4595947265625,364882.0,0,1
2023-05-08,1044.8756843378292,1053.90216118128,1032.628903242559,1051.75537109375,79979.0,0,1
2023-05-09,1053.2676074826834,1056.0975531400989,1013.8926844190923,1028.774169921875,213998.0,0,1
2023-05-10,1035.3611145886516,1046.5832190351828,1026.0906804806475,1034.2877197265625,98647.0,0,1
2023-05-11,1039.7524834115234,1058.7812712355728,1026.7738266320418,1038.6302490234375,143713.0,0,1
2023-05-12,1042.7286331306277,1060.7327428940164,1038.239696419961,1052.7796630859375,227766.0,0,1
2023-05-15,1060.7328328049869,1061.2207503913737,1032.9703697877776,1045.265869140625,73402.0,0,1
2023-05-16,1052.2729172411375,1058.829696748231,1031.4770097857793,1043.2205810546875,79776.0,0,1
2023-05-17,1038.32745601624,1073.9496471084008,1038.32745601624,1056.43212890625,168654.0,0,1
2023-05-18,1049.0924504878908,1067.637460479988,1037.4467174903025,1055.355712890625,108665.0,0,1
2023-05-19,1054.964199837634,1065.7291406523038,1040.7250712480595,1050.071044921875,95054.0,0,1
2023-05-22,1043.514283951097,1064.7505288840116,1042.8781499082106,1048.456298828125,60098.0,0,1
2023-05-23,1051.8324713247894,1053.0557598709609,1026.5837479471013,1036.4678955078125,99343.0,0,1
2023-05-24,1038.1318277374655,1061.7656711629957,1036.6638812160393,1054.9642333984375,61356.0,0,1
2023-05-25,1054.9640703343632,1063.7717481015334,1035.5871314618792,1049.09228515625,180860.0,0,1
2023-05-26,1049.0921491676402,1055.8447251395226,1039.1590233032252,1047.1348876953125,182855.0,0,1
2023-05-29,1051.734540993969,1065.3865132139415,1046.1563928579212,1057.8021240234375,67875.0,0,1
2023-05-30,1057.019133844215,1076.2982328404244,1047.1349863699002,1074.0963134765625,80349.0,0,1
2023-05-31,1063.1846404470316,1115.6392331299062,1063.1846404470316,1104.2381591796875,292562.0,0,1
2023-06-01,1101.9384507673203,1123.4683316881742,1088.2376174540502,1111.4801025390625,116272.0,0,1
2023-06-02,1116.373146981187,1146.955361176376,1075.074972716713,1087.112060546875,218345.0,0,1
2023-06-05,1087.2097796890348,1120.2385673727638,1087.2097796890348,1108.886474609375,163928.0,0,1
2023-06-06,1114.4646969346868,1120.483180213431,1100.9595453931615,1115.4921875,96011.0,0,1
2023-06-07,1120.434509437951,1139.175314532331,1117.5474766879884,1120.5323486328125,52181.0,0,1
2023-06-08,1121.5111270530915,1132.2760680631998,1107.8592723749894,1119.70068359375,62300.0,0,1
2023-06-09,1120.532380691369,1146.9554149958817,1115.6392261905332,1120.67919921875,140185.0,0,1
2023-06-12,1126.6000341413824,1139.518035875294,1115.933051103287,1130.661376953125,93217.0,0,1
2023-06-13,1138.0988430439895,1146.4661856535777,1120.5324648513415,1133.010009765625,73928.0,0,1
2023-06-14,1134.1354393457543,1144.019588113747,1125.425599940812,1130.269775390625,153841.0,0,1
2023-06-15,1134.233305546565,1162.0264492642225,1131.6399095578322,1156.350341796875,171400.0,0,1
2023-06-16,1159.7267096183466,1186.100767176372,1150.4785750288818,1167.99609375,110765.0,0,1
2023-06-19,1166.5281014841205,1182.1861968060548,1159.677684780774,1165.6962890625,91867.0,0,1
2023-06-20,1167.9470572195507,1173.3785067661936,1148.2277391848602,1159.7755126953125,49016.0,0,1
2023-06-21,1164.1303877074254,1172.3507913648984,1137.7073544781256,1149.255126953125,59537.0,0,1
2023-06-22,1153.561107074879,1163.592073223356,1136.1904095982477,1141.96435546875,39603.0,0,1
2023-06-23,1141.9642885100504,1149.891173987312,1130.3185582598685,1136.7286376953125,49031.0,0,1
2023-06-26,1131.346324060556,1162.5645548725145,1124.5937468129785,1159.628662109375,108470.0,0,1
2023-06-27,1161.5858140960886,1173.378363364148,1151.1145120159126,1165.7449951171875,235773.0,0,1
2023-06-28,1169.366004272808,1190.064070248221,1165.108984048789,1187.9110107421875,291712.0,0,1
2023-06-29,1169.366004272808,1190.064070248221,1165.108984048789,1187.9110107421875,291712.0,0,1
2023-06-30,1187.9110923255676,1208.4134813274825,1174.3570782728575,1190.94482421875,85600.0,0,1
2023-07-03,1196.865725484545,1216.4383456887076,1174.5528906670822,1183.801025390625,70973.0,0,1
2023-07-04,1179.3479524527731,1211.5449296450645,1179.3479524527731,1208.168701171875,182495.0,0,1
2023-07-05,1213.5023122294322,1218.3954667142284,1187.128257341093,1203.6181640625,92442.0,0,1
2023-07-06,1196.425179757667,1228.964655147713,1196.425179757667,1215.4105224609375,59441.0,0,1
2023-07-07,1215.4105786278762,1237.772389897228,1215.4105786278762,1227.790283203125,150006.0,0,1
2023-07-10,1228.132777795864,1239.1913545491082,1208.6091394812624,1222.8482666015625,72724.0,0,1
2023-07-11,1225.2457963292763,1228.1816888124931,1200.3396895480262,1213.4532470703125,80874.0,0,1
2023-07-12,1215.753257112726,1231.9985067250338,1192.363953897388,1205.7222900390625,43706.0,0,1
2023-07-13,1208.022014832661,1235.032203958737,1190.0641615913858,1200.8291015625,54374.0,0,1
2023-07-14,1200.8290502114733,1231.99841935713,1200.8290502114733,1215.557373046875,117241.0,0,1
2023-07-17,1221.575901737627,1230.0410820890477,1201.171473355813,1213.6978759765625,69460.0,0,1
2023-07-18,1209.5878311906993,1236.9894972694528,1209.14749505629,1232.04736328125,74790.0,0,1
2023-07-19,1237.8702854032526,1242.8612792464526,1197.844256533589,1213.649169921875,92952.0,0,1
2023-07-20,1213.9426225656412,1213.9426225656412,1194.0275081278503,1204.2542724609375,35859.0,0,1
2023-07-21,1207.9730240866068,1231.117668698129,1195.2019625550015,1203.8138427734375,74608.0,0,1
2023-07-24,1205.183854813857,1212.5235859637585,1148.129630223913,1172.693359375,67734.0,0,1
2023-07-25,1160.6562714964457,1202.7374010700942,1160.6562714964457,1194.468017578125,71708.0,0,1
2023-07-26,1193.929677003669,1200.4375962665772,1166.528012285552,1183.654052734375,77755.0,0,1
2023-07-27,1186.100658727729,1201.7097739023463,1179.250242381942,1192.1192626953125,27264.0,0,1
2023-07-28,1179.2502723277253,1228.2307982286234,1165.10910315382,1214.236328125,687679.0,0,1
2023-07-31,1220.303936823438,1248.2439010126343,1203.814027566395,1239.925537109375,268847.0,0,1
2023-08-01,1246.4819526991191,1248.1945565311416,1217.0251906806898,1227.643310546875,55966.0,0,1
2023-08-02,1227.6437273361505,1242.812509283915,1215.2151602346385,1225.784423828125,60895.0,0,1
2023-08-03,1225.784155541511,1232.194116123282,1190.5534438898844,1196.3272705078125,45829.0,0,1
2023-08-04,1209.2941684720054,1211.5450673511507,1195.886972781184,1205.9669189453125,248436.0,0,1
2023-08-07,1219.4229888592486,1232.194049465018,1169.4638373934238,1174.0633544921875,111775.0,0,1
2023-08-08,1179.935243379278,1191.9724513873605,1160.7052415186854,1166.9683837890625,47216.0,0,1
2023-08-09,1164.6197493704829,1187.9600724239028,1143.6770242353762,1160.069091796875,66402.0,0,1
2023-08-10,1162.124283118633,1186.0517626789706,1161.6349676310042,1182.08837890625,108289.0,0,1
2023-08-11,1184.1923425526277,1191.972410253562,1166.528007407427,1178.7119140625,66644.0,0,1
2023-08-14,1181.1585658931565,1182.1371968336905,1150.28283139637,1171.6658935546875,41478.0,0,1
2023-08-15,1181.1585658931565,1182.1371968336905,1150.28283139637,1171.6658935546875,41478.0,0,1
2023-08-16,1171.6169940681948,1197.8443528466123,1161.0478508672122,1169.953369140625,49025.0,0,1
2023-08-17,1176.1187389787206,1218.3465694577358,1170.0022954606954,1206.456298828125,202950.0,0,1
2023-08-18,1206.456317312029,1218.395567457418,1193.000141366214,1213.7470703125,82045.0,0,1
2023-08-21,1216.5848858981565,1254.5556887300663,1210.5662826699745,1240.4635009765625,266059.0,0,1
2023-08-22,1242.86114977943,1248.2436193257188,1223.3375125735083,1239.1912841796875,129370.0,0,1
2023-08-23,1233.074957839963,1247.705442293113,1222.3100177318363,1225.1480712890625,31981.0,0,1
2023-08-24,1233.0747018652078,1237.8700162648129,1199.0183051718468,1206.74951171875,43618.0,0,1
2023-08-25,1205.673294238938,1212.1322344228618,1190.553494299632,1203.5692138671875,34476.0,0,1
2023-08-28,1203.5691528936195,1219.031568441243,1194.9082935770016,1212.18115234375,52558.0,0,1
2023-08-29,1213.5023451073278,1227.154198705072,1192.510759583531,1195.2508544921875,26588.0,0,1
2023-08-30,1199.8013406509313,1235.521364251061,1192.510589098077,1227.00732421875,279416.0,0,1
2023-08-31,1226.2246183959753,1247.7544999639813,1222.163275935107,1245.40576171875,289947.0,0,1
2023-09-01,1246.335421036118,1248.2437034919467,1223.4354342572772,1246.971435546875,38984.0,0,1
2023-09-04,1246.9715174420112,1312.0504760729775,1235.6194222348315,1263.070068359375,127090.0,0,1
2023-09-05,1265.3698481054803,1291.5972059669373,1243.888946032566,1257.296142578125,69062.0,0,1
2023-09-06,1280.0492709387652,1280.8322234763468,1253.626235529479,1269.0396728515625,56166.0,0,1
2023-09-07,1270.8990634789022,1291.7438303212136,1244.867504994943,1251.2774658203125,59867.0,0,1
2023-09-08,1256.5621787872565,1275.6454829043528,1238.0171694940764,1245.40576171875,94342.0,0,1
2023-09-11,1249.6625825996932,1268.452366092708,1247.7543002780935,1251.864501953125,54032.0,0,1
2023-09-12,1254.604795535452,1260.2809024575313,1219.3740836483412,1249.956298828125,78174.0,0,1
2023-09-13,1248.2438584986862,1252.4520196440817,1212.621665692684,1224.952392578125,56549.0,0,1
2023-09-14,1230.0899721595354,1241.5400245306173,1199.0674226792512,1209.098388671875,54849.0,0,1
2023-09-15,1211.3005501608466,1236.6959774532231,1189.0366943610816,1213.0621337890625,89332.0,0,1
2023-09-18,1211.5449461306728,1220.9887573656447,1194.321067719392,1215.0679931640625,32682.0,0,1
2023-09-19,1211.5449461306728,1220.9887573656447,1194.321067719392,1215.0679931640625,32682.0,0,1
2023-09-20,1207.826115942766,1213.7468802163346,1185.170907922577,1191.091552734375,43991.0,0,1
2023-09-21,1190.015065855581,1206.7007689633458,1160.1178468028734,1175.6781005859375,45117.0,0,1
2023-09-22,1174.3572105504782,1207.6306648494085,1168.6322430414034,1201.4163818359375,48894.0,0,1
2023-09-25,1206.6520306293287,1206.6520306293287,1185.1221484932012,1201.02490234375,56096.0,0,1
2023-09-26,1203.716113809528,1228.1329091463954,1184.6328095662063,1219.6678466796875,68016.0,0,1
2023-09-27,1219.3741422993328,1223.4843444324822,1195.006208179646,1210.0771484375,43710.0,0,1
2023-09-28,1204.694549220687,1228.1816890917642,1202.8351267552057,1221.9674072265625,31911.0,0,1
2023-09-29,1221.9675145046044,1237.9681060541336,1212.5237022933372,1233.2706298828125,47049.0,0,1
2023-10-02,1221.9675145046044,1237.9681060541336,1212.5237022933372,1233.2706298828125,47049.0,0,1
2023-10-03,1235.0321566542495,1262.4338209857226,1226.4201572225047,1260.0850830078125,77219.0,0,1
2023-10-04,1257.54061822502,1266.348295706752,1224.2671699607006,1231.264404296875,35758.0,0,1
2023-10-05,1232.0963505519271,1248.7330764926603,1218.542335957275,1228.4754638671875,40931.0,0,1
2023-10-06,1228.27955165557,1244.8184368551988,1203.0309474907594,1208.07080078125,50580.0,0,1
2023-10-09,1205.6731523919934,1238.897620454452,1200.8289776894117,1209.5386962890625,65533.0,0,1
2023-10-10,1210.5664518495846,1232.096332157338,1198.8228807726282,1212.6705322265625,54179.0,0,1
2023-10-11,1208.5602873146836,1226.8607584138872,1207.4349572512042,1210.76220703125,32627.0,0,1
2023-10-12,1211.5448540139623,1246.7755605927207,1197.1590299456736,1240.561279296875,64806.0,0,1
2023-10-13,1240.5614526792965,1256.2195466804728,1230.1879892958727,1247.9990234375,622707.0,0,1
2023-10-16,1262.8741963491036,1271.241538323706,1240.9039804422318,1261.40625,35345.0,0,1
2023-10-17,1267.669445691483,1281.9574321869957,1233.7598628991552,1243.301513671875,46257.0,0,1
2023-10-18,1246.7757557155803,1295.7073002884056,1245.74814549484,1285.969970703125,226941.0,0,1
2023-10-19,1285.3338541711892,1304.514996011637,1249.8584838745487,1288.7100830078125,99999.0,0,1
2023-10-20,1282.0066049306463,1290.2271291904988,1262.5318242152955,1270.703369140625,65132.0,0,1
2023-10-23,1270.7033554225902,1290.667451420481,1238.506491566923,1268.5504150390625,52180.0,0,1
2023-10-24,1270.7033554225902,1290.667451420481,1238.506491566923,1268.5504150390625,52180.0,0,1
2023-10-25,1268.5013096906257,1277.3089876857482,1245.9927992586454,1259.0576171875,353998.0,0,1
2023-10-26,1255.7301797984144,1296.685856350021,1216.9764226255152,1227.4967041015625,94663.0,0,1
2023-10-27,1236.695667996501,1272.2200130692163,1224.8053995976122,1260.867919921875,76792.0,0,1
2023-10-30,1267.1314059303695,1282.0065486336175,1247.8523044761355,1267.033447265625,231906.0,0,1
2023-10-31,1268.30562569404,1284.453035280423,1214.040590959666,1227.790283203125,212267.0,0,1
2023-11-01,1234.2492253270768,1256.5620573069582,1234.2492253270768,1249.956298828125,110955.0,0,1
2023-11-02,1254.3111417387802,1262.9231412031402,1242.7143897897893,1256.3173828125,59448.0,0,1
2023-11-03,1259.7425858535137,1279.0705455121713,1240.6592839120544,1251.375244140625,85006.0,0,1
2023-11-06,1252.6475545038318,1281.8108031668362,1241.8336352525046,1253.087890625,64552.0,0,1
2023-11-07,1255.4366870615374,1259.3512108513924,1225.2459462246372,1234.9832763671875,57877.0,0,1
2023-11-08,1241.4910236380974,1254.4090220275991,1227.594513898816,1232.2918701171875,49970.0,0,1
2023-11-09,1238.4084744450097,1247.8034270324192,1222.1143648738746,1224.511962890625,34656.0,0,1
2023-11-10,1223.2885300192104,1250.6901930916408,1211.0556447190183,1238.7998046875,43861.0,0,1
2023-11-13,1254.5557148763428,1257.4427474331962,1231.9983464587533,1240.0230712890625,33330.0,0,1
2023-11-14,1254.5557148763428,1257.4427474331962,1231.9983464587533,1240.0230712890625,33330.0,0,1
2023-11-15,1246.5800816517158,1251.424256796539,1213.5023096208863,1221.0377197265625,45648.0,0,1
2023-11-16,1224.8920280480506,1231.1687718653209,1207.3858879696977,1211.308837890625,51043.0,0,1
2023-11-17,1212.191396746252,1228.079294350019,1194.1948898402832,1218.909423828125,141241.0,0,1
2023-11-20,1218.9096373223815,1230.678487895817,1197.4805458470394,1206.5523681640625,63297.0,0,1
2023-11-21,1214.1530815614365,1225.9219321096896,1204.345706104559,1215.91845703125,107145.0,0,1
2023-11-22,1219.743121234584,1225.921815070108,1204.885044611076,1218.5662841796875,106412.0,0,1
2023-11-23,1221.0182018210785,1230.5313077950825,1207.8273301789384,1215.6241455078125,114785.0,0,1
2023-11-24,1220.8220872881832,1226.9026118976246,1192.723933983192,1199.6380615234375,31691.0,0,1
2023-11-27,1220.8220872881832,1226.9026118976246,1192.723933983192,1199.6380615234375,31691.0,0,1
2023-11-28,1203.3648840746478,1208.9550398050264,1186.7903967723764,1198.853515625,32530.0,0,1
2023-11-29,1198.9516834782166,1217.3405129794162,1182.6714637036096,1213.564697265625,427789.0,0,1
2023-11-30,1215.0846313753962,1222.8324812735607,1191.6451017948873,1213.1722412109375,182480.0,0,1
2023-12-01,1215.526096551113,1225.6276210953013,1203.3649274561797,1210.2791748046875,55351.0,0,1
2023-12-04,1225.9219183614348,1250.4403567286636,1210.279202570718,1248.03759765625,84114.0,0,1
2023-12-05,1247.498135154211,1249.1653410636193,1222.6364627724013,1233.81689453125,66074.0,0,1
2023-12-06,1236.709973236532,1242.496348363582,1215.526067424641,1236.2196044921875,49831.0,0,1
2023-12-07,1235.7292624080883,1244.5558999967177,1218.125071993896,1225.4315185546875,254860.0,0,1
2023-12-08,1227.1968663785055,1235.631184829846,1212.1915349275098,1225.0882568359375,552056.0,0,1
2023-12-11,1225.0882646017485,1242.2020859848644,1213.1722801055907,1217.9288330078125,252278.0,0,1
2023-12-12,1224.009563997039,1226.069088936573,1192.576877199717,1203.8062744140625,53165.0,0,1
2023-12-13,1209.8378520712197,1245.5858086146047,1198.657419740133,1215.7713623046875,158910.0,0,1
2023-12-14,1222.19504733493,1227.3930040691414,1201.6977289789995,1218.7135009765625,97065.0,0,1
2023-12-15,1222.685423706428,1240.6329682894143,1210.3281548435375,1227.589111328125,216504.0,0,1
2023-12-18,1227.5890933768717,1235.7292625974285,1210.279172100555,1225.872802734375,100615.0,0,1
2023-12-19,1224.9411726552678,1231.806335352295,1214.5943438457452,1218.22314453125,18391.0,0,1
2023-12-20,1218.9587266700216,1234.6505274935953,1197.774819501985,1224.352783203125,63950.0,0,1
2023-12-21,1224.3527150055722,1227.687246438633,1202.923624643287,1213.466552734375,44197.0,0,1
2023-12-22,1213.466554530086,1243.329963465647,1212.240632657215,1235.2879638671875,171961.0,0,1
2023-12-25,1213.466554530086,1243.329963465647,1212.240632657215,1235.2879638671875,171961.0,0,1
2023-12-26,1227.883308139316,1251.4210073368747,1202.6293183752684,1220.2825927734375,97419.0,0,1
2023-12-27,1219.939361367142,1225.9218359829529,1199.4419243257212,1221.165283203125,164895.0,0,1
2023-12-28,1221.4595299498606,1223.8133240063062,1206.4052325481068,1211.8973388671875,99328.0,0,1
2023-12-29,1213.172338959606,1228.8641396252112,1198.902559841746,1224.8431396484375,181375.0,0,1
2024-01-01,1219.00775585924,1230.2862382946464,1217.0953654208147,1222.78369140625,28369.0,0,1
2024-01-02,1223.274087128534,1229.9430311448668,1201.501640029668,1206.209228515625,212305.0,0,1
2024-01-03,1205.718814357311,1229.5506659089351,1197.8238288881253,1226.412353515625,127155.0,0,1
2024-01-04,1223.9113889559858,1232.787111753161,1216.1145732489415,1222.5384521484375,100559.0,0,1
2024-01-05,1223.960425484546,1230.0409502235775,1201.403462514879,1219.59619140625,72694.0,0,1
2024-01-08,1211.7011886372577,1224.9411449679765,1211.7011886372577,1217.8798828125,18743.0,0,1
2024-01-09,1222.9305251917897,1234.7484594465816,1210.5732571665303,1231.904296875,48466.0,0,1
2024-01-10,1229.5506264603978,1243.575221403231,1226.4123141677762,1238.132080078125,52788.0,0,1
2024-01-11,1244.6539578259692,1254.167183564167,1234.0129797193254,1244.1146240234375,62933.0,0,1
2024-01-12,1250.1951144400016,1251.322986496442,1217.6346776839907,1230.8746337890625,57610.0,0,1
2024-01-15,1235.729323630836,1246.125117806482,1223.0777851832086,1239.0147705078125,47407.0,0,1
2024-01-16,1242.7904033240118,1253.5295498403138,1227.196774214156,1231.6590576171875,38864.0,0,1
2024-01-17,1229.06006933152,1250.4401926702346,1213.1721712416315,1243.28076171875,45261.0,0,1
2024-01-18,1249.4597220608928,1255.3441477534873,1223.3230406658297,1251.22509765625,51703.0,0,1
2024-01-19,1243.5751970285862,1270.0551105299835,1242.5944594914974,1249.8028564453125,53198.0,0,1
2024-01-22,1243.5751970285862,1270.0551105299835,1242.5944594914974,1249.8028564453125,53198.0,0,1
2024-01-23,1252.401784347315,1264.3177688861051,1229.6487222921648,1240.191650390625,33045.0,0,1
2024-01-24,1243.2320295398642,1259.8065187497546,1225.921987137691,1249.116455078125,83185.0,0,1
2024-01-25,1255.3440639632315,1255.8344327382172,1239.7013479287657,1245.7327880859375,22288.0,0,1
2024-01-26,1255.3440639632315,1255.8344327382172,1239.7013479287657,1245.7327880859375,22288.0,0,1
2024-01-29,1245.5366250015709,1255.344000001583,1206.3071250015214,1209.8868408203125,59209.0,0,1
2024-01-30,1221.018178127574,1221.018178127574,1191.5960533534155,1196.107421875,204869.0,0,1
2024-01-31,1199.4418306411249,1215.13362891607,1192.8218532438823,1195.666015625,104662.0,0,1
2024-02-01,1201.6486654598427,1210.181034131746,1186.9376024262597,1206.1600341796875,138431.0,0,1
2024-02-02,1208.366798137807,1214.1531740418932,1193.557684013719,1204.44384765625,104199.0,0,1
2024-02-05,1196.4997805765054,1210.3281557361022,1156.2895420489342,1169.2352294921875,74293.0,0,1
2024-02-06,1169.235197001154,1261.718790932182,1140.0582564413153,1225.0391845703125,374336.0,0,1
2024-02-07,1225.0393194495823,1232.5910708455394,1187.8203751973972,1202.2862548828125,215685.0,0,1
2024-02-08,1206.3070930832196,1207.287830557271,1161.9778071436683,1166.342041015625,100600.0,0,1
2024-02-09,1166.7344256105025,1171.540063447592,1102.545082490033,1106.8603515625,292992.0,1,0
2024-02-12,1112.6466445834246,1117.5503318667363,1050.9092695741017,1065.2769775390625,187300.0,1,0
2024-02-13,1066.0617236175158,1078.811311848452,1029.4311998362678,1069.78857421875,196991.0,0,1
2024-02-14,1064.1001210832264,1097.4451940019635,1048.996740582131,1073.3680419921875,130498.0,0,1
2024-02-15,1072.044276030118,1083.7150777341212,1015.0634438505118,1068.6116943359375,155123.0,0,1
2024-02-16,1074.8882896901823,1083.7149271055216,1054.4399369551,1079.399658203125,122451.0,0,1
2024-02-19,1082.194714438603,1098.3768827093736,1066.6010844255493,1081.704345703125,56679.0,0,1
2024-02-20,1080.772531443073,1086.2156714808275,1067.042208902054,1072.0439453125,26850.0,0,1
2024-02-21,1074.9863525039168,1100.387477761448,1072.0932247592295,1089.599365234375,42727.0,0,1
2024-02-22,1093.5222294426471,1096.219257362797,1079.7919054855197,1087.6868896484375,31513.0,0,1
2024-02-23,1083.2736953052136,1092.9339361091183,1068.5135474731944,1078.3209228515625,88321.0,0,1
2024-02-26,1077.634311300022,1103.0353143803472,1040.562389407183,1075.280517578125,77796.0,0,1
2024-02-27,1075.6237700604609,1099.2105530015558,1044.09303792662,1077.4381103515625,63499.0,0,1
2024-02-28,1075.0844975857915,1077.7815259565743,1039.6798945531268,1052.2823486328125,53464.0,0,1
2024-02-29,1052.2821532916043,1061.3539743092726,1031.147333995308,1049.87939453125,154514.0,0,1
2024-03-01,1053.3120442183706,1078.8112184731915,1046.1526127900222,1075.9180908203125,49243.0,0,1
2024-03-04,1074.8883596284486,1077.1930689375135,1037.669417326335,1042.1807861328125,51326.0,0,1
2024-03-05,1041.5432714677602,1047.6237963514657,1001.3330321738072,1013.4942016601562,162281.0,0,1
2024-03-06,1015.0633116199128,1025.6062397357716,995.5466114430476,1017.2208862304688,104345.0,0,1
2024-03-07,1018.0055666981776,1034.6781048810958,1006.3347660263472,1017.9564819335938,192681.0,0,1
2024-03-08,1018.0055666981776,1034.6781048810958,1006.3347660263472,1017.9564819335938,192681.0,0,1
2024-03-11,1018.986223903462,1046.7411419897512,985.935359433449,1041.6412353515625,147592.0,0,1
2024-03-12,1037.620366949798,1051.350693166525,1012.7096082985188,1040.268310546875,66175.0,0,1
2024-03-13,1031.7358129195943,1034.089606778786,996.4292641885056,1008.0020141601562,114651.0,0,1
2024-03-14,1014.9652867555876,1027.8129243663802,997.2629265733444,1013.3470458984376,201997.0,0,1
2024-03-15,1019.9670121717722,1039.042308886834,983.7287491424296,998.24365234375,246629.0,0,1
2024-03-18,998.3907571016932,1051.3505811522743,994.0264633330394,1002.3627319335938,64174.0,0,1
2024-03-19,1003.0492868334212,1016.9757115667564,1000.8426274392632,1012.513427734375,115030.0,0,1
2024-03-20,1010.1596250974694,1013.7883059602462,989.7602970673944,996.2821655273438,67920.0,0,1
2024-03-21,998.390821321741,1010.3068064433864,997.6062432572328,1006.138671875,121847.0,0,1
2024-03-22,1006.2365948120678,1027.7147682942386,1002.5588294801524,1019.525634765625,74105.0,0,1
2024-03-25,1006.2365948120678,1027.7147682942386,1002.5588294801524,1019.525634765625,74105.0,0,1
2024-03-26,1018.0546234059796,1026.2437576969392,1012.1701983271198,1020.0650634765624,56117.0,0,1
2024-03-27,1019.9670418775006,1049.3400833209168,1008.492460543954,1041.7884521484375,99211.0,0,1
2024-03-28,1043.2595543797247,1087.490793329028,1022.8601657343604,1072.5345458984375,129494.0,0,1
2024-03-29,1043.2595543797247,1087.490793329028,1022.8601657343604,1072.5345458984375,129494.0,0,1
2024-04-01,1072.5346651101102,1088.4226867976192,1054.391018669458,1070.7694091796875,394919.0,0,1
2024-04-02,1069.9846107355672,1095.876104636658,1061.5992572368216,1066.895263671875,238383.0,0,1
2024-04-03,1069.0039197570884,1082.7342453319502,1057.774522799509,1063.60986328125,93381.0,0,1
2024-04-04,1067.9739995415057,1079.791933715426,1051.350547632095,1062.6290283203125,128407.0,0,1
2024-04-05,1061.9425602060926,1082.6850615269398,1057.2349725520562,1063.0703125,74224.0,0,1
2024-04-08,1069.003755320996,1099.406614417281,1069.003755320996,1083.37158203125,94503.0,0,1
2024-04-09,1088.6677056018134,1132.7518081707558,1085.1860396025463,1123.48388671875,645230.0,0,1
2024-04-10,1128.8288904406052,1142.461165971816,1098.5240769967183,1104.6536865234375,86801.0,0,1
2024-04-11,1128.8288904406052,1142.461165971816,1098.5240769967183,1104.6536865234375,86801.0,0,1
2024-04-12,1110.439991335476,1120.0021815898551,1098.4259574261275,1103.5748291015625,295527.0,0,1
2024-04-15,1102.0058376949305,1122.5522427046833,1080.723759759883,1093.17919921875,58376.0,0,1
2024-04-16,1093.3263258976465,1112.5487589407585,1078.811361509755,1078.95849609375,315659.0,0,1
2024-04-17,1093.3263258976465,1112.5487589407585,1078.811361509755,1078.95849609375,315659.0,0,1
2024-04-18,1084.597674313298,1118.0408006340915,1081.7535114907043,1086.7552490234375,130648.0,0,1
2024-04-19,1092.1984161969146,1097.5924728191858,1058.2158355328186,1069.739501953125,253996.0,0,1
2024-04-22,1075.3786990362876,1081.508308583918,1044.9758356800403,1047.1824951171875,93825.0,0,1
2024-04-23,1058.2648576994015,1067.43472947105,1044.4363630378757,1049.9285888671875,32622.0,0,1
2024-04-24,1059.245461334314,1060.0790641683918,1028.352233684138,1030.8040771484375,754670.0,0,1
2024-04-25,1035.168576358994,1049.2912222824805,1029.921653942272,1033.8446044921875,859725.0,0,1
2024-04-26,1035.7079208499115,1088.6186629309157,1035.7079208499115,1081.900634765625,157411.0,0,1
2024-04-29,1089.0111198365958,1098.0829431768411,1064.6398129690242,1082.2930908203125,56320.0,0,1
2024-04-30,1085.529146703734,1112.89174358971,1082.7831538670514,1095.4345703125,304430.0,0,1
2024-05-01,1085.529146703734,1112.89174358971,1082.7831538670514,1095.4345703125,304430.0,0,1
2024-05-02,1105.4382347246992,1117.1090342602804,1096.2192788008397,1111.6658935546875,69112.0,0,1
2024-05-03,1114.9024206803824,1122.1108172503427,1103.3296704714207,1113.7254638671875,117990.0,0,1
2024-05-06,1119.3157093521304,1131.771027188383,1116.0792278512822,1128.09326171875,61874.0,0,1
2024-05-07,1128.0933524627033,1128.8289056157978,1093.7184538871752,1104.604736328125,124733.0,0,1
2024-05-08,1109.4101896255695,1129.8095770996636,1107.2035302952968,1127.5538330078125,29536.0,0,1
2024-05-09,1129.221100950798,1151.3857429270745,1113.3821675110405,1120.6396484375,243402.0,0,1
2024-05-10,1126.1318972442175,1128.5346563657845,1108.723805647366,1112.5487060546875,104309.0,0,1
2024-05-13,1117.4032141279088,1132.7026947384024,1098.6220676062733,1112.891845703125,389963.0,0,1
2024-05-14,1113.136998332115,1131.378690836768,1103.3296238974708,1121.4732666015625,238975.0,0,1
2024-05-15,1125.6906100079273,1201.4035011303629,1113.8726746194363,1187.37890625,315202.0,1,0
2024-05-16,1187.5751189646005,1190.2721472173937,1144.6187665416282,1162.46826171875,64778.0,0,1
2024-05-17,1160.7028396965688,1186.0059152682754,1155.3087834073158,1181.347412109375,40204.0,0,1
2024-05-20,1160.7028396965688,1186.0059152682754,1155.3087834073158,1181.347412109375,40204.0,0,1
2024-05-21,1170.019820898662,1173.9918556048765,1149.669518062411,1156.485595703125,38049.0,0,1
2024-05-22,1157.2703663285756,1167.077742314411,1142.6083871173296,1160.0164794921875,34414.0,0,1
2024-05-23,1152.51366290974,1158.986506274107,1128.828829042942,1133.3892822265625,46992.0,0,1
2024-05-24,1135.497997531627,1152.3666357158058,1122.6993244558882,1137.45947265625,79328.0,0,1
2024-05-27,1144.1284092432672,1162.2230889884845,1123.8271897153006,1129.4664306640625,34399.0,0,1
2024-05-28,1135.69397346886,1147.4628229348589,1123.7290243993327,1132.1142578125,166892.0,0,1
2024-05-29,1134.3209082904573,1159.035563808743,1123.925115286566,1128.5836181640625,86537.0,0,1
2024-05-30,1132.5067068774415,1147.36490497944,1127.9462532415291,1134.762451171875,163121.0,0,1
2024-05-31,1140.4504730776423,1200.2264900381665,1136.2333740467243,1168.4014892578125,1378140.0,0,1
2024-06-03,1265.3140925295538,1265.6092751579365,1181.3632880134685,1205.7218017578125,216472.0,1,0
2024-06-04,1205.57413414281,1205.6233913166022,1166.551399670121,1181.5601806640625,443462.0,0,1
2024-06-05,1171.1769841307091,1230.178667334289,1166.2068152599225,1203.0152587890625,200498.0,0,1
2024-06-06,1205.8201561794408,1244.547827410697,1205.6233677670125,1226.3404541015625,311174.0,0,1
2024-06-07,1231.212004009046,1243.022191097862,1215.465087890625,1234.16455078125,66827.0,0,1
2024-06-10,1240.2665036864728,1269.5951846909238,1228.80087584326,1235.1488037109375,45446.0,0,1
2024-06-11,1241.6444696098158,1253.7990980045838,1233.5249649550035,1239.3316650390625,201320.0,0,1
2024-06-12,1241.5461117431005,1262.3123365917686,1239.430095531105,1259.6058349609375,160001.0,0,1
2024-06-13,1265.7077928469726,1298.7270394816608,1249.7148292352492,1270.97314453125,353985.0,0,1
2024-06-14,1278.698890012953,1285.3421207288177,1261.869396227317,1268.6602783203125,232512.0,0,1
2024-06-17,1278.698890012953,1285.3421207288177,1261.869396227317,1268.6602783203125,232512.0,0,1
2024-06-18,1278.4528954226184,1316.836007756323,1263.8869483273816,1271.169921875,547408.0,0,1
2024-06-19,1276.0908549831854,1289.2789229558143,1251.3879011742886,1260.2947998046875,84811.0,0,1
2024-06-20,1262.6075181309534,1296.1681111027644,1262.6075181309534,1279.43701171875,321484.0,0,1
2024-06-21,1284.8500718382802,1300.9414294071396,1265.2156817989437,1272.49853515625,205661.0,0,1
2024-06-24,1279.240332351977,1337.4054881993789,1273.2367235967718,1308.81494140625,267426.0,0,1
2024-06-25,1318.8044750221752,1342.5725050737874,1316.048716123062,1328.695556640625,161706.0,0,1
2024-06-26,1332.5829563702437,1373.9186167598673,1316.9344323377102,1319.591796875,220821.0,0,1
2024-06-27,1321.2155084052915,1358.171602604399,1305.7146368538283,1312.013427734375,207009.0,0,1
2024-06-28,1318.4107456578577,1363.0926515487922,1315.7535011799346,1331.6480712890625,161008.0,0,1
2024-07-01,1301.4334483959306,1351.922048752794,1301.4334483959306,1335.732177734375,118268.0,0,1
2024-07-02,1342.7199728204232,1386.1223886386983,1331.7954530741208,1370.670654296875,327568.0,0,1
2024-07-03,1373.8693168192392,1406.347334685836,1373.8201797849283,1400.8359375,168862.0,0,1
2024-07-04,1402.4597111966198,1413.6301557456322,1378.0519432547571,1383.858642578125,73790.0,0,1
2024-07-05,1391.1417830313765,1409.2998997417294,1378.8395033795248,1385.3350830078125,100410.0,0,1
2024-07-08,1387.0574187956197,1403.3948223413413,1369.588181480462,1385.0399169921875,108706.0,0,1
2024-07-09,1384.7446134837887,1398.2278640809775,1364.470480413053,1368.702392578125,90323.0,0,1
2024-07-10,1373.6724864234172,1400.442197730503,1368.0134380286945,1371.3104248046875,64142.0,0,1
2024-07-11,1374.7058468850628,1407.3806502905793,1361.9114773369663,1368.1610107421875,102993.0,0,1
2024-07-12,1369.9819053241804,1386.6146119669984,1363.0433713254856,1375.1981201171875,33146.0,0,1
2024-07-15,1382.087344137744,1386.8606045832553,1353.3984041511635,1359.8447265625,39668.0,0,1
2024-07-16,1364.864152738873,1377.707660526933,1343.4089291119285,1359.8447265625,49721.0,0,1
2024-07-17,1364.864152738873,1377.707660526933,1343.4089291119285,1359.8447265625,49721.0,0,1
2024-07-18,1359.1559363035683,1482.1294829191334,1356.9907830125967,1379.1348876953125,780881.0,1,0
2024-07-19,1377.8553333673565,1377.8553333673565,1346.8043311917615,1355.957275390625,582583.0,1,0
2024-07-22,1355.9573163505606,1381.4968018526065,1345.8201894645042,1372.63916015625,87587.0,0,1
2024-07-23,1372.6390917819206,1407.1347316146494,1350.839548582226,1372.7867431640625,98908.0,0,1
2024-07-24,1378.7901825024533,1419.3877034778825,1377.5108175614396,1381.890380859375,52408.0,0,1
2024-07-25,1380.1189718771168,1401.623332421356,1379.8236691132531,1391.4862060546875,43731.0,0,1
2024-07-26,1388.6813047587302,1409.6935740381398,1386.614545838361,1397.4405517578125,47688.0,0,1
2024-07-29,1405.412371492206,1434.8394472761292,1397.538912828384,1403.8868408203125,87691.0,0,1
2024-07-30,1410.9237571015394,1426.0801889345296,1399.507266159352,1402.951904296875,72024.0,0,1
2024-07-31,1406.3966119381655,1410.333341432744,1366.9800598179183,1379.479248046875,108186.0,0,1
2024-08-01,1401.475748089331,1427.0644906808502,1362.2068460075332,1376.2314453125,212396.0,0,1
2024-08-02,1376.0345322779194,1395.6689214710698,1358.4669019251887,1373.9677734375,56833.0,0,1
2024-08-05,1363.0924344317357,1373.9184393261394,1339.7181056824552,1347.394775390625,101297.0,0,1
2024-08-06,1340.456361427961,1374.8534865233623,1327.661990871013,1333.41943359375,29867.0,0,1
2024-08-07,1340.4563730916725,1359.106580740803,1321.2648170892587,1354.1856689453125,15612.0,0,1
2024-08-08,1357.482776760825,1388.976612270548,1331.5987326454915,1337.8482666015625,61009.0,0,1
2024-08-09,1342.719946274275,1349.264662391084,1318.8042685720063,1331.500244140625,102092.0,0,1
2024-08-12,1331.5495330165152,1340.3580375999818,1307.28953291356,1309.94677734375,27564.0,0,1
2024-08-13,1348.2314370377917,1348.2314370377917,1304.238413525885,1326.2349853515625,73603.0,0,1
2024-08-14,1328.54780910179,1348.231456558252,1305.025826363428,1342.1787109375,52684.0,0,1
2024-08-15,1328.54780910179,1348.231456558252,1305.025826363428,1342.1787109375,52684.0,0,1
2024-08-16,1340.1118871245872,1355.1698046163472,1312.0626908566358,1318.9027099609375,76095.0,0,1
2024-08-19,1323.72519584672,1353.1030135259134,1310.930825924038,1334.6988525390625,42589.0,0,1
2024-08-20,1335.5353950607312,1348.3297650944744,1318.8042957858363,1341.48974609375,65865.0,0,1
2024-08-21,1334.1576817474622,1341.1453529917787,1306.6989678470918,1326.628662109375,60571.0,0,1
2024-08-22,1308.9626689989916,1327.8589241347718,1297.1524795042635,1320.182373046875,50737.0,0,1
2024-08-23,1323.4299088778037,1328.646123195013,1310.0450534423942,1321.56005859375,52806.0,0,1
2024-08-26,1323.7252103732865,1353.2506797496424,1318.8042988105606,1350.740966796875,125164.0,0,1
2024-08-27,1357.876334474663,1371.015264902942,1342.720022460563,1348.7235107421875,37689.0,0,1
2024-08-28,1352.0697874388586,1354.4809861886465,1321.7569223988023,1339.9150390625,71597.0,0,1
2024-08-29,1343.212295074777,1345.7218883119515,1310.4389704761052,1321.953857421875,36968.0,0,1
2024-08-30,1325.595218468684,1358.171629911869,1313.4405905912024,1331.3526611328125,81962.0,0,1
2024-09-02,1338.4880565588971,1348.5266689273078,1311.078600899166,1320.6251220703125,33470.0,0,1
2024-09-03,1320.674366726581,1327.5636434229748,1302.0732956184274,1322.05224609375,45310.0,0,1
2024-09-04,1323.7253452034884,1327.662074854651,1304.0416969476744,1322.4951171875,68206.0,0,1
2024-09-05,1326.973063457032,1373.9185118298244,1318.213816825071,1355.36669921875,80262.0,0,1
2024-09-06,1355.2190852316514,1392.6180142358655,1353.250720547219,1362.7972412109375,101593.0,0,1
2024-09-09,1369.9819090757492,1376.083791936828,1347.5917593404954,1368.1119384765625,51202.0,0,1
2024-09-10,1360.6321990026706,1377.855391395109,1341.2438533366787,1354.874755859375,57317.0,0,1
2024-09-11,1357.1875214545544,1366.930951183968,1343.5073621487682,1354.4317626953125,30648.0,0,1
2024-09-12,1354.431749213508,1381.496764781671,1345.4265765087532,1352.364990234375,81501.0,0,1
2024-09-13,1357.6794524869397,1388.77958844353,1356.69527020895,1382.0379638671875,62480.0,0,1
2024-09-16,1382.037988694753,1395.2751925157395,1353.3490507480813,1358.2208251953125,40751.0,0,1
2024-09-17,1358.27007222917,1371.2120944932606,1347.985414462266,1354.923828125,44083.0,0,1
2024-09-18,1356.2526408271772,1364.814979881522,1343.4582692833085,1354.7763671875,40418.0,0,1
2024-09-19,1355.9571910359743,1407.3807172429274,1349.806051537535,1391.43701171875,115592.0,0,1
2024-09-20,1397.538959487078,1422.094261458906,1378.888751710266,1399.50732421875,76211.0,0,1
2024-09-23,1399.60567773569,1406.888651059023,1360.2383842468053,1364.1259765625,64662.0,0,1
2024-09-24,1362.1083720580518,1402.26305998375,1358.17164265904,1378.9378662109375,83471.0,0,1
2024-09-25,1386.2209173537046,1388.681373366047,1362.4528882465863,1377.461669921875,32311.0,0,1
2024-09-26,1377.4616017454894,1396.0134151324528,1372.885129761151,1384.596923828125,55318.0,0,1
2024-09-27,1386.3192416791994,1430.016962283402,1362.502076736177,1374.1153564453125,150921.0,0,1
2024-09-30,1344.393112501292,1402.4106149447448,1342.4247477684935,1350.4949951171875,89091.0,0,1
2024-10-01,1352.2665089449874,1384.7445255353691,1344.393050377622,1379.7252197265625,51809.0,0,1
2024-10-02,1352.2665089449874,1384.7445255353691,1344.393050377622,1379.7252197265625,51809.0,0,1
2024-10-03,1367.2261346778073,1415.2542835955226,1362.108434281087,1364.913330078125,119898.0,0,1
2024-10-04,1365.4052608134652,1401.426308198843,1352.3157085857504,1396.0133056640625,70857.0,0,1
2024-10-07,1396.013285488057,1405.4122741729293,1351.2822496074452,1396.406982421875,109660.0,0,1
2024-10-08,1397.489806254485,1427.0645366033234,1370.0803493552023,1419.6339111328125,113148.0,0,1
2024-10-09,1430.0169528775116,1467.120579373338,1407.380758853986,1417.4686279296875,111523.0,0,1
2024-10-10,1417.2224834957242,1453.6372278633226,1412.9413146047186,1425.1943359375,61272.0,0,1
2024-10-11,1412.301735428333,1431.8377319218723,1405.60924709317,1411.5635986328125,19262.0,0,1
2024-10-14,1411.5635504022105,1424.062618323498,1387.9431737526354,1398.473876953125,31359.0,0,1
2024-10-15,1407.3808377504238,1433.412414281005,1387.697189669998,1417.124267578125,98627.0,0,1
2024-10-16,1417.124242673076,1473.8623812956569,1398.523171536085,1456.048583984375,147729.0,0,1
2024-10-17,1463.3807380200085,1463.6759206368574,1384.9905910050506,1395.6689453125,80182.0,0,1
2024-10-18,1388.6321469503785,1401.377381460311,1364.0768434590448,1373.3773193359375,28725.0,0,1
2024-10-21,1364.076688621076,1381.0045763836847,1360.976490300867,1371.7041015625,24775.0,0,1
2024-10-22,1368.0133991651971,1376.8710398792164,1354.9237264987034,1360.385986328125,30342.0,0,1
2024-10-23,1360.3861287767877,1360.3861287767877,1312.4564937278994,1353.0047607421875,40812.0,0,1
2024-10-24,1360.1400016304062,1377.8552838513522,1333.0257299531245,1372.048583984375,35489.0,0,1
2024-10-25,1372.0484815792154,1376.526558973282,1308.125891058718,1345.9676513671875,42926.0,0,1
2024-10-28,1343.5072570073753,1352.660200611924,1275.5986771293933,1286.4246826171875,90755.0,0,1
2024-10-29,1282.4880820196238,1316.8853295360038,1278.354563928986,1308.4212646484375,27799.0,0,1
2024-10-30,1299.6127632703972,1317.5740907446,1293.8553206832678,1310.684814453125,18332.0,0,1
2024-10-31,1315.851755671696,1346.3121502771296,1300.2032328291623,1323.8236083984375,40416.0,0,1
2024-11-01,1323.72519274093,1340.6039432041391,1300.8429542790516,1320.723388671875,10242.0,0,1
2024-11-04,1320.7234607611483,1346.361459116626,1308.96252969672,1339.1768798828125,83720.0,0,1
2024-11-05,1333.5671411153478,1377.7569545425586,1323.7745743710564,1328.843017578125,114175.0,0,1
2024-11-06,1333.271912969711,1342.4248577831063,1319.050524665549,1321.609375,70143.0,0,1
2024-11-07,1325.6937041148894,1328.5478571271403,1295.430095056587,1298.1365966796875,94293.0,0,1
2024-11-08,1306.0099590817465,1307.9783237525553,1265.9045289140136,1274.3193359375,42293.0,0,1
2024-11-11,1278.6988614066877,1280.7164831902949,1227.324593075757,1229.48974609375,57935.0,0,1
2024-11-12,1233.1804613622712,1235.6409171910068,1200.7024444229617,1206.7059326171875,37153.0,0,1
2024-11-13,1205.8201376169477,1206.5091373287323,1170.5372252619052,1179.9853515625,45488.0,0,1
2024-11-14,1191.1067129738526,1191.6971983678047,1163.8940464227426,1169.6514892578125,35311.0,0,1
2024-11-15,1191.1067129738526,1191.6971983678047,1163.8940464227426,1169.6514892578125,35311.0,0,1
2024-11-18,1172.6115133401952,1179.024888029803,1145.527386866861,1148.6846923828125,42320.0,0,1
2024-11-19,1154.7034645110864,1175.5222408023276,1146.5140304022489,1163.9288330078125,62473.0,0,1
2024-11-20,1154.7034645110864,1175.5222408023276,1146.5140304022489,1163.9288330078125,62473.0,0,1
2024-11-21,1170.0955169500562,1174.8808568384052,1140.6926138209244,1146.81005859375,25682.0,0,1
2024-11-22,1147.2045626022857,1152.8286705451935,1126.583194808706,1136.1044921875,61390.0,0,1
2024-11-25,1160.080777064427,1174.4861787423822,1111.536513754199,1117.3577880859375,131750.0,0,1
2024-11-26,1121.8472942685637,1142.3701425521924,1120.0219731555055,1131.960693359375,32318.0,0,1
2024-11-27,1132.0099517797337,1141.4819882458903,1125.152502341123,1134.969970703125,18136.0,0,1
2024-11-28,1138.1272572009775,1174.0914383473632,1131.2205464940798,1147.10595703125,40834.0,0,1
2024-11-29,1143.0112555396638,1153.0260102880584,1127.1258447888372,1136.7952880859375,44973.0,0,1
2024-12-02,1137.6340593923792,1146.9580718058398,1126.2873189908073,1132.60205078125,25693.0,0,1
2024-12-03,1132.6019302346904,1138.5219680749867,1121.1071660060863,1124.2152099609375,98698.0,0,1
2024-12-04,1125.300571215021,1134.6739648375924,1117.4565689398412,1118.98583984375,60384.0,0,1
2024-12-05,1124.9058526180215,1129.14859465546,1106.2084476214884,1113.26318359375,62847.0,0,1
2024-12-06,1119.0844866649077,1123.524515237285,1105.3204462679312,1117.1605224609375,37236.0,0,1
2024-12-09,1123.0311897739496,1172.1181728068782,1116.815221977579,1165.4581298828125,1005356.0,0,1
2024-12-10,1176.755621406884,1183.0209711017535,1130.7273001523015,1135.46337890625,204776.0,0,1
2024-12-11,1135.6606735169894,1168.220883965348,1135.6606735169894,1159.883544921875,990560.0,0,1
2024-12-12,1164.2248541621134,1173.4009619960696,1130.7273512276608,1137.3380126953125,113242.0,0,1
2024-12-13,1137.337933677706,1155.986077708331,1127.1258920839175,1133.9339599609375,67458.0,0,1
2024-12-16,1134.7234487628657,1145.5274710488486,1118.196674309749,1128.7540283203125,49959.0,0,1
2024-12-17,1128.753865604937,1133.6872304021613,1105.5670510579823,1114.200439453125,70764.0,0,1
2024-12-18,1120.8604819393458,1120.8604819393458,1085.8335918787411,1095.0589599609375,202225.0,0,1
2024-12-19,1085.3403729462343,1124.8072955988246,1085.143086510367,1107.63916015625,94012.0,0,1
2024-12-20,1109.4152401615622,1114.1019373123504,1066.642986042542,1073.99365234375,60352.0,0,1
2024-12-23,1082.3803931267644,1091.2110692141655,1050.8068538559744,1055.2962646484375,60688.0,0,1
2024-12-24,1053.7667772034968,1060.6734882900366,1040.7920030022292,1056.825439453125,48251.0,0,1
2024-12-25,1053.7667772034968,1060.6734882900366,1040.7920030022292,1056.825439453125,48251.0,0,1
2024-12-26,1056.8747718121629,1071.4774594455373,1036.993287454945,1047.748046875,78774.0,0,1
2024-12-27,1050.510671105341,1063.633469885213,1042.1733326217586,1059.588134765625,83884.0,0,1
2024-12-30,1059.588159269617,1063.633494482757,1039.1146945103249,1049.1787109375,446525.0,0,1
2024-12-31,1052.3853886004858,1056.6773920246324,1031.4185875320018,1045.083984375,40573.0,0,1
2025-01-01,1047.3041715096897,1060.426972639973,1027.126753680588,1031.4681396484375,83788.0,0,1
2025-01-02,1031.8133188100487,1052.1881409225823,1029.0999679836295,1047.69873046875,94640.0,0,1
2025-01-03,1049.8201017117754,1077.1508964078928,1043.0120337303986,1057.26953125,92982.0,0,1
2025-01-06,1058.0094330977145,1063.1400841664183,1024.2158851787356,1033.7371826171875,56583.0,0,1
2025-01-07,1033.737323641265,1047.7974148395238,1032.109409436258,1043.1107177734375,22339.0,0,1
2025-01-08,1040.5947207149045,1048.6361298863335,1021.3052150691163,1034.6746826171875,28432.0,0,1
2025-01-09,1034.6746292084265,1064.077411309925,1028.6559482084551,1057.3187255859375,59843.0,0,1
2025-01-10,1062.3015743453063,1062.3508357322223,1029.1000017811198,1041.384033203125,36989.0,0,1
2025-01-13,1039.1146812564962,1042.9133481710724,979.3715836640064,985.3410034179688,60485.0,1,0
2025-01-14,986.1797300246014,1021.403910323322,962.0062398939332,1015.6318969726562,29825.0,0,1
2025-01-15,1002.6078777940154,1043.604072143534,1002.6078777940154,1028.606689453125,44140.0,0,1
2025-01-16,1031.0733099724264,1056.381497124083,1017.4571740652532,1048.340087890625,46143.0,0,1
2025-01-17,1042.4694274691296,1054.7534583908628,1028.9519348289002,1048.9814453125,33804.0,0,1
2025-01-20,1045.873293494908,1070.5401164546936,1029.8398585710474,1057.81201171875,151658.0,0,1
2025-01-21,1058.1574567259963,1067.4815892478923,1040.5947488277168,1053.5201416015625,49771.0,0,1
2025-01-22,1055.7401559481823,1065.557504548063,1038.4733776966937,1053.5201416015625,63876.0,0,1
2025-01-23,1053.5201487474856,1088.0043236548245,1043.900086513547,1066.0015869140625,141522.0,0,1
2025-01-24,1065.606884365245,1075.8683080811631,1023.1305617694024,1029.6427001953125,71808.0,0,1
2025-01-27,1026.534677532453,1029.6427217656608,981.4930281749096,994.1717529296876,99853.0,0,1
2025-01-28,1008.7744952059344,1009.021163454936,956.530148023032,963.140869140625,135126.0,0,1
2025-01-29,958.059518934367,994.073084785144,958.059518934367,983.6636962890624,640476.0,0,1
2025-01-30,988.6463338386136,1022.5879087097928,981.4929546766076,985.3410034179688,932361.0,0,1
2025-01-31,988.6463816239396,1033.1946932678472,978.8289728758403,1030.283935546875,52354.0,0,1
2025-02-03,1034.230645810648,1043.900089905886,999.5491241363296,1005.6171875,40084.0,0,1
2025-02-04,1013.3132043549396,1027.0279835950814,994.7144417814258,1010.599853515625,240826.0,0,1
2025-02-05,1011.8331759920172,1020.2198966121362,996.5397442729763,1007.19580078125,93744.0,0,1
2025-02-06,1016.3719527802734,1039.9040825099655,1011.3399439769896,1031.86279296875,65714.0,0,1
2025-02-07,1028.803958547597,1045.8240689494442,1020.8119307954274,1036.5494384765625,46854.0,0,1
2025-02-10,1036.549383458939,1044.886722253255,996.5397445474856,997.0330810546876,79755.0,0,1
2025-02-11,992.6917309731886,1003.3971696928778,980.753011163418,986.5250244140624,140195.0,0,1
2025-02-12,982.6277116170578,988.745036331194,959.3421915743128,968.02490234375,149934.0,0,1
2025-02-13,968.863606418533,987.3144043631792,962.4995532481458,968.666259765625,76544.0,0,1
2025-02-14,962.9928941107617,979.2236777822844,958.0595288745384,973.4022827148438,64702.0,0,1
2025-02-17,973.4022415854588,977.9902951499836,937.3393552767892,962.4501953125,57773.0,0,1
2025-02-18,963.9302436942804,968.7155838755068,935.4646902030272,944.7394409179688,65799.0,0,1
2025-02-19,937.3393217046486,974.8328945728346,937.3393217046486,963.3875122070312,89672.0,0,1
2025-02-20,962.0062131010638,977.4969918589372,953.5208490536902,970.4915771484376,27408.0,0,1
2025-02-21,970.4915126320038,985.686300512382,949.1794004934048,956.7767944335938,751366.0,0,1
2025-02-24,952.1394410068856,966.10088798703,939.312692060679,948.1927490234376,39047.0,0,1
2025-02-25,948.1928303558476,964.5222577936934,938.326099550896,959.3422241210938,76598.0,0,1
2025-02-26,948.1928303558476,964.5222577936934,938.326099550896,959.3422241210938,76598.0,0,1
2025-02-27,952.1394809087116,960.3781766807272,942.1741073215768,947.2061157226562,221731.0,0,1
2025-02-28,940.3980537516136,952.1394870589656,907.7885217054971,921.4539794921876,98510.0,0,1
2025-03-03,908.8244808171488,929.2979456709068,891.9523965203389,916.421875,86513.0,0,1
2025-03-04,907.9858832919224,920.9112762867608,893.5804807073661,905.1738891601562,165580.0,0,1
2025-03-05,910.699181550699,912.8205525953368,900.5364616665833,909.2684936523438,38884.0,0,1
2025-03-06,915.6325988000596,943.2594444535096,915.6325988000596,937.4380493164062,103758.0,0,1
2025-03-07,951.1527625481637,951.1527625481637,929.7912682217416,937.4873657226562,96846.0,0,1
2025-03-10,943.6047664097345,962.4009365707088,928.607383923068,937.3394165039062,1415367.0,0,1
2025-03-11,933.3927049850784,937.09272892133,919.1845889811748,922.588623046875,30888.0,0,1
2025-03-12,928.4593316345728,929.7913161513022,909.3672323788184,919.6779174804688,34424.0,0,1
2025-03-13,923.3286134741652,928.0153103871944,903.5458311803578,907.7885131835938,542664.0,0,1
2025-03-14,923.3286134741652,928.0153103871944,903.5458311803578,907.7885131835938,542664.0,0,1
2025-03-17,907.7885078320076,913.6099027888864,881.2470394982589,891.7057495117188,142454.0,0,1
2025-03-18,891.7057495117188,891.7057495117188,891.7057495117188,891.7057495117188,0.0,0,1
2025-03-19,912.6725302561496,921.5525873072904,906.8018138279914,911.6365356445312,123906.0,0,1
2025-03-20,920.3192591557292,933.2446516255314,907.8872031957932,924.66064453125,65773.0,0,1
2025-03-21,933.0966804735576,933.1953236861648,914.5965614791116,924.117919921875,102899.0,0,1
2025-03-24,941.2860941659956,951.6461612401496,932.6033833291486,938.0794067382812,192815.0,0,1
2025-03-25,947.0581083310678,947.1074901612432,926.9300141298296,933.2940673828124,112428.0,0,1
2025-03-26,933.3926892945668,942.2727465922952,926.0912847610708,932.307373046875,107068.0,0,1
2025-03-27,924.5126827855604,938.3261060075432,872.2190091594828,894.1724853515625,836441.0,1,0
2025-03-28,902.7564680952268,919.7272556399575,896.3924152382353,900.98046875,116492.0,0,1
2025-03-31,902.7564680952268,919.7272556399575,896.3924152382353,900.98046875,116492.0,0,1
2025-04-01,906.851145833426,919.0365937263864,887.9563936909747,891.8043823242188,59316.0,0,1
2025-04-02,892.9390692588097,917.5565727705692,880.2603452370357,900.8817749023438,90784.0,0,1
2025-04-03,900.8818076479932,902.4111388165278,887.1177066876944,897.5764770507812,53671.0,0,1
2025-04-04,896.8364881085997,901.0298486050772,867.0882713213629,871.1336669921875,62844.0,0,1
2025-04-07,851.548123556162,860.8228738769941,820.0732908801499,838.7213745117188,221810.0,1,0
2025-04-08,851.0548733216119,858.4055999865358,833.8374156223601,837.290771484375,88007.0,0,1
2025-04-09,837.6360987675325,914.7939434071496,826.6346701591772,880.7537231445312,1023827.0,1,0
2025-04-10,837.6360987675325,914.7939434071496,826.6346701591772,880.7537231445312,1023827.0,0,1
2025-04-11,897.8724395186305,897.8724395186305,864.4735822032549,875.129638671875,253930.0,1,0
2025-04-14,897.8724395186305,897.8724395186305,864.4735822032549,875.129638671875,253930.0,0,1
2025-04-15,884.0590658783161,914.9419207558324,867.3349453890593,905.12451171875,1242422.0,0,1
2025-04-16,905.27250903121,916.471223882572,898.8591343078281,912.5739135742188,80487.0,0,1
2025-04-17,909.712544155325,912.9685531475408,898.0204927036311,904.1378173828124,32773.0,0,1
2025-04-18,909.712544155325,912.9685531475408,898.0204927036311,904.1378173828124,32773.0,0,1
2025-04-21,901.8191279121046,906.3084780471876,888.8443537883488,902.6577758789062,69015.0,0,1
2025-04-22,907.7391766698267,911.8832153902766,895.8004572392791,903.151123046875,1120886.0,0,1
2025-04-23,911.5872116416658,932.8993244196696,908.7258358440145,924.80859375,156526.0,0,1
2025-04-24,915.7311914103442,932.405989275502,915.7311914103442,925.9926147460938,61859.0,0,1
2025-04-25,925.9926406475676,928.7059914859062,898.5631423988928,916.1752319335938,61294.0,0,1
2025-04-28,915.6325918318848,915.6325918318848,897.3791403783397,908.2325439453124,63468.0,0,1
2025-04-29,902.805805608606,917.5565791762862,901.4738211316504,912.17919921875,98403.0,0,1
2025-04-30,919.6779650334532,919.6779650334532,894.9618161213496,904.8778686523438,184266.0,0,1
2025-05-01,919.6779650334532,919.6779650334532,894.9618161213496,904.8778686523438,184266.0,0,1
2025-05-02,891.0150852417786,927.0286515459076,891.0150852417786,895.7017822265625,90933.0,0,1
2025-05-05,909.7125682217284,918.8392940959702,898.908486088412,912.8699340820312,50800.0,0,1
2025-05-06,918.8885898363628,921.2566292203608,901.9178015090243,907.147216796875,70669.0,0,1
2025-05-07,901.9434278543586,973.3594530151668,901.9434278543586,951.7512817382812,319223.0,1,0
2025-05-08,954.1301171689586,966.27233016684,937.5274993963454,945.7545166015624,68993.0,1,0
2025-05-09,907.0480460426122,947.5881927125064,907.0480460426122,939.9559326171876,52122.0,0,1
2025-05-12,951.5530168663972,962.90228109427,931.7785436350202,941.9383544921876,98301.0,0,1
2025-05-13,941.9383810222274,959.9287049533064,941.9383810222274,947.0430908203124,45096.0,0,1
2025-05-14,955.6169175578792,979.6039953047604,948.8767624508336,975.0444946289062,232459.0,0,1
2025-05-15,981.0908139294628,984.4609217905574,965.479396966482,969.3946533203124,58733.0,0,1
2025-05-16,974.3506321413932,982.5280408038208,965.1324744760968,972.8638305664062,52659.0,0,1
2025-05-19,974.3506524248396,977.8694041259376,956.5090331535812,972.4673461914062,214865.0,0,1
2025-05-20,972.4673306462496,981.7846447604342,964.0421216806124,974.5488891601562,57945.0,0,1
2025-05-21,976.3330566127506,988.277017439203,968.9485965214886,983.66796875,45617.0,0,1
2025-05-22,985.2538488962488,992.8861091211236,972.3682351782898,989.3177490234376,59301.0,0,1
2025-05-23,990.2098512237176,996.60311011052,983.965296694001,991.4488525390624,37494.0,0,1
2025-05-26,991.2010317448046,1011.6197487995036,984.5104247805272,1001.608642578125,60838.0,0,1
2025-05-27,1003.0954330488188,1011.0250412152124,990.2593677298468,995.6118774414062,41124.0,0,1
2025-05-28,1000.1218444563548,1023.018564168847,994.3728905521642,1015.4358520507812,86785.0,0,1
2025-05-29,1010.2321484142776,1021.9283090074662,997.693430607909,1006.069091796875,48818.0,0,1
2025-05-30,1006.06908323471,1021.87869185848,1006.019535280971,1017.4678955078124,111950.0,0,1
2025-06-02,1017.467862251171,1030.6508844128743,992.4895840738776,1009.2409057617188,219939.0,0,1
2025-06-03,1013.9986415519612,1023.9106517333098,987.6327186688176,996.5535278320312,59415.0,0,1
2025-06-04,999.1306699513192,1002.0051772287968,981.2890508450456,986.2450561523438,64890.0,0,1
2025-06-05,1006.0691157788528,1033.228050098631,989.8133935512592,994.9676513671876,652195.0,0,1
2025-06-06,994.174672749228,1009.1417847000464,987.3353611701532,993.1834716796876,75499.0,0,1
2025-06-09,1011.02503869703,1013.0074407336908,986.2450132387696,995.3640747070312,60341.0,0,1
2025-06-10,996.1571068063254,1000.7166076730588,983.370588400312,989.0204467773438,51372.0,0,1
2025-06-11,989.2186653391984,1011.9171939836012,989.2186653391984,1000.3201293945312,96221.0,0,1
2025-06-12,992.6878651072363,1003.4919808987614,971.9717386805914,979.1083984375,64776.0,0,1
2025-06-13,954.526575973662,976.6303464744686,954.526575973662,972.962890625,39247.0,0,1
2025-06-16,972.86383103678,982.1811451104468,959.4826168554284,970.4849243164062,36920.0,0,1
2025-06-17,977.324232355568,991.2010470137606,968.106074717962,982.3793334960938,151633.0,0,1
2025-06-18,977.0268898273002,988.7230501505112,972.6655809958128,981.685546875,35392.0,0,1
2025-06-19,971.8726275049768,983.7670400802542,956.7072635711198,962.8527221679688,34102.0,0,1
2025-06-20,965.4298226429286,967.4122247428114,949.7688581534766,955.716064453125,61631.0,0,1
2025-06-23,955.51781780799,960.7711713042,946.5970083056332,952.643310546875,52172.0,0,1
2025-06-24,956.5090526129724,968.7008139300744,953.931953976162,959.680908203125,28382.0,0,1
2025-06-25,959.6808820380688,981.28905312855,954.7248767192376,977.9189453125,206308.0,0,1
2025-06-26,985.2538783328056,998.0403965265108,973.9541617663632,992.2913818359376,55489.0,0,1
2025-06-27,991.6966505643766,1002.2033574955492,984.361738594841,990.0115966796876,1671871.0,0,1
2025-06-30,1006.0690047682908,1049.681848324749,999.6261983338142,1029.0648193359375,637716.0,0,1
2025-07-01,1035.7060448416282,1038.7787440264306,1018.3600257381336,1034.71484375,71323.0,0,1
2025-07-02,1037.688451959605,1039.7699500626773,1024.0098284315952,1035.21044921875,54875.0,0,1
2025-07-03,1039.7699815083893,1059.2965952983766,1027.9746639059497,1045.8162841796875,134687.0,0,1
2025-07-04,1055.5299368533358,1065.5410424482584,1040.7610182052756,1060.8824462890625,101846.0,0,1
2025-07-07,1068.0191807109325,1070.497183450401,1031.1465483461318,1037.58935546875,75897.0,0,1
2025-07-08,1036.0033102249447,1039.0761303396937,1015.9810970044203,1023.9107055664062,76716.0,0,1
2025-07-09,1021.9282697202472,1030.5516703484964,1009.0426562320192,1015.6836547851562,54402.0,0,1
2025-07-10,1000.4191979131672,1039.769891314194,1000.4191979131672,1024.50537109375,237264.0,0,1
2025-07-11,1006.069081950883,1028.866706467997,1003.2937310658132,1021.0361938476562,244786.0,0,1
2025-07-14,1021.0362023827082,1040.6620320512911,1006.5646908979452,1025.595703125,297988.0,0,1
2025-07-15,1036.399690396922,1040.562806989774,1021.4325802327344,1027.4788818359375,57667.0,0,1
2025-07-16,1032.6333074441625,1035.8051024215094,1004.0866686631476,1007.6549682617188,81540.0,0,1
2025-07-17,1007.7540192055123,1032.7322952758902,1007.7540192055123,1027.4788818359375,76372.0,0,1
2025-07-18,1032.8314785127443,1032.8314785127443,1000.1218443563906,1008.0514526367188,83040.0,0,1
2025-07-21,1008.0514743899364,1014.8907858785524,996.1570617127692,1002.897216796875,28463.0,0,1
2025-07-22,1002.1042794727144,1011.0250890822638,995.6614725324844,999.1306762695312,22492.0,0,1
2025-07-23,1005.0778394442992,1028.2719676307192,1000.2209302220998,1008.2496948242188,99892.0,0,1
2025-07-24,1012.5118773555968,1037.2919037225963,1007.6549679884204,1025.9921875,86153.0,0,1
2025-07-25,1017.6661306072384,1019.0538363596236,988.6240106999912,994.7694091796876,51073.0,0,1
2025-07-28,995.8597301100612,1001.906032455918,973.6568018763444,982.478515625,38598.0,0,1
2025-07-29,974.3505959749718,1001.1130233313544,970.1875396199129,996.0579223632812,43177.0,0,1
2025-07-30,997.842107460616,1010.43037287412,991.2010483371351,995.9588012695312,36560.0,0,1
2025-07-31,986.2450796989016,996.4544387760616,970.3858623369092,976.3330688476562,46636.0,0,1
2025-08-01,991.2010820532064,1027.3303130955555,961.6633019076436,969.8902587890624,179530.0,0,1
2025-08-04,981.2890530664364,981.2890530664364,957.4506795839904,961.9606323242188,49209.0,0,1
2025-08-05,961.9606272384304,968.2051818071254,943.474703298849,945.5067138671876,36673.0,0,1
2025-08-06,941.6410049854086,958.689675280556,935.9911468558738,955.27001953125,47521.0,0,1
2025-08-07,957.5001776271284,960.8702852672956,932.3236477221612,938.6673583984376,50716.0,0,1
2025-08-08,933.7113986184124,944.8128625912046,928.656297411124,930.985595703125,20108.0,0,1
2025-08-11,927.2190550752088,928.7554046374734,911.9545343643128,918.6451416015624,36145.0,0,1
2025-08-12,915.1263675794034,942.6321966618063,913.8873662693852,934.7521362304688,27717.0,0,1
2025-08-13,934.7521498600532,942.136609875056,926.7729934068147,932.4228515625,48564.0,0,1
2025-08-14,934.3060692508334,951.5529914195567,934.3060692508334,941.8392333984376,26614.0,0,1
2025-08-15,934.3060692508334,951.5529914195567,934.3060692508334,941.8392333984376,26614.0,0,1
2025-08-18,950.8591604577844,979.2570948975896,942.7312997029233,970.9805297851562,37432.0,0,1
2025-08-19,977.2251435601752,1009.8851698984168,970.1875797763072,1001.4599609375,75555.0,0,1
2025-08-20,1004.8795849609724,1006.6141867511244,983.4696670646264,986.0963134765624,37306.0,0,1
2025-08-21,986.2450829965348,990.556783531998,976.2339762025488,981.58642578125,32049.0,0,1
2025-08-22,985.1051526971704,995.1163197367466,978.5137019241844,988.8717651367188,48908.0,0,1
2025-08-25,983.4696676876556,991.2010235718948,968.3538520781844,973.9541015625,228952.0,0,1
2025-08-26,978.2659019217632,983.0732028814804,947.8360171664444,961.9606323242188,109998.0,0,1
2025-08-27,978.2659019217632,983.0732028814804,947.8360171664444,961.9606323242188,109998.0,0,1
2025-08-28,961.46504656002,1025.8931166903308,956.5090411653808,1011.3224487304688,783550.0,0,1
2025-08-29,1004.1362485204112,1020.838023125826,1000.7662011253764,1010.8764038085938,130815.0,0,1
2025-09-01,1013.0074625618192,1020.837974974604,1005.07785424431,1009.7365112304688,45915.0,0,1
2025-09-02,1009.8356261613568,1025.0009902546997,1009.2409297255832,1015.2872924804688,130216.0,0,1
2025-09-03,1021.829218380524,1021.829218380524,1002.8972414386624,1005.375244140625,28577.0,0,1
2025-09-04,1009.0426385821304,1019.9458498045308,1004.9787385984796,1007.7540893554688,438121.0,0,1
2025-09-05,1007.7541358370252,1019.351200408102,999.428022683916,1005.077880859375,46452.0,0,1
2025-09-08,1005.0778528315066,1020.837973539647,1004.0866517932112,1014.4942626953124,26646.0,0,1
2025-09-09,1021.4327220663188,1028.86673023274,1007.0603062779036,1011.1242065429688,68426.0,0,1
2025-09-10,1012.9083367824064,1033.227957496718,1002.4015697727268,1006.7628784179688,54995.0,0,1
2025-09-11,1004.3839830219086,1015.6836383685434,994.5711292075764,1002.996337890625,54515.0,0,1
2025-09-12,1008.2497232259116,1022.9194867109032,1003.7893184873468,1014.7916259765624,54296.0,0,1
2025-09-15,1020.8379613219416,1022.5229546683888,1001.013940793294,1003.491943359375,318609.0,0,1
2025-09-16,1009.9347936318386,1051.6643344469348,1009.8356372260488,1044.6268310546875,402503.0,0,1
2025-09-17,1046.5101006207994,1062.5675089811689,1038.778684153232,1045.915283203125,138951.0,0,1
2025-09-18,1052.6555069655053,1061.6754122515588,1029.3622824705058,1034.5164794921875,62767.0,0,1
2025-09-19,1034.5164247804946,1041.256639910433,1024.6044148812998,1029.0648193359375,169755.0,0,1
2025-09-22,1029.0648621555588,1046.7082889087587,1018.1616508127591,1021.13525390625,50758.0,0,1
2025-09-23,1026.4877997104445,1037.7875160616495,1013.3048376327793,1021.0361938476562,65521.0,0,1
2025-09-24,1021.0362121785334,1035.507723802136,1010.1330002572096,1011.8180541992188,98676.0,0,1
2025-09-25,1003.0954389560624,1014.8907553722796,988.0291712515668,1002.302490234375,95475.0,0,1
2025-09-26,999.4280297734992,1010.033893353874,981.1899663297648,982.478515625,82780.0,0,1
2025-09-29,991.6966560447048,1004.3840174556996,963.7447741795048,970.9805297851562,102158.0,0,1
2025-09-30,968.006881894283,995.1658137598816,968.006881894283,989.6151123046876,37981.0,0,1
2025-10-01,994.6702103381132,1004.681316307694,987.5335509894288,1001.509521484375,44280.0,0,1
2025-10-02,994.6702103381132,1004.681316307694,987.5335509894288,1001.509521484375,44280.0,0,1
2025-10-03,1001.509585736463,1019.4503009115488,998.43682611934,1016.5263061523438,35771.0,0,1
2025-10-06,1017.021904858959,1023.8116079797808,991.7957650647731,1004.13623046875,32803.0,0,1
2025-10-07,999.1306616816936,1009.439176834797,990.2098522023928,996.4544067382812,161169.0,0,1
2025-10-08,996.4544302620524,1013.6021967885682,992.3409820928,995.1163330078124,34090.0,0,1
2025-10-09,994.7693131507542,1001.0139279355554,981.189907661542,983.9157104492188,34766.0,0,1
2025-10-10,986.2450293455364,997.5942932903912,983.2218782898782,992.0931396484376,19465.0,0,1
2025-10-13,992.0931715790064,998.6350744181336,976.8781989105923,986.7406616210938,32185.0,0,1
2025-10-14,986.7406297617704,992.3409398054685,962.4562044185624,973.7559204101562,42720.0,0,1
2025-10-15,969.9893122330436,978.91012158098,947.0925924392508,957.1036987304688,90564.0,0,1
2025-10-16,955.5178415305976,991.2010804259312,949.223738869138,983.221923828125,80286.0,0,1
2025-10-17,969.0477574658606,985.2538708812108,969.0477574658606,976.7791137695312,56896.0,0,1
2025-10-20,976.7791197799348,977.2251723671076,956.855941703834,966.3219604492188,102033.0,0,1
2025-10-21,966.3219153257604,981.2890267876204,962.4562070815954,972.8142700195312,11098.0,0,1
2025-10-22,966.3219153257604,981.2890267876204,962.4562070815954,972.8142700195312,11098.0,0,1
2025-10-23,996.7517709716516,1000.12187880612,966.4705904077188,969.8406982421876,68267.0,0,1
2025-10-24,966.4210178071058,976.3330282461532,960.0277589742984,967.3626708984376,25248.0,0,1
2025-10-27,975.341811518388,976.1347602411388,955.7655912160628,958.4913940429688,48151.0,0,1
2025-10-28,963.1995886022396,1013.0074397236828,958.5409317211096,968.4529418945312,287108.0,0,1
2025-10-29,975.341875839198,976.1843725692852,956.6577594291256,959.9287109375,89003.0,0,1
2025-10-30,964.3890718486788,966.371473944879,950.066204604009,951.89990234375,40776.0,0,1
2025-10-31,956.9055428984132,978.1172096243666,936.7345647044472,941.0463256835938,79540.0,0,1
2025-11-03,946.0022933911756,956.75680043746,936.6849794492616,947.0925903320312,449496.0,0,1
2025-11-04,959.5811811542112,969.830765907263,950.8739993213912,959.979248046875,63518.0,0,1
2025-11-05,959.5811811542112,969.830765907263,950.8739993213912,959.979248046875,63518.0,0,1
2025-11-06,959.9792544995112,968.039592870051,925.697823362857,932.166015625,420347.0,0,1
2025-11-07,938.1864343673666,944.3561070666264,924.6032665295312,935.5494384765624,247954.0,0,1
2025-11-10,935.5494107722892,949.9286512695292,930.4245879451644,944.3560791015624,33901.0,0,1
2025-11-11,944.3560630378156,953.4115078408464,938.833234142056,948.5355224609376,542736.0,0,1
2025-11-12,952.3169323681152,961.7704442359284,945.2018965098528,955.8495483398438,60084.0,0,1
2025-11-13,955.8495577678452,963.1636271480262,947.490699423115,951.0233154296876,27833.0,0,1
2025-11-14,952.3169123070944,955.9988184727146,944.7541272667502,948.2867431640624,23923.0,0,1
2025-11-17,945.3511894200816,960.277787147767,940.3756568441864,956.0983276367188,42871.0,0,1
2025-11-18,961.1236146911506,1029.935255319402,960.8748380594308,979.93115234375,1706352.0,1,0
2025-11-19,973.612230588528,976.995556269901,952.3169270475228,955.3519897460938,97788.0,1,0
2025-11-20,958.0885192171172,965.1040078447684,938.73368578291,959.7802124023438,76011.0,0,1
2025-11-21,955.20279350263,960.1783262102456,940.3259385595628,947.0429077148438,57681.0,0,1
2025-11-24,943.957995721032,989.4343746348408,941.3707431317524,982.5681762695312,186061.0,0,1
2025-11-25,982.170112199428,984.9066550652318,955.4017231447904,960.1284790039062,64982.0,0,1
2025-11-26,967.7908404602694,967.7908404602694,947.1423800298472,957.1431884765624,59602.0,0,1
2025-11-27,958.2378264801011,962.1685093440644,945.4506713776624,949.9784545898438,127821.0,0,1
2025-11-28,954.0086561684568,954.1578857082116,927.439299288329,930.1758422851562,88320.0,0,1
2025-12-01,930.225590372207,966.7460128879952,930.225590372207,953.4613647460938,121956.0,0,1
2025-12-02,958.1881006042388,984.6579099682152,941.9678156002152,945.8984985351562,52752.0,0,1
2025-12-03,949.7297074577988,949.7297074577988,924.0559100991125,929.9270629882812,51466.0,0,1
2025-12-04,925.4490578047454,937.9873755836364,923.4588447772082,933.2108764648438,38798.0,0,1
2025-12-05,930.723098983186,944.157036757442,923.458833667366,937.838134765625,143689.0,0,1
2025-12-08,937.8381685720586,939.33082837856,912.4629518615368,918.184814453125,43227.0,0,1
2025-12-09,912.114625662478,941.3210389058517,902.163560312739,935.0518798828124,91678.0,0,1
2025-12-10,928.0363109172496,945.0526687532222,920.6725591535117,933.2606201171876,54573.0,0,1
2025-12-11,932.7630449984296,941.3707404397488,920.2247275070376,936.8927612304688,28487.0,0,1
2025-12-12,929.429465695581,941.07222382643,921.568100095855,931.5191650390624,235916.0,0,1
2025-12-15,935.4001200314106,945.6994481222704,930.424587478052,944.3063354492188,35232.0,0,1
2025-12-16,944.306361199547,946.9433570828468,930.524099209026,935.3006591796876,41337.0,0,1
2025-12-17,930.5240912562012,940.1766367377322,930.5240912562012,934.5543212890624,13073.0,0,1
2025-12-18,930.0265313382524,934.5045106880788,915.5974867665894,922.563232421875,28971.0,0,1
2025-12-19,931.1709410435788,942.5151798483475,922.3642724947462,935.1513671875,43780.0,0,1
2025-12-22,935.151377355899,941.9180897268466,930.424621258596,936.0967407226562,19804.0,0,1
2025-12-23,935.4498601931404,940.873202806109,933.4099040001378,938.335693359375,29096.0,0,1
2025-12-24,938.3357095507585,941.4702586614656,929.1309741978956,934.15625,23764.0,0,1
2025-12-25,938.3357095507585,941.4702586614656,929.1309741978956,934.15625,23764.0,0,1
2025-12-26,928.5338650858992,939.2312601248448,925.996355619306,927.6383056640624,27238.0,0,1
2025-12-29,931.3699618764674,933.4099181002856,913.3087541985908,928.2850952148438,51711.0,0,1
2025-12-30,928.2851049390632,930.3748651000832,913.1097303120458,917.7867431640624,38597.0,0,1
2025-12-31,918.4833394565484,932.3153447028708,915.4980198266788,930.0763549804688,31354.0,0,1
2026-01-01,937.6391407515888,945.3512164648546,926.9914885872668,941.5200805664062,18823.0,0,1
2026-01-02,937.3903176258426,950.326702051677,931.6684552836466,937.1912841796876,59798.0,0,1
2026-01-05,938.3854554067658,949.630147019911,932.4148162419297,934.405029296875,110899.0,0,1
2026-01-06,935.400136298093,942.813692078816,929.4294971302328,934.4547729492188,45056.0,0,1
2026-01-07,938.3854175436544,949.331588904185,930.474308822157,947.9384155273438,49738.0,0,1
2026-01-08,947.9384370465428,949.6301302606876,926.4939039052588,932.8626098632812,31766.0,0,1
2026-01-09,927.4889954329116,933.0616282402837,917.488187317152,925.7973022460938,37564.0,0,1
2026-01-12,918.582817488708,930.8724196288142,906.6415390774852,917.8862915039062,43086.0,0,1
2026-01-13,917.8862926633312,938.9327594478063,911.5175865413748,923.7076416015624,47702.0,0,1
2026-01-14,921.5681087879728,938.8332430691688,916.5428330915512,932.3153076171876,32496.0,0,1
2026-01-15,921.5681087879728,938.8332430691688,916.5428330915512,932.3153076171876,32496.0,0,1
2026-01-16,920.722313347806,937.1913142087842,920.722313347806,928.5836791992188,27928.0,0,1
2026-01-19,918.781825543955,928.1358510020888,914.5526228902262,921.2198486328124,34849.0,0,1
2026-01-20,925.399304545642,925.399304545642,900.8699049538624,915.199462890625,96193.0,0,1
2026-01-21,905.6463974316408,934.305513096658,902.6610779445748,925.9465942382812,73645.0,0,1
2026-01-22,934.8528301104058,939.1815191673908,917.4882092309192,927.8373413085938,35481.0,0,1
2026-01-23,927.8373519079836,932.3650744675092,900.670895077865,906.0444946289062,29289.0,0,1
2026-01-26,927.8373519079836,932.3650744675092,900.670895077865,906.0444946289062,29289.0,0,1
2026-01-27,902.6113312739636,910.7712166543276,883.7043079290498,902.9098510742188,40303.0,0,1
2026-01-28,902.9098803984144,919.975981582284,890.1227858576019,905.6464233398438,27540.0,0,1
2026-01-29,910.1742248370462,910.2239680169534,883.6546111427301,890.2222900390625,43346.0,0,1
2026-01-30,882.1619001253383,1013.6652465875146,873.9025284361534,947.8389282226562,121053.0,1,0
2026-02-02,921.9662055857608,940.3756765013968,899.3275318922088,935.1513671875,62102.0,1,0
2026-02-03,984.9066932668156,1005.2068908805732,945.5999851243156,975.00537109375,130901.0,1,0
2026-02-04,975.0053630307387,975.0053630307387,933.509408706545,945.749267578125,495155.0,0,1
2026-02-05,937.3903162480004,941.0224792414303,910.9205078332542,920.0256958007812,53660.0,0,1
2026-02-06,907.5371249987704,930.0265075298056,898.5811665283877,926.0460815429688,37160.0,0,1
2026-02-09,926.0461052495178,931.4197047639024,918.9808732366066,922.563232421875,59264.0,0,1
2026-02-10,925.4490882266062,927.8871114127796,918.2345657646248,924.6530151367188,34840.0,0,1
2026-02-11,924.70274923184,944.3561033317366,923.0110559721472,940.9229736328124,48836.0,0,1
2026-02-12,935.4001482008732,940.9229773541244,924.7027528890015,935.5494384765624,20421.0,0,1
2026-02-13,935.4996059024172,935.4996059024172,911.716596751594,921.5183715820312,34128.0,0,1
2026-02-16,921.5183740360278,930.17581284473,906.5420331656048,910.3731689453124,41278.0,0,1
2026-02-17,910.3234070256522,924.85199825539,899.7753025016683,919.9759521484376,44842.0,0,1
2026-02-18,923.4588258250936,930.4245712785156,914.7019008309449,920.075439453125,15941.0,0,1
2026-02-19,925.4490882471988,928.0363409735116,904.5021075906208,907.5371704101562,14459.0,0,1
2026-02-20,910.2736806924182,917.8364658793917,901.1684318246246,910.1741943359376,18055.0,0,1
2026-02-23,912.26391118018,934.4050314678911,912.2141680009876,923.2100830078124,59477.0,0,1
2026-02-24,920.075484046834,925.4490836659392,911.6170784434356,918.5330810546876,25442.0,0,1
2026-02-25,922.4140082142028,931.9172634086606,904.1040238056544,905.9450073242188,39516.0,0,1
2026-02-26,906.3927474195594,913.2092635081982,901.068951844063,905.09912109375,33848.0,0,1
2026-02-27,905.049355011887,913.955570267876,864.0012121924913,868.8772583007812,122179.0,0,1
2026-03-02,853.3535857956614,869.9221336815903,835.9392216606235,842.8054809570312,71612.0,1,0
2026-03-03,853.3535857956614,869.9221336815903,835.9392216606235,842.8054809570312,71612.0,0,1
2026-03-04,826.933524035029,842.805485289857,814.1961726352155,831.8095703125,3229929.0,0,1
2026-03-05,842.8054838940554,855.6921255461875,823.0525829215879,848.776123046875,125494.0,0,1
2026-03-06,840.6659930989641,855.5925912034787,834.3968340423646,844.2484130859375,43812.0,0,1
2026-03-09,834.6953281543302,841.8601071711684,806.0362728234591,830.4661254882812,97260.0,0,1
2026-03-10,838.7255341206511,863.7524882297353,831.9090785254133,839.5714111328125,54864.0,0,1
2026-03-11,840.8650212774776,849.7214937251708,829.0232292276158,832.3568725585938,23305.0,0,1
2026-03-12,829.0232236593655,833.3022303162528,811.6586633459028,826.137451171875,66965.0,0,1
2026-03-13,814.146406010278,824.9432872239853,798.3739315677864,818.226318359375,116846.0,0,1
2026-03-16,821.5101918320822,821.9082587426185,787.1292730273015,804.2948608398438,69700.0,0,1
2026-03-17,802.3046369763167,829.6203232755511,801.9065700711309,820.3658447265625,177499.0,0,1
2026-03-18,828.9237150857834,830.9139280871899,804.6430921740325,807.0313720703125,49923.0,0,1
2026-03-19,797.0803507610169,818.4253985185807,797.0803507610169,811.1611328125,99080.0,0,1
2026-03-20,815.9873521342635,820.9628847692285,792.4530584762861,809.0216064453125,1429028.0,0,1
2026-03-23,808.9718750904793,808.9718750904793,780.7605681959917,793.0004272460938,85263.0,0,1
2026-03-24,806.5338343746967,808.6235337718829,771.3070392758297,791.408203125,105543.0,0,1
2026-03-25,800.5631736020123,814.9922177502151,791.1096619187069,795.090087890625,57279.0,0,1
2026-03-26,800.5631736020123,814.9922177502151,791.1096619187069,795.090087890625,57279.0,0,1
2026-03-27,795.0403851712069,797.0305982584438,750.360077068148,758.9180297851562,1027374.0,1,0
2026-03-30,751.9024569978322,755.1365531653818,736.6275963164604,745.384521484375,154853.0,1,0
2026-03-31,751.9024569978322,755.1365531653818,736.6275963164604,745.384521484375,154853.0,0,1
2026-04-01,752.0019842580649,770.1626776430345,745.3845018259361,749.2156982421875,68139.0,0,1
2026-04-02,749.2157272911348,751.4049130578959,726.5272499221361,746.2304077148438,74349.0,0,1
2026-04-03,749.2157272911348,751.4049130578959,726.5272499221361,746.2304077148438,74349.0,0,1
2026-04-06,746.1805950897747,766.7295688946523,735.9807533231684,762.5003662109375,99649.0,0,1
2026-04-07,761.3062365817311,766.2320260392801,745.0860123336506,746.379638671875,77517.0,0,1
2026-04-08,766.2320426395786,783.8454407020969,766.2320426395786,776.431884765625,85463.0,0,1
2026-04-09,776.4318910245137,795.6871786060166,770.1129886827656,777.0289306640625,58817.0,0,1
2026-04-10,782.7507823807025,802.3046502440342,778.1733165777796,798.82177734375,56759.0,0,1
2026-04-13,793.1496570810414,795.4383899801348,776.5313656838692,787.3283081054688,40435.0,0,1
2026-04-14,793.1496570810414,795.4383899801348,776.5313656838692,787.3283081054688,40435.0,0,1
2026-04-15,798.6227317706957,806.4840976352248,788.1243700492803,803.3992309570312,37491.0,0,1
2026-04-16,806.0362943522192,820.4653391276602,799.070548598558,809.7182006835938,39366.0,0,1
2026-04-17,806.0362736878473,838.6757550923552,801.0607411342186,824.8438110351562,69426.0,0,1
2026-04-20,828.4261706553104,840.8650020465313,808.0264871737082,824.8935546875,43046.0,0,1
2026-04-21,836.8845822089663,841.8601148023608,817.8282680816724,831.1627197265625,31322.0,0,1
2026-04-22,823.6994278218956,836.8845893062087,823.6994278218956,831.8095703125,26701.0,0,1
2026-04-23,838.8747963704566,838.8747963704566,814.9922398901589,819.8682861328125,107045.0,0,1
2026-04-24,825.9384173501124,825.9384173501124,792.7018350561294,797.6276245117188,37276.0,0,1
2026-04-27,804.9416925406978,818.1765971787557,796.0852201716947,814.5941772460938,44517.0,0,1
2026-04-28,818.1766182937808,821.360971403944,801.9563936614769,805.1406860351562,89083.0,0,1
2026-04-29,806.0362542052891,840.0191650197706,806.0362542052891,834.3470458984375,75901.0,0,1
2026-04-30,820.9628728530674,855.49308098582,816.0370834686528,842.0591430664062,105897.0,0,1
2026-05-01,842.0591430664062,842.0591430664062,842.0591430664062,842.0591430664062,0.0,0,1
2026-05-04,898.0836329205758,912.3136439874228,862.9563849658264,876.6888427734375,360641.0,1,0
2026-05-05,876.6888360115252,882.6594750763028,850.8160667308217,853.3038330078125,271984.0,0,1
2026-05-06,862.7573232680597,873.8527848803436,853.8511080720335,862.6578369140625,55824.0,0,1
2026-05-07,874.6986183074266,874.6986183074266,861.0656470352023,864.25,68539.0,0,1
2026-05-08,869.2999877929688,874.9000244140625,844.0499877929688,845.4500122070312,58489.0,0,1
2026-05-11,845.9500122070312,852.9500122070312,829.7999877929688,833.25,43396.0,0,1
2026-05-12,835.0,837.5999755859375,815.0,826.4500122070312,71691.0,0,1
2026-05-13,830.3499755859375,866.9000244140625,830.3499755859375,848.9000244140625,84365.0,0,1
2026-05-14,848.8499755859375,860.0999755859375,846.3499755859375,850.7999877929688,28720.0,0,1
2026-05-15,852.9500122070312,869.9000244140625,845.5499877929688,851.5,55675.0,0,1
2026-05-18,842.0999755859375,862.7999877929688,828.0499877929688,832.7000122070312,48739.0,0,1
2026-05-19,830.0,861.7999877929688,822.0,851.0499877929688,75644.0,0,1
2026-05-20,853.0499877929688,853.0499877929688,833.0,834.5499877929688,48835.0,0,1
2026-05-21,836.25,845.0,826.25,834.0999755859375,65118.0,0,1
2026-05-22,838.0999755859375,863.5499877929688,834.0999755859375,852.0499877929688,148303.0,0,1
2026-05-25,852.0499877929688,871.0,849.5499877929688,857.9500122070312,54606.0,0,1
2026-05-26,862.0,877.0,860.0,868.2000122070312,68742.0,0,1
2026-05-27,868.2000122070312,875.5499877929688,858.0,870.0499877929688,37880.0,0,1
2026-05-28,870.0499877929688,870.0499877929688,870.0499877929688,870.0499877929688,0.0,0,1
2026-05-29,878.9000244140625,878.9000244140625,840.5499877929688,860.4500122070312,106361.0,0,1
2026-06-01,850.4500122070312,863.5,820.9500122070312,839.0499877929688,59753.0,0,1
2026-06-02,835.0,844.4500122070312,828.7999877929688,835.25,51041.0,0,1
2026-06-03,834.0,838.7999877929688,821.1500244140625,834.0499877929688,34361.0,0,1
2026-06-04,831.2000122070312,843.9000244140625,823.0999755859375,826.9000244140625,98790.0,0,1
2026-06-05,836.9000244140625,847.9000244140625,831.5999755859375,840.1500244140625,48805.0,0,1
2026-06-08,842.0999755859375,842.2999877929688,815.1500244140625,818.5999755859375,60720.0,0,1
2026-06-09,816.5999755859375,830.0,816.5999755859375,825.6500244140625,35637.0,0,1
2026-06-10,825.0999755859375,841.3499755859375,824.0,830.4000244140625,33982.0,0,1
2026-06-11,822.9000244140625,838.9000244140625,819.7999877929688,835.8499755859375,28635.0,0,1
2026-06-12,840.2000122070312,862.9000244140625,837.0,840.7999877929688,92956.0,0,1
2026-06-15,862.9000244140625,862.9000244140625,850.0,851.4500122070312,31132.0,0,1
2026-06-16,852.9000244140625,860.0,846.0999755859375,856.2000122070312,36065.0,0,1
2026-06-17,850.5499877929688,861.4500122070312,834.5499877929688,857.9000244140625,396697.0,0,1
2026-06-18,862.9000244140625,870.3499755859375,849.8499755859375,867.2000122070312,190596.0,0,1
2026-06-19,869.0,880.0,859.5999755859375,878.5499877929688,102577.0,0,1
2026-06-22,870.0,892.0,865.2999877929688,890.1500244140625,69102.0,0,1
