Date,Open,High,Low,Close,Volume,is_outlier,data_quality
2021-01-01,461.3026252128204,463.7774247043055,458.6793437938371,461.0551452636719,2177971.0,0,1
2021-01-04,463.2824918759201,465.0643355299218,459.7682884766559,462.2925720214844,2821496.0,0,1
2021-01-05,466.74720204411983,466.99468200278585,456.2045618469384,462.9360046386719,2558959.0,0,1
2021-01-06,462.6390276759834,464.5198692666117,449.2255961700156,455.1156311035156,2960254.0,0,1
2021-01-07,456.8479899128263,459.4217874472839,449.2751094481366,450.2155151367188,3183329.0,0,1
2021-01-08,461.4511366878026,463.2330105617411,456.6005354158907,460.9561767578125,5550289.0,0,1
2021-01-11,459.96624834541655,468.1330870384029,452.59136365166313,466.4997253417969,3550553.0,0,1
2021-01-12,467.2421393705287,469.56845691150414,461.4016186703879,466.9946594238281,3014910.0,0,1
2021-01-13,467.2421622641037,467.4401583151471,455.9075680658756,458.1348876953125,3430890.0,0,1
2021-01-14,458.4319007998247,464.5693859074901,453.9277472362599,461.7481384277344,3484973.0,0,1
2021-01-15,461.7975949370131,461.8965929607699,450.4135170339571,452.4428405761719,2795557.0,0,1
2021-01-18,451.4034057454491,454.71964294806975,436.0596496291016,444.3749694824219,2898351.0,0,1
2021-01-19,445.56294123423896,452.0469043235715,444.8205013288976,447.0478210449219,2056058.0,0,1
2021-01-20,447.0478040066627,449.3246075456182,443.5335704626764,445.2659301757813,2513241.0,0,1
2021-01-21,450.4135285362653,450.4135285362653,435.71321282666185,437.4950866699219,3617650.0,0,1
2021-01-22,418.1421100294377,418.7360679408482,372.50680202037097,389.7809143066406,28411474.0,1,0
2021-01-25,389.1374754466645,390.3253610685565,373.84320260892486,378.8423156738281,13627688.0,1,0
2021-01-26,389.1374754466645,390.3253610685565,373.84320260892486,378.8423156738281,13627688.0,0,1
2021-01-27,376.1695479259767,383.0495030575529,364.8349534110665,373.7442321777344,10430905.0,0,1
2021-01-28,372.754290733888,382.9009687418104,369.24008750780905,376.2685241699219,9111175.0,0,1
2021-01-29,381.119170654007,382.1090905777836,365.2804518735807,368.0522155761719,6608798.0,0,1
2021-02-01,369.7350391441043,378.74331521611214,359.5883613630412,375.3775939941406,4007717.0,0,1
2021-02-02,380.129220545977,390.0284189976952,375.27861934662633,387.5536193847656,4891113.0,0,1
2021-02-03,392.3547661374755,400.8185693652529,387.6031323978804,397.1558837890625,7249108.0,0,1
2021-02-04,397.9477669195553,406.7580472596141,395.7204473285876,405.7681274414063,5668584.0,0,1
2021-02-05,413.4895256613813,413.4895256613813,394.18608894900575,403.0953674316406,9808981.0,0,1
2021-02-08,403.5408299135655,409.08438724060807,402.0064661954359,404.8772277832031,3333450.0,0,1
2021-02-09,404.877188079508,405.8176239499823,398.7396733889421,400.7195129394531,3195358.0,0,1
2021-02-10,400.3235672939224,405.7186423716748,395.9679261482823,404.0357666015625,2646877.0,0,1
2021-02-11,398.93771470344296,408.3914375460552,398.93771470344296,402.3034362792969,3799980.0,0,1
2021-02-12,402.89736385854087,407.1045230634519,399.729608373214,403.936767578125,2998690.0,0,1
2021-02-15,404.82771888348833,406.3620825069013,401.1155195914033,403.8377990722656,2040087.0,0,1
2021-02-16,403.8378408598957,414.3804818983391,402.1549649226975,413.1925659179688,5407782.0,0,1
2021-02-17,414.726941637432,418.6866211175938,411.0147421247802,414.4794616699219,7395024.0,0,1
2021-02-18,414.4794442100492,420.4684470875255,409.82680893286766,415.8653259277344,4311757.0,0,1
2021-02-19,415.5683335732152,415.5683335732152,397.551810748829,399.9276123046875,4834156.0,0,1
2021-02-22,400.9175492001463,402.6993928903863,391.2658304231057,393.6416320800781,3183792.0,0,1
2021-02-23,394.23556625886016,396.7103657959528,380.2282069209068,381.4656066894531,9103379.0,0,1
2021-02-24,384.8808355070794,388.4940672205888,381.4656300626083,385.5737915039063,1470901.0,0,1
2021-02-25,387.7516132442335,396.6608918003792,386.6131812607611,393.79010009765625,4350060.0,0,1
2021-02-26,389.97889212565775,397.7992519989591,383.098937875692,386.2666931152344,5197606.0,0,1
2021-03-01,391.01836230324295,394.9780419215037,383.49496498655606,391.6618041992188,2691673.0,0,1
2021-03-02,393.7901325938736,395.8689704705147,388.14760716865777,393.9881286621094,2769928.0,0,1
2021-03-03,394.97797096230175,399.729573566589,392.60216966015815,398.64068603515625,2975783.0,0,1
2021-03-04,394.9780190988509,402.996375904503,394.2850631217124,395.720458984375,1939204.0,0,1
2021-03-05,394.48305682804505,397.2053363921031,389.5334576206668,390.6223754882813,1607741.0,0,1
2021-03-08,392.00826080996063,392.9486967519469,387.3556254284861,389.3849792480469,1923276.0,0,1
2021-03-09,393.493145744108,393.493145744108,381.71310541036377,385.0788269042969,2605409.0,0,1
2021-03-10,388.0485461108452,400.3730592128879,384.78182298522,398.4921875,7942179.0,0,1
2021-03-11,388.0485461108452,400.3730592128879,384.78182298522,398.4921875,7942179.0,0,1
2021-03-12,398.4922114814439,400.7195310765804,393.6911245221139,396.1659240722656,3756453.0,0,1
2021-03-15,397.0073357198625,397.05684983733374,383.09897419296334,391.7607727050781,2963338.0,0,1
2021-03-16,392.008260703785,392.008260703785,385.3757856230465,387.7516174316406,2743146.0,0,1
2021-03-17,387.7516152080013,389.6324568707219,382.5050219057261,384.2868957519531,2105069.0,0,1
2021-03-18,386.0687328174426,388.9890083932492,379.3867739802176,385.227294921875,2764770.0,0,1
2021-03-19,382.6039990365793,393.98807662757713,381.9605572147312,391.7112731933594,4200208.0,0,1
2021-03-22,391.6122906398586,399.33365322691617,390.0778967779734,398.19525146484375,3713607.0,0,1
2021-03-23,398.937707892672,401.61050362754855,394.03759244871713,396.71038818359375,3443734.0,0,1
2021-03-24,393.98810596194767,399.3336671867767,393.6911420866626,398.0467834472656,2567380.0,0,1
2021-03-25,397.7497861860192,401.7094656113054,393.3446609513621,394.4830627441406,3411079.0,0,1
2021-03-26,392.5032078780983,394.97800742335744,386.8111689240023,391.2658081054688,4226903.0,0,1
2021-03-29,392.5032078780983,394.97800742335744,386.8111689240023,391.2658081054688,4226903.0,0,1
2021-03-30,396.8588508844043,405.3721674017434,395.0274931703907,404.332763671875,4193149.0,0,1
2021-03-31,408.83687544476817,409.2328373208835,401.7094408348726,404.7781982421875,5228409.0,0,1
2021-04-01,405.07519250230354,409.0348716852784,404.6792004160423,406.41156005859375,1860699.0,0,1
2021-04-02,405.07519250230354,409.0348716852784,404.6792004160423,406.41156005859375,1860699.0,0,1
2021-04-05,406.4115521894372,406.4115521894372,397.5022742002501,402.3529052734375,1318706.0,0,1
2021-04-06,402.50142926249066,411.3611940627914,401.01654944244456,410.0743103027344,2107437.0,0,1
2021-04-07,411.757170515152,414.281454029197,408.2924510668792,410.0248107910156,2467709.0,0,1
2021-04-08,409.82682099662543,412.35110454921625,407.0055433608168,409.0843811035156,2086999.0,0,1
2021-04-09,408.8863746724194,420.1219708116994,408.0449669828778,416.0632934570313,3202010.0,0,1
2021-04-12,414.4794487081872,416.2612923345548,396.9578554724292,400.2245788574219,3599430.0,0,1
2021-04-13,402.6004204248389,408.1934616096138,397.3043431150246,402.847900390625,2068043.0,0,1
2021-04-14,402.6004204248389,408.1934616096138,397.3043431150246,402.847900390625,2068043.0,0,1
2021-04-15,407.7479787230547,407.7479787230547,395.9679385919359,400.5215759277344,2744731.0,0,1
2021-04-16,398.9376691873883,414.3309095993468,395.3244680518754,408.6883850097656,5669099.0,0,1
2021-04-19,408.6884157874288,408.6884157874288,395.7204597208154,402.2539367675781,4445076.0,0,1
2021-04-20,405.81766682841845,405.81766682841845,393.7901161202773,397.1063537597656,4436026.0,0,1
2021-04-21,405.81766682841845,405.81766682841845,393.7901161202773,397.1063537597656,4436026.0,0,1
2021-04-22,397.9477749373161,400.6700544922356,394.631537437514,395.3244934082031,3847504.0,0,1
2021-04-23,395.3245229320816,399.28420258041103,392.00828518461407,393.5921630859375,3386298.0,0,1
2021-04-26,397.15586096494826,397.15586096494826,391.0183457327552,391.5133056640625,2469336.0,0,1
2021-04-27,391.0183093200652,395.0274723063273,388.2465460468412,394.0870666503906,4372334.0,0,1
2021-04-28,393.9880767117504,395.769920251088,383.5939189090534,386.91015625,11363709.0,0,1
2021-04-29,384.0889219795132,398.1952805831422,382.05959826437777,389.929443359375,13684521.0,0,1
2021-04-30,387.8506105220466,387.8506105220466,374.38772384917104,375.8230895996094,9710688.0,0,1
2021-05-03,377.1099775729152,378.0008993926907,371.31894042944015,374.6846618652344,3474482.0,0,1
2021-05-04,377.15944215635307,378.29784387940094,368.7451238930223,369.4380798339844,3492859.0,0,1
2021-05-05,371.219938023623,378.7433348095596,366.4188207831929,377.4564208984375,6252361.0,0,1
2021-05-06,379.0897979304809,380.5251635085881,373.5957249371676,375.87255859375,3004849.0,0,1
2021-05-07,377.7039147873637,380.0797466463036,375.5755931061906,377.3079528808594,2241936.0,0,1
2021-05-10,379.1888105851563,383.5444823702596,378.5948828053316,380.6242065429688,3712233.0,0,1
2021-05-11,379.683754130818,387.7021111214207,378.4958684125534,383.742431640625,4098740.0,0,1
2021-05-12,383.7424418770256,386.563719624342,380.2777222389072,381.5646362304688,2213659.0,0,1
2021-05-13,383.7424418770256,386.563719624342,380.2777222389072,381.5646362304688,2213659.0,0,1
2021-05-14,383.0989548200114,388.9394754794109,382.35651498508895,384.88079833984375,3423148.0,0,1
2021-05-17,389.68197989698217,389.68197989698217,380.72321648814807,381.9111022949219,2226281.0,0,1
2021-05-18,383.14843354479154,384.2373513299464,380.3271863781932,381.1191101074219,1749322.0,0,1
2021-05-19,379.1393010452379,383.5939403525579,378.9413049920412,382.7525024414063,2120283.0,0,1
2021-05-20,382.7524731502796,384.4848327483308,378.3473482983505,379.6837158203125,1321922.0,0,1
2021-05-21,380.6241878733915,382.5050295738175,377.80291021777424,378.6443481445313,1448078.0,0,1
2021-05-24,378.79282382758976,380.6736654969593,377.3574581738408,379.5847778320313,1993913.0,0,1
2021-05-25,380.62419418954255,381.7131121004768,377.2089585166028,377.7039184570313,1427832.0,0,1
2021-05-26,378.84236445275457,382.55456414280656,376.7140124624914,379.1888122558594,2349815.0,0,1
2021-05-27,379.6342623228408,380.9706601617965,376.1695428492295,378.0503845214844,3269387.0,0,1
2021-05-28,379.1392894479133,382.30704494242633,376.2685280241108,378.2978515625,2268969.0,0,1
2021-05-31,380.1292203207128,385.6727774923812,378.347376684442,384.2868957519531,3454331.0,0,1
2021-06-01,386.7616884919926,387.50412836224086,381.1191333941233,381.9605712890625,1748372.0,0,1
2021-06-02,382.10908937073793,385.2768452008,380.62420948976353,384.18792724609375,2300520.0,0,1
2021-06-03,383.593941242529,383.94041923144897,378.9908199896099,381.2181396484375,2896950.0,0,1
2021-06-04,381.31716622185866,383.8909338523303,379.980768284524,381.0201721191406,1481960.0,0,1
2021-06-07,380.6241426172246,388.0485407176906,379.3867429338136,385.1282653808594,3314421.0,0,1
2021-06-08,386.6626934299247,399.1851732954024,386.068735487184,398.3932495117188,6809356.0,0,1
2021-06-09,402.9468604225541,411.4601771230792,396.6113794628457,400.4225769042969,9635843.0,0,1
2021-06-10,401.9074459800237,411.3116842480292,401.7589640493621,410.5692443847656,4364390.0,0,1
2021-06-11,413.63801958664845,416.0138212089079,408.8369022231504,410.8167419433594,3376513.0,0,1
2021-06-14,410.8167294398319,410.8167294398319,400.9670150475934,407.8964538574219,1526684.0,0,1
2021-06-15,407.8470014416489,411.4602030580602,405.4711997082523,406.3621215820313,1344636.0,0,1
2021-06-16,405.86713967083847,407.0550555782479,398.4427407744207,399.1851806640625,1728594.0,0,1
2021-06-17,397.9477682054217,402.6498873571026,392.05773318407074,394.6315307617188,1390138.0,0,1
2021-06-18,395.47297165395554,397.8487732013749,385.1282973577484,394.9285278320313,4009623.0,0,1
2021-06-21,391.5132948334248,402.1054491543671,389.2364912963784,401.6599731445313,1549277.0,0,1
2021-06-22,403.7882839524788,405.4711597113581,396.2648873638882,397.3043212890625,2011236.0,0,1
2021-06-23,398.838679485929,400.8680331922747,392.60219685949664,393.5426025390625,1824603.0,0,1
2021-06-24,394.1860986788434,396.85886416363326,390.0284232003394,391.2163391113281,1888424.0,0,1
2021-06-25,392.00826400152897,395.918459526941,390.4243861857941,392.9486999511719,642550.0,0,1
2021-06-28,394.33458765742887,405.57018426383655,393.5426336326411,400.07611083984375,3019858.0,0,1
2021-06-29,402.79839161849975,406.85706915326097,397.9477902666932,403.44183349609375,2239813.0,0,1
2021-06-30,404.629720471971,406.8570400342021,399.4821253997217,400.3730773925781,1217199.0,0,1
2021-07-01,400.4226074131981,405.76816893617865,399.4326874937588,402.0559692382813,1608707.0,0,1
2021-07-02,402.1054400921867,406.7580450869388,401.6104801857266,403.936767578125,1266537.0,0,1
2021-07-05,403.9863147850206,405.4711946260266,398.4427573366067,399.3336791992188,1225126.0,0,1
2021-07-06,397.9477995205872,398.5912414131439,384.088920930318,384.9303588867188,4329007.0,0,1
2021-07-07,382.9999876536889,390.1274227270975,381.1191459623595,388.1475830078125,2686889.0,0,1
2021-07-08,389.03849431672336,389.5334542331568,383.0989753195215,385.42529296875,972707.0,0,1
2021-07-09,386.0687271118157,387.0091630182496,382.950485742519,384.6333312988281,1497908.0,0,1
2021-07-12,386.761702671908,386.761702671908,382.109067230456,383.4454650878906,1345110.0,0,1
2021-07-13,385.07881554334745,385.07881554334745,382.10905604044245,383.8908996582031,1211746.0,0,1
2021-07-14,383.1484612729535,396.1164171947428,382.25753946060735,395.3244934082031,3947672.0,0,1
2021-07-15,396.3144191327722,399.9276205537042,391.2163379325567,399.1851806640625,2772769.0,0,1
2021-07-16,400.8680670308355,409.1338738514021,398.9377111830636,405.1741943359375,4905898.0,0,1
2021-07-19,404.7782216092048,410.22278079746985,401.01653825402246,407.2530212402344,2649721.0,0,1
2021-07-20,408.3419176996971,409.8267974004232,398.442719694856,400.1750793457031,1845582.0,0,1
2021-07-21,408.3419176996971,409.8267974004232,398.442719694856,400.1750793457031,1845582.0,0,1
2021-07-22,403.1448422945463,403.7882841285318,392.30520829988217,398.9376831054688,2808364.0,0,1
2021-07-23,388.0485954210679,397.502318251042,383.3959598715772,394.1365966796875,5803946.0,0,1
2021-07-26,394.1365923849156,394.1365923849156,384.8808355070794,385.5737915039063,2134036.0,0,1
2021-07-27,390.968849635584,390.968849635584,374.189696403356,375.72406005859375,4496288.0,0,1
2021-07-28,378.8918207456523,379.931224499117,372.9028177662482,377.8524169921875,1969181.0,0,1
2021-07-29,392.9981707002841,400.818531279281,376.2190175750681,378.6938171386719,7709849.0,1,0
2021-07-30,379.5848046857042,385.3263281267958,377.2584868361391,382.45556640625,2792729.0,0,1
2021-08-02,383.3959300171297,387.850569158506,382.5545223472784,386.0687255859375,2419224.0,0,1
2021-08-03,384.8808030434559,388.4940344521992,384.0888792938422,385.3757629394531,1072037.0,0,1
2021-08-04,384.5838658014849,387.4546273549229,379.7332645270611,381.7131042480469,1116220.0,0,1
2021-08-05,382.4555457471367,383.0989876171638,377.8524244185342,380.2777099609375,1233269.0,0,1
2021-08-06,380.32723434399423,382.99999992468815,378.99083644866846,379.7332763671875,945840.0,0,1
2021-08-09,380.0302122443174,381.5646060888209,376.2190149014608,378.3968505859375,730646.0,0,1
2021-08-10,379.1393058998289,380.5747017789937,372.2098668886049,375.17962646484375,780964.0,0,1
2021-08-11,376.12004855111695,376.12004855111695,362.3601388537587,368.89361572265625,2382866.0,0,1
2021-08-12,369.24012525248935,371.91292108494906,367.40876738283794,370.6260070800781,876559.0,0,1
2021-08-13,371.21993691883387,373.19977658240094,365.6268959112479,367.6562194824219,1487839.0,0,1
2021-08-16,368.0027017973227,369.48758156247663,362.5086587502355,363.2510986328125,1228973.0,0,1
2021-08-17,362.3601585106079,367.2602739805851,358.9944369743406,362.9046325683594,1875933.0,0,1
2021-08-18,365.1814068888843,369.93304003808345,363.35004922335816,366.2703247070313,1733630.0,0,1
2021-08-19,365.1814068888843,369.93304003808345,363.35004922335816,366.2703247070313,1733630.0,0,1
2021-08-20,363.9935088381529,367.06223593463903,350.3325979865686,353.7478332519531,1544686.0,0,1
2021-08-23,355.6781927058116,358.697466397076,324.2482372310663,329.84130859375,7250084.0,1,0
2021-08-24,332.6130716872317,348.4023054777958,328.65339226238376,345.9769897460937,6358215.0,1,0
2021-08-25,346.4719736280298,346.4719736280298,340.3839721334147,343.65069580078125,1712055.0,0,1
2021-08-26,344.14564434397977,345.9770021858104,336.57276321366385,337.56268310546875,1697599.0,0,1
2021-08-27,337.56264535899567,344.5415677318495,336.12724959240245,343.2052001953125,1401316.0,0,1
2021-08-30,345.4820350654326,354.3913139066616,344.0466391681408,353.00543212890625,2905130.0,0,1
2021-08-31,353.4013693747753,356.47012680349405,348.45177036392414,355.23272705078125,2105520.0,0,1
2021-09-01,356.3711357236331,356.3711357236331,349.2932150422243,351.12457275390625,2210493.0,0,1
2021-09-02,353.2033713382295,356.02464880049314,351.22353174505565,355.03472900390625,1467915.0,0,1
2021-09-03,358.0540023979461,362.0136815830604,353.89632716959414,359.8358459472656,2170998.0,0,1
2021-09-06,360.132821588379,362.55813725261766,356.4206222308436,357.85601806640625,1068045.0,0,1
2021-09-07,357.8559884256471,359.19238612565886,351.02554821553,353.15386962890625,899814.0,0,1
2021-09-08,358.35096698950304,358.4499650113254,350.2336125593501,351.86700439453125,1639254.0,0,1
2021-09-09,350.4316136328402,354.0943290231542,346.5709324059949,349.1942138671875,1096752.0,0,1
2021-09-10,350.4316136328402,354.0943290231542,346.5709324059949,349.1942138671875,1096752.0,0,1
2021-09-13,350.4316064061021,351.4215261982098,346.52141114329515,350.03564453125,1302790.0,0,1
2021-09-14,351.42154597566935,352.8074277206244,349.4417062800318,352.114501953125,1174007.0,0,1
2021-09-15,353.1044384730237,356.3711620410839,351.4215625682911,353.8963623046875,1208117.0,0,1
2021-09-16,353.89631508040605,375.17958997335353,352.26295351433333,372.9522705078125,5530580.0,1,0
2021-09-17,386.0687294037679,390.17689061056046,366.418814954944,373.5957336425781,18497586.0,1,0
2021-09-20,372.2098766027974,372.2098766027974,355.38123856490495,356.7671203613281,3169722.0,0,1
2021-09-21,360.3307954231194,365.42887618450527,352.411437281952,363.5480346679688,2727117.0,0,1
2021-09-22,361.5187139173945,364.7854370909436,359.5883582721446,363.8450012207031,2107108.0,0,1
2021-09-23,365.2804186560696,368.0521821066049,362.8551029793844,364.4884948730469,1257724.0,0,1
2021-09-24,364.7854594732233,366.1218572934746,354.3913011978669,356.5196228027344,1493295.0,0,1
2021-09-27,351.421583626729,358.20254135278594,349.0952656931235,354.5398254394531,4098510.0,0,1
2021-09-28,356.27215978611287,362.8056370547381,353.450882078075,358.301513671875,2068898.0,0,1
2021-09-29,358.202506396108,362.9046257181532,355.4802267886081,358.9449462890625,1385922.0,0,1
2021-09-30,359.8358385316426,365.3298812037837,357.50952101633857,359.0439147949219,2147714.0,0,1
2021-10-01,358.3509829033053,363.8945400620328,354.6387834947766,361.6177062988281,1551246.0,0,1
2021-10-04,363.3005784122379,366.8642958500984,360.57829887372657,361.22174072265625,1734169.0,0,1
2021-10-05,361.9146693167663,363.7460269097918,357.85599226977945,358.3509521484375,1114071.0,0,1
2021-10-06,358.35099137176263,360.5288271602146,352.2629902398967,352.80743408203125,1197301.0,0,1
2021-10-07,355.87617727018545,358.20249490212075,353.5993737554989,356.1236572265625,1040559.0,0,1
2021-10-08,358.1035181982592,359.8358779960393,354.53980057226295,355.1337585449219,1179337.0,0,1
2021-10-11,355.3812054773671,358.35096485461526,352.9064059963269,356.4701232910156,1707523.0,0,1
2021-10-12,356.4701367590972,360.3308180533924,353.9458230670904,354.6882629394531,1703354.0,0,1
2021-10-13,356.32167499006385,356.32167499006385,347.7588438096306,348.69927978515625,4417346.0,0,1
2021-10-14,350.18414701107247,351.02558492574053,343.5021880221686,344.1456298828125,2334243.0,0,1
2021-10-15,350.18414701107247,351.02558492574053,343.5021880221686,344.1456298828125,2334243.0,0,1
2021-10-18,344.1456275385716,345.48202536924043,337.9091446087254,339.04754638671875,2870530.0,0,1
2021-10-19,338.5525737510366,345.2345324434913,335.7808103774078,340.9283752441406,2739563.0,0,1
2021-10-20,340.97787971386373,343.15568510011576,337.31516445023175,338.3050842285156,1610459.0,0,1
2021-10-21,342.5122430379317,346.2739261087019,334.5928848174015,341.47283935546875,4144347.0,0,1
2021-10-22,338.5525627132484,339.5424824872638,319.24912711994915,320.5360107421875,7224929.0,1,0
2021-10-25,321.7734174954454,323.6047751594082,311.6267395899259,318.06121826171875,3480754.0,0,1
2021-10-26,319.7441021152694,331.3261761024982,316.8733406769686,330.187744140625,3113691.0,0,1
2021-10-27,331.3261997978975,338.00815906610467,329.6433238982179,334.29595947265625,2813487.0,0,1
2021-10-28,334.5929094257989,337.5131850683794,331.6231498746824,334.4444274902344,3263752.0,0,1
2021-10-29,334.4444145411929,348.9467337456524,332.11809694089754,347.56085205078125,5793111.0,0,1
2021-11-01,347.95681801972364,350.38213367169544,342.6112570139011,344.7890625,1940664.0,0,1
2021-11-02,344.7890518922746,347.41236351225405,339.64148709353725,342.0667724609375,1961079.0,0,1
2021-11-03,342.0667997553832,347.41239123323913,340.38395409861425,344.9375915527344,2061255.0,0,1
2021-11-04,346.47195695800355,348.4517967120493,343.7001933863224,345.13555908203125,265779.0,0,1
2021-11-05,346.47195695800355,348.4517967120493,343.7001933863224,345.13555908203125,265779.0,0,1
2021-11-08,345.97699801537294,347.4123939251707,340.0869626461498,345.23455810546875,1043298.0,0,1
2021-11-09,345.8779681994142,348.84772756611204,342.31425091738595,343.5021667480469,1079524.0,0,1
2021-11-10,343.50217513405937,347.6103363162941,342.7102513675883,344.3930969238281,1175287.0,0,1
2021-11-11,344.29408677976244,345.1355246332374,339.047524039196,343.106201171875,873619.0,0,1
2021-11-12,343.9971368795912,345.7789804686544,340.5324175153363,342.9577331542969,704956.0,0,1
2021-11-15,343.9971280575787,358.7469269308624,343.60116618238106,358.1034851074219,7501814.0,0,1
2021-11-16,358.1529793120192,366.7652938425055,356.6680995798633,365.62689208984375,6775061.0,0,1
2021-11-17,367.6562355852344,373.7937508950891,363.8945521436829,372.6058349609375,6964611.0,0,1
2021-11-18,373.5957428707447,373.5957428707447,360.3308230106939,363.2510986328125,3134730.0,0,1
2021-11-19,373.5957428707447,373.5957428707447,360.3308230106939,363.2510986328125,3134730.0,0,1
2021-11-22,362.7561139663836,363.2015597395709,352.559922148533,354.2427978515625,2115434.0,0,1
2021-11-23,352.8569444215541,368.2501860838171,347.85783102750685,362.1126708984375,3195124.0,0,1
2021-11-24,362.855115853207,364.8349555909628,355.0842690504811,356.17315673828125,1154465.0,0,1
2021-11-25,356.51962956549795,361.3207469019396,352.70843208358207,358.845947265625,1290274.0,0,1
2021-11-26,358.350990012811,369.8340664530029,355.2822323988867,359.1429138183594,3526533.0,0,1
2021-11-29,358.8459041498463,368.2006577351131,344.09610613160874,360.7267456054688,2513989.0,0,1
2021-11-30,360.8257979301055,367.2107932696417,353.94584264827824,356.7671203613281,4131254.0,0,1
2021-12-01,358.5489689294772,370.13101263423926,354.49029164765585,366.9632873535156,3496010.0,0,1
2021-12-02,371.1209639519631,374.7836796608532,359.3409232003348,363.7955627441406,5011584.0,0,1
2021-12-03,367.2107769983099,367.2107769983099,361.6672198482981,363.152099609375,2610184.0,0,1
2021-12-06,363.3005759614967,365.7753755252671,354.8862574446773,356.1236572265625,1309429.0,0,1
2021-12-07,357.95503462193113,361.1227601117085,353.9458409822711,356.56915283203125,1585988.0,0,1
2021-12-08,357.3610735841972,383.98991208352135,356.96511167761884,378.9413146972656,7931372.0,1,0
2021-12-09,379.13929500346376,382.1090544943525,368.250176870205,369.1906127929688,4191269.0,1,0
2021-12-10,369.190621041654,374.1897042123604,366.66630729202535,368.44818115234375,1732117.0,0,1
2021-12-13,370.2300225564007,376.6645015580493,366.9632991472384,374.6846618652344,2794613.0,0,1
2021-12-14,372.7048340441727,379.5352751599629,370.42803040889504,374.3381958007813,2419263.0,0,1
2021-12-15,375.4765563012865,377.3079139159447,369.7350337250135,371.6158752441406,1909185.0,0,1
2021-12-16,372.40785177807874,373.74421937935136,358.0045001392156,359.4893798828125,2537038.0,0,1
2021-12-17,361.7166983083771,363.5480560281137,345.8779810954436,349.6891784667969,2108444.0,0,1
2021-12-20,347.4618510251488,350.4810943418127,339.5919765034177,347.26385498046875,1946996.0,0,1
2021-12-21,348.4517551674982,354.04479576384944,345.6304778123616,347.21435546875,1339312.0,0,1
2021-12-22,349.44168672287066,362.21164600304695,346.32344541875096,356.4701232910156,3069556.0,0,1
2021-12-23,357.1630458563724,372.4573185977224,356.4206060186361,370.5764770507813,6612121.0,0,1
2021-12-24,359.34087716014426,362.31063647551736,348.9467195563384,350.8770751953125,7151655.0,0,1
2021-12-27,351.42156815740617,354.2428459437601,347.9568484713472,352.8569641113281,2537639.0,0,1
2021-12-28,355.38124311436184,356.7671249285266,351.4710474362235,352.36199951171875,2072197.0,0,1
2021-12-29,351.42155547756573,358.69747259775465,350.23363954408126,358.0045166015625,1961291.0,0,1
2021-12-30,356.8660668000579,363.8449888934426,355.38118718785245,357.7569885253906,3285675.0,0,1
2021-12-31,360.28131744129183,363.3005606982629,357.9549999070913,360.9742431640625,1788993.0,0,1
2022-01-03,360.97428659798464,363.7955643636124,358.499486840409,359.09344482421875,868445.0,0,1
2022-01-04,361.3207034888108,365.874340314496,354.93570911030133,360.7267456054688,3115452.0,0,1
2022-01-05,362.3106594492827,364.1915010929572,358.1035001523989,359.6873779296875,1049204.0,0,1
2022-01-06,357.3610627044544,360.7267841228376,355.8266990344427,356.7176208496094,967933.0,0,1
2022-01-07,356.37111009414224,358.99439139034456,353.1043870022606,354.88623046875,1182457.0,0,1
2022-01-10,353.2034274597258,355.628743430711,349.98618760962194,354.5398254394531,1843562.0,0,1
2022-01-11,354.5397691056128,359.04392230605606,353.4508512873762,355.03472900390625,1019918.0,0,1
2022-01-12,355.52971636808167,362.31067354054505,352.9559186561301,361.1722717285156,1738270.0,0,1
2022-01-13,361.3207430842758,370.4280177336702,354.9852621242414,366.517822265625,2924164.0,0,1
2022-01-14,366.5178114256034,370.5764887082291,352.70841792531564,354.0943298339844,4700387.0,0,1
2022-01-17,357.3610473844573,357.3610473844573,349.9366488930905,353.5003662109375,1571893.0,0,1
2022-01-18,354.3912696449792,355.8761492663966,343.50215242125074,345.1850280761719,1631061.0,0,1
2022-01-19,349.7386721419564,365.7753858519231,349.7386721419564,363.6470642089844,8460578.0,0,1
2022-01-20,362.3106521762083,364.1914937821265,357.85601301010735,360.52880859375,1513144.0,0,1
2022-01-21,360.3307820552112,378.644297077248,352.4114242078439,373.2987365722656,9950400.0,0,1
2022-01-24,373.2987569414327,376.0210363500072,364.1914828360378,369.0420837402344,4407054.0,0,1
2022-01-25,366.27033438559056,373.49673700705375,362.11265904642056,370.5269775390625,3877973.0,0,1
2022-01-26,366.27033438559056,373.49673700705375,362.11265904642056,370.5269775390625,3877973.0,0,1
2022-01-27,368.6956318179692,370.3784773073755,353.4013592295169,355.77716064453125,2404382.0,0,1
2022-01-28,357.75701399408524,365.6763724896265,354.688256535072,360.4298095703125,2352469.0,0,1
2022-01-31,362.06319927629033,373.5957599371526,359.885363437262,363.3995971679688,2706629.0,0,1
2022-02-01,365.3794146962621,373.1007772736272,362.4591391185651,372.35833740234375,1563744.0,0,1
2022-02-02,375.17962721349966,385.96974765337416,374.3381892898949,383.3464660644531,4529790.0,0,1
2022-02-03,384.0889111387525,390.3749083810817,380.82218763830775,388.7415466308594,4692928.0,0,1
2022-02-04,389.8304089510723,391.71128075734674,385.72224778306975,387.70208740234375,2637508.0,0,1
2022-02-07,386.5637110828261,400.4225893290734,386.3162311141431,395.2749938964844,6057343.0,0,1
2022-02-08,399.828619951216,406.5600930332527,395.6709747219744,400.5215759277344,7761396.0,0,1
2022-02-09,400.5215550115946,405.0751921095919,397.4527976057733,403.1448364257813,2428075.0,0,1
2022-02-10,402.0064472918375,403.8872889188311,397.2053300948063,399.6306457519531,1556043.0,0,1
2022-02-11,395.9679226845592,400.5215598374226,390.7213597929708,398.8386840820313,2008633.0,0,1
2022-02-14,391.018342650804,398.6902215255983,388.0485830863675,389.58294677734375,1638123.0,0,1
2022-02-15,389.5829369991114,400.7690492036999,388.6425312866172,399.82861328125,1702145.0,0,1
2022-02-16,399.92760746064215,402.7488849909076,396.2154081339654,397.7992858886719,1075794.0,0,1
2022-02-17,398.9376755801849,401.6599550041191,389.335441528144,391.7112731933594,1131202.0,0,1
2022-02-18,390.9688663475145,393.1961860641696,383.7424331408369,388.7415466308594,1428851.0,0,1
2022-02-21,386.4646945628476,388.246568378085,381.1191335370464,383.5939331054688,1125934.0,0,1
2022-02-22,377.1099707212672,381.6140938566041,373.4472552721242,380.4261779785156,1727260.0,0,1
2022-02-23,380.2281804758161,393.14662107697256,379.5847386829148,391.4637756347656,2297257.0,0,1
2022-02-24,385.078825482272,390.86986270439513,369.1411096966698,370.3785095214844,2949622.0,0,1
2022-02-25,375.8725605798996,391.81024521041945,374.5856467124342,390.5728454589844,1945989.0,0,1
2022-02-28,390.919355644185,390.919355644185,343.5021993038825,345.33355712890625,15809887.0,1,0
2022-03-01,390.919355644185,390.919355644185,343.5021993038825,345.33355712890625,15809887.0,0,1
2022-03-02,346.4719211295176,349.8871564360616,339.59196661167846,341.37384033203125,13122596.0,1,0
2022-03-03,346.9174132022691,347.9568169298839,334.1969374659707,336.6222229003906,5683175.0,0,1
2022-03-04,336.5727663820901,337.5132023721409,323.7038076674808,324.8917236328125,4510173.0,0,1
2022-03-07,322.7138740308357,328.6533931847775,315.883433045794,326.6735534667969,3343221.0,0,1
2022-03-08,326.6735193203773,335.08783724226583,321.72392054279584,331.07867431640625,6020844.0,0,1
2022-03-09,334.4444420991709,335.7808399975401,329.2968465683998,334.3949279785156,3009188.0,0,1
2022-03-10,340.5324309704681,340.5324309704681,328.15843275206447,329.84130859375,5133631.0,0,1
2022-03-11,329.6433161312078,331.8706358347971,324.6937167898984,328.6039123535156,4955659.0,0,1
2022-03-14,328.60389713772264,330.93018455245533,321.3774643080521,325.3866577148437,2757846.0,0,1
2022-03-15,327.9109138851667,333.5534684873228,322.4168714119775,324.14923095703125,4762960.0,0,1
2022-03-16,327.2675040437944,327.51498400296094,324.1987465081384,325.8816223144531,1461561.0,0,1
2022-03-17,328.65342215794306,329.346378204308,326.6735822654253,328.1089782714844,3561872.0,0,1
2022-03-18,328.65342215794306,329.346378204308,326.6735822654253,328.1089782714844,3561872.0,0,1
2022-03-21,328.6533604592479,332.2170776387485,325.48560514192434,326.4755249023437,1872846.0,0,1
2022-03-22,327.66345650082746,332.2665775667785,325.38665302604244,331.326171875,1558965.0,0,1
2022-03-23,332.6130789357221,338.45360017266154,332.31611505636954,333.8009948730469,2868421.0,0,1
2022-03-24,333.6029852843395,339.7899842695832,331.8211416605717,338.8495483398437,1779377.0,0,1
2022-03-25,340.0869489372237,347.362865802984,338.55258526925485,345.3830261230469,4089702.0,0,1
2022-03-28,346.4224917355482,348.352817473898,336.12730029118086,342.21533203125,3149400.0,0,1
2022-03-29,343.6011465525746,345.7294679438821,338.5525498548538,339.9879455566406,1145170.0,0,1
2022-03-30,342.36379023074915,344.0961499888244,336.57275299747766,338.10711669921875,2474161.0,0,1
2022-03-31,339.54250277418055,340.4334245820342,331.0787002846374,332.21710205078125,2009138.0,0,1
2022-04-01,335.5828515664783,339.54253123097953,332.0191338264355,338.45361328125,2395845.0,0,1
2022-04-04,340.7304135629902,344.4920967887705,338.3050979240296,342.9577331542969,1627838.0,0,1
2022-04-05,344.4426359112793,346.4719595906128,341.81932404927016,343.7991638183594,983530.0,0,1
2022-04-06,342.51227751046946,349.04575474196696,342.51227751046946,346.7689208984375,1959648.0,0,1
2022-04-07,348.4517796795857,352.3124609692718,344.83857834705844,349.7881774902344,3929845.0,0,1
2022-04-08,350.9760937784864,354.1933335022293,349.4417299942232,351.42156982421875,1524533.0,0,1
2022-04-11,351.4215510642413,358.10351013377266,346.27395569706414,347.808349609375,3390421.0,0,1
2022-04-12,347.1154035171997,351.02559916815494,338.84956639059607,345.6305236816406,2291502.0,0,1
2022-04-13,346.42247707578844,351.22356436720304,344.98708115343385,347.1649169921875,855439.0,0,1
2022-04-14,346.42247707578844,351.22356436720304,344.98708115343385,347.1649169921875,855439.0,0,1
2022-04-15,346.42247707578844,351.22356436720304,344.98708115343385,347.1649169921875,855439.0,0,1
2022-04-18,344.29408530799265,347.065878801123,334.9888454745247,339.740478515625,2986116.0,0,1
2022-04-19,340.5323984783744,344.9375535077883,329.64328108517054,334.5433959960937,2438919.0,0,1
2022-04-20,338.55260354639285,350.2336462046538,333.8999679633804,348.9962463378906,3702037.0,0,1
2022-04-21,349.0457182632379,371.2199151530563,345.08603916827195,370.1805114746094,8965603.0,1,0
2022-04-22,370.1310121294375,380.9706461684267,364.4389732032923,371.7643737792969,7481010.0,1,0
2022-04-25,368.05219343100873,379.4857859886615,367.3592676520326,377.010986328125,4861868.0,0,1
2022-04-26,381.020141943977,384.0888995026128,372.95230125672526,376.2190246582031,4954362.0,0,1
2022-04-27,376.0705302939406,380.0302095393834,368.25016982618206,378.0998840332031,2724204.0,0,1
2022-04-28,381.1191085481296,381.1191085481296,371.4673908641185,372.9522705078125,1707353.0,0,1
2022-04-29,373.1997641089439,377.8523992468039,363.30056612196927,364.7359619140625,3420515.0,0,1
2022-05-02,361.2712375964487,373.7442027186813,359.6378457833404,369.0420837402344,3155507.0,0,1
2022-05-03,361.2712375964487,373.7442027186813,359.6378457833404,369.0420837402344,3155507.0,0,1
2022-05-04,369.240071289996,373.1007523204744,360.8257533115377,363.35003662109375,2138364.0,0,1
2022-05-05,366.27034241800857,366.27034241800857,357.1630677657945,358.4499816894531,840435.0,0,1
2022-05-06,354.4902921302549,358.0540095096315,343.6011741549103,344.4920959472656,1273996.0,0,1
2022-05-09,336.7707515712153,346.3729561760647,333.60299590593,335.1373596191406,1321944.0,0,1
2022-05-10,335.1373636984913,339.9384811643345,324.79271906585734,327.4654846191406,1277055.0,0,1
2022-05-11,329.4453109339682,332.8110625606501,323.7532718493732,330.8807067871094,1135305.0,0,1
2022-05-12,330.03927111716337,330.6332290676594,321.3279885430758,324.64422607421875,716609.0,0,1
2022-05-13,326.6735324590918,332.16757523919466,320.239053789443,322.8623352050781,691415.0,0,1
2022-05-16,322.8623530670099,323.5553090460601,313.8540763891397,316.67535400390625,1437402.0,0,1
2022-05-17,319.39762578664573,328.6533822008599,317.021824246462,327.1190185546875,1061358.0,0,1
2022-05-18,329.1483502487519,343.6011861061771,328.6533903235658,334.4444274902344,5155939.0,0,1
2022-05-19,330.63322356468024,334.3949068386194,318.3087095843498,319.2491455078125,1342321.0,0,1
2022-05-20,323.7532795778969,337.4141918330069,322.4663958381204,336.57275390625,3683548.0,0,1
2022-05-23,338.6020744409602,340.33443418783537,332.95954939139784,334.64239501953125,1242086.0,0,1
2022-05-24,335.58282636692854,337.5626660505093,324.6937081072347,326.07958984375,1142414.0,0,1
2022-05-25,326.673529513095,329.3958089257041,319.5460949670093,320.9320068359375,1231892.0,0,1
2022-05-26,321.7239416782249,324.19874122959584,317.7642623960313,322.1199035644531,1800315.0,0,1
2022-05-27,324.19875136366835,330.3362665269021,323.8027894650628,329.643310546875,895936.0,0,1
2022-05-30,331.7716572186067,336.67177293720147,328.6534154931186,330.6827392578125,1520296.0,0,1
2022-05-31,329.79177236641647,336.077769081958,328.80185257530616,330.7322082519531,3592613.0,0,1
2022-06-01,330.63321113264817,332.3160868661076,322.8623347092462,324.396728515625,1443964.0,0,1
2022-06-02,324.7431922305926,326.17858808612255,316.3288735697974,319.6451110839844,4452479.0,0,1
2022-06-03,321.7239550134866,323.70379473664656,316.1803977466475,317.0713195800781,1528233.0,0,1
2022-06-06,317.0713354829701,317.7642915048144,310.042928281204,315.48748779296875,1951463.0,0,1
2022-06-07,314.69550012299334,316.6258558276791,311.0822988749491,313.5570983886719,1628890.0,0,1
2022-06-08,315.1904953602652,317.96228925234044,308.75601590324675,317.3188171386719,1973109.0,0,1
2022-06-09,320.1400671730428,335.13734656459445,318.30870944444735,333.75146484375,8216222.0,1,0
2022-06-10,326.7230300828485,340.53242389150074,325.68362633809227,335.58282470703125,4659316.0,0,1
2022-06-13,331.8706579859264,335.3848616688333,324.29777653025275,327.7129821777344,1783868.0,0,1
2022-06-14,325.6836464489394,330.0888020791164,321.8229648886487,323.15936279296875,1117224.0,0,1
2022-06-15,328.4553542844665,328.4553542844665,320.0410365806335,322.2188720703125,1762878.0,0,1
2022-06-16,324.5452310345552,326.0795947283321,315.14099239667394,318.5067138671875,1456444.0,0,1
2022-06-17,317.2692878911285,317.76424777863417,308.8549698035323,310.9338073730469,1353964.0,0,1
2022-06-20,310.83482807675057,314.6955093898528,306.33070491312395,312.9136657714844,1642311.0,0,1
2022-06-21,313.8046092810998,323.2088483605018,310.33988962026746,321.7239685058594,1465141.0,0,1
2022-06-22,313.9036273219575,320.83306708531217,308.3600694692818,310.8348693847656,2795435.0,0,1
2022-06-23,312.3196999682445,325.38665354059685,309.39942444557363,323.3572998046875,3009496.0,0,1
2022-06-24,323.7038113042071,336.5727701633958,322.61489335874563,323.6543273925781,4598920.0,0,1
2022-06-27,326.67353546629846,328.900855026296,316.1803794972082,316.724853515625,2463482.0,0,1
2022-06-28,315.388479390425,316.03192126957754,311.3298018458329,312.76519775390625,2250561.0,0,1
2022-06-29,311.72575582016725,311.97323578353826,304.94479878180954,307.0731506347656,2928101.0,0,1
2022-06-30,308.26297496748737,310.3451690544231,304.39606038245336,305.7841796875,2216979.0,0,1
2022-07-01,306.1312017147833,309.3536354170442,302.41300898140537,308.9074401855469,1136834.0,0,1
2022-07-04,309.3536206122769,311.73325779601026,306.4782244211521,308.6595458984375,876910.0,0,1
2022-07-05,309.3536315384072,314.01377847597115,308.9570303702321,310.8904724121094,1233143.0,0,1
2022-07-06,314.1128949496628,318.7730417221877,311.3366566120278,318.2772827148437,1838655.0,0,1
2022-07-07,319.2688060305926,321.35099994775527,315.7984929215644,318.67388916015625,841241.0,0,1
2022-07-08,320.3594852864618,321.7971682915162,316.98832999683333,320.06201171875,628813.0,0,1
2022-07-11,319.7645509420412,327.1017779971828,316.54211748293534,326.1102600097656,1048019.0,0,1
2022-07-12,325.4162519504841,329.0848507587856,321.15270597275287,321.69805908203125,1244564.0,0,1
2022-07-13,323.2348817673377,328.6882309996088,321.00396617231775,326.30859375,1056581.0,0,1
2022-07-14,328.1924786627508,332.75346780165285,325.0196087594981,329.0848388671875,1831364.0,0,1
2022-07-15,330.17548323860547,331.61319639523737,327.2504931304484,329.58056640625,740797.0,0,1
2022-07-18,330.0267891567306,332.3568626271237,326.4573181232273,329.63018798828125,693547.0,0,1
2022-07-19,329.48143635235857,338.75213618400875,324.8708834654355,326.2590026855469,3775546.0,0,1
2022-07-20,328.1924499106421,328.9360883923128,321.7475830694966,323.284423828125,1825208.0,0,1
2022-07-21,324.2263898351406,330.9687002114014,322.193790014589,328.3907775878906,1968504.0,0,1
2022-07-22,327.4488393816619,329.0352743297309,323.3340454835702,324.771728515625,2378460.0,0,1
2022-07-25,324.2263719719754,324.7716947448902,317.9798209457308,320.0124206542969,781225.0,0,1
2022-07-26,321.54930093695424,321.6980528557982,313.36927678467646,315.5506286621094,1097083.0,0,1
2022-07-27,315.5506157839601,321.54928781398905,313.9146170720185,320.5577697753906,1004738.0,0,1
2022-07-28,313.3197362724124,313.3197362724124,302.4626003961886,304.148193359375,8467901.0,0,1
2022-07-29,306.2799228995203,306.9739976455046,302.6113242301558,304.5943603515625,4759094.0,0,1
2022-08-01,307.32103111420514,307.91591773608565,304.3960407687982,306.577392578125,1775428.0,0,1
2022-08-02,306.62695873848907,309.45279124910223,304.89180214093903,308.4612731933594,1840725.0,0,1
2022-08-03,309.0066135514836,309.304087140321,303.4045422704584,305.7841796875,1605452.0,0,1
2022-08-04,306.775710878084,311.9811811879793,305.73462891959804,311.3367004394531,2363017.0,0,1
2022-08-05,312.3282015161578,313.6667570029732,309.10576769099106,310.6426086425781,1413210.0,0,1
2022-08-08,310.0972608650648,312.8239354210326,308.362104329449,311.0392150878906,1005221.0,0,1
2022-08-09,310.0972608650648,312.8239354210326,308.362104329449,311.0392150878906,1005221.0,0,1
2022-08-10,312.3281922242246,314.1129126477281,309.89896084787745,310.7913513183594,941323.0,0,1
2022-08-11,313.2205600413544,313.7163190886685,311.33668171330663,313.07183837890625,1098580.0,0,1
2022-08-12,311.3366662210567,312.92310114526657,307.9159168613145,308.5108337402344,1477133.0,0,1
2022-08-15,311.3366662210567,312.92310114526657,307.9159168613145,308.5108337402344,1477133.0,0,1
2022-08-16,310.2955907233974,315.74894008402845,308.60999790843766,314.65826416015625,1424508.0,0,1
2022-08-17,316.2942840335876,316.7900430994709,313.468451306306,314.8070068359375,1205595.0,0,1
2022-08-18,315.20355153250256,315.64974671530405,310.34511960953,312.3281555175781,1262974.0,0,1
2022-08-19,312.3281901912154,313.27014445560155,304.9909625686281,305.5362854003906,2301259.0,0,1
2022-08-22,305.5362691195124,305.6354269723845,300.4299574132441,302.90875244140625,1994185.0,0,1
2022-08-23,302.7104674902454,306.32953280603215,301.322348185191,304.34649658203125,1233007.0,0,1
2022-08-24,304.0489712313586,307.2218407530977,302.9087316484208,304.1976928710937,1296571.0,0,1
2022-08-25,304.3960275572237,306.2799057151156,303.4045095521513,303.9002685546875,1189693.0,0,1
2022-08-26,304.3960728975652,306.18079346904153,302.958359472569,304.148193359375,1074937.0,0,1
2022-08-29,301.42150979458404,301.91726885674615,296.0177239135239,300.9257507324219,1948405.0,0,1
2022-08-30,303.9002983612779,307.8663707705605,302.7104645350007,307.2714538574219,1608532.0,0,1
2022-08-31,303.9002983612779,307.8663707705605,302.7104645350007,307.2714538574219,1608532.0,0,1
2022-09-01,298.4469227384183,302.3138369480674,295.02617348061614,299.0418395996094,3239075.0,0,1
2022-09-02,299.934211443245,301.86768375273465,291.6054658383851,293.0927429199219,2893357.0,0,1
2022-09-05,293.09273592635066,293.29102137725306,288.1847095708993,290.31646728515625,3619567.0,0,1
2022-09-06,293.4893317370399,293.4893317370399,287.7385393673055,289.9198608398437,2326067.0,0,1
2022-09-07,290.2173283441538,300.62826725951754,289.2258103522144,299.6367492675781,2690548.0,0,1
2022-09-08,302.115579036102,302.2147066397282,296.3151920635951,297.6537475585937,1457902.0,0,1
2022-09-09,298.99224135027754,302.16511105964526,297.70328005138145,299.587158203125,1116425.0,0,1
2022-09-12,300.42998842031034,303.00794156741244,299.9837931656985,300.9753112792969,1445662.0,0,1
2022-09-13,301.61980119423185,302.4130035262187,299.7854867604417,300.8265686035156,1230351.0,0,1
2022-09-14,298.4469669976262,304.74311338304364,297.50501263948934,302.6609191894531,2500445.0,0,1
2022-09-15,302.9583623140028,304.5447974250457,294.530457936491,296.9101257324219,2340192.0,0,1
2022-09-16,297.8520166900057,298.2982119167791,287.54023500368834,288.7796325683594,2749903.0,0,1
2022-09-19,290.2668966885271,290.4652123935135,283.6733079905589,287.54022216796875,1319012.0,0,1
2022-09-20,289.47370530609066,298.5460893649931,287.83767632505584,296.0177001953125,2482788.0,0,1
2022-09-21,294.9270541576311,295.91857220118175,286.5487145861364,286.895751953125,1423489.0,0,1
2022-09-22,287.5402536869872,288.03601274506826,283.07842216425814,287.04449462890625,1145495.0,0,1
2022-09-23,287.0444874906958,290.1677634271904,280.55005609483044,281.392822265625,1747197.0,0,1
2022-09-26,281.3928223401038,281.3928223401038,273.0145126199076,273.70855712890625,1352658.0,0,1
2022-09-27,275.0966926373287,278.7652912345698,271.1801842710558,277.7737731933594,1411277.0,0,1
2022-09-28,277.4267644429334,284.61527098318214,275.1462848164164,281.6407165527344,1977859.0,0,1
2022-09-29,283.07840623667147,286.25127613335906,281.83900866120445,284.4169616699219,1541227.0,0,1
2022-09-30,284.4169478328729,289.8702968996193,283.42542982073724,288.482177734375,1858560.0,0,1
2022-10-03,288.48218828976,293.7867856417953,283.57416184661525,289.275390625,1655669.0,0,1
2022-10-04,290.5147871497225,296.61261707398614,290.5147871497225,296.0177001953125,2244077.0,0,1
2022-10-05,290.5147871497225,296.61261707398614,290.5147871497225,296.0177001953125,2244077.0,0,1
2022-10-06,295.9681417772003,296.2160212929266,288.03599727395874,288.7300720214844,2959566.0,0,1
2022-10-07,287.54021420458633,287.54021420458633,279.4097546649657,280.45086669921875,4811153.0,0,1
2022-10-10,277.129313234563,277.7737939577808,273.75815769418944,275.047119140625,1970884.0,0,1
2022-10-11,273.65896438953484,274.5017607301612,265.77638429004094,266.470458984375,2615823.0,0,1
2022-10-12,267.21411848419217,267.21411848419217,260.0256125138381,265.1815185546875,4144672.0,0,1
2022-10-13,266.22261346776577,266.5200567983153,259.03410714507936,260.1743469238281,4126270.0,0,1
2022-10-14,262.85146630566487,263.79339038822707,258.4887925191721,259.08367919921875,2411572.0,0,1
2022-10-17,259.6785975625437,263.3472268228633,256.0595623649883,261.4633483886719,2632881.0,0,1
2022-10-18,262.80183082431154,265.33021985095314,262.2069442380219,264.5369873046875,1152193.0,0,1
2022-10-19,265.52853646154773,271.37851748904706,262.75229787055883,267.4124450683594,2359801.0,0,1
2022-10-20,265.92514485016835,270.48610353145807,265.0823484821114,268.25518798828125,2421174.0,0,1
2022-10-21,269.197160990904,269.34588265241246,264.23957054908254,266.5200500488281,1080940.0,0,1
2022-10-24,268.20565271177657,270.2382527637705,266.024300734103,267.8090515136719,309236.0,0,1
2022-10-25,268.1064667265746,271.47762194497045,264.88403315952746,269.6929016113281,1941410.0,0,1
2022-10-26,268.1064667265746,271.47762194497045,264.88403315952746,269.6929016113281,1941410.0,0,1
2022-10-27,271.6759447468891,274.8488145992497,269.0979917741874,273.9068603515625,1528784.0,0,1
2022-10-28,275.2949650466756,275.2949650466756,269.395451136234,270.2878112792969,634150.0,0,1
2022-10-31,271.6759511650907,274.20431013995983,266.9166765328439,267.5611572265625,1369705.0,0,1
2022-11-01,268.65183517604675,272.6674712860399,267.3132797198056,268.00732421875,2436287.0,0,1
2022-11-02,269.3954374681497,270.1886397197999,265.6276511259956,266.1730041503906,3665906.0,0,1
2022-11-03,265.5285142776594,278.86444378154846,264.9336276712417,277.3771667480469,5298720.0,0,1
2022-11-04,278.41824418001124,279.40976218671886,270.8331374804435,271.6759338378906,2172686.0,0,1
2022-11-07,273.06405074076696,276.3856420875558,270.7339773924985,276.0386047363281,2212874.0,0,1
2022-11-08,273.06405074076696,276.3856420875558,270.7339773924985,276.0386047363281,2212874.0,0,1
2022-11-09,276.68309623193846,280.59960458314544,274.7496542142532,276.83184814453125,2106632.0,0,1
2022-11-10,275.59247528468103,280.5996297185691,269.6929303302148,273.5598449707031,1807736.0,0,1
2022-11-11,276.13777875455264,281.98772923656566,275.6915835256046,278.6661376953125,1949030.0,0,1
2022-11-14,278.61659752905786,285.35890878214,276.3361179090033,283.5741882324219,2662219.0,0,1
2022-11-15,283.5741404036491,284.51609458190734,275.64199661613446,281.4423828125,4141668.0,0,1
2022-11-16,281.9877014160156,285.0614131398779,278.1207874286461,281.9877014160156,2687912.0,0,1
2022-11-17,281.591100760532,284.0203318670625,279.8559443297893,283.4254150390625,1319951.0,0,1
2022-11-18,284.86309515620934,287.2923262391161,280.5995800713369,284.9126892089844,1722626.0,0,1
2022-11-21,292.4978559117074,292.4978559117074,280.64920184840105,283.02886962890625,1901674.0,0,1
2022-11-22,282.13643961720464,282.5826348283197,277.6250447436124,279.806396484375,1458767.0,0,1
2022-11-23,280.599605662555,280.7979213742888,277.22845037418534,277.7737731933594,1410001.0,0,1
2022-11-24,279.26104290113835,281.69027414162446,271.7254999346335,272.12213134765625,2395644.0,0,1
2022-11-25,273.65897560226927,280.3517222881943,272.766615429225,279.7568054199219,1972475.0,0,1
2022-11-28,279.7568043383821,282.1860355999662,277.9224899427706,278.8148803710937,2087670.0,0,1
2022-11-29,280.1038154760791,281.0953334069678,279.4593348727466,279.70721435546875,764612.0,0,1
2022-11-30,282.48346645476016,284.5656602645389,278.1207933944361,280.45086669921875,6560699.0,0,1
2022-12-01,282.38432168561945,284.0699144332173,280.5996013424101,283.1279602050781,1127965.0,0,1
2022-12-02,283.07840025890704,283.12796405738715,279.6080871208819,281.1449279785156,987241.0,0,1
2022-12-05,281.78945336046047,282.8800990527815,276.5343893267493,277.0797424316406,1492167.0,0,1
2022-12-06,277.03011324666926,278.0216312112305,269.94076585180164,271.37847900390625,2383617.0,0,1
2022-12-07,271.77507322915204,274.3034318710187,270.43651795927656,273.4110717773437,1244697.0,0,1
2022-12-08,273.6589637512512,275.6419997204632,270.68440979743326,273.2127685546875,1261574.0,0,1
2022-12-09,273.85727343753433,274.9975130430451,268.3047667939329,269.9407653808594,865434.0,0,1
2022-12-12,270.585282841592,271.87427452398833,267.61072854815114,268.4039611816406,975963.0,0,1
2022-12-13,269.69290692827,269.69290692827,263.34719752288004,263.84295654296875,2463416.0,0,1
2022-12-14,265.1319168062958,271.6759418964226,264.7353156435943,269.1475830078125,4452626.0,0,1
2022-12-15,270.13911229215245,271.4776374896632,266.71836282161723,268.00732421875,1793894.0,0,1
2022-12-16,268.10647201224015,268.10647201224015,262.7522806470277,263.84295654296875,1190382.0,0,1
2022-12-19,265.18152086918974,265.18152086918974,259.2819762281919,260.8188171386719,1324054.0,0,1
2022-12-20,261.3641722061957,261.66161552700675,256.90234084164706,259.8273010253906,1660191.0,0,1
2022-12-21,260.7692587627193,270.2878385183518,260.47181543796523,268.89971923828125,4912220.0,0,1
2022-12-22,271.6759328515936,273.06405200419914,262.80183462028566,267.3628234863281,2390292.0,0,1
2022-12-23,269.3954647041655,274.6504982347686,263.8429576050741,264.7848815917969,6383847.0,0,1
2022-12-26,266.619221517547,268.0073408603599,261.16587175320666,262.9506225585937,2370002.0,0,1
2022-12-27,264.190007414318,264.190007414318,261.6120543263244,263.1488952636719,1313840.0,0,1
2022-12-28,263.099310035759,264.78487249771746,260.7692366602431,261.5624389648437,1368720.0,0,1
2022-12-29,261.76076043068167,264.5865928734405,257.9930040128225,258.587890625,2886509.0,0,1
2022-12-30,259.28199092316225,261.06671145317495,258.934953526012,259.6290283203125,1010982.0,0,1
2023-01-02,259.62899173849127,261.9590650667839,256.2082425694311,261.16583251953125,1918322.0,0,1
2023-01-03,261.7111855692789,263.69422154931897,260.47178808175386,261.16583251953125,1276723.0,0,1
2023-01-04,261.76075740216504,262.2565164123964,258.0921286229614,258.6374816894531,1149776.0,0,1
2023-01-05,259.777762608908,259.9264842838457,257.24940335876505,257.9930419921875,1262638.0,0,1
2023-01-06,258.58789636449,259.23240730653583,252.3909236567196,254.1756591796875,2352217.0,0,1
2023-01-09,255.315916219024,256.8031934008824,252.9362787797969,254.6218414306641,1334267.0,0,1
2023-01-10,254.82014892673143,257.6955453336916,254.4731115437621,255.71250915527344,1043545.0,0,1
2023-01-11,255.81167057442505,256.5057453500186,248.87104385341348,249.4163818359375,2705579.0,0,1
2023-01-12,249.7633912410901,250.65576656548768,246.243514260066,248.17697143554688,1776838.0,0,1
2023-01-13,248.17695291354008,250.8540484282055,244.1613020768601,249.912109375,2003170.0,0,1
2023-01-16,250.85407296960773,251.84559104458643,246.88800066969296,248.32569885253903,1312173.0,0,1
2023-01-17,248.32569190226116,249.366788877723,245.4502956170472,247.2350311279297,918909.0,0,1
2023-01-18,247.8299291386773,248.4248460097819,245.89647200163407,247.532470703125,734471.0,0,1
2023-01-19,247.58206275334683,248.82146035937015,245.6486055138235,247.0863037109375,844207.0,0,1
2023-01-20,247.0367022626843,248.2760997557328,242.37657071469465,242.8723297119141,1225843.0,0,1
2023-01-23,243.1202240637332,247.4829125834168,243.1202240637332,246.24351501464844,1263514.0,0,1
2023-01-24,247.63161989081613,248.2761005374851,243.41766840118265,244.0621490478516,859906.0,0,1
2023-01-25,243.863850929738,244.11173043162407,232.31267219358824,233.2050323486328,3603904.0,0,1
2023-01-26,243.863850929738,244.11173043162407,232.31267219358824,233.2050323486328,3603904.0,0,1
2023-01-27,234.9897641710415,237.9643181478901,230.67665485286545,233.5024871826172,6734102.0,0,1
2023-01-30,233.50249412083983,233.9982531317121,227.7021076418885,231.46987915039065,1975246.0,0,1
2023-01-31,233.00674126216052,233.99825931008465,230.4783672140812,233.0563201904297,1215429.0,0,1
2023-02-01,234.98975935991768,241.8808062393252,234.34527872987428,237.66685485839844,3814127.0,0,1
2023-02-02,236.47706455721004,239.64991942057412,234.79148682942585,237.220703125,1593164.0,0,1
2023-02-03,237.9147435715971,237.96432249799037,228.2970218965095,231.2715759277344,1479173.0,0,1
2023-02-06,231.0237086953194,242.77320379444535,229.78431111648183,239.00543212890625,3621954.0,0,1
2023-02-07,240.19524487035133,240.19524487035133,234.64273780199468,235.73341369628903,907564.0,0,1
2023-02-08,236.4770492753232,243.3680965323161,233.6016530507652,242.0295562744141,2197586.0,0,1
2023-02-09,239.60032367679403,242.8723361713372,238.90626408810047,241.0876007080078,1746290.0,0,1
2023-02-10,240.3439668746865,242.42616081069596,237.5181495379474,240.29440307617188,2898885.0,0,1
2023-02-13,240.8893076626553,242.7732010387233,235.03935720869097,235.683837890625,1676915.0,0,1
2023-02-14,236.1795868513834,236.62576692981267,231.66817688201127,232.9571533203125,3846790.0,0,1
2023-02-15,231.71775601241205,237.4189845724041,228.64405925768705,236.0804443359375,5789278.0,0,1
2023-02-16,236.8736677970965,243.4176933021803,235.18809005468563,240.7901763916016,4463420.0,0,1
2023-02-17,240.6414195854868,240.6414195854868,230.0321798345094,230.52793884277344,4081551.0,0,1
2023-02-20,230.52795126059917,231.71776991865175,224.5788428409708,225.76866149902344,5289644.0,0,1
2023-02-21,226.06612406326212,227.20636381271228,223.7856294349965,225.22332763671875,2613050.0,0,1
2023-02-22,225.37206813425067,226.0661277813906,219.571681172324,220.36489868164065,2512629.0,0,1
2023-02-23,221.50512750427325,222.05046546056613,217.1424541126598,218.13397216796875,4162618.0,0,1
2023-02-24,218.9272045242148,226.1652898460023,215.5064700266764,224.38055419921875,4747013.0,0,1
2023-02-27,224.38052964149347,228.44574442213408,220.61275816162436,227.6525421142578,3574047.0,0,1
2023-02-28,223.09155093892,230.08175589421228,221.4059733576987,227.2063446044922,51617861.0,0,1
2023-03-01,228.84237773552616,230.72625605097383,224.925884313812,225.22332763671875,3583078.0,0,1
2023-03-02,223.1907288240585,225.2233288115624,219.47253597467528,221.6042938232422,5807866.0,0,1
2023-03-03,221.65386573195207,224.2813825438657,220.9102271856333,223.63690185546875,3976008.0,0,1
2023-03-06,224.0830893656886,227.6525605577732,223.3890297253848,224.4796905517578,4048944.0,0,1
2023-03-07,224.0830893656886,227.6525605577732,223.3890297253848,224.4796905517578,4048944.0,0,1
2023-03-08,226.0165399406512,226.0165399406512,220.11701047847492,221.7034454345703,4032570.0,0,1
2023-03-09,221.6042870890812,224.3805406914617,221.4059865023465,221.95132446289065,3943009.0,0,1
2023-03-10,221.70343594110503,222.79409668852352,218.53056616477835,221.85215759277344,3829349.0,0,1
2023-03-13,221.3564157176933,221.8025958366039,214.81239020911943,216.29966735839844,2406396.0,0,1
2023-03-14,216.2996589624924,218.48101080025583,214.3166228404274,215.95263671875,1694587.0,0,1
2023-03-15,216.8945721987277,222.3975003706712,216.74585054382305,219.3733673095703,2460149.0,0,1
2023-03-16,220.1169986275688,223.7360333190241,219.12548061573287,219.96827697753903,2654387.0,0,1
2023-03-17,221.10852724930805,221.50512842132764,198.30361188278744,200.5841064453125,43622635.0,1,0
2023-03-20,204.25272442180724,208.16921781081837,197.1137972737142,200.0387725830078,12777914.0,1,0
2023-03-21,201.87308224932565,201.87308224932565,189.92528664889065,199.394287109375,12170982.0,0,1
2023-03-22,199.44383981710385,202.46797274553688,198.30360016788413,201.9722137451172,4977834.0,0,1
2023-03-23,201.97223466890864,206.03746494524304,199.34471774622597,205.24424743652344,6145350.0,0,1
2023-03-24,205.244251901954,205.244251901954,194.98203325510988,197.0146484375,6907260.0,0,1
2023-03-27,197.3616733416535,206.13659911605487,197.16337275505143,204.89720153808597,11575501.0,0,1
2023-03-28,204.89718804532595,205.04592482250663,197.559960918662,200.7823944091797,4260256.0,0,1
2023-03-29,200.28666162379847,202.26969787749948,197.95658797395348,199.8900604248047,11020214.0,0,1
2023-03-30,200.28666162379847,202.26969787749948,197.95658797395348,199.8900604248047,11020214.0,0,1
2023-03-31,200.8815691610162,206.4340613341962,200.5841107109932,204.59976196289065,3884594.0,0,1
2023-04-03,207.326430789657,210.10266923263168,205.2442368280612,207.5743103027344,3426689.0,0,1
2023-04-04,207.326430789657,210.10266923263168,205.2442368280612,207.5743103027344,3426689.0,0,1
2023-04-05,206.0374542408316,213.5234185596446,204.89719940336093,210.6975860595703,7498043.0,0,1
2023-04-06,210.846313465454,216.59712135001385,209.805231585908,213.9696044921875,5396768.0,0,1
2023-04-07,210.846313465454,216.59712135001385,209.805231585908,213.9696044921875,5396768.0,0,1
2023-04-10,215.15941143699695,215.65517044952463,211.39163991591403,213.6721343994141,2349024.0,0,1
2023-04-11,213.5729908083341,216.3988234202067,211.49081189428128,214.16790771484372,3201574.0,0,1
2023-04-12,215.50645436569232,225.0745975029484,214.41577845820524,221.7530059814453,12681754.0,0,1
2023-04-13,222.5462257348941,222.89326310794223,218.4810107629736,222.1992034912109,3557030.0,0,1
2023-04-14,222.5462257348941,222.89326310794223,218.4810107629736,222.1992034912109,3557030.0,0,1
2023-04-17,222.248776668886,222.74453572023697,220.36489832549864,222.05047607421875,3100051.0,0,1
2023-04-18,222.0504663938973,232.3126843612254,220.56318930468248,230.13134765625,12504374.0,0,1
2023-04-19,230.62709334306305,231.221995066712,224.87628590493895,227.4542236328125,4306899.0,0,1
2023-04-20,227.1567893381127,228.84236698263183,221.70344011037363,227.5533905029297,6045806.0,0,1
2023-04-21,227.55338569083676,228.99108379460097,225.2728912179533,226.90890502929688,2460397.0,0,1
2023-04-24,226.90890801870623,227.94998985039183,223.2898581188048,223.7360382080078,2793727.0,0,1
2023-04-25,228.7431972306388,231.9160517722599,224.18222355498463,228.9414978027344,8767164.0,0,1
2023-04-26,229.78431586248288,232.1639532112544,227.65255803459863,228.8423767089844,3597575.0,0,1
2023-04-27,229.0406791002928,231.42031646777045,227.7517025556735,230.97413635253903,2489889.0,0,1
2023-04-28,231.81692749312936,232.0152280810008,227.4542389131325,230.57752990722656,3853989.0,0,1
2023-05-01,231.81692749312936,232.0152280810008,227.4542389131325,230.57752990722656,3853989.0,0,1
2023-05-02,231.96564588145336,237.8651752813064,230.5775266565579,236.8736572265625,5099831.0,0,1
2023-05-03,237.31984764277928,238.11304996699948,235.2376537182899,236.2291717529297,3025688.0,0,1
2023-05-04,237.1711197884871,240.1952529338576,236.0804589869431,239.4516143798828,3603842.0,0,1
2023-05-05,239.89780102489075,243.4176933021803,237.71646423298463,240.7901763916016,5343250.0,0,1
2023-05-08,240.9388830229266,242.92191909718937,239.74906440424184,242.2278594970703,1822973.0,0,1
2023-05-09,242.82276052007367,245.35113453311743,242.2774377047637,244.16131591796875,3022793.0,0,1
2023-05-10,245.599010422718,247.0862874520797,241.78167512497495,244.45877075195312,2318845.0,0,1
2023-05-11,245.35112873789063,245.797308816862,238.5096605153588,244.01258850097656,2268718.0,0,1
2023-05-12,244.70666535790653,245.15284546837637,241.78169004553203,243.0210876464844,1502958.0,0,1
2023-05-15,243.0210759934941,247.4333282154416,240.98846099952416,245.84689331054688,2300820.0,0,1
2023-05-16,245.946051405374,247.38374952906884,243.51683524749456,244.16131591796875,1319381.0,0,1
2023-05-17,240.98846575243363,245.74775543161863,240.98846575243363,243.36810302734372,1990771.0,0,1
2023-05-18,244.40921005053863,246.39224623756127,242.3270160024187,242.9715118408203,1911242.0,0,1
2023-05-19,242.9219116715882,244.5579103311002,238.50965956709956,239.6994781494141,2389591.0,0,1
2023-05-22,239.45160415914805,241.43464021843707,237.3694102451488,238.41050720214844,1895656.0,0,1
2023-05-23,238.46010105395607,242.3270155598416,238.013920938564,240.0960998535156,2133409.0,0,1
2023-05-24,257.79469556769226,258.3896124553637,240.44312951986683,240.9388885498047,17725181.0,1,0
2023-05-25,241.3850687321036,247.0862975783076,236.82409473275936,237.81561279296875,6697848.0,1,0
2023-05-26,238.4600880542702,239.7490645290851,234.692316485336,237.4189910888672,3430449.0,0,1
2023-05-29,238.2617764974424,242.32699118692116,236.4770410860148,239.99693298339844,2492152.0,0,1
2023-05-30,240.19524340942164,240.8893030064036,237.02238873081507,239.60032653808597,1529554.0,0,1
2023-05-31,238.50968606559823,244.3100579723163,238.50968606559823,243.1202392578125,2814189.0,0,1
2023-06-01,244.9049532342692,245.8468923362204,242.92191717569213,243.2193756103516,2522264.0,0,1
2023-06-02,239.9473605121212,239.9473605121212,232.01521636296013,238.2122039794922,7195827.0,0,1
2023-06-05,240.64142398066735,242.3270016136784,238.4600873303376,239.3524475097656,2965611.0,0,1
2023-06-06,239.94736379422716,241.93039985864223,237.81560607672668,241.28591918945312,2307032.0,0,1
2023-06-07,242.37658837912716,245.05368413334617,240.889311279076,241.6329498291016,2294336.0,0,1
2023-06-08,240.93890369565904,242.475759810949,238.8567095872836,239.50120544433597,1798133.0,0,1
2023-06-09,241.9304042281591,242.4261632532168,238.0634898844549,239.0550079345703,2166494.0,0,1
2023-06-12,239.4516130154213,240.09609370678092,236.62578047467335,237.0719757080078,3072631.0,0,1
2023-06-13,236.87365674170425,238.4105127492844,235.6342591758113,237.1215362548828,3405151.0,0,1
2023-06-14,237.86517756818824,238.46009445850007,236.2787577429648,237.31985473632807,1976055.0,0,1
2023-06-15,236.9728153549915,242.6740441762936,236.9728153549915,241.4346466064453,3481429.0,0,1
2023-06-16,241.9304089542489,245.8469023028402,241.4346499195066,242.82276916503903,3714937.0,0,1
2023-06-19,243.41767402092296,245.3015522080357,241.38505905312385,242.773193359375,2326163.0,0,1
2023-06-20,243.76471716550049,244.16131833134864,242.3270038982302,242.9219207763672,1272664.0,0,1
2023-06-21,242.92192978666208,244.5579285681731,242.17829122609064,243.0210876464844,1728130.0,0,1
2023-06-22,243.41767923106684,243.81428039599075,236.477052939346,236.92323303222656,2270480.0,0,1
2023-06-23,237.2702774483417,237.2702774483417,232.8084461282368,234.890625,1917570.0,0,1
2023-06-26,235.93172820983827,238.8567035707916,234.09742880758336,237.91476440429688,2646456.0,0,1
2023-06-27,238.11304570551695,243.31851529421417,238.11304570551695,241.58335876464844,2772073.0,0,1
2023-06-28,242.9219207763672,243.71513823742825,241.48422263846163,242.9219207763672,2727619.0,0,1
2023-06-29,242.9219207763672,243.71513823742825,241.48422263846163,242.9219207763672,2727619.0,0,1
2023-06-30,244.5083331091473,265.52849554440985,243.9134162859728,263.2480163574219,18396181.0,1,0
2023-07-03,265.77637877422023,267.9577304036613,260.37262401289786,261.2649841308594,5176929.0,1,0
2023-07-04,264.7353266293458,268.205639899768,257.5963843695567,260.32305908203125,6335870.0,0,1
2023-07-05,260.8684002455292,262.30608323655173,254.2748113851174,255.4646148681641,3783626.0,0,1
2023-07-06,257.2989196777344,262.2565096522572,255.4646053354153,257.2989196777344,3801171.0,0,1
2023-07-07,257.7477207477502,259.24364476733166,252.31251796940995,253.2599334716797,2992725.0,0,1
2023-07-10,254.3070919102117,255.6534296601964,250.8664695925389,254.0079040527344,3929446.0,0,1
2023-07-11,255.30435864133383,255.70326561478072,251.86373653904664,253.50924682617188,2604446.0,0,1
2023-07-12,254.30708374063676,261.6371175353855,253.6089889071669,258.44580078125,4526585.0,0,1
2023-07-13,259.6924015927949,260.9390049322713,255.30436392476832,256.45123291015625,2780982.0,0,1
2023-07-14,257.3488010741652,262.68426986552134,255.4539699389637,261.487548828125,2624910.0,0,1
2023-07-17,262.28535353506226,267.27176710036764,261.88644653676846,263.8810119628906,6311920.0,0,1
2023-07-18,264.52922625727314,268.9671462797478,264.2799055916207,265.3769226074219,3653085.0,0,1
2023-07-19,265.82569153201166,267.47123233486303,264.529236195771,266.07501220703125,3708586.0,0,1
2023-07-20,266.5238024787724,268.019726533845,264.1801820388947,265.5265197753906,3529099.0,0,1
2023-07-21,265.2771747487662,266.523778013563,262.0360062602944,263.2327575683594,2515077.0,0,1
2023-07-24,259.2935052233373,259.69241222136566,247.8247540307666,248.8220367431641,8242031.0,1,0
2023-07-25,251.06591182133863,251.06591182133863,242.73859545155557,245.0323486328125,4702511.0,0,1
2023-07-26,246.3288162953715,249.52011775451845,244.3342509812389,248.77215576171875,2240553.0,0,1
2023-07-27,251.3152334666169,257.2989295015363,249.91904381206604,255.4040985107422,4530779.0,0,1
2023-07-28,256.25180636378985,260.490257911979,253.8084515327372,256.0523376464844,3317740.0,0,1
2023-07-31,257.29891545681465,258.49566677233435,255.3043502207153,256.4013671875,3156485.0,0,1
2023-08-01,258.19647125045765,259.79212957276764,253.9580200002301,255.1049041748047,3486144.0,0,1
2023-08-02,256.0024902687973,256.0024902687973,249.9689114607734,252.26266479492188,1574491.0,0,1
2023-08-03,252.2626636875014,256.1520754676337,251.41498249680117,253.8583221435547,2844993.0,0,1
2023-08-04,255.2046280833806,257.49839647544053,252.3623816163342,252.86102294921875,1988139.0,0,1
2023-08-07,255.20464229837532,263.5818110705169,252.61171635334424,260.689697265625,6179897.0,0,1
2023-08-08,263.4820840487636,273.2554416870685,262.98344273181635,272.4077453613281,13421010.0,0,1
2023-08-09,273.9535817305504,275.7486784944465,264.0306062618615,269.3161926269531,10018397.0,0,1
2023-08-10,268.2690520345733,268.2690520345733,259.84200086557394,260.689697265625,6839209.0,0,1
2023-08-11,256.2518072553618,264.52924166323413,249.02149231302687,255.50384521484372,20590950.0,0,1
2023-08-14,257.4485138944715,262.98345094626296,252.6117020993981,253.90817260742188,6885295.0,0,1
2023-08-15,257.4485138944715,262.98345094626296,252.6117020993981,253.90817260742188,6885295.0,0,1
2023-08-16,253.3097985816061,257.2989292679306,250.9661782164601,256.45123291015625,3619987.0,0,1
2023-08-17,256.45124049378273,257.2989368766247,254.40682313044587,255.15478515625,1982358.0,0,1
2023-08-18,254.55638668937243,260.19102735971944,254.55638668937243,257.4983825683594,4142938.0,0,1
2023-08-21,257.2491014867936,259.2935189818268,256.55099137721135,258.7450256347656,1392931.0,0,1
2023-08-22,258.9943454117299,261.4875523162146,258.04691461416394,259.29351806640625,1855647.0,0,1
2023-08-23,259.3433445474907,261.23820595643315,259.0940238815406,259.6425476074219,1152160.0,0,1
2023-08-24,259.69241041791287,263.2826342445417,259.193769065177,259.7921447753906,2373743.0,0,1
2023-08-25,259.09401589203617,259.7921259090301,253.4095231444524,254.7059783935547,1994407.0,0,1
2023-08-28,255.2544926573607,259.7921317838059,253.16020821099605,259.1937561035156,1511554.0,0,1
2023-08-29,259.44308346258583,260.44036614392166,256.85014240418224,258.44580078125,1535249.0,0,1
2023-08-30,259.29351806640625,261.288083589994,258.5954079592887,259.29351806640625,1662468.0,0,1
2023-08-31,259.5926639370363,261.0387359662976,256.25179137745243,258.645263671875,1952045.0,0,1
2023-09-01,259.14390831646887,262.6343976672612,258.0967432504401,260.09130859375,2015580.0,0,1
2023-09-04,261.73684856543247,264.2300552370992,259.99160389526577,260.63983154296875,2135956.0,0,1
2023-09-05,261.2880887872982,268.56824091934175,260.7894473964828,266.3742370605469,5013357.0,0,1
2023-09-06,267.2218966592739,272.756803160144,264.9281283170634,268.6679382324219,3864756.0,0,1
2023-09-07,271.01158099867973,271.01158099867973,265.4766740389895,266.87286376953125,2855904.0,0,1
2023-09-08,267.3215966776123,268.5183480069352,265.1774451110051,265.67608642578125,1573069.0,0,1
2023-09-11,267.62081240685154,277.2944361110435,266.124888391648,275.64892578125,4969656.0,0,1
2023-09-12,276.5464970283358,276.5464970283358,264.8284246045139,266.5736694335937,5319049.0,0,1
2023-09-13,266.5736720971522,271.21106132276685,265.1276303422587,270.1140441894531,2367997.0,0,1
2023-09-14,271.9091427318462,274.65167036526503,270.76227362662024,274.2029113769531,2486100.0,0,1
2023-09-15,274.2527411236027,279.13942024214725,272.50749640736154,275.9979858398437,6956452.0,0,1
2023-09-18,277.0451176029162,277.64349330059565,271.26089020620367,272.4576416015625,2554179.0,0,1
2023-09-19,277.0451176029162,277.64349330059565,271.26089020620367,272.4576416015625,2554179.0,0,1
2023-09-20,273.2056036149987,274.90096591799613,267.7704008101679,272.4576416015625,3260778.0,0,1
2023-09-21,274.25273652380326,275.25001920207166,265.4766611289024,266.27447509765625,4855030.0,0,1
2023-09-22,266.27447637274554,268.5183624095945,260.5899529055339,263.6316833496094,3614837.0,0,1
2023-09-25,263.6317059460371,265.42680275551686,262.0858993940332,263.38238525390625,1072534.0,0,1
2023-09-26,264.13034285800654,265.2772119354583,260.19106381517844,260.93902587890625,1175241.0,0,1
2023-09-27,262.0858984832595,265.07774677843213,260.93902939037423,263.9308776855469,1584824.0,0,1
2023-09-28,264.42949894629754,269.0170054034066,263.5319506129757,266.1747436523437,4594900.0,0,1
2023-09-29,267.9698682860651,273.2554543161294,264.3796445511855,271.4603576660156,2867446.0,0,1
2023-10-02,267.9698682860651,273.2554543161294,264.3796445511855,271.4603576660156,2867446.0,0,1
2023-10-03,268.36879094797456,274.1530186559192,268.36879094797456,271.9590148925781,1984718.0,0,1
2023-10-04,271.01158541608936,271.01158541608936,261.98618876560647,264.1303405761719,2557186.0,0,1
2023-10-05,266.0749835454596,266.9226798361429,262.5346425154079,262.8836975097656,897722.0,0,1
2023-10-06,263.2826224331145,265.1276014423981,261.8864327950207,263.83111572265625,1215958.0,0,1
2023-10-09,260.49024104221087,263.13303398476427,258.94443466983535,259.7422790527344,1225855.0,0,1
2023-10-10,260.2907705209418,260.9888805467741,254.95530227965517,257.1991882324219,2682999.0,0,1
2023-10-11,258.0967512199355,259.0940339223845,256.4013888865639,256.7005615234375,1496819.0,0,1
2023-10-12,257.2989193773945,260.54008793544307,256.7005437105169,259.3932189941406,1572827.0,0,1
2023-10-13,258.74501665438856,258.7948686170621,253.30981359820345,253.8583221435547,2764245.0,0,1
2023-10-16,253.8084346649198,254.3569431664034,251.8138693630344,253.50924682617188,1514070.0,0,1
2023-10-17,254.30708604053632,256.8002927664239,253.01061549960951,254.2073516845703,2999430.0,0,1
2023-10-18,250.8165994210036,251.3152407717412,236.0568123957059,238.0015106201172,13082442.0,1,0
2023-10-19,238.3505538344223,238.84919516043573,232.76576489614155,234.7603302001953,5417771.0,0,1
2023-10-20,234.860072740059,235.9570897824632,229.8736593060875,230.3224334716797,4771316.0,0,1
2023-10-23,230.82107506332537,232.76577326120056,224.48833912576637,225.6352081298828,3841041.0,0,1
2023-10-24,230.82107506332537,232.76577326120056,224.48833912576637,225.6352081298828,3841041.0,0,1
2023-10-25,226.38316316337824,228.7766354535057,223.29158083941505,223.79022216796875,3158091.0,0,1
2023-10-26,224.0894163297414,225.4357540417445,217.4076253821052,221.4964904785156,3304417.0,0,1
2023-10-27,223.49105350791748,225.38588450309277,221.8455279641144,222.0948486328125,2766883.0,0,1
2023-10-30,222.3940446574364,223.44119454794344,219.25261020324177,221.29702758789065,2213338.0,0,1
2023-10-31,221.5962203766125,222.8428237936922,216.90899457185844,219.0531463623047,1965042.0,0,1
2023-11-01,220.3994814523381,220.99785717217105,217.70682114774323,218.1057281494141,1171523.0,0,1
2023-11-02,219.8509599151449,222.9924094325652,219.65150642610053,221.14743041992188,2216990.0,0,1
2023-11-03,223.09213965890496,227.38045836450797,222.3940448038828,223.8899688720703,3721458.0,0,1
2023-11-06,224.9869756718248,226.28343096454373,222.99241033862535,224.239013671875,3115669.0,0,1
2023-11-07,224.53818693190468,225.2861489339661,222.9924109681718,224.73765563964844,2717764.0,0,1
2023-11-08,225.58533867201143,228.7267882374369,224.837376663671,226.23358154296875,3110053.0,0,1
2023-11-09,228.32787551310767,228.8763840521228,225.2861601761392,226.43304443359372,1989025.0,0,1
2023-11-10,227.23086335175816,228.02867731707607,221.94526213623425,226.78207397460935,2629871.0,0,1
2023-11-13,229.474750882264,231.2199955732324,223.74037546908204,226.7322235107422,8590243.0,0,1
2023-11-14,229.474750882264,231.2199955732324,223.74037546908204,226.7322235107422,8590243.0,0,1
2023-11-15,230.8709504766723,231.12027115753264,227.82923512671084,228.47747802734372,3215676.0,0,1
2023-11-16,228.976113651987,233.56360493448,227.62977592214347,231.2698516845703,4508925.0,0,1
2023-11-17,231.26985730970264,232.8655157529706,230.870950307549,232.1175537109375,1783108.0,0,1
2023-11-20,232.36686953280835,238.05137788993108,231.66877468497333,234.36143493652344,4820490.0,0,1
2023-11-21,236.15655448657665,236.15655448657665,232.26714269305492,233.06497192382807,1697203.0,0,1
2023-11-22,233.8129276326232,236.85464293269789,233.06496560230943,235.3587188720703,2803434.0,0,1
2023-11-23,235.85735392367107,235.85735392367107,232.5663180347593,234.0123748779297,1158811.0,0,1
2023-11-24,234.8102141370425,238.3007036682881,234.26170559581,234.7104949951172,2203816.0,0,1
2023-11-27,234.8102141370425,238.3007036682881,234.26170559581,234.7104949951172,2203816.0,0,1
2023-11-28,234.7603364980773,235.6080328619714,230.62161946806725,232.4665985107422,2846098.0,0,1
2023-11-29,232.56631764130407,236.75490184859376,232.56631764130407,236.10667419433597,2307166.0,0,1
2023-11-30,236.1066746219832,238.5001469683907,235.50829892671828,237.6524658203125,3794118.0,0,1
2023-12-01,240.34511824626577,244.43398319132748,239.3977027738224,239.99606323242188,3020077.0,0,1
2023-12-04,242.63887138087784,242.7385905153149,238.2508185978536,239.99606323242188,1817846.0,0,1
2023-12-05,241.4421399397111,242.73859523387443,239.6470280943665,242.43942260742188,2272088.0,0,1
2023-12-06,242.83833226889948,243.78574777022047,239.34784289337117,239.7467498779297,2329446.0,0,1
2023-12-07,240.29526527690768,243.0876599007716,239.89635828092415,241.59173583984372,1857120.0,0,1
2023-12-08,241.94079456665983,243.1375307902006,236.2562708745196,238.3505706787109,2350010.0,0,1
2023-12-11,239.1483996565418,239.8963616976586,237.00423267494432,239.3977203369141,1612669.0,0,1
2023-12-12,239.79662252623777,242.33969645846472,237.6026036264577,238.0015106201172,1455169.0,0,1
2023-12-13,239.1483884426465,249.32066868138173,238.3505592594009,248.62257385253903,4745442.0,0,1
2023-12-14,250.96618514896983,250.96618514896983,246.22909232810545,247.3759765625,7398830.0,0,1
2023-12-15,254.2572210172144,254.2572210172144,248.57271267748345,251.01605224609372,6815893.0,0,1
2023-12-18,251.2154966081885,256.1021755677294,248.3732501503304,253.40953063964844,4310027.0,0,1
2023-12-19,255.20463273599927,256.2019154199498,248.92176400097208,251.66429138183597,4813865.0,0,1
2023-12-20,253.0604762685582,254.85558810919932,240.74402926767047,241.94078063964844,3532183.0,0,1
2023-12-21,241.69146082338088,246.32881914546437,238.6497456406701,245.0323486328125,2124226.0,0,1
2023-12-22,245.7803236259549,248.52285110958607,244.13481322270687,245.6307373046875,2273146.0,0,1
2023-12-25,245.7803236259549,248.52285110958607,244.13481322270687,245.6307373046875,2273146.0,0,1
2023-12-26,247.3261095206689,251.31524031938932,247.07678884574884,249.96890258789065,3586164.0,0,1
2023-12-27,251.4648261986024,255.00518281975417,250.1683708651417,252.06320190429688,2913019.0,0,1
2023-12-28,252.3623954253601,252.6117161054449,244.33426648316228,246.67788696289065,7352066.0,0,1
2023-12-29,246.72773258920188,250.06863570347696,246.72773258920188,248.97161865234372,2137811.0,0,1
2024-01-01,249.121215434999,258.9444406603144,248.97161390324737,254.8555908203125,7038993.0,0,1
2024-01-02,256.90001716130257,266.9725780302637,255.15477252085168,265.4766540527344,17494142.0,0,1
2024-01-03,267.22189952957484,283.7269152927812,264.8782792038466,281.582763671875,28706243.0,1,0
2024-01-04,285.22284858342374,287.0678276419603,280.43590385798245,282.8293762207031,9653743.0,1,0
2024-01-05,284.5746093636361,293.6997394953212,277.9426858490591,290.5084228515625,12166860.0,0,1
2024-01-08,292.4033096170855,292.4033096170855,279.23916536187835,279.78765869140625,7064064.0,0,1
2024-01-09,282.3307134435544,286.02064084584987,279.73777256634804,280.4358825683594,3105303.0,0,1
2024-01-10,280.43592101212926,284.1757313184717,278.0424180683467,280.68524169921875,2847064.0,0,1
2024-01-11,282.1811313781574,285.72147252882536,280.4857387390301,281.3334350585937,3239162.0,0,1
2024-01-12,282.67979041169013,282.8792286887275,268.3687777355452,273.4549255371094,5430166.0,0,1
2024-01-15,274.95086098266086,282.23101274171285,273.0559994469194,280.336181640625,4445241.0,0,1
2024-01-16,281.48304340573617,287.9155290250074,275.5491991388223,286.8185119628906,13568999.0,0,1
2024-01-17,285.47216116706545,288.46400914436225,277.4440479351797,278.9399719238281,6926246.0,0,1
2024-01-18,279.3887437592839,286.46945705274,272.60723353816286,279.538330078125,5337699.0,0,1
2024-01-19,281.23372385737315,282.67979595886976,274.50206557355307,275.3497619628906,4152394.0,0,1
2024-01-22,281.23372385737315,282.67979595886976,274.50206557355307,275.3497619628906,4152394.0,0,1
2024-01-23,273.85380765873055,275.6987865530451,260.7395475742505,261.78668212890625,5447314.0,0,1
2024-01-24,261.7867150694301,265.6761116063881,260.14120466163865,263.7812805175781,4637208.0,0,1
2024-01-25,265.5763951795172,265.6761295455896,256.3016773932351,257.9970703125,3864418.0,0,1
2024-01-26,265.5763951795172,265.6761295455896,256.3016773932351,257.9970703125,3864418.0,0,1
2024-01-29,260.58993989324506,260.8392605515565,255.7032610772712,259.3932189941406,3314421.0,0,1
2024-01-30,261.288083589994,263.6317041671405,258.3460872688402,259.29351806640625,2637680.0,0,1
2024-01-31,260.4403848553062,269.6153983566371,259.2935157763034,267.6706848144531,4943291.0,0,1
2024-02-01,267.5709204758431,272.9063886935072,265.4267688840671,269.2164611816406,4986173.0,0,1
2024-02-02,271.2608769553968,280.0369519771523,269.86468735211537,273.9535522460937,5660639.0,0,1
2024-02-05,275.2001843009395,288.71335325526024,274.60180856995635,283.87652587890625,10372100.0,0,1
2024-02-06,285.621730975119,306.2654929994832,285.2228240214596,297.7387084960937,23649986.0,1,0
2024-02-07,303.17394083764,303.17394083764,283.57734186713753,289.4613037109375,11567515.0,1,0
2024-02-08,292.20385709155806,293.5501949432455,282.8294049646303,283.9264221191406,5818098.0,0,1
2024-02-09,280.18657634097684,290.2591068894573,270.76224300185817,272.6570739746094,16961839.0,0,1
2024-02-12,274.3524799673406,279.7378005214649,263.8810114986227,265.9753112792969,6238533.0,0,1
2024-02-13,266.27446928312247,273.5546205016469,260.2907733441759,266.47393798828125,5350604.0,0,1
2024-02-14,264.8284177962185,273.6543760775955,263.18290737232024,270.96173095703125,4842342.0,0,1
2024-02-15,272.9562812056269,277.24458454815846,271.7595298178892,273.5546264648437,4257799.0,0,1
2024-02-16,275.250032953877,289.2119911471896,274.8012435523734,286.070556640625,12781234.0,0,1
2024-02-19,286.22014189599673,302.2763998453858,286.070555574271,290.2591247558594,28508993.0,0,1
2024-02-20,285.9707888891277,288.81305041924514,279.2391312605257,280.4358825683594,10218574.0,0,1
2024-02-21,280.7350829743991,283.02882103443176,271.90912490052915,273.2554626464844,5852991.0,0,1
2024-02-22,274.25274754005545,275.0505615408561,267.2717685117631,270.06414794921875,4385098.0,0,1
2024-02-23,271.2609097133415,274.2527579822387,269.3660785633042,272.3080444335937,4763062.0,0,1
2024-02-26,274.053261553206,275.2001609547339,268.3687686777367,272.20831298828125,4389040.0,0,1
2024-02-27,272.6570981105034,281.23373585836305,272.5573637484454,274.95086669921875,8810926.0,0,1
2024-02-28,275.2500383369704,280.7350934487578,269.3660762130747,270.3134765625,6304110.0,0,1
2024-02-29,271.90911287445215,276.8456742464014,266.7232612705845,275.7486572265625,5644851.0,0,1
2024-03-01,275.79849351211425,281.48301656071675,271.7595111170782,273.1557006835937,4963400.0,0,1
2024-03-04,277.1448681361101,286.41961590490644,274.9508643627511,278.14215087890625,17778466.0,0,1
2024-03-05,278.19201784961786,281.931827927711,276.2473044351485,279.1893005371094,5524477.0,0,1
2024-03-06,279.2391439691485,280.0868403145565,268.5183554060472,273.75408935546875,6070958.0,0,1
2024-03-07,275.250010636226,284.4250231646273,275.250010636226,281.13397216796875,9041425.0,0,1
2024-03-08,275.250010636226,284.4250231646273,275.250010636226,281.13397216796875,9041425.0,0,1
2024-03-11,283.22829005601375,285.42232419509764,277.3443281453018,278.4413452148437,4569107.0,0,1
2024-03-12,278.54104896412895,280.8846694215367,269.26633192716554,269.6153869628906,3628757.0,0,1
2024-03-13,270.26360802130114,272.70696277690445,249.71957859400607,252.16293334960935,7078060.0,1,0
2024-03-14,251.81386519515783,272.706948560458,249.22092425869343,266.6733703613281,6106792.0,1,0
2024-03-15,261.28806860288665,261.88644431257194,249.5699968239404,250.9661865234375,10073254.0,1,0
2024-03-18,252.1130695225987,253.8583142470389,247.07678884574884,249.96890258789065,4693478.0,0,1
2024-03-19,250.1185104178534,251.71415364710256,244.3841347503784,245.0822296142578,4014805.0,0,1
2024-03-20,245.8301899569292,248.8719052899225,243.88549170053244,246.1792449951172,3465199.0,0,1
2024-03-21,247.8247469461408,251.61442418838,246.8773314399125,248.02420043945312,3542830.0,0,1
2024-03-22,249.52012881135067,254.00790096701283,247.7748840841487,251.5146942138672,5586546.0,0,1
2024-03-25,249.52012881135067,254.00790096701283,247.7748840841487,251.5146942138672,5586546.0,0,1
2024-03-26,253.5092513021217,258.2463591950634,250.31794980622465,256.999755859375,7271365.0,0,1
2024-03-27,256.25181078128,262.5346798342204,255.1547936864949,255.9027557373047,7577249.0,0,1
2024-03-28,259.293473281724,266.0251307611534,258.49565938394767,263.43218994140625,7744310.0,0,1
2024-03-29,259.293473281724,266.0251307611534,258.49565938394767,263.43218994140625,7744310.0,0,1
2024-04-01,264.7785634673942,271.90912886367204,264.7785634673942,268.9671630859375,3457178.0,0,1
2024-04-02,269.2663406636548,271.7595475216516,267.7205645855584,269.3161926269531,3294776.0,0,1
2024-04-03,271.2110253025759,274.202873213538,269.01699132734336,271.8592529296875,3164455.0,0,1
2024-04-04,273.6543727253669,274.10316212395696,268.4685208337394,269.5156555175781,1849002.0,0,1
2024-04-05,270.2137451171875,272.15842801616617,268.2690317835578,270.2137451171875,2215292.0,0,1
2024-04-08,272.05871702419495,276.3470510311442,266.9725994404293,273.0559997558594,4185920.0,0,1
2024-04-09,274.7015220628837,276.19744605937507,268.76767803627416,270.5627746582031,2814928.0,0,1
2024-04-10,272.05870737736933,282.4304717666339,271.26089339418866,277.54376220703125,14611970.0,0,1
2024-04-11,272.05870737736933,282.4304717666339,271.26089339418866,277.54376220703125,14611970.0,0,1
2024-04-12,279.23915890881614,282.38059335960975,272.3579142940652,273.2554626464844,6929503.0,0,1
2024-04-15,271.0115733816307,271.0115733816307,261.38780142575445,264.5292358398437,4071926.0,0,1
2024-04-16,264.0804599084843,268.26905963047983,261.53740107097894,263.0333251953125,3484465.0,0,1
2024-04-17,264.0804599084843,268.26905963047983,261.53740107097894,263.0333251953125,3484465.0,0,1
2024-04-18,271.16114821299857,274.75137186329675,265.0777179214726,266.47393798828125,9499931.0,0,1
2024-04-19,264.27992918382125,264.62898423382507,259.14392909982126,260.93902587890625,5479033.0,0,1
2024-04-22,263.6815495341281,271.75954578948017,261.43766337623333,270.4132080078125,8601670.0,0,1
2024-04-23,274.2527332650324,280.23642926354216,270.562775225424,279.38873291015625,10392195.0,0,1
2024-04-24,283.327994973305,294.19836931179384,280.63531975828624,288.81304931640625,24783743.0,0,1
2024-04-25,291.20653792953635,292.9019306324388,287.0678209602763,290.85748291015625,7923803.0,0,1
2024-04-26,291.20651944723744,312.54836101842693,291.20651944723744,305.5673828125,45364974.0,1,0
2024-04-29,309.6562704378812,313.8448698447181,300.03249871571154,305.3180847167969,17313094.0,1,0
2024-04-30,306.06602430532854,306.1657586524058,296.5419876351152,297.7387084960937,5854305.0,0,1
2024-05-01,306.06602430532854,306.1657586524058,296.5419876351152,297.7387084960937,5854305.0,0,1
2024-05-02,299.18480077341303,312.1993274331958,295.6943114310565,310.05517578125,15169926.0,0,1
2024-05-03,313.1467727462439,314.14405546199635,298.63632140590823,304.3706970214844,9554032.0,0,1
2024-05-06,306.6145648908437,308.1603408344375,298.3869829753612,299.7831726074219,5949489.0,0,1
2024-05-07,301.2790908346774,307.1630523081964,291.40599881170124,294.24822998046875,8939775.0,0,1
2024-05-08,295.1956624083876,307.16305412764655,295.1956624083876,306.165771484375,9296466.0,0,1
2024-05-09,307.212921695113,311.4513731443684,296.19296010090983,297.8384704589844,9996765.0,0,1
2024-05-10,301.17935441669664,307.06331584982786,295.6942999488429,303.1739196777344,9538715.0,0,1
2024-05-13,303.1240907508851,305.41782880149225,292.6526223348339,300.830322265625,6333418.0,0,1
2024-05-14,302.1267968215456,312.04974111973945,300.8303110907365,310.05517578125,7379389.0,0,1
2024-05-15,313.14675941766706,320.32720683932143,308.2600804054045,311.0524597167969,16776785.0,0,1
2024-05-16,314.1440545469644,315.73971297445104,301.6780206363706,304.919189453125,8380049.0,0,1
2024-05-17,304.420514731803,310.40421035306696,302.8248564792027,305.0188903808594,12344552.0,0,1
2024-05-20,304.420514731803,310.40421035306696,302.8248564792027,305.0188903808594,12344552.0,0,1
2024-05-21,307.1630671435319,309.8557425683264,303.2237883618238,306.76416015625,4862961.0,0,1
2024-05-22,309.6562789307521,310.6535616326225,303.6725827195298,307.1132202148437,3666833.0,0,1
2024-05-23,309.10779323737046,316.43779692906304,305.66715565725286,314.6427001953125,10367039.0,0,1
2024-05-24,316.4377880653119,330.10057320884414,315.5402397235779,318.5819702148437,31341057.0,0,1
2024-05-27,318.08333868083093,318.08333868083093,304.5701394381625,314.0942077636719,11540435.0,0,1
2024-05-28,312.1494735129512,319.1304521538159,310.1549081869898,316.8865661621094,8345701.0,0,1
2024-05-29,314.642677030949,323.917393530267,310.2546394445475,322.7206726074219,8347446.0,0,1
2024-05-30,323.2691886201227,324.9146990263792,307.7115720521492,310.0053405761719,9357893.0,0,1
2024-05-31,311.15219533144705,313.94457465415053,306.41510261406125,308.40966796875,5589376.0,0,1
2024-06-03,314.044297089766,316.13859671963377,306.4649429426805,308.8085632324219,5311869.0,0,1
2024-06-04,309.1576329982624,309.1576329982624,268.8175361315637,290.1095275878906,17873006.0,1,0
2024-06-05,293.9989457195785,306.5148626288199,288.11498351759724,304.4205627441406,8516880.0,1,0
2024-06-06,307.2129298288916,334.8376733563521,305.9663264284584,331.8458251953125,17874585.0,1,0
2024-06-07,335.08697509765625,340.3227090835572,330.1005617777506,335.08697509765625,14591288.0,1,0
2024-06-10,337.08154837521056,344.31184785959005,335.6354763044737,338.97637939453125,7375334.0,0,1
2024-06-11,341.2701520116098,348.50045158444345,336.48317679225244,343.5140380859375,7100803.0,0,1
2024-06-12,345.0099566406925,345.0099566406925,329.203020015247,337.9790954589844,5164721.0,0,1
2024-06-13,339.07611922531646,341.4695916270352,335.68536411999384,337.23114013671875,2407975.0,0,1
2024-06-14,337.23113132822334,338.7769377392245,333.24200061800417,333.8902282714844,5033189.0,0,1
2024-06-17,337.23113132822334,338.7769377392245,333.24200061800417,333.8902282714844,5033189.0,0,1
2024-06-18,329.1032739547184,331.64633253414434,325.61278468550165,327.457763671875,6208267.0,0,1
2024-06-19,329.1032819554176,338.2782947171264,326.90924790185403,331.34716796875,7310198.0,0,1
2024-06-20,331.3471793717901,343.3644238162286,331.0978586950619,341.8684997558594,8166456.0,0,1
2024-06-21,344.56115141573486,350.0462059245237,339.1758312576724,344.7606201171875,9300900.0,0,1
2024-06-24,344.46142788246823,344.46142788246823,336.08425954744445,341.2701416015625,4460873.0,0,1
2024-06-25,343.0652483361736,344.6110243452226,335.38615938269464,338.3281555175781,3221011.0,0,1
2024-06-26,337.1812754344816,352.9882117762439,335.58561708207924,351.1930847167969,7782868.0,0,1
2024-06-27,352.63918014891965,352.738914509058,341.0706943699101,345.2094116210937,4933878.0,0,1
2024-06-28,346.90476653350714,353.9355968525272,345.4088425988518,350.1459350585937,5816457.0,0,1
2024-07-01,351.64186593133445,358.4233757283815,347.3036803483091,356.6781311035156,9143802.0,0,1
2024-07-02,358.82229536220973,360.91659507289154,353.53670934279324,355.7307434082031,7001966.0,0,1
2024-07-03,356.17950071626456,364.905724108475,355.5811250252969,360.46783447265625,6614689.0,0,1
2024-07-04,361.9637781529351,366.15234734802425,354.733478377902,360.3182373046875,4658012.0,0,1
2024-07-05,360.5179609378311,370.90406784455246,359.6191687926315,369.7056884765625,7658844.0,0,1
2024-07-08,370.5046287421905,373.3508294249292,364.9120999488292,366.1604309082031,5022489.0,0,1
2024-07-09,368.8068647815617,368.9067373478108,360.5678809336836,362.5152893066406,2059302.0,0,1
2024-07-10,366.0106247662665,366.0106247662665,350.2317341703487,357.2723083496094,4383222.0,0,1
2024-07-11,359.4194310160418,359.4194310160418,351.03065336109967,354.0765686035156,3175235.0,0,1
2024-07-12,354.5259717423323,355.5246364514656,348.6338560538113,350.2816467285156,4058531.0,0,1
2024-07-15,351.5299937707262,361.0173089435157,350.2816628269381,358.6704406738281,4074238.0,0,1
2024-07-16,358.5206290282621,360.0186260854832,351.979387402461,352.9281005859375,2060110.0,0,1
2024-07-17,358.5206290282621,360.0186260854832,351.979387402461,352.9281005859375,2060110.0,0,1
2024-07-18,352.9281225920634,352.9281225920634,340.4947645279676,342.74176025390625,3890681.0,0,1
2024-07-19,342.8416016209844,343.74042429091486,333.60395254507887,334.75244140625,3570488.0,0,1
2024-07-22,332.20581473100856,338.9468016258772,329.5593593046852,334.9022216796875,2886436.0,0,1
2024-07-23,337.89822754207574,338.0979422079192,319.9721829146113,336.5999450683594,3807462.0,0,1
2024-07-24,337.2491044330935,348.6338766959239,335.7511072806993,347.53533935546875,3384480.0,0,1
2024-07-25,345.6378817363005,363.4141023869688,341.89288886241,361.3668518066406,6420578.0,0,1
2024-07-26,365.51130318091714,376.29687042831057,362.86484765489126,368.0079650878906,9109767.0,1,0
2024-07-29,370.3048831795613,370.3048831795613,359.31957074948247,361.3668518066406,4052190.0,0,1
2024-07-30,361.4167726459599,364.0632281799515,357.9214459656763,358.9700622558594,1660024.0,0,1
2024-07-31,360.06856557308384,366.3102202978761,359.9187719550548,361.8661804199219,2699613.0,0,1
2024-08-01,362.0159576609573,369.95535430246,353.0279752638577,354.2763061523437,4177876.0,0,1
2024-08-02,349.68244446354475,362.2157049444564,347.58524246307064,355.62451171875,3828727.0,0,1
2024-08-05,343.5905852258353,352.37885306073593,333.25442974023986,339.9454650878906,5620180.0,0,1
2024-08-06,340.9441251143457,348.9334427759675,331.80634913423137,334.0533447265625,2981838.0,0,1
2024-08-07,341.54334125109835,347.5852507403934,334.8522752990148,346.3868713378906,3645534.0,0,1
2024-08-08,346.4367953600477,349.08325084974047,336.40022682253823,338.6971435546875,4003614.0,0,1
2024-08-09,338.6971356634212,344.5393304047811,332.20581494565,336.5000915527344,10005232.0,0,1
2024-08-12,329.80903699225405,341.54334792233425,329.80903699225405,337.3988952636719,4281522.0,0,1
2024-08-13,337.54869454747484,341.5433536545456,333.6039564885104,336.64990234375,3360380.0,0,1
2024-08-14,337.14922018738054,337.54867998548866,322.918247732371,327.2124938964844,3713151.0,0,1
2024-08-15,337.14922018738054,337.54867998548866,322.918247732371,327.2124938964844,3713151.0,0,1
2024-08-16,329.5593600214818,341.5433367495357,327.6619031349057,340.4947509765625,3040369.0,0,1
2024-08-19,341.54335045138225,346.93613409998545,340.19514692002394,344.339599609375,3453510.0,0,1
2024-08-20,346.0373211278276,350.43143974519626,342.8415818732895,346.2869873046875,4296486.0,0,1
2024-08-21,346.1871140725412,355.97404647271713,345.0885768011055,354.5259704589844,3548478.0,0,1
2024-08-22,356.9227790047283,358.5705697627903,353.22773768010893,356.02398681640625,2368633.0,0,1
2024-08-23,357.52197183130374,357.52197183130374,350.3815251373013,351.1305236816406,1312131.0,0,1
2024-08-26,351.52998938428874,355.2749821689225,351.52998938428874,352.7783203125,1350106.0,0,1
2024-08-27,353.0279902641356,355.7743183354973,351.38019951668446,352.27899169921875,1158652.0,0,1
2024-08-28,354.5259821192836,363.26429857997016,353.27765119632835,356.2237243652344,6636720.0,0,1
2024-08-29,363.5139743801742,364.4627180974479,349.5825887207515,354.97540283203125,5275221.0,0,1
2024-08-30,355.0752358060158,362.465379257022,355.0752358060158,358.6205139160156,2738006.0,0,1
2024-09-02,367.5086283540889,367.5086283540889,358.5206455954292,362.9147644042969,5156434.0,0,1
2024-09-03,364.2629485310369,366.21035688252346,360.5678769583597,361.416748046875,2513914.0,0,1
2024-09-04,359.4693908933712,382.68834645618927,354.7756543523062,378.8934020996094,12159916.0,0,1
2024-09-05,384.4859292723951,394.1729895512886,380.1916830322924,382.33880615234375,17885888.0,1,0
2024-09-06,383.18766652008713,385.38471062524496,368.5572039423118,373.2010192871094,7030758.0,0,1
2024-09-09,372.65175475512393,379.14307579365584,365.66110132901264,377.0958251953125,6395312.0,0,1
2024-09-10,381.48993729056167,389.27951020680985,377.7449444506674,386.0838012695313,9473666.0,0,1
2024-09-11,389.6790041997677,394.3727103176739,381.9892733046032,384.7855224609375,11687316.0,0,1
2024-09-12,388.5804463782764,393.3241037705761,374.3494742013772,376.0971374511719,8824201.0,0,1
2024-09-13,377.944667894156,383.2874996575299,371.95267969433945,378.4440002441406,5555196.0,0,1
2024-09-16,381.9892477417227,394.322762881821,379.7921732110391,390.6776428222656,7932099.0,0,1
2024-09-17,393.07444347294734,395.27148759089135,373.8001959150327,375.34814453125,10455441.0,0,1
2024-09-18,374.4992796710127,375.2482782303547,359.5193084841722,363.1644287109375,6911164.0,1,0
2024-09-19,364.5126300563786,368.5072890159005,350.5313236980517,361.0173034667969,6351383.0,0,1
2024-09-20,362.8149015368653,366.7097185512435,359.91877977698766,364.8621826171875,4175049.0,0,1
2024-09-23,364.8621754769448,372.3521611628948,363.1145121502231,369.8554992675781,3890925.0,0,1
2024-09-24,369.8554885211466,377.4952676034701,365.5612118998776,375.34814453125,4468287.0,0,1
2024-09-25,377.29553742717593,381.2901965020082,368.1078398411598,370.95404052734375,5125312.0,0,1
2024-09-26,371.50327123713606,374.1996781384594,367.7582785835359,372.3521423339844,3506872.0,0,1
2024-09-27,375.4480084182507,378.2442574043702,367.4087392487078,368.35748291015625,4580392.0,0,1
2024-09-30,361.516636030022,368.7070343517376,360.667764905304,362.61517333984375,3231111.0,0,1
2024-10-01,361.9161059922875,371.3035487203871,361.3668525603699,370.1550903320313,2195117.0,0,1
2024-10-02,361.9161059922875,371.3035487203871,361.3668525603699,370.1550903320313,2195117.0,0,1
2024-10-03,361.9161086072512,368.8568409888862,352.2789996174069,356.07391357421875,3235274.0,0,1
2024-10-04,358.87018449212826,359.66910410247453,344.6392117854249,345.8875427246094,5693848.0,0,1
2024-10-07,346.0872625356869,348.9334632147213,334.1532368657015,339.5460205078125,5769251.0,0,1
2024-10-08,339.0466921600193,344.8888872071854,335.501444388548,342.242431640625,2950082.0,0,1
2024-10-09,344.5393278869208,352.2290584102009,342.9914097639574,346.5865783691406,1874883.0,0,1
2024-10-10,349.2330737252206,351.2803242629581,344.3395920903427,345.3382568359375,1469718.0,0,1
2024-10-11,345.43813898246106,348.8335931162497,343.99009334730204,345.68780517578125,1211519.0,0,1
2024-10-14,346.586576399376,347.6351926339519,342.691790114677,346.0373229980469,1249060.0,0,1
2024-10-15,346.5366674493908,352.8781946926058,345.8875414587564,351.729736328125,2051189.0,0,1
2024-10-16,351.3802027442515,352.9281209352327,342.691807120678,346.1871337890625,1554072.0,0,1
2024-10-17,347.9347807046224,347.984732226483,337.1991350154724,338.5972595214844,1768096.0,0,1
2024-10-18,336.9994318764946,342.0925977169821,332.056029176222,339.49609375,2364315.0,0,1
2024-10-21,339.5459971998719,342.6917849020934,334.90221245118045,336.949462890625,2490409.0,0,1
2024-10-22,335.60127328970106,339.14655139860923,324.116628793272,325.3649597167969,3431583.0,0,1
2024-10-23,323.5673677388671,333.25442766745965,322.5187819785929,324.7657775878906,3082744.0,0,1
2024-10-24,327.4621672121333,328.61062558551885,319.82238792841304,322.2191772460937,1978924.0,0,1
2024-10-25,322.26912964389135,324.2165076361748,304.2432124732892,311.5834045410156,3282892.0,0,1
2024-10-28,313.5308159742519,325.3150480410307,312.8317384462099,323.3177185058594,1994728.0,0,1
2024-10-29,323.3676152850191,328.06135153114246,315.3283767000251,326.5633544921875,2547066.0,0,1
2024-10-30,323.56737095309046,326.96282492328186,318.7737924630355,320.27178955078125,5277837.0,0,1
2024-10-31,305.0920655746568,322.66857037415974,302.59540382691,315.67791748046875,13655954.0,1,0
2024-11-01,315.7778016732099,318.4741781739648,314.9788515984156,317.3756408691406,536689.0,0,1
2024-11-04,317.07605669693004,317.07605669693004,305.6912846935715,310.48486328125,3983931.0,0,1
2024-11-05,310.4848638274499,316.4768523110037,308.83707308983844,315.2784729003906,2332169.0,0,1
2024-11-06,317.6253057956206,324.36629273606354,315.27846805707776,322.4189147949219,2183502.0,0,1
2024-11-07,323.4675106130081,329.0600393807016,321.71984727790567,327.5620422363281,3711683.0,0,1
2024-11-08,328.56070243812,331.45682411500496,319.17325989239674,320.8709716796875,3218359.0,0,1
2024-11-11,328.5606980342199,350.33157708101413,325.56470382722097,348.2344055175781,22071949.0,1,0
2024-11-12,348.2344206678567,353.07792046509627,345.3882199520151,347.0360107421875,5707023.0,1,0
2024-11-13,344.7390668315111,346.43677853640304,328.0613541410666,331.1072692871094,3915358.0,0,1
2024-11-14,333.4042151447821,339.3962033259907,330.1086033590205,335.3515930175781,4264527.0,0,1
2024-11-15,333.4042151447821,339.3962033259907,330.1086033590205,335.3515930175781,4264527.0,0,1
2024-11-18,336.0007733995752,337.1991528351315,324.2664623750428,324.91558837890625,2389049.0,0,1
2024-11-19,326.51343916045187,333.75375830873287,324.7657759177634,326.61328125,1376851.0,0,1
2024-11-20,326.51343916045187,333.75375830873287,324.7657759177634,326.61328125,1376851.0,0,1
2024-11-21,326.862952665128,327.96148995921493,319.0733799922001,322.6685791015625,1816318.0,0,1
2024-11-22,322.6685950288361,332.15591039518694,322.1692626411334,331.057373046875,1533051.0,0,1
2024-11-25,334.55267546200764,338.4974132290819,333.1045994521125,335.90087890625,1449701.0,0,1
2024-11-26,335.9008849090354,354.97538717012463,335.6012672067227,352.1791076660156,5258746.0,0,1
2024-11-27,353.5273269962168,359.51931558937304,348.73374831242387,358.1711120605469,5405033.0,0,1
2024-11-28,359.5193123143434,366.1604268492285,357.57190384857546,363.4640502929688,3951858.0,0,1
2024-11-29,360.91742186990206,367.8082023073541,360.86750082488834,364.6624145507813,2323081.0,0,1
2024-12-02,374.4992771639166,379.4926008594354,367.5585450364137,374.8488159179688,9412158.0,0,1
2024-12-03,373.95003503503887,376.6963631504664,372.3022137843182,373.350830078125,1730134.0,0,1
2024-12-04,373.4007497551759,380.4912756861633,368.6071710711215,379.1930236816406,3567460.0,0,1
2024-12-05,379.4925892503956,380.89071374700507,372.002603936243,374.7489318847656,1805601.0,0,1
2024-12-06,375.9972634552372,380.9905870070995,372.2522707913404,379.5425109863281,2246090.0,0,1
2024-12-09,377.4952843489332,380.2915335237488,363.4640564732565,369.10650634765625,4676618.0,0,1
2024-12-10,369.50595084487895,374.44935345907584,363.51396245279983,368.70703125,2044166.0,0,1
2024-12-11,367.0092869340051,371.7030233385865,366.5099545708296,367.35882568359375,994507.0,0,1
2024-12-12,367.90808351799774,368.85682721017537,355.02531448846565,356.2237243652344,1766527.0,0,1
2024-12-13,355.5246579098745,356.3235775346703,346.28700879283423,352.32891845703125,2638692.0,0,1
2024-12-16,356.52330353936594,358.17109422506456,350.2816490656376,353.22772216796875,2170312.0,0,1
2024-12-17,353.5273301663575,354.37620132003264,348.9834176332,350.4814147949219,1545233.0,0,1
2024-12-18,348.63385181363657,357.3222163913294,345.9873964619857,347.5852355957031,3312516.0,0,1
2024-12-19,344.5393396269721,351.0805815653901,342.0426777456173,349.8822021484375,1729883.0,0,1
2024-12-20,349.53266184671537,350.8309138285572,334.7024842415674,335.5014343261719,2889197.0,0,1
2024-12-23,337.998095454319,339.1465538167848,328.56070141444883,329.1099548339844,2007668.0,0,1
2024-12-24,332.10595251641985,347.2357479558098,331.60662013827044,344.0400085449219,6890831.0,0,1
2024-12-25,332.10595251641985,347.2357479558098,331.60662013827044,344.0400085449219,6890831.0,0,1
2024-12-26,342.2923246730184,347.43544176384114,339.4461241930632,345.9873962402344,3134559.0,0,1
2024-12-27,346.2870106475232,353.4274576916807,345.98742340582777,352.0792541503906,2606743.0,0,1
2024-12-30,354.5259907340104,368.457376363445,351.7297415893755,367.20904541015625,8766841.0,0,1
2024-12-31,365.2616424328895,368.0079705714826,360.5679057871072,364.8621826171875,1638414.0,0,1
2025-01-01,366.4100991786973,369.8555048368469,362.2157254175044,368.30755615234375,1559938.0,0,1
2025-01-02,368.30754710943984,373.50061599312414,366.8095499864728,372.7516174316406,2019572.0,0,1
2025-01-03,376.44668875415744,376.4966098007998,367.5086270734597,368.7569580078125,2143230.0,0,1
2025-01-06,368.9567078120263,372.3022103769187,356.2736531679436,357.6218566894531,1962539.0,0,1
2025-01-07,362.6151808860191,388.4306710583291,362.6151808860191,381.8394775390625,19915058.0,1,0
2025-01-08,380.4912788130899,383.137734368261,367.9080965679996,370.7043762207031,3256228.0,0,1
2025-01-09,370.7043494406653,375.4979278178212,368.5072749063192,370.20501708984375,1698790.0,0,1
2025-01-10,369.4560307058839,370.0552051650993,357.47205389230953,360.4680480957031,2223573.0,0,1
2025-01-13,370.50461507324303,376.9959358225047,359.96871435555755,364.7123718261719,23779837.0,0,1
2025-01-14,371.3534943533999,390.6776634117696,369.7556246538579,387.1323852539063,16972762.0,1,0
2025-01-15,389.5791254892735,390.9772500454109,377.944687234629,381.5398559570313,6005133.0,0,1
2025-01-16,383.53717542519394,396.2202296227533,381.5897974976444,392.6250305175781,10454325.0,0,1
2025-01-17,393.4739036345295,397.26881741793807,386.8327892751501,393.17431640625,6070039.0,0,1
2025-01-20,394.4725824385032,402.3620279919072,390.228257184418,401.0138244628906,8026751.0,0,1
2025-01-21,402.4618916663841,404.1596339212172,388.7302514420347,390.0285034179688,4681084.0,0,1
2025-01-22,390.0284916174189,391.8261063875889,379.59246364875946,387.5318298339844,2830379.0,0,1
2025-01-23,385.0351896907731,399.1163690361177,385.0351896907731,396.7695007324219,3214357.0,0,1
2025-01-24,396.7695019002536,397.2688342864744,385.884061976008,387.7315979003906,2939290.0,0,1
2025-01-27,387.7315803234196,387.7315803234196,368.90674412091545,369.755615234375,3292383.0,0,1
2025-01-28,371.5032830351517,371.9526943585872,349.93211857000284,359.41943359375,3909804.0,0,1
2025-01-29,359.7190585563433,370.8541645292077,351.3302501952261,355.2250671386719,4128263.0,0,1
2025-01-30,357.5219801787903,361.8661779327532,352.77832262055216,356.5233154296875,3459428.0,0,1
2025-01-31,346.6365355828977,370.4047440830427,346.6365355828977,362.0658874511719,7341863.0,0,1
2025-02-03,364.4627112792991,367.3088814242157,358.92010365235603,363.96337890625,1613162.0,0,1
2025-02-04,366.5099549568592,373.1510692987226,366.0106225931578,370.5545349121094,2847492.0,0,1
2025-02-05,370.9540275493822,393.2242389217086,370.9540275493822,389.7289123535156,7674111.0,1,0
2025-02-06,389.72891692468926,399.06643839032,389.72891692468926,396.41998291015625,6664546.0,0,1
2025-02-07,396.41997976856527,398.4173092437024,384.635717579159,386.2835083007813,2413427.0,0,1
2025-02-10,385.4346606389876,385.6843268188349,373.7003501861647,376.6463928222656,1726831.0,0,1
2025-02-11,378.04452116262087,378.1943452535094,359.51930262107214,361.5166320800781,1959111.0,0,1
2025-02-12,360.4680552162717,361.4667199704634,342.2923444992485,355.4747314453125,3963839.0,0,1
2025-02-13,357.7217141390491,368.0578695877512,357.7217141390491,358.8202209472656,2780469.0,0,1
2025-02-14,362.2656467992447,362.2656467992447,343.7903484786767,348.883544921875,3103224.0,0,1
2025-02-17,348.8335702209574,352.3788482195121,337.54867121428794,347.0859069824219,2799003.0,0,1
2025-02-18,350.63118159597747,350.63118159597747,333.7038027725622,337.7484130859375,3284422.0,0,1
2025-02-19,335.651233712108,339.49609915387225,329.15991273766934,336.35028076171875,3227705.0,0,1
2025-02-20,334.55269631885346,336.84961308792253,329.4095788737953,335.5513610839844,3698825.0,0,1
2025-02-21,335.55133993459305,338.5473340411519,319.9721644851213,322.0693664550781,5201717.0,0,1
2025-02-24,319.57272918453435,324.8157192727181,315.1786102536131,320.4216003417969,2522998.0,0,1
2025-02-25,323.6172882160493,328.5606907385615,319.1732485271111,320.7711181640625,4105011.0,0,1
2025-02-26,323.6172882160493,328.5606907385615,319.1732485271111,320.7711181640625,4105011.0,0,1
2025-02-27,321.81970056663755,322.3689539625988,308.2378545094216,311.43359375,3877068.0,0,1
2025-02-28,311.33374330343764,311.383664351407,298.1513560955271,302.0461730957031,4697901.0,0,1
2025-03-03,303.5940838813759,305.74120699767104,290.61144213644866,304.6426696777344,3555060.0,0,1
2025-03-04,303.3943268564726,315.22850977115814,297.0028788046951,314.379638671875,3678170.0,0,1
2025-03-05,317.32573373472303,325.5147971186093,316.3270689550701,324.416259765625,5199973.0,1,0
2025-03-06,326.413576822465,334.20314961466545,323.8669634457935,332.55535888671875,3181206.0,0,1
2025-03-07,335.3515965528975,338.4474632411912,331.4568102894181,333.2544250488281,3889175.0,0,1
2025-03-10,334.5526819525187,336.6498839646017,326.06403181342495,327.7118225097656,1955824.0,0,1
2025-03-11,324.7657743067157,330.7577625376379,322.5187787201199,328.4608154296875,1517485.0,0,1
2025-03-12,327.71183944175976,330.4581675698326,322.9681817659976,324.6659240722656,1782978.0,0,1
2025-03-13,325.5646949063936,326.0640272605445,321.0707037190353,322.6186218261719,1439684.0,0,1
2025-03-14,325.5646949063936,326.0640272605445,321.0707037190353,322.6186218261719,1439684.0,0,1
2025-03-17,324.3662939854218,333.4541491762401,323.1179630657168,332.8050231933594,2440747.0,0,1
2025-03-18,332.8050231933594,332.8050231933594,332.8050231933594,332.8050231933594,0.0,0,1
2025-03-19,338.2477724423491,342.74176394259206,333.6039568439671,341.4434814453125,1681648.0,0,1
2025-03-20,344.1398884895152,344.1398884895152,337.89823362891326,340.6445617675781,1006613.0,0,1
2025-03-21,340.644539311678,345.9374500938181,339.7457471663674,343.6405334472656,1452797.0,0,1
2025-03-24,347.5353356523082,351.3302495405383,344.58926242659265,348.8335876464844,1156746.0,0,1
2025-03-25,349.532655474638,354.2763129417938,344.63920439335885,347.68511962890625,1585833.0,0,1
2025-03-26,347.5353431768809,352.1292072567689,345.33826847181206,347.8349304199219,1426825.0,0,1
2025-03-27,348.034665735581,349.7823290498916,342.04267722937294,345.0885925292969,1367034.0,0,1
2025-03-28,344.4894042068259,348.8335713176665,338.8968757305641,341.2437438964844,2340187.0,0,1
2025-03-31,344.4894042068259,348.8335713176665,338.8968757305641,341.2437438964844,2340187.0,0,1
2025-04-01,338.0480118621671,348.0845802304156,337.7484246332276,338.647216796875,1068942.0,0,1
2025-04-02,337.3988881018514,344.0400025195628,334.4028938854256,341.59326171875,937244.0,0,1
2025-04-03,348.5339904476229,356.9227680764979,343.7404119387883,345.288330078125,3567999.0,0,1
2025-04-04,342.0925783914583,342.7417348233611,320.870953665516,327.3622741699219,3716291.0,1,0
2025-04-07,298.70063853867777,311.33374177265944,298.6007659663999,307.08941650390625,2647332.0,1,0
2025-04-08,311.6333154677019,326.96282510274705,308.08806788215577,321.86962890625,4084647.0,0,1
2025-04-09,315.2285124280976,315.67792374233784,304.5927392670879,305.8909912109375,3481679.0,0,1
2025-04-10,315.2285124280976,315.67792374233784,304.5927392670879,305.8909912109375,3481679.0,0,1
2025-04-11,319.5727249677278,322.5687192643003,313.18127656373923,316.1273193359375,3064653.0,0,1
2025-04-14,319.5727249677278,322.5687192643003,313.18127656373923,316.1273193359375,3064653.0,0,1
2025-04-15,320.5713945665256,330.20850360376687,319.27314254250234,328.4109191894531,3208011.0,0,1
2025-04-16,328.6106071710152,331.25709300608224,327.01276803332,328.7104797363281,1251281.0,0,1
2025-04-17,328.6605609128783,332.55534717177665,327.1126123321379,330.85760498046875,958981.0,0,1
2025-04-18,328.6605609128783,332.55534717177665,327.1126123321379,330.85760498046875,958981.0,0,1
2025-04-21,335.35160397665226,335.35160397665226,328.7604411433901,331.4568176269531,1861695.0,0,1
2025-04-22,332.00610554471973,336.79968411379895,327.26244802199017,333.3542785644531,2356750.0,0,1
2025-04-23,335.70115087261416,339.04668389299195,332.65523556445464,335.25177001953125,2687947.0,0,1
2025-04-24,333.55400924857736,334.5526739469264,324.6159480076223,326.3136901855469,4713095.0,0,1
2025-04-25,326.3136917304851,327.9614823951969,308.038139854903,311.43359375,4326450.0,0,1
2025-04-28,314.42961166958685,322.01947008308565,312.5820757336227,320.4216003417969,2427466.0,0,1
2025-04-29,320.5713784460049,323.41757902290067,316.2771322961826,318.4242553710937,1214417.0,0,1
2025-04-30,319.0234625416269,324.7657847814693,316.57672174435373,321.37030029296875,2632538.0,0,1
2025-05-01,319.0234625416269,324.7657847814693,316.57672174435373,321.37030029296875,2632538.0,0,1
2025-05-02,321.370309509535,324.0667165684793,317.3756504455168,317.7251892089844,1172553.0,0,1
2025-05-05,321.5700433851127,336.35026921332417,321.5700433851127,335.45147705078125,4679123.0,0,1
2025-05-06,334.3529348446261,345.0386595003465,331.60660687465224,340.9940795898437,7013338.0,0,1
2025-05-07,335.651216079907,348.3841911685797,335.651216079907,346.0373229980469,5299681.0,0,1
2025-05-08,345.53800072289994,349.5326596907948,331.9062330903248,334.1532287597656,2552004.0,0,1
2025-05-09,333.0547024591581,340.3449431258528,327.5620461967132,329.4595031738281,6131597.0,0,1
2025-05-12,334.5526819525187,335.85093390070745,317.4755091067408,327.7118225097656,7577972.0,0,1
2025-05-13,330.35828964971347,337.04935571689936,328.36096013435406,329.4095764160156,4488167.0,0,1
2025-05-14,332.95480424899216,339.496076307601,329.1099390659667,337.7484130859375,3246085.0,0,1
2025-05-15,338.547347985556,341.2936760296866,333.6039453153891,338.1478881835937,3182074.0,0,1
2025-05-16,341.543342289892,343.94013157901657,338.1478882572297,338.9468078613281,1989564.0,0,1
2025-05-19,339.3962270392329,344.68913811171257,338.04802350889787,341.1438903808594,1347546.0,0,1
2025-05-20,341.6432179947433,343.7404200707836,331.1072865676387,332.0560302734375,2112277.0,0,1
2025-05-21,334.05334748677683,340.7444132744033,332.9048891587949,340.19512939453125,2264172.0,0,1
2025-05-22,340.1452287385474,340.1452287385474,329.7091696405304,332.6552429199219,2162491.0,0,1
2025-05-23,334.5526745854592,335.35159415493206,328.56068638392856,330.308349609375,2051454.0,0,1
2025-05-26,331.65655330716453,334.8522620643612,330.7078096504556,331.9062194824219,1361946.0,0,1
2025-05-27,333.5040932941698,335.3515986328489,329.6092765297054,334.60260009765625,1717048.0,0,1
2025-05-28,335.55135519128777,337.79835087337227,332.80502713540665,333.903564453125,1143647.0,0,1
2025-05-29,335.55134577879426,336.99942181291635,332.1059403055127,335.1518859863281,1103161.0,0,1
2025-05-30,334.60260023567,337.1492135424724,330.95748012492805,335.40155029296875,1880217.0,0,1
2025-06-02,335.40155193861574,336.5500102699873,330.15856216438004,333.55401611328125,1175008.0,0,1
2025-06-03,339.5460048853464,339.5460048853464,334.0034278786847,336.749755859375,3111241.0,0,1
2025-06-04,338.048007671125,338.048007671125,332.6552242792704,335.9508056640625,902848.0,0,1
2025-06-05,334.65256066861315,338.0480146912689,329.0600320259176,330.1585693359375,3888417.0,0,1
2025-06-06,331.5067708243725,331.75643700800987,327.1625731337173,329.6092834472656,1250474.0,0,1
2025-06-09,332.45549627866967,341.39355817275896,330.45816673602,337.698486328125,3325964.0,0,1
2025-06-10,339.34626029116146,347.6851168139074,339.096594110701,340.7444152832031,6067297.0,0,1
2025-06-11,340.7444078135576,355.5246331820814,337.648541148348,353.9767150878906,8322371.0,0,1
2025-06-12,354.5259911866794,357.2723192874213,349.0333349851956,351.7796630859375,4265927.0,0,1
2025-06-13,347.4854114656774,357.4221074281376,344.5393382665792,354.9254455566406,8013966.0,0,1
2025-06-16,357.8215655266269,358.5705640845058,347.784997041781,356.7729797363281,3802901.0,0,1
2025-06-17,354.5259758550699,364.1630843146377,349.3828586387353,352.1791076660156,11636919.0,0,1
2025-06-18,351.52998218201753,351.52998218201753,339.64587808429803,341.5433349609375,8974019.0,0,1
2025-06-19,342.541993053443,350.4813896312729,342.541993053443,348.134521484375,8981677.0,0,1
2025-06-20,347.5852474762008,352.4287775175072,344.0899209172746,350.880859375,3627362.0,0,1
2025-06-23,347.4854111504307,355.2749839917025,347.3855385802956,351.729736328125,4480305.0,0,1
2025-06-24,349.53265372005944,351.0306508074312,345.18845607131584,348.7337341308594,12193270.0,0,1
2025-06-25,349.8822003387987,354.97539664578585,342.591929396851,350.9307861328125,14074406.0,0,1
2025-06-26,353.07789761027834,356.52330306593257,348.9833966624125,350.031982421875,12779994.0,0,1
2025-06-27,351.5299989778678,355.07524672000915,349.5326694382208,353.9267883300781,4598232.0,0,1
2025-06-30,354.5259896163022,356.1238593268402,349.0832544863904,355.2250671386719,2637925.0,0,1
2025-07-01,355.5246400188578,362.9647043672872,353.5273105805496,362.0159606933594,5293503.0,0,1
2025-07-02,362.7150295887736,371.7030118480863,362.015952111207,368.057861328125,7387741.0,0,1
2025-07-03,371.7030166133961,375.7975175358909,366.6098205057908,373.9500122070313,5847231.0,0,1
2025-07-04,374.4500122070313,381.0,372.7000122070313,380.0499877929688,6787795.0,0,1
2025-07-07,381.9500122070313,382.0,371.4500122070313,372.1000061035156,3307833.0,0,1
2025-07-08,372.4500122070313,373.9500122070313,366.5499877929688,369.3500061035156,2519720.0,0,1
2025-07-09,369.0,379.3500061035156,369.0,373.5499877929688,4170233.0,0,1
2025-07-10,375.0,377.1000061035156,370.0,372.3999938964844,1858411.0,0,1
2025-07-11,372.8999938964844,377.3999938964844,372.2000122070313,374.2000122070313,3092326.0,0,1
2025-07-14,372.8500061035156,381.25,369.0,379.1000061035156,5647593.0,0,1
2025-07-15,380.8999938964844,391.5,380.75,390.4500122070313,7845415.0,0,1
2025-07-16,399.5,405.8999938964844,393.2000122070313,394.6499938964844,17490369.0,0,1
2025-07-17,396.25,398.7999877929688,392.6499938964844,397.0,4252872.0,0,1
2025-07-18,397.2000122070313,406.0,396.3500061035156,398.75,6228336.0,0,1
2025-07-21,399.8500061035156,399.8500061035156,393.5,394.6499938964844,2504038.0,0,1
2025-07-22,394.0499877929688,394.75,386.2999877929688,387.2000122070313,2387785.0,0,1
2025-07-23,384.6000061035156,398.3999938964844,384.6000061035156,396.9500122070313,3735346.0,0,1
2025-07-24,396.7999877929688,404.5,396.1000061035156,397.6000061035156,3142162.0,0,1
2025-07-25,395.0,399.75,392.2000122070313,394.1499938964844,2122908.0,0,1
2025-07-28,394.1000061035156,403.2000122070313,386.5499877929688,387.4500122070313,3698071.0,0,1
2025-07-29,387.4500122070313,399.1000061035156,386.0,398.1499938964844,5529147.0,0,1
2025-07-30,400.0,403.0,394.3999938964844,397.2999877929688,6133305.0,0,1
2025-07-31,388.0,396.1000061035156,384.7999877929688,391.3999938964844,2938178.0,0,1
2025-08-01,391.5,392.8500061035156,381.7999877929688,383.1000061035156,3141290.0,0,1
2025-08-04,383.1000061035156,386.6000061035156,373.0499877929688,382.3999938964844,8430624.0,0,1
2025-08-05,383.0,386.7999877929688,370.6499938964844,372.3500061035156,3095425.0,0,1
2025-08-06,372.0,372.8999938964844,359.3999938964844,360.3999938964844,4170067.0,0,1
2025-08-07,358.79998779296875,366.2999877929688,355.54998779296875,364.2000122070313,2148156.0,0,1
2025-08-08,358.95001220703125,365.7999877929688,341.20001220703125,343.3500061035156,5841196.0,1,0
2025-08-11,342.6000061035156,342.8500061035156,331.0,342.1000061035156,5044883.0,1,0
2025-08-12,342.1000061035156,357.5,340.1000061035156,354.8999938964844,7056392.0,0,1
2025-08-13,355.45001220703125,361.8999938964844,354.0,360.25,2379044.0,0,1
2025-08-14,361.0,368.0,358.1499938964844,359.25,2525023.0,0,1
2025-08-15,361.0,368.0,358.1499938964844,359.25,2525023.0,0,1
2025-08-18,363.0,366.3500061035156,359.8999938964844,364.2999877929688,2143775.0,0,1
2025-08-19,366.5,366.5,361.5,363.8500061035156,1024689.0,0,1
2025-08-20,363.8500061035156,365.0499877929688,358.29998779296875,359.45001220703125,998355.0,0,1
2025-08-21,360.0,361.4500122070313,354.79998779296875,357.75,2257658.0,0,1
2025-08-22,356.3500061035156,361.5,356.3500061035156,359.5,1023391.0,0,1
2025-08-25,361.1499938964844,363.7000122070313,358.20001220703125,359.95001220703125,932540.0,0,1
2025-08-26,358.95001220703125,363.2999877929688,355.6000061035156,358.29998779296875,4216073.0,0,1
2025-08-27,358.95001220703125,363.2999877929688,355.6000061035156,358.29998779296875,4216073.0,0,1
2025-08-28,361.0,362.6499938964844,350.8999938964844,353.25,2513036.0,0,1
2025-08-29,353.25,356.1000061035156,347.1499938964844,348.3500061035156,1810109.0,0,1
2025-09-01,349.0,353.3999938964844,346.79998779296875,352.54998779296875,1594809.0,0,1
2025-09-02,353.3999938964844,357.0,349.29998779296875,356.1000061035156,3049894.0,0,1
2025-09-03,355.5,363.5,353.8500061035156,361.5499877929688,2632511.0,0,1
2025-09-04,364.5,364.5499877929688,355.0,356.8500061035156,1203504.0,0,1
2025-09-05,354.0,364.7999877929688,354.0,363.7000122070313,2400088.0,0,1
2025-09-08,364.0,367.8500061035156,362.5,364.1499938964844,1348143.0,0,1
2025-09-09,364.1499938964844,366.5499877929688,361.2999877929688,364.5,819081.0,0,1
2025-09-10,366.0,370.7999877929688,363.0,364.2000122070313,1707668.0,0,1
2025-09-11,364.2000122070313,369.25,362.5499877929688,364.0499877929688,1755595.0,0,1
2025-09-12,364.0499877929688,366.7999877929688,363.2000122070313,365.2000122070313,1189542.0,0,1
2025-09-15,367.0,367.0,357.0,358.25,2232052.0,0,1
2025-09-16,359.45001220703125,361.9500122070313,358.3500061035156,360.20001220703125,968345.0,0,1
2025-09-17,360.9500122070313,362.2999877929688,353.0,354.3500061035156,3387333.0,0,1
2025-09-18,359.79998779296875,369.7999877929688,358.0,368.3999938964844,9086347.0,0,1
2025-09-19,370.6000061035156,373.8500061035156,367.6000061035156,369.2000122070313,14210253.0,0,1
2025-09-22,369.5,370.9500122070313,358.8500061035156,362.1499938964844,3850328.0,0,1
2025-09-23,360.6499938964844,364.3500061035156,358.1000061035156,359.5,836722.0,0,1
2025-09-24,359.5,361.25,356.1499938964844,358.95001220703125,1684569.0,0,1
2025-09-25,361.0,361.3999938964844,354.04998779296875,355.95001220703125,1822433.0,0,1
2025-09-26,349.0,350.29998779296875,337.70001220703125,338.8999938964844,3635613.0,0,1
2025-09-29,340.20001220703125,343.5,338.20001220703125,340.1499938964844,1703064.0,0,1
2025-09-30,341.0,342.79998779296875,337.04998779296875,341.0,845656.0,0,1
2025-10-01,341.0,348.29998779296875,341.0,346.45001220703125,1955193.0,0,1
2025-10-02,341.0,348.29998779296875,341.0,346.45001220703125,1955193.0,0,1
2025-10-03,347.6000061035156,352.95001220703125,346.75,352.25,2628207.0,0,1
2025-10-06,352.25,352.79998779296875,344.6000061035156,347.75,2505387.0,0,1
2025-10-07,349.29998779296875,351.1000061035156,346.8999938964844,347.79998779296875,1920469.0,0,1
2025-10-08,346.8999938964844,354.95001220703125,346.8999938964844,349.0,3503144.0,0,1
2025-10-09,350.8999938964844,356.54998779296875,350.5,352.5,2666494.0,0,1
2025-10-10,352.04998779296875,357.8999938964844,348.6000061035156,353.45001220703125,2001620.0,0,1
2025-10-13,353.45001220703125,353.45001220703125,346.95001220703125,349.3999938964844,833741.0,0,1
2025-10-14,351.20001220703125,355.8999938964844,342.95001220703125,351.8500061035156,4339891.0,0,1
2025-10-15,351.8500061035156,357.1499938964844,350.04998779296875,356.3999938964844,2332613.0,0,1
2025-10-16,356.45001220703125,360.1000061035156,356.0,358.20001220703125,1381944.0,0,1
2025-10-17,360.5,361.3500061035156,354.5,356.1499938964844,1510809.0,0,1
2025-10-20,357.95001220703125,364.9500122070313,356.70001220703125,364.2999877929688,2280530.0,0,1
2025-10-21,364.2999877929688,367.6000061035156,361.7999877929688,366.1000061035156,433779.0,0,1
2025-10-22,364.2999877929688,367.6000061035156,361.7999877929688,366.1000061035156,433779.0,0,1
2025-10-23,367.8999938964844,369.5499877929688,361.3999938964844,362.2999877929688,1776193.0,0,1
2025-10-24,364.2000122070313,365.2000122070313,357.8500061035156,359.5,1007188.0,0,1
2025-10-27,359.54998779296875,364.0,358.6499938964844,360.4500122070313,1247932.0,0,1
2025-10-28,360.5499877929688,368.2999877929688,359.8500061035156,365.75,1341101.0,0,1
2025-10-29,367.5499877929688,374.75,365.6000061035156,373.7000122070313,2588388.0,0,1
2025-10-30,380.0,380.2000122070313,371.6499938964844,376.6000061035156,7053197.0,0,1
2025-10-31,378.0,380.3500061035156,371.5,372.1000061035156,2113126.0,0,1
2025-11-03,372.1000061035156,380.0,372.0,377.1499938964844,5042950.0,0,1
2025-11-04,378.0,384.8999938964844,376.1000061035156,380.5,4295964.0,0,1
2025-11-05,378.0,384.8999938964844,376.1000061035156,380.5,4295964.0,0,1
2025-11-06,380.2000122070313,386.7999877929688,380.2000122070313,385.2000122070313,4037698.0,0,1
2025-11-07,384.0,384.4500122070313,376.1499938964844,380.3999938964844,2407710.0,0,1
2025-11-10,378.0,384.2999877929688,376.3500061035156,382.1499938964844,1642994.0,0,1
2025-11-11,384.0,388.5,381.25,385.1000061035156,2492054.0,0,1
2025-11-12,387.5,408.7999877929688,381.2000122070313,405.8999938964844,16384325.0,0,1
2025-11-13,407.1499938964844,423.1000061035156,405.75,417.0,12453552.0,1,0
2025-11-14,414.75,419.9500122070313,408.0,411.1499938964844,3320956.0,0,1
2025-11-17,412.5,423.1499938964844,409.6000061035156,420.9500122070313,3740504.0,0,1
2025-11-18,422.5,424.9500122070313,416.5,421.6000061035156,7436143.0,0,1
2025-11-19,424.0,424.4500122070313,408.4500122070313,410.1000061035156,3249725.0,0,1
2025-11-20,407.8999938964844,407.8999938964844,391.2999877929688,395.1499938964844,8463319.0,0,1
2025-11-21,395.4500122070313,401.8999938964844,395.0,396.8500061035156,3348385.0,0,1
2025-11-24,397.9500122070313,401.8999938964844,392.4500122070313,395.25,1994127.0,0,1
2025-11-25,395.0,396.6000061035156,391.6499938964844,393.25,1628532.0,0,1
2025-11-26,394.1499938964844,400.0,392.5,398.4500122070313,1595568.0,0,1
2025-11-27,397.9500122070313,404.0,396.7000122070313,399.6499938964844,1913627.0,0,1
2025-11-28,400.1000061035156,401.7999877929688,396.3999938964844,398.3500061035156,2397734.0,0,1
2025-12-01,398.3500061035156,401.0,392.6499938964844,394.5,1957799.0,0,1
2025-12-02,394.5,401.7000122070313,392.6499938964844,399.0,2851443.0,0,1
2025-12-03,402.0,412.5,400.0499877929688,410.0,10962895.0,0,1
2025-12-04,410.0,411.75,384.2000122070313,388.3500061035156,12104103.0,0,1
2025-12-05,389.2999877929688,394.0,386.2999877929688,392.6499938964844,4217316.0,0,1
2025-12-08,395.2000122070313,395.6000061035156,381.6000061035156,383.7999877929688,6232858.0,0,1
2025-12-09,383.0,386.8999938964844,375.5499877929688,383.6499938964844,4551712.0,0,1
2025-12-10,383.8999938964844,384.9500122070313,377.7999877929688,379.1499938964844,2562204.0,0,1
2025-12-11,379.0,382.7000122070313,376.3500061035156,381.75,1102516.0,0,1
2025-12-12,382.7000122070313,388.75,382.5,386.3500061035156,1966174.0,0,1
2025-12-15,389.0,391.6000061035156,383.5499877929688,390.6499938964844,1455127.0,0,1
2025-12-16,390.6499938964844,391.8999938964844,383.8999938964844,384.8999938964844,1015368.0,0,1
2025-12-17,385.0,388.7000122070313,383.75,386.1000061035156,1318360.0,0,1
2025-12-18,388.5,395.4500122070313,386.0499877929688,392.25,3763050.0,0,1
2025-12-19,394.8999938964844,401.4500122070313,393.3999938964844,398.5499877929688,4142159.0,0,1
2025-12-22,398.6499938964844,402.7999877929688,397.2999877929688,399.2999877929688,2260788.0,0,1
2025-12-23,400.6000061035156,403.7000122070313,399.0,401.5499877929688,1907267.0,0,1
2025-12-24,404.0,406.3500061035156,397.3500061035156,398.3500061035156,2707789.0,0,1
2025-12-25,404.0,406.3500061035156,397.3500061035156,398.3500061035156,2707789.0,0,1
2025-12-26,398.2999877929688,401.2000122070313,394.0499877929688,395.4500122070313,1962359.0,0,1
2025-12-29,396.3500061035156,399.2000122070313,388.0,390.3999938964844,4725731.0,0,1
2025-12-30,390.8999938964844,392.8999938964844,388.8999938964844,390.3999938964844,3936901.0,0,1
2025-12-31,393.0,394.9500122070313,388.1499938964844,393.8999938964844,1242838.0,0,1
2026-01-01,393.0,393.8999938964844,386.1000061035156,387.75,1345267.0,0,1
2026-01-02,387.75,394.75,386.3500061035156,392.9500122070313,1452427.0,0,1
2026-01-05,392.9500122070313,398.9500122070313,388.4500122070313,391.3500061035156,1485564.0,0,1
2026-01-06,391.4500122070313,394.6000061035156,382.9500122070313,385.1499938964844,1770828.0,0,1
2026-01-07,387.0499877929688,393.5499877929688,386.5499877929688,387.0499877929688,4830813.0,0,1
2026-01-08,387.0499877929688,388.3500061035156,376.2999877929688,377.9500122070313,1288204.0,0,1
2026-01-09,376.3500061035156,384.2999877929688,372.1499938964844,379.6000061035156,1597546.0,0,1
2026-01-12,380.0,380.6000061035156,365.9500122070313,371.7999877929688,2148460.0,0,1
2026-01-13,377.0,383.9500122070313,369.5,377.2999877929688,5162057.0,0,1
2026-01-14,375.3999938964844,383.8500061035156,372.9500122070313,379.0,3555556.0,0,1
2026-01-15,379.0,379.0,379.0,379.0,0.0,0,1
2026-01-16,380.2000122070313,385.25,374.5,377.6499938964844,3434497.0,0,1
2026-01-19,376.5,378.3999938964844,372.5499877929688,376.0499877929688,2516848.0,0,1
2026-01-20,375.0,376.0499877929688,365.0,366.8500061035156,9421803.0,0,1
2026-01-21,365.0,370.0499877929688,359.04998779296875,364.8500061035156,2608596.0,0,1
2026-01-22,365.0,374.2999877929688,365.0,373.0,1700808.0,0,1
2026-01-23,372.5499877929688,375.7999877929688,365.1499938964844,366.2000122070313,1896911.0,0,1
2026-01-26,372.5499877929688,375.7999877929688,365.1499938964844,366.2000122070313,1896911.0,0,1
2026-01-27,367.6499938964844,369.7000122070313,359.29998779296875,365.25,3333643.0,0,1
2026-01-28,363.3500061035156,371.6499938964844,363.3500061035156,370.5,2519290.0,0,1
2026-01-29,371.2000122070313,371.2000122070313,359.1000061035156,365.2999877929688,3013441.0,0,1
2026-01-30,364.0,368.0,360.0,366.7999877929688,1851119.0,0,1
2026-02-02,369.8999938964844,372.25,360.5499877929688,370.1499938964844,4695435.0,0,1
2026-02-03,385.0,387.7000122070313,370.8999938964844,372.2999877929688,4840490.0,0,1
2026-02-04,373.7999877929688,376.5,366.1000061035156,368.5499877929688,1872248.0,0,1
2026-02-05,368.5499877929688,370.0,363.5,367.7999877929688,1513592.0,0,1
2026-02-06,367.7999877929688,367.8500061035156,361.1000061035156,365.3999938964844,1797290.0,0,1
2026-02-09,368.8500061035156,375.0,366.3999938964844,373.9500122070313,2278289.0,0,1
2026-02-10,374.0,375.0,366.75,371.0499877929688,2703185.0,0,1
2026-02-11,371.1000061035156,376.7999877929688,367.2999877929688,375.2000122070313,2634512.0,0,1
2026-02-12,377.2000122070313,389.2000122070313,371.25,375.0499877929688,8323909.0,0,1
2026-02-13,374.0,381.8999938964844,368.2999877929688,377.9500122070313,5387172.0,0,1
2026-02-16,377.0,384.25,374.6000061035156,380.3500061035156,2108997.0,0,1
2026-02-17,380.2000122070313,381.2000122070313,376.8999938964844,379.3500061035156,1118253.0,0,1
2026-02-18,379.7000122070313,382.8999938964844,375.75,378.9500122070313,1489234.0,0,1
2026-02-19,379.0,387.0,377.6000061035156,382.6499938964844,2784719.0,0,1
2026-02-20,384.1000061035156,388.75,381.6499938964844,383.9500122070313,3482530.0,0,1
2026-02-23,386.9500122070313,389.2999877929688,383.2000122070313,387.7000122070313,3572627.0,0,1
2026-02-24,386.9500122070313,392.0,385.0499877929688,390.75,2179315.0,0,1
2026-02-25,392.0,396.8500061035156,390.2999877929688,395.8500061035156,3958867.0,0,1
2026-02-26,394.8500061035156,401.0499877929688,389.2000122070313,394.8500061035156,5256998.0,0,1
2026-02-27,395.0499877929688,395.7000122070313,388.7999877929688,389.7999877929688,4394250.0,0,1
2026-03-02,380.0,389.9500122070313,380.0,387.9500122070313,2439315.0,0,1
2026-03-03,380.0,389.9500122070313,380.0,387.9500122070313,2439315.0,0,1
2026-03-04,382.1000061035156,385.6000061035156,375.3500061035156,378.3500061035156,2886127.0,0,1
2026-03-05,380.2999877929688,389.0,379.6499938964844,386.7999877929688,2832306.0,0,1
2026-03-06,387.0,394.25,385.7999877929688,390.7000122070313,2552685.0,0,1
2026-03-09,384.9500122070313,390.9500122070313,379.3999938964844,389.7000122070313,2914481.0,0,1
2026-03-10,393.6499938964844,398.4500122070313,392.3999938964844,395.7999877929688,3554902.0,0,1
2026-03-11,395.7999877929688,402.7999877929688,394.25,395.3500061035156,3931225.0,0,1
2026-03-12,390.5,397.5,389.0,392.2000122070313,1921703.0,0,1
2026-03-13,393.3999938964844,398.7000122070313,382.6000061035156,383.5499877929688,4757886.0,0,1
2026-03-16,383.0,387.8999938964844,369.1000061035156,377.0499877929688,2652299.0,0,1
2026-03-17,379.9500122070313,383.0499877929688,374.9500122070313,377.5499877929688,2698117.0,0,1
2026-03-18,381.0,386.0,377.0,382.6000061035156,2240407.0,0,1
2026-03-19,378.9500122070313,379.8999938964844,366.25,368.5499877929688,2008502.0,0,1
2026-03-20,372.5,382.6499938964844,369.9500122070313,380.9500122070313,12193711.0,0,1
2026-03-23,378.0,378.3999938964844,365.5499877929688,367.1499938964844,3017643.0,0,1
2026-03-24,374.0,377.2000122070313,367.1000061035156,369.0499877929688,4115023.0,0,1
2026-03-25,371.0,382.0,371.0,379.6499938964844,2037267.0,0,1
2026-03-26,371.0,382.0,371.0,379.6499938964844,2037267.0,0,1
2026-03-27,378.5499877929688,378.9500122070313,368.2000122070313,370.1000061035156,4192803.0,0,1
2026-03-30,365.0,369.9500122070313,357.29998779296875,360.8999938964844,3227869.0,0,1
2026-03-31,365.0,369.9500122070313,357.29998779296875,360.8999938964844,3227869.0,0,1
2026-04-01,369.0,371.8999938964844,362.0,365.2000122070313,2832071.0,0,1
2026-04-02,362.25,363.1499938964844,342.1000061035156,352.54998779296875,5941534.0,1,0
2026-04-03,362.25,363.1499938964844,342.1000061035156,352.54998779296875,5941534.0,0,1
2026-04-06,353.95001220703125,356.95001220703125,346.25,355.0,3066911.0,0,1
2026-04-07,354.04998779296875,361.0499877929688,337.70001220703125,340.04998779296875,15931957.0,0,1
2026-04-08,351.6499938964844,353.6000061035156,344.25,349.79998779296875,6053110.0,0,1
2026-04-09,350.5,351.95001220703125,344.29998779296875,345.70001220703125,2365693.0,0,1
2026-04-10,347.0,350.5,346.1000061035156,348.6000061035156,2064193.0,0,1
2026-04-13,344.04998779296875,346.5,338.0,345.0,3581778.0,0,1
2026-04-14,344.04998779296875,346.5,338.0,345.0,3581778.0,0,1
2026-04-15,347.8999938964844,351.8500061035156,347.8999938964844,350.3500061035156,3655984.0,0,1
2026-04-16,353.04998779296875,355.0,347.0,350.75,2652908.0,0,1
2026-04-17,351.0,358.70001220703125,349.1499938964844,358.1000061035156,2422877.0,0,1
2026-04-20,359.5,362.5,355.04998779296875,359.04998779296875,1867816.0,0,1
2026-04-21,360.0,364.7000122070313,359.04998779296875,361.5,2237236.0,0,1
2026-04-22,362.4500122070313,362.5,356.20001220703125,357.79998779296875,2600977.0,0,1
2026-04-23,357.45001220703125,364.7999877929688,355.6000061035156,358.0,2299349.0,0,1
2026-04-24,358.04998779296875,358.95001220703125,348.5,349.8500061035156,1586087.0,0,1
2026-04-27,351.25,362.5499877929688,350.5,362.0,4058236.0,0,1
2026-04-28,361.9500122070313,364.7000122070313,359.1499938964844,362.7999877929688,4198319.0,0,1
2026-04-29,364.7000122070313,368.2000122070313,361.25,362.25,1477358.0,0,1
2026-04-30,360.5,361.6499938964844,354.25,359.6499938964844,1996623.0,0,1
2026-05-01,359.6499938964844,359.6499938964844,359.6499938964844,359.6499938964844,0.0,0,1
2026-05-04,359.20001220703125,366.5,359.20001220703125,360.6000061035156,2608351.0,0,1
2026-05-05,360.6000061035156,370.8999938964844,359.20001220703125,368.25,2660976.0,0,1
2026-05-06,372.7999877929688,384.5,371.0499877929688,380.6000061035156,6230919.0,0,1
2026-05-07,384.0,386.2999877929688,379.6000061035156,382.25,5229003.0,0,1
2026-05-08,379.0,396.3999938964844,377.25,380.3999938964844,5679695.0,0,1
2026-05-11,380.4500122070313,396.25,371.75,390.4500122070313,12928412.0,0,1
2026-05-12,392.8999938964844,406.6000061035156,392.25,402.4500122070313,11231905.0,0,1
2026-05-13,403.0499877929688,420.25,402.8500061035156,417.6000061035156,11445147.0,0,1
2026-05-14,417.5499877929688,424.3999938964844,416.5,419.0,8089949.0,0,1
2026-05-15,418.0,434.6000061035156,417.2999877929688,430.1000061035156,8177038.0,0,1
2026-05-18,428.4500122070313,431.8500061035156,422.3500061035156,426.25,3394086.0,0,1
2026-05-19,427.0,435.75,425.1499938964844,428.1499938964844,3984186.0,0,1
2026-05-20,426.0,436.8999938964844,425.2000122070313,432.7000122070313,4845230.0,0,1
2026-05-21,436.0,436.75,429.1000061035156,430.8500061035156,2683900.0,0,1
2026-05-22,433.0,433.2000122070313,421.75,430.25,3777650.0,0,1
2026-05-25,430.5499877929688,432.5,427.1499938964844,430.0499877929688,1976858.0,0,1
2026-05-26,430.0499877929688,440.3999938964844,429.5,436.1499938964844,7107481.0,0,1
2026-05-27,436.1499938964844,438.4500122070313,430.2999877929688,432.2000122070313,2573291.0,0,1
2026-05-28,432.2000122070313,432.2000122070313,432.2000122070313,432.2000122070313,0.0,0,1
2026-05-29,432.2000122070313,440.0,425.6499938964844,428.6499938964844,6229370.0,0,1
2026-06-01,431.2000122070313,435.0,424.5,425.6499938964844,4681079.0,0,1
2026-06-02,425.0,426.25,410.3500061035156,416.7999877929688,3030795.0,0,1
2026-06-03,415.0,417.3500061035156,411.1499938964844,412.4500122070313,2368146.0,0,1
2026-06-04,413.3999938964844,419.5,406.0499877929688,416.0499877929688,2493074.0,0,1
2026-06-05,416.2999877929688,425.0,411.5,412.2999877929688,2479909.0,0,1
2026-06-08,410.1000061035156,417.5,405.7999877929688,409.25,2875099.0,0,1
2026-06-09,411.6000061035156,417.5,410.0,416.3500061035156,3205041.0,0,1
2026-06-10,416.5499877929688,421.5499877929688,412.7999877929688,414.6000061035156,3001231.0,0,1
2026-06-11,414.6499938964844,419.7999877929688,412.1499938964844,415.9500122070313,1772908.0,0,1
2026-06-12,419.5,422.1499938964844,414.5,419.0,1674659.0,0,1
2026-06-15,422.0,422.1499938964844,412.8999938964844,416.0499877929688,3231332.0,0,1
2026-06-16,418.0,423.5499877929688,413.6499938964844,416.4500122070313,2806167.0,0,1
2026-06-17,416.4500122070313,417.7000122070313,406.75,411.8500061035156,1646656.0,0,1
2026-06-18,411.8500061035156,415.3999938964844,409.6000061035156,413.8500061035156,1664666.0,0,1
2026-06-19,413.0,417.7000122070313,412.1000061035156,415.5,1865496.0,0,1
2026-06-22,416.0,424.5,413.1000061035156,421.1000061035156,3013075.0,0,1
