Date,Open,High,Low,Close,Volume,is_outlier,data_quality
2021-01-01,566.9439013965767,571.7908430763953,564.985545951338,569.391845703125,873143.0,0,1
2021-01-04,568.902212870496,578.4491949281334,568.902212870496,572.1824340820312,1812702.0,0,1
2021-01-05,569.8814262760305,573.3085482553537,563.5167711715732,570.126220703125,1240679.0,0,1
2021-01-06,571.8398122680919,583.3940978918882,565.7688981986936,573.945068359375,2493024.0,0,1
2021-01-07,576.7356399365369,607.0901473016179,571.9376455118359,601.1171875,6427840.0,0,1
2021-01-08,609.0485390550492,624.3236875114957,601.0682167678342,617.7632446289062,7907269.0,1,0
2021-01-11,621.2392939839474,631.4717127414732,615.021479827813,628.5341796875,3289035.0,0,1
2021-01-12,628.5831517207072,647.872964831636,626.7716370731916,630.5904541015625,4088271.0,0,1
2021-01-13,632.5488285545478,643.2708369047268,618.3507511334318,627.4570922851562,2438828.0,0,1
2021-01-14,628.3383719468014,637.3468191683852,622.3653518339744,625.694580078125,1547673.0,0,1
2021-01-15,625.2049235346145,629.3664285072412,613.7974801157103,620.5048828125,1437341.0,0,1
2021-01-18,616.24547260548,624.4705893382202,601.6068135402061,614.3850708007812,1575429.0,0,1
2021-01-19,614.0913595005367,626.2820748688331,613.9444589300138,615.6580200195312,1676565.0,0,1
2021-01-20,618.840274182632,621.5819596470448,604.8869926840521,606.9922485351562,2288161.0,0,1
2021-01-21,610.027702052029,638.9134439629998,607.97145280475,615.021484375,4964084.0,0,1
2021-01-22,618.7913227796522,629.9539120392627,607.4818329680458,612.0349731445312,2690499.0,0,1
2021-01-25,616.5392585408817,629.0237741314456,596.2213214032976,621.8267822265625,2350783.0,0,1
2021-01-26,616.5392585408817,629.0237741314456,596.2213214032976,621.8267822265625,2350783.0,0,1
2021-01-27,624.666383182495,636.1717203749839,616.4902140850214,631.4716796875,3617581.0,0,1
2021-01-28,608.6567764516358,615.7068671731053,574.9731026379055,582.023193359375,9413919.0,1,0
2021-01-29,587.5066195246472,587.5066195246472,556.8583694922976,566.650146484375,7086937.0,1,0
2021-02-01,568.4127102903964,576.6378276783427,548.3885124194742,560.6282348632812,5375994.0,0,1
2021-02-02,567.0417562883628,572.7210345006102,555.7322663223038,566.307373046875,3496097.0,0,1
2021-02-03,569.0980907323943,578.6940202317775,564.5448905253728,566.650146484375,3767441.0,0,1
2021-02-04,571.2522628227687,582.6106996154496,566.5032153791116,578.1065063476562,2572238.0,0,1
2021-02-05,582.2190551140609,582.2190551140609,566.9928533454922,568.6085205078125,1793709.0,0,1
2021-02-08,569.8814043387558,576.7356480335519,565.8177930997076,568.118896484375,2405253.0,0,1
2021-02-09,567.9230658444015,568.7553429834679,554.2145780481574,556.4666748046875,2787359.0,0,1
2021-02-10,559.0615342156364,563.0271920502678,551.3260062800222,560.9219360351562,2102358.0,0,1
2021-02-11,564.4959394059807,568.7063915284892,555.1937513325083,559.7958984375,1999144.0,0,1
2021-02-12,562.1948547287088,565.670923328712,554.2145332157467,555.8302001953125,2219681.0,0,1
2021-02-15,562.047965242913,562.047965242913,554.6062390861674,557.6906127929688,2649311.0,0,1
2021-02-16,560.0895939597261,562.4396441337921,554.899964569944,556.613525390625,1777197.0,0,1
2021-02-17,556.1239955492567,556.1239955492567,548.9760101779549,553.1864624023438,1890083.0,0,1
2021-02-18,553.3332839286888,555.9281286904568,544.6186384216013,548.6821899414062,2625977.0,0,1
2021-02-19,550.0040163683138,554.1165738410947,540.5059826194336,544.765380859375,1861565.0,0,1
2021-02-22,547.5072597323996,548.2905899751313,531.6935152533207,535.561279296875,2098907.0,0,1
2021-02-23,538.3518496525988,544.8144578767349,534.924727943579,538.9393920898438,1704931.0,0,1
2021-02-24,544.4228001269388,547.9478159342855,532.1830789010634,535.218505859375,1910674.0,0,1
2021-02-25,538.547763595289,539.9675832885299,531.9872607040929,533.0643920898438,2549968.0,0,1
2021-02-26,528.755941261159,532.7705457983631,519.9433422401397,523.9579467773438,2723869.0,0,1
2021-03-01,526.6997504735575,536.0998332327531,521.1184251884176,534.9737548828125,1633766.0,0,1
2021-03-02,538.5476297009537,544.6674891293736,532.6725646496706,540.554931640625,3078825.0,0,1
2021-03-03,546.0873709182616,557.1520660773142,541.2893766719976,555.8302001953125,2932503.0,0,1
2021-03-04,550.29788671875,557.9354610940218,548.9760206830501,550.7874755859375,1956062.0,0,1
2021-03-05,550.150859271537,554.997799891696,537.029916515556,540.554931640625,1563136.0,0,1
2021-03-08,542.3665395801827,549.8082660249489,538.058133892626,545.2550659179688,2338848.0,0,1
2021-03-09,553.2352951193517,561.705204516703,539.3799093978298,543.9820556640625,3205168.0,0,1
2021-03-10,547.3603130604313,547.4092599906792,537.5685364403878,541.7300415039062,1385971.0,0,1
2021-03-11,547.3603130604313,547.4092599906792,537.5685364403878,541.7300415039062,1385971.0,0,1
2021-03-12,543.4436085314086,545.4019638774678,527.8746596245336,532.476806640625,1672495.0,0,1
2021-03-15,536.050819024758,536.050819024758,516.6631134143191,522.146484375,1645296.0,0,1
2021-03-16,522.8809287607523,528.5601478693451,517.7891924079813,526.4059448242188,2281341.0,0,1
2021-03-17,526.6996959673006,536.4424660347024,523.7621629385131,526.5527954101562,3253910.0,0,1
2021-03-18,531.5955999004904,532.6726714701839,508.4380232737004,514.0193481445312,1767057.0,0,1
2021-03-19,514.019355660172,528.5111739518533,506.87137026268033,525.1819458007812,2395956.0,0,1
2021-03-22,527.4830724844346,532.2810076609672,523.1746664247662,531.44873046875,3421043.0,0,1
2021-03-23,535.6101935650247,546.3322011660255,530.9590995624034,542.7581787109375,2741088.0,0,1
2021-03-24,538.5478062229503,550.2000462996647,537.7155289735872,539.6248779296875,2732975.0,0,1
2021-03-25,539.8206398230539,546.919677960865,529.8330155935566,535.022705078125,3593649.0,0,1
2021-03-26,538.5477440655127,548.2416273643979,537.2748249869381,543.0029907226562,1863902.0,0,1
2021-03-29,538.5477440655127,548.2416273643979,537.2748249869381,543.0029907226562,1863902.0,0,1
2021-03-30,548.535317072884,549.2697002910918,539.2820765706135,541.436279296875,1196785.0,0,1
2021-03-31,538.5476276099429,547.8498139050237,537.6173970275844,544.765380859375,1487197.0,0,1
2021-04-01,547.3603631367764,550.2000025220837,540.7509133135684,546.6749267578125,1157038.0,0,1
2021-04-02,547.3603631367764,550.2000025220837,540.7509133135684,546.6749267578125,1157038.0,0,1
2021-04-05,542.4645178024675,542.4645178024675,521.2652938779439,528.5601806640625,1833323.0,0,1
2021-04-06,530.7142850696049,536.1487090616537,523.6641940530975,529.735107421875,1951613.0,0,1
2021-04-07,532.6236830526022,536.5403935671698,527.0913055450718,532.1340942382812,1383196.0,0,1
2021-04-08,534.5820054540509,543.1498091780833,532.2809023096144,535.0715942382812,1345132.0,0,1
2021-04-09,541.974929969204,541.974929969204,524.6434703913183,526.0143432617188,1244589.0,0,1
2021-04-12,520.5308620243087,521.3142520267376,497.520215045352,504.91302490234375,2201004.0,1,0
2021-04-13,509.2213616979144,515.0474810889408,504.27652616122526,513.2849731445312,1136807.0,0,1
2021-04-14,509.2213616979144,515.0474810889408,504.27652616122526,513.2849731445312,1136807.0,0,1
2021-04-15,517.9850263420108,517.9850263420108,506.23489341931867,511.3266296386719,1116960.0,0,1
2021-04-16,511.2286676159865,516.0266623863859,507.2140628389903,508.2421875,1988015.0,0,1
2021-04-19,502.318128318886,509.1234248561751,496.93265130961913,507.1650695800781,1475111.0,0,1
2021-04-20,507.7036183025621,516.418323409603,507.4588238867942,512.0120239257812,2128604.0,0,1
2021-04-21,507.7036183025621,516.418323409603,507.4588238867942,512.0120239257812,2128604.0,0,1
2021-04-22,509.1724084878503,511.3266113996902,505.79423344022223,508.0953369140625,1061097.0,0,1
2021-04-23,506.332723613673,514.5088926027386,506.1858828291654,511.2776184082031,1340593.0,0,1
2021-04-26,511.1307336436558,514.6068023506407,505.69630963535417,507.2629699707031,1440846.0,0,1
2021-04-27,517.0058444226274,517.0058444226274,506.4796837644016,510.0046997070313,1604048.0,0,1
2021-04-28,515.0474675107197,526.4059048657069,510.1515790362832,524.9861450195312,1844620.0,0,1
2021-04-29,528.7559820844241,530.3716492687221,512.4037017967377,514.3131103515625,2260360.0,0,1
2021-04-30,513.0401561757993,521.1673189477306,505.2556816853527,508.7317504882813,1001011.0,0,1
2021-05-03,506.23491946034574,515.0475196056902,501.8775663245159,513.8235473632812,1365561.0,0,1
2021-05-04,514.0683141325687,519.943380579798,510.7390859067655,515.1453857421875,1221920.0,0,1
2021-05-05,519.6496096038069,533.6518385524215,515.047462529493,530.8612060546875,2649970.0,0,1
2021-05-06,534.092449495565,540.3102035317371,526.650663659331,532.1340942382812,1607023.0,0,1
2021-05-07,534.6309969030743,539.9675270484572,530.7142863030518,536.5404052734375,1369570.0,0,1
2021-05-10,537.568599345218,543.4436660047286,532.721657398268,540.0654907226562,1043521.0,0,1
2021-05-11,537.0789519261126,545.401962120045,534.6310077514265,543.4925537109375,977801.0,0,1
2021-05-12,546.3810806299037,562.3906098931959,540.0653733902016,547.751953125,3212609.0,0,1
2021-05-13,546.3810806299037,562.3906098931959,540.0653733902016,547.751953125,3212609.0,0,1
2021-05-14,548.5353316586353,559.110438329172,546.2342283218413,553.5291137695312,2216049.0,0,1
2021-05-17,559.1104589225164,559.1104589225164,551.2770374314829,554.6552124023438,1222315.0,0,1
2021-05-18,559.6000519935011,565.3772242924903,556.3198306250539,561.5094604492188,1795905.0,0,1
2021-05-19,563.9084450934763,567.237613319028,556.5156058600007,560.4813232421875,1450790.0,0,1
2021-05-20,557.6417273284513,571.0564744251147,555.6833718330047,560.236572265625,4302709.0,0,1
2021-05-21,564.0063278178244,565.2792468131721,558.3760563161708,560.3344116210938,1083285.0,0,1
2021-05-24,577.3721957350018,587.408767873135,559.3063539335083,561.2647094726562,9339511.0,0,1
2021-05-25,567.8740618331934,581.8273426518758,562.194843698441,576.0501708984375,4705386.0,0,1
2021-05-26,579.624250467324,584.520138958873,576.0502279627879,578.547119140625,2193455.0,0,1
2021-05-27,580.4565332769639,593.1368965468312,578.7429722881782,589.6608276367188,3921389.0,0,1
2021-05-28,594.36089446335,600.6766029059704,584.4222163915756,598.5223999023438,2497007.0,0,1
2021-05-31,595.3400350255786,604.7891236319365,594.4587511996051,599.6973876953125,2167092.0,0,1
2021-06-01,603.1734532561816,611.3985697062892,597.7879759949657,599.6484375,2753791.0,0,1
2021-06-02,599.5994458977909,605.6214127108071,598.3754737621588,603.2713623046875,1091076.0,0,1
2021-06-03,604.1525739753134,604.9359040956876,597.0535364367056,601.410888671875,1354140.0,0,1
2021-06-04,604.1526622811739,631.3737913516864,598.5713372407961,616.2454833984375,6477511.0,0,1
2021-06-07,621.7778375157058,628.6320813938316,613.4548270922671,620.1621704101562,2846455.0,0,1
2021-06-08,621.7778144865097,632.2060804776968,608.2651747229622,626.624755859375,2613617.0,0,1
2021-06-09,628.6320897894143,634.409262183839,615.1194493449246,619.4277954101562,2140346.0,0,1
2021-06-10,625.6945893873561,633.3811109068301,616.9309364720349,630.9331665039062,1866797.0,0,1
2021-06-11,634.1154307100903,642.3405469857342,629.9049787116642,632.5977172851562,2125935.0,0,1
2021-06-14,633.5280068212381,638.2280480874604,623.6383354118067,634.2623901367188,1330851.0,0,1
2021-06-15,637.4447031302362,645.278124981299,633.4790452709889,639.1582641601562,1695689.0,0,1
2021-06-16,641.3124318187689,647.0895442573469,627.0164018689946,638.6686401367188,1441743.0,0,1
2021-06-17,631.5695456772199,660.4552845880385,631.5205987505615,648.9010009765625,5239072.0,0,1
2021-06-18,654.4334153489126,664.8616821334425,629.4154361699403,658.7418212890625,3412990.0,0,1
2021-06-21,643.3196623318657,666.2324413343194,641.9487898306312,657.175048828125,2268647.0,0,1
2021-06-22,662.7074337296156,664.6657890655566,650.7125072969762,659.81884765625,2262757.0,0,1
2021-06-23,669.5617596980501,669.7576072085673,646.2573402889684,649.8803100585938,1435280.0,0,1
2021-06-24,655.510472464287,664.8616068224131,648.313481067963,661.091796875,1495153.0,0,1
2021-06-25,663.8824517312729,666.2814489448061,645.2780762402786,650.3698120117188,1631192.0,0,1
2021-06-28,653.1115341070338,660.9449558054689,645.8655951302753,656.8323974609375,1265218.0,0,1
2021-06-29,657.6157433255594,663.49080973918,650.1740164406798,653.6500854492188,988787.0,0,1
2021-06-30,654.0906790607127,659.916798109989,646.4531052401015,647.8729248046875,879938.0,0,1
2021-07-01,650.1739469286939,652.9645792711026,646.8447190778732,650.125,880033.0,0,1
2021-07-02,649.1948468436362,652.1323800872726,646.453161102429,648.6563110351562,1314519.0,0,1
2021-07-05,649.2926270862376,656.0489762699441,646.3061474306959,647.0894775390625,968320.0,0,1
2021-07-06,647.6281579312384,649.7823010706227,640.871807861674,643.1728515625,927820.0,0,1
2021-07-07,640.9697057816812,651.1531778828481,639.2561447872528,650.027099609375,933315.0,0,1
2021-07-08,651.153178352915,655.3636305608403,640.23532296054,643.2218627929688,830310.0,0,1
2021-07-09,643.2218683159383,646.2572953429035,640.3822290216043,641.606201171875,300258.0,0,1
2021-07-12,644.6906203594635,648.4114836595335,640.9207503630757,646.5020751953125,833537.0,0,1
2021-07-13,649.1947939906469,649.1947939906469,635.8289949145465,637.7384033203125,838252.0,0,1
2021-07-14,638.9134052526997,640.7248599672524,627.0163731112558,634.0175170898438,995306.0,0,1
2021-07-15,636.9551243283696,640.4311933768471,625.6945802395513,637.5916137695312,1244132.0,0,1
2021-07-16,629.61133337028,660.1616930698724,620.0643496994243,653.5032958984375,10486985.0,0,1
2021-07-19,652.9156560984,662.9032802499967,642.9280319468031,646.2083129882812,2325938.0,0,1
2021-07-20,645.7676550474059,651.1041851503844,635.7800311438587,640.0394897460938,1097891.0,0,1
2021-07-21,645.7676550474059,651.1041851503844,635.7800311438587,640.0394897460938,1097891.0,0,1
2021-07-22,642.9770359623753,663.6866076649218,642.9770359623753,660.6022338867188,1689336.0,0,1
2021-07-23,665.840879935022,674.0659970634559,649.9781881954812,669.2190551757812,3195921.0,0,1
2021-07-26,675.632676494287,675.632676494287,640.4801698550359,643.956298828125,3710716.0,0,1
2021-07-27,644.2499688873176,648.2156265531056,629.1706086539419,631.0800170898438,1752498.0,0,1
2021-07-28,634.4092542888224,634.5071481528936,616.0006657593954,622.7080688476562,1844171.0,0,1
2021-07-29,626.6737485305644,629.6112817268013,620.2111994045492,624.7153930664062,984828.0,0,1
2021-07-30,627.1143397116889,634.5071190377487,623.7361648565524,627.4080810546875,1165344.0,0,1
2021-08-02,633.5279480566219,640.8717805302304,628.6320597408829,637.689453125,1045179.0,0,1
2021-08-03,638.4238088370605,653.1114731507965,636.7102480004579,639.0112915039062,1614724.0,0,1
2021-08-04,643.2218644880062,643.3687052866057,628.1425037807059,629.6602172851562,640150.0,0,1
2021-08-05,633.5279864986378,636.1717783024126,622.7570315504383,633.1362915039062,846984.0,0,1
2021-08-06,633.0384244515974,639.0113849065318,629.3175609011006,634.3602905273438,622651.0,0,1
2021-08-09,634.9966940991917,641.1165542967552,626.6736842305054,629.7581176757812,702209.0,0,1
2021-08-10,632.5488266414775,635.437412957477,621.0434880764042,624.0299682617188,855463.0,0,1
2021-08-11,624.0299127331361,636.3675871466021,616.5881863993719,632.5977172851562,1765843.0,0,1
2021-08-12,637.8363793825629,645.2781060166548,631.9123064703917,642.2916259765625,1769937.0,0,1
2021-08-13,649.096876395236,652.1323031498391,643.3197044586251,646.746826171875,1678263.0,0,1
2021-08-16,646.2573334669324,647.0406637364629,640.5291673714557,642.9771118164062,750588.0,0,1
2021-08-17,642.9771168489732,652.1324052390388,636.4655606687315,646.4531860351562,842924.0,0,1
2021-08-18,644.4458259726864,713.6246944915986,644.4458259726864,709.3652954101562,17766746.0,1,0
2021-08-19,644.4458259726864,713.6246944915986,644.4458259726864,709.3652954101562,17766746.0,0,1
2021-08-20,703.0495448679919,716.3663368539378,682.0461725566183,689.2431640625,6318744.0,1,0
2021-08-23,700.6015770350923,700.6015770350923,681.2628193181907,687.2357788085938,2647125.0,0,1
2021-08-24,690.3203123527197,691.6911851056517,673.9190850734175,678.4232788085938,1621285.0,0,1
2021-08-25,679.0596704449865,680.9690787314614,664.1272119384457,669.414794921875,1642981.0,0,1
2021-08-26,667.8970744720118,678.4232345769238,661.4834725934994,670.1492309570312,2759111.0,0,1
2021-08-27,670.7367434248333,690.2224041103267,667.1627208132867,685.8650512695312,2751709.0,0,1
2021-08-30,690.8097927466139,702.0703350805417,688.8024906312434,693.8942260742188,2026109.0,0,1
2021-08-31,695.2161223956471,710.5892232521775,692.3764833421299,700.2589111328125,2952559.0,0,1
2021-09-01,704.02882266363,725.8644751689111,687.627594875569,720.381103515625,2617635.0,0,1
2021-09-02,729.4873968784889,745.0563464356953,724.0529725190255,732.473876953125,6220305.0,1,0
2021-09-03,734.3343175280993,760.8210619800876,733.5509873321951,737.2718505859375,5197255.0,0,1
2021-09-06,741.2374949405496,743.489591624901,730.6623880752277,733.6978149414062,1064115.0,0,1
2021-09-07,733.6978073652505,744.0281197068143,725.5706447547233,736.9780883789062,1383997.0,0,1
2021-09-08,737.1739213103239,743.9302714722437,724.6894054021026,732.5228271484375,1380649.0,0,1
2021-09-09,729.4873657069049,748.7282308691745,727.8716986422518,739.6708374023438,1267467.0,0,1
2021-09-10,729.4873657069049,748.7282308691745,727.8716986422518,739.6708374023438,1267467.0,0,1
2021-09-13,741.2375627317026,743.3428188168987,733.502034538571,738.8875122070312,889775.0,0,1
2021-09-14,738.8874496120834,755.7293175740876,736.8312004003918,743.0979614257812,2023070.0,0,1
2021-09-15,743.0980024258404,746.7209122116402,734.7259850316802,736.8801879882812,972664.0,0,1
2021-09-16,739.2302451776303,744.5667758020181,725.7176043475152,727.626953125,1847717.0,0,1
2021-09-17,728.5082647402679,752.5960141041985,725.2769900349995,726.3051147460938,3950356.0,0,1
2021-09-20,723.6122342241489,736.194642266728,717.2475799312436,722.633056640625,1632456.0,0,1
2021-09-21,724.542537975642,735.0197511291755,713.3309415603785,731.298828125,1035741.0,0,1
2021-09-22,729.4874163419875,765.6680457899232,729.4874163419875,757.3939819335938,3854537.0,0,1
2021-09-23,767.675239241758,825.9363065056415,759.2053290867676,811.8851318359375,15131123.0,1,0
2021-09-24,817.5643698113254,835.4833083930087,800.7225027112602,810.46533203125,4833080.0,1,0
2021-09-27,812.8154472598342,817.025959504464,789.315180655843,804.5414428710938,2415356.0,0,1
2021-09-28,802.9257210388945,828.2374409000855,797.1975553493837,809.7310180664062,2897964.0,0,1
2021-09-29,801.946557511032,817.9071424903276,800.0371489926764,809.9268798828125,1606839.0,0,1
2021-09-30,808.8007945803126,847.9189563436784,808.8007945803126,835.3364868164062,7981474.0,0,1
2021-10-01,837.1969424502304,851.3460723193475,822.6071706585499,847.1356201171875,3601848.0,0,1
2021-10-04,850.8564766695256,854.4304394256352,840.7219515885521,848.751220703125,2235401.0,0,1
2021-10-05,846.9887676909266,868.1879902330597,845.0304121586931,863.9774780273438,3159781.0,0,1
2021-10-06,871.2233551666836,871.2233551666836,842.0928187056453,855.4586181640625,2535979.0,0,1
2021-10-07,860.5993295708059,896.877852462522,859.7180457093611,883.9037475585938,3629362.0,0,1
2021-10-08,888.6037529262632,906.2289513314122,882.239097946626,895.3110961914062,2406100.0,0,1
2021-10-11,891.051673639469,899.4725776384889,874.4056533626876,877.1473388671875,1477775.0,0,1
2021-10-12,881.2598763558071,899.3257157739532,873.6712496427433,887.0370483398438,2944902.0,0,1
2021-10-13,893.9892685156684,900.6476651344543,878.8609606169586,882.2391357421875,2176597.0,0,1
2021-10-14,886.841202545058,890.9537605953897,866.9149016665709,870.0972290039062,1085377.0,0,1
2021-10-15,886.841202545058,890.9537605953897,866.9149016665709,870.0972290039062,1085377.0,0,1
2021-10-18,884.4911601252529,884.4911601252529,861.6763328116157,865.1034545898438,1839400.0,0,1
2021-10-19,865.6909232769216,870.391023736759,834.7978808426999,839.448974609375,3110777.0,0,1
2021-10-20,841.1136476735461,845.0303584892553,818.9352487738872,821.5790405273438,3355223.0,0,1
2021-10-21,829.3634897830016,833.035406060081,811.5913910962323,819.5227661132812,2284108.0,0,1
2021-10-22,823.3904983374711,834.5530875336447,808.8496745786751,816.5362548828125,1742596.0,0,1
2021-10-25,819.8165515150982,819.8165515150982,794.3089836925338,809.0945434570312,1361068.0,0,1
2021-10-26,813.8925624309275,827.3562565708138,809.535209465529,817.0748901367188,1489536.0,0,1
2021-10-27,821.5301254701379,878.9589239394006,817.319673132739,864.5160522460938,4033672.0,1,0
2021-10-28,900.8434661404466,925.0781137349858,858.5429783862165,873.9650268554688,16133086.0,1,0
2021-10-29,880.1828510469999,943.339812166828,863.1451353043176,927.6239624023438,9686157.0,1,0
2021-11-01,944.8575412627056,971.148438816111,923.6093730468092,953.327392578125,6129953.0,1,0
2021-11-02,953.2294867050832,967.7702515796246,945.3960651399668,954.8451538085938,2146825.0,0,1
2021-11-03,959.5941380872708,973.4984732654696,938.8845059973348,942.0668334960938,3200769.0,0,1
2021-11-04,954.6982048524136,959.594093082426,949.8023166224012,955.8732299804688,481222.0,0,1
2021-11-05,954.6982048524136,959.594093082426,949.8023166224012,955.8732299804688,481222.0,0,1
2021-11-08,961.9441642221126,990.9277992673092,947.4522869352522,978.2474365234376,3214798.0,0,1
2021-11-09,978.198507108636,998.7122915579112,972.4703415582998,983.583984375,2937600.0,0,1
2021-11-10,981.1360278358046,984.367302202172,946.8648092986258,950.2919311523438,1852255.0,0,1
2021-11-11,953.131595878342,954.6982562906518,924.098953204413,931.10009765625,1898483.0,0,1
2021-11-12,934.1355160055884,945.8856482823882,930.218805246655,938.6397094726562,1530182.0,0,1
2021-11-15,939.031407943814,942.4585298706162,915.9228382859384,917.4405517578124,1693756.0,0,1
2021-11-16,916.9999087931676,930.0229601472546,911.2227365031804,915.7269897460938,1519795.0,0,1
2021-11-17,913.0832036386907,925.0291835104626,906.7185485999224,909.0195922851562,1289262.0,0,1
2021-11-18,913.5726957876552,931.197892490954,881.5535764904777,900.892333984375,3476119.0,0,1
2021-11-19,913.5726957876552,931.197892490954,881.5535764904777,900.892333984375,3476119.0,0,1
2021-11-22,928.2604787632224,928.2604787632224,886.2047837271623,900.7945556640624,3460459.0,0,1
2021-11-23,897.367410876368,918.1749369030194,891.051702788367,911.5165405273438,1469479.0,0,1
2021-11-24,911.6144019029568,938.150092596146,911.3696074878378,918.7134399414062,2847579.0,0,1
2021-11-25,924.3436943592984,927.2322803570232,909.362288384505,922.72802734375,1341040.0,0,1
2021-11-26,910.6352500660004,918.2728240814432,862.9492846957129,867.2576904296875,3412104.0,1,0
2021-11-29,863.6347246368782,881.2599230988553,844.0511707902369,871.5660400390625,2598008.0,1,0
2021-11-30,870.0972594198389,885.9599497317662,858.2492334400622,864.56494140625,3194347.0,0,1
2021-12-01,871.4681153191226,879.3015365804181,851.0522850625758,855.8502197265625,1543968.0,0,1
2021-12-02,859.5710852019477,871.3702238201544,849.7793085987962,869.4608154296875,878830.0,0,1
2021-12-03,878.1265326085037,887.134979229024,871.9577251693663,876.5109252929688,1865863.0,0,1
2021-12-06,879.3015383999646,883.0224015539272,856.8783460874012,860.1096801757812,1370051.0,0,1
2021-12-07,864.6139017533909,885.8620696156984,862.3128580836484,877.4901123046875,1137208.0,0,1
2021-12-08,880.2806913666965,899.864244011117,880.2806913666965,897.12255859375,1661995.0,0,1
2021-12-09,900.7945268223082,912.593606020254,893.0100522429952,910.5863037109376,1651425.0,0,1
2021-12-10,910.3414866844096,915.1884280767812,902.3611648126272,906.0330810546876,1353888.0,0,1
2021-12-13,912.103990740737,917.587361733742,898.3955034939627,901.7247314453124,901611.0,0,1
2021-12-14,895.2132460621204,919.350001185143,891.0517406798245,906.96337890625,1280644.0,0,1
2021-12-15,910.1946598964616,910.1946598964616,896.8289195506827,902.8018798828124,455752.0,0,1
2021-12-16,906.7675665356156,913.2301757088184,898.8851974001565,903.193603515625,813792.0,0,1
2021-12-17,902.8997000256702,906.6695698904476,859.9138364366755,864.4180297851562,1945227.0,1,0
2021-12-20,854.8221551922223,854.8221551922223,830.8323008941588,844.7855834960938,1479264.0,1,0
2021-12-21,845.3241229835655,883.5610014155926,845.3241229835655,870.3421020507812,1687523.0,0,1
2021-12-22,870.342052468101,887.0860265681976,870.342052468101,884.9318237304688,802240.0,0,1
2021-12-23,889.0932963330843,890.6599566499935,879.2036260835415,885.323486328125,878774.0,0,1
2021-12-24,890.1214490684506,890.1214490684506,865.837854802362,867.8941040039062,594280.0,0,1
2021-12-27,859.8159128151746,870.6358741908331,853.4023108453285,865.6909790039062,762754.0,0,1
2021-12-28,869.3140050266767,884.197518959806,868.4327808995631,880.9172973632812,762782.0,0,1
2021-12-29,877.4410327893256,884.0015347319738,869.1670297927054,873.083740234375,495351.0,0,1
2021-12-30,871.4681016087703,874.8952233566699,861.7742190447213,870.0972290039062,1067763.0,0,1
2021-12-31,870.4889928115433,886.2047832598436,870.4889928115433,879.54638671875,1288352.0,0,1
2022-01-03,873.7202491578028,891.9819371559814,873.7202491578028,881.847412109375,701976.0,0,1
2022-01-04,886.2537261745814,896.9267871766028,874.7973947174712,891.3944091796875,851040.0,0,1
2022-01-05,898.8851528386947,899.1299472702956,876.4619589983413,880.4766235351562,1264377.0,0,1
2022-01-06,876.3640258023071,880.4765840214944,865.7399718533138,878.2244873046875,1042611.0,0,1
2022-01-07,880.182833324653,884.0015903871479,865.1524201999026,867.0618286132812,630249.0,0,1
2022-01-10,867.5024720242693,881.2109594569685,866.5232943505051,878.1265258789062,667948.0,0,1
2022-01-11,879.7910936109198,880.8681650897147,858.738774732083,863.0471801757812,934861.0,0,1
2022-01-12,868.3347282473754,896.9756745158201,862.9003042415997,895.65380859375,1883589.0,0,1
2022-01-13,896.9756673033293,930.8062428929704,891.2475020014043,922.72802734375,4088111.0,0,1
2022-01-14,920.231145207631,938.0521904232208,912.6914653359285,924.53955078125,1892243.0,0,1
2022-01-17,926.3021014264964,938.0522337913146,918.0280379334176,926.8406372070312,1597608.0,0,1
2022-01-18,927.281315299486,936.583503784539,894.4299142340734,898.4445190429688,1587776.0,0,1
2022-01-19,902.2143229253026,914.7967319937696,887.8693462513787,904.3195190429688,1132268.0,0,1
2022-01-20,910.6352831533115,911.4675603128532,883.4141543839474,891.4923706054688,2049119.0,0,1
2022-01-21,891.0517376287751,902.0185401985976,871.6150835213703,880.5745239257812,1141509.0,0,1
2022-01-24,877.343208753156,880.5744831718272,829.0208137392539,837.5396118164062,1910110.0,1,0
2022-01-25,832.3010710503062,864.0264534289889,814.186283033329,856.7315673828125,2057540.0,1,0
2022-01-26,832.3010710503062,864.0264534289889,814.186283033329,856.7315673828125,2057540.0,0,1
2022-01-27,856.5846124348571,856.5846124348571,806.1569625080544,824.5654907226562,3179684.0,0,1
2022-01-28,834.2594240043246,857.1722067383187,828.1395632061708,837.1480102539062,2246342.0,0,1
2022-01-31,846.9886854602906,862.7534220585287,838.7146221870457,848.3595581054688,1556154.0,0,1
2022-02-01,851.9825065481251,867.698356696951,844.6386736801745,862.5086669921875,1326673.0,0,1
2022-02-02,869.5098206362477,879.7911867586357,866.5722874584226,868.57958984375,759682.0,0,1
2022-02-03,873.2306691553398,878.175504634194,862.6555618483043,869.216064453125,969604.0,0,1
2022-02-04,867.6492871621003,875.2869206030415,858.1023051251846,866.7191162109375,548582.0,0,1
2022-02-07,866.719132690474,869.6076589861822,834.3572631027141,838.0781860351562,1952437.0,0,1
2022-02-08,838.1761813862929,847.9190122699804,825.691664665878,830.1469116210938,1534006.0,0,1
2022-02-09,830.5875429213714,847.9190013931857,830.5875429213714,836.8052978515625,1010236.0,0,1
2022-02-10,840.8198878516924,846.9397483668522,826.0342689885085,843.4146728515625,820059.0,0,1
2022-02-11,844.0511839396354,844.0511839396354,823.1457637883675,826.7197265625,1515571.0,0,1
2022-02-14,812.7174733845151,817.4175142897899,791.2245113825178,796.658935546875,1479218.0,0,1
2022-02-15,802.925748600667,836.2177918353289,799.3027790016888,833.916748046875,2366674.0,0,1
2022-02-16,835.238540761644,845.8136474960435,828.9717798560866,832.0562133789062,1116311.0,0,1
2022-02-17,838.8615483105581,844.0022312402627,829.020824369405,833.4271240234375,977599.0,0,1
2022-02-18,828.5801501444171,831.6155769931366,816.6341707064109,818.5435791015625,1443436.0,0,1
2022-02-21,818.5435992776216,826.8176626843822,806.6465664766524,821.3831787109375,1174568.0,0,1
2022-02-22,808.8497207373257,824.0759218990936,804.9819569000517,821.4321899414062,1813004.0,0,1
2022-02-23,828.1884508567754,850.9053844662644,822.6561329498151,838.8615112304688,1847750.0,0,1
2022-02-24,822.6071250163932,841.3094541071985,812.1299719071184,826.9644775390625,5468778.0,0,1
2022-02-25,835.483390815244,879.3015938495038,835.483390815244,861.725341796875,3874313.0,0,1
2022-02-28,861.6763274344521,875.3848144618185,847.6251521371059,866.7191162109375,2748107.0,0,1
2022-03-01,861.6763274344521,875.3848144618185,847.6251521371059,866.7191162109375,2748107.0,0,1
2022-03-02,861.7253470362455,874.4057105587922,851.8846228288345,865.201416015625,2254261.0,0,1
2022-03-03,872.4473623205598,874.9932005271244,853.3533964785273,858.4940795898438,3579885.0,0,1
2022-03-04,851.8357023829502,857.4659744905117,805.6674471952397,808.60498046875,2153794.0,1,0
2022-03-07,793.134015877016,797.6382098392517,749.2668625072894,758.86279296875,2749718.0,1,0
2022-03-08,755.9252130197406,774.9702319586481,750.1480404653081,772.6691284179688,2322268.0,0,1
2022-03-09,774.4317112070028,804.8841155160769,766.5003355240138,800.0861206054688,1993280.0,0,1
2022-03-10,811.7382952622139,842.7782396153224,807.9684851066892,828.9228515625,2544833.0,1,0
2022-03-11,821.5300784353906,838.1760990949872,820.8446421024369,834.1124877929688,1025573.0,0,1
2022-03-14,837.1968318406886,844.9813055632867,830.342588772987,837.0989379882812,1081248.0,0,1
2022-03-15,837.0010973971143,847.8700058735775,833.2802340393333,840.3792724609375,1356249.0,0,1
2022-03-16,848.9470107697394,870.9295606600547,847.9678331333268,858.9835815429688,1966583.0,0,1
2022-03-17,870.7338190292825,902.8018905200996,867.3066968852257,900.4028930664062,3898848.0,0,1
2022-03-18,870.7338190292825,902.8018905200996,867.3066968852257,900.4028930664062,3898848.0,0,1
2022-03-21,903.3403761921568,915.4332566592358,883.2182863875113,886.1068725585938,2156745.0,0,1
2022-03-22,885.666225377913,899.0809717560586,867.7472855071993,897.0736694335938,1029613.0,0,1
2022-03-23,897.9058904834435,906.6695422616248,882.4838427461325,885.2744750976562,1478958.0,0,1
2022-03-24,881.2599834126165,896.8778806270603,877.392219310341,886.84130859375,1445436.0,0,1
2022-03-25,887.1350309939849,891.0517419476007,864.8097905112279,868.7265014648438,1549820.0,0,1
2022-03-28,871.3702679819502,873.2306697722788,850.6606355109982,853.9408569335938,1924067.0,0,1
2022-03-29,856.8294800991563,859.718066420964,840.1345113772062,841.701171875,1498901.0,0,1
2022-03-30,846.9887431133068,865.2993787612106,843.6105679653773,861.9212036132812,2257862.0,0,1
2022-03-31,868.334764558914,871.4681451234466,859.326317847482,869.8524780273438,1101499.0,0,1
2022-04-01,870.4890129256904,885.9110623672873,863.9285100992689,880.6724853515625,1377931.0,0,1
2022-04-04,888.8975520655815,898.4934820904552,884.0016633014351,890.1704711914062,1032230.0,0,1
2022-04-05,893.9892353129181,918.1259893943776,891.9329860596343,908.9706420898438,1108730.0,0,1
2022-04-06,910.6352672034236,924.3437550968086,904.2706121100664,909.1175537109376,1523973.0,0,1
2022-04-07,913.47486046348,913.47486046348,881.8963810133907,883.854736328125,1240662.0,0,1
2022-04-08,879.3016274915706,895.1153722035012,879.3016274915706,884.29541015625,1295505.0,0,1
2022-04-11,884.148534441532,898.4934521844559,880.672465487541,891.4434204101562,793267.0,0,1
2022-04-12,888.2121187790252,897.0247185851795,873.6224060696189,881.7006225585938,995964.0,0,1
2022-04-13,887.135017110258,893.0100834487365,872.7900395614334,875.3359375,1138781.0,0,1
2022-04-14,887.135017110258,893.0100834487365,872.7900395614334,875.3359375,1138781.0,0,1
2022-04-15,887.135017110258,893.0100834487365,872.7900395614334,875.3359375,1138781.0,0,1
2022-04-18,867.5514554086891,880.2807657024961,848.8001782624907,868.4327392578125,1534952.0,0,1
2022-04-19,873.4264483024411,885.1765798939538,832.7416296196805,841.1135864257812,994050.0,0,1
2022-04-20,844.8344935110351,855.0179653268289,840.2813531405628,845.1282348632812,978103.0,0,1
2022-04-21,854.8221359999025,862.6555576356404,847.9678920686318,853.0106811523438,960928.0,0,1
2022-04-22,852.8637931438668,866.1805862149192,848.0657984156522,854.038818359375,1338384.0,0,1
2022-04-25,847.9678947699817,848.9470724775683,822.9499162939974,826.7197265625,1009053.0,0,1
2022-04-26,837.1969409979681,853.6960614850293,833.1333296008687,852.227294921875,1301427.0,0,1
2022-04-27,849.730411735884,856.3398613324489,837.4906902607639,847.2335205078125,878716.0,0,1
2022-04-28,854.4304195579746,854.4304195579746,837.3438168554709,845.0792846679688,858615.0,0,1
2022-04-29,847.9677951386064,864.1242254154968,842.2885770547329,844.8833618164062,1524361.0,0,1
2022-05-02,839.6448267419546,840.0854686330387,817.7112236887056,828.482177734375,834125.0,0,1
2022-05-03,839.6448267419546,840.0854686330387,817.7112236887056,828.482177734375,834125.0,0,1
2022-05-04,836.4135828095526,841.0157298397014,804.6392552698354,808.5070190429688,715713.0,0,1
2022-05-05,816.6342121962643,825.2020171803379,797.0506579469534,800.4288330078125,995021.0,0,1
2022-05-06,791.1755281138793,803.3663016075949,781.4816456335128,800.3798217773438,1177251.0,0,1
2022-05-09,795.0923457250123,795.0923457250123,775.753584853006,784.0276489257812,962919.0,0,1
2022-05-10,783.1463132074127,802.4850727997049,777.5160414273784,790.0985107421875,1272079.0,0,1
2022-05-11,787.5036138949903,802.6808672557269,777.2711956440934,793.6234741210938,1041950.0,0,1
2022-05-12,788.140122892592,790.7349078345261,764.9336003844045,775.2149658203125,932166.0,0,1
2022-05-13,786.8671183734026,828.3353267998032,783.5868972235626,805.4225463867188,2148295.0,1,0
2022-05-16,800.5266318753721,802.8766820121164,781.5795692933054,794.01513671875,1147390.0,0,1
2022-05-17,799.0089969933396,818.788398332547,796.1204108479252,816.3404541015625,735774.0,0,1
2022-05-18,815.850894579825,832.3010684504634,815.6061001479278,820.1592407226562,1065578.0,0,1
2022-05-19,790.2453016622446,807.7726053073827,774.5295125079506,779.2295532226562,1455374.0,1,0
2022-05-20,793.133916162542,794.9453709542454,775.6556185824429,782.1671142578125,1343721.0,0,1
2022-05-23,783.3421833532566,785.985975174927,764.7378064986168,767.4794921875,1365475.0,0,1
2022-05-24,763.7586195138216,776.0472879134024,752.6449763278841,757.149169921875,1035665.0,0,1
2022-05-25,757.1491514059683,765.8148500866746,726.7456959793767,730.564453125,1187130.0,0,1
2022-05-26,730.9561506254773,749.070938015392,713.6246934401116,741.6292114257812,1665004.0,0,1
2022-05-27,751.0292633681158,771.0534584185925,748.7282197784943,761.6043701171875,1650821.0,1,0
2022-05-30,782.3629920484026,813.5008313435336,764.2971513054457,805.5205688476562,3971701.0,1,0
2022-05-31,793.133930463359,808.6538729747452,788.5807302901787,792.5464477539062,1981144.0,0,1
2022-06-01,795.7777769786961,803.9049404284691,775.410891537016,784.8109741210938,1025708.0,0,1
2022-06-02,785.3004528464917,811.7382486405756,784.8598109637385,807.0382080078125,2027812.0,0,1
2022-06-03,807.8215261542866,814.4799219321612,788.2379740050918,789.902587890625,1141204.0,0,1
2022-06-06,788.2379896634154,789.8046499607693,776.977446953938,785.887939453125,428231.0,0,1
2022-06-07,783.3421372486886,785.1535920353714,766.7450637628796,773.6482543945312,655873.0,0,1
2022-06-08,777.4670470668041,777.4670470668041,752.6938646987618,755.4844970703125,1133798.0,0,1
2022-06-09,759.7440026371154,776.8796124164679,755.9251856948683,769.7315673828125,1634604.0,0,1
2022-06-10,764.688855543265,772.3264298379377,756.4147918222591,769.9763793945312,829213.0,0,1
2022-06-13,757.8834934169728,767.4794223368422,749.1198415854619,763.9544067382812,894632.0,0,1
2022-06-14,762.779435424615,768.1649128249171,747.55323400025,751.9595336914062,832945.0,0,1
2022-06-15,754.9460313999734,763.7096840545513,745.2521479471079,752.204345703125,754798.0,0,1
2022-06-16,760.820976936477,760.820976936477,724.2487183600979,731.8862915039062,1406780.0,0,1
2022-06-17,724.5914958043487,731.8863816000966,697.1745202874274,717.0028686523438,3085598.0,0,1
2022-06-20,719.6956422164607,735.3624861286557,709.0225808955712,722.584228515625,785017.0,0,1
2022-06-21,724.6893765529392,741.2375032390132,724.6893765529392,738.05517578125,615510.0,0,1
2022-06-22,737.3207925674662,739.2791479262112,720.7726658803665,732.9634399414062,1087362.0,0,1
2022-06-23,725.5707235775379,741.2865147467079,725.5707235775379,738.1041870117188,426649.0,0,1
2022-06-24,739.3770268347259,750.6865766141552,734.8238865762877,745.4968872070312,716566.0,0,1
2022-06-27,754.9460532421494,758.4710692737599,744.4688392533802,754.211669921875,795387.0,0,1
2022-06-28,749.0709510105039,758.3731392910265,736.8312295887637,756.2678833007812,1000883.0,0,1
2022-06-29,745.1542000535587,754.4074409032653,725.7175473875641,730.2217407226562,1960095.0,0,1
2022-06-30,732.1311578135,748.9730257363981,727.8227521480159,743.9302368164062,1328305.0,0,1
2022-07-01,744.6646489522852,775.0191579825558,738.3489407657147,772.3753662109375,2124003.0,0,1
2022-07-04,773.5503740802856,784.0765342339098,769.4867627664371,781.481689453125,801738.0,0,1
2022-07-05,782.5588935206365,788.1402188180052,773.8441873752477,776.5369262695312,828031.0,0,1
2022-07-06,777.4671078404583,795.3371011881766,775.4598054720607,792.8402099609375,810926.0,0,1
2022-07-07,799.0090239167945,799.792354144252,788.6297639333854,798.0298461914062,811550.0,0,1
2022-07-08,800.9673733139042,801.9465510318919,790.1964184160399,797.099609375,417876.0,0,1
2022-07-11,793.1339824428495,807.3320599063326,792.1058577517955,800.0861206054688,854397.0,0,1
2022-07-12,798.0298409219787,800.9184271456536,791.7141326820745,794.5537719726562,410581.0,0,1
2022-07-13,799.0089309924078,800.9672862154284,788.2379772657945,789.9515380859375,959665.0,0,1
2022-07-14,793.0849755478135,814.5779376221667,791.0286665569027,807.7236938476562,1723421.0,0,1
2022-07-15,812.6196376245459,816.6342424888684,803.8559848200434,806.7935180664062,672847.0,0,1
2022-07-18,809.7310086136354,816.6831463577171,807.0382699464642,813.8435668945312,568407.0,0,1
2022-07-19,811.7383028704875,816.8789857294381,800.6736069555036,804.3944702148438,788414.0,0,1
2022-07-20,811.6404481069667,811.6404481069667,796.0714982212868,799.84130859375,793719.0,0,1
2022-07-21,802.7788181935853,832.3989437940043,797.7850357997162,825.8385009765625,1788878.0,0,1
2022-07-22,829.7552503902851,831.1750103183128,816.7811451850447,826.3770751953125,734646.0,0,1
2022-07-25,826.4259940001084,851.8846146683582,821.1384104171505,847.2335205078125,1201643.0,0,1
2022-07-26,849.8282920374919,850.3668277830758,828.3842779577055,832.6436767578125,1018445.0,0,1
2022-07-27,817.6133715098769,819.9634218726165,768.7523808516651,776.3900146484375,6620183.0,1,0
2022-07-28,783.3421447877549,783.3421447877549,760.7231642627137,764.3950805664062,3417970.0,1,0
2022-07-29,768.654485073261,775.8024702427457,760.135627234883,762.7794189453125,1544031.0,0,1
2022-08-01,765.7169348675272,778.9358333594857,757.540825261539,776.9774780273438,1559712.0,0,1
2022-08-02,776.977460858278,779.4254049693627,765.1294352663324,769.0950927734375,1201738.0,0,1
2022-08-03,769.0952129042148,769.0952129042148,749.0710149949597,758.86279296875,1989560.0,0,1
2022-08-04,766.6961481786378,777.4671030061794,757.8835487742857,769.8295288085938,1086913.0,0,1
2022-08-05,772.5712353608749,780.9921400028281,766.8920164327484,770.123291015625,1383706.0,0,1
2022-08-08,773.4525051087371,773.4525051087371,761.6533657686549,764.835693359375,917828.0,0,1
2022-08-09,773.4525051087371,773.4525051087371,761.6533657686549,764.835693359375,917828.0,0,1
2022-08-10,766.5982902100467,767.6264149025113,754.8481571206968,760.1356811523438,1071170.0,0,1
2022-08-11,763.7586489797033,775.5087820409294,761.3596515268495,768.6055908203125,1861706.0,0,1
2022-08-12,768.605578440406,781.3838359858171,762.9263595051418,771.8368530273438,815515.0,0,1
2022-08-15,768.605578440406,781.3838359858171,762.9263595051418,771.8368530273438,815515.0,0,1
2022-08-16,778.4462789052834,797.5402442369225,771.5920349400797,794.455810546875,2092015.0,0,1
2022-08-17,796.071398157877,798.7151896618064,780.6982977043134,789.9515380859375,2071513.0,0,1
2022-08-18,787.2588505320822,798.8131351417653,781.4816783451095,791.5182495117188,1046049.0,0,1
2022-08-19,796.0714594523113,796.7568957859961,770.906580946046,775.5087280273438,1450973.0,0,1
2022-08-22,773.4524174374911,778.4461993388672,754.1626065827833,757.6876220703125,1540261.0,0,1
2022-08-23,751.0292853464665,758.6668593462898,745.0073186703822,751.7147216796875,2714460.0,0,1
2022-08-24,761.8003212567169,772.0816880603101,747.4553427155195,759.6461181640625,3988498.0,0,1
2022-08-25,768.458728297717,816.1446992849783,765.7659893378685,798.9111938476562,9101610.0,1,0
2022-08-26,799.743406994893,806.3039097060758,781.9223604447861,793.7704467773438,2592769.0,0,1
2022-08-29,773.5504152734053,791.9099979143881,769.6337043099957,785.4474487304688,1315318.0,0,1
2022-08-30,797.1485233094272,802.3871597423625,786.6713699720817,794.9453735351562,2451106.0,0,1
2022-08-31,797.1485233094272,802.3871597423625,786.6713699720817,794.9453735351562,2451106.0,0,1
2022-09-01,795.8267109623662,802.8278557335061,787.2589057074653,793.1339721679688,1351115.0,0,1
2022-09-02,796.952757170814,817.3196414606375,789.7557651880406,807.1361694335938,2959818.0,0,1
2022-09-05,811.2487507943965,813.9414895568402,793.5746046883012,801.5059204101562,1683307.0,0,1
2022-09-06,808.4580844374625,808.7518257918945,794.3089548504018,800.1840209960938,967650.0,0,1
2022-09-07,799.5475480794973,801.1632152085862,785.8390601235204,789.3641357421875,1590828.0,0,1
2022-09-08,795.7776498889137,799.0089240258726,781.677468500401,784.7619018554688,811942.0,0,1
2022-09-09,792.5464208037607,798.4704336856419,785.5942235689051,791.3224487304688,998822.0,0,1
2022-09-12,794.6026632191705,825.0550642378238,791.3224419963669,820.9425659179688,2705885.0,0,1
2022-09-13,826.3770518646937,829.608326400032,817.6133992847763,820.1102905273438,1931057.0,0,1
2022-09-14,809.7798928950368,847.9678201295064,804.8840047880535,835.0426635742188,2832665.0,0,1
2022-09-15,840.134460091453,845.0303485535244,816.1935535590711,835.8750610351562,2028845.0,0,1
2022-09-16,840.1344012968788,857.7595985268832,807.8215397085373,820.6487426757812,5451840.0,0,1
2022-09-19,820.5019191913128,840.3302664931552,811.3955790499855,833.6228637695312,2216082.0,0,1
2022-09-20,844.9324907242161,862.6555838070542,834.1125289501836,852.5211181640625,3018580.0,0,1
2022-09-21,856.7805100627792,873.8671733305986,848.3105988290238,854.9690551757812,3949758.0,0,1
2022-09-22,853.7939876439624,866.3274499601004,837.7354498311134,856.9273681640625,2295819.0,0,1
2022-09-23,858.5429477542071,867.5513940470513,845.0303081970713,853.157470703125,2072105.0,0,1
2022-09-26,845.9116252401578,846.0095191028673,813.256013615303,828.1395263671875,1978562.0,0,1
2022-09-27,830.3427594086573,850.6117514555667,827.4052260616927,841.2116088867188,2081748.0,0,1
2022-09-28,835.0916081440708,849.0938959019068,825.9852682436508,831.6155395507812,2136906.0,0,1
2022-09-29,837.196954772534,840.8688712408347,808.6539001865713,821.8238525390625,1997629.0,0,1
2022-09-30,825.9363777145084,833.1333097971868,808.2622324441875,824.7613525390625,3581734.0,0,1
2022-10-03,812.7174610791131,826.9155372063988,803.6111207572236,810.0736694335938,1728864.0,0,1
2022-10-04,820.5509149819069,846.5480710395191,816.732098035116,843.6594848632812,2550163.0,0,1
2022-10-05,820.5509149819069,846.5480710395191,816.732098035116,843.6594848632812,2550163.0,0,1
2022-10-06,854.6262681286471,855.8012932988437,840.1344504009243,846.7928466796875,1926301.0,0,1
2022-10-07,846.0095245414092,865.5930783502381,839.1552807083191,856.241943359375,2177648.0,0,1
2022-10-10,841.7990100500517,846.9886394719995,834.7489192484157,840.08544921875,1030110.0,0,1
2022-10-11,843.0720655641525,843.0720655641525,791.175643409797,798.6173706054688,2367997.0,1,0
2022-10-12,801.9466122026586,824.1250131125058,785.3005897271455,820.0614013671875,2922626.0,0,1
2022-10-13,813.941484653291,824.467645206702,806.8424461405255,809.9268798828125,1076032.0,0,1
2022-10-14,825.446809584543,827.4051650046723,804.051800525335,806.3528442382812,1078914.0,0,1
2022-10-17,805.8632914502441,812.0810462817293,800.4778138038573,808.5560302734375,526152.0,0,1
2022-10-18,812.7175771732693,819.3759742864131,810.3675265383855,816.7811889648438,748435.0,0,1
2022-10-19,820.8936596866532,827.0135207499945,807.8216603610633,811.2977294921875,872474.0,0,1
2022-10-20,811.7383575413619,818.2009068078781,803.7090880108979,813.6477661132812,1024335.0,0,1
2022-10-21,817.7603288248908,820.0124257163337,798.715309471357,803.5132446289062,1480648.0,0,1
2022-10-24,822.4603770986201,822.4603770986201,810.2696019502612,818.0540771484375,582843.0,0,1
2022-10-25,821.5300451299671,853.353318630234,816.8789513106973,845.5198974609375,3972295.0,0,1
2022-10-26,821.5300451299671,853.353318630234,816.8789513106973,845.5198974609375,3972295.0,0,1
2022-10-27,848.1147854427924,859.228428388609,842.58240755373,855.4586181640625,1668130.0,0,1
2022-10-28,856.7805165996054,860.6972275326323,842.0928506007551,855.0669555664062,921996.0,0,1
2022-10-31,857.074234322358,880.2807579131893,853.940853709525,877.6859130859375,2082894.0,0,1
2022-11-01,881.2599313046595,883.4630811329212,871.957743140888,875.9234008789062,1708048.0,0,1
2022-11-02,875.92342349216,885.4704063277633,868.5306436082127,875.3848876953125,1621348.0,0,1
2022-11-03,870.4890073172492,883.1204240175479,866.082707505182,874.6505126953125,998190.0,0,1
2022-11-04,876.2660481269535,879.0566803493438,863.2919450752922,866.0336303710938,879336.0,0,1
2022-11-07,866.5722451491298,878.3223772867451,865.2993261204074,875.629638671875,715350.0,0,1
2022-11-08,866.5722451491298,878.3223772867451,865.2993261204074,875.629638671875,715350.0,0,1
2022-11-09,880.2807808601216,884.7360275868164,854.0877765353071,858.4451293945312,858084.0,0,1
2022-11-10,858.8367029536724,863.634697400491,852.0314660179916,860.9909057617188,781360.0,0,1
2022-11-11,866.229570810901,872.8879671765418,861.6763706285786,866.474365234375,1164676.0,0,1
2022-11-14,866.4252951612104,871.5170307498739,857.7106501815499,863.0471801757812,426011.0,0,1
2022-11-15,866.5723094083512,889.0933976754609,856.7805319009123,886.7433471679688,2121221.0,0,1
2022-11-16,891.1986255056141,894.77258832402,861.7742872167233,870.1952514648438,1792803.0,0,1
2022-11-17,872.4473457313217,872.4473457313217,847.7720553133404,864.2222290039062,1248940.0,0,1
2022-11-18,868.5795292761677,868.5795292761677,843.316757661342,855.8502197265625,1227016.0,0,1
2022-11-21,855.8501452329563,859.6689616711508,847.1355006968487,858.2001953125,732762.0,0,1
2022-11-22,855.5565500874856,863.3899720053108,852.8638113032331,861.0889282226562,510130.0,0,1
2022-11-23,865.3972926101496,870.8807239264527,857.7597180325761,860.5014038085938,632485.0,0,1
2022-11-24,862.1659749487607,866.5722746503727,857.0252919635466,863.2920532226562,690259.0,0,1
2022-11-25,865.5930882410469,881.1620376026717,857.9065671889558,870.8316650390625,1261861.0,0,1
2022-11-28,874.6994094079546,892.0308662931773,866.3274521985604,881.6026000976562,1549756.0,0,1
2022-11-29,881.2599843378189,900.6966389755627,875.433864710732,888.5548706054688,2303417.0,0,1
2022-11-30,892.9122002067691,915.3842814074292,889.338177569295,912.8873901367188,3658663.0,0,1
2022-12-01,917.4894633368228,918.1748996486248,902.508057158348,906.7674560546876,1348885.0,0,1
2022-12-02,910.635242333498,920.3780722016392,905.2497650938914,916.4124145507812,1578503.0,0,1
2022-12-05,917.489530395653,919.5947864148606,902.4101694909148,910.2435913085938,1024143.0,0,1
2022-12-06,910.2435231504312,917.3425611411336,903.9278750942498,912.6914672851562,558757.0,0,1
2022-12-07,912.5935981525678,918.1259759526528,907.0122734213144,915.580078125,1143644.0,0,1
2022-12-08,920.427009572122,927.2812532604252,915.5311212233344,922.2384643554688,867087.0,0,1
2022-12-09,926.8895933374936,931.9813293656316,909.0196001886576,918.4686889648438,1261935.0,0,1
2022-12-12,918.9582603105106,922.679123572554,908.2851996041824,913.1321411132812,991836.0,0,1
2022-12-13,913.1810671835618,917.3425722630486,902.8507547626292,912.83837890625,837466.0,0,1
2022-12-14,913.1321564645986,918.174945548954,911.467542413939,915.0415649414062,563572.0,0,1
2022-12-15,915.0414547661244,924.5394893099136,911.1736913458292,919.44775390625,1291666.0,0,1
2022-12-16,913.5728223194684,919.986424499726,883.218312681844,884.7849731445312,1324668.0,0,1
2022-12-19,886.1557990107391,898.1017786408635,879.3994491236263,895.1642456054688,671714.0,0,1
2022-12-20,895.1642652657363,900.6476364798646,886.1558184731564,898.836181640625,452102.0,0,1
2022-12-21,898.4444100624683,902.8017624087244,881.3088017737995,884.1973876953125,715559.0,0,1
2022-12-22,884.1973437456141,890.0724091525618,871.8107236069307,879.3504028320312,519054.0,0,1
2022-12-23,871.4681920440736,877.2453646386117,852.6190204745809,856.046142578125,985112.0,0,1
2022-12-26,855.9971884862584,869.5587762197509,846.4502055633567,862.7534790039062,625140.0,0,1
2022-12-27,869.9014933929798,871.4681538087282,860.6971990987327,862.3128662109375,561475.0,0,1
2022-12-28,862.1659668474458,865.2013938187727,856.7804894849688,858.9346923828125,587480.0,0,1
2022-12-29,858.6899649471314,864.3691841104951,847.527314364721,859.864990234375,1380769.0,0,1
2022-12-30,872.8389902022376,873.4264728926491,856.9763001542497,859.27734375,1033608.0,0,1
2023-01-02,856.7805113492616,863.83060293836,846.9397871431888,851.5908813476562,666141.0,0,1
2023-01-03,855.8992049367276,855.8992049367276,840.9177980573081,847.0376586914062,750764.0,0,1
2023-01-04,846.9886704500889,849.0939263112473,830.5384978207891,833.7208251953125,998970.0,0,1
2023-01-05,837.1969281843362,843.0719943470333,822.8030041328756,832.4968872070312,1125318.0,0,1
2023-01-06,833.4760805277216,844.9814186453846,831.4197714736656,838.6657104492188,742874.0,0,1
2023-01-09,842.8761381437104,848.8491578726085,839.6938106718077,845.1282348632812,535278.0,0,1
2023-01-10,846.6949643502327,849.0449549583724,836.2666979985551,846.107421875,599702.0,0,1
2023-01-11,846.1074267334734,853.500266180489,842.9250992082132,850.4158325195312,724011.0,0,1
2023-01-12,855.4095906381599,855.4095906381599,837.1969098386039,839.8896484375,607382.0,0,1
2023-01-13,839.8896764119467,840.8688541168863,825.2509577702467,828.3843383789062,594110.0,0,1
2023-01-16,829.6572564106864,833.1823320026435,823.7821901883551,826.6707763671875,462115.0,0,1
2023-01-17,826.670800150225,833.6719448389625,819.6207085277459,832.105224609375,770203.0,0,1
2023-01-18,832.3989418557601,836.2177588051898,828.384337177038,831.7625122070312,359401.0,0,1
2023-01-19,830.5875015955111,831.3218848860465,816.144630214982,817.5155029296875,457764.0,0,1
2023-01-20,816.6341617614659,819.6695885769373,801.8486031220885,804.8350830078125,806691.0,0,1
2023-01-23,807.8216248531556,814.235227012773,801.7507109923151,811.6404418945312,519973.0,0,1
2023-01-24,812.6196779207518,812.7665187317913,796.7569856509394,799.6945190429688,737979.0,0,1
2023-01-25,782.3630329537434,786.2797440073291,749.070988998265,752.5470581054688,4460372.0,1,0
2023-01-26,782.3630329537434,786.2797440073291,749.070988998265,752.5470581054688,4460372.0,0,1
2023-01-27,748.8262189169436,757.7857196491831,723.4165431773689,751.17626953125,4073654.0,0,1
2023-01-30,753.0365787539918,761.8002308951626,738.9854030281472,749.9031982421875,2693103.0,0,1
2023-01-31,751.7636137019852,755.33763590142,737.2717969569673,752.6448974609375,2194356.0,0,1
2023-02-01,759.8418982701979,769.4867747484632,737.6634993698789,754.4564208984375,2176984.0,0,1
2023-02-02,745.6927603213192,760.8210676344712,743.0979752928356,755.1907958984375,1263924.0,0,1
2023-02-03,755.8272378303411,759.009565133431,745.4968660042878,752.8406982421875,710330.0,0,1
2023-02-06,756.6106490647611,766.2555258650884,751.6168067492703,764.1503295898438,924556.0,0,1
2023-02-07,767.6753377055771,769.6336931589077,754.9460272589286,764.0523681640625,857173.0,0,1
2023-02-08,764.15029569806,776.7816520820971,764.101289001988,774.7254028320312,910308.0,0,1
2023-02-09,775.6065543104734,778.4461932607755,770.2700841932366,775.4107666015625,484673.0,0,1
2023-02-10,769.927416803145,777.3692032130776,762.4367432251228,763.8075561523438,1339250.0,0,1
2023-02-13,763.7585696419961,772.4732746628464,758.8626813750603,761.555419921875,833249.0,0,1
2023-02-14,760.9189514301995,761.9960827370514,754.9459914862726,756.7574462890625,385913.0,0,1
2023-02-15,754.994896203509,773.5503241599444,754.994896203509,771.445068359375,1274574.0,0,1
2023-02-16,779.8171857202087,779.8171857202087,767.0388682432008,770.2702026367188,461526.0,0,1
2023-02-17,756.904334231621,766.6961108710985,750.6865799712573,755.7293090820312,908426.0,0,1
2023-02-20,757.6387191807332,760.7720996652539,747.1125592696601,749.8052978515625,728784.0,0,1
2023-02-21,754.4075078970865,754.4075078970865,735.7541837505984,737.0760498046875,599089.0,0,1
2023-02-22,736.3417097752281,736.3417097752281,726.5499317197064,730.0260009765625,595470.0,0,1
2023-02-23,731.445794783136,736.7333786511309,722.1925528962788,726.2561645507812,914936.0,0,1
2023-02-24,729.9280176345243,730.8582483886346,723.2206146300554,727.9207153320312,626374.0,0,1
2023-02-27,728.2145224509006,730.7603607575031,715.3383108175485,724.591552734375,772559.0,0,1
2023-02-28,724.5915333703094,733.0614447944663,720.1852335052197,725.1790161132812,797913.0,0,1
2023-03-01,725.5706159955967,730.3196035441152,722.8289306140522,726.4028930664062,985924.0,0,1
2023-03-02,730.0749243598124,730.7114138185946,718.7654330234134,720.3321533203125,518797.0,0,1
2023-03-03,723.6123404528098,746.8188645419709,722.290474426701,740.2583618164062,1238246.0,0,1
2023-03-06,744.0772109019474,745.0073819714994,738.3979320277901,740.6990356445312,935557.0,0,1
2023-03-07,744.0772109019474,745.0073819714994,738.3979320277901,740.6990356445312,935557.0,0,1
2023-03-08,738.3979358156382,738.5937833233843,728.8020055787701,735.65625,873905.0,0,1
2023-03-09,735.6562784995838,740.5521675615593,726.8436781880279,729.24267578125,550651.0,0,1
2023-03-10,726.7946346920946,732.8166013439856,719.1081137916927,731.298828125,542803.0,0,1
2023-03-13,727.529001164231,740.0624632556616,727.0394123343762,738.691650390625,1719241.0,0,1
2023-03-14,741.3843932135716,754.5053380704941,740.356208853561,752.3511352539062,2025278.0,0,1
2023-03-15,758.8137829642021,762.5835932650821,744.8605005112546,746.08447265625,1442589.0,0,1
2023-03-16,748.0427505223298,764.3950286367239,739.2790989200287,760.282470703125,1429107.0,0,1
2023-03-17,761.2128436878616,764.1013703790921,752.0085484855853,754.6033935546875,1446809.0,0,1
2023-03-20,740.2583220523688,760.5762588018221,740.2583220523688,749.9031982421875,478756.0,0,1
2023-03-21,751.5188559837401,756.4147442963376,745.3500486627194,754.0157470703125,668979.0,0,1
2023-03-22,754.9460509907343,763.4159624983478,753.9668732332885,760.1356811523438,852759.0,0,1
2023-03-23,760.967975494406,771.053493878507,750.3928084947325,752.7428588867188,1236561.0,0,1
2023-03-24,751.0292511635638,757.5897533156283,745.7416679928228,747.846923828125,515568.0,0,1
2023-03-27,749.0709275820673,749.8053108444026,730.4665516029048,733.8447265625,530247.0,0,1
2023-03-28,729.4873917777644,734.2853864481829,722.3394064689022,723.9060668945312,804259.0,0,1
2023-03-29,724.6405056412433,731.4458031792318,720.5769537043645,725.5217895507812,824570.0,0,1
2023-03-30,724.6405056412433,731.4458031792318,720.5769537043645,725.5217895507812,824570.0,0,1
2023-03-31,728.2633951308584,742.4614714056785,726.6477280628463,740.5520629882812,996821.0,0,1
2023-04-03,747.1125342212357,747.749023588596,733.8446892426358,735.0197143554688,756161.0,0,1
2023-04-04,747.1125342212357,747.749023588596,733.8446892426358,735.0197143554688,756161.0,0,1
2023-04-05,735.0197531900836,741.3354014472594,727.5290199937297,739.8176879882812,913185.0,0,1
2023-04-06,741.2375714648688,745.1542825426224,736.2927356820585,740.6990356445312,463499.0,0,1
2023-04-07,741.2375714648688,745.1542825426224,736.2927356820585,740.6990356445312,463499.0,0,1
2023-04-10,743.1958414812433,743.1958414812433,726.0602324879341,735.2645263671875,1571166.0,0,1
2023-04-11,738.2999846749791,739.8666450868863,728.8019490465995,733.1593017578125,752976.0,0,1
2023-04-12,734.7259659567945,751.7636819043574,732.8166172462736,750.197021484375,841161.0,0,1
2023-04-13,752.0084309491377,752.7917611118577,742.4614489156038,746.1823120117188,390070.0,0,1
2023-04-14,752.0084309491377,752.7917611118577,742.4614489156038,746.1823120117188,390070.0,0,1
2023-04-17,748.9240541899493,753.5751483534511,743.6854773009743,749.5115966796875,771167.0,0,1
2023-04-18,752.693984798116,769.0952129042148,746.1334816028226,758.86279296875,1410292.0,0,1
2023-04-19,758.7648704160916,758.7648704160916,741.2865115349342,742.3146362304688,989817.0,0,1
2023-04-20,744.0281666100118,746.4761109099253,740.6500512875432,741.8740234375,554638.0,0,1
2023-04-21,742.2167510600135,747.3084874264715,738.5448344155873,744.1261596679688,702807.0,0,1
2023-04-24,744.2239667197198,752.4980298794443,744.2239667197198,749.7073974609375,766583.0,0,1
2023-04-25,752.9876395798749,757.8835280036712,747.602162313699,755.0928955078125,677824.0,0,1
2023-04-26,754.8970943403639,762.1919804923053,748.5813859332665,759.9888305664062,688140.0,0,1
2023-04-27,758.7158744609782,759.3523639199389,747.798078136809,751.8126831054688,783910.0,0,1
2023-04-28,748.1896400306434,766.5002745664167,748.1896400306434,760.9679565429688,1350446.0,0,1
2023-05-01,748.1896400306434,766.5002745664167,748.1896400306434,760.9679565429688,1350446.0,0,1
2023-05-02,760.8700247873028,768.3607581467916,758.1283391623003,762.9752807617188,626485.0,0,1
2023-05-03,762.7794121736034,780.8941992406274,755.2397320901517,769.4867553710938,1461628.0,0,1
2023-05-04,773.452559287172,773.452559287172,764.2972111032317,767.28369140625,510695.0,0,1
2023-05-05,765.9128162145269,781.2369115074578,765.5211212250769,770.6618041992188,1177524.0,0,1
2023-05-08,773.5503847159794,779.4254509290121,771.6409762438909,777.3692016601562,482419.0,0,1
2023-05-09,778.2014341874814,789.2171827053917,772.5711627227718,775.900390625,1096632.0,0,1
2023-05-10,777.4671053132217,783.1463241044704,771.6899328919642,777.5160522460938,754121.0,0,1
2023-05-11,781.8733480780961,784.076497775248,776.4389241113071,779.2785034179688,462545.0,0,1
2023-05-12,779.376497229267,784.076538206029,775.7045808780056,778.9848022460938,672108.0,0,1
2023-05-15,778.9847814185473,794.3089358204653,774.088893081099,788.87451171875,911312.0,0,1
2023-05-16,793.1339295147209,794.1131072054798,783.5380000981362,785.7411499023438,483145.0,0,1
2023-05-17,784.3213758656964,787.4058096764929,775.5577230713974,779.5723876953125,557758.0,0,1
2023-05-18,781.2369402638232,788.238085049159,774.5295966135214,780.4046630859375,469018.0,0,1
2023-05-19,773.5504241683834,804.1007819871274,764.7378243993766,800.0371704101562,3025568.0,0,1
2023-05-22,804.884088709908,808.4091046087708,795.0923114749943,806.499755859375,857453.0,0,1
2023-05-23,807.8215628935365,809.1924355120299,802.3381919480846,804.8350830078125,1073977.0,0,1
2023-05-24,802.9256979347932,820.7467436710766,801.4569314141809,817.9071044921875,892521.0,0,1
2023-05-25,819.473819618502,825.2509320389571,813.7455943646527,823.7821655273438,666410.0,0,1
2023-05-26,821.0404809895734,842.7782373407188,820.648786013629,840.7709350585938,1750270.0,0,1
2023-05-29,841.064621711363,850.024061001874,833.8186834774531,848.50634765625,1512222.0,0,1
2023-05-30,848.5064516429131,851.4929317724177,841.6522075194691,849.093994140625,770563.0,0,1
2023-05-31,851.8845563023929,867.4044981638067,848.947023349626,865.1034545898438,1533930.0,0,1
2023-06-01,864.61389843232,869.9993757158734,854.2346388460857,857.9065551757812,545741.0,0,1
2023-06-02,863.6347989632571,864.1733347875347,853.3534323089327,856.4378662109375,503772.0,0,1
2023-06-05,854.8221215531316,863.6347207444011,848.4574665816593,857.9065551757812,439560.0,0,1
2023-06-06,856.6825488153695,860.0606638922204,846.4990773624477,848.947021484375,301807.0,0,1
2023-06-07,851.7867060829034,859.7669684882192,848.3105774326268,857.2211303710938,792531.0,0,1
2023-06-08,860.6971943587693,861.1867832065275,848.1637318090143,852.9127197265625,826968.0,0,1
2023-06-09,852.9127063215279,875.3848460332887,852.0314822679715,869.7056274414062,1041577.0,0,1
2023-06-12,872.4473381118277,874.2587929665112,853.8429616537752,862.4107666015625,692376.0,0,1
2023-06-13,862.6065956481389,877.4411017533515,862.5576487166227,874.895263671875,568855.0,0,1
2023-06-14,876.6087175949735,887.8692596249564,870.880552728902,879.3504028320312,719762.0,0,1
2023-06-15,879.3015593135644,881.2599146795189,869.8035238358326,877.3921508789062,465225.0,0,1
2023-06-16,884.6380489276668,892.8141582985576,878.175440658868,890.4151611328125,701638.0,0,1
2023-06-19,893.9892529786928,900.7945500445818,877.8328206959453,880.3297119140625,414584.0,0,1
2023-06-20,880.182907546656,880.182907546656,870.8317121784828,873.1817626953125,585057.0,0,1
2023-06-21,876.3639906750485,887.673480501299,874.1118940485122,877.73486328125,689890.0,0,1
2023-06-22,877.6369409591985,886.2536925739305,873.818183873031,875.629638671875,538864.0,0,1
2023-06-23,873.4265627753937,890.0725847116961,869.8525400421864,887.7225341796875,953329.0,0,1
2023-06-26,887.1839713315076,889.0933798600513,877.7349420847262,882.2391357421875,811669.0,0,1
2023-06-27,887.8693692888532,896.7309154193357,878.5671812455734,891.0516967773438,784408.0,0,1
2023-06-28,895.9475664437377,902.7039162603296,891.8350082842584,894.18505859375,747306.0,0,1
2023-06-29,895.9475664437377,902.7039162603296,891.8350082842584,894.18505859375,747306.0,0,1
2023-06-30,895.9476795165898,903.2425660185132,890.6600955350464,893.2059936523438,460345.0,0,1
2023-07-03,894.0870377488609,912.3487237943708,890.6599161676638,900.892333984375,691211.0,0,1
2023-07-04,900.8924100004348,907.5998129481504,894.9683970059285,898.5424194335938,527033.0,0,1
2023-07-05,900.5497388548964,920.9166229763748,899.8643025149267,910.6842041015624,1040442.0,0,1
2023-07-06,913.3770113249424,930.1209870399036,905.1029472208264,924.3927612304688,732653.0,0,1
2023-07-07,922.4343529211936,923.364583701742,892.4715387979777,895.6049194335938,1243755.0,0,1
2023-07-10,888.4568312214284,901.4309352942056,886.351635098365,895.8496704101562,896148.0,0,1
2023-07-11,899.8642769634113,908.1383402115204,890.5620891166731,906.08203125,680447.0,0,1
2023-07-12,910.1456057447602,919.9373820303412,899.6194462377606,909.8029174804688,1160673.0,0,1
2023-07-13,910.096758640384,919.9374829339232,898.0038777427247,905.2498168945312,793742.0,0,1
2023-07-14,907.6487772280344,927.7219199953264,905.641474904158,925.1270751953124,964936.0,0,1
2023-07-17,926.644770243726,957.9295089605392,926.644770243726,952.8867797851562,2349402.0,0,1
2023-07-18,956.7545565880214,962.042140349082,934.135574445826,940.3043823242188,1098883.0,0,1
2023-07-19,940.3043385125876,956.4118237187536,940.3043385125876,950.7326049804688,1270000.0,0,1
2023-07-20,951.8097201672508,956.7056089184474,942.0668895995166,954.7472534179688,1466161.0,0,1
2023-07-21,974.2817873874898,1022.2614935000396,954.796127734035,1017.4146118164062,8346024.0,1,0
2023-07-24,1027.157329481456,1027.157329481456,952.9846243258602,957.2930297851562,6109585.0,1,0
2023-07-25,965.6160816968646,969.3858918148844,953.7190491188862,962.9722900390624,1475852.0,1,0
2023-07-26,968.8473267751452,978.1005674157236,957.048248179098,963.4129028320312,1287267.0,0,1
2023-07-27,968.3088545867336,978.6881143348038,962.8254235903312,976.1912231445312,1192702.0,0,1
2023-07-28,979.7651955548492,992.8862008125152,970.9525961393534,990.7809448242188,1315502.0,0,1
2023-07-31,992.8861770163172,998.5164487301672,983.535042035732,994.6976318359376,787817.0,0,1
2023-08-01,996.8028388439188,1008.552970539525,992.1027981185284,996.5580444335938,958075.0,0,1
2023-08-02,996.6559797224688,996.8028802804748,965.5181413875816,982.7026977539062,898416.0,0,1
2023-08-03,984.2694566608116,992.6903611519303,974.281831958236,981.5277709960938,571218.0,0,1
2023-08-04,985.8360612893342,987.9902641054492,975.7015963610536,985.0037841796876,382504.0,0,1
2023-08-07,982.1641417894782,987.9902608304784,969.5817327401068,984.954833984375,681753.0,0,1
2023-08-08,988.969490264125,1000.6217289561112,985.5423682681604,998.4185791015624,860792.0,0,1
2023-08-09,1000.9644033684503,1002.6779643426688,987.1580217104532,997.390380859375,428259.0,0,1
2023-08-10,997.390385015662,997.5862325092414,986.6194302756904,989.8017578125,280293.0,0,1
2023-08-11,985.10172948971,988.8715995558672,964.4900505153072,967.035888671875,552202.0,0,1
2023-08-14,967.0358293481512,974.967204221852,961.1118164810504,966.2035522460938,813223.0,0,1
2023-08-15,967.0358293481512,974.967204221852,961.1118164810504,966.2035522460938,813223.0,0,1
2023-08-16,965.1265227982224,975.6526830610892,955.7263810304994,974.4287109375,550173.0,0,1
2023-08-17,976.3380477899102,986.86420792503,964.294174192812,981.9193725585938,1244731.0,0,1
2023-08-18,988.0881512893802,993.033046276228,971.9317199240857,974.722412109375,768977.0,0,1
2023-08-21,979.177727069046,985.8850705937627,968.25987150652,981.6256713867188,516608.0,0,1
2023-08-22,984.8079696502642,1014.9666905566075,979.1776978874116,1012.66552734375,1504647.0,0,1
2023-08-23,1018.3938471216012,1019.5198058896292,989.1164090537156,992.7393188476562,1057293.0,0,1
2023-08-24,997.7820869080714,1009.23841830846,994.6976532145732,997.5372924804688,651292.0,0,1
2023-08-25,996.0195662324576,997.2435383548026,981.1850002039286,987.1580200195312,711399.0,0,1
2023-08-28,987.9412882389712,994.550737284941,976.4359510108012,979.5203247070312,403389.0,0,1
2023-08-29,986.0319159515892,995.2362099764052,979.177672245868,982.5558471679688,799395.0,0,1
2023-08-30,982.5558714876064,999.2508392597698,982.5558714876064,992.2496948242188,604846.0,0,1
2023-08-31,998.7612701200816,998.7612701200816,979.5204040988268,986.5704956054688,998409.0,0,1
2023-09-01,987.0111165427546,999.3487315938336,984.073583457806,991.3684692382812,466577.0,0,1
2023-09-04,992.8861996402628,1009.5322207387682,981.7235498214416,1003.51025390625,721197.0,0,1
2023-09-05,1006.251990360006,1013.4489225711096,1001.4050487774653,1010.168701171875,660018.0,0,1
2023-09-06,1010.511398418286,1046.6919670521802,999.2508547343612,1036.6553955078125,2101361.0,0,1
2023-09-07,1041.7961099435324,1043.7544654259425,1028.1366282651377,1030.290771484375,1064869.0,0,1
2023-09-08,1034.109555328828,1040.865905431597,1026.2272464827054,1033.228271484375,671258.0,0,1
2023-09-11,1039.8377693852233,1050.5108308232464,1032.787737358777,1044.9295654296875,932525.0,0,1
2023-09-12,1042.9220816031882,1046.8387921674878,1008.7977647174314,1016.0925903320312,1238905.0,0,1
2023-09-13,1015.3582962942838,1036.9982196857918,1001.2092259492496,1007.965576171875,769157.0,0,1
2023-09-14,1011.001020680848,1045.3701355895705,1011.001020680848,1043.069091796875,1450831.0,0,1
2023-09-15,1052.5670185838098,1052.5670185838098,1021.7719277951652,1027.1083984375,1025493.0,0,1
2023-09-18,1027.6959370145053,1028.1365191398716,1012.2738892274072,1022.800048828125,515926.0,0,1
2023-09-19,1027.6959370145053,1028.1365191398716,1012.2738892274072,1022.800048828125,515926.0,0,1
2023-09-20,1018.295810514978,1023.8281884757288,1003.6571515789695,1017.0718383789062,416251.0,0,1
2023-09-21,1016.3864454850884,1016.3864454850884,986.8152671992398,997.29248046875,1000226.0,0,1
2023-09-22,989.2142520072554,1005.3706837401132,981.478724423394,996.2643432617188,865651.0,0,1
2023-09-25,1000.719563801449,1003.0206073858946,989.1163324908648,996.75390625,482925.0,0,1
2023-09-26,996.8028736066028,1001.0622725890988,989.948629878463,992.7882690429688,334094.0,0,1
2023-09-27,993.473619169344,998.3695074163136,986.0808398692724,995.8236694335938,477461.0,0,1
2023-09-28,990.1444973757106,997.684177581882,977.953723117167,981.1849975585938,974562.0,0,1
2023-09-29,986.3745662210284,993.8652990307576,974.2817463404962,986.2766723632812,682357.0,0,1
2023-10-02,986.3745662210284,993.8652990307576,974.2817463404962,986.2766723632812,682357.0,0,1
2023-10-03,983.9757021583068,987.0111291458072,976.1422804984192,977.9537353515624,330560.0,0,1
2023-10-04,977.9537364815566,979.1287616847502,960.9160204459092,965.2244262695312,734244.0,0,1
2023-10-05,970.2671959342134,993.0820241350234,969.4838059716042,990.438232421875,628247.0,0,1
2023-10-06,995.774772890306,1005.6154968118044,987.0111205319366,1003.314453125,466321.0,0,1
2023-10-09,1009.2384246540016,1009.9239207727164,985.003835933238,993.3757934570312,1215500.0,0,1
2023-10-10,995.0893475164625,1014.4281072836952,993.3757865244291,1003.4613647460938,886292.0,0,1
2023-10-11,1015.113448864212,1032.0532704698617,1011.24574485555,1028.479248046875,1406477.0,0,1
2023-10-12,1031.0250465533186,1040.1804530952766,1023.3385259974974,1031.31884765625,911102.0,0,1
2023-10-13,1029.1155360512228,1065.1493152866817,1024.415436314945,1046.00634765625,1415702.0,0,1
2023-10-16,1047.573387640195,1064.219410911009,1040.1806666694015,1055.5537109375,988255.0,0,1
2023-10-17,1064.2192686808935,1075.1371240374351,1058.246308564169,1063.7786865234375,1988932.0,0,1
2023-10-18,1063.386888190941,1063.386888190941,1028.821870625261,1034.354248046875,889566.0,0,1
2023-10-19,1020.303081649462,1030.4865528192297,1007.3289781639962,1024.268798828125,991916.0,0,1
2023-10-20,1022.261566135974,1024.464716062991,1012.8614836864072,1018.4427490234376,660749.0,0,1
2023-10-23,1008.553062112334,1015.0156112259882,986.7663576152472,991.0257568359376,547657.0,0,1
2023-10-24,1008.553062112334,1015.0156112259882,986.7663576152472,991.0257568359376,547657.0,0,1
2023-10-25,991.0257410139184,1008.2103577160916,986.1788591381926,989.9486694335938,487319.0,0,1
2023-10-26,989.9485907959164,994.4038370904644,973.1556704192432,989.7037963867188,744678.0,0,1
2023-10-27,1004.146661903462,1016.72907057256,995.6767514785332,1000.6705932617188,702387.0,0,1
2023-10-30,1007.5739523605127,1010.952067946224,990.1935464767432,1006.3989868164062,667943.0,0,1
2023-10-31,1006.3988671518332,1018.002098752242,997.194573055624,1010.7071533203124,469941.0,0,1
2023-11-01,1013.3999844529012,1028.4304588334069,1008.8957906201518,1023.8772583007812,682202.0,0,1
2023-11-02,1033.0324459369087,1042.5304215620754,1019.2749518075716,1035.235595703125,905238.0,0,1
2023-11-03,1039.8868752756323,1052.616187308197,1036.2639650470137,1048.895263671875,1358472.0,0,1
2023-11-06,1052.6159439900998,1059.9597761574726,1046.1043888959923,1048.062744140625,562008.0,0,1
2023-11-07,1048.6993084598664,1062.4077961521523,1043.8034199983358,1060.1556396484375,389438.0,0,1
2023-11-08,1062.2119154587951,1084.537093172327,1047.7200390696034,1076.65478515625,765818.0,0,1
2023-11-09,1077.095498686334,1086.8872759471187,1050.2171179168918,1074.255859375,1940488.0,0,1
2023-11-10,1057.51202147437,1057.51202147437,1002.6291178682995,1022.6043090820312,4108910.0,1,0
2023-11-13,1029.997129742817,1032.9835502519547,1016.8761235971464,1023.1917724609376,1355917.0,0,1
2023-11-14,1029.997129742817,1032.9835502519547,1016.8761235971464,1023.1917724609376,1355917.0,0,1
2023-11-15,1040.865999793924,1040.865999793924,1021.8210394247268,1024.31787109375,1302729.0,0,1
2023-11-16,1015.505133680713,1020.5969292619188,1005.615463158086,1018.9812622070312,1451826.0,0,1
2023-11-17,1027.139732594134,1045.2753411704775,1022.2741488239908,1038.4437255859375,818777.0,0,1
2023-11-20,1041.9825454047827,1047.14306435332,1038.0997972496557,1041.933349609375,481392.0,0,1
2023-11-21,1044.8821667336076,1047.3395565895194,1026.4517428142708,1035.15087890625,405678.0,0,1
2023-11-22,1035.1508636616463,1045.71763988645,1028.171900571584,1038.0997314453125,435188.0,0,1
2023-11-23,1034.2661222749414,1045.914245369662,1034.2661222749414,1041.982421875,522209.0,0,1
2023-11-24,1044.8821641514912,1046.5531412534865,1022.2741775329736,1024.7315673828125,457015.0,0,1
2023-11-27,1044.8821641514912,1046.5531412534865,1022.2741775329736,1024.7315673828125,457015.0,0,1
2023-11-28,1027.139823890951,1027.1890196868344,1014.4597874866138,1023.4046630859376,638605.0,0,1
2023-11-29,1026.1568039938431,1034.2171146833286,1020.6031989331486,1032.6444091796875,645953.0,0,1
2023-11-30,1034.856136911179,1042.424850203889,1024.5350987903482,1030.973388671875,2154075.0,0,1
2023-12-01,1032.0545130004534,1038.984400183951,1029.842862195899,1035.8389892578125,269341.0,0,1
2023-12-04,1039.5741845149091,1043.6042798956516,1028.9091364985188,1032.44775390625,1137943.0,0,1
2023-12-05,1032.1036292305917,1063.0667381075093,1031.4156081403282,1050.6815185546875,1249769.0,0,1
2023-12-06,1059.0368401622002,1059.0368401622002,1038.2964921339149,1043.85009765625,2379141.0,0,1
2023-12-07,1043.8499119953242,1055.3996431784276,1039.4758064793164,1047.880126953125,832078.0,0,1
2023-12-08,1050.7797710251734,1054.7115943030974,1015.1476225689876,1027.4345703125,908224.0,0,1
2023-12-11,1025.2230555355848,1034.0696590828716,1023.5520784169933,1029.74462890625,569735.0,0,1
2023-12-12,1034.069671688988,1038.886179899176,1025.419611230294,1032.103759765625,697698.0,0,1
2023-12-13,1038.0014373933263,1056.087850073127,1030.3835291170024,1054.3184814453125,1473906.0,0,1
2023-12-14,1065.37666682997,1071.323597678201,1058.2011611672633,1066.310546875,2077791.0,0,1
2023-12-15,1073.3877284430532,1076.3365958288855,1059.6755430948203,1064.786865234375,1322021.0,0,1
2023-12-18,1060.9043350645254,1096.7330290899906,1043.2111291280523,1086.313720703125,1780071.0,0,1
2023-12-19,1092.0641230715985,1093.9808392881114,1064.590550689593,1067.7359619140625,1062384.0,0,1
2023-12-20,1071.421905285088,1076.3366846671297,1032.1036702287545,1041.884033203125,1312725.0,0,1
2023-12-21,1032.1037042210376,1049.6003673932505,1029.6955102404158,1041.1468505859375,1214989.0,0,1
2023-12-22,1042.9163046911303,1066.0157704406513,1042.9163046911303,1057.66064453125,624137.0,0,1
2023-12-25,1042.9163046911303,1066.0157704406513,1042.9163046911303,1057.66064453125,624137.0,0,1
2023-12-26,1078.5976069184355,1089.999871887499,1053.9253166963008,1058.6927490234375,784200.0,0,1
2023-12-27,1060.5602303541823,1071.471136939312,1057.0216130786132,1064.73779296875,502279.0,0,1
2023-12-28,1067.88332880208,1084.986785700977,1064.5412546970506,1075.1572265625,685526.0,0,1
2023-12-29,1075.1572284277747,1102.8765372504754,1066.9003747391823,1098.698974609375,1411353.0,0,1
2024-01-01,1104.842442632353,1105.8253985421682,1083.069945231998,1088.3287353515625,563368.0,0,1
2024-01-02,1091.965743621896,1094.8654155583906,1060.4128829318165,1075.2554931640625,686566.0,0,1
2024-01-03,1078.4992217830636,1086.2645977963723,1066.556402966421,1079.482177734375,444285.0,0,1
2024-01-04,1083.2173493564112,1095.5534933000545,1081.8411871650908,1089.704833984375,512069.0,0,1
2024-01-05,1091.0810991194703,1098.305801318395,1074.56739124501,1082.28369140625,616100.0,0,1
2024-01-08,1091.1303219546687,1107.9388450354058,1076.3367866175895,1079.089111328125,1238667.0,0,1
2024-01-09,1078.3025194907775,1091.4249555066906,1061.690542366676,1077.66357421875,922305.0,0,1
2024-01-10,1084.1020004259797,1110.641807628407,1077.1230380855086,1098.3056640625,1348846.0,0,1
2024-01-11,1099.9276630496918,1112.7060898769,1089.4100828108835,1098.846435546875,820469.0,0,1
2024-01-12,1100.4191896178622,1100.4191896178622,1082.5785150691645,1092.5555419921875,1306539.0,0,1
2024-01-15,1092.5555419921875,1092.5555419921875,1092.5555419921875,1092.5555419921875,0.0,0,1
2024-01-16,1086.1662751618803,1104.4492309992377,1082.3327231339506,1091.0810546875,1509427.0,0,1
2024-01-17,1082.234383590861,1095.5042874768524,1067.834056487006,1076.7789306640625,647461.0,0,1
2024-01-18,1068.4730924807789,1073.6828068889536,1043.211173156751,1051.22216796875,927129.0,0,1
2024-01-19,1061.5924098558758,1069.849263708258,1045.7176475068425,1064.1480712890625,843847.0,0,1
2024-01-22,1061.5924098558758,1069.849263708258,1045.7176475068425,1064.1480712890625,843847.0,0,1
2024-01-23,1094.0300128476506,1109.757308629827,1076.4350766933917,1089.1644287109375,1288819.0,0,1
2024-01-24,1125.53372835671,1126.4674884882706,1073.6336075927693,1093.2435302734375,2174641.0,0,1
2024-01-25,1093.8823616680602,1093.9806332522392,1058.8399626429389,1077.319580078125,928881.0,0,1
2024-01-26,1093.8823616680602,1093.9806332522392,1058.8399626429389,1077.319580078125,928881.0,0,1
2024-01-29,1081.25150021275,1100.9598141897943,1070.9796589566229,1075.2554931640625,786771.0,0,1
2024-01-30,1079.3346675549103,1083.7579686687172,1059.6263557075044,1061.9854736328125,795246.0,0,1
2024-01-31,1063.558360755047,1073.5844636646043,1055.8421803796805,1071.17626953125,760259.0,0,1
2024-02-01,1071.421841887843,1077.6635873357584,1059.331437327531,1061.6414794921875,548008.0,0,1
2024-02-02,1072.355694574402,1078.646636352678,1062.182124974473,1067.539306640625,510352.0,0,1
2024-02-05,1071.323747017212,1075.304646743916,1040.9011874305163,1044.783935546875,993598.0,0,1
2024-02-06,1055.6946716308594,1058.594343636185,1036.7235741354525,1053.728759765625,778083.0,0,1
2024-02-07,1058.1519867051534,1066.654578919541,1046.9462658670416,1063.2142333984375,522858.0,0,1
2024-02-08,1068.4730512619633,1071.4219189287396,1057.7097322741226,1062.62451171875,1155336.0,0,1
2024-02-09,1056.726845493603,1094.0299759220015,1052.7950216807656,1092.5555419921875,1438336.0,0,1
2024-02-12,1092.555419946632,1100.5173382802816,1071.4218693133864,1076.7789306640625,800005.0,0,1
2024-02-13,1076.336680121499,1096.9787534388977,1056.6775626763576,1094.47216796875,1031556.0,0,1
2024-02-14,1094.0300232864452,1112.70618720598,1085.2816909261876,1109.8555908203125,965064.0,0,1
2024-02-15,1115.6548609707709,1129.367046728663,1109.118180738944,1124.5506591796875,1105029.0,0,1
2024-02-16,1120.5698377312349,1126.467573719294,1101.7954021671958,1107.20166015625,1186754.0,0,1
2024-02-19,1108.774311738808,1144.062454346174,1107.2506820202216,1137.1817626953125,855770.0,0,1
2024-02-20,1140.228776166102,1140.228776166102,1101.0580098793755,1124.1082763671875,884842.0,0,1
2024-02-21,1122.584753955322,1129.4162489798057,1111.084098747332,1121.7491455078125,859276.0,0,1
2024-02-22,1121.7983492378223,1142.8336281524723,1116.3428963453098,1139.9830322265625,573609.0,0,1
2024-02-23,1140.130578435096,1159.887968131594,1139.9831110513696,1146.17578125,874210.0,0,1
2024-02-26,1140.8676983105756,1147.1094437796407,1125.1894809625976,1127.2537841796875,436233.0,0,1
2024-02-27,1126.418244683678,1137.2307593828143,1120.3731620027645,1133.64306640625,1174737.0,0,1
2024-02-28,1131.5296698239763,1146.126540444904,1113.6889968474068,1118.259765625,1197154.0,0,1
2024-02-29,1116.6379160020954,1153.0072847451213,1112.0180712117133,1145.9791259765625,992054.0,0,1
2024-03-01,1154.432581610408,1162.001414511885,1143.7184576160726,1147.3553466796875,656223.0,0,1
2024-03-04,1148.0925087280584,1151.5328544305826,1132.0212035156426,1145.9300537109375,409989.0,0,1
2024-03-05,1145.9299998037252,1155.95610166925,1131.23473757183,1133.9378662109375,1098233.0,0,1
2024-03-06,1126.0742341230157,1137.8206289036434,1103.908650983625,1133.64306640625,974502.0,0,1
2024-03-07,1130.399330162451,1141.4083886863984,1123.813573365226,1126.958984375,583929.0,0,1
2024-03-08,1130.399330162451,1141.4083886863984,1123.813573365226,1126.958984375,583929.0,0,1
2024-03-11,1126.5166386207356,1143.8166381776057,1124.648998443576,1128.3350830078125,593445.0,0,1
2024-03-12,1121.7000854075518,1127.401157309063,1107.742040428555,1113.54150390625,375718.0,0,1
2024-03-13,1113.6398782711303,1130.6450639380785,1082.627690523833,1090.39306640625,719249.0,0,1
2024-03-14,1090.343780489152,1112.8042977435632,1077.417887017749,1108.086181640625,541801.0,0,1
2024-03-15,1110.7402011920592,1142.1947909603298,1089.5574528990942,1098.35498046875,720942.0,0,1
2024-03-18,1098.355031634089,1098.355031634089,1080.6126282705236,1089.41015625,560066.0,0,1
2024-03-19,1085.4291133134043,1089.410132927068,1063.0668653370587,1068.9154052734375,582067.0,0,1
2024-03-20,1073.3386701128754,1084.4461200178584,1064.8361973866456,1082.82421875,549490.0,0,1
2024-03-21,1086.7560296786746,1093.8824600234243,1078.646643424304,1090.9827880859375,755512.0,0,1
2024-03-22,1089.0168495909425,1124.9438152136966,1087.1492094104644,1115.1634521484375,916955.0,0,1
2024-03-25,1089.0168495909425,1124.9438152136966,1087.1492094104644,1115.1634521484375,916955.0,0,1
2024-03-26,1115.1635963264323,1117.8667253611593,1103.663058974584,1106.857666015625,536595.0,0,1
2024-03-27,1103.515465601208,1123.0271162265408,1101.8443685766586,1120.029052734375,387737.0,0,1
2024-03-28,1124.3540772094009,1128.138433409599,1101.942754783057,1114.917724609375,709064.0,0,1
2024-03-29,1124.3540772094009,1128.138433409599,1101.942754783057,1114.917724609375,709064.0,0,1
2024-04-01,1113.2467470284575,1150.0092015146347,1102.876514338914,1138.557861328125,599438.0,0,1
2024-04-02,1149.0754438773572,1149.0754438773572,1129.1705869581813,1133.2498779296875,438478.0,0,1
2024-04-03,1129.4163844855043,1134.0362294461636,1107.938821015212,1111.03515625,468953.0,0,1
2024-04-04,1113.688938088489,1120.5696287915955,1092.211377534595,1101.1070556640625,628302.0,0,1
2024-04-05,1100.959827517424,1112.7061027796717,1095.0128961983694,1109.0692138671875,549428.0,0,1
2024-04-08,1116.343031262113,1128.4334375171215,1100.369996976701,1121.3070068359375,795445.0,0,1
2024-04-09,1116.7361944976935,1128.8266002855923,1102.3358663003262,1109.1182861328125,693210.0,0,1
2024-04-10,1110.7401991553645,1183.9704158253417,1110.297916983454,1179.6453857421875,4341449.0,1,0
2024-04-11,1110.7401991553645,1183.9704158253417,1110.297916983454,1179.6453857421875,4341449.0,0,1
2024-04-12,1178.318348387933,1186.4277343101023,1159.3472521135116,1162.78759765625,1248275.0,1,0
2024-04-15,1150.1567297805,1154.924042126305,1126.0743090749431,1129.3671875,1057333.0,0,1
2024-04-16,1129.367101056327,1143.472613810285,1119.3901949480376,1131.2347412109375,692591.0,0,1
2024-04-17,1129.367101056327,1143.472613810285,1119.3901949480376,1131.2347412109375,692591.0,0,1
2024-04-18,1131.2348313414566,1145.8808989980544,1124.6490744707114,1129.318115234375,1027109.0,0,1
2024-04-19,1120.5697426262998,1126.2217391351603,1099.239647275711,1103.957763671875,1068784.0,0,1
2024-04-22,1105.727280683031,1143.1778820559596,1100.91077205733,1140.032470703125,3530061.0,0,1
2024-04-23,1144.1607344771285,1154.9732500091288,1127.4012874066316,1150.107666015625,1001198.0,0,1
2024-04-24,1147.2077746117382,1175.222016973469,1146.1265471501088,1162.738525390625,682498.0,0,1
2024-04-25,1160.7725554748408,1179.3995203263448,1155.9560479437969,1174.4847412109375,832424.0,0,1
2024-04-26,1168.7346507228106,1198.2233298831843,1167.7516947507982,1178.5150146484375,766218.0,0,1
2024-04-29,1178.51488218051,1181.611217142262,1150.058357985229,1160.37939453125,645110.0,0,1
2024-04-30,1171.8798448560394,1181.5620553794308,1151.1886974701258,1156.93896484375,1002463.0,0,1
2024-05-01,1171.8798448560394,1181.5620553794308,1151.1886974701258,1156.93896484375,1002463.0,0,1
2024-05-02,1156.93900233751,1183.0856032012284,1155.2188296492427,1174.533935546875,1270379.0,0,1
2024-05-03,1179.5469850967745,1191.9322044423457,1160.8708244994086,1187.70556640625,905136.0,0,1
2024-05-06,1197.240217972374,1221.0277014008934,1179.1047306467622,1210.7066650390625,1950840.0,0,1
2024-05-07,1213.9012649516137,1219.307522064218,1176.008389365283,1181.9552001953125,724981.0,0,1
2024-05-08,1184.3637260497524,1224.5666510468875,1175.1239155140927,1216.7030029296875,1877013.0,0,1
2024-05-09,1216.7028974372988,1218.5704177114148,1169.815827609917,1174.3865966796875,546733.0,0,1
2024-05-10,1175.1730257876068,1199.2062506008847,1171.2412020151448,1181.90625,1203642.0,0,1
2024-05-13,1184.461879485744,1190.8018971518272,1156.939113821345,1169.4718017578125,447010.0,0,1
2024-05-14,1166.8668584169618,1175.7626568010717,1153.5969545229332,1155.5628662109375,524864.0,0,1
2024-05-15,1159.6422193469152,1164.9992809890305,1145.4385546328592,1154.2359619140625,573450.0,0,1
2024-05-16,1159.9862211840818,1164.8027290405082,1143.423438444195,1157.037353515625,819159.0,0,1
2024-05-17,1160.7726300397842,1171.1427426456073,1148.338214081105,1162.39453125,592430.0,0,1
2024-05-20,1160.7726300397842,1171.1427426456073,1148.338214081105,1162.39453125,592430.0,0,1
2024-05-21,1159.887862103704,1166.6702812275091,1144.308036428476,1151.041259765625,977167.0,0,1
2024-05-22,1147.109427128573,1169.6191391138734,1143.521614433954,1167.0142822265625,941607.0,0,1
2024-05-23,1172.7155858418482,1172.7646616430643,1147.2078082136234,1154.1376953125,1087942.0,0,1
2024-05-24,1157.9222247326568,1171.5361420017246,1148.190935857921,1158.2662353515625,908722.0,0,1
2024-05-27,1171.683453540841,1193.750765890577,1129.4163490926392,1137.968017578125,1470425.0,0,1
2024-05-28,1144.20986520172,1175.1237803097508,1142.2439533986087,1169.864990234375,4342918.0,0,1
2024-05-29,1169.864959144959,1171.535936137303,1149.6651679089107,1160.035400390625,1137792.0,0,1
2024-05-30,1160.035312953965,1160.723334019017,1144.0130853961707,1151.38525390625,787238.0,0,1
2024-05-31,1153.0073371689564,1159.8388330718872,1133.643152818537,1139.63916015625,2180048.0,0,1
2024-06-03,1153.990275095909,1165.294268420954,1146.519833939914,1160.96923828125,1322571.0,0,1
2024-06-04,1158.954180577838,1213.9013183855782,1116.9328166256068,1183.4788818359375,2908958.0,0,1
2024-06-05,1207.0205812382617,1286.0011793343342,1191.6374182638683,1276.3681640625,2680777.0,1,0
2024-06-06,1276.3682116532573,1291.5057562206762,1246.928731009169,1283.19970703125,1533822.0,1,0
2024-06-07,1283.19970703125,1283.19970703125,1283.19970703125,1283.19970703125,0.0,0,1
2024-06-10,1304.3825021472069,1304.3825021472069,1284.8708511883929,1292.685302734375,654963.0,0,1
2024-06-11,1293.668139401933,1312.0985611508488,1289.638044510782,1295.2408447265625,625503.0,0,1
2024-06-12,1296.2239313478997,1296.2239313478997,1262.4594192948427,1268.8486328125,1374418.0,0,1
2024-06-13,1269.979027774933,1277.8426750057376,1250.7131160574088,1253.7110595703125,1049119.0,0,1
2024-06-14,1260.6901947957874,1260.6901947957874,1236.7551215519766,1247.37109375,1574896.0,0,1
2024-06-17,1260.6901947957874,1260.6901947957874,1236.7551215519766,1247.37109375,1574896.0,0,1
2024-06-18,1243.4392882421612,1253.1213804411973,1215.916521387789,1231.2506103515625,3609667.0,0,1
2024-06-19,1233.6096566600368,1259.412249080217,1224.5173145691165,1251.1553955078125,1292892.0,0,1
2024-06-20,1251.2536358980033,1256.954827981711,1237.5414494068225,1243.9798583984375,388681.0,0,1
2024-06-21,1253.2688461443493,1254.2026063083251,1233.6097269891438,1239.1634521484375,580871.0,0,1
2024-06-24,1233.6097090442036,1279.661170997428,1224.5173665671846,1276.2208251953125,1700427.0,0,1
2024-06-25,1287.4264443058375,1287.4264443058375,1253.8094017155415,1260.0511474609375,612621.0,0,1
2024-06-26,1257.8885619303903,1269.1925542834044,1248.3539381154785,1255.0380859375,370291.0,0,1
2024-06-27,1243.4884603643343,1272.7804753935966,1242.308841242044,1265.8507080078125,619542.0,0,1
2024-06-28,1265.0643237390757,1275.8768393265889,1251.0572012734328,1254.7432861328125,632972.0,0,1
2024-07-01,1239.6056518477114,1254.890663969685,1233.8553838753962,1246.1915283203125,533705.0,0,1
2024-07-02,1252.2858443623802,1269.9790509546274,1242.407089352481,1253.2196044921875,749206.0,0,1
2024-07-03,1258.1834939048367,1264.2286964086534,1246.4862952369945,1249.828369140625,420654.0,0,1
2024-07-04,1243.684960436677,1260.1002760758693,1235.5755742097635,1237.9346923828125,375289.0,0,1
2024-07-05,1237.9348109946752,1246.1424696006825,1228.0069793878388,1232.7742919921875,779976.0,0,1
2024-07-08,1235.5756023653294,1257.2006327965444,1235.5756023653294,1250.418212890625,2122654.0,0,1
2024-07-09,1257.2006264554627,1284.5759249335003,1254.3500302786877,1266.29296875,2432990.0,0,1
2024-07-10,1267.7673665392904,1273.370167149153,1245.4051199110531,1259.2156982421875,854243.0,0,1
2024-07-11,1258.183631763332,1272.0432868340267,1252.9739171671654,1262.60693359375,682041.0,0,1
2024-07-12,1267.5407739824643,1275.632461374459,1256.3899194572473,1272.622802734375,703819.0,0,1
2024-07-15,1272.6229987469449,1290.7307027868212,1259.103805196395,1286.4874267578125,551101.0,0,1
2024-07-16,1290.730628904645,1300.055813475893,1275.2379623527747,1281.4547119140625,1048505.0,0,1
2024-07-17,1290.730628904645,1300.055813475893,1275.2379623527747,1281.4547119140625,1048505.0,0,1
2024-07-18,1280.862527470401,1284.8097155365656,1265.9125285780783,1282.2933349609375,558296.0,0,1
2024-07-19,1288.7569202179857,1297.292738612838,1271.833327074394,1280.6158447265625,1365917.0,0,1
2024-07-22,1277.951473287415,1297.6380247957368,1275.4350928125398,1290.8291015625,1066896.0,0,1
2024-07-23,1300.1051387844143,1318.015529683682,1246.867485079881,1314.4136962890625,1093010.0,0,1
2024-07-24,1342.0438764592095,1398.5873909081793,1324.2815310354847,1364.5921630859375,6354785.0,1,0
2024-07-25,1355.8591865981375,1430.8557646050217,1320.1864480991906,1424.7376708984375,3367113.0,0,1
2024-07-26,1422.0240163189098,1423.6521351752267,1392.1240158544788,1396.712646484375,892506.0,1,0
2024-07-29,1411.119798214188,1416.0043954860944,1387.7327560356268,1402.3372802734375,860229.0,0,1
2024-07-30,1391.3838966454896,1411.1198384418797,1385.8578570342263,1390.643798828125,394332.0,0,1
2024-07-31,1395.1829248679794,1405.692337088869,1387.6832917032095,1394.6402587890625,940385.0,0,1
2024-08-01,1392.3706586573,1402.238629306891,1387.4860613692028,1395.0843505859375,489925.0,0,1
2024-08-02,1381.5157885621925,1412.1064953089265,1375.6936622186709,1402.238525390625,1436552.0,0,1
2024-08-05,1367.700715239187,1416.8925242316425,1364.394969203891,1381.7625732421875,1199119.0,0,1
2024-08-06,1381.811902836467,1409.5901423322312,1372.6346424497249,1392.46923828125,396031.0,0,1
2024-08-07,1406.2843753011628,1446.6443965405736,1402.4852309572238,1443.4866943359375,1689987.0,0,1
2024-08-08,1450.5917717353802,1450.9865146765587,1436.0859022014797,1440.5264892578125,552871.0,0,1
2024-08-09,1440.6251967285789,1460.8545384910665,1427.0073477489127,1435.740478515625,528351.0,0,1
2024-08-12,1430.8063153858454,1430.8557034211367,1395.3310100948188,1399.2781982421875,1029967.0,0,1
2024-08-13,1406.087152424061,1410.379695535821,1381.5158815813534,1384.673583984375,778303.0,0,1
2024-08-14,1387.436666929137,1389.3608730134758,1372.8320222516957,1386.005859375,363536.0,0,1
2024-08-15,1387.436666929137,1389.3608730134758,1372.8320222516957,1386.005859375,363536.0,0,1
2024-08-16,1386.4497817351987,1398.7353561728214,1376.97655464923,1387.732666015625,904222.0,0,1
2024-08-19,1390.693088496409,1404.9522572522371,1380.3809873620366,1384.3775634765625,828423.0,0,1
2024-08-20,1384.3776228860547,1392.8146654941152,1380.2823909855076,1388.670166015625,410409.0,0,1
2024-08-21,1394.245601845009,1418.0767751353626,1383.4894897091824,1412.748046875,614100.0,0,1
2024-08-22,1424.935014503311,1443.6841594309865,1413.2907605226717,1432.632080078125,1011531.0,0,1
2024-08-23,1438.750086089176,1438.750086089176,1406.0871281167365,1410.7744140625,487071.0,0,1
2024-08-26,1419.0141214446585,1440.6742679522465,1405.6923616119027,1438.207275390625,833325.0,0,1
2024-08-27,1445.657575398784,1447.1377708684756,1406.1856962070085,1410.08349609375,580798.0,0,1
2024-08-28,1430.905117502157,1438.6020622544545,1413.093382479493,1429.17822265625,1221654.0,0,1
2024-08-29,1438.7500419370529,1438.7500419370529,1411.31703684973,1429.7208251953125,409294.0,0,1
2024-08-30,1437.763251151382,1464.7521254254716,1413.7347679229028,1454.8841552734375,2319735.0,0,1
2024-09-02,1465.3936491209924,1476.199028855303,1455.1309355000697,1465.24560546875,817883.0,0,1
2024-09-03,1470.3275684021714,1483.3039733828143,1455.5256130155724,1459.3741455078125,702946.0,0,1
2024-09-04,1455.5255939768822,1487.103098388584,1445.9537111355328,1479.5540771484375,590555.0,0,1
2024-09-05,1494.0107923308606,1494.0107923308606,1462.1865862194536,1465.3936767578125,689394.0,0,1
2024-09-06,1462.4826620824808,1470.228995076621,1434.260169198921,1442.4012451171875,712351.0,0,1
2024-09-09,1444.3255140976316,1487.004486148843,1444.3255140976316,1484.192138671875,1791287.0,0,1
2024-09-10,1498.5006770657292,1499.684785317471,1480.2941995995002,1488.2872314453125,591925.0,0,1
2024-09-11,1492.0865215142965,1511.0329766131142,1485.9683075542234,1503.18798828125,622732.0,0,1
2024-09-12,1508.171256359798,1516.6576869491885,1499.6354377341602,1509.010009765625,475277.0,0,1
2024-09-13,1509.0099209630175,1522.6277677171038,1495.5895058836766,1503.2371826171875,551554.0,0,1
2024-09-16,1513.6479394408434,1532.3970824042915,1505.2601649571957,1526.8216552734375,516123.0,0,1
2024-09-17,1526.5751200655582,1538.663384590964,1520.457026203499,1535.2095947265625,1224149.0,0,1
2024-09-18,1539.8967761450754,1541.3275836651896,1504.914869368997,1517.4471435546875,320652.0,0,1
2024-09-19,1543.3505321539467,1549.2713142466089,1502.2011447933924,1509.552734375,1528204.0,0,1
2024-09-20,1523.6146224435822,1561.1129097835149,1511.9211016674592,1553.3665771484375,1821157.0,0,1
2024-09-23,1564.0732274933307,1615.3866709189792,1540.5381433984824,1606.752197265625,670632.0,0,1
2024-09-24,1613.6104572893582,1622.8371058982875,1591.0129016410117,1613.9559326171875,964946.0,0,1
2024-09-25,1613.9559291230914,1616.8175441405754,1586.42426791956,1605.1240234375,898849.0,0,1
2024-09-26,1609.466058239995,1625.7482102700133,1585.7829280145136,1622.886474609375,774246.0,0,1
2024-09-27,1589.7300431741735,1589.7300431741735,1553.2185524246738,1575.5201416015625,2273207.0,0,1
2024-09-30,1575.0267850791108,1589.4833862990567,1554.304046533539,1568.90869140625,668068.0,0,1
2024-10-01,1568.908537900494,1592.887632167594,1564.6159951420582,1589.6805419921875,473000.0,0,1
2024-10-02,1568.908537900494,1592.887632167594,1564.6159951420582,1589.6805419921875,473000.0,0,1
2024-10-03,1573.9412712310916,1574.0399268428926,1523.1706119506914,1543.44921875,658824.0,0,1
2024-10-04,1544.337335596472,1551.1462591230943,1507.0857481084422,1511.131591796875,1019377.0,0,1
2024-10-07,1511.131669928588,1529.5354593864795,1477.284602683147,1486.4124755859375,755578.0,0,1
2024-10-08,1475.3603489757213,1510.7863896503663,1472.0546027177884,1498.94482421875,1607560.0,0,1
2024-10-09,1506.839115257231,1517.6938829506362,1493.7640541719932,1503.3359375,336186.0,0,1
2024-10-10,1505.8523590463587,1526.5257098943755,1482.5145837806838,1487.8927001953125,369677.0,0,1
2024-10-11,1495.3429288232207,1501.905153487015,1471.4130996694362,1499.487548828125,316816.0,0,1
2024-10-14,1519.6674397113136,1525.7855331682606,1499.8328433236893,1520.1114501953125,426793.0,0,1
2024-10-15,1519.272815398673,1531.8052110445512,1501.263768035267,1527.3646240234375,441089.0,0,1
2024-10-16,1529.5353917448629,1540.3901590411167,1516.7564184295395,1532.7918701171875,546976.0,0,1
2024-10-17,1532.397102983501,1532.4957585929103,1500.7209430115856,1507.973876953125,537173.0,0,1
2024-10-18,1504.8654892422248,1506.7896952909211,1482.1691572733257,1499.19140625,709462.0,0,1
2024-10-21,1497.020473648956,1512.611794355132,1471.2157073760754,1475.4588623046875,272480.0,0,1
2024-10-22,1473.9787757498873,1477.4325655897258,1449.3582363607766,1453.5521240234375,741250.0,0,1
2024-10-23,1445.657716203314,1465.2456140683364,1435.789745444247,1446.9898681640625,1172365.0,0,1
2024-10-24,1455.5255320725394,1473.2878775486788,1420.9876380911571,1440.427490234375,1227944.0,0,1
2024-10-25,1435.7897443120858,1483.0573483024702,1435.7403562748784,1460.656982421875,1101554.0,0,1
2024-10-28,1460.6570672388996,1470.3277273201638,1441.4145231565217,1447.43408203125,322416.0,0,1
2024-10-29,1449.752989820839,1453.94687751396,1410.330373230323,1429.12890625,569482.0,0,1
2024-10-30,1421.3331142437405,1432.8293240275598,1414.0801799803671,1426.760498046875,685466.0,0,1
2024-10-31,1423.9480916015102,1440.6249852345131,1407.7645964756457,1429.967529296875,522184.0,0,1
2024-11-01,1448.1246244499316,1455.4762140532991,1430.905064662919,1433.964111328125,54659.0,0,1
2024-11-04,1435.789721918899,1435.789721918899,1399.6729736242105,1417.0899658203125,444771.0,0,1
2024-11-05,1413.0933925048228,1431.793148642578,1410.675787886851,1427.25390625,281371.0,0,1
2024-11-06,1430.7570335312084,1441.1676698908286,1425.4283054937132,1437.121826171875,240099.0,0,1
2024-11-07,1434.6056936779175,1446.595182255817,1405.4457907521607,1419.95166015625,283200.0,0,1
2024-11-08,1422.073193716713,1436.727105704688,1414.0307737293954,1429.5235595703125,1499108.0,0,1
2024-11-11,1438.7500769013618,1475.656310098787,1427.8953095173324,1456.3643798828125,650600.0,0,1
2024-11-12,1455.525626243125,1461.9891950041283,1420.099588604195,1427.697998046875,681448.0,0,1
2024-11-13,1414.1788258087258,1424.7868940778137,1404.6562102010291,1408.85009765625,296683.0,0,1
2024-11-14,1408.850040363761,1435.3456363996993,1406.383047843366,1423.306640625,548233.0,0,1
2024-11-15,1408.850040363761,1435.3456363996993,1406.383047843366,1423.306640625,548233.0,0,1
2024-11-18,1423.948098208003,1462.2851382988024,1421.2344064061515,1451.381103515625,934866.0,0,1
2024-11-19,1459.4728435414636,1486.066975975622,1455.7723545872511,1467.761962890625,701161.0,0,1
2024-11-20,1459.4728435414636,1486.066975975622,1455.7723545872511,1467.761962890625,701161.0,0,1
2024-11-21,1480.1955937446498,1485.0801910205569,1461.989236125041,1473.33740234375,545772.0,0,1
2024-11-22,1473.28800488623,1488.0899607290255,1470.031526417365,1480.3436279296875,621662.0,0,1
2024-11-25,1498.8459938287012,1523.3184872586305,1456.6604218975303,1466.47900390625,3600031.0,0,1
2024-11-26,1466.4790503355814,1508.5659679905416,1447.5325954378084,1491.1983642578125,658663.0,0,1
2024-11-27,1498.6486740949306,1506.7897499879948,1480.245004958118,1495.7376708984375,547190.0,0,1
2024-11-28,1501.313091264799,1502.6452432218991,1475.70563493997,1482.9093017578125,566858.0,0,1
2024-11-29,1495.984238392124,1521.5915721257452,1481.3303271671434,1508.9112548828125,1224425.0,0,1
2024-12-02,1521.6409958362883,1532.3477193482115,1499.931461524746,1511.9703369140625,554366.0,0,1
2024-12-03,1512.167854395987,1524.6014733882043,1493.1226227585607,1522.5784912109375,522548.0,0,1
2024-12-04,1528.548554314148,1528.548554314148,1500.5728834318202,1505.901611328125,618463.0,0,1
2024-12-05,1506.0496606420306,1514.7335231602117,1495.1456251446211,1509.898193359375,423566.0,0,1
2024-12-06,1517.4470744174153,1517.4470744174153,1493.0732368989534,1496.5762939453125,323615.0,0,1
2024-12-09,1492.7278298151246,1502.546532609295,1472.5478785901842,1486.363037109375,516426.0,0,1
2024-12-10,1496.9711236566216,1506.0003407486483,1480.244961855905,1493.517333984375,522996.0,0,1
2024-12-11,1499.9315060665756,1502.102411378749,1486.8564452406663,1496.7738037109375,324261.0,0,1
2024-12-12,1490.8530988974107,1512.5132469432224,1490.8530988974107,1505.802978515625,540314.0,0,1
2024-12-13,1507.973956480089,1508.8127098922282,1463.2720013259925,1492.0865478515625,462501.0,0,1
2024-12-16,1492.0864655265284,1523.9106690643175,1447.9765669524677,1499.1419677734375,805782.0,0,1
2024-12-17,1519.6673718784928,1547.0016004489642,1507.9244635495263,1542.6597900390625,2444937.0,0,1
2024-12-18,1559.1393718262857,1574.780081306362,1519.371401690557,1558.74462890625,2242721.0,0,1
2024-12-19,1539.4035335526644,1565.0602591118754,1533.877493677792,1551.5904541015625,584413.0,0,1
2024-12-20,1557.7579685186254,1567.971295005586,1520.9505068242358,1524.404296875,484886.0,0,1
2024-12-23,1510.3915888038543,1537.7752078146032,1510.3915888038543,1524.65087890625,375618.0,0,1
2024-12-24,1534.0748052789793,1549.0248059981127,1521.147786874401,1544.0908203125,388993.0,0,1
2024-12-25,1534.0748052789793,1549.0248059981127,1521.147786874401,1544.0908203125,388993.0,0,1
2024-12-26,1558.7446035133753,1558.7446035133753,1532.5452139862489,1546.2615966796875,544734.0,0,1
2024-12-27,1539.4527429199486,1568.5138670450738,1539.4033548853822,1558.5472412109375,356482.0,0,1
2024-12-30,1563.23459610209,1643.362469673045,1546.508313559215,1598.167236328125,3987698.0,1,0
2024-12-31,1593.7266645966045,1611.7849787988505,1580.4049040804734,1603.9892578125,816405.0,0,1
2025-01-01,1607.6403127752178,1642.2274744062925,1590.5194093841071,1637.688232421875,433570.0,0,1
2025-01-02,1638.083121310076,1669.5619716486635,1630.2874004362127,1666.2562255859375,615262.0,0,1
2025-01-03,1677.5550312240844,1677.5550312240844,1644.4479411008874,1660.2366943359375,647193.0,0,1
2025-01-06,1643.017141984548,1676.3709315488268,1612.081077547015,1619.4820556640625,309219.0,0,1
2025-01-07,1619.7778810536042,1636.0600314891406,1600.880814945315,1604.8280029296875,542151.0,0,1
2025-01-08,1598.6112554123283,1609.3673675805935,1541.9198118529162,1554.994873046875,1413532.0,0,1
2025-01-09,1540.3901042294192,1577.3949914226307,1540.3901042294192,1553.6624755859375,777640.0,0,1
2025-01-10,1553.662599669618,1564.073356948213,1510.9836263648797,1518.8287353515625,402378.0,0,1
2025-01-13,1500.5235259042358,1516.707021138886,1459.07805102601,1463.9627685546875,906542.0,0,1
2025-01-14,1442.944004445797,1448.6180875544055,1385.463075562933,1388.670166015625,2008577.0,1,0
2025-01-15,1386.1044911348606,1401.5478889561443,1369.6742962701546,1392.27197265625,1287420.0,0,1
2025-01-16,1412.1066328163215,1422.7147015114826,1389.3116441770503,1395.4791259765625,489271.0,0,1
2025-01-17,1395.4790441430478,1419.2114404406811,1392.617308664166,1408.7021484375,696620.0,0,1
2025-01-20,1397.4032740717485,1457.844593196466,1394.14691609204,1438.60205078125,1610101.0,0,1
2025-01-21,1443.733423160506,1454.390758663436,1414.573523139751,1418.9647216796875,562153.0,0,1
2025-01-22,1432.8293039054636,1478.1725797677827,1422.665246197065,1439.4407958984375,913499.0,0,1
2025-01-23,1449.308797706494,1489.0767675140778,1430.8557408186964,1480.8370361328125,1235078.0,0,1
2025-01-24,1515.7202755570677,1528.5486372642565,1442.0558513544472,1450.344970703125,1968647.0,0,1
2025-01-27,1430.8557656973155,1444.8682360469004,1368.5888940542131,1372.4866943359375,805934.0,1,0
2025-01-28,1396.3178171534362,1396.3178171534362,1344.0669618610734,1378.6048583984375,1371996.0,0,1
2025-01-29,1379.4928902075217,1413.0933780005514,1362.8161164010903,1409.0968017578125,766197.0,0,1
2025-01-30,1410.0343851945076,1416.0044353104506,1393.4068783291464,1408.060791015625,749914.0,0,1
2025-01-31,1401.2517864784495,1418.9647450325278,1398.4887066033534,1405.198974609375,664221.0,0,1
2025-02-03,1450.5916612484095,1478.221978605522,1435.789705521385,1453.6014404296875,802852.0,0,1
2025-02-04,1470.7716961716858,1488.978175024309,1446.447243913441,1462.8773193359375,478244.0,0,1
2025-02-05,1450.6902758981853,1472.3998103514728,1419.359470494009,1422.9613037109375,819735.0,0,1
2025-02-06,1432.730759265453,1439.5396834692383,1391.6306352219488,1396.3673095703125,431647.0,0,1
2025-02-07,1398.192807072516,1412.0079661957643,1381.5159123248686,1408.65283203125,621350.0,0,1
2025-02-10,1408.6527993100426,1427.1552441346053,1391.926637372088,1400.7584228515625,670743.0,0,1
2025-02-11,1393.4067905353754,1405.1003112167614,1365.233687223463,1371.203857421875,694651.0,0,1
2025-02-12,1373.6214445438284,1393.3573848389983,1348.8034755309282,1379.048828125,654233.0,0,1
2025-02-13,1385.4137058468532,1392.272017796171,1367.2073479888788,1378.407470703125,561668.0,0,1
2025-02-14,1380.529016705041,1381.959824185798,1341.5011467841491,1346.3858642578125,828825.0,0,1
2025-02-17,1327.3406406357335,1338.0473641555575,1320.3344059217443,1331.8798828125,890483.0,0,1
2025-02-18,1322.3080085440076,1338.5901593954825,1308.0488397696492,1317.3740234375,415003.0,0,1
2025-02-19,1312.4400164285323,1319.1502842448474,1300.5984523705304,1311.30517578125,464950.0,0,1
2025-02-20,1312.440059430941,1331.6332136203723,1303.5094980611382,1327.192626953125,728768.0,0,1
2025-02-21,1327.1925395371309,1331.4358147009095,1285.5991435270405,1289.250244140625,1297282.0,0,1
2025-02-24,1288.4608989632327,1327.094028730682,1281.4053962092812,1325.0711669921875,754464.0,0,1
2025-02-25,1326.3045310414134,1335.5803262997315,1316.9792272919626,1328.327392578125,400379.0,0,1
2025-02-26,1326.3045310414134,1335.5803262997315,1316.9792272919626,1328.327392578125,400379.0,0,1
2025-02-27,1320.3344470550423,1342.882735455999,1304.595082360668,1317.768798828125,621665.0,0,1
2025-02-28,1317.37409541376,1317.37409541376,1259.7451221294025,1267.491455078125,900840.0,0,1
2025-03-03,1258.462244303234,1299.710286038734,1258.0181133844087,1288.9049072265625,705964.0,0,1
2025-03-04,1284.859299355065,1284.859299355065,1254.317854764102,1270.9947509765625,516071.0,0,1
2025-03-05,1271.882733980641,1309.3316336133794,1270.994592549402,1302.7694091796875,621963.0,0,1
2025-03-06,1312.6374050974189,1318.6075755123752,1302.720166888853,1315.25244140625,275303.0,0,1
2025-03-07,1321.4199486195353,1323.1962315508622,1305.5325396885953,1310.3184814453125,265595.0,0,1
2025-03-10,1298.6249191334134,1326.7486350872905,1291.6186841629442,1295.76318359375,613699.0,0,1
2025-03-11,1293.641554362042,1308.8382531394536,1283.822971823247,1302.424072265625,302563.0,0,1
2025-03-12,1303.0161025387868,1321.2718477683384,1294.3816284437287,1318.6075439453125,598766.0,0,1
2025-03-13,1326.255265020727,1344.4123552407125,1314.6603994225177,1335.8271484375,441272.0,0,1
2025-03-14,1326.255265020727,1344.4123552407125,1314.6603994225177,1335.8271484375,441272.0,0,1
2025-03-17,1345.9911704837866,1347.224666791048,1321.3212443385555,1335.185791015625,546482.0,0,1
2025-03-18,1335.185791015625,1335.185791015625,1335.185791015625,1335.185791015625,0.0,0,1
2025-03-19,1356.4512060431964,1356.4512060431964,1306.4699111771854,1329.51171875,838919.0,0,1
2025-03-20,1342.8335298706454,1369.6743625674785,1332.2747287197676,1359.5596923828125,855272.0,0,1
2025-03-21,1401.2518680942355,1401.3012561321978,1367.7501550651525,1373.226806640625,1093226.0,0,1
2025-03-24,1381.515845910009,1386.548486685528,1367.0099777114028,1374.1148681640625,440777.0,0,1
2025-03-25,1389.4102382979045,1389.4102382979045,1342.0439801741122,1347.520751953125,426894.0,0,1
2025-03-26,1357.487372129203,1357.487372129203,1337.850086942036,1343.524169921875,421022.0,0,1
2025-03-27,1350.086416910027,1400.166367526209,1349.4449747315923,1389.5089111328125,768855.0,0,1
2025-03-28,1398.2913710151618,1401.7451605695394,1372.4373373915546,1382.7987060546875,959532.0,0,1
2025-03-31,1398.2913710151618,1401.7451605695394,1372.4373373915546,1382.7987060546875,959532.0,0,1
2025-04-01,1389.360879238386,1394.5909518654148,1368.6875289137308,1387.584716796875,365985.0,0,1
2025-04-02,1396.2191761921308,1421.2344574263973,1376.4338470703722,1415.510986328125,870739.0,0,1
2025-04-03,1419.024001712561,1419.2218646916829,1398.787619880803,1415.2142333984375,230919.0,0,1
2025-04-04,1415.164639582881,1427.187774478611,1402.3499320130456,1412.443359375,500497.0,0,1
2025-04-07,1355.6924668237111,1397.550757000765,1349.7551275529504,1389.1395263671875,579009.0,0,1
2025-04-08,1396.2641967022084,1423.8233205786614,1396.2641967022084,1410.2169189453125,562645.0,0,1
2025-04-09,1419.3703359895396,1440.7447321457178,1410.6127851583487,1436.440185546875,886893.0,0,1
2025-04-10,1419.3703359895396,1440.7447321457178,1410.6127851583487,1436.440185546875,886893.0,0,1
2025-04-11,1468.5017788179207,1468.5017788179207,1439.6067786580186,1461.4759521484375,693426.0,0,1
2025-04-14,1468.5017788179207,1468.5017788179207,1439.6067786580186,1461.4759521484375,693426.0,0,1
2025-04-15,1534.2084424506693,1534.6042892151022,1465.1373495009325,1486.0169677734375,797044.0,0,1
2025-04-16,1498.8811199804966,1498.8811199804966,1468.1059382677413,1487.501220703125,739318.0,0,1
2025-04-17,1496.110445230079,1510.5579454757983,1484.532562099627,1501.9488525390625,569237.0,0,1
2025-04-18,1496.110445230079,1510.5579454757983,1484.532562099627,1501.9488525390625,569237.0,0,1
2025-04-21,1522.7296476696813,1522.7296476696813,1489.2825883961489,1500.8603515625,528024.0,0,1
2025-04-22,1508.7768174293071,1543.708211822717,1500.8603650609855,1541.333251953125,823672.0,0,1
2025-04-23,1543.7081645217982,1568.842924180158,1527.380482012433,1563.8951416015625,1385393.0,0,1
2025-04-24,1568.447097600092,1592.394317270497,1540.442599526645,1544.4998779296875,1320677.0,0,1
2025-04-25,1549.1506945125395,1557.5619247286727,1514.318354170976,1531.23974609375,517429.0,0,1
2025-04-28,1516.9899984056983,1544.0049371064506,1511.0526598600795,1540.343505859375,604732.0,0,1
2025-04-29,1543.8070246492107,1548.556944023279,1518.8702499240228,1529.75537109375,560975.0,0,1
2025-04-30,1520.0576647132757,1552.6140966348198,1520.0576647132757,1547.5673828125,705329.0,0,1
2025-05-01,1520.0576647132757,1552.6140966348198,1520.0576647132757,1547.5673828125,705329.0,0,1
2025-05-02,1547.567315093446,1558.650298720056,1534.8020130693667,1544.7965087890625,810473.0,0,1
2025-05-05,1549.1506906004136,1554.8901665809988,1537.276012678213,1542.8175048828125,247436.0,0,1
2025-05-06,1542.8174470967294,1571.4156528473134,1534.307285730327,1559.837890625,898145.0,0,1
2025-05-07,1598.133714645304,1599.1232711249606,1521.5420189607946,1572.9000244140625,2290058.0,0,1
2025-05-08,1572.9000947529937,1577.0561838352207,1516.099526121535,1521.146240234375,715376.0,0,1
2025-05-09,1509.172591822455,1528.172149072438,1482.8504131193702,1515.2088623046875,991191.0,0,1
2025-05-12,1538.7602648087714,1563.4002443336124,1535.8905269725433,1547.8641357421875,480122.0,0,1
2025-05-13,1547.8642345091134,1556.770243040916,1532.9219554648498,1537.671875,427254.0,0,1
2025-05-14,1533.8125452224597,1546.1820012323185,1505.1154072795878,1518.37548828125,638135.0,0,1
2025-05-15,1513.823524284022,1529.8542906544524,1512.1412058208994,1522.4326171875,441481.0,0,1
2025-05-16,1533.8125165535516,1540.9372747638718,1515.109875257128,1524.2138671875,847943.0,0,1
2025-05-19,1524.2138895618232,1551.327640390277,1520.0576798819045,1539.7498779296875,982452.0,0,1
2025-05-20,1555.5826989522232,1555.5826989522232,1524.0158248589223,1540.343505859375,726976.0,0,1
2025-05-21,1553.6036411346065,1553.6036411346065,1486.016886644768,1541.13525390625,2403116.0,0,1
2025-05-22,1535.296857304368,1560.5305471923868,1503.2352036404975,1552.0203857421875,776793.0,0,1
2025-05-23,1553.9006049445786,1576.264557464945,1551.8224396786954,1562.4107666015625,640485.0,0,1
2025-05-26,1563.4992610645693,1571.7126282858185,1536.7812357172634,1539.255126953125,343457.0,0,1
2025-05-27,1546.9736669175272,1548.655864586431,1512.7349166615434,1517.0889892578125,639811.0,0,1
2025-05-28,1517.0890189978577,1523.7191199071733,1502.2456717619602,1506.797607421875,423530.0,0,1
2025-05-29,1509.172499493534,1513.328709010574,1490.9646368745314,1506.6986083984375,649913.0,0,1
2025-05-30,1504.2247314453125,1521.7399530405428,1482.8503363418206,1504.2247314453125,1450384.0,0,1
2025-06-02,1504.2248041726289,1535.099039299704,1495.2198642255337,1533.0208740234375,962416.0,0,1
2025-06-03,1562.5096838250572,1592.988071764405,1545.2913768929704,1563.1033935546875,2105296.0,0,1
2025-06-04,1573.196940900087,1582.1029492239245,1551.3276460462882,1567.556396484375,1158597.0,0,1
2025-06-05,1564.4887755210354,1627.6225264820066,1555.5827673112385,1593.1859130859375,2195473.0,0,1
2025-06-06,1606.5449024383647,1610.602059739079,1569.832382168469,1576.75927734375,803768.0,0,1
2025-06-09,1583.58725406603,1590.8109437595676,1566.9626571903457,1576.0665283203125,619292.0,0,1
2025-06-10,1587.2486286141027,1627.820445180922,1586.6549188722192,1593.0870361328125,1003019.0,0,1
2025-06-11,1507.0945289967715,1531.8334411602118,1467.1164227815586,1488.0950927734375,9786390.0,1,0
2025-06-12,1489.2825305140852,1498.485454270002,1467.5122875431152,1469.59033203125,1578161.0,0,1
2025-06-13,1449.700307338962,1457.5178280359255,1427.0394387852857,1437.924560546875,1568758.0,0,1
2025-06-16,1443.663960534608,1477.209949079972,1432.481924087664,1469.88720703125,1234580.0,0,1
2025-06-17,1474.439159439814,1475.2308529442782,1452.0752070865994,1459.39794921875,946768.0,0,1
2025-06-18,1459.397925473937,1459.8927037073097,1443.3670382353853,1446.53369140625,366997.0,0,1
2025-06-19,1454.2522142115947,1465.0384042649737,1440.7942699154348,1445.544189453125,593453.0,0,1
2025-06-20,1451.6793235786974,1452.1741018075927,1433.6694443650963,1443.6639404296875,1652262.0,0,1
2025-06-23,1438.716209836298,1441.684879316339,1400.420301066487,1405.0712890625,3416836.0,0,1
2025-06-24,1415.0657790907171,1433.867352379335,1412.2949726036802,1428.2269287109375,1116069.0,0,1
2025-06-25,1424.9612733639126,1446.4345997901692,1414.570930745634,1439.7056884765625,1958351.0,0,1
2025-06-26,1439.804649471865,1445.544125258737,1423.4769678799164,1429.414306640625,1725849.0,0,1
2025-06-27,1437.1329227381166,1445.7420157870388,1425.2582449903791,1427.1383056640625,2130175.0,0,1
2025-06-30,1411.899317922118,1421.794883310427,1403.1911720622156,1413.1856689453125,3001009.0,0,1
2025-07-01,1416.9459310946902,1418.133350538444,1382.311454704757,1385.77490234375,1280859.0,0,1
2025-07-02,1389.238423319127,1391.910177606345,1365.983845086873,1368.9525146484375,1464003.0,0,1
2025-07-03,1373.7022587286367,1377.957399915504,1363.4109679616931,1367.2701416015625,930122.0,0,1
2025-07-04,1370.4368639302454,1376.9679128756993,1357.869423509359,1363.8067626953125,905626.0,0,1
2025-07-07,1371.525282796376,1380.332359637207,1355.7913105878868,1368.1607666015625,1772885.0,0,1
2025-07-08,1368.1607163561052,1372.415857386728,1347.0832365601495,1350.4476318359375,963015.0,0,1
2025-07-09,1350.7446003989346,1361.1349434789263,1348.3696406787,1356.5830078125,1302716.0,0,1
2025-07-10,1364.0046505533762,1370.832614296132,1353.9111021698125,1369.546142578125,686811.0,0,1
2025-07-11,1370.4368156627988,1370.4368156627988,1341.838608765271,1343.421875,781058.0,0,1
2025-07-14,1352.7236742483906,1359.254722693569,1331.2503474888956,1349.7550048828125,1850508.0,0,1
2025-07-15,1355.395480542417,1359.6506217817562,1343.916649379336,1355.8902587890625,962048.0,0,1
2025-07-16,1360.6401627296952,1367.3691951253822,1351.1404446617307,1362.817138671875,1343693.0,0,1
2025-07-17,1367.2700882590334,1385.2800879894824,1362.1244430763134,1365.587890625,1027003.0,0,1
2025-07-18,1372.514873348135,1372.514873348135,1347.083319470904,1348.0728759765625,509628.0,0,1
2025-07-21,1356.7808720428166,1360.640166492325,1343.8177062520565,1352.1300048828125,949878.0,0,1
2025-07-22,1355.5934311537817,1357.671475579759,1327.0941565260484,1329.4691162109375,827126.0,0,1
2025-07-23,1337.8802650607186,1339.859377878856,1322.937987442875,1328.2816162109375,860631.0,0,1
2025-07-24,1334.9116647732603,1337.880334153779,1318.386120206559,1321.2557373046875,924127.0,0,1
2025-07-25,1323.1358979299202,1327.094123708363,1292.8554948839246,1295.923095703125,815158.0,0,1
2025-07-28,1296.0220934184308,1311.2612876032897,1289.1942502380684,1302.25634765625,746523.0,0,1
2025-07-29,1302.2562779544703,1317.09962458769,1285.235955466564,1310.1727294921875,1769493.0,0,1
2025-07-30,1311.1622201024693,1316.7037117415466,1299.2875433921072,1302.058349609375,541385.0,0,1
2025-07-31,1296.3190543913342,1333.922202533984,1292.4597597649674,1326.20361328125,1486378.0,0,1
2025-08-01,1329.9865144800185,1331.3802372275077,1310.5742861623833,1316.44775390625,1209840.0,0,1
2025-08-04,1317.0450171310297,1336.5567708584283,1308.0855272185736,1333.6697998046875,1091819.0,0,1
2025-08-05,1342.8284660240568,1343.0275171920816,1314.0585240345822,1317.7418212890625,1528084.0,0,1
2025-08-06,1319.0360760616954,1319.0360760616954,1298.528822504079,1302.3116455078125,1071422.0,0,1
2025-08-07,1299.32513845258,1302.1125840297966,1278.021558835756,1284.193603515625,1182773.0,0,1
2025-08-08,1292.1575101172327,1304.800296931455,1280.2115238911874,1285.686767578125,1324949.0,0,1
2025-08-11,1292.157576262076,1300.022041900971,1279.1165649352522,1296.338623046875,691799.0,0,1
2025-08-12,1298.5287644027726,1301.5152610451337,1284.691305655661,1291.95849609375,642530.0,0,1
2025-08-13,1294.248037925336,1303.1080020447853,1288.673268637872,1300.320556640625,402056.0,0,1
2025-08-14,1313.0629960696565,1327.8959533847735,1294.0489921517424,1313.3616943359375,1527475.0,0,1
2025-08-15,1313.0629960696565,1327.8959533847735,1294.0489921517424,1313.3616943359375,1527475.0,0,1
2025-08-18,1319.0359759649857,1319.832423653156,1296.736777425633,1301.61474609375,2136037.0,0,1
2025-08-19,1309.080990888277,1327.7964179214862,1297.1350046596388,1322.6197509765625,1846772.0,0,1
2025-08-20,1324.0134952616086,1337.253678822568,1318.2395532152825,1329.886962890625,1075724.0,0,1
2025-08-21,1334.068078011018,1334.7650001673396,1319.6333436750951,1330.9820556640625,1071331.0,0,1
2025-08-22,1327.199136084244,1332.0771051866425,1321.126616864096,1323.9140625,545032.0,0,1
2025-08-25,1328.990979476214,1329.0905050581457,1300.619261936834,1305.397705078125,1258475.0,0,1
2025-08-26,1305.3977759343104,1305.3977759343104,1290.0670683381222,1296.93603515625,1382762.0,0,1
2025-08-27,1305.3977759343104,1305.3977759343104,1290.0670683381222,1296.93603515625,1382762.0,0,1
2025-08-28,1296.9359862226506,1299.0265095612406,1273.4421154968309,1275.7318115234375,1374328.0,0,1
2025-08-29,1284.1935230665404,1309.3796927086685,1278.4195810986737,1305.0989990234375,1687323.0,0,1
2025-09-01,1305.09901194371,1322.0224926477858,1297.4337192919718,1315.2530517578125,911511.0,0,1
2025-09-02,1315.94997145889,1334.2671748444193,1315.2530493421937,1327.9954833984375,969704.0,0,1
2025-09-03,1327.9954881738777,1345.118020072724,1319.931971657803,1341.0364990234375,1743317.0,0,1
2025-09-04,1357.8604598231177,1357.8604598231177,1312.3662100341614,1315.5517578125,716303.0,0,1
2025-09-05,1322.1220743116353,1327.000043260953,1304.20309398253,1306.194091796875,551551.0,0,1
2025-09-08,1308.981580242894,1311.072103712294,1288.474326387255,1290.1666259765625,822646.0,0,1
2025-09-09,1294.1485890650497,1301.316132642295,1285.8858994649809,1298.52880859375,411404.0,0,1
2025-09-10,1303.9045041607037,1311.3707458897024,1295.3431164280958,1297.6328125,748158.0,0,1
2025-09-11,1300.2210287618943,1316.0494848429207,1296.93595545657,1313.06298828125,1024840.0,0,1
2025-09-12,1318.3391901567838,1319.9319640301233,1292.1575215056075,1303.8048095703125,1240784.0,0,1
2025-09-15,1316.8460025433003,1316.8460025433003,1299.2255989801563,1309.3797607421875,1111447.0,0,1
2025-09-16,1315.0540596180392,1325.3077469955483,1309.5788156150877,1324.0135498046875,879154.0,0,1
2025-09-17,1326.0045229283764,1339.7424562337264,1318.7373324150944,1331.08154296875,1831382.0,0,1
2025-09-18,1335.959552921397,1335.959552921397,1314.45680051685,1321.42529296875,708672.0,0,1
2025-09-19,1322.0225064504632,1331.7784440371308,1316.2485643651523,1322.2215576171875,1037085.0,0,1
2025-09-22,1344.9190321907945,1356.865019153259,1330.9820474012529,1333.8690185546875,1193493.0,0,1
2025-09-23,1333.1720881227882,1337.452782032764,1319.0360522466783,1335.1630859375,608739.0,0,1
2025-09-24,1329.9865004279104,1350.891976856792,1326.8009526280434,1344.8194580078125,755361.0,0,1
2025-09-25,1337.054533186768,1356.6659342078178,1308.782340441867,1311.6693115234375,1180092.0,0,1
2025-09-26,1313.8595024947183,1313.9590280809757,1289.1710810598984,1291.560302734375,733634.0,0,1
2025-09-29,1298.7278814263866,1307.687371807787,1294.148610646733,1302.6103515625,829604.0,0,1
2025-09-30,1302.7098278564529,1336.059040791942,1285.1890716333237,1318.3392333984375,1455473.0,0,1
2025-10-01,1328.4932678224748,1348.7019438843945,1324.7103234346434,1340.6383056640625,1098185.0,0,1
2025-10-02,1328.4932678224748,1348.7019438843945,1324.7103234346434,1340.6383056640625,1098185.0,0,1
2025-10-03,1340.9370381097503,1362.738488645997,1335.1630957961067,1356.466796875,1058525.0,0,1
2025-10-06,1356.4667973974713,1357.86052018277,1334.8645195483634,1354.8740234375,405517.0,0,1
2025-10-07,1353.8784964275603,1358.8559908997208,1341.0365363852152,1345.7154541015625,269092.0,0,1
2025-10-08,1342.131619028186,1345.715512420143,1319.533841753615,1327.099609375,727143.0,0,1
2025-10-09,1327.0996005139557,1337.7515119873888,1319.8325312307115,1331.579345703125,889040.0,0,1
2025-10-10,1331.579330711721,1343.4257921605476,1323.3167625905733,1330.9820556640625,849804.0,0,1
2025-10-13,1330.9819758695714,1332.475224159627,1308.6827771005694,1310.176025390625,526581.0,0,1
2025-10-14,1310.1761286458764,1317.6423706845706,1294.1486200403197,1296.537841796875,647546.0,0,1
2025-10-15,1305.0991071587998,1328.991081660563,1299.524337412562,1327.099609375,822427.0,0,1
2025-10-16,1319.1355810136058,1357.5618146260178,1319.1355810136058,1352.9825439453125,835083.0,0,1
2025-10-17,1352.4847712890305,1363.1366823532085,1344.1225562863576,1355.272216796875,560298.0,0,1
2025-10-20,1360.5482715348223,1370.105158005461,1353.9780032269032,1359.4532470703125,518539.0,0,1
2025-10-21,1366.8200182391745,1366.8200182391745,1350.8920355065986,1353.579833984375,94445.0,0,1
2025-10-22,1366.8200182391745,1366.8200182391745,1350.8920355065986,1353.579833984375,94445.0,0,1
2025-10-23,1353.5797824970014,1369.30871345547,1342.1315453434297,1345.1180419921875,526206.0,0,1
2025-10-24,1355.0731062562866,1357.960077481638,1338.6473737737224,1351.290283203125,561687.0,0,1
2025-10-27,1358.4577587000786,1358.4577587000786,1339.9415036814607,1347.009521484375,422172.0,0,1
2025-10-28,1347.0095297518071,1368.8109798440412,1331.181073026166,1345.7154541015625,417933.0,0,1
2025-10-29,1346.312691047737,1386.729920714128,1346.312691047737,1381.1551513671875,1390351.0,0,1
2025-10-30,1381.155210371246,1393.5989467312274,1369.7069729200628,1388.32275390625,958881.0,0,1
2025-10-31,1448.450903114771,1481.302366896756,1421.5724327476933,1424.9571533203125,10485938.0,1,0
2025-11-03,1428.5409662865504,1458.2068830449589,1421.7715249459752,1441.084228515625,1297031.0,0,1
2025-11-04,1448.4509059696832,1451.536928269295,1436.504919116325,1444.369384765625,961290.0,0,1
2025-11-05,1448.4509059696832,1451.536928269295,1436.504919116325,1444.369384765625,961290.0,0,1
2025-11-06,1463.3833349075076,1468.3608292439276,1407.1376489059603,1410.1241455078125,1003182.0,0,1
2025-11-07,1410.1242183967847,1427.2467511907862,1397.680481912521,1422.66748046875,507698.0,0,1
2025-11-10,1422.6673929512965,1423.662891808798,1399.1736442184313,1403.1556396484375,429606.0,0,1
2025-11-11,1406.9386286522947,1424.558910382009,1402.3592365454897,1408.1331787109375,1025644.0,0,1
2025-11-12,1411.7169530015142,1432.7219552971237,1405.9431323463182,1429.13818359375,1363723.0,0,1
2025-11-13,1428.5409432130782,1429.4369165408689,1411.0201866109442,1414.4049072265625,464975.0,0,1
2025-11-14,1412.6129734078188,1425.9526832959698,1406.4409286862644,1422.9661865234375,335913.0,0,1
2025-11-17,1427.5454329293443,1431.626954144705,1417.889142137819,1428.44140625,380093.0,0,1
2025-11-18,1431.527382396179,1431.7264335628558,1410.5223804357058,1428.2421875,455921.0,0,1
2025-11-19,1421.7714344444023,1422.070132713098,1402.3592065214723,1405.345703125,484493.0,0,1
2025-11-20,1403.653395118394,1426.3508177754595,1400.368200266157,1409.825439453125,560899.0,0,1
2025-11-21,1403.6533854860097,1423.563362585102,1389.0196009265194,1420.6763916015625,1018074.0,0,1
2025-11-24,1428.441353302951,1432.5228743670243,1409.7259259328982,1424.7579345703125,888660.0,0,1
2025-11-25,1425.056694422358,1429.4369139451533,1412.9116562881586,1423.961669921875,522357.0,0,1
2025-11-26,1423.9616699876258,1456.9126597159773,1422.567947204736,1452.9306640625,1283956.0,0,1
2025-11-27,1453.428394171763,1462.1888331011432,1434.513915069528,1439.2923583984375,855725.0,0,1
2025-11-28,1439.292341469123,1453.4283770761772,1432.522900419602,1445.066162109375,714629.0,0,1
2025-12-01,1451.1386897577115,1451.1386897577115,1429.5364123575885,1440.58642578125,512075.0,0,1
2025-12-02,1448.3514136937224,1449.5459637981864,1422.6674927599583,1434.4144287109375,761536.0,0,1
2025-12-03,1425.554377156285,1432.1246453725264,1410.02461913948,1414.902587890625,965273.0,0,1
2025-12-04,1418.5858675845311,1430.8305521025509,1408.9295773047545,1425.454833984375,756367.0,0,1
2025-12-05,1419.1832498823078,1450.541466167994,1418.5859748286584,1449.0482177734375,612882.0,0,1
2025-12-08,1452.3334047866726,1458.3063983317377,1415.1017207182626,1422.9661865234375,456180.0,0,1
2025-12-09,1418.5858744733837,1433.817055628704,1403.8524427477034,1428.9390869140625,404040.0,0,1
2025-12-10,1428.9391551941394,1438.49592039571,1422.5679378861382,1430.0341796875,384839.0,0,1
2025-12-11,1439.0931720168671,1439.0931720168671,1418.2872208981476,1430.73095703125,287781.0,0,1
2025-12-12,1433.518407935186,1444.46889577358,1426.54991567439,1440.58642578125,347794.0,0,1
2025-12-15,1438.495865528348,1440.3873376833874,1423.065633060743,1435.9075927734375,229303.0,0,1
2025-12-16,1433.4188285735877,1448.0526131639117,1431.626882022551,1444.8670654296875,428654.0,0,1
2025-12-17,1445.3649213154338,1449.745140913256,1405.744015278168,1418.4864501953125,726612.0,0,1
2025-12-18,1403.65341576648,1403.65341576648,1366.1231567334078,1384.93798828125,1129800.0,0,1
2025-12-19,1385.634974987487,1405.2462551588392,1381.1552298347644,1400.3682861328125,397838.0,0,1
2025-12-22,1400.3682207157203,1427.04763920953,1398.3772229630736,1420.2781982421875,530499.0,0,1
2025-12-23,1427.346311866704,1445.862566329868,1419.880070428262,1435.310302734375,386351.0,0,1
2025-12-24,1433.6179549767498,1438.0977000685937,1409.1287061121768,1415.698974609375,499655.0,0,1
2025-12-25,1433.6179549767498,1438.0977000685937,1409.1287061121768,1415.698974609375,499655.0,0,1
2025-12-26,1415.6990112258588,1427.5454728570887,1409.726017615578,1421.970703125,578732.0,0,1
2025-12-29,1418.585974148791,1428.540963441063,1408.133235391905,1423.2647705078125,923624.0,0,1
2025-12-30,1418.5859074724551,1430.7309452298405,1400.7664531726643,1417.391357421875,2611454.0,0,1
2025-12-31,1414.9025828378335,1440.4868550130675,1405.9430930692658,1437.20166015625,765435.0,0,1
2026-01-01,1440.9846678830231,1444.9666635110248,1383.7434807305024,1397.8795166015625,1020153.0,0,1
2026-01-02,1397.7799503416754,1403.2551941708557,1364.9284873665931,1375.3812255859375,1986738.0,0,1
2026-01-05,1375.08265795956,1384.9379997007936,1362.6389219015782,1369.3087158203125,1093742.0,0,1
2026-01-06,1369.3087840702406,1375.0827264972766,1355.6704972792688,1370.40380859375,1189346.0,0,1
2026-01-07,1370.4037171179928,1374.783936440512,1358.756428973002,1371.598388671875,825599.0,0,1
2026-01-08,1371.598425295536,1372.7929753604565,1337.452764609698,1344.12255859375,863070.0,0,1
2026-01-09,1333.9685232848892,1349.8965056524698,1318.9365142296572,1325.009033203125,753264.0,0,1
2026-01-12,1323.0179902919342,1325.3076862875394,1304.1035118754205,1321.624267578125,564288.0,0,1
2026-01-13,1324.411791867277,1328.3937875604915,1307.8865340446102,1313.4613037109375,565666.0,0,1
2026-01-14,1304.1036000508748,1337.253763072728,1304.1036000508748,1329.986572265625,1050390.0,0,1
2026-01-15,1329.986572265625,1329.986572265625,1329.986572265625,1329.986572265625,0.0,0,1
2026-01-16,1343.923469595558,1347.407715627843,1331.3802081835042,1342.6292724609375,888719.0,0,1
2026-01-19,1334.466320785437,1346.113609702782,1311.0720958406716,1318.8370361328125,429661.0,0,1
2026-01-20,1317.542763723398,1322.8189563798974,1307.0900255147878,1312.664794921875,1422810.0,0,1
2026-01-21,1279.2161310369318,1323.316782450676,1270.256640625,1314.05859375,2399345.0,0,1
2026-01-22,1313.5607791850784,1334.5657813612438,1306.5922869878102,1332.375732421875,1240014.0,0,1
2026-01-23,1347.9054763690924,1351.3897224306077,1321.027006751688,1327.0,1398884.0,0,1
2026-01-26,1347.9054763690924,1351.3897224306077,1321.027006751688,1327.0,1398884.0,0,1
2026-01-27,1329.0999755859375,1329.0999755859375,1300.0999755859375,1311.5,830607.0,0,1
2026-01-28,1313.199951171875,1331.5999755859375,1309.300048828125,1326.699951171875,1154014.0,0,1
2026-01-29,1329.0,1337.699951171875,1324.0999755859375,1330.4000244140625,949233.0,0,1
2026-01-30,1332.5999755859375,1368.0,1328.0,1362.5999755859375,1803157.0,0,1
2026-02-02,1342.0,1348.5999755859375,1318.0,1346.5,510793.0,0,1
2026-02-03,1365.0,1371.0,1350.0,1366.0999755859375,726570.0,0,1
2026-02-04,1375.0,1375.0,1350.0,1358.0999755859375,506352.0,0,1
2026-02-05,1360.0,1366.9000244140625,1353.199951171875,1359.4000244140625,519049.0,0,1
2026-02-06,1366.0,1378.300048828125,1352.0,1377.0,475208.0,0,1
2026-02-09,1378.699951171875,1413.4000244140625,1366.199951171875,1409.800048828125,689551.0,0,1
2026-02-10,1410.0,1412.300048828125,1401.0,1409.9000244140625,309157.0,0,1
2026-02-11,1420.0,1420.199951171875,1399.5999755859375,1412.9000244140625,383041.0,0,1
2026-02-12,1412.9000244140625,1428.300048828125,1407.4000244140625,1417.4000244140625,493044.0,0,1
2026-02-13,1414.0,1423.0,1398.0999755859375,1402.4000244140625,383577.0,0,1
2026-02-16,1390.5999755859375,1406.199951171875,1390.5,1401.0,151661.0,0,1
2026-02-17,1407.0,1425.800048828125,1402.0,1424.0,567457.0,0,1
2026-02-18,1430.0,1431.300048828125,1416.0999755859375,1424.5999755859375,271072.0,0,1
2026-02-19,1429.800048828125,1429.800048828125,1390.4000244140625,1397.0999755859375,278639.0,0,1
2026-02-20,1401.0,1410.4000244140625,1375.699951171875,1379.300048828125,288978.0,0,1
2026-02-23,1380.0,1420.0,1380.0,1416.9000244140625,785217.0,0,1
2026-02-24,1418.0,1425.0,1405.5999755859375,1421.5,681459.0,0,1
2026-02-25,1424.0,1427.300048828125,1406.5,1412.5,381768.0,0,1
2026-02-26,1405.5,1409.800048828125,1375.699951171875,1388.800048828125,559059.0,0,1
2026-02-27,1385.0,1392.699951171875,1371.0,1380.800048828125,1362196.0,0,1
2026-03-02,1345.0,1374.699951171875,1345.0,1366.5999755859375,957355.0,0,1
2026-03-03,1345.0,1374.699951171875,1345.0,1366.5999755859375,957355.0,0,1
2026-03-04,1340.0999755859375,1356.0,1311.199951171875,1316.800048828125,837406.0,0,1
2026-03-05,1316.800048828125,1331.800048828125,1310.0,1325.800048828125,628562.0,0,1
2026-03-06,1320.0,1417.9000244140625,1306.800048828125,1389.800048828125,5578937.0,1,0
2026-03-09,1389.699951171875,1389.699951171875,1340.0999755859375,1355.800048828125,773145.0,0,1
2026-03-10,1361.699951171875,1410.0,1354.0,1407.0999755859375,747118.0,0,1
2026-03-11,1401.800048828125,1413.5999755859375,1377.5999755859375,1382.0999755859375,316208.0,0,1
2026-03-12,1367.0999755859375,1368.800048828125,1341.0999755859375,1363.5,842671.0,0,1
2026-03-13,1350.0,1368.0,1310.0,1314.4000244140625,675221.0,0,1
2026-03-16,1309.9000244140625,1363.4000244140625,1302.5999755859375,1317.4000244140625,885117.0,0,1
2026-03-17,1325.0,1332.5,1298.699951171875,1301.4000244140625,1291896.0,0,1
2026-03-18,1310.800048828125,1330.5,1305.199951171875,1320.300048828125,1747262.0,0,1
2026-03-19,1311.0999755859375,1317.5999755859375,1281.0999755859375,1288.9000244140625,806047.0,0,1
2026-03-20,1296.0,1317.5999755859375,1296.0,1300.0999755859375,867349.0,0,1
2026-03-23,1288.9000244140625,1288.9000244140625,1266.4000244140625,1275.199951171875,1141612.0,0,1
2026-03-24,1290.9000244140625,1334.9000244140625,1282.699951171875,1328.0,1628922.0,0,1
2026-03-25,1337.9000244140625,1345.4000244140625,1305.0,1311.5999755859375,3189905.0,0,1
2026-03-26,1337.9000244140625,1345.4000244140625,1305.0,1311.5999755859375,3189905.0,0,1
2026-03-27,1314.5,1314.5999755859375,1250.5999755859375,1253.800048828125,1426042.0,0,1
2026-03-30,1243.199951171875,1252.9000244140625,1211.5,1218.800048828125,1479878.0,1,0
2026-03-31,1243.199951171875,1252.9000244140625,1211.5,1218.800048828125,1479878.0,0,1
2026-04-01,1262.5,1262.5,1228.699951171875,1249.300048828125,3909216.0,0,1
2026-04-02,1238.0999755859375,1238.0999755859375,1211.0,1221.199951171875,957515.0,0,1
2026-04-03,1238.0999755859375,1238.0999755859375,1211.0,1221.199951171875,957515.0,0,1
2026-04-06,1225.199951171875,1240.9000244140625,1213.4000244140625,1236.300048828125,948501.0,0,1
2026-04-07,1225.0,1249.4000244140625,1210.800048828125,1238.0999755859375,649429.0,0,1
2026-04-08,1269.0,1270.5,1246.300048828125,1248.800048828125,713361.0,0,1
2026-04-09,1241.5,1256.0,1232.5999755859375,1249.699951171875,1159575.0,0,1
2026-04-10,1256.699951171875,1270.699951171875,1246.9000244140625,1268.199951171875,1592029.0,0,1
2026-04-13,1245.0,1251.9000244140625,1227.300048828125,1231.5,1370011.0,0,1
2026-04-14,1245.0,1251.9000244140625,1227.300048828125,1231.5,1370011.0,0,1
2026-04-15,1231.5999755859375,1259.300048828125,1231.5999755859375,1252.4000244140625,1625397.0,0,1
2026-04-16,1256.800048828125,1263.0999755859375,1236.300048828125,1254.5,1707814.0,0,1
2026-04-17,1258.0,1306.9000244140625,1254.9000244140625,1302.9000244140625,2825738.0,0,1
2026-04-20,1309.0,1318.5,1294.0,1307.699951171875,1189368.0,0,1
2026-04-21,1315.0,1367.300048828125,1310.199951171875,1363.0,2334336.0,0,1
2026-04-22,1376.5999755859375,1400.800048828125,1354.5999755859375,1392.800048828125,1841125.0,0,1
2026-04-23,1390.0999755859375,1394.5999755859375,1375.199951171875,1382.300048828125,1008437.0,0,1
2026-04-24,1383.0,1398.5,1370.0999755859375,1391.9000244140625,967932.0,0,1
2026-04-27,1393.0,1414.4000244140625,1382.0,1391.5999755859375,821321.0,0,1
2026-04-28,1397.0,1398.0,1370.199951171875,1374.4000244140625,582625.0,0,1
2026-04-29,1379.9000244140625,1391.0999755859375,1360.699951171875,1363.4000244140625,769004.0,0,1
2026-04-30,1350.0,1350.0,1322.0,1325.5999755859375,1077576.0,0,1
2026-05-01,1325.5999755859375,1325.5999755859375,1325.5999755859375,1325.5999755859375,0.0,0,1
2026-05-04,1334.699951171875,1339.5999755859375,1312.5999755859375,1321.699951171875,778722.0,0,1
2026-05-05,1330.0,1334.199951171875,1307.4000244140625,1315.5999755859375,656051.0,0,1
2026-05-06,1328.800048828125,1328.800048828125,1269.4000244140625,1290.300048828125,2800460.0,0,1
2026-05-07,1296.699951171875,1301.199951171875,1277.5,1279.800048828125,995377.0,0,1
2026-05-08,1285.0,1291.9000244140625,1273.9000244140625,1280.800048828125,1284584.0,0,1
2026-05-11,1280.0,1280.0,1263.5999755859375,1266.0999755859375,437790.0,0,1
2026-05-12,1266.0999755859375,1273.5999755859375,1244.300048828125,1247.5,529790.0,0,1
2026-05-13,1256.4000244140625,1263.0,1236.0,1256.4000244140625,711715.0,0,1
2026-05-14,1266.9000244140625,1278.4000244140625,1252.4000244140625,1272.5,585021.0,0,1
2026-05-15,1289.0,1342.0999755859375,1286.0999755859375,1320.699951171875,3849617.0,1,0
2026-05-18,1320.300048828125,1320.300048828125,1271.300048828125,1315.699951171875,837730.0,0,1
2026-05-19,1309.0999755859375,1328.0,1300.4000244140625,1304.9000244140625,707901.0,0,1
2026-05-20,1300.0,1305.5,1282.0,1284.5999755859375,988906.0,0,1
2026-05-21,1293.0,1294.4000244140625,1270.0999755859375,1272.5999755859375,946896.0,0,1
2026-05-22,1275.199951171875,1286.9000244140625,1259.0,1282.0999755859375,842545.0,0,1
2026-05-25,1290.0,1302.0,1279.0,1284.0999755859375,739366.0,0,1
2026-05-26,1284.0999755859375,1297.0,1276.300048828125,1293.4000244140625,1103951.0,0,1
2026-05-27,1295.0,1310.300048828125,1290.5999755859375,1302.5,443996.0,0,1
2026-05-28,1302.5,1302.5,1302.5,1302.5,0.0,0,1
2026-05-29,1305.9000244140625,1308.9000244140625,1260.5,1270.0,2164859.0,0,1
2026-06-01,1276.9000244140625,1282.199951171875,1245.0999755859375,1248.800048828125,509716.0,0,1
2026-06-02,1250.0999755859375,1277.5,1242.800048828125,1275.0,997132.0,0,1
2026-06-03,1280.0,1280.0,1250.5,1262.9000244140625,600804.0,0,1
2026-06-04,1262.9000244140625,1268.199951171875,1248.0,1249.699951171875,611875.0,0,1
2026-06-05,1249.5999755859375,1256.800048828125,1241.5,1246.699951171875,271036.0,0,1
2026-06-08,1242.800048828125,1247.0,1229.199951171875,1238.5,488904.0,0,1
2026-06-09,1239.9000244140625,1262.5,1239.0999755859375,1257.199951171875,555079.0,0,1
2026-06-10,1260.5,1275.9000244140625,1253.199951171875,1259.9000244140625,902528.0,0,1
2026-06-11,1259.9000244140625,1275.5999755859375,1252.5,1257.800048828125,638516.0,0,1
2026-06-12,1270.9000244140625,1277.0,1261.199951171875,1272.4000244140625,497161.0,0,1
2026-06-15,1285.0,1289.0,1266.0999755859375,1271.5,781530.0,0,1
2026-06-16,1275.800048828125,1302.0,1268.0999755859375,1299.0,1039955.0,0,1
2026-06-17,1304.0,1309.9000244140625,1286.300048828125,1308.0,321861.0,0,1
2026-06-18,1329.0,1367.5999755859375,1325.300048828125,1350.300048828125,2744272.0,0,1
2026-06-19,1348.0,1348.4000244140625,1312.0,1320.5,784253.0,0,1
2026-06-22,1320.5,1346.4000244140625,1314.0,1343.0999755859375,747121.0,0,1
