Date,Open,High,Low,Close,Volume,is_outlier,data_quality
2021-01-01,911.9794803732528,927.1954996905675,910.065194991886,921.9926147460938,77017.0,0,1
2021-01-04,927.6862722133876,990.513702289215,927.6862722133876,982.267578125,554760.0,0,1
2021-01-05,988.5504646297862,1083.037040817092,978.7336774934428,1054.3720703125,1193132.0,1,0
2021-01-06,1058.1515021466666,1254.3399677561636,1054.3720630918226,1198.6788330078125,1258354.0,1,0
2021-01-07,1246.7318382359838,1290.9073758112747,1128.9304047018752,1149.741943359375,895635.0,1,0
2021-01-08,1161.1784898300496,1168.1975156767182,1114.2051935235927,1124.7091064453125,274282.0,1,0
2021-01-11,1129.5194257063338,1165.694259831395,1111.9473539826183,1141.98681640625,214416.0,0,1
2021-01-12,1128.930435729932,1206.0903528487097,1119.3590689922216,1174.7747802734375,453045.0,0,1
2021-01-13,1179.48677321296,1182.2845331027586,1128.930328085646,1137.2254638671875,129315.0,0,1
2021-01-14,1138.7472382240903,1162.3075259114853,1110.082269471288,1131.77734375,145627.0,0,1
2021-01-15,1131.0411906998183,1153.4725260698142,1111.2112081385749,1130.304931640625,107321.0,0,1
2021-01-18,1114.2053104246356,1126.8198575935153,1060.3111265086968,1079.6502685546875,133412.0,0,1
2021-01-19,1101.3452648743498,1130.0102325701146,1094.571658447241,1111.407470703125,107506.0,0,1
2021-01-20,1115.6776241257935,1170.847908331181,1111.7017782356434,1133.2005615234375,253888.0,0,1
2021-01-21,1140.6123950299668,1156.3682647387363,1085.2456977453928,1099.038330078125,115664.0,0,1
2021-01-22,1107.0389465280994,1107.382629916712,1076.8523285625988,1085.4420166015625,69196.0,0,1
2021-01-25,1096.2404310568795,1114.9414560878945,1045.831259540381,1086.2764892578125,72319.0,0,1
2021-01-26,1096.2404310568795,1114.9414560878945,1045.831259540381,1086.2764892578125,72319.0,0,1
2021-01-27,1094.5715984118067,1147.5822408461006,1076.0669814547457,1133.544189453125,132043.0,0,1
2021-01-28,1104.6337859234766,1141.005024053369,1094.5715808084217,1109.8857421875,86659.0,0,1
2021-01-29,1118.6228850347163,1131.9246794291687,1097.860356444446,1103.799560546875,58161.0,0,1
2021-02-01,1104.3884838256706,1158.3316778354497,1101.4925797349445,1148.318603515625,97770.0,0,1
2021-02-02,1157.7427247517066,1177.0327347381583,1122.2060045471865,1128.88134765625,130709.0,0,1
2021-02-03,1137.765510724452,1182.9227268532914,1131.875439055473,1166.18505859375,141228.0,0,1
2021-02-04,1171.9280166034816,1221.159104878492,1166.5287840455285,1197.64794921875,174960.0,0,1
2021-02-05,1207.0721935648794,1222.9754615647348,1167.2160594056013,1189.1075439453125,104917.0,0,1
2021-02-08,1199.8075982053088,1261.457065364429,1194.7520490244058,1242.4124755859375,244438.0,0,1
2021-02-09,1430.3056634418056,1486.9484684805484,1366.7911084757511,1413.666259765625,1528679.0,1,0
2021-02-10,1432.2691120882512,1458.2835956182982,1384.1668595232586,1438.4537353515625,476247.0,0,1
2021-02-11,1441.104103281115,1667.8718470535518,1414.255219056637,1609.412841796875,1087138.0,1,0
2021-02-12,1648.23851055945,1721.8644118649645,1577.164949865762,1613.585205078125,1039244.0,1,0
2021-02-15,1609.1674971496489,1646.9131108437673,1553.01552972278,1577.4593505859375,287208.0,0,1
2021-02-16,1570.685808428896,1586.4908104094484,1515.7118051338846,1533.43115234375,144081.0,0,1
2021-02-17,1543.1987061438483,1543.493257647247,1484.3961360587557,1491.5133056640625,146432.0,0,1
2021-02-18,1499.3178232937626,1654.5211911193471,1499.3178232937626,1616.9228515625,464344.0,0,1
2021-02-19,1613.8797174559788,1649.220149225088,1531.4678418612657,1576.674072265625,183945.0,0,1
2021-02-22,1606.4677659812369,1609.952772660456,1551.052061465561,1572.7962646484375,100892.0,0,1
2021-02-23,1575.643270174678,1659.0368185337209,1562.7341727382595,1616.28466796875,227522.0,0,1
2021-02-24,1627.573995097706,1654.1284492943848,1572.6491250858187,1634.7894287109375,107535.0,0,1
2021-02-25,1647.2566834472325,1698.3039704193757,1624.3835242358048,1655.5028076171875,202115.0,0,1
2021-02-26,1600.136160677992,1652.3614156573913,1590.3685062809998,1599.3017578125,107020.0,0,1
2021-03-01,1618.4444293866466,1663.9452080106169,1605.0444926828077,1654.4229736328125,138038.0,0,1
2021-03-02,1665.85956623591,1870.6378320642184,1665.85956623591,1833.088623046875,689744.0,1,0
2021-03-03,1835.5428639628672,1864.2078338002525,1779.0963392427436,1809.282958984375,154427.0,1,0
2021-03-04,1791.219743809062,1842.9541541199649,1709.1023112626783,1727.0179443359375,251755.0,0,1
2021-03-05,1743.363105686836,1815.123789684337,1727.9016672403632,1760.73876953125,194553.0,0,1
2021-03-08,1786.6552201908182,1864.2078368914088,1740.9580291254847,1753.916259765625,91224.0,0,1
2021-03-09,1766.923475170017,1773.942501679202,1683.5789315037375,1707.090087890625,98696.0,0,1
2021-03-10,1722.453196819219,1754.1614625980567,1708.1207136484709,1717.83935546875,66717.0,0,1
2021-03-11,1722.453196819219,1754.1614625980567,1708.1207136484709,1717.83935546875,66717.0,0,1
2021-03-12,1731.5828580790767,1785.67332345955,1719.900859099028,1740.2215576171875,109518.0,0,1
2021-03-15,1753.278070335666,1753.278070335666,1704.9303967835767,1719.50830078125,57903.0,0,1
2021-03-16,1722.8458939136174,1727.7542867737702,1678.6703581722425,1684.953125,56516.0,0,1
2021-03-17,1685.5421129767535,1773.8931847111205,1680.6337201026222,1685.3458251953125,180774.0,0,1
2021-03-18,1702.2306672569075,1732.3191398692434,1580.5025226549142,1609.854736328125,138913.0,0,1
2021-03-19,1605.044468392887,1693.2482642946882,1526.5101824776386,1657.7115478515625,184779.0,0,1
2021-03-22,1687.5056899281387,1687.5056899281387,1642.692033183468,1660.8040771484375,70348.0,0,1
2021-03-23,1722.256911639898,1781.7466091693698,1667.8718947541372,1740.2215576171875,394546.0,0,1
2021-03-24,1729.7175965795157,1745.0317579173177,1679.848278551646,1686.37646484375,88898.0,0,1
2021-03-25,1698.304037191819,1698.304037191819,1621.8312476197127,1633.7586669921875,143631.0,0,1
2021-03-26,1650.2998389795414,1714.2070906524225,1639.403230694383,1664.337890625,133680.0,0,1
2021-03-29,1650.2998389795414,1714.2070906524225,1639.403230694383,1664.337890625,133680.0,0,1
2021-03-30,1682.5970945597198,1727.7543094662233,1666.055834370513,1709.0042724609375,119009.0,0,1
2021-03-31,1717.9376015546843,1778.8016765811933,1703.752393292517,1727.0672607421875,147125.0,0,1
2021-04-01,1746.4062776440946,1786.6551013559597,1737.6693138959752,1754.406982421875,134658.0,0,1
2021-04-02,1746.4062776440946,1786.6551013559597,1737.6693138959752,1754.406982421875,134658.0,0,1
2021-04-05,1767.021386083559,1767.021386083559,1693.4446268576582,1719.7535400390625,79874.0,0,1
2021-04-06,1737.571100219823,1799.3677193816868,1704.9302871789705,1764.6654052734375,255292.0,0,1
2021-04-07,1775.3657697324338,1938.6189708351628,1768.0523120068465,1890.1240234375,567787.0,0,1
2021-04-08,1919.1815642049685,2010.3795254170705,1909.4629225984984,1934.2012939453125,474652.0,0,1
2021-04-09,1943.6255024392435,1999.6793270611863,1906.763422728031,1961.4429931640625,219713.0,0,1
2021-04-12,1894.6398043503912,1895.8669026692708,1796.96277816756,1820.0322265625,206054.0,0,1
2021-04-13,1852.427465157729,1874.907928420788,1790.4835712381887,1833.7264404296875,133105.0,0,1
2021-04-14,1852.427465157729,1874.907928420788,1790.4835712381887,1833.7264404296875,133105.0,0,1
2021-04-15,1786.6552308544744,1860.8211044424309,1786.6552308544744,1827.2967529296875,78599.0,0,1
2021-04-16,1845.4576673324027,1858.513921117928,1797.453558701253,1809.1845703125,80096.0,0,1
2021-04-19,1784.5444485866258,1864.2076922622248,1728.8833189786733,1824.64599609375,206025.0,0,1
2021-04-20,1846.5374298218696,1882.8595376918372,1791.612560584457,1814.7801513671875,103876.0,0,1
2021-04-21,1846.5374298218696,1882.8595376918372,1791.612560584457,1814.7801513671875,103876.0,0,1
2021-04-22,1823.8607496363272,1869.6069498022955,1806.28867820227,1848.8935546875,117191.0,0,1
2021-04-23,1863.2260345748389,1953.2459167627624,1853.4583801669432,1903.8675537109373,298505.0,0,1
2021-04-26,1934.594043536788,2055.43877971439,1928.0168445971983,2038.553955078125,466149.0,0,1
2021-04-27,2060.5433223292303,2446.244737345057,2053.7207041883435,2433.679443359375,2278063.0,1,0
2021-04-28,2522.913812853796,2624.7138281081875,2321.0317197662152,2379.68701171875,1563219.0,1,0
2021-04-29,2379.6873619695566,2542.253206068221,2280.0469768743037,2489.537109375,749534.0,0,1
2021-04-30,2478.738439481395,2615.977154282048,2417.727210986556,2542.5966796875,558300.0,0,1
2021-05-03,2547.4558745961303,2606.3565884596246,2509.31756650247,2553.149658203125,241548.0,0,1
2021-05-04,2577.151838104789,2589.5210847803837,2420.034124543732,2453.55859375,160426.0,0,1
2021-05-05,2473.8302350431045,2473.8302350431045,2337.376900649854,2354.654541015625,187365.0,0,1
2021-05-06,2355.0470250000126,2452.2332090246064,2339.1930110489125,2429.60546875,141590.0,0,1
2021-05-07,2429.654431988685,2458.9085009619102,2353.083504435102,2359.415283203125,116929.0,0,1
2021-05-10,2358.973658022883,2382.239392734028,2287.311120762929,2294.96826171875,148682.0,0,1
2021-05-11,2287.311401752592,2404.131168623217,2264.831055087407,2331.977783203125,169441.0,0,1
2021-05-12,2356.0288186543244,2472.8485809126014,2346.2611637771824,2401.57861328125,203116.0,0,1
2021-05-13,2356.0288186543244,2472.8485809126014,2346.2611637771824,2401.57861328125,203116.0,0,1
2021-05-14,2421.8010357142857,2427.9365267857142,2316.9577163521903,2362.1640625,95562.0,0,1
2021-05-17,2375.073264843076,2445.361553082971,2375.073264843076,2426.955078125,76838.0,0,1
2021-05-18,2463.031397429731,2600.4663897135742,2454.1962907829125,2580.19482421875,279796.0,0,1
2021-05-19,2590.649619376509,2689.7008863723263,2581.814512679128,2663.98095703125,258008.0,0,1
2021-05-20,2680.7680294161432,2714.292258496956,2593.594919831944,2627.708251953125,120072.0,0,1
2021-05-21,2655.1951004556363,2872.7840586660423,2614.6517277605567,2751.64501953125,433744.0,0,1
2021-05-24,2782.077185695193,2890.061832987526,2782.077185695193,2840.879638671875,235502.0,0,1
2021-05-25,2738.8834726656755,2903.60920042476,2661.3308582066834,2743.497314453125,481158.0,0,1
2021-05-26,2795.6242371380217,2810.7911228807434,2710.5127543446574,2726.90673828125,113396.0,0,1
2021-05-27,2748.7001970373003,2866.5016340531843,2729.0666242013194,2842.990478515625,323498.0,0,1
2021-05-28,2863.5072931340665,2881.079483560434,2783.0587812360923,2794.397216796875,96027.0,0,1
2021-05-31,2797.5876119566906,2826.645153570916,2748.699971669895,2756.209716796875,76243.0,0,1
2021-06-01,2762.4928795677583,2776.3835367319643,2668.4480160586154,2686.658203125,91895.0,0,1
2021-06-02,2655.440953199199,2699.518232119065,2596.540229653191,2613.81787109375,143779.0,0,1
2021-06-03,2636.788734383218,2687.836021869416,2619.1185194841496,2651.121337890625,75708.0,0,1
2021-06-04,2664.275553759928,2687.8358386863238,2633.8435190633327,2651.660888671875,58827.0,0,1
2021-06-07,2670.1658788155,2671.834684556233,2609.2526717714945,2613.62109375,71647.0,0,1
2021-06-08,2616.173689337197,2693.6771734011054,2616.173689337197,2670.3623046875,123604.0,0,1
2021-06-09,2687.836288462388,2754.590440257656,2618.137100558506,2636.4453125,148451.0,0,1
2021-06-10,2641.5988445952007,2682.191350506517,2641.5988445952007,2649.550537109375,34288.0,0,1
2021-06-11,2673.994257664761,2696.523973395176,2633.8436985667067,2651.121337890625,42862.0,0,1
2021-06-14,2640.715540428037,2669.1842209754022,2560.6104675725333,2615.38818359375,70389.0,0,1
2021-06-15,2630.113378059385,2679.9827011647694,2600.172179383368,2622.11279296875,60292.0,0,1
2021-06-16,2625.990277843908,2667.220779402578,2593.594883762095,2602.380859375,41794.0,0,1
2021-06-17,2589.668095969508,2630.898596360228,2568.7091624038426,2573.51953125,37680.0,0,1
2021-06-18,2586.5268835641727,2604.687938087919,2406.781431843176,2528.46044921875,92218.0,0,1
2021-06-21,2503.280000518173,2520.9502122865365,2449.287686781506,2479.130615234375,68149.0,0,1
2021-06-22,2497.390587509514,2584.416307516164,2493.4638727492784,2538.4248046875,48470.0,0,1
2021-06-23,2552.266184743566,2581.814807494877,2494.936248383357,2530.816650390625,49447.0,0,1
2021-06-24,2547.456108919642,2557.1257395353914,2491.696713399742,2496.899658203125,35251.0,0,1
2021-06-25,2501.120937720676,2715.323173385372,2498.813897002767,2642.286376953125,137730.0,0,1
2021-06-28,2658.3858525422256,2707.2243666352742,2613.0323456797983,2651.759521484375,90779.0,0,1
2021-06-29,2656.4224040132594,2687.099861561454,2593.594970954557,2621.327392578125,59273.0,0,1
2021-06-30,2629.818672856325,2651.6121292384737,2602.429936125151,2624.812255859375,45189.0,0,1
2021-07-01,2645.6242166022944,2777.169168373985,2621.0822479881726,2753.019775390625,235637.0,0,1
2021-07-02,2769.315096878727,2802.69216646181,2709.5798632431374,2734.121826171875,106232.0,0,1
2021-07-05,2757.0441710862647,2802.74135491584,2744.773189374113,2766.3701171875,61822.0,0,1
2021-07-06,2775.205630228585,2783.059059673873,2714.3415520276044,2725.23828125,48503.0,0,1
2021-07-07,2701.481040573791,2743.791480923047,2695.73836499568,2708.74560546875,31435.0,0,1
2021-07-08,2727.102910874195,2795.8204068285486,2713.3594116833247,2744.036865234375,64515.0,0,1
2021-07-09,2738.8832602002344,2766.075709151135,2704.573641487165,2746.245849609375,29649.0,0,1
2021-07-12,2738.8833256107864,2915.585475650192,2738.8833256107864,2851.580078125,161785.0,0,1
2021-07-13,2881.226507386088,2978.7563659477864,2881.226507386088,2909.204345703125,136181.0,0,1
2021-07-14,2925.4023149557866,2957.79770971872,2827.332715767779,2834.302490234375,80401.0,0,1
2021-07-15,2858.598906054533,2869.4465023462258,2789.930537005807,2822.718505859375,54218.0,0,1
2021-07-16,2835.676686128517,3121.737712743712,2817.417369677501,2856.733642578125,65376.0,1,0
2021-07-19,2827.234102115696,2886.871071457199,2765.780931667945,2780.70263671875,62537.0,0,1
2021-07-20,2840.6835993662075,2840.6835993662075,2714.341598916189,2768.775634765625,94017.0,0,1
2021-07-21,2840.6835993662075,2840.6835993662075,2714.341598916189,2768.775634765625,94017.0,0,1
2021-07-22,2778.150791916355,2929.869286807721,2738.883642914004,2887.558837890625,153596.0,0,1
2021-07-23,2908.7139046743005,3062.837456153836,2905.916024592487,2990.094970703125,196346.0,0,1
2021-07-26,3028.478344556952,3334.7620539578497,3023.6190836394035,3194.43115234375,433907.0,1,0
2021-07-27,3263.0016381127957,3377.9563063343285,3222.0165536055424,3328.626953125,240859.0,0,1
2021-07-28,3346.150013176732,3347.5242674488027,3142.353425250328,3289.801513671875,158832.0,0,1
2021-07-29,3302.5781815480955,3326.9529513092016,3132.3483178205097,3143.45458984375,128257.0,0,1
2021-07-30,3143.4548026775906,3243.3615871680727,3129.399974649881,3210.73095703125,121439.0,0,1
2021-08-02,3236.1378483589774,3283.7077782581414,3177.559786623338,3261.347900390625,109334.0,0,1
2021-08-03,3439.98091871572,3556.940269952054,3339.730046227433,3351.08203125,350985.0,0,1
2021-08-04,3388.823832985471,3416.3928741059344,3267.982251554152,3355.554443359375,128413.0,0,1
2021-08-05,3388.872550348122,3388.872550348122,3267.981795216794,3353.833984375,70495.0,0,1
2021-08-06,3356.4384845028326,3408.824526995541,3353.489929465202,3381.206298828125,55065.0,0,1
2021-08-09,3388.8728716890423,3408.5299069076564,3349.6079918306696,3385.92431640625,53311.0,0,1
2021-08-10,3393.099012546007,3488.042343930896,3115.3450228172405,3286.60693359375,162269.0,0,1
2021-08-11,3282.724944954237,3286.607161494137,3135.2971779652744,3261.642822265625,120345.0,0,1
2021-08-12,3269.5545749617254,3390.8383792705445,3269.505384385713,3380.567626953125,63242.0,0,1
2021-08-13,3390.8387241248065,3414.230645053058,3331.8676158791577,3367.840087890625,42777.0,0,1
2021-08-16,3380.9605949213787,3405.3845551964714,3351.524235041365,3369.01904296875,33215.0,0,1
2021-08-17,3377.0785366767736,3388.184809191576,3327.297192645967,3361.402099609375,33695.0,0,1
2021-08-18,3363.318540249782,3373.8350055204232,3317.124510035948,3343.808837890625,33079.0,0,1
2021-08-19,3363.318540249782,3373.8350055204232,3317.124510035948,3343.808837890625,33079.0,0,1
2021-08-20,3287.639106458553,3367.250098274141,3248.374227004512,3262.0849609375,42020.0,0,1
2021-08-23,3296.4353408126626,3300.7108415979496,3125.4683392403067,3212.942138671875,88454.0,0,1
2021-08-24,3208.027958014805,3290.5875010519508,3194.3664153271743,3267.5888671875,70026.0,0,1
2021-08-25,3267.5890316607247,3435.0668742701328,3266.311276391933,3399.83154296875,108562.0,0,1
2021-08-26,3428.186879348634,3719.798943485906,3415.5081878464207,3676.553466796875,495369.0,0,1
2021-08-27,3679.797042436084,3764.322295013408,3591.340382762139,3723.73046875,181128.0,0,1
2021-08-30,3752.5279669132055,4000.1574163723135,3723.730362759339,3919.121337890625,230941.0,0,1
2021-08-31,3939.711813443502,4024.581152956865,3803.586854217703,3970.8681640625,106898.0,0,1
2021-09-01,3996.2752033094935,4191.764319806544,3988.412389333479,4097.85302734375,186085.0,0,1
2021-09-02,4110.924715067034,4125.225495761872,3964.8239005822265,4027.18603515625,111771.0,0,1
2021-09-03,4027.186224561652,4052.69094034983,3936.321385387655,3981.09033203125,91374.0,0,1
2021-09-06,3995.29235139554,4054.2145055890696,3932.6847431049455,3966.445556640625,86357.0,0,1
2021-09-07,3966.445656713003,4221.053696131732,3946.5920989143033,4152.9912109375,147631.0,0,1
2021-09-08,4183.900999281758,4334.375679511247,4137.068215188825,4169.55126953125,187939.0,0,1
2021-09-09,4183.999633081158,4299.386325195326,4177.267003041149,4245.5751953125,110552.0,0,1
2021-09-10,4183.999633081158,4299.386325195326,4177.267003041149,4245.5751953125,110552.0,0,1
2021-09-13,4271.276902813058,4642.991623112704,4270.490813383721,4565.6904296875,238085.0,0,1
2021-09-14,4653.802598840445,4919.1725463984,4594.831499383122,4889.490234375,329741.0,0,1
2021-09-15,4914.257975801381,5133.974257936258,4752.087462599935,4861.62646484375,300802.0,0,1
2021-09-16,4885.952713110038,4986.743966078336,4619.403131917848,4833.95947265625,204259.0,0,1
2021-09-17,4815.973642546622,4815.973642546622,4624.317548608542,4698.96533203125,529578.0,0,1
2021-09-20,4618.174682749493,4618.174682749493,4496.5467780960735,4515.515625,145532.0,0,1
2021-09-21,4471.975805457049,4604.366138298333,4277.371144032764,4572.3740234375,179390.0,0,1
2021-09-22,4599.74606391935,4666.579981087409,4556.009162243194,4570.55517578125,64668.0,0,1
2021-09-23,4587.7553705638575,4634.146166784194,4571.390984323429,4593.80029296875,50848.0,0,1
2021-09-24,4616.798340226532,4616.798340226532,4471.975052170778,4536.84326171875,46866.0,0,1
2021-09-27,4580.089148810757,4604.365778966183,4481.8039739435735,4508.88134765625,34441.0,0,1
2021-09-28,4521.118239264941,4525.639453485826,4367.793359846391,4440.13134765625,54980.0,0,1
2021-09-29,4403.176100465462,4594.832203052686,4375.361586258355,4523.673828125,61462.0,0,1
2021-09-30,4535.860501954519,4555.56648616989,4431.678223903126,4439.93408203125,36026.0,0,1
2021-10-01,4422.833352274977,4503.08311034074,4375.656463184044,4471.82861328125,46519.0,0,1
2021-10-04,4496.546019949255,4661.6650869113255,4467.060472277456,4615.32373046875,77837.0,0,1
2021-10-05,4643.974125,4722.602258333333,4545.688958333333,4607.1171875,110261.0,0,1
2021-10-06,4614.488778754047,4641.517200780828,4542.003465136771,4553.060546875,72039.0,0,1
2021-10-07,4576.157972091526,4576.157972091526,4474.481761611774,4490.06005859375,88326.0,0,1
2021-10-08,4489.66648261071,4501.80479686295,4423.668088157269,4442.1455078125,46023.0,0,1
2021-10-11,4447.404345328623,4565.346560011371,4395.903007565444,4429.6640625,45019.0,0,1
2021-10-12,4442.4895913444725,4466.274793951615,4395.2637601076685,4411.13671875,28886.0,0,1
2021-10-13,4413.249724008313,4484.801133828471,4378.6042025404,4396.24658203125,36149.0,0,1
2021-10-14,4412.8078684009015,4481.804257485969,4368.776299237968,4388.138671875,41004.0,0,1
2021-10-15,4412.8078684009015,4481.804257485969,4368.776299237968,4388.138671875,41004.0,0,1
2021-10-18,4388.679259478406,4442.490398710575,4388.679259478406,4408.18896484375,29600.0,0,1
2021-10-19,4413.004464846147,4510.110028145004,4370.741838568111,4403.9130859375,42951.0,0,1
2021-10-20,4399.244527262462,4399.244527262462,4005.661583532482,4074.8544921875,113704.0,1,0
2021-10-21,4118.148956757889,4175.007028192597,3734.836762692119,3756.950927734375,176492.0,1,0
2021-10-22,3687.9053642417066,3751.200918991565,3442.045102607206,3486.175048828125,232685.0,1,0
2021-10-25,3489.1236995338445,3867.718144236117,3450.792481426289,3758.91650390625,245196.0,0,1
2021-10-26,3772.18495735973,3979.370151002292,3759.407884810049,3897.79345703125,118649.0,1,0
2021-10-27,3941.2355744049305,3979.517602629352,3759.4571886086583,3770.36669921875,63738.0,0,1
2021-10-28,3672.9169670105057,3672.9169670105057,3459.6381385809423,3497.920166015625,175488.0,1,0
2021-10-29,3502.883564556248,3557.923261417962,3340.7130291601247,3400.568603515625,91891.0,0,1
2021-11-01,3331.867158050417,3407.7924494838667,3223.7534744558607,3232.89404296875,151160.0,0,1
2021-11-02,3286.6559258044927,3366.266909653226,2973.3227710115148,3295.55078125,177435.0,1,0
2021-11-03,3307.296020930388,3438.0152990236247,3302.381762355454,3336.04443359375,91813.0,1,0
2021-11-04,3372.164370769078,3416.392699735737,3336.8308981743,3393.787109375,24037.0,0,1
2021-11-05,3372.164370769078,3416.392699735737,3336.8308981743,3393.787109375,24037.0,0,1
2021-11-08,3433.002561531148,3439.9809044904387,3232.7465303054546,3238.0048828125,129898.0,0,1
2021-11-09,3269.652868447767,3282.7248447124302,3209.0109634688874,3214.7607421875,77696.0,0,1
2021-11-10,3238.2013360093106,3238.2013360093106,3145.272662997348,3152.742431640625,78283.0,0,1
2021-11-11,3174.611058310418,3210.878190827769,3063.6471950092923,3077.65283203125,101534.0,0,1
2021-11-12,3115.541664447511,3115.5908550257886,2909.241178229665,2927.17822265625,236427.0,0,1
2021-11-15,2929.536959144812,3105.811515675947,2835.7238080307875,3083.05859375,270662.0,0,1
2021-11-16,3086.154585133224,3314.176197792749,3083.353361582296,3280.0712890625,225659.0,1,0
2021-11-17,3292.5532617890603,3322.431858093533,3165.765389917183,3217.2177734375,109939.0,0,1
2021-11-18,3233.4840551186226,3233.4840551186226,3071.411888564474,3104.73046875,77185.0,0,1
2021-11-19,3233.4840551186226,3233.4840551186226,3071.411888564474,3104.73046875,77185.0,0,1
2021-11-22,3110.725898914383,3120.456035602353,2949.538206206023,2974.15869140625,68292.0,0,1
2021-11-23,2948.555236304718,3120.554291755827,2900.002456061849,3101.585205078125,69683.0,0,1
2021-11-24,3194.268155773172,3267.9820362910145,3108.9073861518955,3132.102783203125,104769.0,0,1
2021-11-25,3153.7744145062416,3153.7744145062416,3012.4402996041567,3061.53369140625,68037.0,0,1
2021-11-26,3018.3376355425776,3140.260439537636,3007.526266610318,3032.539794921875,91383.0,0,1
2021-11-29,2943.6407933543514,2987.8691191309613,2852.2355867493584,2915.6787109375,86122.0,0,1
2021-11-30,2901.623727389756,2995.7317710505463,2901.623727389756,2945.85205078125,50228.0,0,1
2021-12-01,2958.383703249899,2978.0407378229884,2885.6526753294697,2901.525634765625,54845.0,0,1
2021-12-02,2948.5553029648654,3035.8817785026263,2917.5954722837346,2983.544921875,89158.0,0,1
2021-12-03,2995.732102931124,3145.125567381757,2971.308141215309,3025.266845703125,110979.0,0,1
2021-12-06,3064.5317101276314,3064.5317101276314,2948.555205382583,2953.174560546875,41218.0,0,1
2021-12-07,2977.0576808349274,3031.114522183861,2952.486389312685,3012.98095703125,36605.0,0,1
2021-12-08,3035.9303520719845,3252.2560952472822,3028.4608235379324,3221.345458984375,167891.0,0,1
2021-12-09,3263.3137973799567,3298.4507503974505,3213.925492788934,3260.463623046875,114951.0,0,1
2021-12-10,3260.4633781094467,3281.742022706324,3220.805213659366,3237.90673828125,39055.0,0,1
2021-12-13,3267.981929272677,3277.8104463531963,3150.236246657249,3165.27392578125,40600.0,0,1
2021-12-14,3145.125442739079,3183.5058496483102,3087.137192388577,3121.78271484375,33871.0,0,1
2021-12-15,3104.828685931432,3211.861145789617,3086.154502635231,3138.93359375,47160.0,0,1
2021-12-16,3168.714073930646,3192.204135010736,3105.8115612967867,3122.9130859375,27524.0,0,1
2021-12-17,3155.9370881583814,3155.9370881583814,3022.269245122088,3072.935302734375,55188.0,0,1
2021-12-20,3007.526411579994,3022.269188107347,2899.854952351084,2930.176025390625,83505.0,0,1
2021-12-21,2949.04660164388,3022.269055175781,2921.674085113764,2948.55517578125,44606.0,0,1
2021-12-22,2995.732111088109,3109.742913216134,2978.0899703013474,3080.84716796875,42078.0,0,1
2021-12-23,3100.8970094946685,3194.267917862971,3100.8970094946685,3132.299072265625,54854.0,0,1
2021-12-24,3149.2534311703266,3174.1196276608453,3061.5831057945607,3073.524658203125,23855.0,0,1
2021-12-27,3094.01729935724,3164.7826251366937,3029.394796996141,3128.367919921875,37563.0,0,1
2021-12-28,3150.9242391539265,3251.2734959382283,3146.1083616983883,3198.887451171875,94362.0,0,1
2021-12-29,3204.0966899751265,3235.547945827643,3066.792349134792,3148.811279296875,43781.0,0,1
2021-12-30,3169.6967466526667,3170.7287889330805,3105.90976701947,3111.70849609375,35312.0,0,1
2021-12-31,3125.4685050507496,3376.0956964934985,3117.015884181262,3351.327880859375,287172.0,0,1
2022-01-03,3420.029072957256,3685.693940154392,3405.8269136320014,3656.4541015625,370464.0,1,0
2022-01-04,3713.213965884188,3867.521692894197,3686.234732942354,3719.0126953125,269195.0,1,0
2022-01-05,3718.1279444248567,3728.152983675165,3559.888822285707,3621.955810546875,119873.0,0,1
2022-01-06,3562.8377314149648,3725.008276431094,3518.6094009560206,3660.877197265625,135869.0,0,1
2022-01-07,3689.6257131970433,3695.522824086543,3555.417249879365,3570.0126953125,81972.0,0,1
2022-01-10,3602.544538763153,3625.7399349521024,3519.149715676561,3610.45654296875,57658.0,0,1
2022-01-11,3602.151470722766,3645.396945405386,3555.515205675156,3622.34912109375,64463.0,0,1
2022-01-12,3668.101005814551,3694.4904305645696,3612.029267111821,3621.80859375,67361.0,0,1
2022-01-13,3643.431430667261,3670.951279617539,3594.141511475431,3623.4794921875,42135.0,0,1
2022-01-14,3607.311398714228,3661.122528495471,3560.478611881661,3580.577880859375,30744.0,0,1
2022-01-17,3557.9233351551784,3628.934374095776,3557.9233351551784,3582.49462890625,35387.0,0,1
2022-01-18,3587.408700153703,3661.1225775541216,3505.8320091639066,3540.379150390625,67856.0,0,1
2022-01-19,3518.6092086058497,3548.0455700557536,3439.9810698660544,3452.119384765625,63353.0,0,1
2022-01-20,3464.552267393552,3486.5680496501286,3389.85553765684,3401.3056640625,36751.0,0,1
2022-01-21,3361.352754705499,3376.8326687074323,3276.581797075865,3293.19189453125,62826.0,0,1
2022-01-24,3282.7249910593573,3287.2462052921373,3032.0977836581187,3122.66748046875,97558.0,1,0
2022-01-25,3090.0859549430315,3238.643903519187,2960.4968535036405,3141.73486328125,82456.0,0,1
2022-01-26,3090.0859549430315,3238.643903519187,2960.4968535036405,3141.73486328125,82456.0,0,1
2022-01-27,3095.982918572301,3114.607910678937,3028.5591945862243,3036.569580078125,50822.0,0,1
2022-01-28,3036.569651116451,3189.3539066021626,3036.029034666897,3134.314208984375,46976.0,0,1
2022-01-31,3194.268240043172,3287.639157829049,3146.2558352842902,3199.231689453125,51030.0,0,1
2022-02-01,3225.719410940047,3275.8448496840883,3176.576823936085,3236.82568359375,42548.0,0,1
2022-02-02,3271.9136405508816,3488.141036441898,3263.06797435534,3316.191162109375,163402.0,0,1
2022-02-03,3573.649061640955,3651.048639089862,3491.089512362121,3543.082275390625,270536.0,1,0
2022-02-04,3579.545945760165,3623.675891778726,3397.7183784988724,3448.925048828125,91816.0,0,1
2022-02-07,3439.981045767395,3485.978554598749,3341.7450636083586,3363.4169921875,52937.0,0,1
2022-02-08,3388.872834083388,3403.124184458739,3144.1427483273665,3167.53466796875,129036.0,0,1
2022-02-09,3199.1824483038317,3238.49651832907,3040.501081155268,3066.939697265625,159824.0,0,1
2022-02-10,3094.0175740650984,3169.697165298584,3052.147989946506,3073.377685546875,97436.0,0,1
2022-02-11,3072.394380589482,3104.681154562892,2908.2581484850534,2944.6728515625,145229.0,0,1
2022-02-14,2884.669820931484,2884.669820931484,2762.059067895299,2794.689697265625,197465.0,0,1
2022-02-15,2806.041832242319,2902.3613066940693,2679.253952606852,2856.757080078125,206892.0,0,1
2022-02-16,2903.3438647513185,3013.816297679001,2894.0067737847858,2995.535400390625,140929.0,0,1
2022-02-17,3028.5591929655548,3038.87913602194,2960.34937960306,2999.6142578125,59419.0,0,1
2022-02-18,2948.5553892799217,2983.888863370649,2931.355482842456,2954.206787109375,48736.0,0,1
2022-02-21,2924.721118265028,2924.721118265028,2801.1275097220296,2812.57763671875,105936.0,0,1
2022-02-22,2701.859416152416,2777.391667874778,2654.1911070642414,2739.502685546875,103373.0,0,1
2022-02-23,2781.4703404329985,2874.841252921032,2780.487488722598,2855.429931640625,95190.0,0,1
2022-02-24,2714.7349847258893,2801.1275597991275,2650.407144064809,2665.44482421875,145084.0,0,1
2022-02-25,2704.8079953476467,2821.226736255432,2699.2549789841623,2778.964111328125,84803.0,0,1
2022-02-28,2765.745029132004,2830.613249431476,2704.5133125857824,2807.467041015625,59692.0,0,1
2022-03-01,2765.745029132004,2830.613249431476,2704.5133125857824,2807.467041015625,59692.0,0,1
2022-03-02,2787.367675422022,2876.807188279357,2771.691237368057,2840.834716796875,58703.0,0,1
2022-03-03,2885.0627148668727,2939.9550769743546,2764.3195303958933,2771.69091796875,75902.0,0,1
2022-03-04,2781.4704312612444,2789.8738616503856,2683.1852570117308,2731.738037109375,57509.0,0,1
2022-03-07,2651.7337353277376,2727.6098342484624,2646.5737641970964,2684.0205078125,53814.0,0,1
2022-03-08,2705.6925262113964,2770.659123819284,2692.6207897082263,2757.390625,50343.0,0,1
2022-03-09,2809.1869946282136,2848.3045446469573,2763.9758113798493,2829.433837890625,49647.0,0,1
2022-03-10,2930.8636755707366,2943.640747261689,2844.913345148173,2875.92236328125,72813.0,0,1
2022-03-11,2850.2699658064203,2894.4491022856137,2821.9145979235955,2832.9716796875,39748.0,0,1
2022-03-14,2850.2699705137875,2869.9270047931927,2779.5538376844324,2851.49853515625,73290.0,0,1
2022-03-15,2855.970518300813,2917.10384605964,2840.4414134475605,2850.810546875,61817.0,0,1
2022-03-16,2879.7555424378806,3071.411628026749,2874.8904744098927,3028.411865234375,389852.0,0,1
2022-03-17,3085.1714092717034,3109.9392235025134,3027.330492189222,3058.880126953125,118961.0,0,1
2022-03-18,3085.1714092717034,3109.9392235025134,3027.330492189222,3058.880126953125,118961.0,0,1
2022-03-21,3061.0918164846025,3087.678004669956,3018.337764785428,3055.243896484375,56614.0,0,1
2022-03-22,3050.673382588849,3056.668874111325,2982.954994510569,3028.804931640625,55130.0,0,1
2022-03-23,3046.840531594526,3105.074499819357,3021.4337169865457,3037.896484375,58374.0,0,1
2022-03-24,3026.200531700008,3051.3124418489638,2994.356231050549,3003.103515625,34827.0,0,1
2022-03-25,3026.200344874433,3037.159045205051,2931.207825288614,2942.5595703125,44226.0,0,1
2022-03-28,2942.5596954664456,2956.811045536921,2814.9857330056925,2837.885986328125,131522.0,0,1
2022-03-29,2840.441723907554,2907.9635950975216,2801.127651604336,2810.808837890625,96730.0,0,1
2022-03-30,2840.441504204589,2969.195081038776,2839.45865247303,2895.481201171875,115544.0,0,1
2022-03-31,2899.412932336033,2957.1554780223864,2826.681896067265,2855.676025390625,92918.0,0,1
2022-04-01,2865.0125913522074,2968.015493399173,2855.184074743795,2939.168701171875,81382.0,0,1
2022-04-04,2997.697758864582,3191.3195485355072,2982.9549830013134,3145.616943359375,250775.0,0,1
2022-04-05,3204.096716090833,3398.7013632644484,3204.096716090833,3362.87646484375,471293.0,0,1
2022-04-06,3390.8386346026737,3443.912630622541,3292.60264736782,3372.508544921875,198395.0,0,1
2022-04-07,3372.164251130802,3395.6543112558707,3263.362613723713,3284.9853515625,82416.0,0,1
2022-04-08,3292.946482900859,3428.186982790736,3292.946482900859,3345.529052734375,139591.0,0,1
2022-04-11,3356.880988681852,3389.8557131517096,3287.639130325448,3301.54638671875,76782.0,0,1
2022-04-12,3313.193173631382,3359.3872048270728,3165.765414496197,3184.78369140625,130877.0,0,1
2022-04-13,3238.1524315351003,3262.8221065131715,3154.0204654638387,3188.272705078125,44661.0,0,1
2022-04-14,3238.1524315351003,3262.8221065131715,3154.0204654638387,3188.272705078125,44661.0,0,1
2022-04-15,3238.1524315351003,3262.8221065131715,3154.0204654638387,3188.272705078125,44661.0,0,1
2022-04-18,3176.57672988907,3228.667870571038,3094.0171861667054,3167.4853515625,76775.0,0,1
2022-04-19,3175.348242946167,3228.667949571511,3094.115643027604,3115.394287109375,48314.0,0,1
2022-04-20,3158.492509780235,3243.410805805153,3104.2880912804903,3120.800048828125,44860.0,0,1
2022-04-21,3145.1253890212784,3281.3487284148723,3145.1253890212784,3246.064208984375,79148.0,0,1
2022-04-22,3212.9425966532567,3226.063764419928,3169.69711661265,3183.653564453125,44664.0,0,1
2022-04-25,3169.352596939278,3255.2047877921577,3112.691293157537,3166.20751953125,89866.0,0,1
2022-04-26,3218.790235897664,3253.239237139755,3156.035296700487,3203.605224609375,57441.0,0,1
2022-04-27,3169.6967848623885,3204.0965949306624,3113.674237036914,3169.795166015625,40887.0,0,1
2022-04-28,3187.4865986756536,3245.3764706286306,3154.954109847942,3214.662353515625,62818.0,0,1
2022-04-29,3249.111265050349,3278.5968166601824,3145.1746956256875,3176.232666015625,47472.0,0,1
2022-05-02,3125.468377617708,3174.2179174766256,3102.862788722988,3143.84765625,30274.0,0,1
2022-05-03,3125.468377617708,3174.2179174766256,3102.862788722988,3143.84765625,30274.0,0,1
2022-05-04,3180.9011053166614,3182.031528729656,3046.840231128612,3063.597900390625,36629.0,0,1
2022-05-05,3099.8652105738365,3130.481186377548,3009.4920406870565,3017.3056640625,32555.0,0,1
2022-05-06,2953.469425093082,2976.9105346482297,2905.4080718610344,2931.945068359375,48644.0,0,1
2022-05-09,2920.150652216588,2928.6522230625646,2830.612770339856,2863.046875,45956.0,0,1
2022-05-10,2862.0643901408744,2919.069793515933,2772.624877948972,2799.3583984375,39803.0,0,1
2022-05-11,2791.2989489845017,3035.0461811493456,2653.6997050204773,2990.52294921875,423257.0,0,1
2022-05-12,3015.388954754539,3120.455703382858,2855.184130887202,3018.091796875,404903.0,0,1
2022-05-13,3095.9831470566,3120.5544418745094,2900.39564030604,2923.19775390625,131281.0,0,1
2022-05-16,2973.1263698198213,2973.1263698198213,2850.319098832449,2870.958984375,69268.0,0,1
2022-05-17,2898.429562134303,2992.783322041015,2863.046902169286,2976.320556640625,82094.0,0,1
2022-05-18,3007.526434524401,3020.3526981918585,2904.720042774399,2912.04248046875,70603.0,0,1
2022-05-19,2850.26988058399,2899.7073682276828,2850.26988058399,2868.45263671875,50065.0,0,1
2022-05-20,2893.220322284797,2964.9684919454685,2859.5576536426324,2892.974609375,58099.0,0,1
2022-05-23,2923.0008774026733,2946.2452235026294,2845.355595185185,2859.803466796875,40595.0,0,1
2022-05-24,2887.6184520857105,2895.382884957557,2831.694283287314,2851.351318359375,38222.0,0,1
2022-05-25,2851.449160377721,2873.0718966882505,2704.119793952585,2727.413330078125,66698.0,0,1
2022-05-26,2734.5391500034298,2766.8748750426157,2654.6824491541965,2721.61474609375,48935.0,0,1
2022-05-27,2761.665755120746,2818.1797239804714,2753.8029420620014,2779.8974609375,39717.0,0,1
2022-05-30,2809.972902037781,3024.23456438274,2805.648450706004,2986.394775390625,150469.0,0,1
2022-05-31,2997.697580713772,3220.7557182780465,2948.5549974233822,3158.88525390625,167878.0,0,1
2022-06-01,3194.2679779312925,3275.7954772541493,3164.782427365773,3198.9365234375,120449.0,0,1
2022-06-02,3229.6505851372417,3397.7182205780414,3210.632309355753,3247.292724609375,419669.0,0,1
2022-06-03,3292.5534418707875,3292.5534418707875,3131.414941564667,3146.255859375,93784.0,0,1
2022-06-06,3145.125666336128,3166.944927655526,3048.363957498565,3098.833251953125,67902.0,0,1
2022-06-07,3086.203498166949,3143.110515054624,3037.011723075838,3061.681396484375,47666.0,0,1
2022-06-08,3092.935960177495,3092.935960177495,3031.1638739774903,3050.5751953125,33501.0,0,1
2022-06-09,3012.440705531801,3034.9971058907327,2982.955152133448,2996.5185546875,34636.0,0,1
2022-06-10,2978.040893925722,2980.153929271476,2887.27443604508,2910.22412109375,58640.0,0,1
2022-06-13,2873.8093940005333,2873.8093940005333,2801.1275533696976,2835.92041015625,46371.0,0,1
2022-06-14,2815.870237429833,2915.482357342866,2803.0931647992616,2865.16015625,48342.0,0,1
2022-06-15,2890.5672014113293,2945.999948054527,2862.064498643247,2916.31787109375,37424.0,0,1
2022-06-16,2937.7435158837307,2991.701974275501,2809.628710201409,2820.685791015625,54317.0,0,1
2022-06-17,2776.5563501972115,2814.05205059082,2727.4137599282344,2757.243408203125,44867.0,0,1
2022-06-20,2753.9506992022475,2773.656925465365,2669.4254457649195,2694.635498046875,45498.0,0,1
2022-06-21,2749.1554743227475,2782.3994719072666,2723.1020783859044,2773.485107421875,34556.0,0,1
2022-06-22,2777.7208781234685,2807.221801764921,2743.7381226996176,2758.660888671875,30718.0,0,1
2022-06-23,2777.523555805211,2793.4806255277526,2754.080334617629,2777.8681640625,21634.0,0,1
2022-06-24,2797.420982160162,2824.9518905610616,2780.084755937746,2816.530029296875,26712.0,0,1
2022-06-27,2866.174573513776,2927.294330628388,2856.5214529216314,2896.9560546875,36230.0,0,1
2022-06-28,2876.2217909075453,2895.577091356278,2844.061393444498,2863.95849609375,20540.0,0,1
2022-06-29,2826.971309884692,2851.596495510865,2813.427457790297,2820.322509765625,16743.0,0,1
2022-06-30,2817.1209219392867,2864.401273076729,2805.5963844455955,2824.3115234375,17991.0,0,1
2022-07-01,2817.121020174609,2853.566292113931,2789.2452640817146,2844.159423828125,21727.0,0,1
2022-07-04,2890.9964908250504,2890.9964908250504,2808.2558757554407,2820.174560546875,19543.0,0,1
2022-07-05,2837.363079333326,2873.167953595576,2818.9925472606574,2831.896240234375,20440.0,0,1
2022-07-06,2846.671562003849,2853.2217654267056,2813.526157136665,2835.294677734375,19198.0,0,1
2022-07-07,2859.673480663129,2922.6155988035266,2859.427228809247,2885.234375,27794.0,0,1
2022-07-08,2904.786755531436,2953.052117017038,2850.6113497822907,2872.330810546875,33121.0,0,1
2022-07-11,2837.8062751143425,2905.7717846537003,2837.8062751143425,2894.05029296875,23204.0,0,1
2022-07-12,2881.1465763405668,3097.8481991764384,2857.506399303926,3059.58056640625,124195.0,0,1
2022-07-13,3082.088026413437,3141.188467955402,2989.5959315923888,3053.12890625,137638.0,0,1
2022-07-14,3052.242533686141,3052.242533686141,2967.039389359759,3005.011474609375,61290.0,0,1
2022-07-15,3025.94232372062,3028.158590071001,2937.2916697053674,2954.529296875,42811.0,0,1
2022-07-18,2979.5487379149104,3001.662346056943,2961.1784464062557,2987.675048828125,21476.0,0,1
2022-07-19,2979.6471631686054,3054.0152163319867,2979.30231441215,3044.460693359375,51839.0,0,1
2022-07-20,3083.0729377867474,3135.278326190165,3053.522717935756,3073.124267578125,53245.0,0,1
2022-07-21,3083.073200271261,3107.7476840436184,3036.1867512571143,3080.85693359375,41749.0,0,1
2022-07-22,3104.1030761623874,3284.0145763627816,3091.3963367826927,3269.83056640625,403222.0,0,1
2022-07-25,3299.7748733869576,3397.8324106309847,3289.924799138041,3380.052978515625,277663.0,0,1
2022-07-26,3388.4255635752893,3389.410571006561,3205.214181358718,3234.764404296875,96086.0,0,1
2022-07-27,3202.259056504471,3314.5499000730683,3156.9980145831933,3275.69140625,113753.0,0,1
2022-07-28,3293.864731480573,3368.7252935596766,3282.3894915118917,3308.4921875,80246.0,0,1
2022-07-29,3332.2798773999143,3368.725149484986,3314.303493195792,3350.010009765625,70134.0,0,1
2022-08-01,3368.8238288638345,3515.2943778404538,3354.5902798709712,3489.979736328125,316701.0,0,1
2022-08-02,3508.596108364141,3737.955161275126,3508.546809901595,3712.344970703125,466038.0,0,1
2022-08-03,3728.6469142922574,3758.738938446414,3568.6818087876936,3618.76953125,162408.0,0,1
2022-08-04,3648.467305600145,3688.557057541319,3495.1510043525677,3584.244873046875,123353.0,0,1
2022-08-05,3605.126754548509,3618.522950156438,3506.527426626797,3522.829345703125,68978.0,0,1
2022-08-08,3527.2128226936534,3582.471832776001,3457.375895805269,3519.332763671875,118556.0,0,1
2022-08-09,3527.2128226936534,3582.471832776001,3457.375895805269,3519.332763671875,118556.0,0,1
2022-08-10,3535.191308617965,3641.719755202949,3504.853034747194,3609.657958984375,133039.0,0,1
2022-08-11,3644.527376011204,3689.837716361613,3610.052117048936,3637.63232421875,95867.0,0,1
2022-08-12,3666.197371979211,3767.456176077278,3468.5557425701454,3500.2236328125,522172.0,0,1
2022-08-15,3666.197371979211,3767.456176077278,3468.5557425701454,3500.2236328125,522172.0,0,1
2022-08-16,3530.1678994005824,3530.1678994005824,3453.977721844109,3504.114501953125,110607.0,0,1
2022-08-17,3496.7760787900074,3644.527180710712,3496.7760787900074,3593.060546875,163222.0,0,1
2022-08-18,3592.3218072455334,3634.6771233167033,3551.3947037365147,3574.246826171875,56036.0,0,1
2022-08-19,3578.53154329577,3603.1567259498834,3502.587383798364,3529.773681640625,50273.0,0,1
2022-08-22,3525.341251666772,3525.341251666772,3413.050415486271,3428.07177734375,58863.0,0,1
2022-08-23,3373.6502089197365,3478.8983415565544,3350.0100322732915,3438.808349609375,40981.0,0,1
2022-08-24,3416.9904585911663,3541.101383290644,3416.9904585911663,3500.765380859375,66762.0,0,1
2022-08-25,3529.281341460086,3545.0414590887103,3460.0845749969067,3471.559814453125,35741.0,0,1
2022-08-26,3494.806033782308,3525.833764916508,3462.300791641717,3479.09521484375,37573.0,0,1
2022-08-29,3349.566648590069,3462.3006868701955,3316.1256985867717,3387.98193359375,56714.0,0,1
2022-08-30,3423.885618179564,3443.6350640444703,3389.213406851024,3413.050537109375,45326.0,0,1
2022-08-31,3423.885618179564,3443.6350640444703,3389.213406851024,3413.050537109375,45326.0,0,1
2022-09-01,3398.275224351583,3505.6410212948645,3393.3501877945514,3434.819091796875,54171.0,0,1
2022-09-02,3457.3756621494413,3521.401137374431,3367.198194717261,3377.540771484375,87239.0,0,1
2022-09-05,3388.42548517469,3421.9157370630446,3326.370018440386,3384.781005859375,41396.0,0,1
2022-09-06,3408.1254119842006,3425.8555441852745,3380.5945048013728,3402.31396484375,28796.0,0,1
2022-09-07,3400.2452825897085,3443.536306385252,3363.800011600189,3383.25390625,64624.0,0,1
2022-09-08,3408.125464836153,3570.6516791997265,3403.249726501308,3563.855224609375,252861.0,0,1
2022-09-09,3604.141905034368,3613.598071816361,3536.1763976696857,3554.005126953125,77854.0,0,1
2022-09-12,3590.351734776396,3694.073055210442,3570.848541454389,3598.52734375,185311.0,0,1
2022-09-13,3634.824926111204,3644.478046634831,3577.0050403809446,3599.118408203125,103545.0,0,1
2022-09-14,3595.2769768714043,3666.197509017909,3539.427105902096,3624.974853515625,133872.0,0,1
2022-09-15,3693.7776179821526,3786.368310272905,3653.392316025548,3683.3857421875,311198.0,0,1
2022-09-16,3664.227528035274,3713.4778980357487,3506.626344033757,3525.14453125,119493.0,0,1
2022-09-19,3525.341441025916,3582.767419832181,3441.9113633731968,3504.7548828125,94187.0,0,1
2022-09-20,3532.2363052638348,3607.737021341225,3517.017990025728,3567.10546875,54193.0,0,1
2022-09-21,3546.0265112704915,3588.7266767024994,3496.776143058401,3514.998779296875,42724.0,0,1
2022-09-22,3485.7440731183347,3548.981497161537,3481.0159897221406,3537.949462890625,54551.0,0,1
2022-09-23,3546.026655322669,3588.381973705689,3486.975509533568,3495.840576171875,61899.0,0,1
2022-09-26,3466.240796803648,3466.240796803648,3334.2498144871693,3347.695068359375,89892.0,0,1
2022-09-27,3363.800028217296,3395.4679176495333,3191.473044121083,3231.71044921875,146709.0,0,1
2022-09-28,3231.415275586863,3231.415275586863,3172.7087401177982,3180.391845703125,59712.0,0,1
2022-09-29,3220.9742215451697,3267.121914764636,3152.023703041145,3166.06005859375,50969.0,0,1
2022-09-30,3177.0425708486227,3177.0425708486227,3067.214252694272,3120.0107421875,107571.0,0,1
2022-10-03,3136.1650223569227,3144.8331357324355,3058.546630193408,3073.22314453125,72248.0,0,1
2022-10-04,3127.3984333587737,3174.974337937114,3123.606058751393,3135.77099609375,47617.0,0,1
2022-10-05,3127.3984333587737,3174.974337937114,3123.606058751393,3135.77099609375,47617.0,0,1
2022-10-06,3164.237596352444,3216.049080487493,3161.8736748437527,3184.62744140625,42780.0,0,1
2022-10-07,3199.008433359867,3205.1647295107123,3160.9379941551683,3170.73876953125,32880.0,0,1
2022-10-10,3130.3532081729054,3161.873441861242,3094.8929452735274,3109.914306640625,59298.0,0,1
2022-10-11,3128.137057530608,3149.068463489051,3063.372824976837,3069.72607421875,58688.0,0,1
2022-10-12,3073.4693060602704,3092.9232019963943,2960.981510313026,3010.083984375,74623.0,0,1
2022-10-13,3019.047605714598,3042.04762412318,2981.912875756684,2993.191162109375,38416.0,0,1
2022-10-14,3090.657703318865,3090.657703318865,2985.114255493368,2996.2939453125,48264.0,0,1
2022-10-17,3001.268083859672,3019.047514545471,2960.9813796129997,2978.957763671875,36970.0,0,1
2022-10-18,3004.3218134325016,3033.822736426035,2980.139834109406,2996.7373046875,39773.0,0,1
2022-10-19,3018.0133060976045,3019.0476119400096,2972.7522651990043,2980.63232421875,27655.0,0,1
2022-10-20,2973.737291587271,3037.7627715320123,2964.921523598636,3028.897705078125,50895.0,0,1
2022-10-21,3049.2872756061656,3052.537848032176,3010.133232540893,3017.619384765625,31597.0,0,1
2022-10-24,3040.3727307178133,3048.59763798495,3028.9467901592657,3040.865234375,13889.0,0,1
2022-10-25,3051.5529842260685,3063.373073254704,3025.9427913306918,3054.3603515625,29700.0,0,1
2022-10-26,3051.5529842260685,3063.373073254704,3025.9427913306918,3054.3603515625,29700.0,0,1
2022-10-27,3073.222865246232,3100.950725354328,2906.756626712061,2933.401123046875,266097.0,0,1
2022-10-28,2924.4870302162626,2992.403243734684,2924.4870302162626,2967.728759765625,59978.0,0,1
2022-10-31,2982.602238830062,3002.302385717975,2950.2939498378228,2979.647216796875,32544.0,0,1
2022-11-01,2990.8763680727384,3023.775759464886,2984.5724169156065,3011.5615234375,39674.0,0,1
2022-11-02,3026.632010278522,3068.1992719957866,3002.3516755014866,3045.987548828125,37188.0,0,1
2022-11-03,3023.9725724595355,3066.0816367828725,3009.739264310633,3034.216552734375,25556.0,0,1
2022-11-04,3033.822812391607,3053.52296052402,3004.272590192987,3024.908447265625,23129.0,0,1
2022-11-07,3025.942659214676,3043.672791983512,3004.272496941654,3011.364501953125,26579.0,0,1
2022-11-08,3025.942659214676,3043.672791983512,3004.272496941654,3011.364501953125,26579.0,0,1
2022-11-09,3011.167526316167,3034.118246104466,3006.784291621223,3020.37744140625,24765.0,0,1
2022-11-10,3007.227529474381,3042.68779513474,2969.8958459851847,2975.756591796875,27904.0,0,1
2022-11-11,2994.520982211658,3020.6727353304564,2964.872164375776,2978.416015625,23216.0,0,1
2022-11-14,2991.861015986683,3000.873976886578,2940.246730708408,2945.565673828125,38243.0,0,1
2022-11-15,2952.06707656997,2955.0220986686386,2910.696767188609,2916.95166015625,31596.0,0,1
2022-11-16,2931.578891371987,2931.578891371987,2895.921672614766,2913.504150390625,27757.0,0,1
2022-11-17,2908.72664688813,2920.00493272599,2838.9880797945475,2864.253662109375,35013.0,0,1
2022-11-18,2856.570628677623,2892.572695607932,2828.448620589284,2856.078125,47343.0,0,1
2022-11-21,2866.371412111667,2917.493197805657,2846.720563413355,2884.05224609375,51409.0,0,1
2022-11-22,2884.200252196286,2967.974938835339,2850.1189001051976,2864.10595703125,70458.0,0,1
2022-11-23,2878.191536335716,2891.686089214259,2861.4464110387594,2876.4677734375,18287.0,0,1
2022-11-24,2890.011756847495,2898.236664958397,2868.341593708216,2885.924072265625,25298.0,0,1
2022-11-25,2885.923866190788,2895.872296087966,2869.3263962339743,2881.146484375,17536.0,0,1
2022-11-28,2882.623997391988,2902.9152449069456,2878.1914643360283,2884.643310546875,22816.0,0,1
2022-11-29,2895.9218290589915,3033.0348145020457,2881.1467176862416,2994.323974609375,111928.0,0,1
2022-11-30,2994.422307306875,3023.873930518856,2980.7308015017725,2999.150390625,33034.0,0,1
2022-12-01,3000.2831270986835,3078.148007184485,2999.39671666474,3009.148193359375,40158.0,0,1
2022-12-02,3000.332327789128,3000.332327789128,2945.270514223071,2955.0712890625,30961.0,0,1
2022-12-05,2969.89565396588,2982.257303394533,2874.251347412632,2888.583251953125,71611.0,0,1
2022-12-06,2888.5833981660007,2895.823058015172,2836.8212130062307,2845.686279296875,77236.0,0,1
2022-12-07,2859.9194416957657,2867.159341655807,2817.1209219392867,2824.3115234375,33897.0,0,1
2022-12-08,2842.829629307329,2845.6860542496256,2819.5340626643565,2833.865966796875,19294.0,0,1
2022-12-09,2836.8210346572714,2845.686100390575,2787.5706694722494,2801.163818359375,36205.0,0,1
2022-12-12,2801.163888109744,2812.8853791235306,2777.720665601866,2789.491455078125,26876.0,0,1
2022-12-13,2831.896277174311,2831.896277174311,2795.5003018124307,2808.945556640625,23176.0,0,1
2022-12-14,2813.4767863978,2830.0740173994463,2802.8879564651093,2817.61376953125,25702.0,0,1
2022-12-15,2819.0910518764945,2830.1230861637364,2753.194155975489,2769.44677734375,45085.0,0,1
2022-12-16,2769.4467484504166,2844.1594113089777,2764.472413260208,2824.557861328125,45837.0,0,1
2022-12-19,2831.649914465751,2836.1317460597943,2792.545170282732,2821.208740234375,19964.0,0,1
2022-12-20,2805.300745358036,2832.5853990338933,2798.011787647187,2805.2021484375,11218.0,0,1
2022-12-21,2798.405986021283,2828.941215013419,2777.7208308975773,2787.866455078125,27456.0,0,1
2022-12-22,2796.977696715201,2836.8211963244594,2703.8452027467506,2714.286376953125,42595.0,0,1
2022-12-23,2714.2369734462977,2714.2369734462977,2583.674204856988,2592.440673828125,65458.0,0,1
2022-12-26,2605.3938978214182,2693.699715932564,2554.8629695941986,2669.961181640625,47173.0,0,1
2022-12-27,2683.356985729932,2722.8065783545644,2679.220002939103,2687.00146484375,23491.0,0,1
2022-12-28,2687.1492953839224,2713.251989635541,2659.519791674356,2671.4384765625,23105.0,0,1
2022-12-29,2671.9310003177766,2707.785171216332,2644.7447016063484,2666.61181640625,20556.0,0,1
2022-12-30,2679.958532934604,2732.9026737579925,2659.519632058598,2668.187744140625,34226.0,0,1
2023-01-02,2688.922412239044,2688.922412239044,2596.9718798680165,2606.625,67759.0,0,1
2023-01-03,2617.066050542685,2631.9890568591936,2594.5094773982837,2596.4794921875,44890.0,0,1
2023-01-04,2604.1132051183763,2626.029618854124,2570.229048163996,2575.25244140625,38448.0,0,1
2023-01-05,2588.15613971159,2606.280178963405,2489.655403603218,2517.974365234375,75412.0,0,1
2023-01-06,2512.75377003229,2539.348968695901,2474.3384830737405,2512.35986328125,37246.0,0,1
2023-01-09,2528.120059123941,2565.106894172121,2513.738855061945,2529.351318359375,33094.0,0,1
2023-01-10,2542.0083238614097,2575.3016191276806,2522.209821163755,2563.727783203125,31212.0,0,1
2023-01-11,2583.132534466111,2583.132534466111,2532.8971584968185,2549.49462890625,17502.0,0,1
2023-01-12,2549.1990769061367,2568.80062740274,2505.5632022617965,2515.955078125,30966.0,0,1
2023-01-13,2528.4647139990925,2543.535375414488,2512.7538939616065,2522.50537109375,22410.0,0,1
2023-01-16,2521.6188766436567,2536.3939872489905,2511.71950444202,2518.07275390625,14120.0,0,1
2023-01-17,2521.618725227835,2521.618725227835,2452.6682132098863,2460.351318359375,54586.0,0,1
2023-01-18,2460.351485479304,2480.839687109506,2393.617235386136,2405.63427734375,70073.0,0,1
2023-01-19,2403.6644680485438,2413.810093040789,2373.8679922126785,2391.548828125,53645.0,0,1
2023-01-20,2383.7178317067032,2394.4543158309425,2338.555147670052,2344.7607421875,45283.0,0,1
2023-01-23,2335.4522092739867,2350.4242715030937,2300.681404962252,2306.985595703125,44352.0,0,1
2023-01-24,2304.917286200572,2398.492987990766,2295.06721232792,2305.754638671875,80959.0,0,1
2023-01-25,2286.202306181372,2312.2557053056826,2252.712052665574,2267.78271484375,67558.0,0,1
2023-01-26,2286.202306181372,2312.2557053056826,2252.712052665574,2267.78271484375,67558.0,0,1
2023-01-27,2279.159523923864,2284.921673065332,2216.2667037173537,2246.60498046875,56681.0,0,1
2023-01-30,2247.097079144676,2271.4267100329266,2217.251311484873,2224.4912109375,27654.0,0,1
2023-01-31,2229.515071724182,2363.9192906097014,2223.8512788686,2350.227783203125,85739.0,0,1
2023-02-01,2363.032644187476,2398.4929089606103,2280.932184971997,2291.5703125,77248.0,0,1
2023-02-02,2265.516828363941,2304.818524107351,2257.686068292396,2280.833740234375,26958.0,0,1
2023-02-03,2282.311508666967,2304.917381038781,2254.1402000399166,2296.249267578125,22885.0,0,1
2023-02-06,2309.64513022429,2348.602216446488,2249.855236114112,2265.9599609375,45935.0,0,1
2023-02-07,2216.266499216129,2221.1422374183435,2131.358915208888,2139.829833984375,184603.0,0,1
2023-02-08,2132.5408982421586,2240.8917060050394,2119.7358027792725,2161.54931640625,101960.0,0,1
2023-02-09,2157.609229164503,2183.3673147891054,2152.2409873835654,2162.780517578125,32521.0,0,1
2023-02-10,2159.136213192924,2176.7677493986757,2121.853587042149,2136.727294921875,45271.0,0,1
2023-02-13,2137.367413347785,2190.656408690153,2134.5602866086515,2152.684326171875,43389.0,0,1
2023-02-14,2149.286066610728,2165.3910331919847,2117.765830986739,2122.543212890625,33678.0,0,1
2023-02-15,2128.2561749123224,2130.8172903833142,2093.140756761605,2101.9072265625,31135.0,0,1
2023-02-16,2104.5668169613427,2196.566407991836,2104.5668169613427,2177.70361328125,59209.0,0,1
2023-02-17,2188.637018632367,2220.6497572937565,2174.9455127508504,2184.5986328125,46396.0,0,1
2023-02-20,2195.4826766293845,2195.4826766293845,2131.949705725806,2143.819091796875,40856.0,0,1
2023-02-21,2152.782948704295,2176.8663312869485,2127.6159618008187,2166.03125,37425.0,0,1
2023-02-22,2166.0313397524155,2166.8686922605048,2132.541087114134,2139.731689453125,16855.0,0,1
2023-02-23,2147.3160822879,2150.4187593339416,2116.4853032855926,2119.83447265625,22332.0,0,1
2023-02-24,2127.320382657876,2157.116855793176,2117.765859203116,2123.3310546875,16597.0,0,1
2023-02-27,2125.645716061012,2142.390839866868,2103.138203459259,2125.547119140625,23292.0,0,1
2023-02-28,2125.547216406693,2176.866194375727,2121.705784020505,2165.63720703125,27563.0,0,1
2023-03-01,2168.986350585507,2186.716484241519,2148.842996833492,2160.6630859375,20789.0,0,1
2023-03-02,2161.1062811885986,2186.617877194638,2154.2112292431475,2159.23486328125,17799.0,0,1
2023-03-03,2170.069808305904,2171.9412260954487,2147.3160421261123,2150.468017578125,26057.0,0,1
2023-03-06,2161.401778467421,2215.2816349656755,2161.3524800015266,2192.62646484375,47827.0,0,1
2023-03-07,2161.401778467421,2215.2816349656755,2161.3524800015266,2192.62646484375,47827.0,0,1
2023-03-08,2161.0076276386694,2187.849079151678,2143.376091460785,2178.639404296875,34645.0,0,1
2023-03-09,2186.716186483181,2253.6966822853688,2172.92608440626,2240.15283203125,81077.0,0,1
2023-03-10,2233.011815266452,2250.741948779815,2190.65649631786,2227.003173828125,46716.0,0,1
2023-03-13,2235.9175973626247,2235.966895830846,2113.284170697012,2123.035888671875,63213.0,0,1
2023-03-14,2123.6264882786663,2152.1917006235103,2048.8645287130744,2061.521728515625,67447.0,0,1
2023-03-15,2085.3590759439185,2092.1555302030224,2024.1900256907772,2028.62255859375,47992.0,0,1
2023-03-16,2023.205097503337,2031.0358578421103,1968.044685886888,1973.6591796875,67526.0,0,1
2023-03-17,1983.5585215660087,2027.3913479891933,1970.014670704913,1976.367919921875,45366.0,0,1
2023-03-20,1946.571511095432,2009.4150292230795,1945.3895503507756,1955.2396240234373,43257.0,0,1
2023-03-21,1966.025474328764,2008.430091046482,1946.522399929104,1974.299560546875,52064.0,0,1
2023-03-22,1984.740516338468,2004.3421866964557,1972.9697265750333,1976.811279296875,25224.0,0,1
2023-03-23,1996.56075647722,2061.6205451401797,1976.811429705857,2033.8433837890625,95409.0,0,1
2023-03-24,2046.845278182251,2057.434107220008,1986.612054538048,1991.8326416015625,38388.0,0,1
2023-03-27,1999.5649575633984,2007.0018112898083,1944.5030216297544,1954.8948974609373,41952.0,0,1
2023-03-28,1958.145284416734,1964.055328429449,1910.914230777848,1915.937744140625,49381.0,0,1
2023-03-29,1903.1326964073744,1943.173269643601,1903.1326964073744,1913.2783203125,54995.0,0,1
2023-03-30,1903.1326964073744,1943.173269643601,1903.1326964073744,1913.2783203125,54995.0,0,1
2023-03-31,1915.740782603851,1963.070312726512,1906.97419330766,1914.164794921875,51382.0,0,1
2023-04-03,1914.3616470424188,2087.082769634787,1914.3616470424188,2062.654541015625,306073.0,0,1
2023-04-04,1914.3616470424188,2087.082769634787,1914.3616470424188,2062.654541015625,306073.0,0,1
2023-04-05,2073.44065431274,2117.7659889655065,2069.205074238743,2095.7509765625,80158.0,0,1
2023-04-06,2088.2648159277765,2137.465883443703,2057.680290559399,2115.99267578125,47812.0,0,1
2023-04-07,2088.2648159277765,2137.465883443703,2057.680290559399,2115.99267578125,47812.0,0,1
2023-04-10,2131.5065839612707,2230.4998215692385,2117.815078135973,2220.20654296875,123718.0,0,1
2023-04-11,2219.221526835582,2359.092568473688,2193.4143827420776,2327.769287109375,252679.0,0,1
2023-04-12,2341.3623671901064,2462.5182658709577,2316.737184531397,2449.1220703125,287325.0,0,1
2023-04-13,2457.593527775369,2508.764615458033,2388.643007958024,2456.953369140625,179303.0,0,1
2023-04-14,2457.593527775369,2508.764615458033,2388.643007958024,2456.953369140625,179303.0,0,1
2023-04-17,2424.103164895089,2431.4414217882445,2324.7650743187,2342.052001953125,123585.0,0,1
2023-04-18,2339.392575274948,2378.792871279579,2298.4654697040733,2358.945068359375,110102.0,0,1
2023-04-19,2349.242502758835,2387.65778896747,2295.0670991312727,2311.024169921875,47980.0,0,1
2023-04-20,2311.319547546429,2333.482211011076,2172.4828216272854,2188.292236328125,138977.0,0,1
2023-04-21,2202.7721950527557,2240.941233506707,2133.2305733161324,2151.699462890625,136184.0,0,1
2023-04-24,2161.106285481718,2167.0163300181307,2141.5537919482867,2157.855712890625,46159.0,0,1
2023-04-25,2161.056909971719,2173.911304476217,2098.0657356295164,2110.821533203125,82172.0,0,1
2023-04-26,2121.4597691237386,2132.393447875256,2053.740507776202,2065.708251953125,136890.0,0,1
2023-04-27,2077.9221122261,2097.4253040588665,2064.575215764769,2067.431640625,68845.0,0,1
2023-04-28,2088.215632322809,2096.243346226641,2059.2072132623125,2068.81103515625,67995.0,0,1
2023-05-01,2088.215632322809,2096.243346226641,2059.2072132623125,2068.81103515625,67995.0,0,1
2023-05-02,2089.9393272713514,2248.673164195655,2081.616063329971,2192.97119140625,330502.0,0,1
2023-05-03,2202.476437171332,2275.268384229191,2185.288106989828,2263.59619140625,222426.0,0,1
2023-05-04,2275.3668534972358,2298.022021302619,2237.936576253558,2249.26416015625,100313.0,0,1
2023-05-05,2256.652003114135,2264.3351090994584,2178.8364167998543,2195.58154296875,50147.0,0,1
2023-05-08,2195.5813901775628,2332.940617478657,2195.5813901775628,2322.9921875,198286.0,0,1
2023-05-09,2343.0368116197105,2380.614984325998,2334.4672962233044,2351.26171875,133455.0,0,1
2023-05-10,2371.7502356115274,2371.7502356115274,2296.150915387909,2321.416259765625,68918.0,0,1
2023-05-11,2324.223389541788,2363.918992513533,2324.223389541788,2346.5830078125,69091.0,0,1
2023-05-12,2346.730800988415,2354.019999940178,2324.2235264843634,2335.79736328125,37328.0,0,1
2023-05-15,2351.5078867833904,2358.1073873486675,2324.7157373289538,2354.51220703125,42090.0,0,1
2023-05-16,2368.3024188203262,2413.267906269514,2355.152475057309,2375.788330078125,77482.0,0,1
2023-05-17,2378.7435658477166,2378.7435658477166,2314.7673834936068,2330.28125,46099.0,0,1
2023-05-18,2341.3132464172977,2369.878460469292,2329.5424563091774,2342.052001953125,32895.0,0,1
2023-05-19,2341.263854256168,2344.3667716706573,2262.906712609466,2271.91943359375,77190.0,0,1
2023-05-22,1969.9655518339127,2213.508637702403,1851.813959283162,2134.806640625,1123040.0,1,0
2023-05-23,2152.241161924266,2247.786879410149,2151.7486582258857,2177.949951171875,347924.0,1,0
2023-05-24,2177.9499836317004,2191.493835539029,2122.297064885224,2129.832275390625,108997.0,0,1
2023-05-25,2145.3459280934635,2157.707817969861,2117.765723324585,2122.93701171875,46907.0,0,1
2023-05-26,2133.919976187719,2152.9799659362334,2107.915876519977,2126.384765625,42370.0,0,1
2023-05-29,2150.2707907788745,2150.2707907788745,2101.0204291027662,2110.574951171875,50360.0,0,1
2023-05-30,2124.660789030274,2133.131948173559,2078.61169682482,2089.44677734375,59763.0,0,1
2023-05-31,2111.855945951432,2111.855945951432,2067.0874060141527,2073.391357421875,44110.0,0,1
2023-06-01,2082.798101812753,2110.870812099659,2074.6717909402278,2084.915771484375,38924.0,0,1
2023-06-02,2094.1255631791814,2130.5708340341344,2090.3331888035045,2111.806396484375,50656.0,0,1
2023-06-05,2137.41674409292,2151.059192676494,2114.61391913978,2138.106201171875,51345.0,0,1
2023-06-06,2151.256218255872,2151.256218255872,2122.691002903573,2138.303466796875,33994.0,0,1
2023-06-07,2138.303280916612,2145.69083596898,2124.660833061115,2136.38232421875,34525.0,0,1
2023-06-08,2131.555794905069,2164.110334231079,2131.555794905069,2145.1982421875,59112.0,0,1
2023-06-09,2145.1984105423435,2155.9348947512626,2117.864455851608,2124.020751953125,27185.0,0,1
2023-06-12,2127.66532287216,2151.2069039871053,2116.7809427993925,2134.06787109375,35389.0,0,1
2023-06-13,2137.3674327561243,2189.572824264608,2131.3097335184943,2163.91357421875,76087.0,0,1
2023-06-14,2191.641214477573,2216.2663966627147,2168.887449946385,2207.992431640625,82724.0,0,1
2023-06-15,2221.191361663647,2240.8915067781804,2195.8274248286853,2215.478271484375,69468.0,0,1
2023-06-16,2224.047993698792,2238.9217008379696,2209.470077340232,2227.249267578125,46560.0,0,1
2023-06-19,2250.347810623882,2355.152492868048,2232.075876813601,2333.925537109375,172447.0,0,1
2023-06-20,2335.5016519543547,2409.278603959862,2335.5016519543547,2401.004638671875,177515.0,0,1
2023-06-21,2413.3172204987154,2422.0343909493213,2349.242446554288,2364.65771484375,82944.0,0,1
2023-06-22,2334.516676532285,2359.535766586141,2290.1913465689386,2303.2919921875,59183.0,0,1
2023-06-23,2314.6685240118595,2319.6921573600434,2241.6796284442485,2254.7802734375,49964.0,0,1
2023-06-26,2269.5065541126446,2269.5065541126446,2205.4317688292845,2219.07421875,48547.0,0,1
2023-06-27,2231.0417346880386,2294.082207544566,2225.476539135801,2286.2021484375,74235.0,0,1
2023-06-28,2301.66675815334,2320.677449190567,2287.187197377121,2296.1015625,43335.0,0,1
2023-06-29,2301.66675815334,2320.677449190567,2287.187197377121,2296.1015625,43335.0,0,1
2023-06-30,2317.1805156842847,2322.647354627753,2275.367001352888,2281.81884765625,40880.0,0,1
2023-07-03,2304.0279698243644,2324.8028033865417,2275.338913952786,2277.9111328125,51119.0,0,1
2023-07-04,2290.17826259908,2290.17826259908,2250.607147910543,2261.68701171875,39237.0,0,1
2023-07-05,2261.686927721906,2277.1197584864417,2238.735730359523,2253.772705078125,33103.0,0,1
2023-07-06,2256.542788363128,2274.4980848310297,2245.7102441501406,2265.4462890625,34211.0,0,1
2023-07-07,2255.553417597022,2302.049474889592,2243.9294032738794,2274.943359375,56027.0,0,1
2023-07-10,2274.943310766346,2280.1862898540944,2203.121646341996,2212.025146484375,53008.0,0,1
2023-07-11,2224.539316014454,2224.539316014454,2177.499352218444,2185.41357421875,51124.0,0,1
2023-07-12,2187.243830275377,2206.534748492573,2148.711506038433,2161.671142578125,57817.0,0,1
2023-07-13,2161.670984362331,2175.4218489630803,2129.024817461112,2133.229248046875,47129.0,0,1
2023-07-14,2133.22924218642,2215.9822320555872,2126.947231660497,2191.547119140625,58869.0,0,1
2023-07-17,2214.993243574543,2255.256806263028,2174.383337007905,2187.046142578125,66791.0,0,1
2023-07-18,2200.1042719088528,2209.0572841280573,2162.5612284388417,2189.271728515625,30234.0,0,1
2023-07-19,2200.9949262426862,2211.1350242285025,2181.357664265867,2183.88037109375,25981.0,0,1
2023-07-20,2184.325659607492,2219.939664927179,2173.888729188386,2190.3603515625,31074.0,0,1
2023-07-21,2186.3038542946783,2189.4199826362133,2156.971865256849,2169.53564453125,26818.0,0,1
2023-07-24,2169.535878643687,2200.0056853096594,2147.7222533303816,2170.030517578125,33921.0,0,1
2023-07-25,2183.97895494453,2196.196631915921,2150.689854858204,2169.53564453125,34130.0,0,1
2023-07-26,2182.198565543769,2182.198565543769,2154.696593973153,2161.32470703125,20552.0,0,1
2023-07-27,2167.5077043677343,2176.361692555208,2141.786481038861,2148.71142578125,27496.0,0,1
2023-07-28,2159.840935711691,2166.518561414681,2143.864194527778,2154.152587890625,33888.0,0,1
2023-07-31,2176.411176966328,2192.190109694753,2155.2407284904525,2164.58935546875,35477.0,0,1
2023-08-01,2184.1277274522204,2186.3040904594063,2161.5721437347524,2179.62646484375,24938.0,0,1
2023-08-02,2192.2395713352626,2245.611059525961,2164.5893055519264,2200.895751953125,128856.0,0,1
2023-08-03,2201.143142913117,2228.694626726832,2181.407098767758,2216.625244140625,41742.0,0,1
2023-08-04,2240.367865350074,2240.367865350074,2198.1257517419263,2209.255126953125,42901.0,0,1
2023-08-07,2235.7678141687743,2250.6069810769745,2191.5471450869186,2199.906494140625,34933.0,0,1
2023-08-08,2199.807539164458,2206.040037767141,2176.213407949674,2179.52734375,24196.0,0,1
2023-08-09,2179.527234359244,2185.660949785309,2167.7054132472726,2172.849609375,16001.0,0,1
2023-08-10,2172.849646141324,2190.854695177371,2167.606667061073,2175.91650390625,18627.0,0,1
2023-08-11,2180.3681655567248,2196.6912484658383,2168.8924470235866,2177.845458984375,26266.0,0,1
2023-08-14,2181.308028460469,2181.35754065486,2148.6618611853623,2158.505126953125,20686.0,0,1
2023-08-15,2181.308028460469,2181.35754065486,2148.6618611853623,2158.505126953125,20686.0,0,1
2023-08-16,2126.155774190097,2144.5069254666087,2074.515521948324,2084.50732421875,201591.0,0,1
2023-08-17,2039.94041198075,2076.988818669826,2006.7005800501731,2016.6923828125,166315.0,0,1
2023-08-18,2024.111866255986,2095.240842597492,1980.781450840988,2055.471923828125,93952.0,0,1
2023-08-21,2065.562708818129,2069.5693325514103,2033.312394725584,2048.10205078125,28071.0,0,1
2023-08-22,2047.8052061709373,2058.3409189558374,2039.940495350372,2047.4588623046875,20063.0,0,1
2023-08-23,2058.588289772262,2095.290596547587,2045.8267014449527,2067.838134765625,35428.0,0,1
2023-08-24,2067.590786622017,2103.303815000111,2064.2766090869227,2093.31201171875,54053.0,0,1
2023-08-25,2102.215335400413,2116.0652246689333,2072.537001253584,2104.49072265625,39690.0,0,1
2023-08-28,2118.9835675686904,2128.925857914181,2091.185005880486,2122.693359375,37911.0,0,1
2023-08-29,2132.882937154403,2298.8342881319777,2123.039671347348,2266.8310546875,407377.0,0,1
2023-08-30,2294.1353473529425,2331.3815620106325,2275.339068094768,2291.958984375,233725.0,0,1
2023-08-31,2297.103293422278,2309.271459947834,2211.036115761753,2223.896728515625,125850.0,0,1
2023-09-01,2218.109097267415,2222.9071911516457,2177.400412872618,2202.923828125,125266.0,0,1
2023-09-04,2215.9327249407997,2252.733810217205,2211.035848212425,2225.133056640625,52551.0,0,1
2023-09-05,2244.6713092172745,2245.611074814747,2188.876138378283,2200.15380859375,61864.0,0,1
2023-09-06,2205.1004403643046,2233.937794556669,2178.4889614482167,2202.6767578125,50101.0,0,1
2023-09-07,2211.926361139049,2238.834913251236,2202.8745649585608,2221.86865234375,42188.0,0,1
2023-09-08,2222.857695039988,2243.781065335573,2198.274286727304,2211.77783203125,56137.0,0,1
2023-09-11,2225.875133937635,2299.0816938982507,2216.9716334018844,2262.626708984375,139759.0,0,1
2023-09-12,2283.5006115341344,2292.2063049731264,2186.2545499667744,2195.50439453125,84806.0,0,1
2023-09-13,2198.1753030333066,2225.8750818294056,2154.647079210865,2168.645263671875,71787.0,0,1
2023-09-14,2186.303853574315,2220.433936356357,2178.735975305714,2205.8916015625,39702.0,0,1
2023-09-15,2217.8127039249694,2234.7787228968914,2176.411328186437,2183.6826171875,43848.0,0,1
2023-09-18,2188.826822335944,2216.922217526957,2177.400614514033,2204.902587890625,54438.0,0,1
2023-09-19,2188.826822335944,2216.922217526957,2177.400614514033,2204.902587890625,54438.0,0,1
2023-09-20,2223.8965710653742,2229.8322380699974,2179.6263879892285,2224.490234375,60568.0,0,1
2023-09-21,2229.881674986211,2229.881674986211,2189.2717729626447,2220.879150390625,50834.0,0,1
2023-09-22,2232.0085162737983,2234.778542408721,2190.607385401878,2209.255126953125,45635.0,0,1
2023-09-25,2221.0769785478988,2226.765325955489,2187.1449428826777,2215.092041015625,36277.0,0,1
2023-09-26,2221.3242106746998,2234.7289727780203,2197.185929668409,2226.616943359375,46648.0,0,1
2023-09-27,2226.5673964298967,2235.372113369283,2202.379603607821,2216.2294921875,36991.0,0,1
2023-09-28,2224.044687594507,2234.679423457412,2155.092076397275,2160.681640625,39801.0,0,1
2023-09-29,2175.4218814003752,2191.2008139999957,2146.7328252109205,2150.937255859375,37271.0,0,1
2023-10-02,2175.4218814003752,2191.2008139999957,2146.7328252109205,2150.937255859375,37271.0,0,1
2023-10-03,2162.0171708546354,2162.0171708546354,2131.893709436552,2153.26220703125,30205.0,0,1
2023-10-04,2141.7866294329456,2206.089692210378,2137.9285422754683,2172.6025390625,66170.0,0,1
2023-10-05,2172.453908834256,2194.2180190320487,2165.429940297632,2191.6953125,37480.0,0,1
2023-10-06,2191.695722271936,2199.2143310824126,2169.140137363434,2193.130126953125,47930.0,0,1
2023-10-09,2171.5142000554983,2182.346743246181,2143.665886137965,2169.53564453125,42461.0,0,1
2023-10-10,2162.561398833724,2191.25045673225,2159.692589653037,2187.936279296875,35776.0,0,1
2023-10-11,2191.250445087887,2214.003835714082,2188.2826115279486,2207.870361328125,36202.0,0,1
2023-10-12,2207.62304826949,2225.8751764114813,2181.407185080644,2195.50439453125,37528.0,0,1
2023-10-13,2181.357678945147,2198.0763781519327,2166.5185110611665,2173.54248046875,20565.0,0,1
2023-10-16,2176.36186292614,2185.413900604621,2161.572206658848,2169.338134765625,26444.0,0,1
2023-10-17,2180.6156971700125,2190.904090183426,2168.4970435280334,2172.25634765625,12723.0,0,1
2023-10-18,2172.256319328652,2182.544712207898,2163.402331006189,2171.217529296875,20372.0,0,1
2023-10-19,2156.6258215929024,2186.551478062254,2106.073624303275,2137.780029296875,35951.0,0,1
2023-10-20,2153.6579134460485,2153.6579134460485,2097.2690751059363,2102.8583984375,25510.0,0,1
2023-10-23,2107.062979448768,2116.0655052762745,2068.6296765458,2078.769775390625,24300.0,0,1
2023-10-24,2107.062979448768,2116.0655052762745,2068.6296765458,2078.769775390625,24300.0,0,1
2023-10-25,2078.769554255435,2099.0002375915974,2024.408664993728,2032.9659423828125,42016.0,0,1
2023-10-26,2032.965853083061,2033.955130870449,1987.1128517899003,2008.38232421875,42443.0,0,1
2023-10-27,2009.2234123744493,2082.4299768824303,2009.2234123744493,2070.608154296875,22781.0,0,1
2023-10-30,2077.384405715631,2077.384405715631,2011.3007195386176,2016.791259765625,29091.0,0,1
2023-10-31,2026.3873090809625,2028.0195208666448,2010.262032390954,2023.7161865234373,17838.0,0,1
2023-11-01,2027.970053607948,2028.0195658043788,2008.234009064824,2013.031982421875,14967.0,0,1
2023-11-02,2023.0731888297423,2046.8158570605071,1998.341242756029,2023.27099609375,29921.0,0,1
2023-11-03,2035.439109500726,2045.6782315209853,2018.3245549534415,2019.8084716796875,13951.0,0,1
2023-11-06,2039.742716022682,2087.376349861781,2021.8366895876843,2066.552001953125,54127.0,0,1
2023-11-07,2067.3929070519757,2075.158593290092,2042.8587679746224,2053.592529296875,22935.0,0,1
2023-11-08,2053.5923646672804,2086.3868262805986,2037.5658715031395,2042.314453125,41529.0,0,1
2023-11-09,2008.2339794170036,2008.2339794170036,1983.749353313274,1989.140869140625,72181.0,0,1
2023-11-10,1978.555652006173,2031.382991305575,1978.555652006173,2003.28759765625,46964.0,0,1
2023-11-13,2019.1160297921856,2043.847975282046,1995.2249462966904,2009.9652099609373,28612.0,0,1
2023-11-14,2019.1160297921856,2043.847975282046,1995.2249462966904,2009.9652099609373,28612.0,0,1
2023-11-15,2022.083859520137,2028.019526426752,1993.394802804832,2002.891845703125,41140.0,0,1
2023-11-16,2002.8917532079151,2056.7084881615456,2002.8917532079151,2013.5264892578125,49238.0,0,1
2023-11-17,2026.9807946624976,2038.4565142875567,1983.6009852590128,2024.161376953125,40927.0,0,1
2023-11-20,2028.019548692288,2045.777037411622,2000.319769490637,2007.8382568359373,37389.0,0,1
2023-11-21,2022.9247336417704,2027.0302607624185,2005.3156608367728,2008.3328857421875,18456.0,0,1
2023-11-22,2009.173731058421,2017.137465777671,1996.313119457092,2007.9371337890625,26349.0,0,1
2023-11-23,2018.0772289399972,2018.126741135292,1993.394795778242,1997.2034912109373,31359.0,0,1
2023-11-24,1998.440126842772,2012.438432335878,1995.373389711916,1997.7476806640625,19732.0,0,1
2023-11-27,1998.440126842772,2012.438432335878,1995.373389711916,1997.7476806640625,19732.0,0,1
2023-11-28,2003.2380898271167,2018.1267694454996,1983.5515576559044,1993.4443359375,32630.0,0,1
2023-11-29,1993.839927482731,2007.145786575013,1989.5861053275376,1996.9561767578125,27695.0,0,1
2023-11-30,2008.2339559072452,2009.223233718037,1991.5151367525743,1995.175537109375,29202.0,0,1
2023-12-01,2008.2339613084837,2015.9503765579932,1987.0633919483105,1996.0657958984373,30507.0,0,1
2023-12-04,2020.0558691353167,2020.1053813326844,1997.35199065166,2000.31982421875,27921.0,0,1
2023-12-05,2003.2875003872564,2051.0201531742614,2003.2875003872564,2034.74658203125,82707.0,0,1
2023-12-06,2047.0631935752804,2349.534896576678,2038.9016513029612,2282.857666015625,1769793.0,1,0
2023-12-07,2265.446122332317,2343.5495549701554,2233.8387454803383,2322.082275390625,346907.0,1,0
2023-12-08,2324.8028714372376,2336.0805419490903,2246.25430932635,2272.17333984375,115221.0,0,1
2023-12-11,2275.240010454132,2275.3390348474195,2215.9823643731397,2242.940185546875,98062.0,0,1
2023-12-12,2243.63249141632,2269.4032258734724,2197.631074675641,2208.7109375,72500.0,0,1
2023-12-13,2219.741663641136,2225.677330675639,2179.6263989617,2211.876953125,48245.0,0,1
2023-12-14,2225.875075035126,2254.5641315578014,2196.1967407013244,2200.45068359375,51791.0,0,1
2023-12-15,2201.093683896372,2364.374039848212,2201.093683896372,2320.202880859375,465839.0,0,1
2023-12-18,2333.508571111768,2423.6316356383054,2327.3255847341416,2373.178466796875,315176.0,0,1
2023-12-19,2395.0417177105865,2435.602110286437,2374.2668824888096,2386.9296875,117708.0,0,1
2023-12-20,2387.028238227563,2413.837762444195,2225.924498053579,2248.33154296875,155537.0,0,1
2023-12-21,2243.6819421189966,2360.911355761458,2205.100109780972,2340.18603515625,125373.0,0,1
2023-12-22,2364.3739819086964,2389.1059273261512,2300.8623943812527,2339.83984375,67027.0,0,1
2023-12-25,2364.3739819086964,2389.1059273261512,2300.8623943812527,2339.83984375,67027.0,0,1
2023-12-26,2384.1595767905624,2621.5862566369256,2369.815048216511,2586.56591796875,1412772.0,1,0
2023-12-27,2616.6398323353405,2695.782057888016,2586.961497753087,2641.322265625,729154.0,1,0
2023-12-28,2641.322280697055,2641.322280697055,2563.317869105329,2580.234375,223938.0,0,1
2023-12-29,2591.907963787591,2661.0583888077213,2557.3822634745475,2639.887939453125,309097.0,0,1
2024-01-01,2646.3180526235674,2705.6747192244698,2628.80788428088,2668.72509765625,237557.0,0,1
2024-01-02,2668.7253159715065,2690.341133769443,2562.2296512089933,2583.350830078125,236949.0,0,1
2024-01-03,2596.854130660312,2597.793896231592,2552.583950718579,2563.9111328125,83053.0,0,1
2024-01-04,2580.036747358303,2680.943092538728,2567.2256469365493,2643.54833984375,257622.0,0,1
2024-01-05,2660.168019347472,2660.168019347472,2579.987004896327,2602.14697265625,103094.0,0,1
2024-01-08,2621.487343928652,2621.487343928652,2527.6049702155283,2545.016357421875,92867.0,0,1
2024-01-09,2572.567587965001,2602.2954362541645,2483.433796818497,2499.80615234375,91240.0,0,1
2024-01-10,2502.8232025645366,2512.7654922854404,2461.3230491362897,2480.564453125,83772.0,0,1
2024-01-11,2497.9264938817428,2504.9504630083543,2454.101438179553,2469.88037109375,48967.0,0,1
2024-01-12,2483.482960346563,2558.27246067858,2476.75606434114,2526.9619140625,109057.0,0,1
2024-01-15,2552.3368134532143,2559.9542044756054,2471.265543206443,2477.745361328125,64258.0,0,1
2024-01-16,2497.926595254972,2501.488092158362,2413.8379771968835,2464.93408203125,73260.0,0,1
2024-01-17,2429.864193778353,2457.5639734291644,2414.827218843924,2428.281494140625,50995.0,0,1
2024-01-18,2441.191433732825,2456.2779212159426,2308.974543317816,2370.012939453125,110044.0,0,1
2024-01-19,2398.0093674108225,2481.801148074765,2391.67808615223,2449.10546875,59242.0,0,1
2024-01-22,2398.0093674108225,2481.801148074765,2391.67808615223,2449.10546875,59242.0,0,1
2024-01-23,2440.597934766982,2448.1658136068104,2329.749304885978,2335.09130859375,80226.0,0,1
2024-01-24,2349.831679317757,2386.434959049785,2292.7008846008744,2362.345947265625,62033.0,0,1
2024-01-25,2377.9270142940286,2379.21312374658,2333.805369054299,2341.076416015625,25877.0,0,1
2024-01-26,2377.9270142940286,2379.21312374658,2333.805369054299,2341.076416015625,25877.0,0,1
2024-01-29,2353.0965249676115,2354.481417427516,2311.150996819013,2324.65478515625,34971.0,0,1
2024-01-30,2325.7922983122894,2335.0914137848463,2265.44634756918,2274.59716796875,42846.0,0,1
2024-01-31,2274.844334344621,2468.198634875725,2254.564139148246,2412.5517578125,217630.0,0,1
2024-02-01,2373.2774670227645,2414.282983957072,2329.74924336749,2362.29638671875,74698.0,0,1
2024-02-02,2363.829819906801,2383.86269560258,2295.1245241584484,2301.703125,56848.0,0,1
2024-02-05,2296.113780735472,2299.427957984643,2206.930483405252,2227.95263671875,81023.0,0,1
2024-02-06,2225.8752866140694,2280.285571397969,2217.9610633727752,2252.684814453125,50318.0,0,1
2024-02-07,2252.6845305517995,2268.26565559444,2223.896450530525,2235.2236328125,36882.0,0,1
2024-02-08,2235.223905211817,2312.78343756751,2216.97177624212,2236.2626953125,59108.0,0,1
2024-02-09,2236.2624732416534,2254.564112593553,2149.700665496179,2177.20263671875,71685.0,0,1
2024-02-12,2178.735936011424,2209.057202254532,2151.679093105063,2159.3955078125,55019.0,0,1
2024-02-13,2163.5506756639606,2173.196134780432,2109.536008002553,2159.1484375,42654.0,0,1
2024-02-14,2132.882982313773,2154.6470943781987,2118.835285558588,2146.188720703125,41918.0,0,1
2024-02-15,2156.6256664551083,2254.5146592953583,2149.0082754790915,2210.5908203125,75884.0,0,1
2024-02-16,2246.650045972294,2311.892873287205,2210.0467647301207,2242.00048828125,73839.0,0,1
2024-02-19,2244.5231870603866,2299.823723263536,2222.9568812368675,2266.485107421875,52394.0,0,1
2024-02-20,2265.396707488114,2294.778210591661,2250.607052306112,2278.504638671875,34747.0,0,1
2024-02-21,2287.210351349509,2319.856519859256,2252.7834344346493,2267.91943359375,60787.0,0,1
2024-02-22,2267.919291872185,2276.03132129644,2235.767764288392,2243.53369140625,19872.0,0,1
2024-02-23,2245.710112171342,2255.701673010804,2201.1430990962963,2214.05322265625,37834.0,0,1
2024-02-26,2234.7785216453176,2234.7785216453176,2181.3575211278994,2222.363037109375,45869.0,0,1
2024-02-27,2193.377113155057,2240.714151102067,2180.81333376913,2192.78369140625,35517.0,0,1
2024-02-28,2192.783671507327,2205.2484263938923,2156.62552100426,2162.21484375,24201.0,0,1
2024-02-29,2152.668502012651,2170.475502488858,2128.925834711041,2150.442626953125,29538.0,0,1
2024-03-01,2170.4754035988963,2196.394432584332,2152.5693795489287,2172.3056640625,30915.0,0,1
2024-03-04,2181.505989109883,2215.042653673487,2162.5614145894124,2172.800537109375,33463.0,0,1
2024-03-05,2186.0565306574517,2400.9276118737685,2166.0236560128924,2368.23193359375,1279540.0,1,0
2024-03-06,2376.2950640248528,2405.874377074113,2276.476777487826,2292.354736328125,233353.0,0,1
2024-03-07,2293.195514594757,2350.029477436773,2293.195514594757,2312.090576171875,88123.0,0,1
2024-03-08,2293.195514594757,2350.029477436773,2293.195514594757,2312.090576171875,88123.0,0,1
2024-03-11,2312.7832939574782,2312.7832939574782,2178.389802836361,2199.75830078125,77590.0,0,1
2024-03-12,2199.8569619451714,2206.237755353103,2108.200471784694,2133.229248046875,79167.0,0,1
2024-03-13,2134.8120070064483,2142.3801271852008,2008.233959211932,2019.16552734375,136704.0,0,1
2024-03-14,2019.165414419426,2076.4940121383925,1987.6568212468555,2035.5872802734373,84568.0,0,1
2024-03-15,2036.675621850049,2106.864831770248,2035.9336635178631,2078.423095703125,69139.0,0,1
2024-03-18,2082.429662754631,2106.864774863374,2049.7834970202352,2059.428955078125,39908.0,0,1
2024-03-19,2059.429009649853,2092.025664055957,2031.729231929092,2036.1314697265625,37688.0,0,1
2024-03-20,2036.1315333903503,2054.680492265474,2010.212503160091,2014.862060546875,33895.0,0,1
2024-03-21,2054.136342592268,2064.227169445657,2032.9658941239336,2040.2371826171875,39570.0,0,1
2024-03-22,2043.848012577988,2141.786518505007,2043.848012577988,2084.111572265625,181950.0,0,1
2024-03-25,2043.848012577988,2141.786518505007,2043.848012577988,2084.111572265625,181950.0,0,1
2024-03-26,2077.5328440137387,2084.111444622012,2023.073054082156,2029.948486328125,92896.0,0,1
2024-03-27,2028.118649352368,2075.0103235836614,2028.118649352368,2043.8975830078125,108869.0,0,1
2024-03-28,2055.719282746417,2063.583993006723,2011.4986130823904,2023.3204345703125,74636.0,0,1
2024-03-29,2055.719282746417,2063.583993006723,2011.4986130823904,2023.3204345703125,74636.0,0,1
2024-04-01,2028.0194900649208,2096.279658267106,2027.030212264889,2075.949951171875,61458.0,0,1
2024-04-02,2087.376196429523,2115.0759753394887,2057.697861883132,2098.208740234375,45367.0,0,1
2024-04-03,2111.118959571942,2141.4897416604517,2092.322680175566,2100.83056640625,55586.0,0,1
2024-04-04,2128.7776813650075,2292.2063371994973,2112.652403777937,2249.321044921875,587175.0,0,1
2024-04-05,2249.4199944112784,2277.7627078363994,2186.3040200966657,2214.3994140625,111973.0,0,1
2024-04-08,2231.7116314266345,2233.8882357454763,2147.722045110911,2158.703125,70965.0,0,1
2024-04-09,2158.70334773104,2299.032269391524,2158.70334773104,2244.028564453125,242686.0,0,1
2024-04-10,2252.585797920968,2302.791651783282,2201.143346672882,2273.90478515625,254669.0,0,1
2024-04-11,2252.585797920968,2302.791651783282,2201.143346672882,2273.90478515625,254669.0,0,1
2024-04-12,2273.90449175237,2293.096384094023,2225.8750071817144,2244.819580078125,79806.0,0,1
2024-04-15,2225.875129704052,2229.3376021280365,2134.1691226648272,2171.217529296875,69895.0,0,1
2024-04-16,2149.997385183364,2224.193216530122,2149.997385183364,2204.60546875,46741.0,0,1
2024-04-17,2149.997385183364,2224.193216530122,2149.997385183364,2204.60546875,46741.0,0,1
2024-04-18,2223.9462864743864,2235.718597166752,2176.411433897627,2180.76416015625,41009.0,0,1
2024-04-19,2136.8895361794544,2169.4861910185414,2130.409718357697,2149.651123046875,41342.0,0,1
2024-04-22,2171.4153041652758,2219.8899173778877,2151.728772143193,2165.628173828125,36814.0,0,1
2024-04-23,2180.368269368368,2230.8214371259846,2175.3723681779848,2204.2099609375,52596.0,0,1
2024-04-24,2255.5534939937525,2255.5534939937525,2204.457389741173,2220.483642578125,56125.0,0,1
2024-04-25,2214.0036002869224,2235.767710745507,2191.794363146262,2212.17333984375,28129.0,0,1
2024-04-26,2232.750617601898,2232.750617601898,2186.304070384068,2197.532470703125,26646.0,0,1
2024-04-29,2187.3427885036576,2218.4060156738083,2172.454108897208,2179.280029296875,41387.0,0,1
2024-04-30,2186.303918120828,2195.949376583125,2164.53980671872,2168.84326171875,28541.0,0,1
2024-05-01,2186.303918120828,2195.949376583125,2164.53980671872,2168.84326171875,28541.0,0,1
2024-05-02,2170.3766352076746,2176.015712318327,2147.7222684599865,2152.371826171875,22544.0,0,1
2024-05-03,2163.897015808248,2181.3576733645627,2117.4502272318823,2130.3603515625,46823.0,0,1
2024-05-06,2133.77320583562,2156.62561979212,2088.365451092277,2104.243408203125,47629.0,0,1
2024-05-07,2107.161980637639,2118.143062216331,2051.8119290282925,2067.8876953125,48384.0,0,1
2024-05-08,2067.88755612497,2398.0095292334204,2048.1019989530773,2272.272216796875,893083.0,1,0
2024-05-09,2275.338994548907,2275.338994548907,2150.78901315211,2162.858154296875,205604.0,1,0
2024-05-10,2169.189402306961,2225.726773974225,2118.0437879141286,2162.066650390625,95496.0,0,1
2024-05-13,2126.9473527457035,2196.19680143975,2119.3794738904467,2168.447509765625,80452.0,0,1
2024-05-14,2177.795915220996,2198.0761088443805,2122.0007474224003,2133.37744140625,68465.0,0,1
2024-05-15,2137.8293125294954,2196.147190172909,2130.904367972482,2144.358642578125,55990.0,0,1
2024-05-16,2147.6726331547334,2185.314702477545,2146.732867531133,2156.031982421875,38179.0,0,1
2024-05-17,2166.468952786522,2208.068134174453,2162.413058564912,2187.886962890625,39511.0,0,1
2024-05-20,2166.468952786522,2208.068134174453,2162.413058564912,2187.886962890625,39511.0,0,1
2024-05-21,2252.882605415724,2268.31519571074,2219.9396031078013,2239.03271484375,49819.0,0,1
2024-05-22,2239.032777740701,2261.439826150628,2206.089774507372,2214.350341796875,34326.0,0,1
2024-05-23,2235.76787785237,2254.5146442757987,2186.3039867494417,2189.6181640625,28729.0,0,1
2024-05-24,2206.633844661694,2229.2882117213862,2161.671212889871,2167.8046875,36559.0,0,1
2024-05-27,2167.804583730825,2176.9058915737,2141.7865281786226,2153.558837890625,28466.0,0,1
2024-05-28,2161.571966400588,2181.159714904129,2112.6027159031837,2123.138427734375,38512.0,0,1
2024-05-29,2136.8400670697283,2155.2407309231007,2115.0759552754994,2128.2333984375,26502.0,0,1
2024-05-30,2127.738763690249,2141.7864602984805,2086.040559052913,2089.354736328125,23252.0,0,1
2024-05-31,2106.1725921721977,2111.0199571420085,2058.9840859222422,2070.805908203125,49095.0,0,1
2024-06-03,2116.0654324095103,2145.6942572702665,2068.1844785611675,2077.43408203125,44299.0,0,1
2024-06-04,2077.4338823033786,2096.8238239278567,1938.9845015317503,2023.3204345703125,88471.0,0,1
2024-06-05,2024.0625528280648,2117.054674023489,2019.6603145441427,2086.486083984375,40977.0,0,1
2024-06-06,2117.054406711768,2126.4030332405664,2095.4881032360136,2101.868896484375,21629.0,0,1
2024-06-07,2113.1963265111262,2161.571912520857,2101.918415097283,2130.656982421875,64209.0,0,1
2024-06-10,2147.6724699374627,2194.860970019603,2137.087246381707,2159.3955078125,51905.0,0,1
2024-06-11,2176.361768056691,2201.1432266205293,2159.741851793805,2176.312255859375,29504.0,0,1
2024-06-12,2179.3789029786285,2197.086878254773,2156.6255145226555,2164.98486328125,35635.0,0,1
2024-06-13,2171.464705758301,2225.874983123544,2156.6255392041444,2221.81884765625,86699.0,0,1
2024-06-14,2225.8750261236232,2243.187387437918,2196.196692441975,2200.401123046875,51172.0,0,1
2024-06-17,2225.8750261236232,2243.187387437918,2196.196692441975,2200.401123046875,51172.0,0,1
2024-06-18,2201.143260864416,2275.09178165076,2191.1514577677294,2222.808349609375,90979.0,0,1
2024-06-19,2235.767806058549,2265.297844707906,2193.228861076019,2219.593017578125,105017.0,0,1
2024-06-20,2225.8749403637794,2393.0628803288814,2210.4421108347688,2371.743896484375,617614.0,0,1
2024-06-21,2398.9986733391243,2480.119453221107,2333.4095066665504,2372.8818359375,381465.0,0,1
2024-06-24,2386.138252495957,2408.8916437925604,2325.792301665836,2332.173095703125,103043.0,0,1
2024-06-25,2334.6957481860745,2347.70465542803,2295.1246338100395,2303.5830078125,62298.0,0,1
2024-06-26,2305.0171995993765,2371.4471051160126,2241.950741885016,2299.576171875,101695.0,0,1
2024-06-27,2299.576420667779,2356.657705756412,2270.739067217809,2280.13720703125,81805.0,0,1
2024-06-28,2280.285515659687,2301.703285173744,2250.607179230277,2265.001220703125,47778.0,0,1
2024-07-01,2275.3389412445576,2374.266721298669,2265.0505487280902,2346.616455078125,113161.0,0,1
2024-07-02,2372.783028718732,2433.623619198699,2364.423678819158,2395.833251953125,196281.0,0,1
2024-07-03,2410.672240855801,2422.5435746996186,2376.0475171446665,2402.2138671875,65676.0,0,1
2024-07-04,2402.015121773684,2429.194849290984,2365.295012685883,2392.027587890625,78435.0,0,1
2024-07-05,2413.7913400157304,2413.7913400157304,2355.9036743197325,2363.05908203125,70453.0,0,1
2024-07-08,2385.021457386723,2385.071194894348,2307.556381060281,2316.251953125,55530.0,0,1
2024-07-09,2323.456960715694,2350.2392753612207,2299.6062476886723,2334.2890625,57648.0,0,1
2024-07-10,2345.3198768654606,2352.2265966225127,2265.817508158157,2309.4443359375,47473.0,0,1
2024-07-11,2350.2888561080026,2350.2888561080026,2305.5687721651443,2311.680419921875,37807.0,0,1
2024-07-12,2315.3575157927557,2405.791460083461,2315.3575157927557,2346.263916015625,112443.0,0,1
2024-07-15,2353.2701249712954,2381.0959541516995,2316.500279268619,2363.506103515625,63300.0,0,1
2024-07-16,2384.5245588860403,2414.884576051747,2289.668338774989,2322.413330078125,90025.0,0,1
2024-07-17,2384.5245588860403,2414.884576051747,2289.668338774989,2322.413330078125,90025.0,0,1
2024-07-18,2334.0405454210013,2341.046740680508,2289.668379814112,2303.03466796875,38472.0,0,1
2024-07-19,2315.456889751843,2330.413322284935,2234.016694454812,2249.867431640625,49713.0,0,1
2024-07-22,2159.880678743248,2295.58134378297,2159.880678743248,2265.32080078125,58359.0,0,1
2024-07-23,2247.979369362706,2307.556412540196,2186.315291812417,2272.376708984375,73858.0,0,1
2024-07-24,2292.649783516143,2325.444513839521,2248.277616657705,2276.0537109375,76416.0,0,1
2024-07-25,2241.917268516207,2292.8982157148607,2241.917268516207,2258.8115234375,33555.0,0,1
2024-07-26,2285.693314612381,2432.7727105091785,2270.2399917217986,2353.86669921875,318694.0,0,1
2024-07-29,2379.108488056726,2472.523775390616,2379.0587505497047,2394.41259765625,165334.0,0,1
2024-07-30,2372.1520099341687,2518.2376175840736,2369.1706710025383,2447.182373046875,230088.0,0,1
2024-07-31,2469.542433735561,2494.33718751366,2433.816103792033,2484.20068359375,129412.0,0,1
2024-08-01,2495.6292876438124,2533.8898063393967,2435.803797844207,2446.93408203125,121989.0,0,1
2024-08-02,2432.7725221524365,2464.5734701544293,2400.0275320310307,2424.474365234375,66008.0,0,1
2024-08-05,2327.481609395005,2366.5866918998945,2260.848637296657,2269.1962890625,140417.0,0,1
2024-08-06,2285.593752920695,2360.22670275992,2265.8673721571367,2278.33935546875,72113.0,0,1
2024-08-07,2344.3262774289624,2399.9779398011638,2295.1341830106776,2373.791748046875,109995.0,0,1
2024-08-08,2272.674582252293,2304.575006034029,2195.2592446438857,2208.4765625,377215.0,0,1
2024-08-09,2236.0042782694363,2241.569541521926,2192.3277098916383,2208.5263671875,83333.0,0,1
2024-08-12,2220.103766163755,2220.103766163755,2158.092012268675,2179.656982421875,63035.0,0,1
2024-08-13,2186.315249779282,2188.302809097263,2092.8999618341672,2110.53955078125,87722.0,0,1
2024-08-14,2110.7880096658328,2155.0112047835964,2076.2541662873546,2105.47119140625,89353.0,0,1
2024-08-15,2110.7880096658328,2155.0112047835964,2076.2541662873546,2105.47119140625,89353.0,0,1
2024-08-16,2171.160182472096,2171.160182472096,2135.632558476958,2160.47705078125,56611.0,0,1
2024-08-19,2160.4769250224995,2195.358687236099,2134.63865453005,2139.160400390625,60579.0,0,1
2024-08-20,2139.607568705792,2186.315211868436,2133.296970931833,2138.265869140625,57302.0,0,1
2024-08-21,2111.781664599269,2145.6696462423342,2111.781664599269,2132.94921875,56176.0,0,1
2024-08-22,2143.682299157764,2223.582090407867,2142.589044433234,2169.023681640625,125838.0,0,1
2024-08-23,2186.017111933946,2189.445603302979,2150.539225908923,2166.986328125,56289.0,0,1
2024-08-26,2195.2592176868648,2195.2592176868648,2151.532913667751,2158.9365234375,49814.0,0,1
2024-08-27,2170.7626994732555,2216.0789064399746,2160.7751653561804,2209.221923828125,83965.0,0,1
2024-08-28,2209.2219741214367,2227.0602709174163,2174.439685195908,2180.054443359375,32870.0,0,1
2024-08-29,2195.9549152093928,2235.0105052438325,2170.414825901525,2194.563720703125,95989.0,0,1
2024-08-30,2206.240614890891,2217.5198686232343,2186.315283892833,2210.513916015625,34692.0,0,1
2024-09-02,2231.233941885242,2231.233941885242,2176.476830701092,2184.4765625,30908.0,0,1
2024-09-03,2201.2218869417065,2210.165903638084,2176.42713362448,2183.781005859375,31220.0,0,1
2024-09-04,2176.3774248750638,2225.0726275320853,2167.433408060509,2192.32763671875,68736.0,0,1
2024-09-05,2194.2655581695344,2233.022966126333,2194.2655581695344,2205.644287109375,44083.0,0,1
2024-09-06,2210.066604398348,2279.233769400168,2206.19096057047,2221.09765625,150759.0,0,1
2024-09-09,2236.00431230253,2236.8986169786526,2191.433195961835,2206.737548828125,32928.0,0,1
2024-09-10,2215.2343779776124,2304.1279216783646,2215.1846404692988,2283.80517578125,98211.0,0,1
2024-09-11,2335.382135036421,2335.431872542413,2252.451273276225,2277.1962890625,64414.0,0,1
2024-09-12,2282.215069353688,2303.581332794185,2240.973212015051,2252.451416015625,34807.0,0,1
2024-09-13,2252.451350938656,2292.053325063333,2252.451350938656,2260.202880859375,37347.0,0,1
2024-09-16,2271.829990047919,2309.543878786845,2263.830015437364,2275.75537109375,48881.0,0,1
2024-09-17,2255.879845539728,2295.531557229714,2252.749536635462,2287.233642578125,39821.0,0,1
2024-09-18,2298.662098818395,2417.865920911911,2287.730522521629,2330.76123046875,485980.0,0,1
2024-09-19,2361.2205698959774,2409.9655127610326,2290.662211115416,2334.636962890625,147552.0,0,1
2024-09-20,2362.015499066402,2362.015499066402,2281.9167629593435,2291.904296875,93217.0,0,1
2024-09-23,2295.581327380886,2312.0284296385826,2265.817674436264,2300.50048828125,54379.0,0,1
2024-09-24,2303.5313944909803,2370.462548157508,2291.208624397084,2298.015869140625,103014.0,0,1
2024-09-25,2315.506646909152,2327.0345882086544,2272.0287860498056,2283.258544921875,45176.0,0,1
2024-09-26,2286.9354842196926,2295.6310564030377,2266.8114457382376,2272.376708984375,23051.0,0,1
2024-09-27,2275.904399071028,2310.5377173890743,2260.898471726984,2270.5380859375,34010.0,0,1
2024-09-30,2270.53798881632,2296.624703864544,2255.8797394082703,2272.82373046875,32273.0,0,1
2024-10-01,2277.295872774493,2359.232958813784,2270.7865673502506,2337.320068359375,111809.0,0,1
2024-10-02,2277.295872774493,2359.232958813784,2270.7865673502506,2337.320068359375,111809.0,0,1
2024-10-03,2331.357344198696,2354.1645388649017,2241.966912331166,2250.21533203125,81078.0,0,1
2024-10-04,2250.215234770409,2263.6312595967665,2186.5636017920733,2233.81787109375,54899.0,0,1
2024-10-07,2233.817849195328,2249.867292799993,2135.5329004873643,2151.63232421875,71545.0,0,1
2024-10-08,2121.769356488193,2226.066485486944,2116.8996904779947,2216.8740234375,48755.0,0,1
2024-10-09,2229.047725629692,2252.848699409723,2212.7993315171248,2226.414306640625,23771.0,0,1
2024-10-10,2236.0042882697767,2255.780406926121,2212.203313370148,2233.02294921875,31154.0,0,1
2024-10-11,2222.14094416545,2232.973044859325,2206.190732909882,2212.40185546875,20710.0,0,1
2024-10-14,2228.05411776762,2236.004355475978,2187.3091495122794,2206.58837890625,35546.0,0,1
2024-10-15,2214.8864270282047,2247.9296008694555,2207.7809994765507,2218.1162109375,32387.0,0,1
2024-10-16,2229.196765654299,2238.2402576836344,2206.190863384468,2211.954833984375,22839.0,0,1
2024-10-17,2221.047823183513,2226.0664590374377,2181.346373922846,2186.01708984375,28173.0,0,1
2024-10-18,2184.3277167663364,2186.365013616199,2143.632487764992,2160.07958984375,21918.0,0,1
2024-10-21,2166.290767157064,2176.3277965124585,2121.7196507471367,2127.831298828125,30178.0,0,1
2024-10-22,2141.4957804657374,2145.2224543441907,2042.7639127524403,2053.645751953125,45317.0,0,1
2024-10-23,2072.030696279953,2114.6142539213647,2018.5156831346349,2064.726318359375,51068.0,0,1
2024-10-24,2089.222964412326,2099.806620421711,2045.3474481801209,2054.9873046875,23526.0,0,1
2024-10-25,2076.005761332136,2076.005761332136,1988.602886587429,2008.1802978515625,51528.0,0,1
2024-10-28,2037.2482630211537,2046.6891696058856,1988.0561708164964,2019.3602294921875,37934.0,0,1
2024-10-29,2037.24829868598,2042.2171969754577,1999.484671685947,2019.658447265625,31788.0,0,1
2024-10-30,2022.2421372174697,2123.657272857378,2019.6583345133868,2112.62646484375,45202.0,0,1
2024-10-31,2108.9000104249144,2134.589070242966,2085.19826739618,2116.05517578125,31388.0,0,1
2024-11-01,2119.632600732539,2147.359199617236,2117.7445163730263,2140.154296875,6789.0,0,1
2024-11-04,2139.6077113995475,2141.843715742626,2084.005785259384,2097.918701171875,29429.0,0,1
2024-11-05,2098.8625858699515,2155.5080249772373,2062.1424769379582,2097.620361328125,54621.0,0,1
2024-11-06,2134.6385870805816,2139.955405005014,2098.7135514836714,2120.427490234375,30243.0,0,1
2024-11-07,2126.6386185411816,2138.514236304052,2097.86874748262,2110.09228515625,30907.0,0,1
2024-11-08,2111.6822988721583,2119.1356463094057,2048.6767655847543,2061.198486328125,31125.0,0,1
2024-11-11,2066.962198880813,2076.9497328968646,2037.2980218743132,2041.8692626953125,26056.0,0,1
2024-11-12,2045.1985978678413,2063.036894742728,2002.5158087933949,2020.701904296875,19959.0,0,1
2024-11-13,1999.4846863775972,2036.204796482252,1977.62153374325,1984.4786376953125,33281.0,0,1
2024-11-14,1984.47860831749,2043.9562961368729,1977.7705956767104,2019.012451171875,38886.0,0,1
2024-11-15,1984.47860831749,2043.9562961368729,1977.7705956767104,2019.012451171875,38886.0,0,1
2024-11-18,2019.012410581764,2019.012410581764,1937.9200169945896,1961.5718994140625,65136.0,0,1
2024-11-19,1981.9941584520711,2020.3540286843213,1969.1743767033856,1983.1866455078125,29433.0,0,1
2024-11-20,1981.9941584520711,2020.3540286843213,1969.1743767033856,1983.1866455078125,29433.0,0,1
2024-11-21,1972.6525843573577,1985.521982164159,1960.7272286836608,1972.10595703125,25290.0,0,1
2024-11-22,1970.8637590536289,2006.2920279407551,1959.7832129728877,1972.851318359375,33393.0,0,1
2024-11-25,1984.5780295750965,2044.900407888559,1984.5780295750965,2011.8076171875,52753.0,0,1
2024-11-26,2013.2982121146456,2040.2793538062303,1991.7828584842628,2008.5777587890625,22923.0,0,1
2024-11-27,2005.5963839650904,2025.322885352672,2005.5963839650904,2011.9068603515625,18870.0,0,1
2024-11-28,2012.2051084908007,2039.2358667774888,2008.8262333772163,2030.6396484375,23870.0,0,1
2024-11-29,2030.6395400999315,2071.036705474185,2027.3104026714675,2051.509033203125,23489.0,0,1
2024-12-02,2038.242064621671,2051.509120014053,2011.8075501618137,2026.8135986328125,36068.0,0,1
2024-12-03,2028.304371679077,2106.7134931140995,2028.304371679077,2069.248046875,66646.0,0,1
2024-12-04,2065.4219419129117,2088.924732554374,2053.1486667256595,2061.84423828125,22374.0,0,1
2024-12-05,2057.1239003413866,2072.0305952713966,2035.260747777372,2039.981201171875,26598.0,0,1
2024-12-06,2044.2545423351453,2101.844026353141,2035.2607876932543,2065.769775390625,39047.0,0,1
2024-12-09,2067.061695141904,2071.6331786318774,2032.279407002496,2037.8941650390625,25020.0,0,1
2024-12-10,2039.235873583769,2051.012259668611,2007.484661795788,2010.962890625,84880.0,0,1
2024-12-11,2002.466028707903,2050.564867534771,2001.4722490410504,2011.5093994140625,23076.0,0,1
2024-12-12,2015.4348349141128,2019.757752059077,1992.528165829926,1996.4039306640625,23110.0,0,1
2024-12-13,2006.2920866986249,2014.9876589159303,1977.6215671357652,2003.4598388671875,34116.0,0,1
2024-12-16,2004.8511000400824,2012.4038011550583,1987.5593097827737,1994.16796875,32940.0,0,1
2024-12-17,1989.6462798581515,2004.3542676967609,1977.6215699513,1986.86376953125,25922.0,0,1
2024-12-18,1987.161823626532,2007.43495335829,1980.652639509913,1985.7705078125,26417.0,0,1
2024-12-19,1967.6837467983687,2003.4598149219755,1967.6837467983687,1986.118408203125,31031.0,0,1
2024-12-20,1985.5717017530048,1996.5032776885816,1958.839005430168,1961.5718994140625,24371.0,0,1
2024-12-23,1961.7708254338652,1975.634003442679,1938.8641552900733,1942.1436767578125,25574.0,0,1
2024-12-24,1939.857873738747,1959.9819116194897,1933.8951958481568,1937.4727783203125,23252.0,0,1
2024-12-25,1939.857873738747,1959.9819116194897,1933.8951958481568,1937.4727783203125,23252.0,0,1
2024-12-26,1937.472815404629,1952.8764002501543,1927.932554859277,1936.2305908203125,17599.0,0,1
2024-12-27,1939.8578796374577,1943.832998243272,1931.9076424258287,1932.8516845703125,11154.0,0,1
2024-12-30,1932.8516333609,1954.6651689189691,1709.350692719261,1733.1019287109375,264219.0,1,0
2024-12-31,1740.3068818474926,1798.1449305064295,1700.7545243983636,1775.5860595703125,244776.0,1,0
2025-01-01,1775.6357718828574,1813.0018620870344,1767.0395537341128,1791.9833984375,43428.0,0,1
2025-01-02,1787.809656440704,1800.3312562313963,1757.9962658385798,1770.3687744140625,42634.0,0,1
2025-01-03,1788.8034051575758,1808.629261040341,1754.5180065587222,1761.2757568359375,48769.0,0,1
2025-01-06,1761.2757770333446,1761.2757770333446,1689.4254575778416,1713.6737060546875,81369.0,0,1
2025-01-07,1713.67366285874,1767.8842703003054,1713.67366285874,1755.3626708984375,38507.0,0,1
2025-01-08,1768.9278173912264,1768.9278173912264,1688.133481476993,1730.17041015625,71321.0,0,1
2025-01-09,1729.226291565963,1967.683664964974,1724.257393422112,1897.175048828125,3363611.0,1,0
2025-01-10,1838.492406392396,1850.417762541968,1774.1451721686622,1786.8656005859375,335824.0,0,1
2025-01-13,1753.8719736986886,1767.9339798693472,1692.456464722537,1698.0216064453125,101624.0,0,1
2025-01-14,1723.015241854621,1733.9964344309833,1667.0156603530866,1703.1396484375,89986.0,0,1
2025-01-15,1721.226364112503,1721.276101619698,1688.4316354660175,1704.481201171875,45207.0,0,1
2025-01-16,1706.3197061565415,1728.23259656839,1689.4751891484102,1697.5247802734375,46878.0,0,1
2025-01-17,1704.3321744382624,1708.903536766393,1684.4565805672623,1700.3570556640625,28131.0,0,1
2025-01-20,1696.4812313183927,1758.9402586133613,1677.0031742676165,1739.3131103515625,90943.0,0,1
2025-01-21,1730.3194336781023,1768.8283944884097,1711.8847729464494,1724.4063720703125,53089.0,0,1
2025-01-22,1739.0149916256253,1744.0335059498295,1691.9595506014307,1701.4500732421875,28464.0,0,1
2025-01-23,1699.3632375991456,1717.6488078097798,1688.7794598396183,1693.798095703125,21820.0,0,1
2025-01-24,1700.2576200002006,1702.7916853100062,1666.568465750558,1669.5498046875,28928.0,0,1
2025-01-27,1664.5809604432236,1669.4505051270178,1594.817675580688,1614.44482421875,43376.0,0,1
2025-01-28,1616.829711552548,1629.202340664141,1547.314875343312,1577.376708984375,59761.0,0,1
2025-01-29,1579.1158857850696,1656.879144477758,1577.4761250775937,1646.4444580078125,36684.0,0,1
2025-01-30,1653.6494005881025,1706.319724044334,1644.556292182044,1672.2330322265625,61201.0,0,1
2025-01-31,1659.6617452733951,1726.741871335823,1659.6617452733951,1709.0028076171875,123182.0,0,1
2025-02-03,1689.4254344029496,1781.0022550064612,1676.5062987281035,1719.1890869140625,126560.0,0,1
2025-02-04,1745.2758449478133,1747.0646969161537,1716.2575264927175,1735.63623046875,46813.0,0,1
2025-02-05,1730.1703407833415,1754.567679294085,1719.2387648220454,1725.94677734375,30923.0,0,1
2025-02-06,1724.2077381428724,1752.7291663243534,1714.3196788894484,1746.3193359375,54382.0,0,1
2025-02-07,1751.8348744396424,1751.8348744396424,1705.3259367316532,1710.593017578125,38239.0,0,1
2025-02-10,1704.3321739463954,1706.319733332922,1591.587916270084,1651.015869140625,84589.0,0,1
2025-02-11,1651.2642139256009,1652.0592861563946,1586.0722942631965,1609.674560546875,53500.0,0,1
2025-02-12,1570.1718212898388,1601.62497095952,1517.2530557938362,1562.9669189453125,82303.0,0,1
2025-02-13,1501.7004247378986,1537.7746750349806,1480.4832531916452,1506.7686767578125,152376.0,0,1
2025-02-14,1506.768679977655,1521.079131419929,1416.2851142402362,1424.2353515625,100034.0,0,1
2025-02-17,1424.2353015811495,1437.5022353848958,1357.8507737455118,1380.2108154296875,90560.0,0,1
2025-02-18,1394.272835568681,1396.757284669837,1323.4660361857384,1345.031005859375,67678.0,0,1
2025-02-19,1338.372783594659,1392.7822210565544,1331.7641244626589,1388.061767578125,74160.0,0,1
2025-02-20,1383.3412828741418,1436.011604707712,1370.3724098227997,1424.135986328125,41047.0,0,1
2025-02-21,1421.3036157577983,1455.8871963175898,1394.272857633842,1401.279052734375,42650.0,0,1
2025-02-24,1386.37232192481,1412.955927038219,1364.4594325499218,1380.2108154296875,38506.0,0,1
2025-02-25,1380.2108841243655,1396.0617428048795,1361.3290702068475,1373.0059814453125,83762.0,0,1
2025-02-26,1380.2108841243655,1396.0617428048795,1361.3290702068475,1373.0059814453125,83762.0,0,1
2025-02-27,1377.8754407754548,1386.3723050363303,1332.8075593476656,1338.02490234375,27667.0,0,1
2025-02-28,1331.4660708065371,1331.4660708065371,1271.2926623409658,1285.304931640625,87463.0,0,1
2025-03-03,1288.982009394649,1298.6216239676176,1222.647214368945,1273.5286865234375,73673.0,0,1
2025-03-04,1262.1001637781128,1291.9135534736588,1246.1003355703683,1271.4913330078125,56141.0,0,1
2025-03-05,1271.491287340746,1310.2984300583755,1271.491287340746,1301.205322265625,57257.0,0,1
2025-03-06,1315.7642992487831,1344.2361114063583,1314.2238922169558,1320.5841064453125,46152.0,0,1
2025-03-07,1323.664751993721,1356.4098641414575,1313.8264305394707,1329.528076171875,69598.0,0,1
2025-03-10,1331.6647873182835,1366.4470765392837,1276.4106607036947,1284.8577880859375,76470.0,0,1
2025-03-11,1278.0006485075592,1278.0006485075592,1240.3363749619723,1263.78955078125,53539.0,0,1
2025-03-12,1273.6279538385322,1278.099962188605,1232.4854527556645,1236.4605712890625,70388.0,0,1
2025-03-13,1239.0444755458757,1239.0444755458757,1197.7031464116712,1199.4422607421875,94803.0,0,1
2025-03-14,1239.0444755458757,1239.0444755458757,1197.7031464116712,1199.4422607421875,94803.0,0,1
2025-03-17,1206.2000703240717,1213.8521252324194,1163.7159895773327,1169.8277587890625,79686.0,0,1
2025-03-18,1169.8277587890625,1169.8277587890625,1169.8277587890625,1169.8277587890625,0.0,0,1
2025-03-19,1208.5851067347446,1237.2556244528396,1204.0633609482925,1223.839599609375,94367.0,0,1
2025-03-20,1232.2867224530776,1261.6529585972216,1227.5165317772512,1245.6033935546875,63619.0,0,1
2025-03-21,1248.8332901254942,1276.907566782191,1234.3241306996313,1255.3922119140625,87113.0,0,1
2025-03-24,1257.8765637225008,1388.608322266802,1257.1312290017488,1349.552734375,334079.0,1,0
2025-03-25,1346.5715014061775,1355.2670738322322,1277.801994286808,1291.7645263671875,152327.0,0,1
2025-03-26,1282.1249090566046,1291.2676338067145,1235.3675254707186,1241.8768310546875,85127.0,0,1
2025-03-27,1236.2619247958908,1276.0628495968772,1209.082074746862,1235.417236328125,226582.0,0,1
2025-03-28,1236.2618686490498,1262.447937826484,1196.510683161942,1199.64111328125,160585.0,0,1
2025-03-31,1236.2618686490498,1262.447937826484,1196.510683161942,1199.64111328125,160585.0,0,1
2025-04-01,1217.032325629578,1256.3362397119458,1197.8027128269357,1245.4046630859375,87787.0,0,1
2025-04-02,1245.4046763180947,1258.1251050515464,1212.4112386752658,1247.591064453125,55173.0,0,1
2025-04-03,1230.398568109964,1283.9633158426896,1230.0010319852754,1265.777099609375,61612.0,0,1
2025-04-04,1263.242999041113,1263.242999041113,1196.3119653232457,1210.97021484375,68669.0,0,1
2025-04-07,1167.6910998178246,1178.3742311565834,1120.5363035027704,1160.933349609375,83221.0,0,1
2025-04-08,1185.380369715453,1199.8895277884244,1137.2814122325583,1164.6103515625,70573.0,0,1
2025-04-09,1168.7842504941873,1172.6102779774285,1126.3995231299052,1133.5548095703125,52375.0,0,1
2025-04-10,1168.7842504941873,1172.6102779774285,1126.3995231299052,1133.5548095703125,52375.0,0,1
2025-04-11,1167.69110635192,1207.3429392468352,1152.8837650815135,1197.852294921875,110570.0,0,1
2025-04-14,1167.69110635192,1207.3429392468352,1152.8837650815135,1197.852294921875,110570.0,0,1
2025-04-15,1272.6342136835362,1281.9757667890035,1197.3057879254766,1273.131103515625,247944.0,0,1
2025-04-16,1273.031721351477,1316.1617820747638,1270.149736127593,1304.03759765625,117898.0,0,1
2025-04-17,1323.6151933953283,1332.65856431228,1278.9944610513828,1312.88232421875,99018.0,0,1
2025-04-18,1323.6151933953283,1332.65856431228,1278.9944610513828,1312.88232421875,99018.0,0,1
2025-04-21,1316.8574328611287,1341.6025712146195,1309.006549108118,1326.29833984375,56512.0,0,1
2025-04-22,1337.528044968233,1349.254571961957,1313.776687252677,1334.149169921875,39634.0,0,1
2025-04-23,1342.099446699485,1361.478150298626,1312.7829463828357,1342.7950439453125,66453.0,0,1
2025-04-24,1355.913035042871,1371.4159739646193,1328.9816296714175,1337.826171875,68826.0,0,1
2025-04-25,1341.602503727293,1348.459607452986,1281.4788359676625,1292.509765625,54279.0,0,1
2025-04-28,1287.938453941185,1306.720913990026,1251.5661422356002,1278.398193359375,80964.0,0,1
2025-04-29,1290.9197977901767,1306.6215651791513,1276.0131026655788,1286.7459716796875,22756.0,0,1
2025-04-30,1281.2802010176194,1295.391824071134,1247.2928628813986,1255.739990234375,48947.0,0,1
2025-05-01,1281.2802010176194,1295.391824071134,1247.2928628813986,1255.739990234375,48947.0,0,1
2025-05-02,1266.6715541715555,1273.329950805247,1229.3054625157342,1253.5537109375,23243.0,0,1
2025-05-05,1252.162339940487,1275.516161360012,1227.317849068652,1268.6590576171875,39350.0,0,1
2025-05-06,1262.100158938512,1279.4913028608933,1218.8707440457365,1227.31787109375,42901.0,0,1
2025-05-07,1212.5105315400422,1252.1623639954294,1205.9516100860742,1250.1748046875,49213.0,0,1
2025-05-08,1243.3176979135242,1277.6030958953502,1230.199855036179,1234.572509765625,36098.0,0,1
2025-05-09,1185.181566470426,1247.1934398536334,1184.8835053670157,1236.4605712890625,39828.0,0,1
2025-05-12,1252.1623317605931,1301.1557159641934,1252.1623317605931,1293.5035400390625,62584.0,0,1
2025-05-13,1293.5036005235202,1329.7765586555722,1282.572024100162,1318.9443359375,57772.0,0,1
2025-05-14,1324.2114334092466,1341.6025779380736,1320.7332045034814,1338.8199462890625,39316.0,0,1
2025-05-15,1335.6398411753937,1381.3537047870514,1335.5404874732187,1357.006103515625,63371.0,0,1
2025-05-16,1357.0061476992507,1408.185801017824,1347.0683509383628,1394.769775390625,83552.0,0,1
2025-05-19,1405.601923888092,1444.9555727206236,1396.260371164014,1436.7071533203125,126521.0,0,1
2025-05-20,1456.2847260950814,1465.7256327877335,1421.1049021571057,1426.6700439453125,84808.0,0,1
2025-05-21,1427.663787085095,1448.831341652716,1404.2106121632498,1433.62646484375,44198.0,0,1
2025-05-22,1431.042696551407,1435.4153512752905,1411.167103543749,1422.4962158203125,27777.0,0,1
2025-05-23,1422.4961855894576,1448.8313457649308,1408.2850883665988,1439.8873291015625,44080.0,0,1
2025-05-26,1438.992991888225,1484.70685765263,1431.539644209246,1475.9615478515625,90374.0,0,1
2025-05-27,1475.9614803031122,1476.5578451389354,1445.9493835470143,1449.4276123046875,39014.0,0,1
2025-05-28,1452.905802816505,1492.6569875720866,1450.918243578726,1482.3216552734375,74484.0,0,1
2025-05-29,1391.2915692561771,1469.8995186569516,1385.7264272413518,1447.93701171875,139024.0,0,1
2025-05-30,1460.8561439983762,1465.328152602453,1421.2043101133638,1441.6761474609375,48336.0,0,1
2025-06-02,1443.6636895227598,1443.6636895227598,1419.3160874148534,1431.14208984375,29636.0,0,1
2025-06-03,1436.111006523487,1522.371132185937,1436.111006523487,1475.9615478515625,226548.0,0,1
2025-06-04,1478.7440978654429,1489.2781377412648,1453.8996069738864,1475.265869140625,38663.0,0,1
2025-06-05,1475.067177636413,1476.756554510851,1458.3716310529433,1462.9429931640625,32431.0,0,1
2025-06-06,1469.3031653498122,1474.7689532493212,1446.1480517238608,1470.8931884765625,41767.0,0,1
2025-06-09,1470.8932194228998,1500.6072548912225,1470.3963296033994,1492.9552001953125,63520.0,0,1
2025-06-10,1507.3650061958012,1507.3650061958012,1480.8310170261457,1485.7005615234375,34579.0,0,1
2025-06-11,1486.296881250792,1514.5202487308095,1477.154156620123,1487.3900146484375,65673.0,0,1
2025-06-12,1487.3899077282183,1497.6258863317223,1456.8809219391542,1463.638671875,42215.0,0,1
2025-06-13,1436.7072218058393,1459.3654468284938,1417.5273469425963,1444.55810546875,45993.0,0,1
2025-06-16,1449.924529786187,1459.8623264262567,1416.1360212099496,1437.2041015625,28840.0,0,1
2025-06-17,1437.2041381189522,1459.7630098523102,1412.2602921801088,1418.8192138671875,29464.0,0,1
2025-06-18,1428.0613313380604,1439.986686923347,1414.247770189572,1436.806640625,33117.0,0,1
2025-06-19,1435.614132189187,1451.912143552178,1381.353784762168,1395.0679931640625,40807.0,0,1
2025-06-20,1386.3226269292256,1448.8313918608496,1371.415932016008,1377.974853515625,256931.0,0,1
2025-06-23,1371.1176888863563,1447.9369017956549,1363.5649880602582,1429.353271484375,110790.0,0,1
2025-06-24,1452.1107981042178,1489.6757179689944,1437.6016392561116,1480.8310546875,127691.0,0,1
2025-06-25,1499.712840126124,1687.4378395940437,1490.6694696060458,1662.295166015625,2532249.0,1,0
2025-06-26,1678.493788113215,1738.1205656660825,1646.1959502720786,1729.4747314453125,644191.0,1,0
2025-06-27,1725.2015037643237,1787.809622852545,1682.866514166868,1777.871826171875,661068.0,0,1
2025-06-30,1787.809662777443,1846.4426645027731,1732.7542436748488,1830.1446533203125,400201.0,0,1
2025-07-01,1826.666316056456,1838.4923179312927,1798.0455354612004,1813.6478271484373,143209.0,0,1
2025-07-02,1813.64782926834,1868.2063553534592,1747.26330129456,1827.1632080078125,196363.0,0,1
2025-07-03,1817.7223287096028,1823.088763067503,1783.8344669970932,1803.5113525390625,73108.0,0,1
2025-07-04,1807.585797727143,1807.585797727143,1763.9588476003505,1787.710205078125,73805.0,0,1
2025-07-07,1787.710286318921,1932.9014729558749,1775.6855764820114,1903.684326171875,473109.0,0,1
2025-07-08,1912.926547506834,1913.0259012135289,1858.3680183217132,1890.36767578125,113701.0,0,1
2025-07-09,1893.150195632424,1917.994686388755,1869.2994845063463,1888.3800048828125,97476.0,0,1
2025-07-10,1888.1813491736036,1908.2556497298935,1851.312148144044,1867.0137939453125,69795.0,0,1
2025-07-11,1863.336807760916,1876.1565892605088,1776.8779798808096,1783.5362548828125,150398.0,0,1
2025-07-14,1782.9401208503516,1799.6356681974978,1736.828718887231,1749.151611328125,104554.0,0,1
2025-07-15,1751.3379309794177,1800.3311950849702,1745.0770706412168,1771.4122314453125,66623.0,0,1
2025-07-16,1771.4122720533258,1798.2443232990142,1753.8224203166617,1770.7166748046875,58297.0,0,1
2025-07-17,1778.8656336278457,1821.001916474302,1774.8905148934816,1786.4183349609375,92217.0,0,1
2025-07-18,1793.6729312139498,1794.070467339842,1745.1764353189249,1750.7415771484375,59077.0,0,1
2025-07-21,1757.996204806659,1773.6979718363953,1732.8535310806742,1739.2137451171875,46110.0,0,1
2025-07-22,1754.4186024595876,1757.9961849049405,1710.0960547337925,1715.164306640625,34239.0,0,1
2025-07-23,1725.400182893845,1734.145492353895,1700.9532277222868,1727.7852783203125,37889.0,0,1
2025-07-24,1729.176578396288,1750.0459508941742,1718.8412458494222,1730.7666015625,44194.0,0,1
2025-07-25,1734.145536850933,1734.145536850933,1664.282777013858,1671.04052734375,56984.0,0,1
2025-07-28,1664.580905583936,1688.0340809466811,1647.4879442121871,1658.121337890625,36807.0,0,1
2025-07-29,1649.9724231407615,1714.2699188178208,1643.6122090348329,1700.9532470703125,40130.0,0,1
2025-07-30,1705.226568297133,1774.8904992402777,1692.2080788191042,1715.6612548828125,93812.0,0,1
2025-07-31,1689.425469496815,1804.4057308669933,1663.5871976103929,1757.4000244140625,145943.0,0,1
2025-08-01,1768.4000244140625,1788.800048828125,1668.0,1691.5,74807.0,0,1
2025-08-04,1621.5,1649.0,1554.5,1565.0999755859375,200906.0,1,0
2025-08-05,1562.9000244140625,1578.0,1518.5999755859375,1522.0,113156.0,0,1
2025-08-06,1522.0,1564.4000244140625,1512.199951171875,1551.5,64559.0,0,1
2025-08-07,1541.0,1550.9000244140625,1511.300048828125,1537.5999755859375,39410.0,0,1
2025-08-08,1537.5999755859375,1567.5999755859375,1517.0,1534.4000244140625,42511.0,0,1
2025-08-11,1525.0,1543.0,1510.0,1534.699951171875,30092.0,0,1
2025-08-12,1533.5,1549.5999755859375,1515.0,1540.800048828125,26214.0,0,1
2025-08-13,1550.5,1586.199951171875,1548.0,1560.5999755859375,37363.0,0,1
2025-08-14,1557.0,1574.0,1544.9000244140625,1548.9000244140625,19948.0,0,1
2025-08-15,1557.0,1574.0,1544.9000244140625,1548.9000244140625,19948.0,0,1
2025-08-18,1555.0,1569.4000244140625,1537.0,1543.0,27826.0,0,1
2025-08-19,1540.0999755859375,1565.0,1536.0,1544.199951171875,21943.0,0,1
2025-08-20,1550.9000244140625,1564.9000244140625,1529.0,1561.300048828125,26812.0,0,1
2025-08-21,1561.300048828125,1578.800048828125,1555.0,1561.9000244140625,26921.0,0,1
2025-08-22,1569.699951171875,1587.0,1524.9000244140625,1532.0,29810.0,0,1
2025-08-25,1532.5,1568.699951171875,1527.0,1555.4000244140625,24740.0,0,1
2025-08-26,1555.4000244140625,1559.9000244140625,1509.5,1517.0,21983.0,0,1
2025-08-27,1555.4000244140625,1559.9000244140625,1509.5,1517.0,21983.0,0,1
2025-08-28,1510.0,1513.5,1471.0,1477.5999755859375,32316.0,0,1
2025-08-29,1477.5999755859375,1489.4000244140625,1450.0,1457.0,22034.0,0,1
2025-09-01,1464.199951171875,1480.0,1453.300048828125,1474.199951171875,22434.0,0,1
2025-09-02,1489.0,1522.0999755859375,1468.0,1488.0,35244.0,0,1
2025-09-03,1515.0,1555.0,1490.5999755859375,1525.9000244140625,46827.0,0,1
2025-09-04,1546.0,1549.0999755859375,1499.0999755859375,1504.0,21797.0,0,1
2025-09-05,1505.0,1518.800048828125,1480.699951171875,1487.300048828125,22839.0,0,1
2025-09-08,1487.300048828125,1510.0,1476.800048828125,1494.300048828125,17050.0,0,1
2025-09-09,1494.300048828125,1507.4000244140625,1483.0,1503.4000244140625,16915.0,0,1
2025-09-10,1504.699951171875,1529.4000244140625,1484.0,1495.5,37869.0,0,1
2025-09-11,1495.0,1517.9000244140625,1495.0,1506.300048828125,16991.0,0,1
2025-09-12,1508.0,1520.9000244140625,1495.699951171875,1504.800048828125,16763.0,0,1
2025-09-15,1504.800048828125,1510.9000244140625,1484.5,1490.4000244140625,32880.0,0,1
2025-09-16,1488.9000244140625,1527.9000244140625,1488.9000244140625,1518.5999755859375,38967.0,0,1
2025-09-17,1528.0,1545.800048828125,1507.4000244140625,1516.699951171875,49020.0,0,1
2025-09-18,1516.699951171875,1560.0,1507.4000244140625,1514.800048828125,52115.0,0,1
2025-09-19,1514.800048828125,1514.800048828125,1476.0,1482.699951171875,72136.0,0,1
2025-09-22,1476.0,1513.800048828125,1476.0,1478.9000244140625,32864.0,0,1
2025-09-23,1480.0,1483.800048828125,1458.4000244140625,1462.5999755859375,30898.0,0,1
2025-09-24,1462.5999755859375,1510.800048828125,1451.4000244140625,1483.699951171875,51456.0,0,1
2025-09-25,1483.699951171875,1495.0999755859375,1466.699951171875,1472.0,18968.0,0,1
2025-09-26,1473.0,1474.0999755859375,1402.199951171875,1411.4000244140625,57535.0,0,1
2025-09-29,1415.0999755859375,1423.9000244140625,1389.0999755859375,1395.0,28755.0,0,1
2025-09-30,1397.199951171875,1415.9000244140625,1383.5,1389.199951171875,27390.0,0,1
2025-10-01,1410.0,1410.0,1384.0999755859375,1401.9000244140625,19121.0,0,1
2025-10-02,1410.0,1410.0,1384.0999755859375,1401.9000244140625,19121.0,0,1
2025-10-03,1404.5999755859375,1424.0999755859375,1400.0,1417.800048828125,29237.0,0,1
2025-10-06,1419.5999755859375,1434.0,1388.0,1396.0,30495.0,0,1
2025-10-07,1400.699951171875,1401.5,1383.800048828125,1389.300048828125,18805.0,0,1
2025-10-08,1389.800048828125,1399.800048828125,1373.0,1377.199951171875,25597.0,0,1
2025-10-09,1379.4000244140625,1383.5,1360.0999755859375,1361.699951171875,24289.0,0,1
2025-10-10,1360.0,1380.0,1356.0999755859375,1368.5,23288.0,0,1
2025-10-13,1366.5,1373.9000244140625,1353.4000244140625,1366.0999755859375,16924.0,0,1
2025-10-14,1366.0,1371.9000244140625,1325.0999755859375,1348.800048828125,28618.0,0,1
2025-10-15,1349.0,1352.800048828125,1330.300048828125,1349.5999755859375,32674.0,0,1
2025-10-16,1352.0,1396.0,1352.0,1372.5,38214.0,0,1
2025-10-17,1402.0999755859375,1402.0999755859375,1355.199951171875,1365.199951171875,28865.0,0,1
2025-10-20,1365.300048828125,1392.0,1345.199951171875,1389.0,30696.0,0,1
2025-10-21,1390.0,1409.9000244140625,1390.0,1402.4000244140625,10842.0,0,1
2025-10-22,1390.0,1409.9000244140625,1390.0,1402.4000244140625,10842.0,0,1
2025-10-23,1400.0,1420.0,1383.0999755859375,1410.800048828125,39867.0,0,1
2025-10-24,1410.800048828125,1416.9000244140625,1386.5999755859375,1394.0,16391.0,0,1
2025-10-27,1401.0,1414.0,1388.199951171875,1403.199951171875,25216.0,0,1
2025-10-28,1405.4000244140625,1426.5999755859375,1390.5,1394.5,24208.0,0,1
2025-10-29,1395.0,1440.0,1392.9000244140625,1416.699951171875,33089.0,0,1
2025-10-30,1427.0,1427.0,1402.0999755859375,1412.199951171875,14916.0,0,1
2025-10-31,1427.0,1427.0,1402.300048828125,1409.0999755859375,15336.0,0,1
2025-11-03,1410.0999755859375,1436.9000244140625,1386.0,1413.199951171875,38795.0,0,1
2025-11-04,1425.0,1457.9000244140625,1400.0,1404.699951171875,46550.0,0,1
2025-11-05,1425.0,1457.9000244140625,1400.0,1404.699951171875,46550.0,0,1
2025-11-06,1404.0,1450.0,1392.699951171875,1431.800048828125,63633.0,0,1
2025-11-07,1429.0,1429.0,1391.0,1397.699951171875,31443.0,0,1
2025-11-10,1396.5,1405.699951171875,1354.0999755859375,1365.699951171875,40277.0,0,1
2025-11-11,1345.699951171875,1350.0,1283.0,1292.4000244140625,107247.0,0,1
2025-11-12,1285.0999755859375,1291.0,1263.0999755859375,1269.800048828125,75902.0,0,1
2025-11-13,1269.0,1274.4000244140625,1253.5,1257.5999755859375,48960.0,0,1
2025-11-14,1252.0,1252.0,1225.0,1228.800048828125,58728.0,0,1
2025-11-17,1228.800048828125,1237.199951171875,1207.0,1214.4000244140625,62347.0,0,1
2025-11-18,1217.300048828125,1221.0,1180.199951171875,1194.699951171875,78238.0,0,1
2025-11-19,1192.0,1198.0999755859375,1172.199951171875,1189.800048828125,80534.0,0,1
2025-11-20,1189.800048828125,1228.300048828125,1189.0,1195.5,82781.0,0,1
2025-11-21,1190.5999755859375,1194.9000244140625,1171.0,1179.0999755859375,51831.0,0,1
2025-11-24,1179.0,1179.0999755859375,1083.5,1128.199951171875,392907.0,1,0
2025-11-25,1106.4000244140625,1194.0,1100.300048828125,1171.9000244140625,185928.0,0,1
2025-11-26,1174.9000244140625,1174.9000244140625,1140.0999755859375,1163.0,108225.0,0,1
2025-11-27,1170.5,1179.800048828125,1152.0,1160.800048828125,78489.0,0,1
2025-11-28,1160.0,1168.5,1148.699951171875,1152.800048828125,36509.0,0,1
2025-12-01,1161.800048828125,1166.199951171875,1140.0,1147.0999755859375,39285.0,0,1
2025-12-02,1151.800048828125,1155.0,1136.5,1149.800048828125,24820.0,0,1
2025-12-03,1151.699951171875,1152.800048828125,1136.0999755859375,1139.4000244140625,21226.0,0,1
2025-12-04,1135.0,1149.9000244140625,1130.0999755859375,1133.5,20998.0,0,1
2025-12-05,1130.0,1141.5,1120.0,1126.199951171875,22130.0,0,1
2025-12-08,1124.199951171875,1126.199951171875,1091.0,1098.800048828125,53676.0,0,1
2025-12-09,1100.199951171875,1149.9000244140625,1080.0,1142.199951171875,91666.0,0,1
2025-12-10,1144.0,1154.5999755859375,1120.0,1126.800048828125,36953.0,0,1
2025-12-11,1121.300048828125,1149.9000244140625,1096.0999755859375,1126.4000244140625,74088.0,0,1
2025-12-12,1132.9000244140625,1136.9000244140625,1117.699951171875,1120.5999755859375,29937.0,0,1
2025-12-15,1120.5999755859375,1142.0,1111.0,1126.199951171875,66912.0,0,1
2025-12-16,1123.0,1124.4000244140625,1102.0,1107.5999755859375,35104.0,0,1
2025-12-17,1109.800048828125,1109.800048828125,1090.0,1092.0,27823.0,0,1
2025-12-18,1085.0,1110.0,1079.0,1091.199951171875,42483.0,0,1
2025-12-19,1090.5,1121.0,1087.199951171875,1116.5999755859375,55047.0,0,1
2025-12-22,1116.5999755859375,1144.0,1112.5,1116.300048828125,43346.0,0,1
2025-12-23,1120.5,1144.9000244140625,1116.0,1126.5,43213.0,0,1
2025-12-24,1125.5,1146.0999755859375,1124.0,1125.699951171875,44524.0,0,1
2025-12-25,1125.5,1146.0999755859375,1124.0,1125.699951171875,44524.0,0,1
2025-12-26,1128.0,1135.0,1120.0,1123.300048828125,21436.0,0,1
2025-12-29,1119.0,1133.800048828125,1104.300048828125,1114.300048828125,42012.0,0,1
2025-12-30,1114.0,1114.0,1092.0,1093.9000244140625,26576.0,0,1
2025-12-31,1092.0,1129.9000244140625,1092.0,1121.0,47554.0,0,1
2026-01-01,1118.800048828125,1128.0,1104.300048828125,1109.699951171875,27820.0,0,1
2026-01-02,1114.5999755859375,1119.800048828125,1106.0,1110.0,30976.0,0,1
2026-01-05,1110.0,1128.0,1087.0,1089.699951171875,46268.0,0,1
2026-01-06,1096.199951171875,1097.199951171875,1065.5999755859375,1072.0999755859375,54445.0,0,1
2026-01-07,1070.0,1079.5999755859375,1066.5999755859375,1070.5,35930.0,0,1
2026-01-08,1100.0,1253.0999755859375,1095.0,1223.5,13004208.0,1,0
2026-01-09,1220.0,1227.0,1142.199951171875,1164.300048828125,1946281.0,1,0
2026-01-12,1153.9000244140625,1153.9000244140625,1093.199951171875,1100.9000244140625,515817.0,0,1
2026-01-13,1104.0,1246.5,1104.0,1225.800048828125,5733796.0,1,0
2026-01-14,1211.0999755859375,1325.0,1191.699951171875,1264.5,3405272.0,1,0
2026-01-15,1264.5,1264.5,1264.5,1264.5,0.0,0,1
2026-01-16,1244.0999755859375,1333.0999755859375,1233.699951171875,1274.0,1569460.0,0,1
2026-01-19,1255.0,1314.0,1244.300048828125,1276.199951171875,649872.0,0,1
2026-01-20,1269.0,1282.0,1187.5999755859375,1212.0999755859375,482584.0,0,1
2026-01-21,1215.0,1269.699951171875,1200.0,1211.699951171875,903407.0,0,1
2026-01-22,1239.300048828125,1247.699951171875,1203.5999755859375,1210.4000244140625,219852.0,0,1
2026-01-23,1225.199951171875,1226.0,1108.4000244140625,1129.5999755859375,284608.0,1,0
2026-01-26,1225.199951171875,1226.0,1108.4000244140625,1129.5999755859375,284608.0,0,1
2026-01-27,1130.0,1180.0,1115.0,1147.4000244140625,436966.0,0,1
2026-01-28,1151.699951171875,1238.0,1139.5999755859375,1219.9000244140625,463711.0,0,1
2026-01-29,1229.5,1230.0,1132.0,1147.4000244140625,428923.0,0,1
2026-01-30,1130.0,1162.9000244140625,1109.5,1117.0,222094.0,0,1
2026-02-02,1125.800048828125,1125.800048828125,1060.0999755859375,1088.300048828125,185304.0,0,1
2026-02-03,1150.0,1169.9000244140625,1118.0999755859375,1141.4000244140625,181142.0,0,1
2026-02-04,1140.300048828125,1150.0,1121.0,1146.5999755859375,92847.0,0,1
2026-02-05,1151.0,1151.0,1098.0999755859375,1105.199951171875,99095.0,0,1
2026-02-06,1104.9000244140625,1133.0,1090.699951171875,1125.4000244140625,148701.0,0,1
2026-02-09,1139.0,1162.0,1126.800048828125,1154.800048828125,104757.0,0,1
2026-02-10,1161.0,1182.9000244140625,1100.0999755859375,1125.699951171875,190043.0,0,1
2026-02-11,1135.0,1135.4000244140625,1109.199951171875,1112.5,68049.0,0,1
2026-02-12,1111.9000244140625,1114.4000244140625,1096.5,1105.199951171875,70959.0,0,1
2026-02-13,1093.9000244140625,1093.9000244140625,1064.0,1079.0999755859375,78542.0,0,1
2026-02-16,1073.800048828125,1104.0,1061.5999755859375,1092.0,94573.0,0,1
2026-02-17,1092.0,1116.5,1086.5,1107.199951171875,63977.0,0,1
2026-02-18,1106.9000244140625,1123.5,1101.0,1103.800048828125,47635.0,0,1
2026-02-19,1101.0,1134.800048828125,1093.5999755859375,1100.5999755859375,101559.0,0,1
2026-02-20,1096.0999755859375,1096.0999755859375,1078.5,1089.0,51778.0,0,1
2026-02-23,1081.0999755859375,1096.699951171875,1070.0999755859375,1074.800048828125,61887.0,0,1
2026-02-24,1075.0999755859375,1088.800048828125,1066.0,1082.0999755859375,64490.0,0,1
2026-02-25,1088.0,1122.5,1078.800048828125,1101.800048828125,97195.0,0,1
2026-02-26,1104.0,1112.0999755859375,1083.699951171875,1088.5999755859375,43637.0,0,1
2026-02-27,1085.0,1104.5999755859375,1078.9000244140625,1087.4000244140625,56770.0,0,1
2026-03-02,1038.300048828125,1084.0,1038.300048828125,1067.0,57639.0,0,1
2026-03-03,1038.300048828125,1084.0,1038.300048828125,1067.0,57639.0,0,1
2026-03-04,1047.0,1073.5,1038.0,1054.4000244140625,48722.0,0,1
2026-03-05,1054.4000244140625,1076.300048828125,1045.300048828125,1071.4000244140625,60612.0,0,1
2026-03-06,1066.0,1077.0,1036.5,1044.4000244140625,44765.0,0,1
2026-03-09,1030.0,1035.0,994.0,1003.5999755859376,90936.0,0,1
2026-03-10,1010.7999877929688,1050.0,1010.7999877929688,1027.4000244140625,58809.0,0,1
2026-03-11,1035.0,1066.0,1027.0,1047.9000244140625,86741.0,0,1
2026-03-12,1040.0,1049.4000244140625,1002.4000244140624,1035.0,90442.0,0,1
2026-03-13,999.0,1022.0,989.0,1000.9000244140624,207948.0,0,1
2026-03-16,1000.9000244140624,1022.0,976.5,1013.2999877929688,132834.0,0,1
2026-03-17,1000.0,1018.2000122070312,992.0,1000.4000244140624,67783.0,0,1
2026-03-18,1010.0,1081.5,998.5999755859376,1067.699951171875,181953.0,0,1
2026-03-19,1050.0,1054.0999755859375,1011.0,1018.4000244140624,60843.0,0,1
2026-03-20,1022.7999877929688,1079.0,1021.2999877929688,1067.0999755859375,141807.0,0,1
2026-03-23,1051.0,1051.5999755859375,997.2000122070312,1002.7999877929688,89838.0,0,1
2026-03-24,1025.0,1095.0,1020.5999755859376,1045.800048828125,359033.0,0,1
2026-03-25,1049.9000244140625,1085.0,1049.0,1059.5,114723.0,0,1
2026-03-26,1049.9000244140625,1085.0,1049.0,1059.5,114723.0,0,1
2026-03-27,1040.0,1048.199951171875,1016.0,1033.9000244140625,121500.0,0,1
2026-03-30,1020.0,1032.5999755859375,968.0999755859376,977.2000122070312,210821.0,0,1
2026-03-31,1020.0,1032.5999755859375,968.0999755859376,977.2000122070312,210821.0,0,1
2026-04-01,1011.2000122070312,1041.800048828125,1008.5999755859376,1021.0999755859376,88717.0,0,1
2026-04-02,1000.0,1081.0,988.5,1065.449951171875,104906.0,0,1
2026-04-03,1000.0,1081.0,988.5,1065.449951171875,104906.0,0,1
2026-04-06,1070.0,1075.0,1023.0,1040.0999755859375,117033.0,0,1
2026-04-07,1028.0,1054.0,1019.9500122070312,1034.8499755859375,80583.0,0,1
2026-04-08,1088.0,1093.800048828125,1064.1500244140625,1070.1500244140625,163925.0,0,1
2026-04-09,1078.300048828125,1099.0,1058.0,1066.050048828125,109907.0,0,1
2026-04-10,1079.699951171875,1093.5,1069.6500244140625,1076.5,70408.0,0,1
2026-04-13,1053.949951171875,1108.4000244140625,1022.7000122070312,1082.4000244140625,95119.0,0,1
2026-04-14,1053.949951171875,1108.4000244140625,1022.7000122070312,1082.4000244140625,95119.0,0,1
2026-04-15,1103.949951171875,1133.4000244140625,1089.0999755859375,1130.75,122605.0,0,1
2026-04-16,1135.949951171875,1153.0,1123.199951171875,1146.6500244140625,72896.0,0,1
2026-04-17,1146.6500244140625,1158.800048828125,1134.3499755859375,1139.300048828125,66492.0,0,1
2026-04-20,1150.0,1174.449951171875,1116.9000244140625,1149.75,85999.0,0,1
2026-04-21,1141.8499755859375,1208.0,1141.8499755859375,1203.300048828125,135043.0,0,1
2026-04-22,1203.300048828125,1228.1500244140625,1191.699951171875,1223.5,87479.0,0,1
2026-04-23,1200.0,1270.0,1200.0,1239.949951171875,161357.0,0,1
2026-04-24,1239.949951171875,1264.6500244140625,1216.5,1250.5999755859375,93202.0,0,1
2026-04-27,1279.0,1340.0,1261.25,1306.9000244140625,236582.0,0,1
2026-04-28,1308.0999755859375,1331.0,1295.0,1325.800048828125,113155.0,0,1
2026-04-29,1326.0,1347.0,1287.3499755859375,1297.699951171875,142382.0,0,1
2026-04-30,1291.8499755859375,1337.949951171875,1275.5999755859375,1333.6500244140625,130731.0,0,1
2026-05-01,1333.6500244140625,1333.6500244140625,1333.6500244140625,1333.6500244140625,0.0,0,1
2026-05-04,1360.0,1471.800048828125,1355.0,1455.5,638858.0,1,0
2026-05-05,1463.0,1488.5999755859375,1444.5999755859375,1462.0,210811.0,0,1
2026-05-06,1491.9000244140625,1517.0,1437.5,1492.4000244140625,332822.0,0,1
2026-05-07,1495.0,1535.0,1488.4000244140625,1526.300048828125,224514.0,0,1
2026-05-08,1514.0999755859375,1538.0,1482.699951171875,1487.199951171875,125285.0,0,1
2026-05-11,1482.800048828125,1482.800048828125,1406.0999755859375,1414.4000244140625,135900.0,0,1
2026-05-12,1408.5999755859375,1434.9000244140625,1318.300048828125,1339.5,160435.0,0,1
2026-05-13,1339.5,1408.0999755859375,1339.5,1352.9000244140625,112324.0,0,1
2026-05-14,1496.0,1623.4000244140625,1496.0,1623.4000244140625,1772941.0,1,0
2026-05-15,1660.0,1740.0,1590.5,1706.199951171875,2725771.0,1,0
2026-05-18,1674.0999755859375,1794.300048828125,1620.0,1763.0,882685.0,0,1
2026-05-19,1746.0,1780.0,1695.0,1708.800048828125,436809.0,0,1
2026-05-20,1695.0,1845.0,1665.800048828125,1833.300048828125,1102152.0,0,1
2026-05-21,1845.0999755859373,1896.5999755859373,1811.0,1836.9000244140625,373026.0,1,0
2026-05-22,1826.9000244140625,1835.0,1765.0999755859375,1822.5,275766.0,0,1
2026-05-25,1874.0,1956.0,1840.5999755859373,1920.9000244140625,597019.0,0,1
2026-05-26,1930.0,1947.0,1862.0,1873.4000244140625,214280.0,0,1
2026-05-27,1887.9000244140625,1891.300048828125,1808.0,1821.0,189445.0,0,1
2026-05-28,1821.0,1821.0,1821.0,1821.0,0.0,0,1
2026-05-29,1835.0,1868.9000244140625,1763.0,1775.5999755859375,219900.0,0,1
2026-06-01,1775.5999755859375,1814.199951171875,1700.5999755859375,1751.800048828125,231637.0,0,1
2026-06-02,1748.0,2063.0,1736.0999755859375,2016.0999755859373,2628387.0,1,0
2026-06-03,2020.0,2185.0,1942.800048828125,2122.199951171875,3178753.0,1,0
2026-06-04,2122.199951171875,2159.199951171875,2073.0,2099.89990234375,487135.0,0,1
2026-06-05,2100.0,2150.0,1992.0,2043.300048828125,528900.0,0,1
2026-06-08,2029.0999755859373,2141.5,1989.4000244140625,2090.89990234375,481967.0,0,1
2026-06-09,2110.0,2262.5,2076.10009765625,2242.10009765625,895023.0,0,1
2026-06-10,2254.89990234375,2257.0,2114.0,2131.10009765625,340226.0,0,1
2026-06-11,2115.0,2173.699951171875,2033.0999755859373,2054.0,319584.0,0,1
2026-06-12,2091.10009765625,2148.0,2078.800048828125,2133.0,212251.0,0,1
2026-06-15,2180.0,2199.10009765625,2081.5,2108.10009765625,174477.0,0,1
2026-06-16,2100.10009765625,2102.5,2045.5999755859373,2076.5,138544.0,0,1
2026-06-17,2083.0,2164.199951171875,2081.89990234375,2152.39990234375,222819.0,0,1
2026-06-18,2168.0,2288.0,2156.89990234375,2209.5,439344.0,0,1
2026-06-19,2208.0,2213.60009765625,2128.10009765625,2138.199951171875,152581.0,0,1
2026-06-22,2167.39990234375,2169.0,2115.0,2123.60009765625,122675.0,0,1
