Date,Open,High,Low,Close,Volume,is_outlier,data_quality
2021-01-01,456.2611365515109,459.5834263807694,451.875703162144,454.6221618652344,116240.0,0,1
2021-01-04,456.2611510890859,467.68985009537226,456.2611510890859,465.29779052734375,386881.0,0,1
2021-01-05,463.3486333720471,490.8128927114993,460.6908018230679,486.1174011230469,727999.0,0,1
2021-01-06,487.2691904145792,488.55382000405433,463.34870288513616,476.1506042480469,353262.0,0,1
2021-01-07,477.4794550082336,490.8128993101271,468.7085891491956,474.15716552734375,503208.0,0,1
2021-01-08,473.9799659402852,481.95346069442087,470.1261317719418,474.15716552734375,344400.0,0,1
2021-01-11,477.878165900749,482.7508573977678,471.4993589444522,474.2014770507813,179709.0,0,1
2021-01-12,472.6511376576334,475.2203969613664,455.46380193149935,464.3232421875,466799.0,0,1
2021-01-13,464.7662167118391,472.2081681965878,451.8314554976731,459.2734069824219,213134.0,0,1
2021-01-14,460.46941866867616,461.5768487280044,442.30756569569326,447.6232299804688,589271.0,0,1
2021-01-15,449.129277653808,458.25448914588287,431.4546857690575,437.5234069824219,493015.0,0,1
2021-01-18,438.5422560975687,440.3141440009932,424.0570670797005,425.0758972167969,346946.0,0,1
2021-01-19,427.5565780146453,438.4536783542081,425.25311821693055,433.6695861816406,337653.0,0,1
2021-01-20,436.7703846540731,449.2178868299757,434.998496683874,444.5666809082031,299464.0,0,1
2021-01-21,447.8004383312903,466.89252211142224,443.85797642850576,449.8823852539063,850068.0,0,1
2021-01-22,456.2611766692668,539.8499744936482,456.2611766692668,532.8067626953125,7502652.0,1,0
2021-01-25,548.7537170714052,566.5168828688816,489.74981617958736,508.0888671875,3276428.0,1,0
2021-01-26,548.7537170714052,566.5168828688816,489.74981617958736,508.0888671875,3276428.0,0,1
2021-01-27,503.21617199072966,600.8472077233951,502.4188007929432,565.1436767578125,6437358.0,1,0
2021-01-28,555.221117144655,579.3188048258021,533.5154890848453,562.4415283203125,3067353.0,1,0
2021-01-29,561.6442569206816,572.8514170203954,519.1632277278613,536.5277099609375,1203800.0,0,1
2021-02-01,541.1788793590096,571.4338890686483,540.5144213484646,549.8168334960938,977668.0,0,1
2021-02-02,546.1844527290732,596.46177258694,541.3117609366808,567.1813354492188,1528694.0,0,1
2021-02-03,564.3462728121261,574.6675410322932,551.0571141116836,556.3284912109375,917653.0,0,1
2021-02-04,560.7139269587312,589.0641323158741,554.6008922991072,581.4006958007812,1330285.0,0,1
2021-02-05,582.9512048721314,610.4154713630676,557.701798582077,567.0042114257812,1986145.0,0,1
2021-02-08,563.4604233043642,590.1273179350299,559.9166470571669,572.1869506835938,750451.0,0,1
2021-02-09,574.9777000270273,592.1650365725833,562.5301966886467,567.8015747070312,586978.0,0,1
2021-02-10,566.2067075171926,577.6354051066131,559.0305837764921,561.9984741210938,462001.0,0,1
2021-02-11,562.5744190767132,571.1680863718433,559.2078428166691,563.4160766601562,418381.0,0,1
2021-02-12,566.4282097780858,567.8900388398465,552.8289925679629,554.689453125,313418.0,0,1
2021-02-15,558.5876400994284,563.4603316466876,549.4624285620338,552.873291015625,208159.0,0,1
2021-02-16,555.4867629609945,560.6252261895901,543.9694935535097,548.97509765625,358058.0,0,1
2021-02-17,541.7547268957812,557.4359456680988,540.9130693262508,548.2221069335938,360993.0,0,1
2021-02-18,549.8168474351446,557.9232569988005,541.0017475307516,546.2730712890625,333102.0,0,1
2021-02-19,544.1024430957391,549.2409066675522,522.706877253257,527.4466552734375,384210.0,0,1
2021-02-22,528.9085107545711,581.1792010971501,528.4655388025153,568.9531860351562,2335802.0,1,0
2021-02-23,580.2932638441872,588.2224726916123,561.777014406539,569.8834228515625,1402580.0,1,0
2021-02-24,567.8901084623785,583.8371005876871,565.7195348305765,579.7617797851562,426875.0,0,1
2021-02-25,582.0652719261615,587.8681949487299,576.971093366686,581.7994995117188,455006.0,0,1
2021-02-26,560.8468442774399,589.1527661895644,559.9166138824131,578.0341796875,490389.0,0,1
2021-03-01,582.7739331620182,593.1394884348487,572.7627771069898,577.9898681640625,501040.0,0,1
2021-03-02,579.2301800168069,588.4440193040663,571.8768555854504,576.7052612304688,477470.0,0,1
2021-03-03,579.7617570841837,604.213789089395,576.306553962832,590.1272583007812,642158.0,0,1
2021-03-04,580.2931815502753,598.5436019664917,567.0040247208797,584.412841796875,325824.0,0,1
2021-03-05,577.7240508215463,588.9755502425307,553.9807628451745,558.5433959960938,504116.0,0,1
2021-03-08,563.3717432235951,582.3751964706602,559.0305965181327,578.8314208984375,459970.0,0,1
2021-03-09,584.7230187533976,590.8360537607654,568.8646001001398,571.5667724609375,370276.0,0,1
2021-03-10,576.7495924956455,593.582529911033,573.2501025866469,582.5968017578125,540465.0,0,1
2021-03-11,576.7495924956455,593.582529911033,573.2501025866469,582.5968017578125,540465.0,0,1
2021-03-12,590.5702523443653,606.0742724381885,587.5580751703753,602.0875244140625,1106751.0,0,1
2021-03-15,609.529536237865,623.3945829285842,579.4074370633193,591.9878540039062,1790811.0,0,1
2021-03-16,593.9811219962766,627.5583646863237,593.5824364108076,621.9769287109375,1497001.0,0,1
2021-03-17,624.5905247881577,627.2040704229394,579.6731528290717,596.6832885742188,744246.0,0,1
2021-03-18,600.4484869404064,604.4352345482733,564.8335308287166,585.4760131835938,705587.0,0,1
2021-03-19,587.3366184933968,592.6965691786966,566.9599053527241,584.8116455078125,2501456.0,0,1
2021-03-22,589.8615282427414,606.6944649235649,580.3376298575387,598.8538818359375,609156.0,0,1
2021-03-23,603.9922298944417,608.6434351851581,582.9510631031062,589.5956420898438,601605.0,0,1
2021-03-24,580.2047790680925,598.0122328157802,577.458320073143,589.2857055664062,231319.0,0,1
2021-03-25,589.1527528805976,591.1904132412282,565.8081503921892,576.4837646484375,976345.0,0,1
2021-03-26,580.3374920373773,582.2422928915535,566.1181044538669,569.4846801757812,230659.0,0,1
2021-03-29,580.3374920373773,582.2422928915535,566.1181044538669,569.4846801757812,230659.0,0,1
2021-03-30,573.1614260015746,574.9333138296505,550.3926565960552,570.1934814453125,424760.0,0,1
2021-03-31,569.5290564676975,579.4073533103547,568.7760257266784,573.6044311523438,168498.0,0,1
2021-04-01,577.6797072168727,601.3787064613259,577.6797072168727,589.7285766601562,496762.0,0,1
2021-04-02,577.6797072168727,601.3787064613259,577.6797072168727,589.7285766601562,496762.0,0,1
2021-04-05,585.2988740121252,602.4418672825122,580.3375556020338,591.1903686523438,241274.0,0,1
2021-04-06,593.582515235664,609.352308557029,587.4694796432958,602.1318969726562,280578.0,0,1
2021-04-07,602.1317930138042,621.0466736414396,602.1317930138042,611.7442626953125,300257.0,0,1
2021-04-08,624.5018802161187,628.9315997407791,612.5859238800372,621.223876953125,377409.0,0,1
2021-04-09,620.0722095795596,627.2040477618107,613.0732305492886,622.7300415039062,203019.0,0,1
2021-04-12,612.9847299343197,612.9847299343197,581.3122291077588,586.9822387695312,150105.0,0,1
2021-04-13,584.7230524912046,623.7045893239516,584.7230524912046,611.8772583007812,195807.0,0,1
2021-04-14,584.7230524912046,623.7045893239516,584.7230524912046,611.8772583007812,195807.0,0,1
2021-04-15,612.1872947375799,617.4586722725699,589.1527510860935,608.6878051757812,153641.0,0,1
2021-04-16,603.5049665147053,618.2116129190089,603.5049665147053,607.0044555664062,95888.0,0,1
2021-04-19,597.9678917853063,601.8217264151258,590.9246264276819,593.8925170898438,139752.0,0,1
2021-04-20,596.3289479644526,615.731145250027,594.4684869967887,606.5616455078125,109907.0,0,1
2021-04-21,596.3289479644526,615.731145250027,594.4684869967887,606.5616455078125,109907.0,0,1
2021-04-22,608.643525226121,616.617021189782,601.0687148753891,609.6180419921875,227885.0,0,1
2021-04-23,629.0203831094103,639.2530278227092,593.5826150469084,608.1121215820312,838787.0,0,1
2021-04-26,615.908203125,627.8684456396554,612.0100283796228,615.908203125,388797.0,0,1
2021-04-27,621.0467798768728,636.0635423591131,609.2637348109314,619.0534057617188,546832.0,0,1
2021-04-28,620.1607501847643,631.6780212596243,619.274806255929,627.4697875976562,226249.0,0,1
2021-04-29,627.469832218522,686.4293940605253,627.469832218522,651.0802612304688,1078424.0,1,0
2021-04-30,654.7126480861311,665.7869486288599,646.7391516953663,652.9850463867188,235198.0,0,1
2021-05-03,646.739008909268,672.7857796646914,643.1509471403376,664.1478271484375,242733.0,0,1
2021-05-04,665.343977323139,702.9965992089359,664.1036340315254,695.9976196289062,616695.0,0,1
2021-05-05,705.211477438373,706.0531351168968,670.0394871584208,676.5512084960938,425977.0,0,1
2021-05-06,676.1524836576211,688.1127278706437,667.3373298858693,672.2100219726562,278286.0,0,1
2021-05-07,673.1402295107342,682.9298997378369,668.8877091941795,673.8046875,194428.0,0,1
2021-05-10,677.569923043477,680.3163817363543,661.8001315273173,670.703857421875,260371.0,0,1
2021-05-11,669.773707179416,689.2644764359599,666.2299309509535,681.0252075195312,234231.0,0,1
2021-05-12,680.4049032576161,683.9043924159383,670.7038069081436,676.0194702148438,116426.0,0,1
2021-05-13,680.4049032576161,683.9043924159383,670.7038069081436,676.0194702148438,116426.0,0,1
2021-05-14,682.1767908485798,689.1314287102091,675.7094113085262,686.2078247070312,228750.0,0,1
2021-05-17,689.6187676007816,694.5800319135309,675.1335520930434,689.3086547851562,270046.0,0,1
2021-05-18,686.6065851671062,717.6146244972336,683.0628092436632,712.8305053710938,812227.0,0,1
2021-05-19,720.2282257455141,726.3855477033431,687.7140683190948,703.4395751953125,235043.0,0,1
2021-05-20,706.9833673385122,735.3335775576004,698.2124994224879,732.7200317382812,421337.0,0,1
2021-05-21,733.561681399352,741.9781499661319,707.4706180275871,714.1594848632812,228096.0,0,1
2021-05-24,717.1274279215058,723.7720083505635,708.7552457661465,712.21044921875,70650.0,0,1
2021-05-25,715.842704351058,722.7973426586414,714.115102851307,716.9501342773438,67528.0,0,1
2021-05-26,717.1273270105938,730.4164859987187,717.1273270105938,721.1140747070312,218011.0,0,1
2021-05-27,719.3865760833964,729.8849915556125,711.9446243564884,722.3101806640625,179602.0,0,1
2021-05-28,724.2592348506755,730.8152422145963,718.5005987325967,723.683349609375,118976.0,0,1
2021-05-31,726.9613443213418,735.2892396188364,712.3432682019762,729.8849487304688,164916.0,0,1
2021-06-01,735.3335471615435,735.3335471615435,712.1660890762982,718.1905517578125,192430.0,0,1
2021-06-02,722.0443048681741,724.4806506821465,706.0973140858094,721.4241333007812,191372.0,0,1
2021-06-03,728.5724259506542,731.0154890578954,722.5100264554085,726.6722412109375,295159.0,0,1
2021-06-04,726.5816808593615,730.2010167540533,723.9576402450369,727.4412841796875,100782.0,0,1
2021-06-07,729.7034597839612,730.970194368493,720.4289104013945,727.9842529296875,270630.0,0,1
2021-06-08,721.1526684654642,732.0106760207786,707.4896977156999,726.4912109375,279118.0,0,1
2021-06-09,727.4865921359911,742.7783100066397,720.1574582611175,722.645751953125,457906.0,0,1
2021-06-10,730.2011271524059,741.782992721133,727.9842725364067,736.6254272460938,202246.0,0,1
2021-06-11,740.1542882493004,743.7736246221576,735.0419535319635,740.3352661132812,78408.0,0,1
2021-06-14,741.9638269412185,758.2508377765135,724.1838180220158,741.556640625,155377.0,0,1
2021-06-15,744.2260332989806,754.6316252539208,740.2447412429364,750.6051025390625,100437.0,0,1
2021-06-16,754.6315500819846,778.2476952061069,752.0075094118891,764.4942626953125,206259.0,0,1
2021-06-17,764.6300367855099,788.0200311503594,757.1651555422645,774.176025390625,273902.0,0,1
2021-06-18,779.0621996473399,801.9092618321196,737.4850595964317,780.0574951171875,281898.0,0,1
2021-06-21,773.6331326954016,832.4473474617188,768.204128255434,795.8920288085938,502901.0,0,1
2021-06-22,795.258581306813,802.1352972409926,780.012096102546,788.9247436523438,122980.0,0,1
2021-06-23,795.3492313120258,798.8781066474329,765.2634953152968,768.566162109375,157818.0,0,1
2021-06-24,769.1090407445548,773.4522336940087,760.0606990887364,767.4351196289062,94196.0,0,1
2021-06-25,772.7283095813635,775.261833977276,757.3461301166292,759.6082153320312,104155.0,0,1
2021-06-28,755.5363978692941,762.9560477919105,728.6175860889211,751.736083984375,210727.0,0,1
2021-06-29,746.4881359194326,792.6346752308157,744.8594455773101,764.9920043945312,125856.0,0,1
2021-06-30,778.1120741834964,787.7485239504672,766.8016482410264,777.7953491210938,504166.0,0,1
2021-07-01,786.3007373261986,809.735959758355,783.5410047019785,801.7733764648438,267213.0,0,1
2021-07-02,811.6361465541295,813.5362759771261,789.0152952008929,791.7297973632812,170343.0,0,1
2021-07-05,800.6876836235947,800.6876836235947,764.5847824560028,768.9732055664062,172610.0,0,1
2021-07-06,774.7188734251906,794.6252212088355,768.7017052999153,781.4146118164062,167345.0,0,1
2021-07-07,784.4911143164752,784.4911143164752,765.4895994368375,768.2041015625,118035.0,0,1
2021-07-08,774.0855515026393,786.3008115205067,765.5800891032262,777.7953491210938,152079.0,0,1
2021-07-09,775.4427455412388,777.2976442139408,766.4848667634488,770.9638061523438,100903.0,0,1
2021-07-12,771.7781630296929,791.7297414693846,757.3912804940328,770.1041870117188,485360.0,0,1
2021-07-13,778.1120276414289,779.4692786733425,767.88741424635,775.352294921875,217270.0,0,1
2021-07-14,773.9951198502812,795.9825776798067,772.2306822902934,790.8250122070312,564603.0,0,1
2021-07-15,798.063684636252,900.5813782046182,796.2540164171221,856.2445068359375,1874627.0,1,0
2021-07-16,856.8777767808842,988.0787035319172,828.6921762881786,961.4765625,2167067.0,1,0
2021-07-19,945.551555117628,945.551555117628,904.8340240360078,917.6826782226562,740880.0,1,0
2021-07-20,914.2443897060884,925.464299323866,879.49873844238,884.7467651367188,524271.0,0,1
2021-07-21,914.2443897060884,925.464299323866,879.49873844238,884.7467651367188,524271.0,0,1
2021-07-22,893.2522138598823,954.5999533725126,891.4877763604436,933.5625610351562,666432.0,0,1
2021-07-23,941.0275157846075,965.7295322553084,903.0697121554572,907.4581909179688,413942.0,0,1
2021-07-26,912.706160006351,912.706160006351,883.1180741409227,890.4019775390625,539754.0,0,1
2021-07-27,898.6812057837577,907.0961515558456,877.6890443981749,887.5517578125,175277.0,0,1
2021-07-28,898.5002605596164,904.7888685947726,884.203892836735,893.7046508789062,266218.0,0,1
2021-07-29,898.9979033943702,911.032185803864,887.6422465556376,903.9292602539062,284054.0,0,1
2021-07-30,886.7825752944791,906.5079459972242,879.9510894499989,892.7997436523438,652149.0,0,1
2021-08-02,900.9432706740956,901.2147098425662,891.2615353362728,895.7857055664062,120497.0,0,1
2021-08-03,896.6000222715462,900.807467186642,882.2131397480582,885.4705200195312,164639.0,0,1
2021-08-04,885.4705976287888,891.8949526532225,864.1165356959824,877.2818603515625,269123.0,0,1
2021-08-05,876.7841605701492,890.3566707956933,860.4971482994963,868.052490234375,203099.0,0,1
2021-08-06,870.4503172565765,881.3083253720431,864.161709844365,874.9744873046875,91865.0,0,1
2021-08-09,881.3082676082914,881.3082676082914,869.6358875585356,877.1912841796875,122063.0,0,1
2021-08-10,876.01512219583,895.2880767366512,839.2788260176548,861.5830078125,300826.0,0,1
2021-08-11,859.5923392642896,867.5548677826636,816.3412831340133,855.1586303710938,156120.0,0,1
2021-08-12,859.5924216189853,882.2132748194849,849.0963678246304,877.3271484375,172984.0,0,1
2021-08-13,859.5924273564619,872.8029836230526,852.7157100282873,863.7094116210938,141788.0,0,1
2021-08-16,868.3691688099541,887.4159127619555,864.4783937988273,876.9198608398438,230818.0,0,1
2021-08-17,875.6982818527263,877.6889275791699,859.5922486600117,862.532958984375,141376.0,0,1
2021-08-18,865.0212817441499,873.1647875346282,843.8481445982328,851.7654418945312,193959.0,0,1
2021-08-19,865.0212817441499,873.1647875346282,843.8481445982328,851.7654418945312,193959.0,0,1
2021-08-20,832.4473956221469,843.6673608712093,818.8748837370032,827.832763671875,336116.0,0,1
2021-08-23,827.4707584919382,841.4956866019711,822.6751489577165,834.3927612304688,131792.0,0,1
2021-08-24,835.1618554020223,867.7358822649398,829.7780815835079,860.13525390625,249442.0,0,1
2021-08-25,865.0214068527675,865.0214068527675,843.757805324483,859.7281494140625,151063.0,0,1
2021-08-26,862.7592571334636,881.127377099987,848.7343295135698,852.987060546875,151853.0,0,1
2021-08-27,852.353661941492,865.0213384459303,847.6937445652561,855.2943725585938,122418.0,0,1
2021-08-30,841.4956731713968,861.6282309435081,803.9450597986946,848.1914672851562,343350.0,0,1
2021-08-31,855.6110560663573,891.6687261149733,850.9964244994595,884.4300537109375,1075766.0,0,1
2021-09-01,893.9760329019018,900.2646405349601,882.3489375606035,889.1351928710938,581474.0,0,1
2021-09-02,885.8777498163838,894.6998816466293,885.8325191600276,892.6187744140625,257796.0,0,1
2021-09-03,900.2646401052092,907.548543089654,889.3161150734993,895.9214477539062,242420.0,0,1
2021-09-06,889.4518670658157,937.6342800070717,889.4518670658157,930.893310546875,727555.0,0,1
2021-09-07,938.1772560401672,938.1772560401672,905.7389742093604,922.252197265625,437123.0,0,1
2021-09-08,923.111757843444,936.5032914487742,919.6281134300598,932.1148681640624,230722.0,0,1
2021-09-09,931.9790446566384,931.9790446566384,915.6920322257456,919.9447631835938,736670.0,0,1
2021-09-10,931.9790446566384,931.9790446566384,915.6920322257456,919.9447631835938,736670.0,0,1
2021-09-13,920.2161599732128,963.6481911223912,905.1959379581288,950.0303955078124,599547.0,0,1
2021-09-14,958.3096829031484,958.3096829031484,923.6093205291704,942.74658203125,371615.0,0,1
2021-09-15,947.4972279715467,1038.7497420152172,945.551812200263,1005.2708740234376,1709957.0,1,0
2021-09-16,1013.4141568915484,1020.1551265216636,979.120923598918,994.7745971679688,452281.0,0,1
2021-09-17,1003.4610688085512,1018.8432493042638,977.3113398751622,1007.7137451171876,818511.0,0,1
2021-09-20,1002.5561742221118,1006.9898833648532,967.222358738076,981.8807373046876,587555.0,0,1
2021-09-21,977.808948297274,983.645083798552,948.6732253150714,971.2489013671876,441724.0,0,1
2021-09-22,970.8868242954046,1005.7229312249228,962.6980329007572,987.0833740234376,427169.0,0,1
2021-09-23,993.5079541887555,993.7794486308204,954.6000834873744,962.7435913085938,186984.0,0,1
2021-09-24,969.6200535662872,1007.4421574363796,966.3626733871158,978.8494262695312,644492.0,0,1
2021-09-27,986.6310474672822,986.6310474672822,934.3768822843226,942.33935546875,543226.0,0,1
2021-09-28,952.6545451884502,952.7450065063584,895.9667228464405,902.9791870117188,402333.0,0,1
2021-09-29,902.9791803888072,959.1241239581916,882.4394357454966,952.8355712890624,930732.0,0,1
2021-09-30,959.6669504667934,968.1724124424768,935.2817175310169,961.6123657226562,377194.0,0,1
2021-10-01,960.0289039700478,976.3159164784936,936.5032192356264,961.5670776367188,365425.0,0,1
2021-10-04,959.1242124621774,960.9338807875778,947.4066542365658,954.4642944335938,195445.0,0,1
2021-10-05,957.0428711221988,964.3721148351428,943.1085159794812,954.328369140625,301356.0,0,1
2021-10-06,962.155291523584,981.6996854521568,957.9026155525988,975.4111328125,382536.0,0,1
2021-10-07,990.7932813727632,1003.0990023201426,977.2207706690268,987.3096923828124,415979.0,0,1
2021-10-08,995.3174090256298,1017.9382592307576,989.7979436662524,1010.744873046875,425414.0,0,1
2021-10-11,1017.9381823017648,1017.9381823017648,980.3875737990776,991.697998046875,184641.0,0,1
2021-10-12,997.5793300666556,1003.5964973228072,981.744737525915,988.7119140625,128448.0,0,1
2021-10-13,993.146012396036,999.525137793804,973.1491983331472,977.085205078125,198986.0,0,1
2021-10-14,994.4126781560248,1060.646490244937,994.4126781560248,1049.4266357421875,1387384.0,1,0
2021-10-15,994.4126781560248,1060.646490244937,994.4126781560248,1049.4266357421875,1387384.0,0,1
2021-10-18,1090.3248574941608,1094.8490270273317,1051.5979221088758,1078.42626953125,1670023.0,1,0
2021-10-19,1081.1408662864194,1169.0455101336604,1079.4669455026756,1110.72900390625,1047621.0,0,1
2021-10-20,1132.852516919693,1143.3938583571105,1077.521878687128,1095.1209716796875,619999.0,0,1
2021-10-21,1094.849241892003,1102.9927486498773,1041.102075199356,1061.0537109375,1165081.0,0,1
2021-10-22,1060.465646696548,1089.1488456894929,997.8963417824348,1014.0928955078124,496964.0,0,1
2021-10-25,1025.810318321924,1033.5466936309117,973.1943066761868,979.2113647460938,332707.0,0,1
2021-10-26,979.4852671668626,1024.1443380085168,959.0279301992616,993.6867065429688,288813.0,0,1
2021-10-27,989.0748492873028,1008.7559308171382,971.5856456758652,991.3580322265624,525958.0,0,1
2021-10-28,997.2942434369372,1008.2535208373432,972.635869286024,976.56298828125,241584.0,0,1
2021-10-29,972.6358054366626,984.0974268922616,962.5898018124342,975.6039428710938,164804.0,0,1
2021-11-01,980.8552539638412,993.093135108885,972.772809782353,979.302734375,513421.0,0,1
2021-11-02,986.3351133852112,1027.4324097762617,985.1478135627158,1010.3998413085938,358710.0,0,1
2021-11-03,1018.299554748466,1024.4184402149745,995.467726166662,1009.3951416015624,142875.0,0,1
2021-11-04,1010.8563844045104,1021.9526757001074,1009.3951696314064,1016.7013549804688,39396.0,0,1
2021-11-05,1010.8563844045104,1021.9526757001074,1009.3951696314064,1016.7013549804688,39396.0,0,1
2021-11-08,1027.3407152011862,1077.6620300713766,1003.04767817594,1066.6114501953125,288309.0,0,1
2021-11-09,1065.7896409313057,1075.2419946274358,1033.140129651705,1040.8116455078125,265191.0,0,1
2021-11-10,1035.6516484140045,1039.0307141372882,1022.2721758093048,1025.5599365234375,147768.0,0,1
2021-11-11,1027.3409340272942,1030.4003766201754,1003.0021835790894,1008.6188354492188,101024.0,0,1
2021-11-12,1019.2127650600552,1019.2127650600552,994.554391711828,1004.4177856445312,173030.0,0,1
2021-11-15,1007.522911237569,1010.810783819064,983.1385623205724,986.2437133789062,132381.0,0,1
2021-11-16,992.4994967016283,1043.597079750689,990.7642555931144,1032.2725830078125,470711.0,0,1
2021-11-17,1040.218190196647,1050.2641955453416,1015.011871800268,1034.2362060546875,185782.0,0,1
2021-11-18,1040.8571974450426,1077.6621440777153,1021.0392178634625,1036.1539306640625,465678.0,0,1
2021-11-19,1040.8571974450426,1077.6621440777153,1021.0392178634625,1036.1539306640625,465678.0,0,1
2021-11-22,1025.7883725357117,1031.9986746402371,994.7827932317508,1020.491455078125,211314.0,0,1
2021-11-23,1006.4270082413605,1031.9986563636453,997.979231629534,1027.0213623046875,261939.0,0,1
2021-11-24,1032.866224359817,1034.738478910661,1008.0709475250904,1015.4227294921876,182330.0,0,1
2021-11-25,1010.5367480882664,1029.8524976529968,999.6231784569604,1014.6007690429688,122178.0,0,1
2021-11-26,1004.6003815406976,1008.2534738372092,961.904865325218,981.7685546875,215771.0,0,1
2021-11-29,958.9367988060498,973.001227485246,862.9061056574792,967.2019653320312,536779.0,1,0
2021-11-30,976.8826691179218,976.8826691179218,920.5793558601256,924.6434326171876,595043.0,1,0
2021-12-01,924.6433163547327,939.0730194858612,911.4465095520444,919.8486328125,247609.0,0,1
2021-12-02,926.0589994515832,928.9814847599424,913.2731750015612,913.9581298828124,146228.0,0,1
2021-12-03,919.528985539926,924.6890007792524,911.4465410150062,917.47412109375,262146.0,0,1
2021-12-06,921.492621809124,921.492621809124,895.9666257454429,900.0763549804688,166876.0,0,1
2021-12-07,902.3137345045924,921.3098019773896,899.6652204770547,912.2684326171876,107726.0,0,1
2021-12-08,919.3920189468624,927.8854474255346,916.6065472067826,921.1729125976562,139655.0,0,1
2021-12-09,924.87171225309,925.7393328771516,909.0720982122348,913.2731323242188,111170.0,0,1
2021-12-10,917.565484553562,919.6660015119394,893.363747671669,904.7340087890624,97949.0,0,1
2021-12-13,911.5836082477648,923.2734933075697,895.0076784371447,903.5924682617188,254286.0,0,1
2021-12-14,895.3729230437401,919.5289506910055,886.0575267590963,907.1084594726562,143509.0,0,1
2021-12-15,907.793440744562,917.4741130875868,896.3775272543135,900.669921875,167238.0,0,1
2021-12-16,900.4871898798516,925.145561205162,900.4871898798516,913.3186645507812,328989.0,0,1
2021-12-17,916.0129502105696,922.8168461835182,890.7152733385541,899.5283813476562,290304.0,0,1
2021-12-20,888.6146638695882,893.0897240418954,851.5814534147424,875.5548706054688,260287.0,0,1
2021-12-21,884.0483601254218,898.7520347274956,864.3673359837928,879.4819946289062,135648.0,0,1
2021-12-22,884.048349900377,900.3502522376808,882.221803722897,889.1170043945312,187168.0,0,1
2021-12-23,894.9619949784864,911.309550196684,894.9619949784864,905.0993041992188,162453.0,0,1
2021-12-24,911.4466595481576,926.9723040494788,888.0211795185724,904.6884155273438,213854.0,0,1
2021-12-27,905.966952217714,905.966952217714,889.6650490133266,897.6561889648438,153353.0,0,1
2021-12-28,899.5739416871116,914.277615290064,890.8978478332766,901.03515625,440692.0,0,1
2021-12-29,901.4005901224132,921.4925992234192,887.427522214158,897.7474975585938,416822.0,0,1
2021-12-30,896.7885837248832,926.1502821483843,895.6469922836483,911.6292724609376,443588.0,0,1
2021-12-31,916.0129193467244,951.6305702485414,914.0037073782688,934.2783813476562,431088.0,0,1
2022-01-03,941.7671776164648,978.937459735388,940.6712944881442,973.3665161132812,447844.0,0,1
2022-01-04,979.9421557130906,989.9881610372696,951.31106283589,987.111328125,517996.0,0,1
2022-01-05,982.8645390806852,985.3760402933814,966.9279668880832,974.6450805664062,341822.0,0,1
2022-01-06,956.1969087372574,962.5898202569908,945.237631846286,959.34765625,215209.0,0,1
2022-01-07,949.8040735791302,962.5898976465415,925.8763059617636,937.0182495117188,306905.0,0,1
2022-01-10,946.3792183855248,962.77242539165,921.2185564660646,954.279052734375,283886.0,0,1
2022-01-11,942.497941225534,970.8094103902542,942.497941225534,962.3616333007812,169532.0,0,1
2022-01-12,967.1105576148263,967.5215974224564,943.8678005403636,951.6763305664062,244730.0,0,1
2022-01-13,954.2333954033523,960.6263072317493,942.7718846582762,946.2879638671876,137169.0,0,1
2022-01-14,940.6712844245488,945.4202599078424,926.972188049434,937.1094970703124,227616.0,0,1
2022-01-17,937.1094877759894,950.5802657445814,927.839799432492,933.958740234375,164489.0,0,1
2022-01-18,937.657540578902,955.512076055848,913.2731909733316,922.9995727539062,222025.0,0,1
2022-01-19,928.2964807541214,935.1460292041616,890.4412985052129,900.441650390625,209357.0,0,1
2022-01-20,895.0076563588547,906.8802069023905,879.3907083252184,891.4915771484375,233565.0,0,1
2022-01-21,908.6610852130648,923.0907890958412,863.0430825580708,875.646240234375,898905.0,0,1
2022-01-24,880.2125656372368,898.6606926302346,838.3846705635725,857.4263916015625,627674.0,0,1
2022-01-25,858.2028406766062,878.5231694592003,836.923586178469,850.7139892578125,203998.0,0,1
2022-01-26,858.2028406766062,878.5231694592003,836.923586178469,850.7139892578125,203998.0,0,1
2022-01-27,842.0378087478173,847.5174474164581,823.7723465190143,829.7999267578125,326840.0,0,1
2022-01-28,835.6450129241721,866.0113480932745,832.6312223865709,837.5172119140625,201233.0,0,1
2022-01-31,846.7867978518061,860.5771988502063,842.0377667607678,856.5131225585938,124885.0,0,1
2022-02-01,863.18008589361,895.1902966455599,861.3078314600939,892.1307983398438,197338.0,0,1
2022-02-02,901.0352415064812,920.3509903686022,891.3545686923898,916.104248046875,226190.0,0,1
2022-02-03,916.0129632244488,916.926236368242,876.7422180413469,883.0894775390625,170625.0,0,1
2022-02-04,884.9616580738381,898.2497708934662,873.5000915041043,876.9248657226562,122741.0,0,1
2022-02-07,881.3542500680402,885.6009925498746,854.0017078348399,855.8739624023438,100056.0,0,1
2022-02-08,861.2166111807659,862.9518525243922,830.667612074833,835.7362670898438,125293.0,0,1
2022-02-09,840.119981069958,848.9330333974394,831.169859733443,833.0421142578125,101016.0,0,1
2022-02-10,839.3892080748275,839.4349163191108,816.5573826376734,823.498291015625,217774.0,0,1
2022-02-11,817.3794616748025,819.7539495460887,797.7897416404995,809.6622924804688,179867.0,0,1
2022-02-14,776.2821790956036,817.1968051513475,776.2821790956036,802.9041137695312,287466.0,0,1
2022-02-15,806.9224291351354,828.7953308327383,793.63431679741,818.7036743164062,155582.0,0,1
2022-02-16,826.5122245289133,828.1561050978542,804.5936682983123,809.1600341796875,213989.0,0,1
2022-02-17,815.5529014626661,825.0052560194176,788.3830259660095,798.6573486328125,267083.0,0,1
2022-02-18,798.6574037376398,800.5296026266349,787.424154661897,796.6025390625,158005.0,0,1
2022-02-21,783.588184139958,788.6568378190855,764.4551048590517,775.5970458984375,282507.0,0,1
2022-02-22,739.7511635769094,774.7751624199259,737.0569969562706,767.1950073242188,162229.0,0,1
2022-02-23,769.7978417110842,780.9397278293322,753.4502325505557,758.9298706054688,144179.0,0,1
2022-02-24,735.1848367682654,747.1030394333605,715.9604493899453,722.8099975585938,342937.0,0,1
2022-02-25,731.5317023383246,755.2311487871509,730.6184293016975,739.7511596679688,127773.0,0,1
2022-02-28,739.7512670816285,753.4503646201772,735.1849012354456,746.3724975585938,236259.0,0,1
2022-03-01,739.7512670816285,753.4503646201772,735.1849012354456,746.3724975585938,236259.0,0,1
2022-03-02,739.751259367318,764.3183296602987,735.4588643683142,744.27197265625,94034.0,0,1
2022-03-03,748.8383092769704,812.6304147005925,746.1897949202926,801.5341796875,819531.0,1,0
2022-03-04,800.0272810444103,815.9182561837811,780.1635899910816,802.9041137695312,179618.0,0,1
2022-03-07,777.1953862929804,861.9471164466116,777.1953862929804,839.98291015625,1029195.0,0,1
2022-03-08,844.7776393577673,858.0657521582305,812.1737776958221,835.7819213867188,262144.0,1,0
2022-03-09,844.3666631722577,847.5174666264965,811.8998144730123,818.33837890625,436274.0,0,1
2022-03-10,832.8137537791755,835.599225557702,805.5525185743269,809.9362182617188,349991.0,0,1
2022-03-11,803.6803627767202,824.6856449856572,802.8127421458234,809.6166381835938,169326.0,0,1
2022-03-14,809.7079090579164,821.9457909081442,800.2099022524822,806.1005249023438,238411.0,0,1
2022-03-15,808.1096646967412,829.2519588518395,805.2328879321271,817.6077270507812,211281.0,0,1
2022-03-16,823.7723291378633,835.6448793360807,812.9500652923482,821.6261596679688,260718.0,0,1
2022-03-17,830.2108870614139,835.6448730674185,813.6350140079228,819.5712890625,196736.0,0,1
2022-03-18,830.2108870614139,835.6448730674185,813.6350140079228,819.5712890625,196736.0,0,1
2022-03-21,821.9457967167557,835.5535883146621,818.8406458546746,822.8590698242188,141855.0,0,1
2022-03-22,826.5121469598067,872.1758014879729,820.5302193649702,867.6094360351562,522752.0,0,1
2022-03-23,875.8288556207352,882.4957377424882,854.8235754546488,856.2847900390625,235897.0,0,1
2022-03-24,858.4768025353644,858.4768025353644,830.1653335155812,841.71826171875,337126.0,0,1
2022-03-25,849.7550752244247,849.7550752244247,831.0786268034002,835.2340087890625,106758.0,0,1
2022-03-28,835.1883135367883,835.1883135367883,822.4024891633437,831.6265258789062,268260.0,0,1
2022-03-29,834.7315981294892,844.8689070573315,826.6948061448668,834.2293090820312,176661.0,0,1
2022-03-30,840.6679103014321,846.4671723397756,831.3068607842245,835.7819213867188,153761.0,0,1
2022-03-31,835.7818444975943,862.1297493936944,835.3708604814163,847.2890625,246772.0,0,1
2022-04-01,842.2661376787943,861.8558573153127,839.9373023635197,843.6360473632812,176427.0,0,1
2022-04-04,849.3439397852827,863.9563086418037,839.5719069641316,862.1754150390625,196021.0,0,1
2022-04-05,867.6094253315345,870.8058811090717,850.2572368249038,852.7687377929688,189097.0,0,1
2022-04-06,852.768732049111,858.6137020139447,847.6544251362051,849.7092895507812,123421.0,0,1
2022-04-07,853.9103201242986,853.9103201242986,830.8045226104646,834.046630859375,121567.0,0,1
2022-04-08,842.403149076197,842.403149076197,823.8636601271631,826.9688110351562,133819.0,0,1
2022-04-11,831.1241579878659,835.1425818495403,813.7263169060723,816.6031494140625,174258.0,0,1
2022-04-12,812.8131497202432,812.8131497202432,787.6981366670897,789.8900146484375,138438.0,0,1
2022-04-13,803.6802830956705,804.0912671160607,790.1182006151364,792.6753540039062,306239.0,0,1
2022-04-14,803.6802830956705,804.0912671160607,790.1182006151364,792.6753540039062,306239.0,0,1
2022-04-15,803.6802830956705,804.0912671160607,790.1182006151364,792.6753540039062,306239.0,0,1
2022-04-18,791.8077583034051,792.6753788755046,759.2952590365572,763.770263671875,147807.0,0,1
2022-04-19,771.2591578334712,775.5515526903118,755.276878067828,756.6011352539062,207888.0,0,1
2022-04-20,764.318288107399,764.318288107399,731.1207771115936,735.7785034179688,316868.0,0,1
2022-04-21,745.7788031841509,768.8389493308466,741.8973924465884,759.3409423828125,247814.0,0,1
2022-04-22,778.1086954134796,869.4360070817283,778.1086954134796,837.6541137695312,5261159.0,1,0
2022-04-25,821.945865957835,856.6502469649437,804.9132987721114,821.0325927734375,994714.0,0,1
2022-04-26,840.211276941329,858.4767394835318,819.0689817520221,830.0282592773438,686063.0,0,1
2022-04-27,826.4664897083098,826.4664897083098,800.9404958252743,819.5712890625,491410.0,0,1
2022-04-28,826.4208861972226,835.4622568328499,806.4201821462646,819.388671875,437871.0,0,1
2022-04-29,817.3793842879245,817.3793842879245,803.9542592300384,808.3836669921875,214968.0,0,1
2022-05-02,800.9404864957077,801.9450645811514,775.4601454153868,791.0771484375,360313.0,0,1
2022-05-03,800.9404864957077,801.9450645811514,775.4601454153868,791.0771484375,360313.0,0,1
2022-05-04,795.2326274911334,832.9051464506617,777.0128162641709,793.6343994140625,457438.0,0,1
2022-05-05,801.7167219655038,809.0686145868357,787.8350162453236,796.5567626953125,184641.0,0,1
2022-05-06,768.9759835719403,792.7210852024277,767.3321030689526,790.0725708007812,135702.0,0,1
2022-05-09,768.9759543124273,789.981235724762,764.2725755255674,785.6431884765625,112545.0,0,1
2022-05-10,784.5015965964662,793.8169934087124,750.710491737247,755.322509765625,151507.0,0,1
2022-05-11,755.2768153935945,759.0212126169781,714.9557877769045,729.202880859375,625838.0,0,1
2022-05-12,717.8326723684617,731.5774216770361,699.2932391795636,717.3303833007812,304121.0,0,1
2022-05-13,724.7735004684373,730.6184705293786,708.5629031535667,720.89208984375,262580.0,0,1
2022-05-16,716.9194381527185,730.6185356970379,704.3162795602988,709.1566162109375,165049.0,0,1
2022-05-17,712.3529845689444,722.9926379813271,710.5720909591693,715.5950927734375,185897.0,0,1
2022-05-18,721.4857379889032,730.5271638376223,713.7229167573771,716.9193725585938,287774.0,0,1
2022-05-19,702.5809194604732,723.266575551913,702.5809194604732,708.1975708007812,165435.0,0,1
2022-05-20,719.6592525371013,724.7735599538548,712.6270380327376,717.9240112304688,54895.0,0,1
2022-05-23,721.5503540436259,733.4057239071004,714.7625850017048,728.8030395507812,68339.0,0,1
2022-05-24,725.3161191782821,731.5924910532507,716.99410363801,723.4099731445312,74421.0,0,1
2022-05-25,723.4100341276951,727.6872429909465,676.4069899188698,694.2132568359375,258667.0,0,1
2022-05-26,702.0238776711914,706.5335447803972,669.4797244016659,699.0484008789062,174645.0,0,1
2022-05-27,711.322140870675,729.9187981483396,706.6729765512588,726.0134887695312,139734.0,0,1
2022-05-30,733.6382356345716,766.9262456221164,730.8487366397634,752.0953979492188,182223.0,0,1
2022-05-31,757.720890132551,757.720890132551,721.6433264383144,728.43115234375,359532.0,0,1
2022-06-01,733.6381658452634,775.759585309454,732.7083329354468,742.8900146484375,205808.0,0,1
2022-06-02,743.8663497067846,759.6270293416968,738.0548938497003,740.7048950195312,107569.0,0,1
2022-06-03,749.4918026495028,766.1823146653455,735.4978287624858,740.472412109375,232647.0,0,1
2022-06-06,748.5155698923802,756.8840669470776,730.8022624771045,734.8934936523438,134651.0,0,1
2022-06-07,736.1487073574806,778.6420816074607,728.2451278247544,771.6683349609375,399111.0,0,1
2022-06-08,781.0595962214675,786.6385933373351,763.0673532237918,778.87451171875,277256.0,0,1
2022-06-09,768.4139898102799,775.5271779857712,757.8138712416056,761.533203125,98934.0,0,1
2022-06-10,761.5332255826543,761.5332255826543,743.9593592143613,752.0953979492188,91548.0,0,1
2022-06-13,738.2873050677366,749.9102160417249,729.0819368753399,731.7319946289062,96196.0,0,1
2022-06-14,717.9239779395014,745.2610886068659,717.9239779395014,735.0794067382812,81282.0,0,1
2022-06-15,728.4776745447825,752.4208742732308,728.4776745447825,744.9357299804688,66831.0,0,1
2022-06-16,752.2347971586956,766.1822903074972,711.3221505888778,720.7134399414062,151337.0,0,1
2022-06-17,714.204726507234,717.8310980194739,692.2142094341762,712.4845581054688,242181.0,1,0
2022-06-20,707.8352670805266,727.129298991096,707.8352670805266,718.7608032226562,75918.0,0,1
2022-06-21,720.6204233647717,765.2523979731704,720.6204233647717,743.8197631835938,204254.0,0,1
2022-06-22,743.8198523231291,788.4983125755234,733.638170544915,736.5206298828125,596857.0,0,1
2022-06-23,736.5206715727477,752.4208493839766,726.2925089202906,737.3575439453125,230057.0,0,1
2022-06-24,745.1215975807984,753.769089252992,722.5266686769178,726.385498046875,118719.0,0,1
2022-06-27,737.5434230677689,743.354878341638,733.9170522758775,736.4276123046875,78194.0,0,1
2022-06-28,736.892605390686,742.0066865637443,716.9011971687304,721.2714233398438,137497.0,0,1
2022-06-29,715.9713549132741,722.9915821726383,705.3712368278445,709.4625244140625,169269.0,0,1
2022-06-30,709.4625218420589,717.7845378720951,699.6063155371264,703.55810546875,103977.0,0,1
2022-07-01,707.0914591573752,712.5774393633037,696.5378214072664,707.137939453125,196910.0,0,1
2022-07-04,710.7177932299547,715.0415391520953,699.6992954641765,710.0669555664062,59334.0,0,1
2022-07-05,711.3221902709801,716.3433107856569,707.9748144295277,709.4625244140625,62440.0,0,1
2022-07-06,709.4625415181239,713.3678512623015,680.6377200409786,684.5430297851562,452671.0,0,1
2022-07-07,691.7027653896001,703.3256774525219,674.5008555364759,682.9158325195312,542784.0,0,1
2022-07-08,688.0764282195282,728.3381862499812,688.0299479194736,715.3670043945312,908185.0,0,1
2022-07-11,713.6468190024058,729.7329183603636,699.7458044674286,725.8741455078125,159234.0,0,1
2022-07-12,729.4539497684905,735.1724451158589,712.252040181853,717.3196411132812,151199.0,0,1
2022-07-13,715.5064787980867,722.108270261435,715.5064787980867,720.0626831054688,71063.0,0,1
2022-07-14,725.26955918824,725.26955918824,705.6501104804252,715.5527954101562,110344.0,0,1
2022-07-15,719.1328213527272,722.9915940175514,714.1117007557884,716.2503051757812,60607.0,0,1
2022-07-18,719.8767169915693,736.7531518207002,711.3222420762305,715.9249267578125,304243.0,0,1
2022-07-19,714.1117466362888,720.6670579599886,706.7660432081697,709.6485595703125,121697.0,0,1
2022-07-20,717.5520626420646,746.9812399724224,712.2520037441221,741.8206787109375,534955.0,0,1
2022-07-21,741.8206153325981,762.4629153674343,736.4740765967899,743.1688842773438,258853.0,0,1
2022-07-22,721.5502818393804,733.6381087258649,716.9940782350161,725.6880493164062,322011.0,0,1
2022-07-25,727.5478085781444,732.1969733632914,719.1328316675284,725.5486450195312,124529.0,0,1
2022-07-26,726.9898170027911,739.2171421174297,718.2029416588632,735.2188720703125,134868.0,0,1
2022-07-27,726.2459797685776,738.7522437028445,726.2459797685776,733.2197265625,62851.0,0,1
2022-07-28,738.2873507771536,743.3549516260607,727.9196908454675,739.5426025390625,138504.0,0,1
2022-07-29,743.8663325665401,774.5508187849099,742.0066667351238,768.2279663085938,467192.0,0,1
2022-08-01,776.4105408671969,778.9675815706518,761.8586319810806,770.83154296875,197664.0,0,1
2022-08-02,771.2034053794507,773.0630711201752,755.0242907341498,757.4418334960938,157623.0,0,1
2022-08-03,753.1646436055028,766.8796787822696,746.7022936462897,762.8814086914062,113819.0,0,1
2022-08-04,770.6920886839139,771.7614193756168,743.8664283138476,765.4850463867188,124848.0,0,1
2022-08-05,769.5297008764447,769.5297008764447,759.6734946384382,763.2998657226562,58306.0,0,1
2022-08-08,767.0191705299221,773.5280007333437,754.1409510045121,771.6683349609375,110354.0,0,1
2022-08-09,767.0191705299221,773.5280007333437,754.1409510045121,771.6683349609375,110354.0,0,1
2022-08-10,774.0858489355792,774.0858489355792,763.2067932216615,771.52880859375,120640.0,0,1
2022-08-11,772.6911529534935,775.4806517006181,762.6489688143447,768.2279663085938,106902.0,0,1
2022-08-12,772.2263305648894,772.2263305648894,760.0455405863004,768.1815795898438,253401.0,0,1
2022-08-15,772.2263305648894,772.2263305648894,760.0455405863004,768.1815795898438,253401.0,0,1
2022-08-16,772.2262717324569,772.2262717324569,760.6033597557492,763.160400390625,72694.0,0,1
2022-08-17,766.9262061427513,786.3597375071955,757.9998325198723,764.6946411132812,280751.0,0,1
2022-08-18,767.0192014872629,776.9683683691936,767.0192014872629,774.0394287109375,90700.0,0,1
2022-08-19,773.5280358768474,799.1914020010115,767.205126561403,788.3588256835938,404176.0,0,1
2022-08-22,782.9192571706471,782.9192571706471,765.0199748659738,771.7147827148438,112402.0,0,1
2022-08-23,762.462966377274,773.1560445642724,762.462966377274,767.9954833984375,147546.0,0,1
2022-08-24,769.9017123145732,792.2177039758651,763.4858420109512,780.5018310546875,178623.0,0,1
2022-08-25,784.4070255362748,796.4018928582562,777.4332786636105,782.8263549804688,180189.0,0,1
2022-08-26,782.9193271987414,799.4238617091661,779.4324537106235,793.1939697265625,149011.0,0,1
2022-08-29,757.813820307847,789.7070777138618,757.813820307847,780.5947265625,208685.0,0,1
2022-08-30,786.5457061585762,794.5422467366111,779.3859811745225,785.662353515625,411683.0,0,1
2022-08-31,786.5457061585762,794.5422467366111,779.3859811745225,785.662353515625,411683.0,0,1
2022-09-01,781.0596821282961,803.3756730462475,770.692021979998,775.4342041015625,144955.0,0,1
2022-09-02,777.9912901355927,783.3378299384065,771.7613976235526,775.9921264648438,135616.0,0,1
2022-09-05,775.9920824593354,783.895662589206,768.9718549885972,776.5964965820312,140256.0,0,1
2022-09-06,776.5964914136722,788.9632583017262,770.8315157715157,786.5457153320312,192109.0,0,1
2022-09-07,782.9192990405588,798.0290836123036,782.9192990405588,789.567626953125,115687.0,0,1
2022-09-08,791.2878235702243,802.3528581401845,788.5448050757386,793.1939697265625,135297.0,0,1
2022-09-09,793.1939853004427,802.4458344877363,789.9860502778888,796.2159423828125,113185.0,0,1
2022-09-12,804.4914937552755,818.0670323616143,803.3756828452681,810.1634521484375,205141.0,0,1
2022-09-13,814.254737567547,824.3434025215142,803.6546190816042,807.931884765625,119065.0,0,1
2022-09-14,803.1897399723131,803.1897399723131,783.4772688764506,785.75537109375,117280.0,0,1
2022-09-15,790.3579839222195,795.0071485335267,776.410490088298,780.1298217773438,66868.0,0,1
2022-09-16,776.5035161130479,785.7088855201429,757.8138955016763,769.1113891601562,143952.0,0,1
2022-09-19,768.2280154122253,776.4105342429684,749.6313559093998,768.5999145507812,115260.0,0,1
2022-09-20,769.0647451279465,781.0131315752865,757.7673097934903,764.7875366210938,148878.0,0,1
2022-09-21,771.761328647414,771.761328647414,748.5155054953834,754.419921875,125875.0,0,1
2022-09-22,756.9769626565057,757.3024382322338,749.3988583580922,754.512939453125,96385.0,0,1
2022-09-23,762.0910354224515,762.0910354224515,744.424210014514,747.4461669921875,93605.0,0,1
2022-09-26,740.6118802296205,747.8180849650626,721.8757252164735,742.9364624023438,70397.0,0,1
2022-09-27,750.3286893933074,750.3286893933074,725.7345972023192,735.0794067382812,67702.0,0,1
2022-09-28,736.8926442309873,751.4910335176726,729.9653771082209,737.8689575195312,63994.0,0,1
2022-09-29,739.2171667655148,749.0733729547228,719.2257591108499,728.1986694335938,227859.0,0,1
2022-09-30,721.6432883033266,739.1241921602666,713.7397086827407,737.2645263671875,48039.0,0,1
2022-10-03,736.0092448602842,740.1470127519221,721.6433147321247,725.2232055664062,47004.0,0,1
2022-10-04,738.9382754717806,738.9382754717806,725.4092170563758,729.9188842773438,113510.0,0,1
2022-10-05,738.9382754717806,738.9382754717806,725.4092170563758,729.9188842773438,113510.0,0,1
2022-10-06,733.7310980544015,752.2347949450236,732.1504275708515,742.75048828125,137672.0,0,1
2022-10-07,746.1443647184948,746.1443647184948,733.6381018223556,743.075927734375,107759.0,0,1
2022-10-10,743.0760276647894,744.749715630982,726.0600392097492,741.4953002929688,92580.0,0,1
2022-10-11,745.2145680403023,748.4225028053372,715.9713128094686,722.1547241210938,132676.0,0,1
2022-10-12,725.8741167844449,731.5925553885696,712.1125436908613,725.734619140625,112177.0,0,1
2022-10-13,728.9888818302852,728.9888818302852,713.367702855848,718.435302734375,108687.0,0,1
2022-10-14,697.5141747813782,720.620499716449,696.4448442420907,706.6265258789062,655244.0,0,1
2022-10-17,706.6729231508012,719.2256658646642,691.7955984528896,708.6255493164062,256417.0,0,1
2022-10-18,709.0439854240329,715.9712510869961,700.4895123722358,708.6255493164062,293858.0,0,1
2022-10-19,708.5327032217133,710.9967832239432,698.3045408392476,701.7449340820312,109545.0,0,1
2022-10-20,701.7448776087381,714.1116434163611,691.8421348525525,708.9046020507812,358008.0,0,1
2022-10-21,711.9730607238333,713.1818321396726,700.8150659576326,703.046630859375,57735.0,0,1
2022-10-24,710.206325356318,718.7607989976032,708.5326375629672,715.27392578125,28457.0,0,1
2022-10-25,720.8089411572593,720.8089411572593,702.9524302534194,711.385986328125,247972.0,0,1
2022-10-26,720.8089411572593,720.8089411572593,702.9524302534194,711.385986328125,247972.0,0,1
2022-10-27,715.2023043118991,716.5686443273788,702.9524624725648,704.3659057617188,146649.0,0,1
2022-10-28,703.8947143554688,706.7216007585027,699.1832370170787,703.8947143554688,73412.0,0,1
2022-10-31,703.8948044036218,707.9937672071346,699.513106913115,706.0620727539062,126668.0,0,1
2022-11-01,703.8948772276474,709.4544447786202,696.9218661481051,698.8064575195312,147811.0,0,1
2022-11-02,700.8323625061474,702.3400124824092,685.5671620655663,688.58251953125,312274.0,0,1
2022-11-03,683.6353897068643,692.2574165933356,682.0334758437903,689.0535888671875,202533.0,0,1
2022-11-04,687.8757268265123,694.0477509549961,685.0488402779101,690.9852905273438,277829.0,0,1
2022-11-07,692.5401364220238,701.9630920641681,686.4623185302094,696.6390991210938,147148.0,0,1
2022-11-08,692.5401364220238,701.9630920641681,686.4623185302094,696.6390991210938,147148.0,0,1
2022-11-09,696.6391355861249,699.5602864959892,693.4353650079912,698.4766235351562,54935.0,0,1
2022-11-10,696.8746050243799,700.9264640525672,693.4352610584372,698.00537109375,47833.0,0,1
2022-11-11,703.046604459311,707.6638751184729,697.6284056817727,699.8428344726562,112734.0,0,1
2022-11-14,703.3764922042504,719.7723995065375,699.2303689711276,716.474365234375,200524.0,0,1
2022-11-15,724.2012357797839,732.9645729203463,716.9455485188096,725.4262084960938,123516.0,0,1
2022-11-16,726.5098269808974,771.7400107618093,723.0233221451549,762.0814819335938,377254.0,0,1
2022-11-17,761.3277044055204,804.7204031673587,755.1556800290579,776.9697875976562,863040.0,0,1
2022-11-18,777.016801600931,783.1888827814369,745.8268453502305,748.6066284179688,209752.0,0,1
2022-11-21,747.4288104283511,759.914225942428,729.0069447007778,754.3075561523438,185335.0,0,1
2022-11-22,754.3075561606943,777.393796168111,745.3557488108797,768.0179443359375,260626.0,0,1
2022-11-23,771.8814586500695,777.1582909699733,754.7316673406435,756.757568359375,105553.0,0,1
2022-11-24,760.573833804442,764.154545192274,744.4134430172246,753.412353515625,228304.0,0,1
2022-11-25,751.9518403742611,758.4537026008045,739.2779538678283,750.7268676757812,145949.0,0,1
2022-11-28,751.0095598071628,776.074598647409,751.0095598071628,761.1863403320312,222753.0,0,1
2022-11-29,763.3065666948304,782.1053760927028,761.374872148077,775.4151000976562,308142.0,0,1
2022-11-30,779.4668472667397,794.3551046290424,768.9131261889664,788.9840087890625,198291.0,0,1
2022-12-01,790.1147550883753,817.3942205681177,790.1147550883753,812.3529052734375,539574.0,0,1
2022-12-02,812.3528641788829,822.3412302076536,791.528158258531,795.5800170898438,231157.0,0,1
2022-12-05,800.9041602304458,808.3954217858881,783.1418535847547,805.8983154296875,265931.0,0,1
2022-12-06,808.4894696837282,815.226904936352,796.2396292339748,800.244384765625,287484.0,0,1
2022-12-07,804.7203761552695,808.2068810908917,787.7590567515285,793.035888671875,66565.0,0,1
2022-12-08,793.4128399697533,800.856997696822,788.5599949623011,790.633056640625,67259.0,0,1
2022-12-09,794.5907139698351,796.5695115982362,759.631572447044,774.3313598632812,131389.0,0,1
2022-12-12,778.2888908757437,791.5281296366803,762.5525463196233,784.7435913085938,81819.0,0,1
2022-12-13,786.816705003026,789.5493848280571,764.390084674432,768.0650024414062,219064.0,0,1
2022-12-14,772.0697677702746,788.7013057656957,768.0650120360999,780.9273681640625,164099.0,0,1
2022-12-15,775.5562917881183,786.6282637991338,770.7977110647379,775.0851440429688,114317.0,0,1
2022-12-16,777.4880682964508,804.7204338524591,772.6823837927593,798.92529296875,552546.0,0,1
2022-12-19,796.2397968380109,816.970300424326,788.7014318975326,798.6426391601562,261661.0,0,1
2022-12-20,792.1878912020838,800.3387133129601,775.980396018198,778.9014892578125,143958.0,0,1
2022-12-21,783.0476521185946,788.8427931269022,760.5739248193717,772.0698852539062,99351.0,0,1
2022-12-22,775.509234736212,775.7919118975186,759.1132692225534,767.9237670898438,80197.0,0,1
2022-12-23,763.9660870764076,766.0862519804124,735.9327955678992,743.376953125,130723.0,0,1
2022-12-26,739.7019772093453,772.3996429911662,735.6501180087911,767.4996948242188,93019.0,0,1
2022-12-27,771.5515614074915,775.5092140999398,763.2593723219334,769.431396484375,34735.0,0,1
2022-12-28,767.0285709486485,779.0899423798536,764.8141994309018,773.8131103515625,49240.0,0,1
2022-12-29,766.8401272725134,775.9333025746309,765.9449349738185,769.902587890625,35258.0,0,1
2022-12-30,774.0016343695353,780.6448068943176,761.3748502341506,764.2488403320312,44925.0,0,1
2023-01-02,757.3229352644599,772.6823410286173,757.3229352644599,769.2901000976562,50886.0,0,1
2023-01-03,773.1534597629453,776.498597294024,764.4372263652522,772.6823120117188,67779.0,0,1
2023-01-04,770.7978002395291,771.3631545938543,754.778775051177,760.7623291015625,120943.0,0,1
2023-01-05,757.1815249073433,773.7187991541933,755.9094490087979,771.0803833007812,194822.0,0,1
2023-01-06,773.6246402809202,773.6246402809202,756.9931009529317,765.6622314453125,106386.0,0,1
2023-01-09,769.5256404303097,784.6023683783912,765.662194385722,782.387939453125,115809.0,0,1
2023-01-10,785.8744731205887,802.8357926843426,782.2937616042051,792.7061157226562,259664.0,0,1
2023-01-11,792.7060961908863,807.8299275932942,792.7060961908863,798.54833984375,149059.0,0,1
2023-01-12,800.8098531126471,837.7007470363261,779.4668933344074,832.3296508789062,1273365.0,0,1
2023-01-13,838.5488681992405,864.9802479851705,823.4249779754724,826.8643798828125,2038029.0,0,1
2023-01-16,831.0105069857975,853.6256012317809,830.209521223357,839.02001953125,414919.0,0,1
2023-01-17,847.1236882727582,848.301557694717,829.3142796074792,835.0623168945312,303631.0,0,1
2023-01-18,837.7007556987674,848.0660068941402,827.4297110544533,830.445068359375,192024.0,0,1
2023-01-19,829.8797735181898,842.3651906258384,819.7971987663622,824.3673095703125,170131.0,0,1
2023-01-20,826.3460356200023,835.9574610527281,819.0432456240965,823.4720458984375,225093.0,0,1
2023-01-23,827.7124851403136,833.2248914423016,822.3413886716413,824.6500244140625,136646.0,0,1
2023-01-24,828.9374165388623,836.7113549173424,813.4837463327423,818.8077392578125,156988.0,0,1
2023-01-25,820.5508858586198,824.4614350743182,796.5223513125567,800.1973266601562,388406.0,0,1
2023-01-26,820.5508858586198,824.4614350743182,796.5223513125567,800.1973266601562,388406.0,0,1
2023-01-27,799.914711056237,820.3624783696682,792.8474944696163,806.79345703125,262283.0,0,1
2023-01-30,805.4271257656144,826.4403051428582,783.5187541083455,790.1619262695312,423035.0,0,1
2023-01-31,797.9829227546456,833.931519156306,792.0464725954856,829.0786743164062,356917.0,0,1
2023-02-01,829.220010203357,845.003459261205,806.6049190159927,811.457763671875,210890.0,0,1
2023-02-02,810.1857100722503,842.4122296905608,810.1857100722503,839.6324462890625,164683.0,0,1
2023-02-03,843.354458900909,863.0484575386045,834.1670779240554,846.0399780273438,667704.0,0,1
2023-02-06,849.0083159575646,873.8849422272891,849.0083159575646,869.3618774414062,412895.0,0,1
2023-02-07,873.6493186957766,874.2146730053121,827.4296772005744,835.721923828125,197941.0,0,1
2023-02-08,839.6795281551035,875.2040813239289,839.6795281551035,857.4418334960938,742772.0,0,1
2023-02-09,858.4783390366451,880.5280776476579,858.4783390366451,865.2628784179688,546312.0,0,1
2023-02-10,866.9118221196167,878.926089219644,853.9081562904526,869.7387084960938,155670.0,0,1
2023-02-13,870.2570355096466,876.2877499781524,833.9315539016467,839.5853271484375,237690.0,0,1
2023-02-14,840.527616229564,893.0134889698484,840.527616229564,864.55615234375,1028985.0,0,1
2023-02-15,866.7706184286121,887.642489787152,856.2640565871175,864.1322021484375,227633.0,0,1
2023-02-16,868.7022690628353,880.999214183538,855.0389839257979,857.7716064453125,388957.0,0,1
2023-02-17,854.614920778679,873.2252570245603,854.2850828436448,870.2098999023438,153498.0,0,1
2023-02-20,874.8742688280681,892.7778833352395,864.6974889266223,884.7683715820312,394668.0,0,1
2023-02-21,886.7000772868566,899.8922144622189,876.3348266490718,897.8191528320312,413404.0,0,1
2023-02-22,896.6412259942666,923.4024398406932,886.8413877997577,917.6072998046876,784693.0,0,1
2023-02-23,918.7381144237512,926.276478439536,909.3151594040204,922.083251953125,346756.0,0,1
2023-02-24,923.3554530821208,928.1611374892389,905.5460437839172,910.8228759765624,214659.0,0,1
2023-02-27,909.1266801947686,916.8535147404324,893.8614817046818,910.2574462890624,338123.0,0,1
2023-02-28,911.6709610390416,912.0479022710908,885.7578329474926,889.8096923828125,258367.0,0,1
2023-03-01,890.1865836913408,908.6084494897468,887.9721547252676,897.3009033203125,131810.0,0,1
2023-03-02,900.0335677489817,907.4305644016152,890.4692454408374,902.8132934570312,117376.0,0,1
2023-03-03,904.6036650177384,908.5613175548216,894.1442081462317,901.7296752929688,180468.0,0,1
2023-03-06,908.3729231017758,915.9112876088444,891.1760290700253,900.0336303710938,225926.0,0,1
2023-03-07,908.3729231017758,915.9112876088444,891.1760290700253,900.0336303710938,225926.0,0,1
2023-03-08,906.4883505453116,909.315237293374,889.1500888185997,894.7096557617188,126531.0,0,1
2023-03-09,895.1336108178576,905.970008935785,893.296123112622,901.3998413085938,142569.0,0,1
2023-03-10,894.850906995766,904.6036420058816,882.7423758214427,897.1594848632812,196125.0,0,1
2023-03-13,888.5846851890906,896.0759461585861,873.4137501545389,877.0415649414062,205005.0,0,1
2023-03-14,871.7175910171328,885.1453026156834,857.4889512056856,876.0521850585938,125586.0,0,1
2023-03-15,884.7212562663881,899.7979840671954,877.5126727813662,894.8037719726562,165526.0,0,1
2023-03-16,894.191333398998,897.0653231944167,866.9589702253347,891.5529174804688,144282.0,0,1
2023-03-17,915.9112012631424,927.8783652925648,904.6036555685358,907.4305419921876,470506.0,0,1
2023-03-20,899.8922130514915,912.1420546951244,890.4692579410046,896.075927734375,350395.0,0,1
2023-03-21,898.5730034392446,913.0372744780976,886.888573257633,892.1654052734375,178717.0,0,1
2023-03-22,894.7095974276483,903.3787277257868,887.6423810182672,890.3750610351562,211960.0,0,1
2023-03-23,888.0193435402097,903.661426563046,878.3608142156307,889.5740966796875,274033.0,0,1
2023-03-24,888.0193054325194,951.624251913674,887.6423642258884,943.42626953125,1935257.0,0,1
2023-03-27,948.8444694869002,966.7951873398486,938.4321156677908,950.0223388671876,844655.0,0,1
2023-03-28,942.2955376062162,947.9022075576042,930.9879911549416,935.887939453125,247889.0,0,1
2023-03-29,932.8725477791854,936.6888330629242,904.132534943564,928.6793212890624,305111.0,0,1
2023-03-30,932.8725477791854,936.6888330629242,904.132534943564,928.6793212890624,305111.0,0,1
2023-03-31,929.1504501261414,982.2958808947196,929.1504501261414,937.819580078125,687167.0,0,1
2023-04-03,942.2955464953568,948.8916153208244,930.8466326001758,937.3013916015624,265435.0,0,1
2023-04-04,942.2955464953568,948.8916153208244,930.8466326001758,937.3013916015624,265435.0,0,1
2023-04-05,940.4109351050954,1002.8851744998556,940.4109351050954,993.4622192382812,1300805.0,0,1
2023-04-06,993.1792832302824,998.833055241081,971.5064905222212,990.6351318359376,454778.0,0,1
2023-04-07,993.1792832302824,998.833055241081,971.5064905222212,990.6351318359376,454778.0,0,1
2023-04-10,990.069992332681,1018.5273899465196,983.002774965617,1012.5908813476562,377081.0,0,1
2023-04-11,1015.653069519912,1026.159686190018,999.5870020347332,1019.2808837890624,277769.0,0,1
2023-04-12,1014.8050413185034,1036.2422628577906,1006.418703814284,1032.28466796875,258818.0,0,1
2023-04-13,1027.1022384939529,1029.222403665156,994.2632587363604,1008.020751953125,215314.0,0,1
2023-04-14,1027.1022384939529,1029.222403665156,994.2632587363604,1008.020751953125,215314.0,0,1
2023-04-17,1003.5446959396578,1022.202192635255,996.7130536433548,1017.8204956054688,337087.0,0,1
2023-04-18,1017.8206011647802,1055.371057296356,1016.7369382346144,1044.676025390625,593983.0,0,1
2023-04-19,1044.628740380269,1044.628740380269,1000.0582334370614,1007.0311279296876,333167.0,0,1
2023-04-20,1007.0310988719792,1041.2364696314792,1002.6023562786368,1028.2799072265625,398014.0,0,1
2023-04-21,1074.2167820912598,1124.8180002897766,1061.166013489533,1092.73291015625,6026418.0,1,0
2023-04-24,1096.8319723996296,1159.2118890805634,1084.5821307834826,1105.1712646484375,2499076.0,0,1
2023-04-25,1102.4857569693493,1119.9182240667278,1075.7717020172768,1090.80126953125,1067766.0,0,1
2023-04-26,1089.3408028506694,1115.677917130515,1083.6398688345375,1097.6329345703125,831408.0,0,1
2023-04-27,1096.8320151916237,1105.925190212865,1085.5244686432566,1099.04638671875,324031.0,0,1
2023-04-28,1102.4856566471656,1116.620088142642,1095.4656016815982,1111.8614501953125,322850.0,0,1
2023-05-01,1102.4856566471656,1116.620088142642,1095.4656016815982,1111.8614501953125,322850.0,0,1
2023-05-02,1117.515418545882,1136.6912259880949,1085.5245290012083,1102.344482421875,316919.0,0,1
2023-05-03,1097.633085786263,1110.8723859312497,1094.0052704699872,1100.8369140625,185956.0,0,1
2023-05-04,1097.7742814645662,1113.7933053142638,1092.0263017943482,1110.5894775390625,232224.0,0,1
2023-05-05,1116.0078540684556,1133.5816913240903,1113.8406430426512,1131.2259521484375,276106.0,0,1
2023-05-08,1138.2929260361298,1145.8312897847134,1123.4046116221562,1136.2669677734375,192765.0,0,1
2023-05-09,1144.323593051549,1144.323593051549,1092.5915509458769,1095.701171875,309080.0,0,1
2023-05-10,1101.4020183412715,1201.94501229325,1101.3549725843543,1184.795166015625,1995152.0,1,0
2023-05-11,1184.4654871149105,1200.4373504175107,1151.4851434004934,1163.7349853515625,640210.0,0,1
2023-05-12,1173.158075116679,1174.100370759343,1120.0597386578272,1139.2825927734375,340473.0,0,1
2023-05-15,1140.177638419395,1207.8815520425894,1140.177638419395,1198.2230224609375,757967.0,0,1
2023-05-16,1208.9652147991906,1208.9652147991906,1146.7737072569096,1159.1649169921875,918460.0,0,1
2023-05-17,1165.1483533381029,1219.188975754549,1164.677205601209,1212.9698486328125,1384507.0,0,1
2023-05-18,1196.7153143278665,1224.041884497558,1187.433726430664,1213.1583251953125,822724.0,0,1
2023-05-19,1213.1583757985438,1241.992712028968,1212.7343888059904,1224.7486572265625,774790.0,0,1
2023-05-22,1233.700601465319,1334.2906638723634,1233.700601465319,1306.728515625,2219874.0,1,0
2023-05-23,1304.184033159822,1329.437481614945,1274.925714109322,1281.8515625,1064674.0,0,1
2023-05-24,1283.9719135917169,1283.9719135917169,1234.8783376708805,1245.05517578125,401000.0,0,1
2023-05-25,1244.254056643399,1251.227066402903,1208.6353554821087,1229.7427978515625,862823.0,0,1
2023-05-26,1239.118528206663,1268.094113562066,1222.2043707332978,1234.0772705078125,574592.0,0,1
2023-05-29,1238.930159171408,1252.3107091503025,1211.8862095291286,1218.2467041015625,247068.0,0,1
2023-05-30,1215.5612600753366,1219.1420291775562,1191.674090876793,1207.693115234375,347776.0,0,1
2023-05-31,1202.84010402358,1273.0411128365504,1202.84010402358,1223.0052490234375,813429.0,0,1
2023-06-01,1232.8523342552169,1327.5059893044152,1228.3293847248567,1292.8294677734375,1267897.0,0,1
2023-06-02,1310.733106857624,1436.7651363631649,1310.733106857624,1374.8092041015625,5618427.0,1,0
2023-06-05,1391.7705340959624,1402.7953460738752,1301.3101608574975,1312.7119140625,1750300.0,0,1
2023-06-06,1317.3290653314757,1317.3290653314757,1253.300134239512,1261.875,1132629.0,0,1
2023-06-07,1267.434636470415,1295.562134765646,1267.434636470415,1274.7374267578125,736384.0,0,1
2023-06-08,1279.8256985329572,1293.583304815771,1267.858591726735,1279.1661376953125,418752.0,0,1
2023-06-09,1281.8989739218414,1315.444674712983,1281.8989739218414,1306.1630859375,539102.0,0,1
2023-06-12,1308.8797781169303,1384.190413565756,1303.2552896639352,1371.1778564453125,1079895.0,0,1
2023-06-13,1367.8890909609602,1434.6200371858497,1364.6478502989871,1399.919921875,1232801.0,0,1
2023-06-14,1401.3497986711957,1453.7812537235193,1398.6805144116292,1427.8515625,856839.0,0,1
2023-06-15,1428.4234309407311,1442.1509616027845,1390.8634221742525,1397.9654541015625,516679.0,0,1
2023-06-16,1404.9246984824758,1436.145247337642,1385.8110029408897,1417.937255859375,486094.0,0,1
2023-06-19,1420.415674164521,1452.827843910557,1392.8177114726896,1443.8192138671875,475192.0,0,1
2023-06-20,1444.2482658006484,1451.016666742706,1417.6036001180123,1426.7552490234375,245049.0,0,1
2023-06-21,1431.950743418433,1452.5419834163151,1387.0503731691329,1397.29833984375,464042.0,0,1
2023-06-22,1401.3497972673215,1433.8572760932905,1374.8957449719692,1421.178466796875,476703.0,0,1
2023-06-23,1414.696050365559,1417.5559480415,1383.237175930206,1392.1029052734375,245846.0,0,1
2023-06-26,1392.1027121999114,1405.3058813654254,1373.275055111211,1391.5306396484375,181257.0,0,1
2023-06-27,1403.161154142629,1416.5073433077634,1391.8645815874747,1398.7760009765625,221584.0,0,1
2023-06-28,1406.8789931890583,1419.367189322254,1388.0513341592682,1408.26123046875,247652.0,0,1
2023-06-29,1406.8789931890583,1419.367189322254,1388.0513341592682,1408.26123046875,247652.0,0,1
2023-06-30,1395.4394408441271,1461.2170868384198,1395.4394408441271,1430.6160888671875,621952.0,0,1
2023-07-03,1445.3445725048855,1482.380222309253,1434.7152633925568,1442.2939453125,501460.0,0,1
2023-07-04,1442.2940684051214,1453.7813710322407,1424.2290939817494,1441.912841796875,176405.0,0,1
2023-07-05,1425.1823791559452,1441.8174045253686,1425.1823791559452,1435.5733642578125,237911.0,0,1
2023-07-06,1444.2006138481938,1445.0586064242932,1409.834246620985,1416.936279296875,198368.0,0,1
2023-07-07,1428.5188791067685,1428.5188791067685,1393.7234576270237,1412.455810546875,228647.0,0,1
2023-07-10,1424.2289667885104,1426.183276644164,1327.0877576272226,1335.5721435546875,468704.0,0,1
2023-07-11,1348.6323401110585,1405.8780039762282,1337.526497457355,1380.901611328125,1065257.0,0,1
2023-07-12,1380.377198377797,1380.520216527225,1334.6188382105772,1344.4378662109375,420679.0,0,1
2023-07-13,1353.0175098253646,1380.186535192384,1350.82487526548,1360.59619140625,366680.0,0,1
2023-07-14,1366.0777336354008,1378.7566593579168,1348.9660597932927,1373.4180908203125,516712.0,0,1
2023-07-17,1382.2839582306403,1423.228115824897,1379.948421538688,1387.908447265625,677484.0,0,1
2023-07-18,1393.1513871491666,1409.9294287474424,1369.1281789877391,1389.1474609375,217099.0,0,1
2023-07-19,1392.770090037638,1428.0421593951962,1389.9101925221603,1416.6978759765625,425177.0,0,1
2023-07-20,1420.41589926434,1430.3302348552606,1393.7712314601831,1401.54052734375,212204.0,0,1
2023-07-21,1388.0035238018293,1422.655923666796,1373.1796758837468,1407.2125244140625,244279.0,0,1
2023-07-24,1401.3497039670322,1420.4156863339304,1353.7800546877163,1413.1229248046875,359416.0,0,1
2023-07-25,1413.1232165846957,1418.4616694758004,1391.8170001643086,1398.0611572265625,143831.0,0,1
2023-07-26,1377.5651217746322,1415.649380098837,1372.131246251521,1394.05712890625,335021.0,0,1
2023-07-27,1401.349914653384,1407.3557465497142,1356.4495427026834,1366.697509765625,276729.0,0,1
2023-07-28,1373.8947882842954,1400.0629216753614,1369.176003696653,1394.6767578125,242928.0,0,1
2023-07-31,1404.2096811851884,1405.687341450472,1363.6467548448247,1398.53759765625,416936.0,0,1
2023-08-01,1403.256547160937,1413.6951277811995,1384.1905614658158,1393.4852294921875,180490.0,0,1
2023-08-02,1394.3906922948072,1458.4524683107038,1384.1904374099158,1447.2034912109375,1065085.0,0,1
2023-08-03,1448.633503509022,1448.633503509022,1415.8399863411078,1432.5704345703125,330752.0,0,1
2023-08-04,1439.386403955382,1499.7778815862864,1428.995419989095,1488.81494140625,933404.0,0,1
2023-08-07,1501.1602163464336,1577.13823304862,1496.727468124692,1564.6976318359375,1064807.0,0,1
2023-08-08,1574.8978537577011,1576.2800909303942,1493.724410621249,1514.6016845703125,527925.0,0,1
2023-08-09,1521.4655253296885,1527.661970138362,1477.6137620683064,1486.8607177734375,255553.0,0,1
2023-08-10,1492.48522130838,1505.9267169081386,1464.6489308979644,1470.2257080078125,214564.0,0,1
2023-08-11,1478.4718654466687,1478.4718654466687,1444.391416444363,1470.89306640625,190740.0,0,1
2023-08-14,1475.1352154967349,1490.9599590516375,1445.0585789821196,1480.9503173828125,204990.0,0,1
2023-08-15,1475.1352154967349,1490.9599590516375,1445.0585789821196,1480.9503173828125,204990.0,0,1
2023-08-16,1488.576697780798,1510.121236383194,1452.875689361021,1458.3094482421875,212228.0,0,1
2023-08-17,1462.599349622796,1481.4270094924718,1458.643134528172,1474.0389404296875,204636.0,0,1
2023-08-18,1463.3143019551912,1486.193483223546,1434.7153253697477,1469.89208984375,341910.0,0,1
2023-08-21,1469.8443783349608,1476.088534770596,1461.6460283210404,1469.89208984375,148936.0,0,1
2023-08-22,1474.9446946738296,1491.913469500957,1462.3611899133982,1478.614990234375,158910.0,0,1
2023-08-23,1482.094268473579,1492.008603753804,1464.934882308798,1475.13525390625,125980.0,0,1
2023-08-24,1487.7187538450748,1523.181554993738,1479.5204037476994,1511.0745849609375,290326.0,0,1
2023-08-25,1511.265172582158,1519.415810404167,1470.9405724285623,1515.078369140625,241929.0,0,1
2023-08-28,1524.3253457682729,1534.8116364521072,1487.1466787983152,1499.968505859375,139997.0,0,1
2023-08-29,1514.4587779876977,1534.7639808663253,1497.9190603531065,1528.2816162109375,196352.0,0,1
2023-08-30,1536.241733411376,1548.5393169465349,1517.795416293406,1535.24072265625,149043.0,0,1
2023-08-31,1544.344681805667,1568.1771614631618,1521.465501334472,1560.8843994140625,316473.0,0,1
2023-09-01,1568.892171021668,1695.2996226847042,1560.8844344033398,1629.9033203125,1188764.0,1,0
2023-09-04,1643.4879591291217,1695.9194195421735,1627.1388531991436,1689.5799560546875,510926.0,0,1
2023-09-05,1695.9192653316206,1854.1669314614965,1685.4329742025325,1809.88623046875,1959589.0,1,0
2023-09-06,1805.5964792294124,1805.5964792294124,1747.06388238741,1754.9761962890625,575500.0,0,1
2023-09-07,1755.0715556749833,1769.990595203588,1728.3314663086608,1738.102783203125,339020.0,0,1
2023-09-08,1743.679598521133,1757.8837803236856,1700.8764398152662,1704.4990234375,339081.0,0,1
2023-09-11,1713.459914087318,1780.858117389574,1711.1719728552778,1754.0704345703125,372813.0,0,1
2023-09-12,1760.7435183789792,1816.0348687124824,1653.926302781703,1681.810302734375,631687.0,0,1
2023-09-13,1684.4797234714244,1687.1966029773105,1635.909174710314,1663.69775390625,324668.0,1,0
2023-09-14,1672.7539956695514,1705.4522035258794,1668.3212476548345,1682.2869873046875,238871.0,0,1
2023-09-15,1677.8066734004165,1685.3377607197008,1625.3752148566534,1631.9530029296875,431531.0,0,1
2023-09-18,1636.2428031221748,1640.4849380998362,1593.916294515442,1596.2518310546875,327134.0,0,1
2023-09-19,1636.2428031221748,1640.4849380998362,1593.916294515442,1596.2518310546875,327134.0,0,1
2023-09-20,1595.8229415970277,1595.8229415970277,1535.2884393321465,1538.9586181640625,590777.0,0,1
2023-09-21,1538.9585743870446,1590.103100875564,1512.3615028430968,1558.45361328125,526396.0,0,1
2023-09-22,1557.6908829954373,1597.729449143423,1550.0644894434402,1557.2142333984375,384878.0,0,1
2023-09-25,1554.8786904180752,1588.196450561208,1529.0919007804189,1567.9388427734375,301649.0,0,1
2023-09-26,1572.943841224674,1600.2558893780292,1560.598661867122,1591.8192138671875,450218.0,0,1
2023-09-27,1663.4593912874975,1686.8629331783611,1592.9629620463645,1598.73046875,1110044.0,0,1
2023-09-28,1606.023268892361,1667.2251531921893,1603.0680643643675,1612.172119140625,751649.0,0,1
2023-09-29,1623.3254426401425,1636.385710883928,1606.3567875047154,1615.1748046875,239455.0,0,1
2023-10-02,1623.3254426401425,1636.385710883928,1606.3567875047154,1615.1748046875,239455.0,0,1
2023-10-03,1615.1747233591864,1633.9069577140476,1607.8342504143866,1621.2281494140625,385535.0,0,1
2023-10-04,1623.6591214458915,1624.4218073398722,1583.429942483291,1590.86572265625,403295.0,0,1
2023-10-05,1602.352927128666,1615.8421339990837,1593.0106648482067,1601.3043212890625,366452.0,0,1
2023-10-06,1606.2614654188076,1612.8869647833435,1597.1098162306948,1603.639892578125,113179.0,0,1
2023-10-09,1592.009833012221,1594.8220194029582,1560.5986675853362,1571.4661865234375,392123.0,0,1
2023-10-10,1572.8960419357984,1620.6087156714702,1567.1762464687226,1611.9337158203125,192166.0,0,1
2023-10-11,1623.2301948758482,1646.252393575537,1607.500758249537,1628.330322265625,267441.0,0,1
2023-10-12,1621.5620218310837,1696.872662468741,1621.5620218310837,1691.6295166015625,653853.0,0,1
2023-10-13,1691.6294033525512,1691.820016641691,1638.7212985984984,1648.302001953125,239435.0,0,1
2023-10-16,1657.6921221879109,1665.127786664611,1631.1427608193696,1636.52880859375,157777.0,0,1
2023-10-17,1647.9683180258205,1713.0787014165678,1640.0082927984315,1694.822998046875,584239.0,0,1
2023-10-18,1701.4007084611158,1703.0689820231312,1582.4766359688765,1601.9715576171875,448226.0,0,1
2023-10-19,1601.9715490805595,1690.7237952024554,1598.3966771810049,1680.8570556640625,814654.0,0,1
2023-10-20,1713.078659459089,1714.2225719493129,1609.2167583452056,1616.8907470703125,652970.0,0,1
2023-10-23,1631.4762917253463,1649.159922254085,1517.8429560397658,1537.290283203125,387377.0,0,1
2023-10-24,1631.4762917253463,1649.159922254085,1517.8429560397658,1537.290283203125,387377.0,0,1
2023-10-25,1558.6442465697664,1602.4482997955795,1515.7457810678463,1526.6610107421875,482473.0,0,1
2023-10-26,1531.570520282709,1538.4343445632917,1470.0827199220705,1519.225341796875,699775.0,0,1
2023-10-27,1532.5716142804822,1567.2240199140406,1508.1671759304247,1561.3612060546875,427851.0,0,1
2023-10-30,1565.793844635321,1566.270494207508,1499.062904529097,1514.74462890625,696119.0,0,1
2023-10-31,1526.0888767268796,1529.3301170167458,1498.8722566057356,1514.2679443359375,378836.0,0,1
2023-11-01,1524.9782542735334,1577.7127873284562,1524.4019442863075,1570.70068359375,432973.0,0,1
2023-11-02,1578.9616559902508,1624.2998424187847,1577.2806833561688,1611.188232421875,463948.0,0,1
2023-11-03,1622.3785920714413,1631.2637323773388,1584.91691943036,1595.4830322265625,172810.0,0,1
2023-11-06,1608.2584911660604,1639.908755282558,1602.2550179075945,1625.0201416015625,404934.0,0,1
2023-11-07,1630.063043935233,1633.3289568084451,1587.7985925898297,1593.657958984375,251067.0,0,1
2023-11-08,1601.4865999809242,1613.733685990675,1578.721475241407,1598.1727294921875,280324.0,0,1
2023-11-09,1607.7783184664531,1607.7783184664531,1585.9736318123082,1600.7181396484375,181000.0,0,1
2023-11-10,1594.5226041412614,1611.3323303897384,1581.651133162787,1595.1949462890625,241625.0,0,1
2023-11-13,1604.1762385265802,1613.3975506280965,1594.570680659304,1602.255126953125,130235.0,0,1
2023-11-14,1604.1762385265802,1613.3975506280965,1594.570680659304,1602.255126953125,130235.0,0,1
2023-11-15,1618.296277854077,1626.2689373730334,1588.759188942361,1611.5723876953125,424831.0,0,1
2023-11-16,1618.24821078438,1655.9500236378233,1615.702831873706,1646.2965087890625,528735.0,0,1
2023-11-17,1652.3000644040978,1674.2487407383826,1624.2998396951264,1664.931396484375,712032.0,0,1
2023-11-20,1676.0737544721123,1772.2253617593135,1674.6329208446657,1762.1395263671875,1604788.0,0,1
2023-11-21,1777.988569329877,1777.988569329877,1731.11340509479,1741.247314453125,491044.0,0,1
2023-11-22,1742.688210778032,1760.746705172313,1720.3552903422658,1743.552734375,444354.0,0,1
2023-11-23,1743.5528805776562,1774.1465592996756,1703.5937828230587,1760.5067138671875,641343.0,0,1
2023-11-24,1760.506640492879,1791.4364890041106,1760.506640492879,1784.2803955078125,484781.0,0,1
2023-11-27,1760.506640492879,1791.4364890041106,1760.506640492879,1784.2803955078125,484781.0,0,1
2023-11-28,1794.2221518974657,1826.0165245337548,1789.5634798493293,1819.6768798828125,437063.0,0,1
2023-11-29,1829.8586016565796,1906.703057369192,1825.1038978614952,1871.2105712890625,733100.0,0,1
2023-11-30,1874.5245371931571,1891.9586474236544,1836.5825852489447,1858.867431640625,449157.0,0,1
2023-12-01,1889.4132478284253,1939.362149143666,1884.8506078044368,1919.6226806640625,572524.0,0,1
2023-12-04,1925.914512246232,2151.645140863621,1925.7224479750828,2102.80078125,1612669.0,1,0
2023-12-05,2102.7046890634447,2102.800603935577,1942.4358624551608,1960.7344970703125,1044014.0,1,0
2023-12-06,1980.6179384458824,2006.601019128501,1937.3449710242016,1985.56494140625,402457.0,0,1
2023-12-07,1993.105107293476,1993.1531819831296,1902.860941449918,1914.483642578125,387092.0,0,1
2023-12-08,1920.1509129902888,1921.1114687246509,1853.9685994416568,1872.9395751953125,305137.0,0,1
2023-12-11,1908.6243194874664,1930.8612090664333,1894.9844744234624,1924.4254150390625,505957.0,0,1
2023-12-12,1940.802852128145,1940.802852128145,1888.4525648522315,1896.5692138671875,346352.0,0,1
2023-12-13,1902.8610406598248,1930.7171588724125,1894.6002842271616,1905.21435546875,305419.0,0,1
2023-12-14,1925.9143495784824,2094.8760184130374,1925.9143495784824,2034.4571533203125,2044548.0,1,0
2023-12-15,2035.801687461722,2159.329246147942,2017.1670004051057,2111.78173828125,1327411.0,0,1
2023-12-18,2103.617159710747,2165.6691569475856,2055.685520058599,2143.480224609375,759334.0,0,1
2023-12-19,2148.763126554197,2181.902298599847,2116.968638700333,2160.9140625,665350.0,0,1
2023-12-20,2162.450996662175,2174.313953235471,2100.6391442192808,2114.71142578125,478027.0,0,1
2023-12-21,2072.3989923748222,2262.1087494983576,2038.539402812267,2231.6591796875,867167.0,0,1
2023-12-22,2281.3197031627974,2361.958304294567,2230.4102529448487,2293.903076171875,1253690.0,1,0
2023-12-25,2281.3197031627974,2361.958304294567,2230.4102529448487,2293.903076171875,1253690.0,0,1
2023-12-26,2287.0831900083717,2287.0831900083717,2239.9198099254736,2253.751953125,272464.0,0,1
2023-12-27,2271.762411095835,2286.074597888796,2211.439463421468,2239.727783203125,149971.0,0,1
2023-12-28,2260.187548210066,2282.2803291742957,2170.90394334589,2179.837158203125,184713.0,0,1
2023-12-29,2208.317831683229,2225.703985841344,2132.4339218515743,2202.698486328125,170045.0,0,1
2024-01-01,2223.78262445422,2263.069259302529,2201.5936936848034,2210.046630859375,140667.0,0,1
2024-01-02,2187.185230409146,2257.1618038073075,2172.776895557966,2217.1064453125,172597.0,0,1
2024-01-03,2219.123948051074,2245.731295743035,2163.3155645025013,2194.966064453125,130542.0,0,1
2024-01-04,2225.1274185369634,2230.122261587942,2172.008638094963,2177.77197265625,107331.0,0,1
2024-01-05,2185.744914883905,2185.744914883905,2134.3551750701117,2147.130615234375,199278.0,0,1
2024-01-08,2161.25048192821,2179.452966862757,2134.066706742264,2152.029052734375,132089.0,0,1
2024-01-09,2173.4495049151124,2186.224943623132,2150.6843799526328,2173.545654296875,151624.0,0,1
2024-01-10,2170.855841426161,2185.216101970631,2123.78861300586,2136.1796875,117356.0,0,1
2024-01-11,2156.6878018990637,2163.0754038447644,2047.520734502655,2066.53955078125,208501.0,0,1
2024-01-12,2092.4745306983323,2208.317646773543,2092.4745306983323,2185.6484375,872905.0,0,1
2024-01-15,2228.4890190679207,2271.714021592945,2199.6723507179045,2205.77197265625,328812.0,0,1
2024-01-16,2208.3175169540027,2228.2009727056093,2170.8558452875363,2189.01025390625,203029.0,0,1
2024-01-17,2170.856142817518,2209.278375433757,2138.3893093546567,2183.007080078125,328023.0,0,1
2024-01-18,2175.7068000448426,2194.869839928958,2060.3920379201813,2113.702880859375,283946.0,0,1
2024-01-19,2139.9259553224056,2169.8952451393293,2070.9580117398823,2126.238037109375,262233.0,0,1
2024-01-22,2139.9259553224056,2169.8952451393293,2070.9580117398823,2126.238037109375,262233.0,0,1
2024-01-23,2193.8613723984445,2199.192503990317,2018.127735699348,2036.3782958984373,368986.0,0,1
2024-01-24,2046.800404819739,2046.848245000824,1840.761070016083,1963.23193359375,656335.0,1,0
2024-01-25,1971.0604053569623,1993.6815402445552,1875.8693536760252,1939.9864501953125,405839.0,0,1
2024-01-26,1971.0604053569623,1993.6815402445552,1875.8693536760252,1939.9864501953125,405839.0,0,1
2024-01-29,1798.5445809626767,2000.9337446013403,1798.5445809626767,1927.3070068359373,1043453.0,1,0
2024-01-30,1921.1115067037736,1960.494292591201,1890.517829410584,1951.6572265625,364766.0,0,1
2024-01-31,1949.0156503579285,1949.0636077912131,1863.9103188975216,1895.9449462890625,832347.0,0,1
2024-02-01,1870.5382535688104,1891.526373673284,1824.047330891736,1862.6617431640625,839413.0,0,1
2024-02-02,1829.858793332574,2072.015003566847,1829.858793332574,2026.5325927734373,898369.0,1,0
2024-02-05,2031.575232327193,2096.893017574592,1982.5868933916436,2083.87744140625,400600.0,1,0
2024-02-06,2103.520864421924,2130.9447769605526,2067.5961745202435,2114.85546875,335519.0,0,1
2024-02-07,2118.1692070895983,2175.562407428989,2114.855336984685,2163.02734375,325982.0,0,1
2024-02-08,2170.855949849102,2175.562579121938,2067.1159310067555,2105.10595703125,300105.0,0,1
2024-02-09,2093.963680583132,2113.222872298723,2048.8656302787163,2105.778564453125,127568.0,0,1
2024-02-12,2105.778243495536,2125.421560753276,2057.75045826357,2081.620361328125,128095.0,0,1
2024-02-13,2057.510417082928,2066.155418835377,1996.803340567865,2048.096923828125,231272.0,0,1
2024-02-14,2017.2149250779205,2045.215028268408,1990.175143019822,2029.7021484375,91468.0,0,1
2024-02-15,2035.753913952911,2035.801754131664,1998.77251773439,2016.73486328125,377070.0,0,1
2024-02-16,2018.1276845775296,2035.8979664264991,1943.58857984049,1971.444580078125,532256.0,0,1
2024-02-19,1969.1392693035996,2011.7400102267077,1932.542119017854,1989.695068359375,283912.0,0,1
2024-02-20,1972.021033495102,2006.7450314398995,1925.914355654009,1934.943603515625,159750.0,0,1
2024-02-21,1940.322648659784,1951.3690399764112,1877.5503527594085,1886.915771484375,346969.0,0,1
2024-02-22,1892.19882541762,1985.420692081956,1859.6359615245667,1970.14794921875,350071.0,0,1
2024-02-23,1997.956032535052,2017.0231586690493,1952.8099106460388,2000.981689453125,156829.0,0,1
2024-02-26,2005.592259618474,2016.158372490778,1961.646835626847,2003.3829345703125,146339.0,0,1
2024-02-27,2000.837630917365,2010.6833273729117,1961.358812971072,1973.4617919921875,100427.0,0,1
2024-02-28,1984.9404993577696,1985.1325636169229,1932.1580046949148,1948.247314453125,405664.0,0,1
2024-02-29,1935.5679149725413,1961.3588134627105,1930.7651362125343,1945.5096435546875,216829.0,0,1
2024-03-01,1949.9281251439293,1963.9522153022715,1939.0258410972715,1955.211181640625,317499.0,0,1
2024-03-04,1916.3567718860024,1940.514654891006,1911.45784381822,1936.5284423828125,112124.0,0,1
2024-03-05,1937.392948659849,1945.0773949597055,1869.2415624401333,1879.0391845703125,129282.0,0,1
2024-03-06,1878.991142899952,1922.0239698968032,1834.661471843861,1890.805908203125,155122.0,0,1
2024-03-07,1903.8215309002012,1916.3087558758332,1867.3204117406617,1909.3447265625,133707.0,0,1
2024-03-08,1903.8215309002012,1916.3087558758332,1867.3204117406617,1909.3447265625,133707.0,0,1
2024-03-11,1908.4801185343465,1908.5281932227256,1846.6683810891404,1865.8314208984373,134268.0,0,1
2024-03-12,1882.641223030057,1928.795974399268,1859.443895130276,1886.2913818359373,347046.0,0,1
2024-03-13,1896.041079410108,1901.804414095631,1738.701995593187,1822.17431640625,388213.0,1,0
2024-03-14,1833.700919108052,1899.931190892401,1833.700919108052,1869.0013427734373,279534.0,0,1
2024-03-15,1866.4079470401132,1949.9282248424336,1855.8418335064844,1907.8558349609373,346736.0,0,1
2024-03-18,1907.4717818630688,1929.2763519332395,1886.915863997575,1916.64501953125,116815.0,0,1
2024-03-19,1917.3653808942768,1920.151016124616,1867.800725790053,1897.145751953125,182333.0,0,1
2024-03-20,1930.9571731439576,1972.6451983867937,1887.4920259807868,1920.871337890625,513291.0,0,1
2024-03-21,1939.5063307467929,1939.5063307467929,1891.382507036673,1908.432373046875,906767.0,0,1
2024-03-22,1884.658441798167,1926.7307129736932,1865.447326944865,1885.5709228515625,187131.0,0,1
2024-03-25,1884.658441798167,1926.7307129736932,1865.447326944865,1885.5709228515625,187131.0,0,1
2024-03-26,1863.4781327187916,1938.4495550120105,1836.8707856640656,1864.967041015625,658108.0,0,1
2024-03-27,1879.807585430528,1883.649808395128,1844.2670230079784,1866.2156982421875,207002.0,0,1
2024-03-28,1897.097626717314,1945.125414735474,1882.6892903118664,1917.60546875,346848.0,0,1
2024-03-29,1897.097626717314,1945.125414735474,1882.6892903118664,1917.60546875,346848.0,0,1
2024-04-01,1936.2883763623424,1949.880146761789,1901.996464873245,1927.499267578125,527039.0,0,1
2024-04-02,1927.739485245601,1939.7943903498249,1922.2162893188888,1929.8526611328125,109075.0,0,1
2024-04-03,1930.5250484552548,2022.21005051234,1922.6484207268195,1985.56494140625,674179.0,0,1
2024-04-04,2004.67964429526,2103.616876380747,1989.502818102345,2078.882568359375,635394.0,0,1
2024-04-05,2101.5037220966306,2103.5207482783912,2046.0797073575145,2078.9306640625,434220.0,0,1
2024-04-08,2098.766185451617,2098.766185451617,2002.7586875935708,2019.71240234375,332299.0,0,1
2024-04-09,2036.3783136682596,2052.659687717383,1984.5083000182187,1997.7159423828125,192322.0,0,1
2024-04-10,1978.7449138098295,2041.8533818772576,1971.060467542607,2018.4639892578125,297576.0,0,1
2024-04-11,1978.7449138098295,2041.8533818772576,1971.060467542607,2018.4639892578125,297576.0,0,1
2024-04-12,2040.220257752761,2040.220257752761,1988.398325885703,2006.552734375,215293.0,0,1
2024-04-15,1950.888766515152,1995.5546097662373,1940.3226530579057,1990.1275634765625,241184.0,0,1
2024-04-16,1960.638386216668,2022.306135520244,1949.9281661877703,1959.00537109375,295333.0,0,1
2024-04-17,1960.638386216668,2022.306135520244,1949.9281661877703,1959.00537109375,295333.0,0,1
2024-04-18,1964.288443324658,1978.168427075485,1915.732420286355,1933.5506591796875,345271.0,0,1
2024-04-19,1935.4718409318689,1935.5199156234764,1887.4921261539116,1893.7838134765625,280548.0,0,1
2024-04-22,1892.294800989208,1942.5798703461533,1851.9995347433755,1861.8931884765625,367059.0,0,1
2024-04-23,1872.55538486306,1938.4015293042487,1824.0953935325908,1828.85009765625,891531.0,0,1
2024-04-24,1858.4833146968813,1881.6806422887444,1804.932331556734,1816.5069580078125,553415.0,0,1
2024-04-25,1826.977109210207,1844.2190387067665,1825.0559976337504,1839.416259765625,355238.0,0,1
2024-04-26,1863.478214094156,1882.6412550122127,1794.3662725921315,1811.4161376953125,2045872.0,0,1
2024-04-29,1839.4643279212864,1839.4643279212864,1757.8170862119864,1769.0555419921875,615253.0,0,1
2024-04-30,1776.0676392513794,1785.3370259900505,1726.5990165247997,1735.2440185546875,664768.0,0,1
2024-05-01,1776.0676392513794,1785.3370259900505,1726.5990165247997,1735.2440185546875,664768.0,0,1
2024-05-02,1743.4086655732403,1757.8170016523582,1714.303779791287,1727.367431640625,1007029.0,0,1
2024-05-03,1747.0588406653806,1750.1325721556143,1709.7892307557593,1727.4154052734375,483754.0,0,1
2024-05-06,1743.4087427320037,1746.290410075362,1696.005338384822,1698.69482421875,336328.0,0,1
2024-05-07,1699.7995336081856,1734.0433715987908,1681.9332190386276,1723.3812255859375,559778.0,0,1
2024-05-08,1728.231840146651,1761.5631946709266,1705.9469938854186,1721.84423828125,922476.0,0,1
2024-05-09,1720.3554422453951,1757.769043849933,1680.97265434363,1684.958984375,258705.0,0,1
2024-05-10,1685.7753558147665,1685.7753558147665,1639.8127862312267,1653.7408447265625,586949.0,0,1
2024-05-13,1661.713314522441,1661.713314522441,1609.8913805298353,1633.9052734375,255398.0,0,1
2024-05-14,1647.353141347288,1647.353141347288,1620.3615477302171,1628.2861328125,151180.0,0,1
2024-05-15,1637.1712560750389,1697.1579162119583,1628.2861153206552,1684.1424560546875,429934.0,0,1
2024-05-16,1700.3277398329542,1728.0397490444393,1677.1783703146104,1694.7564697265625,402647.0,0,1
2024-05-17,1705.947165958909,1717.9060392235413,1690.6743047044902,1703.5457763671875,284629.0,0,1
2024-05-20,1705.947165958909,1717.9060392235413,1690.6743047044902,1703.5457763671875,284629.0,0,1
2024-05-21,1707.8683014675807,1720.6916986152685,1684.8149610653186,1687.936767578125,135594.0,0,1
2024-05-22,1690.578104486524,1701.0961429503698,1668.4853224392568,1688.9931640625,116452.0,0,1
2024-05-23,1697.1100293528343,1708.7806884842466,1691.0104062364892,1705.514892578125,111102.0,0,1
2024-05-24,1683.9022866711496,1718.0499728701195,1671.3669873637857,1681.3087158203125,148888.0,0,1
2024-05-27,1693.0276745969918,1748.2115584832388,1687.0242008384644,1736.876953125,691894.0,0,1
2024-05-28,1736.8767973867302,1743.8408263221877,1702.104727397339,1727.271240234375,588518.0,0,1
2024-05-29,1716.369024577003,1716.5131313910867,1671.3189362897615,1674.2967529296875,252426.0,0,1
2024-05-30,1673.2880735462556,1685.7752979757054,1654.07695903941,1664.3548583984375,166525.0,0,1
2024-05-31,1663.3463972890163,1675.1611627272284,1650.234787776742,1666.3240966796875,154467.0,0,1
2024-06-03,1729.000400200481,1744.2732605199874,1657.2469304942986,1662.433837890625,284491.0,0,1
2024-06-04,1663.53858248649,1678.90747569029,1605.13685866526,1635.2982177734375,353524.0,0,1
2024-06-05,1671.270949350083,1729.0003256613752,1613.7336372839502,1724.2935791015625,332351.0,0,1
2024-06-06,1738.6059916647855,1761.4672665236212,1709.7893177697892,1731.93017578125,416368.0,0,1
2024-06-07,1741.4875097999347,1859.6358626435044,1737.7893937514268,1848.877685546875,1136557.0,0,1
2024-06-10,1848.5894365038407,1851.951381439026,1793.549548234251,1812.8568115234373,453596.0,0,1
2024-06-11,1825.0559869634476,1825.0559869634476,1778.0368283067112,1790.23583984375,244394.0,0,1
2024-06-12,1792.3970028606807,1826.8329025353123,1792.3970028606807,1809.9752197265625,199264.0,0,1
2024-06-13,1839.368177642716,1839.368177642716,1813.529205239873,1831.107421875,186253.0,0,1
2024-06-14,1839.3682913200944,1839.3682913200944,1808.294335207968,1815.1142578125,167754.0,0,1
2024-06-17,1839.3682913200944,1839.3682913200944,1808.294335207968,1815.1142578125,167754.0,0,1
2024-06-18,1838.8880058763507,1856.7543199060124,1817.419607677187,1844.8914794921875,313460.0,0,1
2024-06-19,1845.2275821224064,1856.7542510372784,1809.7830517581076,1817.083251953125,265804.0,0,1
2024-06-20,1817.8999065555408,1828.850148752981,1793.3576592285026,1796.7196044921875,180064.0,0,1
2024-06-21,1827.998492194488,1865.872709134631,1809.716106228712,1814.5655517578125,730119.0,0,1
2024-06-24,1813.6925876305,1841.7708292629568,1793.3249168603174,1816.2628173828125,303665.0,0,1
2024-06-25,1832.99344377916,1847.0082939928309,1805.933514062449,1810.2010498046875,169316.0,0,1
2024-06-26,1823.391385997534,1827.6103796213092,1772.9571561720702,1777.6126708984375,221615.0,0,1
2024-06-27,1794.7312815559003,1819.5119960237928,1765.1982050977097,1789.8818359375,372132.0,0,1
2024-06-28,1789.445392108184,1849.5299745828931,1774.024131716774,1781.686279296875,545791.0,0,1
2024-07-01,1799.1443269048248,1818.251095309774,1771.5024868418666,1787.55419921875,710543.0,0,1
2024-07-02,1803.993690294661,1838.90969720359,1780.7648941672808,1790.0758056640625,572579.0,0,1
2024-07-03,1796.719600915624,1807.2428742245093,1748.22514475056,1775.77001953125,519872.0,0,1
2024-07-04,1794.052405220541,1794.100947034557,1755.4993125823378,1772.8603515625,1295955.0,0,1
2024-07-05,1770.047560126037,1774.1210468791471,1730.0881776333854,1738.57470703125,532787.0,0,1
2024-07-08,1754.5292910206165,1754.9172703194536,1723.3958762021678,1738.9625244140625,277154.0,0,1
2024-07-09,1743.8607190544496,1763.209960542596,1735.1317165675252,1742.6968994140625,487807.0,0,1
2024-07-10,1742.696896419801,1760.348831838494,1722.5231544601463,1737.8958740234375,269022.0,0,1
2024-07-11,1744.830603730407,1747.10981958386,1710.1570661632236,1720.00146484375,320771.0,0,1
2024-07-12,1741.920905875952,1847.6388227693144,1735.1316818552775,1782.65625,1530369.0,0,1
2024-07-15,1833.0904059567504,1870.964622813353,1790.3183201633594,1803.36328125,1071137.0,0,1
2024-07-16,1821.8396729212093,1821.8396729212093,1772.5208368450474,1786.584228515625,349027.0,0,1
2024-07-17,1821.8396729212093,1821.8396729212093,1772.5208368450474,1786.584228515625,349027.0,0,1
2024-07-18,1784.595908227619,1803.0238007582304,1747.7401231663964,1794.1492919921875,661739.0,0,1
2024-07-19,1813.6927022230277,1881.5849424131943,1770.0476906722058,1776.2550048828125,2392018.0,0,1
2024-07-22,1773.9272165890632,1833.0904534463252,1767.7199024857607,1822.47021484375,527193.0,0,1
2024-07-23,1847.6387851123927,1847.6387851123927,1763.6464104759814,1800.502197265625,655748.0,0,1
2024-07-24,1800.1141828516506,1837.5518787083172,1789.9788890399052,1828.9683837890625,224272.0,0,1
2024-07-25,1823.3914410032785,1847.5417023848609,1805.206021046464,1837.163818359375,251942.0,0,1
2024-07-26,1731.2520363522506,1743.3756500521963,1671.9918362658489,1736.0045166015625,3360819.0,1,0
2024-07-29,1736.0045875931812,1740.9509985061031,1685.6673177735972,1693.620361328125,1230242.0,0,1
2024-07-30,1706.034953669612,1716.6067687044288,1688.576949595676,1706.6654052734375,385293.0,0,1
2024-07-31,1706.8109124630878,1713.600136270189,1688.7224567838064,1703.9012451171875,520484.0,0,1
2024-08-01,1707.0048431080888,1728.34240364694,1698.4697715346815,1711.61181640625,777410.0,0,1
2024-08-02,1710.690470190119,1722.5230700476695,1697.9848280545514,1716.7037353515625,311067.0,0,1
2024-08-05,1648.8115661053318,1678.9266717735363,1605.1665540613672,1651.769775390625,683387.0,0,1
2024-08-06,1655.3096500011463,1690.4197058298798,1628.0073670402753,1645.5137939453125,636684.0,0,1
2024-08-07,1672.9130786855835,1681.6906218120057,1635.232913347,1650.945068359375,181001.0,0,1
2024-08-08,1650.945105995001,1670.8278316698534,1631.8383389238606,1639.7913818359375,394204.0,0,1
2024-08-09,1649.8784158109584,1663.3598987273915,1607.9307099101072,1629.0743408203125,262334.0,0,1
2024-08-12,1624.5642898983806,1638.8216127264868,1610.0159529739174,1614.9139404296875,180624.0,0,1
2024-08-13,1621.6545410572446,1626.503986455143,1601.7718149258608,1618.890380859375,215190.0,0,1
2024-08-14,1623.594373915948,1698.421342605404,1623.594373915948,1682.66064453125,639966.0,0,1
2024-08-15,1623.594373915948,1698.421342605404,1623.594373915948,1682.66064453125,639966.0,0,1
2024-08-16,1697.8394025975526,1736.7803550457825,1695.4146798600705,1731.4945068359375,382336.0,0,1
2024-08-19,1726.9360819660526,1773.9271614379677,1726.4511374167255,1766.1195068359375,346411.0,0,1
2024-08-20,1775.2850567914827,1885.9008391345371,1769.077742786981,1876.54150390625,1676227.0,0,1
2024-08-21,1914.5611228188016,1988.22415412258,1893.7570485533336,1951.61083984375,2388750.0,1,0
2024-08-22,1951.4168576871864,1951.4168576871864,1884.0095656348703,1901.8070068359373,555358.0,0,1
2024-08-23,1901.8070064927167,1915.4339956227284,1884.5430516544843,1900.3521728515625,213429.0,0,1
2024-08-26,1938.8083497619816,1973.5788510149976,1911.796961464492,1939.5357666015625,451361.0,0,1
2024-08-27,1954.4234599856425,1956.266272915214,1923.9689192172016,1940.8935546875,181900.0,0,1
2024-08-28,1954.278075760844,1970.8147329597373,1903.0194583783004,1952.0958251953125,378866.0,0,1
2024-08-29,1964.0253468338497,1969.7961393839664,1931.5826051291992,1949.864990234375,266645.0,0,1
2024-08-30,1962.0371421306952,1965.8682751801407,1905.832115151153,1917.7132568359373,230685.0,0,1
2024-09-02,1925.2298169978376,1952.4352529535813,1908.741702696093,1925.3267822265625,422837.0,0,1
2024-09-03,1942.6879872771424,1954.326657195927,1929.1095390385603,1941.087646484375,196791.0,0,1
2024-09-04,1930.0794283988175,1958.206214038801,1867.0366329988565,1929.1580810546875,278360.0,0,1
2024-09-05,1932.989055628136,1949.4286291899352,1920.1380245257408,1935.8017578125,229321.0,0,1
2024-09-06,1939.778080271997,1994.5768110396807,1930.273120320801,1948.798095703125,473988.0,0,1
2024-09-09,1948.4586073759035,1948.4586073759035,1887.404137540463,1900.7401123046875,208629.0,0,1
2024-09-10,1922.853765788515,1980.0286833503144,1914.4642010314617,1959.0791015625,650633.0,0,1
2024-09-11,1977.846439821135,2051.3155425875693,1951.1259465066291,2017.2723388671875,982838.0,0,1
2024-09-12,2036.7671718432457,2072.1681250681404,2006.845997484004,2054.613037109375,429986.0,0,1
2024-09-13,2061.01432781347,2075.4655806198184,1998.4564811574849,2069.35546875,324678.0,0,1
2024-09-16,2084.0006093635884,2091.856805591602,2039.725267778609,2085.891845703125,215575.0,0,1
2024-09-17,2085.891847442675,2092.487140520056,2040.7437003677423,2069.597900390625,365792.0,0,1
2024-09-18,2061.0143057968107,2070.713196647619,1956.217742795959,1997.195556640625,307017.0,0,1
2024-09-19,2002.1906659317497,2029.444407672024,1948.410244094975,1986.769287109375,348878.0,0,1
2024-09-20,1983.423259118873,2037.7370500776287,1959.2729962457777,1993.801025390625,183598.0,0,1
2024-09-23,2007.427935994565,2021.53986955546,1956.2662867017932,1987.884765625,388121.0,0,1
2024-09-24,1974.3548919549637,2000.2510035601213,1921.544356163595,1931.9222412109373,359140.0,0,1
2024-09-25,1938.274783136636,1950.8833411673245,1924.744877838494,1940.8935546875,97951.0,0,1
2024-09-26,1951.1258865804195,2012.0835122142928,1901.1281737058416,1910.87548828125,653148.0,0,1
2024-09-27,1919.507553454633,1932.601056709296,1834.2058518311972,1844.5836181640625,555849.0,0,1
2024-09-30,1847.6388304382183,1856.3678327867456,1776.351977925248,1824.1190185546875,375692.0,0,1
2024-10-01,1809.8616628391355,1869.5582679004403,1809.8131210246484,1856.6588134765625,248319.0,0,1
2024-10-02,1809.8616628391355,1869.5582679004403,1809.8131210246484,1856.6588134765625,248319.0,0,1
2024-10-03,1856.367708979806,1877.705268853137,1814.7110201304183,1822.8095703125,319150.0,0,1
2024-10-04,1813.692750425393,1852.439775462975,1792.4037304721198,1827.3681640625,181085.0,0,1
2024-10-07,1828.095450140813,1839.5886123200455,1761.0761368746605,1786.05078125,224376.0,0,1
2024-10-08,1773.9272473872795,1789.1544596160595,1751.6683388525628,1776.982421875,191800.0,0,1
2024-10-09,1780.9588292736275,1841.7708274408576,1780.9588292736275,1808.9886474609373,177281.0,0,1
2024-10-10,1816.6022525960573,1854.379385023892,1773.7332024820882,1804.042236328125,151957.0,0,1
2024-10-11,1805.012120321124,1822.4701237672095,1786.050741442648,1795.4586181640625,60044.0,0,1
2024-10-14,1796.283159192406,1813.304641900212,1779.795044454042,1791.724609375,210242.0,0,1
2024-10-15,1792.355068286631,1836.921425359376,1792.355068286631,1824.4583740234373,256296.0,0,1
2024-10-16,1824.4583268220715,1824.4583268220715,1785.3233260776797,1789.493896484375,109254.0,0,1
2024-10-17,1798.1744792827858,1822.3731661525903,1786.5358095139652,1802.87841796875,266810.0,0,1
2024-10-18,1793.082473344503,1800.114169318403,1752.6381452386956,1775.575927734375,256135.0,0,1
2024-10-21,1784.547479444711,1789.3969251546555,1729.3123401663083,1737.1199951171875,219980.0,0,1
2024-10-22,1747.7885839242413,1747.7885839242413,1649.7812495210503,1653.1273193359375,202072.0,0,1
2024-10-23,1653.127525819484,1706.0350266766193,1644.0590858830535,1670.8280029296875,258999.0,0,1
2024-10-24,1677.9082132637077,1755.208330412844,1677.9082132637077,1724.0264892578125,386865.0,0,1
2024-10-25,1803.945261322661,1842.789368796476,1711.611862412411,1743.9576416015625,2126024.0,0,1
2024-10-28,1745.7518660810251,1755.1598615381467,1700.0216890010738,1715.830810546875,242808.0,0,1
2024-10-29,1726.4025078781513,1754.529290309874,1704.095059742647,1731.251953125,267888.0,0,1
2024-10-30,1740.9508972381093,1782.6561276454847,1728.3423392079726,1775.6729736328125,107888.0,0,1
2024-10-31,1778.5342207322503,1803.945268988934,1759.6213823931753,1780.4739990234375,180217.0,0,1
2024-11-01,1794.2948392814787,1794.7312420196538,1775.9154881504887,1788.96044921875,16726.0,0,1
2024-11-04,1803.9936458055809,1806.1273543728628,1755.6446999988093,1785.5172119140625,119964.0,0,1
2024-11-05,1785.5172629560047,1823.3429372558176,1770.241509873388,1815.680908203125,241524.0,0,1
2024-11-06,1828.321893599657,1881.7658998327488,1806.1145668087372,1864.4881591796875,453590.0,0,1
2024-11-07,1877.8125606626172,1884.4015480859168,1845.014069320558,1876.0067138671875,144144.0,0,1
2024-11-08,1876.0066955346788,1883.3277926001356,1830.4207121371608,1842.8665771484373,186149.0,0,1
2024-11-11,1854.677953024703,1859.558684480031,1809.775223635684,1819.63427734375,119106.0,0,1
2024-11-12,1837.1561469216783,1837.1561469216783,1769.1186799704103,1777.3671875,174524.0,0,1
2024-11-13,1774.4386978407072,1794.5472867241908,1748.277930722617,1752.572998046875,152479.0,0,1
2024-11-14,1751.2064341408768,1781.4669689560203,1743.5437096403516,1758.6251220703125,130458.0,0,1
2024-11-15,1751.2064341408768,1781.4669689560203,1743.5437096403516,1758.6251220703125,130458.0,0,1
2024-11-18,1737.5403386449052,1762.871286367938,1701.2764813409296,1734.4654541015625,186966.0,0,1
2024-11-19,1750.9135120448943,1780.4419366316008,1741.1033135533244,1769.9483642578125,163087.0,0,1
2024-11-20,1750.9135120448943,1780.4419366316008,1741.1033135533244,1769.9483642578125,163087.0,0,1
2024-11-21,1771.510281352024,1776.586194243614,1716.1139810644827,1735.7344970703125,292468.0,0,1
2024-11-22,1752.1825650409587,1766.8247591777913,1742.0306199410586,1759.503662109375,111002.0,0,1
2024-11-25,1800.9898255788012,1815.6320192826936,1782.003828739478,1802.5516357421875,540486.0,0,1
2024-11-26,1810.7513553025497,1866.6357300147172,1805.919478864192,1824.12451171875,394646.0,0,1
2024-11-27,1830.274282791319,1855.6540861793585,1817.5355261196985,1844.96533203125,204668.0,0,1
2024-11-28,1853.7016737128567,1853.7016737128567,1804.8943626619655,1813.4844970703125,156569.0,0,1
2024-11-29,1806.846770519135,1824.417403619807,1799.281636823012,1809.23828125,173616.0,0,1
2024-12-02,1808.799067826705,1854.6779432653743,1804.6015911338163,1825.3935546875,226422.0,0,1
2024-12-03,1835.057389912606,1852.725613501552,1825.0518906826844,1831.8360595703125,292687.0,0,1
2024-12-04,1833.1537995905396,1924.6675103815917,1833.1537995905396,1888.891845703125,1085620.0,0,1
2024-12-05,1907.682775301904,1923.740334387552,1899.043785158762,1907.1947021484373,423543.0,0,1
2024-12-06,1908.3659121919563,1954.0496041983567,1896.505711463518,1950.7794189453125,435755.0,0,1
2024-12-09,1950.4867721838257,1985.4815935481467,1943.702483837624,1954.391357421875,422470.0,0,1
2024-12-10,1952.2925971784969,2025.50356957269,1952.2925971784969,2016.5230712890625,623143.0,0,1
2024-12-11,2030.38415748173,2061.620836827603,1977.1841879707904,2036.97314453125,805662.0,0,1
2024-12-12,2036.2409946670289,2052.835480241976,2020.6226553023728,2039.8038330078125,259367.0,0,1
2024-12-13,2039.803975589773,2052.445260550222,2016.034956697904,2030.6282958984373,304689.0,0,1
2024-12-16,2041.268203132087,2056.4473254869345,2020.3299130378136,2027.2117919921875,201315.0,0,1
2024-12-17,2030.4330137394409,2036.7291092606813,2007.4935773303223,2013.7896728515625,141958.0,0,1
2024-12-18,2014.863702629656,2025.503602128506,1999.0987966638704,2003.491455078125,213272.0,0,1
2024-12-19,1947.4118307461083,1985.2374991377933,1935.258857210108,1969.3751220703125,245568.0,0,1
2024-12-20,1972.498661102436,1993.5346602548675,1872.394935604433,1878.495849609375,225664.0,0,1
2024-12-23,1888.2086017523395,1900.849768034472,1841.5976151823609,1849.7484130859373,151301.0,0,1
2024-12-24,1850.773326543308,1913.2466877768368,1842.6225290265663,1856.923095703125,236574.0,0,1
2024-12-25,1850.773326543308,1913.2466877768368,1842.6225290265663,1856.923095703125,236574.0,0,1
2024-12-26,1866.2941256772128,1902.4602744203028,1833.7396705630715,1882.3516845703125,202173.0,0,1
2024-12-27,1892.259564829589,1897.628369372567,1866.1476518251052,1884.7432861328125,156590.0,0,1
2024-12-30,1892.55248959112,1892.55248959112,1795.230632218067,1804.943359375,828194.0,0,1
2024-12-31,1800.8921683526885,1805.1383805384835,1747.5457540943733,1793.522216796875,551669.0,0,1
2025-01-01,1800.4041950029236,1805.0896255798496,1756.2823123297078,1762.0904541015625,335107.0,0,1
2025-01-02,1764.872424438612,1788.6904168302094,1751.743305006484,1755.1109619140625,388573.0,0,1
2025-01-03,1755.1109712828877,1764.872433859544,1728.755022325914,1734.4654541015625,401847.0,0,1
2025-01-06,1734.465480211383,1746.5697178203447,1698.1040315659686,1706.3525390625,448016.0,0,1
2025-01-07,1709.2321284533978,1793.8639628784747,1707.426281675363,1789.276123046875,494389.0,0,1
2025-01-08,1781.4670006459892,1783.370438270957,1723.435150671901,1756.233642578125,337269.0,0,1
2025-01-09,1770.534155909773,1800.9898719343769,1737.540364251052,1751.01123046875,304015.0,0,1
2025-01-10,1742.6162426192168,1768.044900164897,1693.6137483981206,1699.177734375,237399.0,0,1
2025-01-13,1699.1289966304296,1710.8914874667848,1630.164240125175,1641.9755859375,415017.0,0,1
2025-01-14,1635.142573611186,1681.5583758614137,1628.8952137257415,1672.5777587890625,309726.0,0,1
2025-01-15,1685.80452619544,1707.7678162008815,1663.011535732599,1676.0919189453125,253873.0,0,1
2025-01-16,1680.5822606659335,1735.5880795116746,1680.5822606659335,1723.7767333984375,335824.0,0,1
2025-01-17,1723.7767188929963,1727.7788947610293,1662.7675771288357,1713.3807373046875,485549.0,0,1
2025-01-20,1698.494570089685,1738.8581959552348,1690.6853996524917,1697.3232421875,327731.0,0,1
2025-01-21,1702.2039264845523,1717.2853388095689,1678.9715974150677,1691.6614990234375,201800.0,0,1
2025-01-22,1680.1918460358045,1701.325437604132,1645.001723688552,1667.941162109375,371011.0,0,1
2025-01-23,1661.4009485216225,1763.8963066854124,1653.59177837581,1713.3807373046875,737847.0,0,1
2025-01-24,1582.4307806642005,1582.4307806642005,1297.1520177168647,1312.8192138671875,14806000.0,1,0
2025-01-27,1288.5130702090044,1371.2903211706716,1267.18429814368,1318.480712890625,8055032.0,1,0
2025-01-28,1328.4375458965606,1349.2782459211974,1264.4511071894806,1285.8287353515625,1668507.0,0,1
2025-01-29,1289.4893060288975,1345.1296470157615,1276.8482586786106,1332.7813720703125,1191830.0,0,1
2025-01-30,1327.5588751488306,1355.867115868916,1310.671497676562,1330.048095703125,996895.0,0,1
2025-01-31,1340.2487953272446,1436.399200527342,1337.6132481272823,1419.755859375,2709381.0,0,1
2025-02-03,1408.0420945590054,1427.7603200787662,1374.4139042941756,1395.74267578125,579606.0,0,1
2025-02-04,1403.161336982131,1420.927269690161,1381.3444927858404,1410.677734375,1132378.0,0,1
2025-02-05,1410.7265191798367,1484.718452925927,1410.7265191798367,1473.5416259765625,884518.0,0,1
2025-02-06,1475.9331321855063,1476.7628326675394,1453.0912860699875,1460.998046875,350003.0,0,1
2025-02-07,1463.2432415680512,1492.5276293245834,1448.5034568956255,1487.988525390625,322877.0,0,1
2025-02-10,1472.0284914563802,1483.6933910561895,1454.457859595495,1464.0728759765625,359936.0,0,1
2025-02-11,1450.553317355294,1460.3147797870254,1411.6050584209902,1420.8297119140625,468864.0,0,1
2025-02-12,1432.2994922051375,1434.3493755727443,1375.3901161039448,1398.817626953125,872782.0,0,1
2025-02-13,1398.8175731208755,1452.06639860265,1398.8175731208755,1414.4359130859375,311147.0,0,1
2025-02-14,1428.053107860369,1432.9826940831058,1374.316328327339,1385.2979736328125,726905.0,0,1
2025-02-17,1366.6046915097654,1410.9217531947052,1355.574191693476,1404.96728515625,437129.0,0,1
2025-02-18,1409.4575441352265,1439.8156676000478,1389.2025101672934,1434.9349365234375,304729.0,0,1
2025-02-19,1434.8373659463746,1451.3829968657749,1407.6517172983813,1441.2799072265625,733972.0,0,1
2025-02-20,1465.195608141326,1500.385730204117,1410.5314148995444,1417.9013671875,1630554.0,0,1
2025-02-21,1410.5313602694464,1410.8242518138634,1319.7986121286551,1332.293212890625,1921791.0,1,0
2025-02-24,1331.4146250109118,1344.5925993362926,1306.083677582182,1321.5068359375,759726.0,0,1
2025-02-25,1322.629359584167,1322.6782145617506,1293.3938260474683,1302.2767333984375,350221.0,0,1
2025-02-26,1322.629359584167,1322.6782145617506,1293.3938260474683,1302.2767333984375,350221.0,0,1
2025-02-27,1302.1791193317565,1309.5490713062088,1266.2568890661091,1276.79931640625,613325.0,0,1
2025-02-28,1257.520367457499,1266.061646879392,1220.1827745560831,1236.9237060546875,880907.0,0,1
2025-03-03,1236.9237300982693,1248.491039194214,1184.2605690296666,1200.513427734375,431681.0,0,1
2025-03-04,1190.8984395151929,1223.892230830727,1170.2041864263535,1182.6011962890625,459012.0,0,1
2025-03-05,1190.8984753998411,1248.003033441555,1182.601231923695,1239.3153076171875,444112.0,0,1
2025-03-06,1244.5865864435184,1275.774414416884,1240.0963371005964,1244.7330322265625,738935.0,0,1
2025-03-07,1244.732967197359,1251.2730996857515,1220.1828641391817,1239.3153076171875,598886.0,0,1
2025-03-10,1238.7296255787212,1249.223198057028,1221.158992591789,1229.9931640625,630323.0,0,1
2025-03-11,1208.4690681925251,1228.9192846475771,1199.4885702764568,1214.0819091796875,221952.0,0,1
2025-03-12,1217.2054874463795,1220.182781095643,1160.1497882657372,1182.89404296875,471488.0,0,1
2025-03-13,1180.8929275898363,1186.993841660873,1161.7604848947612,1163.907958984375,238536.0,0,1
2025-03-14,1180.8929275898363,1186.993841660873,1161.7604848947612,1163.907958984375,238536.0,0,1
2025-03-17,1171.3754418689768,1192.1185486520733,1156.7332488456143,1174.6455078125,525665.0,0,1
2025-03-18,1174.6455078125,1174.6455078125,1174.6455078125,1174.6455078125,0.0,0,1
2025-03-19,1201.5872012101047,1233.9464738335114,1172.3516681401109,1223.8433837890625,426337.0,0,1
2025-03-20,1231.896541070037,1268.9412427993632,1229.9442486119228,1252.6396484375,453526.0,0,1
2025-03-21,1240.1938120572372,1313.4047808917849,1237.753446429419,1285.340576171875,588923.0,0,1
2025-03-24,1289.5868486104634,1309.7931484452347,1281.6800874396763,1289.4892578125,394487.0,0,1
2025-03-25,1306.0837114703984,1307.938413218233,1254.6408506177293,1270.405517578125,337887.0,0,1
2025-03-26,1273.7732461788944,1277.3849395858424,1241.1699380906305,1249.22314453125,286536.0,0,1
2025-03-27,1245.3186094487712,1260.204840131972,1230.2371971741006,1250.1993408203125,668755.0,0,1
2025-03-28,1254.3479328098915,1280.1669534911089,1229.4073484279847,1234.7274169921875,360331.0,0,1
2025-03-31,1254.3479328098915,1280.1669534911089,1229.4073484279847,1234.7274169921875,360331.0,0,1
2025-04-01,1234.7274863950065,1246.3923870892943,1200.6599564810424,1205.6871337890625,855696.0,0,1
2025-04-02,1205.784629830691,1227.0646652943717,1187.0914057065388,1220.5244140625,715265.0,0,1
2025-04-03,1215.1556748621388,1215.1556748621388,1173.6207220736412,1187.2379150390625,646568.0,0,1
2025-04-04,1181.1369937044904,1187.2379079281704,1120.7623703786471,1131.1094970703125,491666.0,0,1
2025-04-07,1068.8802144178414,1105.9737743702417,1058.1914599370573,1094.4552001953125,1181080.0,1,0
2025-04-08,1132.3296831845266,1154.3905652493563,1113.294830751683,1125.78955078125,654562.0,0,1
2025-04-09,1137.5033389302191,1139.1627399883166,1096.2123024908994,1121.689697265625,347217.0,0,1
2025-04-10,1137.5033389302191,1139.1627399883166,1096.2123024908994,1121.689697265625,347217.0,0,1
2025-04-11,1151.559686094866,1157.416563608259,1109.585397248884,1116.906494140625,399166.0,0,1
2025-04-14,1151.559686094866,1157.416563608259,1109.585397248884,1116.906494140625,399166.0,0,1
2025-04-15,1152.926316758765,1175.5729813464764,1133.50098247262,1158.5880126953125,455650.0,0,1
2025-04-16,1163.371154584,1166.9828480647657,1143.5553379405044,1156.2452392578125,288039.0,0,1
2025-04-17,1156.2452452612706,1169.4232197745905,1129.98688702896,1161.1259765625,312649.0,0,1
2025-04-18,1156.2452452612706,1169.4232197745905,1129.98688702896,1161.1259765625,312649.0,0,1
2025-04-21,1162.5902670123326,1224.0874851666372,1161.9070122517903,1211.3975830078125,462806.0,0,1
2025-04-22,1217.0591399010625,1217.0591399010625,1172.3515959074798,1176.549072265625,770580.0,0,1
2025-04-23,1219.2066959170843,1229.2610502001294,1186.6033865420493,1217.4495849609375,1778731.0,0,1
2025-04-24,1218.7186493040283,1248.4911113014437,1208.5667040043606,1213.1546630859375,943872.0,0,1
2025-04-25,1147.9479831186816,1164.0543961471326,1098.1645246671062,1142.8720703125,5852653.0,1,0
2025-04-28,1150.8764157088808,1174.0110339083403,1133.3057834079818,1153.511962890625,799132.0,0,1
2025-04-29,1151.8525851190786,1174.9872037839264,1144.6290789739244,1169.4232177734375,528447.0,0,1
2025-04-30,1171.375543468318,1177.6229035318456,1151.950208540772,1159.368896484375,380845.0,0,1
2025-05-01,1171.375543468318,1177.6229035318456,1151.950208540772,1159.368896484375,380845.0,0,1
2025-05-02,1164.5424870532652,1195.1935034193052,1159.3688642168793,1163.46875,339324.0,0,1
2025-05-05,1171.3756071346286,1195.2911924469604,1161.6141437418398,1176.0611572265625,373219.0,0,1
2025-05-06,1175.963365096645,1186.4082016922,1131.1583465812396,1135.1605224609375,335237.0,0,1
2025-05-07,1109.585388456746,1155.7571534848614,1109.585388456746,1152.438232421875,297801.0,0,1
2025-05-08,1153.8049125435325,1179.4776075841633,1142.091157086238,1151.0716552734375,278468.0,0,1
2025-05-09,1122.5681789528142,1153.8048587149794,1120.6158864676788,1151.1693115234375,188165.0,0,1
2025-05-12,1171.3755987231507,1235.7036658513946,1171.3755987231507,1228.382568359375,722141.0,1,0
2025-05-13,1229.944237803253,1239.3152176881542,1206.0286554015229,1213.740234375,511262.0,0,1
2025-05-14,1226.820611694259,1261.1809108274056,1222.8183168826563,1256.495361328125,903106.0,0,1
2025-05-15,1267.0377339205118,1283.1441457923825,1252.7860236110348,1262.5474853515625,411526.0,0,1
2025-05-16,1272.894730527198,1294.369948373516,1262.4500131471536,1273.1876220703125,368425.0,0,1
2025-05-19,1279.532570479408,1279.7277520688106,1253.4693937362367,1267.2330322265625,215171.0,0,1
2025-05-20,1272.894817243648,1286.9513482596312,1256.300329595533,1259.4239501953125,373417.0,0,1
2025-05-21,1258.0573077546592,1283.3393997621154,1245.464997567302,1273.4803466796875,264066.0,0,1
2025-05-22,1269.1853093112345,1275.4326691563415,1252.3956414385823,1268.111572265625,196268.0,0,1
2025-05-23,1268.1115998436426,1308.0360062542943,1266.6473804336565,1300.8125,713881.0,0,1
2025-05-26,1312.6237994487774,1343.1772243819016,1305.79077577823,1318.96875,787397.0,0,1
2025-05-27,1321.7020335202094,1332.4396423597384,1306.0836933899852,1314.673828125,296753.0,0,1
2025-05-28,1321.506819401328,1327.4612875977032,1308.6216176159924,1314.0880126953125,209009.0,0,1
2025-05-29,1317.7974706951493,1339.6631710776392,1313.0143301179671,1322.2877197265625,278792.0,0,1
2025-05-30,1327.5589110690437,1331.073013766648,1300.4219974293876,1314.673828125,211472.0,0,1
2025-06-02,1309.9883698287574,1311.745480879404,1293.296291481564,1302.17919921875,130097.0,0,1
2025-06-03,1304.1314358998493,1312.8191616623158,1289.4892416345067,1296.322265625,170012.0,0,1
2025-06-04,1300.2268725168874,1325.6066763347849,1289.1963716557154,1318.18798828125,257702.0,0,1
2025-06-05,1327.070821338533,1327.1684121314304,1298.6649894137363,1307.2550048828125,314103.0,0,1
2025-06-06,1307.2549279418706,1311.4524042156995,1287.5368225980708,1295.0531005859375,199202.0,0,1
2025-06-09,1298.2744798919584,1310.86679003238,1288.1225353152438,1292.4176025390625,233692.0,0,1
2025-06-10,1296.322217846553,1335.9537316990215,1294.9555892671276,1316.8212890625,656877.0,0,1
2025-06-11,1324.5329556917663,1324.5329556917663,1298.2745960453185,1311.35498046875,336211.0,0,1
2025-06-12,1317.6998613961257,1317.6998613961257,1279.3372656800766,1283.8275146484375,429012.0,0,1
2025-06-13,1268.9902106985587,1285.0966249112712,1249.4672843801193,1273.2852783203125,330300.0,0,1
2025-06-16,1268.9902023215686,1288.9036108666196,1251.5171595502131,1286.2679443359375,239062.0,0,1
2025-06-17,1293.3937623865938,1314.185724871746,1282.9490453273152,1299.8363037109375,425287.0,0,1
2025-06-18,1303.1553106030285,1328.5351144050348,1290.8558910537529,1324.1424560546875,602697.0,0,1
2025-06-19,1323.6543739748963,1323.6543739748963,1252.395694549994,1258.44775390625,1904020.0,0,1
2025-06-20,1252.200528676116,1277.775514223303,1248.6863066486376,1275.4327392578125,368257.0,0,1
2025-06-23,1268.8925606024277,1285.5846379929635,1260.790498895496,1278.068359375,249555.0,0,1
2025-06-24,1288.5130441839142,1294.9555855731385,1267.62349069651,1277.4825439453125,567084.0,0,1
2025-06-25,1281.6799641339603,1295.7364932844123,1262.254630868705,1265.671142578125,586039.0,0,1
2025-06-26,1269.9662162518696,1276.3111666020902,1241.267493913023,1264.597412109375,590491.0,0,1
2025-06-27,1267.0378771002138,1293.2962359812136,1263.133291962771,1272.5042724609375,674332.0,0,1
2025-06-30,1277.6778775047612,1277.7754683001317,1248.4910801801898,1257.862060546875,480216.0,0,1
2025-07-01,1259.2287449283913,1271.6257554515014,1248.1006531182572,1263.718994140625,346076.0,0,1
2025-07-02,1269.966347709248,1276.31129871625,1254.738489124139,1264.792724609375,288614.0,0,1
2025-07-03,1266.8426873968683,1277.7754780483278,1263.4261754234772,1266.3546142578125,281479.0,0,1
2025-07-04,1279.8736273337909,1284.215551163539,1268.3281693954902,1277.3079833984375,200390.0,0,1
2025-07-07,1276.4198627935336,1281.8472375483575,1263.1967802082784,1279.3802490234375,207422.0,0,1
2025-07-08,1279.3802572968452,1289.642953718563,1268.0321100088286,1272.867431640625,291240.0,0,1
2025-07-09,1272.8673847654154,1294.2807963282446,1260.4337870689849,1274.150146484375,363439.0,0,1
2025-07-10,1274.150155375643,1279.8736168030032,1260.039053618095,1276.8145751953125,221020.0,0,1
2025-07-11,1269.0189059665909,1277.8014092675314,1245.335815964104,1254.5130615234375,757277.0,0,1
2025-07-14,1253.2301635749675,1278.9854995378548,1237.540092553486,1276.7159423828125,251280.0,0,1
2025-07-15,1277.9000236304332,1300.3002306875364,1274.3475843359631,1288.1627197265625,509181.0,0,1
2025-07-16,1288.1627877036483,1299.2148484159832,1282.9327237035598,1286.78125,244584.0,0,1
2025-07-17,1287.7680327951437,1288.754828222573,1275.235779050163,1279.2816162109375,154925.0,0,1
2025-07-18,1274.0514950230702,1279.18290329022,1258.3614243401655,1261.716552734375,215759.0,0,1
2025-07-21,1262.0127338272002,1271.7820329414694,1247.408112882795,1266.1572265625,171584.0,0,1
2025-07-22,1264.9730900521008,1273.4595066868835,1251.453920340694,1254.414306640625,151942.0,0,1
2025-07-23,1254.2170410645545,1270.7952531266717,1245.3358818437985,1263.394287109375,330233.0,0,1
2025-07-24,1264.677017988064,1268.3282334089504,1214.7451925719192,1225.2052001953125,548779.0,0,1
2025-07-25,1196.982883153216,1284.511591553266,1190.075314989925,1226.7840576171875,2791955.0,0,1
2025-07-28,1220.6659194939543,1256.0918987269754,1205.2719352233871,1217.310791015625,629314.0,0,1
2025-07-29,1217.7055575767438,1222.9356215260436,1194.2197782180683,1216.126708984375,267349.0,0,1
2025-07-30,1213.7583526381163,1220.764575947839,1203.890398551628,1208.1336669921875,382810.0,0,1
2025-07-31,1198.9564430921578,1207.837601929877,1186.128102548785,1189.6805419921875,368176.0,0,1
2025-08-01,1189.6805833369517,1210.7980302877727,1162.543708167503,1166.2935791015625,627523.0,0,1
2025-08-04,1170.3393708032024,1200.3379757316643,1165.7014805019394,1194.0224609375,183401.0,0,1
2025-08-05,1192.936968065453,1200.2392780247903,1185.6346581061157,1192.048828125,133379.0,0,1
2025-08-06,1192.048897519917,1195.9960792997845,1167.3790113957468,1180.4046630859375,282617.0,0,1
2025-08-07,1169.451236471973,1179.615277553669,1151.5902633345618,1171.326171875,472544.0,0,1
2025-08-08,1171.3262204518653,1172.3130159198113,1146.0642805641348,1150.603515625,138851.0,0,1
2025-08-11,1150.603498047064,1156.5242707642874,1138.7619526126175,1147.44580078125,161640.0,0,1
2025-08-12,1144.7813049691188,1166.2934926004018,1144.7813049691188,1155.340087890625,174828.0,0,1
2025-08-13,1155.3401000374104,1165.405364912558,1149.8139494424672,1153.6624755859375,127261.0,0,1
2025-08-14,1153.662460235861,1167.576251069349,1152.6756648510973,1157.510986328125,148077.0,0,1
2025-08-15,1153.662460235861,1167.576251069349,1152.6756648510973,1157.510986328125,148077.0,0,1
2025-08-18,1167.181696450675,1170.832791401045,1154.7479775203817,1166.3922119140625,139194.0,0,1
2025-08-19,1164.4186527321565,1196.1934186318138,1160.9648685926963,1193.2330322265625,270368.0,0,1
2025-08-20,1197.0815433899566,1218.5937325106788,1190.1739751990642,1214.3504638671875,384273.0,0,1
2025-08-21,1217.70556640625,1224.415823545506,1207.1469034384484,1217.70556640625,334676.0,0,1
2025-08-22,1217.7055820003195,1221.060710612914,1208.6271120682918,1213.8570556640625,154561.0,0,1
2025-08-25,1213.8570060789154,1265.565109498248,1211.4886730103915,1227.573486328125,905587.0,0,1
2025-08-26,1223.6263897222195,1230.7312689630403,1184.154570698922,1186.72021484375,327308.0,0,1
2025-08-27,1223.6263897222195,1230.7312689630403,1184.154570698922,1186.72021484375,327308.0,0,1
2025-08-28,1187.2135554060628,1191.1607371182986,1154.550650828996,1161.0634765625,232769.0,0,1
2025-08-29,1164.4185711586313,1176.2601159500748,1148.6298447700397,1152.5770263671875,246542.0,0,1
2025-09-01,1155.4388274914306,1182.1809603492134,1152.9718388429555,1176.5562744140625,528378.0,0,1
2025-09-02,1179.1218270208235,1195.0092085925082,1175.3719563827474,1187.2135009765625,181681.0,0,1
2025-09-03,1189.0885358805774,1203.9891233173532,1170.3394220368173,1187.312255859375,331925.0,0,1
2025-09-04,1199.3512252924534,1199.4498807466948,1164.4186419424925,1167.3790283203125,206874.0,0,1
2025-09-05,1176.950895722308,1176.950895722308,1141.228948291204,1150.110107421875,358280.0,0,1
2025-09-08,1162.4450700832697,1170.339433886891,1148.7285888827907,1152.182373046875,205136.0,0,1
2025-09-09,1159.484610885891,1174.5826288961157,1156.2281378379057,1165.9974365234375,199380.0,0,1
2025-09-10,1174.286605870242,1230.0405497624006,1171.8196172024473,1212.6729736328125,816346.0,0,1
2025-09-11,1216.7187378626077,1223.6263057174644,1201.9168067450578,1217.310791015625,255985.0,0,1
2025-09-12,1221.6527231926827,1223.429003122213,1205.8639965601442,1210.7979736328125,299807.0,0,1
2025-09-15,1213.6596988658407,1221.6527175952556,1203.890400215034,1205.962646484375,203868.0,0,1
2025-09-16,1205.96269510379,1263.591573463552,1203.8904487509046,1255.401123046875,773882.0,0,1
2025-09-17,1266.0585883283698,1267.736092444419,1239.4151106316697,1243.954345703125,608084.0,0,1
2025-09-18,1249.184312528293,1263.2954143780864,1225.2051362866182,1232.5074462890625,989382.0,0,1
2025-09-19,1238.4282709626927,1238.4282709626927,1220.7646085839697,1225.7972412109375,337406.0,0,1
2025-09-22,1208.8243662877528,1210.7979570898551,1175.4706335488522,1179.023193359375,1085448.0,0,1
2025-09-23,1182.0822196123274,1191.2593444475026,1169.845932707006,1181.7861328125,337789.0,0,1
2025-09-24,1179.2204979075063,1183.759732636219,1162.6422870757306,1165.0106201171875,176274.0,0,1
2025-09-25,1166.392181532465,1175.273340275098,1152.182303452567,1154.6492919921875,139353.0,0,1
2025-09-26,1153.4651617310506,1155.4387525217758,1114.9801413119085,1119.1246337890625,346659.0,0,1
2025-09-29,1127.907209230217,1147.6431184030992,1119.519447831742,1132.8411865234375,326223.0,0,1
2025-09-30,1135.702829909141,1152.2809200615222,1121.8876945529464,1131.0648193359375,389741.0,0,1
2025-10-01,1131.2622700515706,1144.6826633927667,1130.1768192038307,1134.22265625,303718.0,0,1
2025-10-02,1131.2622700515706,1144.6826633927667,1130.1768192038307,1134.22265625,303718.0,0,1
2025-10-03,1139.748662212486,1159.484569783265,1131.9529546303445,1154.8466796875,328468.0,0,1
2025-10-06,1164.4185669714288,1176.062800824512,1147.840356139653,1165.0106201171875,830699.0,0,1
2025-10-07,1167.378966961493,1182.1808980725857,1159.1885168966523,1163.3331298828125,404592.0,0,1
2025-10-08,1168.3657600600704,1176.2601233037196,1151.195495913449,1156.326904296875,295369.0,0,1
2025-10-09,1159.4846053633755,1174.0892255972797,1156.3269082385216,1161.162109375,509758.0,0,1
2025-10-10,1167.1817365374254,1173.3984757576577,1158.201801344148,1161.359619140625,106855.0,0,1
2025-10-13,1160.9648273963187,1161.3595696613645,1136.196286109638,1147.54443359375,227599.0,0,1
2025-10-14,1157.4123431650894,1157.4123431650894,1131.8543183367683,1137.47900390625,224992.0,0,1
2025-10-15,1142.6104923317034,1152.9718447080056,1097.9086096105707,1110.1448974609375,657673.0,0,1
2025-10-16,1115.078797184504,1172.2142746894474,1091.7904499367598,1165.0106201171875,1858454.0,0,1
2025-10-17,1094.3561046732902,1168.7605023378928,1093.3693092678138,1155.2413330078125,2136258.0,0,1
2025-10-20,1152.083693872644,1184.055890710774,1149.616705234801,1179.8126220703125,447768.0,0,1
2025-10-21,1183.858453977848,1191.0621089510646,1164.4186317831452,1174.977294921875,98685.0,0,1
2025-10-22,1183.858453977848,1191.0621089510646,1164.4186317831452,1174.977294921875,98685.0,0,1
2025-10-23,1180.7993645593722,1205.86399208724,1180.207311404533,1195.699951171875,470255.0,0,1
2025-10-24,1207.800048828125,1208.0999755859375,1180.0999755859375,1185.5999755859375,327164.0,0,1
2025-10-27,1190.9000244140625,1215.0,1189.300048828125,1208.0999755859375,290385.0,0,1
2025-10-28,1217.9000244140625,1217.9000244140625,1180.9000244140625,1187.699951171875,352572.0,0,1
2025-10-29,1193.0,1193.9000244140625,1181.0999755859375,1185.300048828125,398093.0,0,1
2025-10-30,1183.699951171875,1194.5,1173.300048828125,1175.800048828125,414448.0,0,1
2025-10-31,1175.800048828125,1195.699951171875,1160.0,1162.5,289501.0,0,1
2025-11-03,1162.5,1169.300048828125,1149.199951171875,1160.5,263687.0,0,1
2025-11-04,1160.5999755859375,1166.0999755859375,1151.0999755859375,1156.5999755859375,336973.0,0,1
2025-11-05,1160.5999755859375,1166.0999755859375,1151.0999755859375,1156.5999755859375,336973.0,0,1
2025-11-06,1158.9000244140625,1161.5999755859375,1139.199951171875,1142.199951171875,257304.0,0,1
2025-11-07,1141.5999755859375,1144.4000244140625,1096.9000244140625,1112.699951171875,1638795.0,0,1
2025-11-10,1112.699951171875,1150.0,1112.699951171875,1143.199951171875,269774.0,0,1
2025-11-11,1143.199951171875,1161.0999755859375,1128.4000244140625,1158.5,234881.0,0,1
2025-11-12,1157.300048828125,1176.5,1154.0999755859375,1167.0,189671.0,0,1
2025-11-13,1167.0,1181.5999755859375,1150.9000244140625,1153.800048828125,265566.0,0,1
2025-11-14,1153.800048828125,1153.800048828125,1125.0,1131.5999755859375,196466.0,0,1
2025-11-17,1135.0,1138.5,1120.5999755859375,1134.199951171875,217107.0,0,1
2025-11-18,1139.800048828125,1140.0999755859375,1116.0,1127.9000244140625,282931.0,0,1
2025-11-19,1130.0,1156.4000244140625,1122.0,1152.5999755859375,359019.0,0,1
2025-11-20,1162.0,1163.0,1145.0,1148.9000244140625,231252.0,0,1
2025-11-21,1148.0,1148.0,1118.0,1120.199951171875,175464.0,0,1
2025-11-24,1119.5999755859375,1134.9000244140625,1113.4000244140625,1118.0999755859375,295259.0,0,1
2025-11-25,1118.699951171875,1122.699951171875,1101.0999755859375,1103.5999755859375,298545.0,0,1
2025-11-26,1109.4000244140625,1120.699951171875,1103.5999755859375,1118.4000244140625,311613.0,0,1
2025-11-27,1121.5999755859375,1124.699951171875,1109.0,1113.300048828125,200347.0,0,1
2025-11-28,1107.9000244140625,1127.0,1106.199951171875,1123.5999755859375,278398.0,0,1
2025-12-01,1130.0,1167.5,1120.0,1163.300048828125,667205.0,0,1
2025-12-02,1165.9000244140625,1182.0,1156.0,1178.800048828125,552741.0,0,1
2025-12-03,1180.0,1194.5,1166.199951171875,1180.5999755859375,360596.0,0,1
2025-12-04,1180.5999755859375,1193.0,1170.5,1177.199951171875,234386.0,0,1
2025-12-05,1182.5,1188.0,1160.5999755859375,1169.199951171875,374403.0,0,1
2025-12-08,1175.4000244140625,1179.0,1125.5999755859375,1141.9000244140625,247882.0,0,1
2025-12-09,1143.9000244140625,1153.4000244140625,1123.5999755859375,1131.5999755859375,201211.0,0,1
2025-12-10,1131.5999755859375,1142.4000244140625,1123.300048828125,1139.0,474024.0,0,1
2025-12-11,1144.800048828125,1157.5,1113.0,1154.4000244140625,242391.0,0,1
2025-12-12,1164.0,1170.0999755859375,1144.9000244140625,1167.699951171875,578777.0,0,1
2025-12-15,1157.800048828125,1164.9000244140625,1152.5999755859375,1158.0,109745.0,0,1
2025-12-16,1148.0,1154.199951171875,1141.0,1149.800048828125,273414.0,0,1
2025-12-17,1142.0,1152.0999755859375,1126.0,1138.800048828125,878154.0,0,1
2025-12-18,1148.699951171875,1151.0,1130.0,1141.300048828125,468028.0,0,1
2025-12-19,1151.5,1160.199951171875,1139.9000244140625,1157.5999755859375,300830.0,0,1
2025-12-22,1165.0,1166.5,1140.0,1161.699951171875,493494.0,0,1
2025-12-23,1165.0,1169.0,1139.9000244140625,1144.699951171875,326489.0,0,1
2025-12-24,1151.0,1151.9000244140625,1118.0,1121.5999755859375,726849.0,0,1
2025-12-25,1151.0,1151.9000244140625,1118.0,1121.5999755859375,726849.0,0,1
2025-12-26,1122.5,1128.5,1115.0,1119.4000244140625,706982.0,0,1
2025-12-29,1119.4000244140625,1122.0,1085.0,1105.0,1554536.0,0,1
2025-12-30,1105.0,1111.5999755859375,1076.300048828125,1092.9000244140625,1255450.0,0,1
2025-12-31,1097.0,1129.0,1092.9000244140625,1117.800048828125,365525.0,0,1
2026-01-01,1116.0,1120.9000244140625,1105.0,1109.0999755859375,157220.0,0,1
2026-01-02,1105.0,1114.0,1101.199951171875,1105.9000244140625,136553.0,0,1
2026-01-05,1106.699951171875,1174.4000244140625,1106.699951171875,1154.199951171875,1286852.0,0,1
2026-01-06,1150.0,1155.9000244140625,1132.0,1141.300048828125,263020.0,0,1
2026-01-07,1132.199951171875,1184.5,1132.199951171875,1176.9000244140625,379839.0,0,1
2026-01-08,1186.0,1208.0,1170.0,1180.5999755859375,690724.0,0,1
2026-01-09,1170.0,1184.4000244140625,1152.4000244140625,1159.0999755859375,230408.0,0,1
2026-01-12,1153.0,1159.0,1133.0999755859375,1152.699951171875,177081.0,0,1
2026-01-13,1158.0,1180.5,1152.300048828125,1175.0,177933.0,0,1
2026-01-14,1175.0,1185.199951171875,1161.0999755859375,1175.9000244140625,255742.0,0,1
2026-01-15,1175.9000244140625,1175.9000244140625,1175.9000244140625,1175.9000244140625,0.0,0,1
2026-01-16,1175.9000244140625,1204.4000244140625,1168.0,1201.0,401804.0,0,1
2026-01-19,1200.0,1208.0,1179.699951171875,1183.0999755859375,186234.0,0,1
2026-01-20,1177.199951171875,1191.0,1156.5999755859375,1183.199951171875,980807.0,0,1
2026-01-21,1165.5999755859375,1173.0999755859375,1115.800048828125,1123.199951171875,683043.0,0,1
2026-01-22,1132.300048828125,1140.0,1118.0,1134.4000244140625,280745.0,0,1
2026-01-23,1132.0,1137.0999755859375,1072.199951171875,1085.800048828125,738409.0,0,1
2026-01-26,1132.0,1137.0999755859375,1072.199951171875,1085.800048828125,738409.0,0,1
2026-01-27,1085.0,1119.9000244140625,1068.9000244140625,1110.0,337045.0,0,1
2026-01-28,1110.0999755859375,1123.300048828125,1097.5999755859375,1118.199951171875,199647.0,0,1
2026-01-29,1124.0999755859375,1124.0999755859375,1094.5,1115.0,180728.0,0,1
2026-01-30,1115.0,1148.0,1102.0,1138.0999755859375,247081.0,0,1
2026-02-02,1140.0999755859375,1140.0999755859375,1105.0,1129.5999755859375,223192.0,0,1
2026-02-03,1182.9000244140625,1182.9000244140625,1141.0999755859375,1156.300048828125,181934.0,0,1
2026-02-04,1135.0,1156.300048828125,1111.5,1148.300048828125,212085.0,0,1
2026-02-05,1132.0999755859375,1139.300048828125,1098.0,1102.0999755859375,235456.0,0,1
2026-02-06,1094.0,1096.300048828125,1037.5999755859375,1066.5999755859375,620633.0,0,1
2026-02-09,1070.9000244140625,1089.9000244140625,1070.9000244140625,1079.300048828125,147092.0,0,1
2026-02-10,1082.0,1097.4000244140625,1073.0,1083.9000244140625,241572.0,0,1
2026-02-11,1085.0,1095.5,1058.0,1061.9000244140625,150681.0,0,1
2026-02-12,1055.0,1058.300048828125,1012.0,1017.0,400280.0,0,1
2026-02-13,990.0,1029.699951171875,982.5,995.2000122070312,370990.0,0,1
2026-02-16,1000.0,1002.0999755859376,985.0,990.5,167975.0,0,1
2026-02-17,990.9000244140624,1019.0,987.7000122070312,1010.2999877929688,183178.0,0,1
2026-02-18,1010.5,1028.0999755859375,1000.0999755859376,1019.7999877929688,202240.0,0,1
2026-02-19,1020.0,1029.5999755859375,988.0999755859376,993.7999877929688,134478.0,0,1
2026-02-20,992.5999755859376,999.4000244140624,981.0999755859376,988.5999755859376,144991.0,0,1
2026-02-23,995.0,998.7999877929688,971.2999877929688,982.0,174985.0,0,1
2026-02-24,979.7999877929688,980.0,944.5,950.0999755859376,401287.0,0,1
2026-02-25,950.7999877929688,959.7999877929688,929.0999755859376,931.7999877929688,245304.0,0,1
2026-02-26,929.2000122070312,945.0,919.0999755859376,921.9000244140624,256589.0,0,1
2026-02-27,925.2000122070312,942.7999877929688,908.0999755859376,914.7000122070312,490683.0,0,1
2026-03-02,896.4000244140625,919.8499755859376,875.0,899.5,181048.0,0,1
2026-03-03,896.4000244140625,919.8499755859376,875.0,899.5,181048.0,0,1
2026-03-04,889.9500122070312,907.5,875.9000244140625,882.25,259099.0,0,1
2026-03-05,886.9000244140625,893.9000244140625,872.9500122070312,885.7999877929688,195981.0,0,1
2026-03-06,870.0,893.4000244140625,868.7999877929688,884.8499755859375,193290.0,0,1
2026-03-09,872.5,875.0,853.2999877929688,858.2999877929688,371838.0,0,1
2026-03-10,866.9500122070312,913.9500122070312,866.0,907.7999877929688,290951.0,0,1
2026-03-11,911.9500122070312,953.0999755859376,900.0,924.5999755859376,500278.0,0,1
2026-03-12,922.9000244140624,925.0,899.0499877929688,902.5499877929688,199791.0,0,1
2026-03-13,903.0,909.4500122070312,867.4500122070312,870.0999755859375,151895.0,0,1
2026-03-16,871.0,876.7999877929688,841.9500122070312,854.5,260716.0,0,1
2026-03-17,859.0,869.75,841.0,850.8499755859375,308476.0,0,1
2026-03-18,852.0,879.4000244140625,852.0,858.0999755859375,311318.0,0,1
2026-03-19,847.9500122070312,853.5999755859375,828.1500244140625,829.8499755859375,260528.0,0,1
2026-03-20,844.1500244140625,848.75,821.2000122070312,825.3499755859375,199549.0,0,1
2026-03-23,820.0,825.3499755859375,788.25,791.4000244140625,309297.0,0,1
2026-03-24,815.0,815.0,781.0999755859375,798.4500122070312,414210.0,0,1
2026-03-25,807.0,827.7999877929688,795.4500122070312,815.7000122070312,586179.0,0,1
2026-03-26,807.0,827.7999877929688,795.4500122070312,815.7000122070312,586179.0,0,1
2026-03-27,809.0,809.0,780.2999877929688,784.75,666594.0,0,1
2026-03-30,781.0,793.9500122070312,750.2999877929688,752.8499755859375,382835.0,0,1
2026-03-31,781.0,793.9500122070312,750.2999877929688,752.8499755859375,382835.0,0,1
2026-04-01,792.2000122070312,811.25,767.0,780.4500122070312,421493.0,0,1
2026-04-02,775.0,811.5499877929688,760.3499755859375,804.8499755859375,396748.0,0,1
2026-04-03,775.0,811.5499877929688,760.3499755859375,804.8499755859375,396748.0,0,1
2026-04-06,804.7999877929688,817.0499877929688,796.2000122070312,813.1500244140625,169371.0,0,1
2026-04-07,813.0,854.6500244140625,799.25,832.3499755859375,622415.0,0,1
2026-04-08,864.0,864.0,836.0,859.25,338644.0,0,1
2026-04-09,864.0,892.5499877929688,855.25,890.2000122070312,449349.0,0,1
2026-04-10,896.2000122070312,917.0,884.25,910.0,406807.0,0,1
2026-04-13,886.0499877929688,906.8499755859376,871.3499755859375,896.1500244140625,250101.0,0,1
2026-04-14,886.0499877929688,906.8499755859376,871.3499755859375,896.1500244140625,250101.0,0,1
2026-04-15,924.1500244140624,982.5,922.0,962.5999755859376,2177102.0,1,0
2026-04-16,972.0499877929688,977.9000244140624,950.0499877929688,967.2999877929688,435206.0,0,1
2026-04-17,966.9000244140624,989.5,957.5999755859376,962.2999877929688,376297.0,0,1
2026-04-20,966.4000244140624,970.0,945.2000122070312,948.0499877929688,192941.0,0,1
2026-04-21,952.0,971.0,947.0499877929688,958.4000244140624,194329.0,0,1
2026-04-22,956.9000244140624,967.8499755859376,947.0999755859376,961.7999877929688,264731.0,0,1
2026-04-23,952.1500244140624,961.8499755859376,933.0499877929688,935.9000244140624,230018.0,0,1
2026-04-24,937.0,937.0,867.0499877929688,873.0499877929688,2049322.0,1,0
2026-04-27,880.0,893.9000244140625,874.5999755859375,885.2000122070312,945939.0,0,1
2026-04-28,885.7999877929688,889.25,853.9500122070312,858.5,748771.0,0,1
2026-04-29,865.0499877929688,865.7999877929688,841.5,844.2000122070312,599970.0,0,1
2026-04-30,845.0,880.0,841.0,871.75,587705.0,0,1
2026-05-01,871.75,871.75,871.75,871.75,0.0,0,1
2026-05-04,878.0,882.9000244140625,862.2000122070312,871.7999877929688,218915.0,0,1
2026-05-05,875.0,878.0,862.4000244140625,869.9000244140625,174901.0,0,1
2026-05-06,871.0,904.5,870.2000122070312,900.75,567949.0,0,1
2026-05-07,903.0,904.0,887.0,894.4000244140625,372760.0,0,1
2026-05-08,896.0,919.5,894.0,904.7000122070312,376693.0,0,1
2026-05-11,904.7000122070312,927.5999755859376,881.0499877929688,919.75,603457.0,0,1
2026-05-12,919.9500122070312,921.9500122070312,884.0,903.4500122070312,494759.0,0,1
2026-05-13,898.0,902.0,877.0499877929688,886.5499877929688,294459.0,0,1
2026-05-14,889.5,893.7000122070312,870.0,871.8499755859375,267979.0,0,1
2026-05-15,876.25,884.75,869.0,870.7000122070312,122437.0,0,1
2026-05-18,870.7000122070312,879.4000244140625,856.2999877929688,876.4500122070312,182249.0,0,1
2026-05-19,875.25,910.4000244140624,875.25,905.8499755859376,371270.0,0,1
2026-05-20,900.2000122070312,914.4000244140624,895.0,905.0499877929688,198055.0,0,1
2026-05-21,909.0,912.5,897.5,902.25,108610.0,0,1
2026-05-22,903.9500122070312,911.0,890.5499877929688,901.7000122070312,235998.0,0,1
2026-05-25,910.0,925.0,902.6500244140624,918.0499877929688,365567.0,0,1
2026-05-26,921.0,932.0,917.2000122070312,925.5499877929688,336958.0,0,1
2026-05-27,925.5499877929688,927.2999877929688,915.25,917.5,153501.0,0,1
2026-05-28,917.5,917.5,917.5,917.5,0.0,0,1
2026-05-29,922.5,927.5999755859376,885.7000122070312,908.25,407322.0,0,1
2026-06-01,919.0,929.5999755859376,899.0,906.4500122070312,494645.0,0,1
2026-06-02,905.0,931.5,904.0,925.5999755859376,589573.0,0,1
2026-06-03,925.5,925.5999755859376,893.2000122070312,906.2999877929688,418105.0,0,1
2026-06-04,901.5999755859376,903.5999755859376,891.0,892.4500122070312,285079.0,0,1
2026-06-05,895.3499755859375,906.2000122070312,872.2000122070312,877.2000122070312,509518.0,0,1
2026-06-08,874.0,884.0999755859375,860.0,862.2999877929688,349547.0,0,1
2026-06-09,869.4500122070312,874.0,862.0,864.0,317767.0,0,1
2026-06-10,865.5999755859375,873.8499755859375,845.3499755859375,848.9000244140625,349230.0,0,1
2026-06-11,853.0,857.2000122070312,840.0999755859375,846.6500244140625,692295.0,0,1
2026-06-12,873.7000122070312,883.4500122070312,861.75,877.9500122070312,1685172.0,0,1
2026-06-15,895.5,905.4500122070312,878.8499755859375,897.0,1011550.0,0,1
2026-06-16,900.0,912.7999877929688,879.0,907.6500244140624,1284148.0,0,1
2026-06-17,865.0,884.0,855.1500244140625,876.1500244140625,1532390.0,0,1
2026-06-18,870.0999755859375,878.5999755859375,870.0,873.4500122070312,223289.0,0,1
2026-06-19,861.0,869.7999877929688,853.5999755859375,859.0499877929688,359706.0,0,1
2026-06-22,864.9000244140625,884.9000244140625,864.0499877929688,876.6500244140625,292924.0,0,1
