Date,Open,High,Low,Close,Volume,is_outlier,data_quality
2021-01-01,392.2445161239798,392.2445161239798,386.211842851732,390.8635559082031,162202.0,0,1
2021-01-04,392.0991554743865,393.4316723568488,385.8242064220368,391.2511901855469,129174.0,0,1
2021-01-05,390.0640294077055,401.596351318736,385.242735178972,395.9997863769531,555906.0,0,1
2021-01-06,397.33231007505753,398.785964868015,383.5468112069072,391.4934692382813,268896.0,0,1
2021-01-07,391.0815879444039,397.283872138298,382.7957673419388,386.6721801757813,123522.0,0,1
2021-01-08,387.641261945938,398.30139664945136,384.8066470478309,393.4801025390625,192902.0,0,1
2021-01-11,396.82355459671146,396.82355459671146,387.64129549474296,390.5243835449219,146180.0,0,1
2021-01-12,388.75575097978657,390.7666519921516,384.2494269195008,387.22943115234375,117178.0,0,1
2021-01-13,388.65884126067056,389.9429148792112,374.2434306143126,383.4256896972656,219398.0,0,1
2021-01-14,382.7957950716748,387.6170897979576,378.7013278043889,381.4390563964844,49482.0,0,1
2021-01-15,381.58440041823263,384.7339859454942,377.9502632713923,379.1374206542969,50686.0,0,1
2021-01-18,379.1373858669182,383.7648474943699,368.6226107718964,377.4898986816406,97052.0,0,1
2021-01-19,379.3796839581463,385.0731653005152,371.16652836209033,372.7897644042969,148968.0,0,1
2021-01-20,374.6068114638435,376.9811260154068,369.8824335992545,373.2016296386719,104506.0,0,1
2021-01-21,375.96364141130766,376.6904688947103,368.74380991296647,373.904296875,202984.0,0,1
2021-01-22,375.5274926892352,375.5274926892352,362.4445993955457,367.0962829589844,172140.0,0,1
2021-01-25,367.7746916558805,369.8582577753576,354.37682709308814,365.9091796875,192546.0,0,1
2021-01-26,367.7746916558805,369.8582577753576,354.37682709308814,365.9091796875,192546.0,0,1
2021-01-27,369.08294088065975,376.9811256443914,358.83466323153425,362.5172729492188,331334.0,0,1
2021-01-28,363.41368723411927,373.05627556527054,351.5663951153507,356.6057434082031,90796.0,0,1
2021-01-29,358.3986461833674,360.8698478128357,340.15526440363965,355.7336120605469,563340.0,0,1
2021-02-01,353.9891712654085,382.3112186644204,353.06854095513296,377.3203430175781,170326.0,0,1
2021-02-02,381.00291181358193,390.064032521248,376.3270066840682,388.7557373046875,210402.0,1,0
2021-02-03,390.0640457868489,392.4868038352144,381.0998410078965,386.5268249511719,235876.0,0,1
2021-02-04,388.4165496107637,394.4250012633213,386.018042857422,388.6103820800781,124948.0,0,1
2021-02-05,390.5001382587694,398.01068790469066,386.5752526344788,394.9095458984375,154124.0,0,1
2021-02-08,396.847775523961,399.1736173776628,391.51770772083086,393.0198059082031,93672.0,0,1
2021-02-09,395.0064982724831,396.7024289928602,385.5092684935605,390.0882873535156,299932.0,0,1
2021-02-10,393.89202829478864,396.4116730882552,386.0907293775275,394.5946044921875,587824.0,0,1
2021-02-11,394.5945774653904,404.60057967894,387.64127394389465,400.53033447265625,758546.0,0,1
2021-02-12,404.1160478308311,404.1160478308311,393.4559122765405,394.8853454589844,213708.0,0,1
2021-02-15,393.9404323101916,399.6581350068916,393.9404323101916,397.0657958984375,143934.0,0,1
2021-02-16,397.2354067572491,399.65816482429096,393.9646833667426,395.6606140136719,179068.0,0,1
2021-02-17,397.30808620629807,399.14937635222776,388.56193583212047,390.8635559082031,423320.0,0,1
2021-02-18,392.8260212063557,415.5514754205524,386.6964311188816,411.9415893554688,658986.0,0,1
2021-02-19,414.04933028809495,420.97841205381366,392.4867847084341,394.6672668457031,425824.0,0,1
2021-02-22,392.05068052716274,393.940443562316,381.8993483534145,390.2336120605469,362276.0,1,0
2021-02-23,391.541924023255,407.8713192568193,390.7181803682095,403.5345764160156,230662.0,0,1
2021-02-24,407.55633839674266,413.3225142590693,385.7030730952159,396.4116516113281,231688.0,0,1
2021-02-25,399.2704994899872,409.00997435883886,398.7859479129362,407.0475463867188,265846.0,0,1
2021-02-26,405.4001083288923,423.9826503754758,403.1711532221088,421.6810302734375,664558.0,0,1
2021-03-01,433.67368948457744,459.8394763361609,412.6441378517649,417.1747131347656,2441054.0,1,0
2021-03-02,429.7972587775594,450.53606083971385,424.7336887654128,439.5125122070313,634858.0,0,1
2021-03-03,440.82084933887376,457.9012944492836,438.03467744143103,448.3556213378906,593088.0,0,1
2021-03-04,445.0606395166514,449.0097468414189,437.065538207969,446.07818603515625,375564.0,0,1
2021-03-05,444.818401568884,462.1653442118622,444.818401568884,454.3640747070313,453738.0,0,1
2021-03-08,459.3549237762554,471.9532655675873,455.5027325828154,459.2095642089844,569644.0,0,1
2021-03-09,461.4384914805522,469.9181446407129,436.0964482368371,452.0382080078125,240910.0,0,1
2021-03-10,454.4124767916056,460.5662879212712,449.66387710777457,452.2319946289063,148860.0,0,1
2021-03-11,454.4124767916056,460.5662879212712,449.66387710777457,452.2319946289063,148860.0,0,1
2021-03-12,455.45429589683926,465.1695498511905,451.1175530327691,457.9012756347656,231218.0,0,1
2021-03-15,460.3239993668134,464.99993392709615,443.3646941269834,448.7674560546875,166046.0,0,1
2021-03-16,450.1484427089754,454.21868803589433,431.7597033163148,433.940185546875,155746.0,0,1
2021-03-17,435.5876943096635,439.4883290216553,421.1480616305041,424.3218688964844,266890.0,0,1
2021-03-18,430.28182931640833,439.0037582890382,411.69928691848406,418.1922607421875,199714.0,0,1
2021-03-19,411.3843125312528,445.739033146127,392.46257827617126,435.4180603027344,282716.0,0,1
2021-03-22,440.4574132559849,445.6421213951669,427.2533818905002,433.8675231933594,199512.0,1,0
2021-03-23,437.5500914203726,440.215125199788,428.3193894266069,435.7088012695313,138230.0,0,1
2021-03-24,438.37385996625807,439.0037711622605,427.834862148621,429.8457336425781,152974.0,0,1
2021-03-25,429.8699867385452,438.5192214308152,416.71439826574704,418.7737426757813,392708.0,0,1
2021-03-26,421.53567053863424,473.21308095879664,417.6834794018362,430.960205078125,159982.0,1,0
2021-03-29,421.53567053863424,473.21308095879664,417.6834794018362,430.960205078125,159982.0,0,1
2021-03-30,443.3647255645064,448.2102416908945,435.6118997622856,440.8935241699219,287260.0,0,1
2021-03-31,441.9110696486128,463.2313405527125,436.096450311131,452.6681213378906,835758.0,0,1
2021-04-01,457.9012561463399,464.6849784596191,444.3338115197817,447.1684265136719,313864.0,0,1
2021-04-02,457.9012561463399,464.6849784596191,444.3338115197817,447.1684265136719,313864.0,0,1
2021-04-05,450.5845590314274,460.3240346719823,441.7172408090519,447.9195251464844,543852.0,0,1
2021-04-06,453.0558018450012,454.2914026623685,440.94201035181936,442.5652465820313,232440.0,0,1
2021-04-07,444.76993767874336,449.7123404746655,439.97286487719134,441.2084655761719,407018.0,0,1
2021-04-08,443.3647134103194,447.2169045401325,440.0939901146696,442.73480224609375,211292.0,0,1
2021-04-09,442.73481373198655,447.1684432363021,439.9728636290701,441.9837646484375,199570.0,0,1
2021-04-12,441.9837673576021,441.9837673576021,410.439439483038,420.5423583984375,306568.0,1,0
2021-04-13,423.98263568750167,431.2509094421446,416.7143619328588,420.3969421386719,272006.0,0,1
2021-04-14,423.98263568750167,431.2509094421446,416.7143619328588,420.3969421386719,272006.0,0,1
2021-04-15,420.59079197621605,421.5598951835345,411.9900010112646,419.8155212402344,148442.0,0,1
2021-04-16,423.0135697448956,425.0002195827815,412.4018772994284,415.5757141113281,318528.0,0,1
2021-04-19,411.8688769774907,412.52300983458144,398.03493414218354,400.8211059570313,336872.0,0,1
2021-04-20,401.49945308830536,407.7259590351412,401.49945308830536,404.6248168945313,142848.0,0,1
2021-04-21,401.49945308830536,407.7259590351412,401.49945308830536,404.6248168945313,142848.0,0,1
2021-04-22,404.62482381884064,414.1704966348676,393.1409445254349,405.8119812011719,302660.0,0,1
2021-04-23,402.662387694506,407.9440120705527,401.30564910216873,405.012451171875,161028.0,0,1
2021-04-26,407.023307823786,411.21469062112914,400.724137583656,405.133544921875,88936.0,0,1
2021-04-27,407.1687236655771,423.0135676827189,402.4443453323509,418.846435546875,245934.0,0,1
2021-04-28,421.3660986373156,428.8282057997504,415.96336554069495,424.58837890625,195984.0,0,1
2021-04-29,424.46718664296367,428.8281508892955,416.7143613161516,420.0820007324219,134800.0,0,1
2021-04-30,419.86396878883727,419.86396878883727,407.02335116286594,409.6883850097656,68106.0,0,1
2021-05-03,404.116032641146,409.2765189885589,401.28141762335633,404.67327880859375,162762.0,0,1
2021-05-04,406.7810461669792,419.1371112977212,399.9246295684793,404.3098449707031,294852.0,0,1
2021-05-05,410.89973397383096,412.3291670293601,402.2020273220666,405.4000854492188,164976.0,0,1
2021-05-06,407.5079007294023,409.446107153799,396.8962087259573,401.5721435546875,179286.0,0,1
2021-05-07,414.77619581138185,423.8857605521155,404.043365363258,408.3316650390625,602760.0,0,1
2021-05-10,411.2873993570368,411.2873993570368,402.17783503267896,403.9949035644531,249008.0,0,1
2021-05-11,402.1778207400111,403.3165051495829,395.63637425809526,397.7199401855469,251416.0,0,1
2021-05-12,395.39413634287456,400.72420435730055,392.9713781544991,397.81689453125,211358.0,0,1
2021-05-13,395.39413634287456,400.72420435730055,392.9713781544991,397.81689453125,211358.0,0,1
2021-05-14,396.847793824586,400.23965531026624,389.5795192124141,391.34814453125,209788.0,0,1
2021-05-17,396.8477746352364,405.4001225118888,382.844221063045,395.9028930664063,982432.0,0,1
2021-05-18,395.9755948865324,399.4401212694102,392.48681726259474,393.89202880859375,138850.0,0,1
2021-05-19,394.4734536368362,399.2705264028604,390.5485974280406,392.2203063964844,173772.0,0,1
2021-05-20,394.90958602237913,395.805994725194,387.1809814607465,389.2403259277344,970192.0,0,1
2021-05-21,390.11252344745554,396.99316282523966,390.11252344745554,391.3723754882813,152660.0,0,1
2021-05-24,396.2663135155066,398.2772145916952,392.6079546570272,394.5946044921875,153464.0,0,1
2021-05-25,397.3322884844626,401.3540606115033,391.8810833070843,393.3105163574219,143334.0,0,1
2021-05-26,395.15187571710834,395.15187571710834,390.30635915405367,391.6146545410156,119436.0,0,1
2021-05-27,394.8611211849041,409.4461129034249,392.7533039239639,404.9397888183594,497068.0,0,1
2021-05-28,407.07180410987934,408.47701563767606,399.318978190303,400.8211059570313,149636.0,0,1
2021-05-31,407.0233210443389,407.0233210443389,397.8168411635741,399.3189392089844,130042.0,0,1
2021-06-01,402.1778385161972,402.1778385161972,392.8744416379943,395.3456726074219,84030.0,0,1
2021-06-02,395.4668240591703,399.7550941483424,395.0791590960062,396.6297302246094,102644.0,0,1
2021-06-03,399.4158687516231,409.9306441440122,395.9513426363498,405.9815368652344,302020.0,0,1
2021-06-04,408.9615456012485,412.3534067614484,398.9797945882473,400.8453063964844,222362.0,0,1
2021-06-07,401.2087369890011,404.8428740994088,399.270530530117,400.9664611816406,95836.0,0,1
2021-06-08,401.20873484127327,408.4527873575107,400.1427153796569,406.030029296875,185556.0,0,1
2021-06-09,406.0300485599112,408.4770284023072,398.3014440648832,401.0876159667969,180868.0,0,1
2021-06-10,401.0876051362961,405.5454859739196,400.0215856528908,400.7484130859375,165560.0,0,1
2021-06-11,403.146912838343,409.4460833514421,397.3807372310951,399.173583984375,294892.0,0,1
2021-06-14,401.2571344645166,404.0917788314985,392.1717927267799,397.5745544433594,194628.0,0,1
2021-06-15,399.6581328564274,401.3298417039064,393.213602828518,394.6430358886719,191734.0,0,1
2021-06-16,396.6781869282959,396.6781869282959,391.566143788566,394.0131530761719,200258.0,0,1
2021-06-17,392.4867934810758,396.26629002188304,389.09493230284426,393.9888916015625,225096.0,0,1
2021-06-18,396.36322449498726,399.7550858292964,388.1258469688078,397.623046875,217244.0,0,1
2021-06-21,395.9271290936728,404.4067827054242,390.7181990178826,398.5921630859375,176818.0,0,1
2021-06-22,400.77262762019353,400.77262762019353,392.9713584741921,395.6606140136719,135328.0,0,1
2021-06-23,394.9095644810873,396.363219319668,391.6630627599871,394.9580078125,102236.0,0,1
2021-06-24,394.95799852060526,396.6297074605806,391.6630535456102,394.9337768554688,134872.0,0,1
2021-06-25,394.9337708189111,399.4643459681269,392.486791183874,395.1518249511719,196680.0,0,1
2021-06-28,395.17608431312647,397.2354287843045,390.33056791035455,394.5461730957031,170460.0,0,1
2021-06-29,396.363226935422,396.9446947969633,391.9538190035445,395.054931640625,173320.0,0,1
2021-06-30,396.702408555802,396.702408555802,392.1233899317458,395.4183349609375,109784.0,0,1
2021-07-01,396.36322279903095,401.30565520852775,393.48013476226754,397.69573974609375,107890.0,0,1
2021-07-02,397.3323039905725,405.8846513880473,393.431669604138,402.3958740234375,163380.0,0,1
2021-07-05,404.3340679989285,424.78215039531295,399.75504969655896,422.7954711914063,1081302.0,0,1
2021-07-06,426.26000181439184,429.8456655174141,409.9306087654197,415.7936706542969,498184.0,0,1
2021-07-07,416.7143833786727,418.91908728277446,408.5981439349602,415.3818664550781,141368.0,0,1
2021-07-08,417.4654257607157,420.5665678357564,412.3776339522376,416.6901550292969,162966.0,0,1
2021-07-09,416.71435873152416,418.1922351353451,410.051774507619,416.9566345214844,101372.0,0,1
2021-07-12,419.1371642729587,422.0444740829446,411.91733308162,417.0778198242188,159344.0,0,1
2021-07-13,421.5599038585642,425.9208683812391,412.4261177715021,420.9299926757813,254626.0,0,1
2021-07-14,421.0753507431382,423.95843874889385,415.2849530659685,419.2098388671875,122710.0,0,1
2021-07-15,419.2098168519199,421.2691610943561,410.4151937278783,412.83795166015625,78046.0,0,1
2021-07-16,414.4854370559323,423.0135331100656,411.1177976299823,419.30670166015625,149200.0,0,1
2021-07-19,416.22984553917706,421.55991340987663,412.95912207306594,419.161376953125,206470.0,0,1
2021-07-20,421.5598742215679,421.5598742215679,404.64901226487615,409.4703063964844,120538.0,0,1
2021-07-21,421.5598742215679,421.5598742215679,404.64901226487615,409.4703063964844,120538.0,0,1
2021-07-22,415.4343089371443,420.716715511748,408.9591286761726,415.7264404296875,70152.0,0,1
2021-07-23,417.6738718636775,417.6738718636775,410.73617224288256,414.1441650390625,88636.0,0,1
2021-07-26,408.98346027829496,413.82768440944966,408.98346027829496,411.4420776367188,68404.0,0,1
2021-07-27,411.442062388734,417.892905465461,406.79259275574526,409.0077819824219,104782.0,0,1
2021-07-28,407.03606853093936,409.4216754950286,402.4352720803904,406.2571105957031,78694.0,0,1
2021-07-29,406.5248571163907,410.93089902590174,403.1168643022413,409.32427978515625,73752.0,0,1
2021-07-30,405.55116124641614,413.7790418301086,405.3320700421706,410.3953857421875,81634.0,0,1
2021-08-02,410.4196895918188,414.6066401380557,407.8880319454565,412.0750122070313,88674.0,0,1
2021-08-03,413.8276910523313,413.8276910523313,405.6485143957765,408.4479370117188,202254.0,0,1
2021-08-04,410.9065134492079,412.99998855807394,399.4167223526392,409.6163330078125,652120.0,0,1
2021-08-05,409.4460006522744,424.53854050984927,401.656302661268,417.8442687988281,342436.0,0,1
2021-08-06,420.6436811136096,424.5385300128096,408.9591344160093,412.7322692871094,233418.0,0,1
2021-08-09,412.7079458160678,412.73228267940976,401.1694496347197,407.1091003417969,165558.0,0,1
2021-08-10,404.5774102565021,409.93282723944014,388.0243032183299,398.3699951171875,334926.0,0,1
2021-08-11,398.3700309626463,398.3700309626463,388.0243381328801,392.917236328125,345764.0,0,1
2021-08-12,393.37973139112734,399.22200462960944,384.8840864471003,394.7916259765625,95412.0,0,1
2021-08-13,394.7916409837866,403.3602968398122,392.6251252990927,399.31939697265625,72372.0,0,1
2021-08-16,399.3193910817196,401.5345804597696,388.60855656202887,396.3982543945313,100008.0,0,1
2021-08-17,396.3008993633214,397.8588449599062,389.50925024320367,395.1567993164063,63108.0,0,1
2021-08-18,396.7877113195162,400.19570393207647,391.1888663131672,397.63970947265625,73544.0,0,1
2021-08-19,396.7877113195162,400.19570393207647,391.1888663131672,397.63970947265625,73544.0,0,1
2021-08-20,392.0165427823617,399.8792510708369,390.67768848987777,395.2054443359375,80878.0,0,1
2021-08-23,392.72248885751947,395.3758308566416,379.7720986394999,389.6065979003906,94888.0,0,1
2021-08-24,387.5374558983549,393.5501168518486,379.7477582923577,380.81884765625,250752.0,0,1
2021-08-25,401.1694445068048,402.581339146666,377.3134945300652,381.2083435058594,390520.0,0,1
2021-08-26,381.20832982635767,383.93471212544273,373.4186321542993,377.4108581542969,73058.0,0,1
2021-08-27,376.82660368781006,379.4069349534577,371.9580429166497,374.1488952636719,135124.0,0,1
2021-08-30,373.9054786456642,378.6766624040648,369.03691772579873,374.7574768066406,392070.0,0,1
2021-08-31,376.6318804651619,381.208339854015,374.806170025248,377.2891540527344,178592.0,0,1
2021-09-01,375.85291962627934,381.6708561257384,374.8792073992682,375.8285827636719,101240.0,0,1
2021-09-02,376.145027873844,386.807188829024,376.145027873844,385.3952941894531,650740.0,0,1
2021-09-03,389.4362324350508,391.82180965609007,380.0155484380489,382.4498291015625,107356.0,0,1
2021-09-06,384.4702738324211,396.3008712953447,383.61827564474686,393.4771118164063,379858.0,0,1
2021-09-07,396.7877365996161,407.4255309032983,392.065226306835,399.2706909179688,338168.0,0,1
2021-09-08,403.1168995949114,409.3973559312587,400.9017100148435,407.693359375,313368.0,0,1
2021-09-09,411.393408232648,413.8276887547347,401.65628614430136,405.259033203125,148346.0,0,1
2021-09-10,411.393408232648,413.8276887547347,401.65628614430136,405.259033203125,148346.0,0,1
2021-09-13,403.60369733400216,414.777050507245,402.82473947859984,411.9289245605469,205982.0,0,1
2021-09-14,412.8539833167466,418.42849174681527,409.7380923112394,414.8257446289063,140376.0,0,1
2021-09-15,417.7225588235861,433.2289146513559,414.3145659194309,416.8948974609375,428714.0,0,1
2021-09-16,419.6699655942322,425.02538278859015,413.9494063184408,418.2337341308594,136492.0,0,1
2021-09-17,419.1831157638366,427.9465258494917,407.01171286709337,414.1928405761719,266590.0,0,1
2021-09-20,418.69628219734415,420.7897576652627,407.4985909292756,409.1295471191406,124648.0,0,1
2021-09-21,409.93280718275474,414.92308185451634,397.71273182389257,405.575439453125,203782.0,0,1
2021-09-22,407.49858239307935,416.26199276712407,405.429443832541,413.8033752441406,130712.0,0,1
2021-09-23,417.18702575268566,424.5385413602887,410.73618209096105,414.0224609375,4902364.0,0,1
2021-09-24,422.5180654023821,446.9339113335935,415.7751201295086,437.1237487792969,973104.0,0,1
2021-09-27,440.5074028880134,446.4470533798645,430.8676578420721,439.1685485839844,360972.0,0,1
2021-09-28,441.57848667502685,441.57848667502685,430.8676523786094,435.20068359375,188752.0,0,1
2021-09-29,443.5259445453376,457.2552936675259,426.9728357478167,432.4743041992188,844250.0,0,1
2021-09-30,432.0848200420075,445.9602198968776,427.021504349182,443.1607971191406,284816.0,0,1
2021-10-01,443.1607640401326,448.8813232024194,438.43825393756015,442.7469482421875,204708.0,0,1
2021-10-04,441.0916458615996,444.4753018474248,429.4070989513585,431.71966552734375,117956.0,0,1
2021-10-05,430.77027612096384,435.3954091223295,426.26685714595,428.9689025878906,75428.0,0,1
2021-10-06,428.9688638227501,430.7702371930365,419.42649690523655,423.9055786132813,81634.0,0,1
2021-10-07,423.929947054289,433.7887830322958,422.1042366879915,432.279541015625,136452.0,0,1
2021-10-08,434.5677378803532,441.5784775243165,428.43336297838863,430.8189697265625,104186.0,0,1
2021-10-11,430.81899457400766,455.21047441875936,427.41100171739663,439.4119873046875,291390.0,0,1
2021-10-12,438.17050244130513,445.6193950397395,436.5882200713782,440.6291198730469,116684.0,0,1
2021-10-13,445.4246388009768,448.881305077587,438.1948081947658,445.1325073242188,172994.0,0,1
2021-10-14,447.39642694675433,447.4451006714795,441.0916343972361,445.4002990722656,92306.0,0,1
2021-10-15,447.39642694675433,447.4451006714795,441.0916343972361,445.4002990722656,92306.0,0,1
2021-10-18,447.9075945885742,450.3418749939469,442.5521776967543,447.9562683105469,133636.0,0,1
2021-10-19,448.3944505511796,451.46163791807135,432.8393928218904,440.9942321777344,81392.0,0,1
2021-10-20,439.1442183923536,443.33116912060166,432.9611397513002,436.1744079589844,111446.0,0,1
2021-10-21,433.3993390437557,442.7226162368815,424.6359285789025,432.7420654296875,410158.0,0,1
2021-10-22,432.8394107881513,440.58043468263975,432.8394107881513,437.9270629882813,89146.0,0,1
2021-10-25,444.49962466619536,450.3418979367258,433.5210254217245,449.1734313964844,550700.0,0,1
2021-10-26,451.80246488860615,462.9027781259913,445.4733355313304,452.2649841308594,318828.0,0,1
2021-10-27,452.26499369364205,464.1442650631189,448.32144133536855,459.1053161621094,476586.0,0,1
2021-10-28,462.5133112221406,467.3818723929,445.71677518302073,456.0137939453125,294604.0,0,1
2021-10-29,457.8395003427286,474.68470995871786,449.3681920942529,467.4305419921875,499066.0,0,1
2021-11-01,477.6058962606313,511.1989715327858,473.3215679660916,482.1579895019531,1666234.0,1,0
2021-11-02,487.342978378498,505.5270426586328,486.8804591192866,502.4841918945313,374324.0,0,1
2021-11-03,505.8435051734992,510.7120663397504,483.7889290334491,491.1891479492188,295194.0,0,1
2021-11-04,493.67208658920725,501.4617842079719,486.6370099841928,498.4919738769531,47450.0,0,1
2021-11-05,493.67208658920725,501.4617842079719,486.6370099841928,498.4919738769531,47450.0,0,1
2021-11-08,504.1395142135861,511.1989279809419,489.777258617931,501.43743896484375,207358.0,0,1
2021-11-09,505.0645322751148,522.6643922546197,503.92043232115554,511.41796875,401460.0,0,1
2021-11-10,511.4179560651728,514.0956645606803,501.46177279505554,506.93890380859375,315530.0,0,1
2021-11-11,512.6594681417032,527.7276405128191,509.9573930416205,525.1473388671875,316250.0,0,1
2021-11-12,528.238900880066,531.403465724048,509.73836794601766,512.4160766601562,151522.0,0,1
2021-11-15,515.0937530776672,518.3556651708225,502.7519628461098,507.4988098144531,248342.0,0,1
2021-11-16,507.4988705308367,519.6459078897848,501.5105160205263,502.94677734375,92378.0,0,1
2021-11-17,504.43159990215327,506.74416640731147,486.0284450252255,488.1706237792969,88022.0,0,1
2021-11-18,491.6272655196179,517.552381594024,485.2251258723552,506.0625305175781,221456.0,0,1
2021-11-19,491.6272655196179,517.552381594024,485.2251258723552,506.0625305175781,221456.0,0,1
2021-11-22,513.6087878153589,513.6087878153589,497.08004799371366,508.5455322265625,165536.0,0,1
2021-11-23,508.7646660727522,509.3488696682188,494.1589818792761,500.4637451171875,148916.0,0,1
2021-11-24,500.9505852748812,500.9505852748812,488.58445754813215,492.06549072265625,63144.0,0,1
2021-11-25,489.2903694644483,494.5484092827898,477.11896723896456,479.7723388671875,60112.0,0,1
2021-11-26,479.7723541052978,486.3449115158109,452.31365792635233,456.4519348144531,91692.0,0,1
2021-11-29,447.9076631650842,462.4890109687985,438.17054005279977,450.56103515625,89048.0,0,1
2021-11-30,447.9076269437024,479.0664183832644,446.9339147112161,461.9290771484375,408186.0,0,1
2021-12-01,456.1355035506273,468.5259678377663,453.28737746415294,460.1033630371094,132916.0,0,1
2021-12-02,461.9777812956556,489.33907129808654,455.9407535588738,480.4052734375,321222.0,0,1
2021-12-03,479.5532963875961,485.88242618763536,474.73340873066064,482.9856262207031,79580.0,0,1
2021-12-06,482.9855978981532,487.34296602496056,469.57271801306143,479.8940734863281,86360.0,0,1
2021-12-07,482.425739629052,494.15896019685135,478.82299246660426,491.2378234863281,107354.0,0,1
2021-12-08,493.8181213683451,496.6662472965041,479.0177142046785,480.04010009765625,91600.0,0,1
2021-12-09,480.0401122024335,494.6457951294852,473.759656657666,478.92034912109375,73504.0,0,1
2021-12-10,477.6058620137985,486.3692723259783,477.6058620137985,483.1073303222656,55410.0,0,1
2021-12-13,484.908670214348,487.8298067819043,472.2990854782615,479.5532531738281,61932.0,0,1
2021-12-14,481.5006896379356,501.437423439652,480.5026405620369,493.4043273925781,191458.0,0,1
2021-12-15,495.132650662178,495.132650662178,476.6321189756856,484.8356323242188,168322.0,0,1
2021-12-16,484.42185124283327,499.0275351999037,477.1190092642981,479.6993408203125,59662.0,0,1
2021-12-17,478.57956047593535,496.5932367095159,478.57956047593535,494.2806701660156,139606.0,0,1
2021-12-20,491.2377925138047,494.2806430620814,469.9621755371859,490.1910400390625,178040.0,0,1
2021-12-21,490.1910528436184,491.3108456469049,472.5425192026058,476.55908203125,85606.0,0,1
2021-12-22,478.9203638089824,478.9203638089824,467.4062048622299,476.1209411621094,174188.0,0,1
2021-12-23,474.6847239956005,491.2378323195496,474.6847239956005,489.7042236328125,76826.0,0,1
2021-12-24,492.1141518083251,493.2826183626476,473.1511003128071,475.75579833984375,53798.0,0,1
2021-12-27,475.7558041322848,499.0275206139453,475.7558041322848,492.9661560058594,115708.0,0,1
2021-12-28,493.6721022412348,500.4880878737568,473.7110014602776,493.2826232910156,139564.0,0,1
2021-12-29,498.00512502145153,503.8960720452167,490.2641010140417,492.0411376953125,59048.0,0,1
2021-12-30,494.1589752779703,506.8172347432188,490.26412621174,503.0927734375,100840.0,0,1
2021-12-31,508.2778027705142,522.3966306252507,490.2641258524021,492.6253662109375,147262.0,0,1
2022-01-03,497.5669344907551,500.488071092462,491.797701588519,494.3049926757813,48442.0,0,1
2022-01-04,498.3946121252312,500.9749435981695,492.2115335060733,500.2446594238281,51092.0,0,1
2022-01-05,502.8737129753963,509.9818006496273,482.0849500989258,486.0284729003906,174984.0,0,1
2022-01-06,481.9875407363752,501.9486409082857,481.9875407363752,495.0352783203125,86428.0,0,1
2022-01-07,490.99438763295234,494.8892365184889,479.5532690316887,486.5396423339844,131746.0,0,1
2022-01-10,488.9739396939377,491.9194430371355,478.0927171321077,481.330322265625,143388.0,0,1
2022-01-11,477.1189729340584,486.3692387358412,470.1569367210474,476.7781677246094,121586.0,0,1
2022-01-12,479.04210631859394,492.9905169418097,473.7110256266951,489.6799011230469,180824.0,0,1
2022-01-13,492.1141831746476,501.46182705900986,486.41796036110327,499.4657287597656,125500.0,0,1
2022-01-14,499.4657320909861,505.7948619892832,494.0859479051608,503.7500305175781,199914.0,0,1
2022-01-17,503.8961002495006,512.8298984499136,502.5328792978094,511.1502685546875,106058.0,0,1
2022-01-18,513.8279474712166,515.0937614639149,489.2903877799948,496.5445556640625,99540.0,0,1
2022-01-19,496.5932646181453,502.192110248644,484.4949013809866,490.7266540527344,83430.0,0,1
2022-01-20,490.7266515553272,490.7266515553272,481.5007217724335,488.58447265625,44326.0,0,1
2022-01-21,485.3468730703451,486.8074414157686,479.2368050530525,482.4500732421875,42228.0,0,1
2022-01-24,482.4500476185129,484.8843280649302,445.4733216943665,451.6076965332031,111466.0,1,0
2022-01-25,452.82486518373673,462.5133138548316,443.7936901036392,448.4188232421875,221362.0,0,1
2022-01-26,452.82486518373673,462.5133138548316,443.7936901036392,448.4188232421875,221362.0,0,1
2022-01-27,447.42076667201707,447.42076667201707,424.0760101719055,428.38470458984375,119852.0,0,1
2022-01-28,429.066306502492,436.53956601561697,421.39832236426713,423.6378784179688,181450.0,0,1
2022-01-31,414.4849155649861,427.4353052391404,407.18207429903583,420.8870849609375,387498.0,0,1
2022-02-01,423.12664317616,426.8754412535964,420.083792417744,423.71087646484375,108180.0,0,1
2022-02-02,425.0253824795004,450.0984720530333,416.55407431026833,443.9884338378906,344734.0,0,1
2022-02-03,455.697305170109,498.6136818540488,449.7333180030857,486.8804321289063,3671444.0,1,0
2022-02-04,486.88046548965394,498.9058178097913,472.2504447675019,492.1628723144531,631360.0,0,1
2022-02-07,489.29039499460697,521.9097546609141,486.9047881478011,512.7568359375,757472.0,0,1
2022-02-08,513.6332079117767,518.5017691242107,497.0800997895015,504.5290222167969,146400.0,0,1
2022-02-09,506.1599645793677,510.2008346174494,496.7149441978264,501.0966491699219,98466.0,0,1
2022-02-10,503.8961050933732,509.9818068457086,499.0275436915048,508.4725646972656,92482.0,0,1
2022-02-11,513.5845185142495,513.5845185142495,496.5932285151922,506.9632873535156,68962.0,0,1
2022-02-14,505.60007366783736,505.60007366783736,484.421832739045,488.6818237304688,188332.0,0,1
2022-02-15,490.7509506860683,518.0148923908498,488.9009034420257,509.6409912109375,194018.0,0,1
2022-02-16,511.19889625639297,545.2544560966321,501.7052024687743,538.9740600585938,545828.0,0,1
2022-02-17,549.1737494952885,552.0948864606889,517.2846709563332,525.0256958007812,720426.0,0,1
2022-02-18,529.6507741825055,529.6507741825055,507.20671938800615,510.5659790039063,143854.0,0,1
2022-02-21,499.02757989073183,521.90982013938,499.02757989073183,516.3109741210938,538486.0,0,1
2022-02-22,506.3303276413637,531.1843545156446,491.5785942310337,520.351806640625,310798.0,0,1
2022-02-23,524.3440457719139,547.9565677959973,506.3060025977394,513.681884765625,251378.0,0,1
2022-02-24,503.8960847829446,508.9350337446383,486.8561205632315,494.4267272949219,155294.0,1,0
2022-02-25,503.89608537773137,518.9886251330064,503.89608537773137,514.6312866210938,196924.0,0,1
2022-02-28,516.0675061049417,527.0217692062258,505.35667107257495,520.9847412109375,133576.0,0,1
2022-03-01,516.0675061049417,527.0217692062258,505.35667107257495,520.9847412109375,133576.0,0,1
2022-03-02,516.2621855379549,529.13950474295,504.4802330534727,510.9067687988281,159408.0,0,1
2022-03-03,518.5017381259826,522.2992394169219,504.2855640078502,512.9028930664062,108306.0,0,1
2022-03-04,504.3829453324762,511.1989310802124,496.39849299899225,500.4394226074219,122652.0,0,1
2022-03-07,496.593207337901,499.0031211894769,476.8998727312864,490.823974609375,206956.0,0,1
2022-03-08,493.2826232581887,505.35664900621344,478.7986537900434,497.4695739746094,106658.0,0,1
2022-03-09,499.9768984715605,499.9768984715605,476.6321698979628,480.0888366699219,180464.0,0,1
2022-03-10,494.1589739660483,494.1589739660483,470.27868663519047,477.6058654785156,194010.0,0,1
2022-03-11,479.5532553542135,485.93105833624094,473.27279981927694,478.5552062988281,101842.0,0,1
2022-03-14,483.5455237303404,489.2417465059811,472.73731148957046,477.0703430175781,105152.0,0,1
2022-03-15,481.9388865684443,481.9388865684443,473.711006228797,478.4091796875,110586.0,0,1
2022-03-16,481.9875580795815,486.85611927230457,471.13067256287695,477.3137512207031,564062.0,0,1
2022-03-17,486.3692672290865,489.1443530752633,476.2670026695234,478.4578552246094,478252.0,0,1
2022-03-18,486.3692672290865,489.1443530752633,476.2670026695234,478.4578552246094,478252.0,0,1
2022-03-21,483.8862882739016,483.93496199762535,469.9621860250488,476.5104064941406,325012.0,0,1
2022-03-22,478.55521402693006,482.961255831112,472.3477986924072,479.4315490722656,208202.0,0,1
2022-03-23,482.6691600173973,488.8035351258693,478.5308830765906,484.4461669921875,429540.0,0,1
2022-03-24,486.8317745687386,488.8035358769674,478.0927014254801,486.90478515625,80910.0,0,1
2022-03-25,491.3839197407799,491.6273478224622,480.2349314289367,482.1579895019531,210472.0,0,1
2022-03-28,489.2903874892028,489.2903874892028,475.1715603875243,482.6204528808594,83822.0,0,1
2022-03-29,484.3244425711713,509.7139703692478,482.9612514335796,505.4539794921875,345150.0,0,1
2022-03-30,510.2252215495158,519.864996644956,504.3829480203229,512.0022583007812,168856.0,0,1
2022-03-31,512.0022061319536,518.5017228847973,509.0080293671884,512.1969604492188,170084.0,0,1
2022-04-01,512.1970419274578,535.420056761717,512.172675347421,531.5252075195312,412466.0,0,1
2022-04-04,535.5416891189983,545.2788107393437,530.8678826273673,534.9087524414062,273796.0,0,1
2022-04-05,537.9759564186471,557.450199184933,534.08110786539,551.2671508789062,476598.0,0,1
2022-04-06,551.1211013866214,576.9244745080798,551.0967348095195,558.95947265625,508686.0,0,1
2022-04-07,558.3995591629094,568.4288419909961,549.6605162682046,566.213623046875,172704.0,0,1
2022-04-08,572.0315175221959,574.3684504380145,556.014000311989,561.4180908203125,844058.0,0,1
2022-04-11,565.4833494434512,567.5524878292753,556.6468995096203,564.7286987304688,611380.0,0,1
2022-04-12,566.6762013517189,575.9264683540435,558.0101973974247,561.247802734375,376790.0,0,1
2022-04-13,564.0471439060399,566.9195472775497,554.845551966797,560.4443969726562,187192.0,0,1
2022-04-14,564.0471439060399,566.9195472775497,554.845551966797,560.4443969726562,187192.0,0,1
2022-04-15,564.0471439060399,566.9195472775497,554.845551966797,560.4443969726562,187192.0,0,1
2022-04-18,558.8621461537239,559.689777776744,545.3032152405283,554.212646484375,197222.0,0,1
2022-04-19,549.173722967991,572.0559614249906,549.173722967991,556.890380859375,327800.0,0,1
2022-04-20,555.3567649661018,568.2341452919333,555.3567649661018,566.1163330078125,127312.0,0,1
2022-04-21,568.1610452606882,596.3986978957524,560.8582040619647,566.8465576171875,574560.0,0,1
2022-04-22,560.8582496283371,569.1104370810659,550.1474150000182,554.31005859375,214622.0,0,1
2022-04-25,554.0179028828283,559.6167483123583,538.0003839376728,548.540771484375,81696.0,0,1
2022-04-26,552.5817208646557,584.7142262189001,552.5817208646557,561.1747436523438,291564.0,0,1
2022-04-27,558.4239255224763,564.460952819665,547.7130917286712,552.28955078125,54884.0,0,1
2022-04-28,554.6994284484522,564.7530177628647,550.658558893551,552.8737182617188,76986.0,0,1
2022-04-29,555.9897630019361,571.1309784619987,550.1474887847529,553.239013671875,270122.0,0,1
2022-05-02,550.6342539420122,557.0607307462531,540.4102757521074,554.96728515625,77104.0,0,1
2022-05-03,550.6342539420122,557.0607307462531,540.4102757521074,554.96728515625,77104.0,0,1
2022-05-04,559.8845429529988,560.0549307103704,543.5992293672028,548.540771484375,108884.0,0,1
2022-05-05,555.0159728871769,555.0159728871769,522.6887148609461,531.5982055664062,149762.0,0,1
2022-05-06,535.5417134415937,567.747256549694,507.3040594601279,521.8853759765625,1248068.0,0,1
2022-05-09,522.8834480420288,541.2378991218854,501.4617797795993,509.5435791015625,545116.0,0,1
2022-05-10,506.4520723252762,521.8853873587836,491.77334860966977,499.8308410644531,242722.0,0,1
2022-05-11,503.4335835809324,503.8960731124845,478.1900764851762,487.5377197265625,515576.0,0,1
2022-05-12,486.3205995600575,506.7685569955413,464.923266729144,500.2203063964844,215048.0,0,1
2022-05-13,511.1989602472656,512.0753250942483,478.5795980219639,481.91455078125,105858.0,0,1
2022-05-16,488.31668497499487,500.974944007248,474.6847137094915,491.1891479492188,135418.0,0,1
2022-05-17,493.574716236248,501.2183630731955,485.3712027044298,495.1813354492188,281776.0,0,1
2022-05-18,500.0012184695867,509.9817685948317,487.3429597741541,498.9057922363281,274552.0,0,1
2022-05-19,486.36924867592654,514.6069027532076,486.36924867592654,502.7762756347656,164088.0,0,1
2022-05-20,506.2330300368195,508.2534354409173,490.0450339257339,493.9885864257813,104270.0,0,1
2022-05-23,498.2485360912213,503.8960548683449,491.77332629987,502.8006286621094,93468.0,0,1
2022-05-24,502.8006227359246,512.1726023899228,486.2961895370346,490.1423645019531,131236.0,0,1
2022-05-25,491.26216267754313,498.54066762549496,469.9865442586607,476.315673828125,73452.0,0,1
2022-05-26,477.11899646349536,488.7548695899143,476.68081407040336,484.2757873535156,87458.0,0,1
2022-05-27,493.8181598163737,495.035300124368,486.3692670745165,488.5601196289063,44444.0,0,1
2022-05-30,496.5932337302529,496.5932337302529,478.7012716326188,488.6331481933594,85818.0,0,1
2022-05-31,489.2417184216755,502.43550715959526,484.4218310308113,498.73541259765625,109060.0,0,1
2022-06-01,501.242750063077,503.23884830057983,492.5280134908108,498.0781555175781,45988.0,0,1
2022-06-02,497.15310586578966,504.8697629700847,485.3711825997945,490.1910400390625,126950.0,0,1
2022-06-03,489.2903706778509,493.063505377108,484.4704834984714,488.1462707519531,59532.0,0,1
2022-06-06,488.80356057765016,490.4101798834927,477.11901331284577,478.7499694824219,40384.0,0,1
2022-06-07,478.0926839060079,479.5289153251678,462.51328891110745,466.3107604980469,82192.0,0,1
2022-06-08,466.40815751132953,471.7635747687665,457.8151352075792,468.1608276367188,61716.0,0,1
2022-06-09,467.3818441513099,474.97678723263374,460.2980940189591,469.304931640625,201268.0,0,1
2022-06-10,471.2766985957389,474.1491614340589,460.2980996283376,466.3107604980469,50508.0,0,1
2022-06-13,460.07900858761695,464.9475695250521,452.0702199024687,461.4421997070313,86876.0,0,1
2022-06-14,458.74016112576754,464.9475764129562,450.34189338427694,455.6729736328125,261544.0,0,1
2022-06-15,455.4782293250262,476.6321333199337,454.2610890458639,469.8404846191406,70428.0,0,1
2022-06-16,475.8531664712447,478.5795487591186,449.027377394201,454.3097839355469,89314.0,0,1
2022-06-17,450.8288054633107,470.6925309056669,433.350657382646,440.55615234375,163256.0,0,1
2022-06-20,442.77131107329967,451.65643539968016,430.8676728135192,446.8365478515625,254406.0,0,1
2022-06-21,447.6885436673324,462.51331861223457,447.6885436673324,459.6652221679688,122012.0,0,1
2022-06-22,457.6447562147191,466.0916980736102,453.8716212565658,460.3468017578125,53874.0,0,1
2022-06-23,457.6447271518712,470.40036272406536,457.6447271518712,463.8521423339844,35086.0,0,1
2022-06-24,463.85214633888,473.3458402287862,459.9572975635338,471.5931701660156,34418.0,0,1
2022-06-27,476.6077926534202,476.9242312942735,461.5395901745893,463.8278198242188,65882.0,0,1
2022-06-28,469.2319283560184,469.2319283560184,450.5123043658455,457.2552795410156,65586.0,0,1
2022-06-29,452.7761736797084,457.15787858628624,446.933900470938,449.7576599121094,24370.0,0,1
2022-06-30,445.6681014705496,448.3944838401193,435.809265099472,439.9962158203125,223698.0,0,1
2022-07-01,434.3242906757822,439.9961758102593,431.0380121842533,436.2960815429688,84892.0,0,1
2022-07-04,428.4333695046173,437.1967793353936,418.2337282307295,430.2834167480469,621100.0,0,1
2022-07-05,425.0253818983006,435.7362162645808,423.8325784917153,430.7459411621094,121918.0,0,1
2022-07-06,430.7459622715541,433.7888130929129,423.58917119665017,425.9991149902344,739304.0,0,1
2022-07-07,426.8510896400615,429.96698059514057,424.6602371697105,426.5102844238281,1589082.0,0,1
2022-07-08,431.59794968621605,436.0526950631909,427.9465287920856,431.6709899902344,149452.0,0,1
2022-07-11,431.0624365373191,474.14920475691446,428.5551155400992,467.2845153808594,403066.0,1,0
2022-07-12,461.6369824186759,469.0372014417156,454.72361951931856,458.2533264160156,134386.0,0,1
2022-07-13,459.9816736621764,466.89503677119967,444.4266140957091,459.2757263183594,438912.0,0,1
2022-07-14,461.58827587142406,479.06642248015913,455.4782375033883,474.90380859375,120848.0,0,1
2022-07-15,474.9038085335084,485.34687825797454,469.4023403166788,482.91259765625,375048.0,0,1
2022-07-18,478.7499582886251,497.7860505916512,478.7499582886251,489.2904052734375,132496.0,0,1
2022-07-19,487.6107282310833,505.3566392818819,486.8804440702714,499.0031433105469,112548.0,0,1
2022-07-20,500.97494059629287,503.8960772761546,478.092703270709,484.494873046875,142162.0,0,1
2022-07-21,490.175114589871,496.22422450462045,483.6095927173135,491.6996765136719,112754.0,0,1
2022-07-22,491.6996804931349,503.527417498584,490.0029712306759,491.6505126953125,78416.0,0,1
2022-07-25,494.0603480060112,496.7406535933893,481.9621270282147,490.1013793945313,60162.0,0,1
2022-07-26,492.56034232094106,504.0930128625069,483.21617915568487,489.2652893066406,124324.0,0,1
2022-07-27,492.978406123216,501.1422422233032,481.74080201410953,486.2653503417969,76490.0,0,1
2022-07-28,487.8636747312257,496.4701407673108,480.9539180027916,491.28167724609375,182262.0,0,1
2022-07-29,491.281676266298,507.5355960872082,482.011264858592,484.5440368652344,127436.0,0,1
2022-08-01,489.1423477575148,489.1423477575148,470.183538187901,472.4949951171875,392006.0,0,1
2022-08-02,469.6671615620679,482.257180273592,469.6671615620679,480.7572021484375,84148.0,0,1
2022-08-03,477.5359263240432,491.79807036461705,472.0031980324412,476.6506958007813,134502.0,0,1
2022-08-04,477.8310077838614,510.9782107477213,471.634363914403,496.88818359375,206042.0,0,1
2022-08-05,506.5520298600771,520.3223763028753,484.91291402139416,487.3473205566406,1205808.0,0,1
2022-08-08,487.3472982491732,498.658653738,481.0030912073468,496.5685119628906,1050570.0,0,1
2022-08-09,487.3472982491732,498.658653738,481.0030912073468,496.5685119628906,1050570.0,0,1
2022-08-10,498.978313475463,500.1586408589101,487.9374707365506,495.85540771484375,132270.0,0,1
2022-08-11,496.7160444757546,500.1340470228187,487.37188126284434,489.8308715820313,150514.0,0,1
2022-08-12,487.86367025179686,494.8717925311196,485.4046799783503,490.1505432128906,64892.0,0,1
2022-08-15,487.86367025179686,494.8717925311196,485.4046799783503,490.1505432128906,64892.0,0,1
2022-08-16,491.7980593228765,504.3635237521531,491.2078956482948,497.232421875,111862.0,0,1
2022-08-17,494.7488652212575,517.3224089513624,492.953790234292,515.4535522460938,283360.0,0,1
2022-08-18,520.8141951263577,528.6829648355379,516.3880121649439,526.346923828125,234976.0,0,1
2022-08-19,529.6665395291094,533.2074617407952,511.9371944848676,526.0272216796875,176088.0,0,1
2022-08-22,528.1911095582462,529.6173359204527,512.6256891552581,523.7157592773438,100716.0,0,1
2022-08-23,517.7157808460169,530.6009257172617,506.69955260371535,525.3878784179688,172848.0,0,1
2022-08-24,522.7813414092394,546.3630345363705,517.7157973424964,538.6664428710938,299392.0,0,1
2022-08-25,550.3220478427197,550.3220478427197,522.2895574700342,529.5435791015625,183078.0,0,1
2022-08-26,535.0763005793339,539.5024832128026,524.2567430308548,534.1910400390625,84096.0,0,1
2022-08-29,514.2977932185389,539.5516102165533,512.871566915472,532.9369506835938,548546.0,0,1
2022-08-30,532.3223143700751,546.3877290517454,532.3223143700751,541.0025634765625,147148.0,0,1
2022-08-31,532.3223143700751,546.3877290517454,532.3223143700751,541.0025634765625,147148.0,0,1
2022-09-01,536.0598868526837,545.4286639346495,530.2320918326793,541.4696655273438,164572.0,0,1
2022-09-02,538.5189203385589,540.8303473985791,533.8468383812838,536.9451904296875,604504.0,0,1
2022-09-05,534.2402915149453,561.5350856292101,534.2402915149453,546.5844116210938,103374.0,0,1
2022-09-06,549.3384642725337,550.1007753224796,536.3549827430991,546.2401123046875,371914.0,0,1
2022-09-07,543.436839001971,561.633366642761,534.732037630629,555.412109375,238440.0,0,1
2022-09-08,565.5185842318305,565.5677520295666,547.199107046525,559.1743774414062,127206.0,0,1
2022-09-09,559.1744004160867,575.8955346413699,553.7646216961422,570.7808227539062,246460.0,0,1
2022-09-12,546.3876374332174,569.0103478939986,546.3876374332174,562.2235107421875,117554.0,0,1
2022-09-13,564.3382995138578,567.6825504875181,548.6007608781772,550.1007690429688,80042.0,0,1
2022-09-14,550.1007611449074,562.1252000725132,541.4696809097436,558.33837890625,209164.0,0,1
2022-09-15,565.5186041732412,565.5186041732412,554.6744328796653,557.9202880859375,83440.0,0,1
2022-09-16,557.5514414696954,557.6743909857674,532.223841158865,535.0762939453125,79002.0,0,1
2022-09-19,537.7566278631436,543.9533321742185,512.4536387174046,516.8798217773438,116226.0,0,1
2022-09-20,523.2240069013392,545.8467193415585,523.2240069013392,536.6008911132812,260338.0,0,1
2022-09-21,538.5189111032553,540.9287337624701,524.7977323204103,531.70751953125,66258.0,0,1
2022-09-22,530.1582697885705,544.9122105062487,526.1992716824182,537.2401733398438,371984.0,0,1
2022-09-23,533.6008874091222,539.9450942984706,523.2731282979779,537.0188598632812,105762.0,0,1
2022-09-26,531.658265841761,549.7563966955279,521.2567258624782,536.2073974609375,188200.0,0,1
2022-09-27,539.4532890732295,545.1335204884718,522.0682401407355,526.0026245117188,125222.0,0,1
2022-09-28,524.2567822215701,539.9943216503602,522.5601027654832,536.8468017578125,84262.0,0,1
2022-09-29,538.5435034640839,545.871246719347,535.1009169555651,539.527099609375,197210.0,0,1
2022-09-30,540.9778656411422,543.436855939511,535.2730201557151,541.2975463867188,174306.0,0,1
2022-10-03,543.4368529161982,563.3055064232713,540.9778626315095,553.6416625976562,256402.0,0,1
2022-10-04,558.1908376800812,560.9203411202014,550.2974542438017,552.092529296875,79736.0,0,1
2022-10-05,558.1908376800812,560.9203411202014,550.2974542438017,552.092529296875,79736.0,0,1
2022-10-06,554.8711794995247,555.7809939337499,547.8384429959461,554.7482299804688,112044.0,0,1
2022-10-07,556.2236178489279,572.1578873431662,553.7892414130341,568.3218383789062,235554.0,0,1
2022-10-10,567.4858023627169,570.9775566368252,558.2645885927423,568.7644653320312,711810.0,0,1
2022-10-11,568.985764626129,583.174187260879,565.321892943812,572.9447631835938,937304.0,0,1
2022-10-12,575.8217500032499,580.8135123490247,560.6497917678985,577.9610595703125,280430.0,0,1
2022-10-13,580.3217046465932,580.3217046465932,558.5596407223459,561.6087646484375,113656.0,0,1
2022-10-14,564.4366648584423,578.8463734446019,561.608825735837,573.5103759765625,96820.0,0,1
2022-10-17,568.592319508577,591.633045819878,567.0185297503708,587.7969970703125,243966.0,0,1
2022-10-18,590.7478104197826,600.4854360998439,585.239696116965,595.8133544921875,344310.0,0,1
2022-10-19,595.8133847401424,601.9854747698075,579.4364843651551,598.3953247070312,355898.0,0,1
2022-10-20,598.3953202669071,601.1248236538007,586.223317656177,592.1002807617188,192106.0,0,1
2022-10-21,591.6331018968375,600.9772656009438,587.5019859366538,596.2068481445312,91412.0,0,1
2022-10-24,600.4854466179886,602.4526389083014,585.3134880857399,597.4608764648438,30434.0,0,1
2022-10-25,597.8297258698109,599.231338371864,590.6494860067427,595.2723999023438,79962.0,0,1
2022-10-26,597.8297258698109,599.231338371864,590.6494860067427,595.2723999023438,79962.0,0,1
2022-10-27,596.8215664076178,609.8296012266574,580.9118509613642,601.9362182617188,149646.0,0,1
2022-10-28,604.8870096517261,607.3214461084054,597.5346525495702,600.7067260742188,968358.0,0,1
2022-10-31,600.9773236488155,614.7476714901959,600.4855255116233,607.936279296875,112374.0,0,1
2022-11-01,612.2393896860669,626.3048015700552,595.8379371209184,601.9854125976562,372436.0,0,1
2022-11-02,602.280461657046,607.3705591949283,600.510000778731,602.0099487304688,103278.0,0,1
2022-11-03,600.6083569844242,604.4197917984502,590.1576486233851,600.7559204101562,159014.0,0,1
2022-11-04,606.8296662843006,610.7886048298899,590.5757156365771,601.4690551757812,176782.0,0,1
2022-11-07,601.4690436188562,604.9116301318014,591.06750236224,595.2723999023438,63952.0,0,1
2022-11-08,601.4690436188562,604.9116301318014,591.06750236224,595.2723999023438,63952.0,0,1
2022-11-09,597.3625523121372,600.7559710847493,582.8298949753604,590.9691772460938,130306.0,0,1
2022-11-10,582.1168023886886,602.575590263526,582.1168023886886,597.6329956054688,132280.0,0,1
2022-11-11,602.4525679021418,612.7557122947301,592.5919936955564,599.5755615234375,70866.0,0,1
2022-11-14,599.9936727129882,604.8378719162176,590.2806603883312,593.57568359375,71852.0,0,1
2022-11-15,593.5264782358433,599.0100386257826,583.690517010461,588.903564453125,35998.0,0,1
2022-11-16,589.8380441351032,591.1167071989508,570.8792632427528,574.5677490234375,161926.0,0,1
2022-11-17,574.5677326282749,574.5677326282749,547.5680054773045,558.3137817382812,335720.0,0,1
2022-11-18,561.1169755831621,587.2068868210762,543.4860270434385,577.1741943359375,150356.0,0,1
2022-11-21,580.0758411801236,586.0511999188657,568.6661496232239,584.5758056640625,100856.0,0,1
2022-11-22,587.501939676376,597.7559170322144,580.5922130806783,587.0839233398438,277052.0,0,1
2022-11-23,587.157750915468,594.7314534986822,586.2233225388601,593.2314453125,91122.0,0,1
2022-11-24,593.9445615622841,595.1495029686446,583.7151967546521,591.6085205078125,238310.0,0,1
2022-11-25,590.059370736232,597.5346776696316,587.3544812488386,595.419921875,55346.0,0,1
2022-11-28,595.0510709771942,607.3706370623614,594.3133738471589,600.4116821289062,112160.0,0,1
2022-11-29,599.9936445490795,610.8132020737349,594.559251869709,602.280517578125,114556.0,0,1
2022-11-30,602.2805752548572,609.3132522989935,592.6167302608263,602.7232055664062,96492.0,0,1
2022-12-01,603.4115941959166,604.7886527512322,594.510061486464,602.5755615234375,44224.0,0,1
2022-12-02,602.5756182624373,608.3542459013547,599.9198965322304,605.2067260742188,62384.0,0,1
2022-12-05,609.682106364204,609.8050558944084,597.9281793038195,603.2395629882812,35016.0,0,1
2022-12-06,603.239521006699,610.8132235470017,598.3953218605591,608.5509643554688,122458.0,0,1
2022-12-07,614.7475625083335,628.5179079085202,611.0836910493606,617.2803344726562,226964.0,0,1
2022-12-08,617.2066021877794,632.0343265897571,605.8952461317484,617.0344848632812,140012.0,0,1
2022-12-09,620.3049367047955,628.8621751922097,616.2229886641526,625.9851684570312,217946.0,0,1
2022-12-12,627.0425692689656,629.9933578302313,618.3869348293755,625.6901245117188,66042.0,0,1
2022-12-13,626.3048653712304,629.501552944778,610.3460414214824,624.3868408203125,70072.0,0,1
2022-12-14,628.5179192789815,633.2883364367707,619.0261927285623,627.85400390625,89486.0,0,1
2022-12-15,623.5999590858413,624.0425893601201,605.9198423035706,616.2721557617188,158596.0,0,1
2022-12-16,614.747611122526,628.4933436936471,610.5919412849163,620.0098266601562,111442.0,0,1
2022-12-19,620.0098529263176,625.0753974701431,609.3378579586997,619.2721557617188,56784.0,0,1
2022-12-20,610.3213932462803,615.6820041139749,599.6493993441087,611.7476196289062,234634.0,0,1
2022-12-21,614.8213862512675,619.0508377636581,587.2069118489039,597.87890625,443868.0,0,1
2022-12-22,601.0264614698357,606.4362407090492,585.239754060375,592.6658935546875,152056.0,0,1
2022-12-23,592.6166868697788,592.6166868697788,577.8627444580832,588.6085205078125,117798.0,0,1
2022-12-26,587.6986588912084,591.6822110158167,573.9283137456404,586.0511474609375,102098.0,0,1
2022-12-27,582.2889349738525,594.4117698244808,580.7643729110312,586.3216552734375,433020.0,0,1
2022-12-28,586.3708431220255,595.075644654217,579.805291081538,585.8544311523438,156458.0,0,1
2022-12-29,580.3709126030283,592.001949410277,580.3709126030283,589.4691772460938,120612.0,0,1
2022-12-30,590.1330725688607,592.419945610783,585.4118230837612,589.9364013671875,82380.0,0,1
2023-01-02,589.4199560916968,590.4773338937267,580.518423496683,587.1822509765625,68494.0,0,1
2023-01-03,590.0593536735543,599.034668531276,584.7725243738004,592.4691162109375,552912.0,0,1
2023-01-04,592.1740952067794,594.0429520477086,580.3217727032735,582.166015625,42146.0,0,1
2023-01-05,590.1577344043817,594.5593034932347,581.3299823074958,590.3052978515625,177574.0,0,1
2023-01-06,585.2397405469225,593.6003082690213,585.2397405469225,591.4609985351562,52626.0,0,1
2023-01-09,593.600282267666,596.059272666455,586.4200423099911,592.9855346679688,65972.0,0,1
2023-01-10,591.6331124484943,599.8461166792127,588.3872570054417,598.6412353515625,319976.0,0,1
2023-01-11,598.5182789366625,625.0753759478208,593.2560633572893,614.4033813476562,456876.0,0,1
2023-01-12,614.4033828714299,622.0262533287233,602.2313800444614,613.7886352539062,159340.0,0,1
2023-01-13,613.788587080424,624.2146818417497,606.4361701315306,611.231201171875,81882.0,0,1
2023-01-16,611.2312205836306,613.27219458523,600.4854447382244,609.1902465820312,56522.0,0,1
2023-01-17,609.1656777776556,613.5180785929492,603.9526303591252,609.386962890625,45764.0,0,1
2023-01-18,607.3706079033394,618.6327955546515,598.4444610516555,616.4688720703125,123226.0,0,1
2023-01-19,608.354220329357,619.5672404815843,605.6739448273368,609.7066650390625,86092.0,0,1
2023-01-20,605.9443765820004,616.8131016808138,595.567449542264,598.2723388671875,64382.0,0,1
2023-01-23,598.2722902650106,612.2885338100601,589.887110025362,609.6328125,62040.0,0,1
2023-01-24,609.6329199083382,615.7803962304898,606.731299077493,612.8050537109375,37848.0,0,1
2023-01-25,608.1820699377575,617.8950814156508,604.9116009017039,614.304931640625,47690.0,0,1
2023-01-26,608.1820699377575,617.8950814156508,604.9116009017039,614.304931640625,47690.0,0,1
2023-01-27,613.3460086383784,614.2312091925495,598.026485911087,607.395263671875,64650.0,0,1
2023-01-30,606.8788188596462,610.4443548699642,595.5674632407063,599.4772338867188,61018.0,0,1
2023-01-31,594.0429494698767,608.4772120011626,592.6413368622367,604.395263671875,281748.0,0,1
2023-02-01,608.6492954022948,630.681873530229,608.6492954022948,623.0835571289062,421122.0,0,1
2023-02-02,622.1245469234765,658.5176034233479,617.6983643761948,654.0176391601562,502744.0,0,1
2023-02-03,655.6160075097217,685.0501105491131,655.5914536261238,667.9847412109375,478424.0,0,1
2023-02-06,677.9928128393319,681.6075166766014,669.3371787433414,671.8453369140625,141478.0,0,1
2023-02-07,666.3864299288815,685.4436064305377,665.7716822997958,674.5010986328125,100984.0,0,1
2023-02-08,668.8453491138221,684.066474773093,668.8453491138221,675.828857421875,62754.0,0,1
2023-02-09,668.8453513198758,679.0255469918295,668.8453513198758,673.025634765625,31726.0,0,1
2023-02-10,668.8699776611753,682.6157094686712,668.8699776611753,677.0338134765625,55914.0,0,1
2023-02-13,677.0338260899168,697.7876806615336,669.4601237937442,673.6895751953125,113168.0,0,1
2023-02-14,674.6977705453813,680.9435818940319,667.0502866985255,668.722412109375,43812.0,0,1
2023-02-15,668.7224333429166,694.517218396326,658.8373040294683,680.943603515625,92456.0,0,1
2023-02-16,683.1075292699179,714.7793374502005,675.7305581114954,698.18115234375,318646.0,0,1
2023-02-17,696.9024890323708,703.2712501159972,693.3861207750018,697.394287109375,68178.0,0,1
2023-02-20,700.3204769519552,705.4105751533491,695.5500595143864,697.9844360351562,63290.0,0,1
2023-02-21,703.3450246537321,705.7302332960624,689.0090988486295,695.3041381835938,96240.0,0,1
2023-02-22,693.9271038069926,726.8775757808186,690.4599032648248,713.8203125,671004.0,0,1
2023-02-23,722.0578843600566,734.7216843468576,695.8942517018742,699.5335693359375,315294.0,0,1
2023-02-24,704.0089503435325,720.4841859960009,703.1729176225078,716.992431640625,485056.0,0,1
2023-02-27,719.0825970319884,724.9103924543605,698.8450934041019,702.6073608398438,98954.0,0,1
2023-02-28,718.0251577191219,720.4841479852832,704.1810305138449,706.3695678710938,223920.0,0,1
2023-03-01,709.3448772764795,713.1071442165478,704.5252925980002,706.5908203125,118046.0,0,1
2023-03-02,709.9842658826993,711.5088278287495,695.8942397633873,702.2630004882812,78508.0,0,1
2023-03-03,705.5089140554978,717.1153359861737,703.2465950066355,708.0416259765625,103724.0,0,1
2023-03-06,711.4842628957684,729.8283554112605,705.7302493363604,728.6234741210938,163532.0,0,1
2023-03-07,711.4842628957684,729.8283554112605,705.7302493363604,728.6234741210938,163532.0,0,1
2023-03-08,731.7955385930106,748.6887905315643,721.5907284950234,738.2626953125,347020.0,0,1
2023-03-09,744.1888543701285,751.4674901997785,734.5496237015805,744.4347534179688,292358.0,0,1
2023-03-10,744.82819462231,754.9100552956394,741.1397090101163,746.3035888671875,222816.0,0,1
2023-03-13,747.5084813337244,748.0740611428423,728.0824568189585,736.8364868164062,243600.0,0,1
2023-03-14,735.2627028704931,744.6068658739254,735.2380889542757,738.1397094726562,116282.0,0,1
2023-03-15,746.7953815735042,746.7953815735042,729.902129598041,731.6972045898438,158016.0,0,1
2023-03-16,728.5988294362518,734.0823898387301,693.5582174907014,698.6483154296875,180812.0,0,1
2023-03-17,702.140040681864,713.0579932366816,690.7057362032137,707.9678955078125,169900.0,0,1
2023-03-20,794.2539515151639,794.2539515151639,668.8700467740741,711.4105834960938,407508.0,1,0
2023-03-21,715.0743854449823,729.8283273730082,705.8777856567569,715.8858642578125,348694.0,1,0
2023-03-22,721.4185913358228,725.4021436432786,698.8450482149823,703.9843139648438,87662.0,0,1
2023-03-23,705.7301947113693,720.3611865529465,705.7301947113693,715.0497436523438,209696.0,0,1
2023-03-24,715.0497985649446,727.3693645542387,699.3614877487745,702.6318969726562,217790.0,0,1
2023-03-27,701.2794779658468,710.6236418829611,688.5173412610515,691.3943481445312,78520.0,0,1
2023-03-28,695.8943138487964,697.3697081537763,677.0092547382657,680.2797241210938,62572.0,0,1
2023-03-29,680.2796749974044,681.2632711296977,664.9109854303205,675.3616943359375,216368.0,0,1
2023-03-30,680.2796749974044,681.2632711296977,664.9109854303205,675.3616943359375,216368.0,0,1
2023-03-31,678.7551037234884,683.5993026020453,667.8617647004155,678.2633056640625,145262.0,0,1
2023-04-03,676.5174048680195,688.0254915730276,661.493010032377,682.5419311523438,196456.0,0,1
2023-04-04,676.5174048680195,688.0254915730276,661.493010032377,682.5419311523438,196456.0,0,1
2023-04-05,685.9600159189952,709.1482483753043,682.812496062912,704.86962890625,203204.0,0,1
2023-04-06,708.4842808038516,712.9842451077508,692.5008436829673,709.3203735351562,158646.0,0,1
2023-04-07,708.4842808038516,712.9842451077508,692.5008436829673,709.3203735351562,158646.0,0,1
2023-04-10,712.6154375786489,715.6645617451858,679.5911835888323,698.6729736328125,146542.0,0,1
2023-04-11,704.2056640729596,707.0580568409052,694.0500219836466,699.1647338867188,74980.0,0,1
2023-04-12,699.16470722696,709.6399696332048,695.4270540674462,708.0416259765625,88650.0,0,1
2023-04-13,708.0416323477,726.8775217767362,704.5744920970733,724.8365478515625,215190.0,0,1
2023-04-14,708.0416323477,726.8775217767362,704.5744920970733,724.8365478515625,215190.0,0,1
2023-04-17,724.9103978546073,739.6397269046275,724.9103978546073,736.6397705078125,136520.0,0,1
2023-04-18,736.9348000285081,737.0823634642973,714.8776684146974,720.066162109375,173402.0,0,1
2023-04-19,719.9923628445121,724.3693776035658,711.7547453051367,722.2792358398438,126060.0,0,1
2023-04-20,722.5743391801979,737.106996661719,714.5826202680465,731.328369140625,144368.0,0,1
2023-04-21,731.3036986947229,738.7052833440464,722.2300487063374,728.0823974609375,51288.0,0,1
2023-04-24,732.28733362358,748.9346864543721,719.7464827119607,745.4429321289062,156876.0,0,1
2023-04-25,730.8119202948252,741.2380151979709,726.385737735839,728.22998046875,140472.0,0,1
2023-04-26,726.508714915935,734.7217188523288,725.4513370353471,726.8775634765625,112830.0,0,1
2023-04-27,726.877602329821,730.2710212757689,720.4842269372042,722.0087890625,118770.0,0,1
2023-04-28,723.9021993101969,734.500472525602,697.8861274869344,727.9595336914062,333510.0,0,1
2023-05-01,723.9021993101969,734.500472525602,697.8861274869344,727.9595336914062,333510.0,0,1
2023-05-02,762.2869643904651,762.2869643904651,714.2137058297116,720.484130859375,640090.0,0,1
2023-05-03,722.9432028669825,723.2628836369444,701.992615933545,707.32861328125,471362.0,0,1
2023-05-04,713.1071273155594,717.8775440847159,701.7957728822781,706.6154174804688,312632.0,0,1
2023-05-05,736.688903197288,736.688903197288,703.7630460554418,706.9351196289062,943762.0,0,1
2023-05-08,712.5170824579913,712.5170824579913,698.8450718177188,701.5007934570312,305592.0,0,1
2023-05-09,700.8368325678192,708.1891893744846,682.1238928211183,691.7631225585938,655050.0,0,1
2023-05-10,684.115736474177,711.09084889028,684.115736474177,693.4598999023438,855786.0,0,1
2023-05-11,698.3532172977586,706.9350690882993,696.7057058693724,704.8203735351562,149788.0,0,1
2023-05-12,704.8204445285953,706.763022970071,692.5746600836153,696.7549438476562,399518.0,0,1
2023-05-15,696.066357073855,703.9105719805988,692.1565865954748,702.2630004882812,142490.0,0,1
2023-05-16,702.2876301194841,705.9761155717923,693.9270630942522,699.8778076171875,208114.0,0,1
2023-05-17,699.8286944851365,704.2302634551428,689.7468334612818,692.6238403320312,189750.0,0,1
2023-05-18,696.2877380535272,712.615410117168,693.9024693644885,703.7876586914062,159888.0,0,1
2023-05-19,703.2711811078692,703.2711811078692,687.7795432023462,690.1401977539062,188190.0,0,1
2023-05-22,690.9763487414484,698.0828074604765,687.9272244545322,694.3451538085938,75008.0,0,1
2023-05-23,694.3450462527056,698.0089776472477,681.1402809713487,683.03369140625,101190.0,0,1
2023-05-24,685.0747283680525,711.779388239768,684.0911322038486,706.2220458984375,642980.0,0,1
2023-05-25,706.7138298121158,717.041589329203,700.713917344338,716.1317749023438,353380.0,0,1
2023-05-26,717.0415656445408,721.9103784057058,711.5088375145675,718.6152954101562,312720.0,0,1
2023-05-29,722.9431747656914,726.7792237882302,712.6154151261815,723.5579223632812,247466.0,0,1
2023-05-30,723.5579261417109,726.3611511877812,710.3285457657039,717.951416015625,782070.0,0,1
2023-05-31,720.484180766328,722.3530374672179,706.7138346492924,709.1236572265625,105862.0,0,1
2023-06-01,708.4351398119305,714.0908177764131,698.9680266974705,710.1564331054688,157980.0,0,1
2023-06-02,712.9595998269463,717.8038585837872,705.2630084713961,708.9268798828125,231260.0,0,1
2023-06-05,708.95150175838,712.4924236986466,701.7958161297454,708.8285522460938,120134.0,0,1
2023-06-06,704.3531547694331,715.6891240217676,704.3531547694331,713.6235961914062,71424.0,0,1
2023-06-07,714.2383606865742,724.7382374685815,713.20553671298,721.73828125,101486.0,0,1
2023-06-08,724.4185210763592,724.4676888741246,711.828503117394,718.025146484375,142506.0,0,1
2023-06-09,722.9431514759319,727.3693340359887,713.008854632493,717.1153564453125,98332.0,0,1
2023-06-12,718.4923835240106,734.2545360577843,713.6727983431948,732.2135620117188,221216.0,0,1
2023-06-13,734.18075087718,747.803593697886,730.8119460398418,746.7462158203125,419338.0,0,1
2023-06-14,750.9755897062869,764.6967667116375,745.0493994478122,756.4837036132812,371568.0,0,1
2023-06-15,762.237890111185,762.2870579145834,736.2217585149235,750.4592895507812,387306.0,0,1
2023-06-16,752.4510479819754,761.1804637347075,737.6971058646818,752.2789306640625,386576.0,0,1
2023-06-19,767.2049899323202,767.2049899323202,747.0658829601746,750.0903930664062,249116.0,0,1
2023-06-20,767.2050386521225,791.2048100286655,757.5166400622102,777.2377319335938,521875.0,0,1
2023-06-21,781.9589494143393,795.6801278919838,770.2049632622654,787.1719970703125,168405.0,0,1
2023-06-22,787.1720122689154,790.8113301482776,772.368901739969,781.0245361328125,425801.0,0,1
2023-06-23,785.2047680359691,806.5488157773534,758.5001694851699,772.958984375,331722.0,0,1
2023-06-26,767.2049530281508,781.0736339346986,766.3689203621454,773.5983276367188,245359.0,0,1
2023-06-27,771.6312112539915,784.6146929721292,760.6149219163611,766.6640625,241129.0,0,1
2023-06-28,767.2049862140622,768.6803804183199,752.451044171484,755.6968994140625,122331.0,0,1
2023-06-29,767.2049862140622,768.6803804183199,752.451044171484,755.6968994140625,122331.0,0,1
2023-06-30,755.6969289788725,772.0738293004183,745.565900386739,754.5166015625,152483.0,0,1
2023-07-03,757.4181726762861,769.1721582003303,752.45102432641,754.762451171875,106669.0,0,1
2023-07-04,756.8281163176695,764.2050878978002,749.5494803450277,762.09033203125,187308.0,0,1
2023-07-05,764.2542040633434,779.6475077340529,760.664054123342,775.4672241210938,177966.0,0,1
2023-07-06,779.7950580488549,779.8934536895638,770.5492897572623,777.2377319335938,121605.0,0,1
2023-07-07,777.0409317071193,786.5818260399319,754.1231542091282,777.3359985351562,155467.0,0,1
2023-07-10,779.8933774752292,779.8933774752292,764.6476378124021,777.4343872070312,98641.0,0,1
2023-07-11,777.0409893816195,780.9753741379822,768.9754886242866,777.7786865234375,114338.0,0,1
2023-07-12,778.9590095937082,785.8933506811643,767.7459890873068,771.483642578125,88623.0,0,1
2023-07-13,772.614805653458,785.893354191105,769.8115805313114,782.1557006835938,129549.0,0,1
2023-07-14,786.8769685039371,796.1227968974376,774.6311836748049,780.7294921875,112305.0,0,1
2023-07-17,780.7785982824986,788.1064014793291,777.0409449842995,779.1557006835938,50623.0,0,1
2023-07-18,783.0900982421621,785.8933232539581,771.1885488158217,776.5983276367188,44328.0,0,1
2023-07-19,781.9589794684756,785.8933642708326,773.1066136631721,780.8278198242188,67961.0,0,1
2023-07-20,777.090172385178,785.8933704565308,774.0902159565578,778.3688354492188,39297.0,0,1
2023-07-21,779.1121202201685,785.7525742059739,768.160358758314,783.3243408203125,84567.0,0,1
2023-07-24,775.593659465805,782.8783593432394,772.4220931547679,778.3192138671875,73064.0,0,1
2023-07-25,776.0397056242992,782.1350608425257,765.1870309758611,768.7550659179688,101355.0,0,1
2023-07-26,763.2543606280746,780.4997117903876,763.2543606280746,772.818603515625,207633.0,0,1
2023-07-27,774.0574851766083,775.9901632112285,758.1997133932207,760.677490234375,184554.0,0,1
2023-07-28,760.6774696697001,767.218776156466,754.4334842973152,757.4563598632812,68774.0,0,1
2023-07-31,761.2721819996009,782.8288419198938,759.289960397735,776.6343994140625,139327.0,0,1
2023-08-01,782.7297617655836,797.8442016097433,774.0575421828689,777.1795654296875,161872.0,0,1
2023-08-02,780.4997069729721,782.3828415741369,764.1463797792527,768.061279296875,87357.0,0,1
2023-08-03,761.1730299286951,777.9228252270295,756.9112659481867,762.2136840820312,110161.0,0,1
2023-08-04,758.1996834609338,762.5605947262444,752.4512535149127,755.67236328125,280046.0,0,1
2023-08-07,757.6050810734615,759.4881552018489,711.6175181021334,729.25927734375,397489.0,0,1
2023-08-08,729.5070098833393,733.8679211080525,721.4294940708169,729.6557006835938,475677.0,0,1
2023-08-09,729.4575383390758,743.2340024585527,722.5197628385682,738.8235473632812,214289.0,0,1
2023-08-10,737.3864151621915,749.7257563854015,736.097983255724,742.8375244140625,71465.0,0,1
2023-08-11,743.53128576645,745.3152729915803,733.4219441672466,735.5528564453125,49047.0,0,1
2023-08-14,735.5528857444214,740.855304192774,725.4930871827567,734.7599487304688,69521.0,0,1
2023-08-15,735.5528857444214,740.855304192774,725.4930871827567,734.7599487304688,69521.0,0,1
2023-08-16,732.9263840637144,738.377493072978,730.4486072413218,736.593505859375,31133.0,0,1
2023-08-17,737.1881775430096,743.233989526676,730.9937352396221,737.7332763671875,73340.0,0,1
2023-08-18,735.7510319809362,747.5452739573492,733.9670447514834,741.0039672851562,75137.0,0,1
2023-08-21,744.6710518733097,747.2975196074318,734.6608573063777,739.6659545898438,84952.0,0,1
2023-08-22,739.6163999782375,740.8057449812451,726.9301944288895,730.4981689453125,62514.0,0,1
2023-08-23,734.3139878347819,737.5350978115974,728.4664101413689,731.0432739257812,40408.0,0,1
2023-08-24,731.0928796449246,734.9086318912849,719.4473281618192,722.9657592773438,99862.0,0,1
2023-08-25,722.9657832509001,724.0064374896338,695.4624586234705,698.435791015625,300510.0,0,1
2023-08-28,703.6886533713571,724.5019797386789,703.6886533713571,720.5375366210938,124357.0,0,1
2023-08-29,726.4346297573665,730.7459372839314,720.5375087495485,728.7141723632812,72095.0,0,1
2023-08-30,731.6875063445252,737.1386154334448,731.4397286586652,734.165283203125,44800.0,0,1
2023-08-31,736.3952400739461,737.1385730888256,727.277009659572,733.867919921875,109769.0,0,1
2023-09-01,733.174135327779,741.251711674762,721.5781281182967,738.625244140625,68636.0,0,1
2023-09-04,738.3775180397369,743.9773180447293,729.0610526754839,734.9086303710938,71083.0,0,1
2023-09-05,735.3546313658215,739.3686177955483,732.381299122676,735.4041748046875,41123.0,0,1
2023-09-06,735.651903281315,750.0725515974044,734.9581137058045,744.5718994140625,92118.0,0,1
2023-09-07,748.2390709280071,792.8885980046226,743.3330606293337,786.0003662109375,339199.0,0,1
2023-09-08,792.8886138235748,802.3041661127297,775.345941144208,799.9254760742188,282990.0,0,1
2023-09-11,806.7641633194779,809.2419402338497,784.216393398694,800.2723999023438,152650.0,0,1
2023-09-12,800.2723544765892,803.2456866050605,773.0663534025567,775.197265625,127967.0,0,1
2023-09-13,775.197283029364,796.3079295169576,765.5339533948755,788.7754516601562,115511.0,0,1
2023-09-14,790.4107686242146,800.4705662401063,776.634305952096,780.0536499023438,179832.0,0,1
2023-09-15,784.1173110472937,797.7946275950903,777.278622527095,787.6357421875,198070.0,0,1
2023-09-18,797.3485651035446,818.6079019024631,783.2252375053774,792.9381103515625,574526.0,0,1
2023-09-19,797.3485651035446,818.6079019024631,783.2252375053774,792.9381103515625,574526.0,0,1
2023-09-20,808.7463997632592,938.383678215026,795.0690830422539,899.2348022460938,10950814.0,1,0
2023-09-21,894.9234818437639,895.8154452411773,875.745452149266,882.6832275390625,1076803.0,1,0
2023-09-22,884.9628230265137,900.3250398277869,872.2270134473174,886.350341796875,914115.0,0,1
2023-09-25,893.882829655834,941.5552336022332,886.3008080513652,903.595703125,1526289.0,0,1
2023-09-26,908.303434511236,911.8218654806034,882.1380872177967,888.1838989257812,325524.0,0,1
2023-09-27,895.4190661958576,902.1090641095848,875.6959370383461,880.3046264648438,158102.0,0,1
2023-09-28,887.7378587176839,892.3960910675262,874.1596301419039,886.6972045898438,94332.0,0,1
2023-09-29,882.0885934486098,896.1623786111415,860.5319340019724,867.420166015625,164969.0,0,1
2023-10-02,882.0885934486098,896.1623786111415,860.5319340019724,867.420166015625,164969.0,0,1
2023-10-03,868.4607924443525,891.0085619486139,867.4201382580603,877.5294799804688,359351.0,0,1
2023-10-04,876.5879326511829,888.9768172765527,866.280356445835,874.9525756835938,109461.0,0,1
2023-10-05,874.9525678698914,883.8230212809593,864.7441391282725,868.9563598632812,72735.0,0,1
2023-10-06,872.0287460285516,875.7454112423335,857.8558747785164,864.64501953125,51568.0,0,1
2023-10-09,863.2574319248527,889.1750012939178,852.4047575076453,860.5814208984375,210654.0,0,1
2023-10-10,862.5141286110999,867.023670416838,856.0223653089846,857.8558959960938,341769.0,0,1
2023-10-11,859.2434881269409,880.8992341025993,859.2434881269409,874.407470703125,605985.0,0,1
2023-10-12,880.8001283963127,882.0885602622209,866.4290226392316,870.8394775390625,98243.0,0,1
2023-10-13,869.9474329352253,880.453182351531,864.2485463053448,865.6856689453125,85637.0,0,1
2023-10-16,865.6857283797542,884.0708213668333,865.1406295458174,881.4939575195312,93470.0,0,1
2023-10-17,881.7416905020164,911.5245560210592,881.7416905020164,903.149658203125,214389.0,0,1
2023-10-18,903.1497015944047,941.5552444605592,902.8523804578324,935.9554443359376,249291.0,0,1
2023-10-19,935.9554711615071,941.555271446626,920.0481547266402,935.8563842773438,276769.0,0,1
2023-10-20,930.653006932566,938.3341153497412,901.514326288436,911.1281127929688,138547.0,0,1
2023-10-23,911.1776704912836,918.511914453042,845.4174945006149,875.1508178710938,306427.0,1,0
2023-10-24,911.1776704912836,918.511914453042,845.4174945006149,875.1508178710938,306427.0,0,1
2023-10-25,870.1951819092574,891.9996169912661,848.093425720104,881.9398193359375,186637.0,0,1
2023-10-26,876.1914063408154,881.8407494557979,849.1836396393032,854.585205078125,160222.0,0,1
2023-10-27,853.3958724839155,870.1952112692386,850.422540326959,855.6754150390625,122276.0,0,1
2023-10-30,859.0452725046142,871.1863796152938,856.666582424665,864.4468383789062,108127.0,0,1
2023-10-31,920.7419336522032,946.510814464859,806.7641915962254,876.7861938476562,3041130.0,1,0
2023-11-01,880.552347808738,940.5640909325195,880.552347808738,925.9947509765624,1079905.0,1,0
2023-11-02,926.936359372015,928.1257044095852,911.821919938256,918.9083862304688,259981.0,0,1
2023-11-03,918.90834558391,969.3063024498294,913.3580891516236,963.0623168945312,816377.0,0,1
2023-11-06,973.2707753068042,982.190772229168,943.6365391121332,958.4041137695312,278402.0,0,1
2023-11-07,965.0941002471614,965.0941002471614,946.8080946702742,949.236328125,169367.0,0,1
2023-11-08,953.9440961889208,964.1525248080588,926.7380940224674,935.5094604492188,272349.0,0,1
2023-11-09,941.5552318180552,966.333001076425,904.09125679792,913.6058959960938,379281.0,0,1
2023-11-10,913.8040758634868,950.9707275390624,907.8078681583468,941.55517578125,223767.0,0,1
2023-11-13,950.3760688556674,957.3138437149962,927.729153197872,951.1689453125,135748.0,0,1
2023-11-14,950.3760688556674,957.3138437149962,927.729153197872,951.1689453125,135748.0,0,1
2023-11-15,951.1689906371926,972.775192701581,948.5425229753956,958.503173828125,255675.0,0,1
2023-11-16,955.7280899108192,980.1589942432216,951.9618811365448,959.2465209960938,161974.0,0,1
2023-11-17,951.6150263346713,979.5643015465702,951.6150263346713,961.0305786132812,129467.0,0,1
2023-11-20,961.0800649149496,990.1691399755804,961.0800649149496,971.9327392578124,186682.0,0,1
2023-11-21,980.208495861352,987.1958142945036,973.3202643025328,978.2758178710938,113535.0,0,1
2023-11-22,978.226256256917,985.1640311239876,952.3582913067362,966.6302490234376,168860.0,0,1
2023-11-23,971.288526939882,976.8387228967846,963.5578752525538,968.16650390625,83538.0,0,1
2023-11-24,975.996270956924,1015.8884770051762,975.1538510510808,1000.9227294921876,349192.0,0,1
2023-11-27,975.996270956924,1015.8884770051762,975.1538510510808,1000.9227294921876,349192.0,0,1
2023-11-28,1001.021829744696,1014.897379859969,980.0598137663694,990.070068359375,117046.0,0,1
2023-11-29,994.8769619812518,1001.4183292480474,971.4372289632166,977.3342895507812,95162.0,0,1
2023-11-30,976.8387253087268,1016.3840682002472,965.9365071222786,992.9442749023438,958653.0,0,1
2023-12-01,997.057378230852,1000.8731302825096,978.2262746658556,980.20849609375,109354.0,0,1
2023-12-04,988.1374214263516,993.5389871324678,968.7612182902824,983.13232421875,185430.0,0,1
2023-12-05,988.9302829144784,1020.7944568661308,983.1323092904856,1015.5911254882812,373349.0,0,1
2023-12-06,1018.6636716594248,1028.7729528599227,988.0383254552833,996.8096313476562,324638.0,0,1
2023-12-07,997.9989392919966,1009.3471689945334,986.7994003926648,1003.2022705078124,177905.0,0,1
2023-12-08,1003.0040845133362,1007.464082912852,987.1463124261688,996.3140869140624,43793.0,0,1
2023-12-11,999.0396494496528,999.0396494496528,982.1907664728232,988.7816772460938,47696.0,0,1
2023-12-12,981.199636804052,1005.1845289133378,981.199636804052,987.1463012695312,52808.0,0,1
2023-12-13,988.4347224240724,998.3953731972584,984.172958368529,995.3724975585938,229004.0,0,1
2023-12-14,996.0663150887676,999.2874250629354,980.20854290825,985.26318359375,213513.0,0,1
2023-12-15,988.9798405784684,992.15140708625,944.4294606299526,959.9403076171876,131233.0,0,1
2023-12-18,959.94030111041,981.2987255919868,953.4980812602648,955.5298461914062,204957.0,0,1
2023-12-19,954.7369787340102,965.7878878555624,936.8474416946426,939.9198608398438,97893.0,0,1
2023-12-20,944.5285624195946,946.4116970768628,900.9196886037896,915.8854370117188,110318.0,0,1
2023-12-21,908.7990189933868,943.686129671654,893.5358891677074,920.5932006835938,253059.0,0,1
2023-12-22,926.68851826852,946.1142640801046,918.6109417464668,942.7940673828124,254983.0,0,1
2023-12-25,926.68851826852,946.1142640801046,918.6109417464668,942.7940673828124,254983.0,0,1
2023-12-26,951.0698634826758,951.0698634826758,917.7685660602511,938.5323486328124,174442.0,0,1
2023-12-27,940.3658479164274,947.4027703904288,929.7609510137764,941.604736328125,175024.0,0,1
2023-12-28,944.528518661827,950.4751829975784,936.1040775195128,939.126953125,195838.0,0,1
2023-12-29,939.5729588606288,945.3213889154762,929.2653832161736,938.5818481445312,241591.0,0,1
2024-01-01,938.8791786375684,947.997409415252,930.1574163473224,940.3658447265624,108660.0,0,1
2024-01-02,945.519631039872,946.5107417642324,928.2247368012625,942.6453857421876,125731.0,0,1
2024-01-03,942.6454012674176,946.0152019827824,930.9007631873528,933.3785400390624,93822.0,0,1
2024-01-04,934.5183163477608,939.027857997556,921.7329639412148,927.332763671875,118801.0,0,1
2024-01-05,930.652966903428,941.555184833074,921.633883540487,935.6085205078124,133623.0,0,1
2024-01-08,940.5640447562112,951.4662623455876,935.6084913064946,944.1320190429688,222620.0,0,1
2024-01-09,948.4929722144544,977.2351834936804,936.847421092699,958.3049926757812,233630.0,0,1
2024-01-10,963.3597069557424,969.0585941110876,943.5374907632372,961.3279418945312,132410.0,0,1
2024-01-11,967.324086384601,992.300089238133,959.3952004306288,987.1463012695312,443996.0,0,1
2024-01-12,990.1196389369728,1023.3218490514756,989.3267624357431,1013.1629638671876,221183.0,0,1
2024-01-15,1016.2353959352372,1065.5431563600491,1016.2353959352372,1052.906494140625,299562.0,0,1
2024-01-16,1055.5329678113856,1088.2396231520202,1036.3053947171238,1041.8555908203125,375774.0,0,1
2024-01-17,1035.7107837839578,1060.4885537309424,1025.799675805164,1052.3118896484375,129537.0,0,1
2024-01-18,1050.5774143919764,1063.6600281393808,1023.916510527819,1039.9229736328125,128520.0,0,1
2024-01-19,1045.126250465915,1104.8902750601776,1045.076646536016,1064.0069580078125,338185.0,0,1
2024-01-22,1045.126250465915,1104.8902750601776,1045.076646536016,1064.0069580078125,338185.0,0,1
2024-01-23,1088.1899777777237,1088.1899777777237,1047.1084864069487,1058.6053466796875,137025.0,0,1
2024-01-24,1057.5151714438596,1110.4405097506483,1037.990338040897,1076.94091796875,370667.0,0,1
2024-01-25,1065.4439461403322,1075.305448689603,1037.692848008305,1050.9737548828125,302945.0,0,1
2024-01-26,1065.4439461403322,1075.305448689603,1037.692848008305,1050.9737548828125,302945.0,0,1
2024-01-29,1050.9738987521189,1096.118922337896,1041.3600515635014,1069.3094482421875,476632.0,0,1
2024-01-30,1081.797428457052,1108.0122604868725,1051.0729939337643,1090.4200439453125,1334225.0,0,1
2024-01-31,1095.1774058189242,1139.7773906712785,1082.2929657504662,1129.3707275390625,1115747.0,0,1
2024-02-01,1129.8663310218085,1189.3329800229562,1117.427841878319,1174.317626953125,550966.0,0,1
2024-02-02,1179.4218468575805,1204.1996167495463,1165.7444694831331,1177.9351806640625,388072.0,0,1
2024-02-05,1184.4270275739875,1190.225001643297,1134.6731920818709,1157.617431640625,222852.0,0,1
2024-02-06,1152.562693296171,1187.2515688817498,1142.1560306204974,1150.1343994140625,357107.0,0,1
2024-02-07,1159.500440596053,1162.622463520895,1134.821759788761,1158.31103515625,215545.0,0,1
2024-02-08,1167.528454047603,1175.0113885436,1140.7684640142538,1143.4940185546875,101895.0,0,1
2024-02-09,1149.242559053706,1164.2083077090308,1131.0060964140478,1155.5855712890625,73003.0,0,1
2024-02-12,1171.4929969773673,1179.2731927687116,1135.5652295150749,1141.313720703125,91886.0,0,1
2024-02-13,1141.3136876440203,1202.1677938430878,1130.1140872343728,1194.6353759765625,375987.0,0,1
2024-02-14,1164.5551266661848,1190.3240060647556,1160.144732240124,1181.45361328125,156492.0,0,1
2024-02-15,1181.4535356874935,1231.9009725625556,1178.4305997163483,1222.6837158203125,250756.0,0,1
2024-02-16,1228.977407735086,1243.8440699254295,1215.1514602921488,1225.2607421875,158885.0,0,1
2024-02-19,1228.977431246096,1280.4161076057767,1225.260765627408,1258.3638916015625,294270.0,0,1
2024-02-20,1268.5226922066763,1283.1910589362392,1257.818647551557,1275.1630859375,250734.0,0,1
2024-02-21,1278.532893558301,1287.4528904901033,1249.0473481448444,1260.2469482421875,121808.0,0,1
2024-02-22,1269.216374176414,1280.961012107069,1244.389123029241,1266.2430419921875,143144.0,0,1
2024-02-23,1267.4819375896454,1287.9483984375,1266.2926531032897,1282.24951171875,196899.0,0,1
2024-02-26,1288.691668029373,1321.1505429595495,1240.8705774833877,1245.181884765625,451667.0,0,1
2024-02-27,1258.8097827794477,1290.4262409915657,1253.8542288585888,1281.2088623046875,212170.0,0,1
2024-02-28,1291.219058521,1303.558338247955,1264.905021242313,1280.5150146484375,129839.0,0,1
2024-02-29,1280.515031874262,1299.2470484106375,1251.9215122094024,1258.9583740234375,245439.0,0,1
2024-03-01,1265.3015831143366,1301.080657555854,1253.7551184979282,1296.4224853515625,176332.0,0,1
2024-03-04,1304.499956613932,1312.9243982205023,1285.470678084936,1304.549560546875,319651.0,0,1
2024-03-05,1308.3157695088985,1324.8176664001935,1274.023241410887,1279.0780029296875,298730.0,0,1
2024-03-06,1287.1059312773498,1288.889857941418,1238.987458528174,1247.510986328125,162795.0,0,1
2024-03-07,1245.82625611677,1323.1328973077868,1234.8744335539614,1312.131591796875,329291.0,0,1
2024-03-08,1245.82625611677,1323.1328973077868,1234.8744335539614,1312.131591796875,329291.0,0,1
2024-03-11,1319.2180576531402,1346.9195556763916,1304.599173586748,1314.064208984375,221774.0,0,1
2024-03-12,1327.5929181410515,1329.8725213777798,1283.4884874898555,1297.61181640625,185513.0,0,1
2024-03-13,1310.2483238459356,1313.964988909795,1211.5337239468654,1255.5390625,347260.0,0,1
2024-03-14,1254.201018693616,1289.2368796143342,1231.851544433552,1249.5428466796875,111433.0,0,1
2024-03-15,1258.710597038269,1278.532811164856,1242.9519126105938,1268.6217041015625,292412.0,0,1
2024-03-18,1253.8046667310125,1283.4883844483063,1253.8046667310125,1274.1224365234375,76763.0,0,1
2024-03-19,1276.699286850867,1283.4883710256631,1246.9659655143655,1265.301513671875,50157.0,0,1
2024-03-20,1263.666208357852,1270.6039836194243,1211.6824978277205,1220.6519775390625,170606.0,0,1
2024-03-21,1229.3241536524329,1250.97989862217,1226.4499083760506,1236.162841796875,262805.0,0,1
2024-03-22,1235.9151522363163,1243.645864774298,1214.110714907368,1230.265869140625,222397.0,0,1
2024-03-25,1235.9151522363163,1243.645864774298,1214.110714907368,1230.265869140625,222397.0,0,1
2024-03-26,1227.688837250405,1261.5848974810183,1217.232691432265,1254.2010498046875,180115.0,0,1
2024-03-27,1261.5848713023308,1298.9496973963264,1250.880827033685,1289.43505859375,320622.0,0,1
2024-03-28,1307.275049908234,1320.1098854385768,1238.888409693171,1262.377685546875,479647.0,0,1
2024-03-29,1307.275049908234,1320.1098854385768,1238.888409693171,1262.377685546875,479647.0,0,1
2024-04-01,1266.6396361886034,1289.4351851966924,1254.0525770869158,1265.5494384765625,204280.0,0,1
2024-04-02,1278.5329184730897,1305.639774369257,1271.2977613155554,1299.1480712890625,1158734.0,0,1
2024-04-03,1299.7426091849572,1353.4607612684952,1286.8085660264353,1336.2650146484375,1198119.0,0,1
2024-04-04,1353.4607173291568,1367.7327352856978,1329.0794188537106,1336.3145751953125,553902.0,0,1
2024-04-05,1337.0084197044866,1357.8217457339856,1309.604182901939,1351.2308349609375,430660.0,0,1
2024-04-08,1397.416551212346,1472.14632583339,1368.7239434423022,1394.7406005859375,2433964.0,1,0
2024-04-09,1409.359499583652,1414.4637441905766,1383.0950644648287,1387.4063720703125,302092.0,0,1
2024-04-10,1399.4484172520886,1412.3328573542678,1366.2462062195495,1406.9808349609375,697101.0,0,1
2024-04-11,1399.4484172520886,1412.3328573542678,1366.2462062195495,1406.9808349609375,697101.0,0,1
2024-04-12,1406.9807581115651,1424.919838000033,1362.232084773054,1371.449462890625,393368.0,0,1
2024-04-15,1361.6870770107114,1370.4583829085848,1334.0846669542675,1354.848388671875,296982.0,0,1
2024-04-16,1355.2449626228645,1394.7903086300496,1347.3655589943803,1381.5093994140625,508467.0,0,1
2024-04-17,1355.2449626228645,1394.7903086300496,1347.3655589943803,1381.5093994140625,508467.0,0,1
2024-04-18,1407.3772469595597,1431.1639046546509,1383.887970879736,1392.4114990234375,530399.0,0,1
2024-04-19,1372.688371202922,1416.7927990141347,1362.1826215842566,1409.805419921875,290949.0,0,1
2024-04-22,1422.3429940485446,1448.9542931320389,1420.5094633826795,1443.3546142578125,1014933.0,0,1
2024-04-23,1454.9505646866692,1476.705397011168,1424.4243055348588,1444.593505859375,372060.0,0,1
2024-04-24,1455.9912215735542,1458.1220127894403,1427.1994073574397,1431.956787109375,188411.0,0,1
2024-04-25,1434.7318845645607,1459.9061215845795,1405.4941177032267,1451.63037109375,227597.0,0,1
2024-04-26,1454.9009255139904,1466.7942540925503,1435.1779190760346,1442.5616455078125,195025.0,0,1
2024-04-29,1456.9328298378266,1481.7105990527557,1447.0713260843654,1460.0052490234375,237759.0,0,1
2024-04-30,1471.7498290379142,1485.67498317826,1453.1170199187245,1482.850341796875,302582.0,0,1
2024-05-01,1471.7498290379142,1485.67498317826,1453.1170199187245,1482.850341796875,302582.0,0,1
2024-05-02,1487.0130110590017,1500.5416971890877,1441.0750513295463,1457.5274658203125,919071.0,0,1
2024-05-03,1477.3496780294722,1480.7194788182003,1409.0621223126368,1435.029296875,907077.0,0,1
2024-05-06,1446.4764963035177,1452.7205422525617,1417.2387299747093,1433.988525390625,282937.0,0,1
2024-05-07,1441.4715762230314,1463.870656176009,1422.3430893291545,1431.5108642578125,491222.0,0,1
2024-05-08,1434.1373138287397,1438.6469163195184,1408.4180372097903,1422.1448974609375,355286.0,0,1
2024-05-09,1421.2527866342905,1436.6646068778557,1369.9628063634923,1375.1661376953125,409761.0,0,1
2024-05-10,1382.450818337814,1407.4268820619436,1364.164873223798,1402.86767578125,188646.0,0,1
2024-05-13,1403.957960190287,1427.1994585341429,1382.1535240182377,1408.5665283203125,497039.0,0,1
2024-05-14,1418.279528230613,1496.5772799638196,1416.2477027345944,1480.96728515625,617762.0,0,1
2024-05-15,1483.593775221372,1521.355072364452,1457.626599766439,1474.17822265625,816465.0,0,1
2024-05-16,1490.1350535857373,1619.8714785239636,1482.6026358757265,1555.796142578125,648712.0,0,1
2024-05-17,1560.9994926267016,1605.5498741967915,1550.840607039766,1569.0274658203125,407703.0,0,1
2024-05-20,1560.9994926267016,1605.5498741967915,1550.840607039766,1569.0274658203125,407703.0,0,1
2024-05-21,1578.0464429036972,1584.6869573310755,1539.393124752326,1563.6258544921875,363939.0,0,1
2024-05-22,1559.611891653217,1575.5687509368508,1506.4883782996894,1515.9039306640625,262005.0,0,1
2024-05-23,1515.8543265056508,1540.7313037475594,1502.623021855778,1512.03857421875,565685.0,0,1
2024-05-24,1509.412032999444,1509.412032999444,1459.4105452260164,1471.9481201171875,221058.0,0,1
2024-05-27,1471.9480514262127,1520.908943242765,1464.9111897912965,1473.6824951171875,347510.0,0,1
2024-05-28,1479.232776516722,1509.4616540267791,1471.7994459814622,1503.2672119140625,375291.0,0,1
2024-05-29,1504.5558049739038,1539.19507919269,1491.8199343495346,1502.3258056640625,368425.0,0,1
2024-05-30,1476.7550889615843,1495.3880203573292,1469.8173133758587,1487.0130615234375,353567.0,0,1
2024-05-31,1486.715641317661,1634.1928396355352,1476.7549304730778,1562.4364013671875,1810755.0,1,0
2024-06-03,1610.5550000835497,1620.4661077763717,1570.9105693122624,1585.6285400390625,196396.0,1,0
2024-06-04,1565.9549047510131,1674.5311302434911,1475.813435051986,1587.4124755859375,1098138.0,1,0
2024-06-05,1595.6883279064823,1598.0670179339422,1500.5416946896985,1520.0665283203125,383187.0,0,1
2024-06-06,1536.221561145847,1565.657500084695,1506.4882406075403,1511.6419677734375,375476.0,0,1
2024-06-07,1536.2216615672164,1572.6449816076004,1508.520164515616,1551.9803466796875,284657.0,0,1
2024-06-10,1560.9995052630056,1599.6528263457087,1559.6119259501754,1581.7137451171875,245868.0,0,1
2024-06-11,1590.534541181809,1636.3734122507472,1588.7504934812634,1628.6427001953125,450052.0,0,1
2024-06-12,1647.9197451781029,1671.706402449849,1635.2830835024877,1666.205810546875,556101.0,0,1
2024-06-13,1679.7841336255913,1683.3026253983037,1627.5030383515884,1672.796875,348579.0,0,1
2024-06-14,1675.9683119145222,1744.156781278277,1675.9683119145222,1720.9151611328125,592090.0,0,1
2024-06-17,1675.9683119145222,1744.156781278277,1675.9683119145222,1720.9151611328125,592090.0,0,1
2024-06-18,1726.514872919837,1781.9674692673575,1709.6659906927205,1715.2161865234375,351318.0,0,1
2024-06-19,1723.541660328031,1738.0614575692384,1677.5046126196185,1690.785400390625,166698.0,0,1
2024-06-20,1691.2314226944864,1694.3038418491471,1640.2883055047314,1653.5692138671875,233370.0,0,1
2024-06-21,1660.1105210375115,1682.5095999899925,1646.78012972535,1672.8958740234375,146496.0,0,1
2024-06-24,1672.7968211283933,1709.6660937117483,1638.6034992541584,1678.79296875,187257.0,0,1
2024-06-25,1679.9326814411274,1709.368621624513,1651.289557247835,1659.5653076171875,153029.0,0,1
2024-06-26,1666.7508633099987,1680.8741911876125,1631.46734558121,1637.6123046875,198854.0,0,1
2024-06-27,1640.1892465191702,1684.8883182957404,1620.416513957461,1626.06591796875,204398.0,0,1
2024-06-28,1638.801642114693,1649.158701165487,1610.5549854468563,1620.0201416015625,143283.0,0,1
2024-07-01,1629.2869582058852,1655.1549241406244,1593.7060586934874,1608.4736328125,211017.0,0,1
2024-07-02,1614.5689173354394,1638.0581922855883,1571.4556023365449,1590.88134765625,355652.0,0,1
2024-07-03,1603.61714355022,1627.7011824191254,1582.9029053233917,1594.00341796875,162834.0,0,1
2024-07-04,1602.229645252934,1611.050555295641,1577.0554075188224,1591.426513671875,314594.0,0,1
2024-07-05,1589.7415924855227,1788.9548469054666,1581.812706737465,1690.091552734375,3452736.0,1,0
2024-07-08,1695.3941071528695,1722.5505672197737,1633.3505953844572,1640.9326171875,230422.0,0,1
2024-07-09,1648.3658480909608,1880.9300069581795,1632.359385475326,1828.7974853515625,2339150.0,1,0
2024-07-10,1855.359313835092,1855.8548692073769,1686.0775502684517,1695.840087890625,1118108.0,1,0
2024-07-11,1712.6394232901323,1760.906469753823,1690.6862953744137,1743.2647705078125,519127.0,1,0
2024-07-12,1735.5835875436535,1735.5835875436535,1681.3202748101774,1693.5108642578125,262051.0,0,1
2024-07-15,1703.6698600408597,1712.8872388683135,1665.0661428027004,1669.228759765625,188703.0,0,1
2024-07-16,1671.5082743881223,1734.4438068065306,1669.0304975212557,1722.20361328125,433520.0,0,1
2024-07-17,1671.5082743881223,1734.4438068065306,1669.0304975212557,1722.20361328125,433520.0,0,1
2024-07-18,1724.5326847298,1736.0791490286222,1646.2349364001136,1680.52734375,407094.0,0,1
2024-07-19,1674.0584968138446,1687.7427633053012,1594.0428342682712,1632.2095947265625,368542.0,0,1
2024-07-22,1603.2983432192923,1639.4745416258695,1585.384395250362,1631.8114013671875,179659.0,0,1
2024-07-23,1631.7616043058545,1691.872876692756,1547.0684628346407,1673.31201171875,465206.0,0,1
2024-07-24,1675.7005823761112,1692.6691209066712,1642.161738839507,1651.7158203125,204858.0,0,1
2024-07-25,1641.116657617628,1669.4804082192666,1617.1318963185008,1655.796142578125,112038.0,0,1
2024-07-26,1666.992404783019,1711.7772753592794,1642.360725966076,1705.308349609375,241109.0,0,1
2024-07-29,1706.8012013129032,1751.586072484379,1676.9446205319196,1733.622314453125,250121.0,0,1
2024-07-30,1736.657708493368,1756.5620948371316,1706.8509385382754,1715.310302734375,200143.0,0,1
2024-07-31,1712.37443894948,1745.4157952192966,1707.448151618876,1715.4595947265625,247262.0,0,1
2024-08-01,1729.6414409932718,1755.5171443962963,1719.0921400570785,1747.85400390625,299348.0,0,1
2024-08-02,1736.657711830938,1738.896955298915,1696.8987486275537,1706.950439453125,136180.0,0,1
2024-08-05,1648.0832906786884,1660.871835394155,1595.8840828747752,1619.172119140625,473647.0,1,0
2024-08-06,1649.0286340274806,1649.0286340274806,1540.7488429107757,1581.7518310546875,765159.0,0,1
2024-08-07,1598.322334550537,1621.2123804376245,1531.7421333033562,1614.295654296875,705684.0,0,1
2024-08-08,1613.151068022803,1640.121488098927,1587.3250530093003,1611.3099365234375,288203.0,0,1
2024-08-09,1632.159724069986,1642.111917509437,1588.370072936401,1597.1280517578125,206295.0,0,1
2024-08-12,1593.3462041195862,1622.2075657182545,1557.5681165255878,1609.8668212890625,363911.0,0,1
2024-08-13,1632.6573175587646,1720.734228624873,1622.8046218540226,1705.50732421875,1343852.0,0,1
2024-08-14,1721.729520514186,1727.2530366457918,1666.4948451450894,1715.5093994140625,439338.0,0,1
2024-08-15,1721.729520514186,1727.2530366457918,1666.4948451450894,1715.5093994140625,439338.0,0,1
2024-08-16,1720.0872946702834,1740.6385980121995,1691.922660687684,1710.4337158203125,582461.0,0,1
2024-08-19,1715.0116899291463,1738.7476463686692,1694.709191542402,1723.620361328125,290352.0,0,1
2024-08-20,1732.6768793094204,1749.49611053401,1663.5091348453166,1699.3868408203125,506173.0,0,1
2024-08-21,1702.2232125407636,1711.428991593179,1676.4470068966525,1697.9935302734375,293187.0,0,1
2024-08-22,1716.6041110450444,1770.4952643847964,1703.218459074268,1738.150634765625,752669.0,0,1
2024-08-23,1751.2875029174393,1751.2875029174393,1702.9198651113095,1715.360107421875,228930.0,0,1
2024-08-26,1715.3601084242614,1728.2979604348095,1663.0115930481606,1680.875732421875,434665.0,0,1
2024-08-27,1691.8728729771767,1741.5840302679,1682.2192940025304,1718.5447998046875,387300.0,0,1
2024-08-28,1718.5448466760115,1743.1765259396857,1710.9810823187852,1738.2999267578125,322096.0,0,1
2024-08-29,1753.0788440037306,1756.363116376575,1683.9111007972251,1687.79248046875,293096.0,0,1
2024-08-30,1695.7542724609375,1715.6088498717968,1672.515924967323,1695.7542724609375,622412.0,0,1
2024-09-02,1695.7543020253229,1695.7543020253229,1643.7540901518053,1652.6612548828125,383618.0,0,1
2024-09-03,1660.0258569390312,1679.9302437128804,1642.111908842567,1675.7005615234375,226680.0,0,1
2024-09-04,1676.2479589836637,1724.0184866204686,1663.5091030191554,1691.375244140625,423084.0,0,1
2024-09-05,1701.8250488259655,1715.5591241304828,1677.939784982794,1686.59814453125,265097.0,0,1
2024-09-06,1696.848965157736,1735.1649095322657,1683.7121185383055,1716.2059326171875,686477.0,0,1
2024-09-09,1729.392557756838,1787.0157804818496,1714.414579934951,1780.7459716796875,1059285.0,0,1
2024-09-10,1802.690495275477,1802.690495275477,1775.5210806668472,1791.344970703125,301275.0,0,1
2024-09-11,1784.4283418424743,1811.299265004631,1752.8799362060458,1779.7010498046875,338330.0,0,1
2024-09-12,1771.4903974244853,1816.2752670222956,1768.7535442823971,1807.9652099609373,484008.0,0,1
2024-09-13,1836.1298797484803,1889.9215338755464,1812.7920347310728,1878.97412109375,390577.0,0,1
2024-09-16,1878.9740915559507,1978.894136400023,1878.9740915559507,1925.64990234375,948303.0,0,1
2024-09-17,1941.7227896290276,1941.7227896290276,1851.9042419862967,1882.1588134765625,521741.0,0,1
2024-09-18,1892.907210842185,1898.231610087427,1857.0793141070017,1870.4649658203125,146696.0,0,1
2024-09-19,1884.9454208085656,1901.3167302773884,1834.23904427644,1857.7261962890625,473219.0,0,1
2024-09-20,1870.713724252064,1935.054678173576,1847.2763819445831,1920.872802734375,565268.0,0,1
2024-09-23,1934.7562748053576,2030.1977156903995,1898.729260533809,2003.227294921875,866490.0,0,1
2024-09-24,1995.4148462564783,2040.199718117596,1975.510458762648,2016.314453125,422372.0,0,1
2024-09-25,2033.1833405204216,2050.151879183113,2010.8905240720928,2041.5928955078125,422615.0,0,1
2024-09-26,2050.749013841119,2186.6460166713123,2022.932561146878,2124.59423828125,1790106.0,0,1
2024-09-27,2118.523401149772,2154.550293354978,2090.955873497029,2109.367431640625,672692.0,0,1
2024-09-30,2109.865129366615,2189.0348812825923,2031.591099208566,2053.834228515625,727588.0,0,1
2024-10-01,2064.134736038562,2129.570408129126,2020.295275191558,2085.83056640625,394845.0,0,1
2024-10-02,2064.134736038562,2129.570408129126,2020.295275191558,2085.83056640625,394845.0,0,1
2024-10-03,2063.1394058697224,2165.4975644660217,2030.744969257712,2136.885009765625,447763.0,0,1
2024-10-04,2112.452711298408,2142.657473098515,2040.199688553418,2046.3201904296875,374539.0,0,1
2024-10-07,2035.223579259777,2053.933751712704,1901.864185802168,1926.3465576171875,683901.0,1,0
2024-10-08,1937.6920420748745,1937.6920420748745,1881.2133449060252,1901.7646484375,712737.0,0,1
2024-10-09,1900.6699211433229,2030.2474290497448,1896.042126970936,1999.3956298828125,764585.0,0,1
2024-10-10,2019.996715097595,2036.1690299273723,1977.102784369502,2008.00439453125,354407.0,0,1
2024-10-11,2040.1996698606567,2069.5088311573754,1991.4837312164843,2009.646484375,412634.0,0,1
2024-10-14,2015.717301303515,2032.3374158993024,1997.106626515543,2013.179443359375,196032.0,0,1
2024-10-15,2034.2284013239623,2086.925218605051,2008.352697588922,2038.9058837890625,196325.0,0,1
2024-10-16,2040.1996621924536,2064.482917079892,1985.4625980848516,2002.580322265625,498151.0,0,1
2024-10-17,2019.3000732832984,2038.1594314844235,1975.6099192584315,2009.546875,215696.0,0,1
2024-10-18,2010.3431386544053,2050.151913677265,1962.5726086269735,2012.731689453125,373752.0,0,1
2024-10-21,2015.3192118898307,2044.2303830057112,1988.4980986275232,2008.203369140625,320957.0,0,1
2024-10-22,1990.438757778583,2023.977602252456,1882.95506485854,1900.9188232421875,299065.0,0,1
2024-10-23,1901.864145505575,1915.9962114405405,1851.1577690801175,1891.0660400390625,433303.0,0,1
2024-10-24,1891.0661152639689,1903.3570502190155,1839.663010368549,1860.6124267578125,325577.0,0,1
2024-10-25,1861.0602362505947,1893.653670869422,1817.4198908369328,1840.3099365234373,182120.0,0,1
2024-10-28,1841.2056008510324,1861.06017822186,1801.3470174232973,1819.4599609375,191744.0,0,1
2024-10-29,1823.092542091604,1849.5156644301244,1787.2149574143466,1840.8074951171875,225832.0,0,1
2024-10-30,1842.4496443738656,1861.35881215856,1794.1815055550412,1800.2523193359375,175229.0,0,1
2024-10-31,1800.2523173375946,1871.0123892507409,1788.110568302542,1862.105224609375,339541.0,0,1
2024-11-01,1871.957733761915,1915.7971934588752,1871.012324001395,1907.9349365234373,61888.0,0,1
2024-11-04,1890.9167745838995,1899.8737487792969,1807.3681583226376,1831.20361328125,283061.0,0,1
2024-11-05,1824.3365479288368,1864.692740762128,1797.3661281111167,1848.122314453125,453208.0,0,1
2024-11-06,1855.088834841639,1895.8928274534992,1842.7979003888283,1872.057373046875,329427.0,0,1
2024-11-07,1906.890019247853,1921.8679970634305,1724.6155772029913,1770.04736328125,1974593.0,1,0
2024-11-08,1772.435849643513,1837.174916840861,1746.7094537889989,1779.00439453125,523985.0,1,0
2024-11-11,1781.4425996511402,1805.6761660250247,1751.5860197687189,1786.468505859375,567433.0,0,1
2024-11-12,1789.006282132969,1808.910669164904,1742.7285822837202,1752.7802734375,122952.0,0,1
2024-11-13,1746.6099167457494,1765.9668840374973,1721.8289312364543,1752.0338134765625,430043.0,0,1
2024-11-14,1743.6243578221863,1811.2992758198511,1743.6243578221863,1799.804443359375,402442.0,0,1
2024-11-15,1743.6243578221863,1811.2992758198511,1743.6243578221863,1799.804443359375,402442.0,0,1
2024-11-18,1791.3947768168478,1825.381540907692,1772.7842241190551,1800.899169921875,198215.0,0,1
2024-11-19,1807.2685562383613,1826.2275337254105,1783.93071073722,1804.880126953125,166974.0,0,1
2024-11-20,1807.2685562383613,1826.2275337254105,1783.93071073722,1804.880126953125,166974.0,0,1
2024-11-21,1806.0742662981284,1861.0103243295027,1789.9517618612583,1827.023681640625,487976.0,0,1
2024-11-22,1834.6370364263396,1847.0772781268265,1806.3729044722209,1829.163330078125,155528.0,0,1
2024-11-25,1855.088889511193,1871.012399292405,1832.9950682844567,1839.4141845703125,196849.0,0,1
2024-11-26,1826.227553842993,1848.1721896650668,1771.9880978841686,1805.8753662109373,213194.0,0,1
2024-11-27,1815.976719255015,1846.8783290059189,1810.9509343744703,1840.6083984375,191448.0,0,1
2024-11-28,1859.0697326766444,1859.0697326766444,1812.3442331186795,1824.286865234375,75008.0,0,1
2024-11-29,1826.725130404968,1855.0888820892728,1811.2992303661351,1844.240966796875,333233.0,0,1
2024-12-02,1841.155810778192,1862.8516413593547,1805.3279139198055,1833.5423583984373,189554.0,0,1
2024-12-03,1837.1749797776167,1878.974193835396,1834.1893216306323,1865.1904296875,283319.0,0,1
2024-12-04,1868.0267762122423,1923.0126469558363,1851.207544393324,1906.84033203125,415532.0,0,1
2024-12-05,1919.5790907120104,1968.5438331128437,1900.868918728782,1956.5513916015625,493392.0,0,1
2024-12-06,1970.3352599911195,2093.4438413841717,1969.5390359397552,2072.096435546875,1618159.0,0,1
2024-12-09,2072.5442007185243,2128.176862626457,2005.3668976940344,2096.23046875,530463.0,0,1
2024-12-10,2084.9846456790287,2129.3715281654568,2064.184657381697,2072.843017578125,252454.0,0,1
2024-12-11,2072.842979217146,2157.784807760225,2050.1519286932235,2120.7626953125,377646.0,0,1
2024-12-12,2120.762659695642,2135.740759750846,2032.5862481523911,2042.637939453125,186535.0,0,1
2024-12-13,2040.2494690719068,2092.398865618283,2007.6062259250536,2078.714599609375,205504.0,0,1
2024-12-16,2079.1127304781835,2154.649777928414,2074.6342436418427,2146.339599609375,335812.0,0,1
2024-12-17,2146.339819821628,2151.664340796064,2040.199768099876,2051.49560546875,258555.0,0,1
2024-12-18,2054.132721556632,2076.7739615834794,2020.5440687695504,2028.8541259765625,178481.0,0,1
2024-12-19,2000.390945117095,2045.2256265861813,1977.102787428832,2034.12890625,174978.0,0,1
2024-12-20,2037.2638190364569,2044.777773723741,1957.2481589981564,1968.0462646484373,166495.0,0,1
2024-12-23,1983.0740910032875,2008.3526872812813,1954.6108413381749,1996.2110595703125,100136.0,0,1
2024-12-24,1996.609039513211,2005.5660137894404,1956.8998840779857,1973.718994140625,101048.0,0,1
2024-12-25,1996.609039513211,2005.5660137894404,1956.8998840779857,1973.718994140625,101048.0,0,1
2024-12-26,1987.3535874192305,2042.1901504963207,1968.593726562165,2029.4512939453125,170059.0,0,1
2024-12-27,2045.2752762389985,2103.8935956940704,1996.161106699802,2063.039794921875,300779.0,0,1
2024-12-30,2074.584434929465,2186.795410708048,2061.9947650336444,2120.16552734375,1061502.0,0,1
2024-12-31,2123.798057466151,2159.526334345664,2075.5797293578294,2128.92333984375,327247.0,0,1
2025-01-01,2119.668115032898,2376.285288966604,2076.5252572859467,2248.996826171875,2764672.0,1,0
2025-01-02,2249.195635050489,2293.8808847698497,2189.1340526507947,2281.7392578125,845019.0,0,1
2025-01-03,2281.739315734174,2341.253480430785,2281.739315734174,2326.375,866444.0,0,1
2025-01-06,2366.084242293318,2405.445216966216,2201.276060427589,2213.765869140625,903986.0,0,1
2025-01-07,2209.386929689447,2209.386929689447,2099.9128025426726,2143.105224609375,648118.0,1,0
2025-01-08,2144.697667478053,2151.564583701936,2041.1948566113629,2095.58349609375,609088.0,0,1
2025-01-09,2070.056273862939,2098.8180162478943,1995.66362652099,2003.47607421875,495725.0,0,1
2025-01-10,2015.3191887659136,2015.3191887659136,1951.326535806948,1967.9964599609373,281057.0,0,1
2025-01-13,1915.847040856396,1945.504504324136,1763.8769746039936,1844.53955078125,1414634.0,1,0
2025-01-14,1841.1557937050884,1886.836386073281,1817.220719792228,1861.0601806640625,395477.0,0,1
2025-01-15,1875.938661101512,1938.6872895770236,1856.880307779916,1908.6317138671875,419353.0,0,1
2025-01-16,1923.560021951075,1945.6040335209168,1911.0699704250767,1925.1025390625,527641.0,0,1
2025-01-17,1935.3533725470363,1940.22997175834,1901.267109117858,1914.1551513671875,169498.0,0,1
2025-01-20,1929.531278161023,1937.6920280408724,1882.954965101865,1922.1168212890625,167418.0,0,1
2025-01-21,1926.844220739857,1929.2825811172283,1851.1080500848109,1856.88037109375,255323.0,0,1
2025-01-22,1871.0123850595728,1903.1082092181744,1831.2036109093688,1870.4649658203125,269032.0,0,1
2025-01-23,1870.4649587227173,1925.6996326465337,1833.8409595355447,1909.776123046875,297169.0,0,1
2025-01-24,1894.3004959854927,1900.868919262561,1826.67526965686,1834.0399169921875,450609.0,0,1
2025-01-27,1787.4637308029023,1807.3183078923785,1702.8700875370146,1785.2244873046875,660690.0,1,0
2025-01-28,1795.375751014218,1795.375751014218,1709.9361920385222,1754.770751953125,510536.0,0,1
2025-01-29,1754.770654850929,1850.1127142158648,1749.5955629862774,1818.7633056640625,250546.0,0,1
2025-01-30,1878.974161829116,1887.1847215934645,1764.026325128235,1789.4044189453125,687394.0,0,1
2025-01-31,1777.4119335475991,1833.6916358784824,1735.065423478105,1808.8609619140625,859443.0,0,1
2025-02-03,1990.4386652653227,2045.175728560119,1873.5998913169008,2038.5576171875,1353584.0,1,0
2025-02-04,2107.5759506241425,2108.1731794183534,1959.8356879924893,2007.4569091796875,648531.0,0,1
2025-02-05,1985.462601937838,2016.8120114421197,1951.6251440602005,1959.7362060546875,598088.0,0,1
2025-02-06,1965.5581994282331,1995.414779672713,1949.7839971630808,1971.7783203125,269306.0,0,1
2025-02-07,1975.5103988658068,2066.075359216834,1955.357207139342,2028.804443359375,608756.0,0,1
2025-02-10,2030.9938416168031,2042.1402494847373,1948.689251866913,1967.2998046875,229604.0,0,1
2025-02-11,1973.4701917942384,1974.913332765943,1845.1865127985852,1879.7703857421875,435509.0,0,1
2025-02-12,1874.9932916244732,1996.41005467022,1805.0293213730893,1985.512451171875,923104.0,0,1
2025-02-13,1968.543816619896,1993.8224116665576,1922.8135374220287,1985.2635498046875,499928.0,1,0
2025-02-14,2001.1870716176547,2004.9688321687647,1922.3159399414212,1954.212646484375,738076.0,0,1
2025-02-17,1925.7494140894232,1949.3360637448168,1849.6151349277484,1939.781982421875,578341.0,0,1
2025-02-18,1938.189663349181,1940.926516532344,1848.1721227012904,1863.5980224609373,472942.0,0,1
2025-02-19,1850.5108381935397,1929.730272208625,1836.328962804693,1888.8267822265625,585530.0,0,1
2025-02-20,1887.0353567657448,1917.9369657116904,1851.1577726316136,1906.491943359375,521041.0,0,1
2025-02-21,1902.8096307534631,1925.2518761991755,1872.8038638604537,1904.60107421875,318911.0,0,1
2025-02-24,1880.9645230727049,1923.012539527637,1853.496494017244,1869.818115234375,237480.0,0,1
2025-02-25,1873.0028395815689,1899.7244551581664,1842.7481466746144,1870.3157958984373,368401.0,0,1
2025-02-26,1873.0028395815689,1899.7244551581664,1842.7481466746144,1870.3157958984373,368401.0,0,1
2025-02-27,1879.023909198878,1921.320730827372,1857.4275767929944,1917.240234375,783893.0,0,1
2025-02-28,1907.8355049964068,1942.021265569496,1869.370252598845,1908.482421875,1272178.0,0,1
2025-03-03,1928.1379894798315,2069.061024886128,1900.421154930099,2022.7833251953125,3822987.0,0,1
2025-03-04,1990.4386918947844,2206.102675566889,1974.0175726866523,2090.607421875,3758035.0,0,1
2025-03-05,2111.556890586084,2147.5837832169823,2043.6331685240164,2121.011474609375,1225509.0,0,1
2025-03-06,2138.1789057457754,2157.336877712102,2070.6534204693235,2133.8994140625,1334284.0,0,1
2025-03-07,2148.628748319354,2191.821413516147,2078.664780030801,2090.70703125,926367.0,0,1
2025-03-10,2090.95574156299,2129.271684471212,2055.127846895561,2072.593994140625,644563.0,0,1
2025-03-11,2045.1757965866807,2055.4266046484536,1978.4960990823956,2011.7364501953125,902903.0,0,1
2025-03-12,2019.9469935759964,2134.745522184958,2017.060833141429,2036.86572265625,2073678.0,0,1
2025-03-13,2049.704024110125,2056.272325918188,2005.516261465622,2015.966064453125,520624.0,0,1
2025-03-14,2049.704024110125,2056.272325918188,2005.516261465622,2015.966064453125,520624.0,0,1
2025-03-17,2016.1153614172893,2059.905011809329,1992.876892940308,2004.1727294921875,742096.0,0,1
2025-03-18,2004.1727294921875,2004.1727294921875,2004.1727294921875,2004.1727294921875,0.0,0,1
2025-03-19,2146.5389972061275,2229.2913907028715,2139.3236567674685,2199.484619140625,963321.0,1,0
2025-03-20,2228.296068149134,2243.970772514185,2144.896640139122,2198.091064453125,799916.0,0,1
2025-03-21,2198.3399714630395,2220.4836024682986,2087.2238258777274,2142.40869140625,3002387.0,0,1
2025-03-24,2171.021161555081,2239.2434953067886,2169.130342015099,2200.330322265625,741065.0,0,1
2025-03-25,2229.2913492153743,2258.948934509452,2165.746496379823,2187.98974609375,464589.0,0,1
2025-03-26,2199.4347686455253,2208.192747540709,2164.1044816378712,2187.98974609375,263274.0,0,1
2025-03-27,2190.4279004324085,2225.360195541262,2152.161766405919,2181.669921875,1473060.0,0,1
2025-03-28,2198.4893550428465,2224.315248596283,2110.8602426276134,2126.1865234375,1027627.0,0,1
2025-03-31,2198.4893550428465,2224.315248596283,2110.8602426276134,2126.1865234375,1027627.0,0,1
2025-04-01,2123.0517711331163,2138.4776717319974,2045.175853593603,2075.380859375,585532.0,0,1
2025-04-02,2078.217075851297,2129.222069447628,2059.009293082763,2101.654541015625,358738.0,0,1
2025-04-03,2070.0562634360444,2114.841134519997,2068.065824721202,2083.242919921875,271312.0,0,1
2025-04-04,2089.214181632708,2101.8534185479507,1979.5410598970811,2006.461669921875,453071.0,0,1
2025-04-07,1648.1330328748595,1967.548630730888,1648.1330328748595,1952.8193359375,897349.0,1,0
2025-04-08,2022.634026709272,2022.634026709272,1942.717985597412,1967.9964599609373,664065.0,1,0
2025-04-09,1963.667271743012,1972.7735530768853,1910.8211486480616,1930.0289306640625,460710.0,0,1
2025-04-10,1963.667271743012,1972.7735530768853,1910.8211486480616,1930.0289306640625,460710.0,0,1
2025-04-11,1990.438652654477,1995.3152516508276,1914.801983853607,1957.79541015625,742973.0,0,1
2025-04-14,1990.438652654477,1995.3152516508276,1914.801983853607,1957.79541015625,742973.0,0,1
2025-04-15,1982.377497721749,2018.703004915881,1961.676886123274,2013.9259033203125,764428.0,0,1
2025-04-16,2015.3191312527224,2052.1422462435125,1992.429086798988,2043.48388671875,332614.0,0,1
2025-04-17,2042.0905221305825,2070.0562835350383,1995.912440687269,2005.76513671875,322346.0,0,1
2025-04-18,2042.0905221305825,2070.0562835350383,1995.912440687269,2005.76513671875,322346.0,0,1
2025-04-21,2033.5317436848056,2048.16141951522,1983.571659490692,2020.394775390625,532538.0,0,1
2025-04-22,2031.242665291615,2082.396841985612,2020.693364624684,2032.5364990234373,574885.0,0,1
2025-04-23,2056.123125286528,2094.439069295982,1907.3378362108572,1916.1953125,1306494.0,1,0
2025-04-24,1935.7016409732285,1947.644273205454,1830.805496902833,1840.7576904296875,1331275.0,1,0
2025-04-25,1849.1176090501608,1851.108047811248,1719.9380848608944,1730.885498046875,1530943.0,1,0
2025-04-28,1761.538300503638,1806.3231725503408,1720.7343059721975,1738.0511474609375,1478167.0,0,1
2025-04-29,1755.0693028512042,1764.5238865637566,1704.9102239104202,1737.553466796875,879950.0,0,1
2025-04-30,1738.6482011387889,1741.633859183103,1675.0536604975557,1698.142822265625,1198310.0,0,1
2025-05-01,1738.6482011387889,1741.633859183103,1675.0536604975557,1698.142822265625,1198310.0,0,1
2025-05-02,1694.8585921955382,1696.8490309415106,1629.1741135784473,1671.5704345703125,1281215.0,0,1
2025-05-05,1668.584775466698,1709.6873841414697,1643.4057982370489,1673.958984375,1076691.0,0,1
2025-05-06,1680.7265312871152,1736.3591972327931,1668.6842796445146,1682.2193603515625,1193491.0,0,1
2025-05-07,1662.016303012038,1684.2097429583305,1628.975069415116,1669.679443359375,1019049.0,0,1
2025-05-08,1669.6794639498858,1696.849000946838,1583.4934920701094,1600.51171875,2718584.0,0,1
2025-05-09,1532.6377939489885,1607.2792449529975,1532.6377939489885,1586.379638671875,896283.0,1,0
2025-05-12,1634.1501332612224,1652.8603051843638,1610.2648694376724,1616.4351806640625,884428.0,0,1
2025-05-13,1629.373039930951,1643.604724957307,1569.4608848063417,1573.541259765625,706027.0,0,1
2025-05-14,1584.2897491783217,1585.0858517871916,1542.5900330206102,1551.447509765625,777058.0,0,1
2025-05-15,1555.1297165250264,1575.43221536018,1543.5851964773462,1563.8876953125,471666.0,0,1
2025-05-16,1564.484785331321,1572.4465399640503,1540.599521433133,1555.726806640625,600896.0,0,1
2025-05-19,1555.527828862552,1637.1358147657695,1552.741166115065,1610.264892578125,1137207.0,0,1
2025-05-20,1630.1693446275035,1634.050724507298,1587.3749112825817,1602.502197265625,769576.0,0,1
2025-05-21,1622.2075734759992,1642.1119608806127,1567.5700057529873,1571.75,959026.0,0,1
2025-05-22,1572.44661430488,1598.1233228040485,1548.2627348699252,1551.447509765625,1066305.0,0,1
2025-05-23,1553.5373550904942,1579.4130573533726,1540.699001593489,1549.95458984375,1148751.0,0,1
2025-05-26,1548.5613321309052,1565.1814469337585,1534.6282610191874,1544.48095703125,758592.0,0,1
2025-05-27,1556.1249138806083,1560.8025176049823,1540.6990143271687,1543.8837890625,294419.0,0,1
2025-05-28,1550.5517691131267,1556.4235876580788,1541.793790115225,1548.063720703125,281014.0,0,1
2025-05-29,1553.5373881359867,1576.427432932353,1542.5899754072898,1543.6846923828125,475862.0,0,1
2025-05-30,1513.728582488316,1557.418734840388,1513.728582488316,1524.974609375,608133.0,0,1
2025-06-02,1524.9746947068854,1567.4705133633745,1514.7238865644797,1538.41015625,713447.0,0,1
2025-06-03,1550.551805291201,1550.551805291201,1527.164149691494,1535.822509765625,600521.0,0,1
2025-06-04,1535.4244042459782,1552.442630195998,1524.675987074001,1544.082763671875,406596.0,0,1
2025-06-05,1552.5422447998817,1582.1002120196442,1538.1115636783445,1577.4227294921875,731506.0,0,1
2025-06-06,1577.422666396082,1615.2410016156728,1570.1575165618344,1581.6025390625,1563716.0,0,1
2025-06-09,1586.180592373047,1595.0379470845437,1553.1392382327697,1561.897216796875,1193534.0,0,1
2025-06-10,1564.4848691424284,1626.885075824596,1558.0159431567886,1616.73388671875,1882252.0,0,1
2025-06-11,1628.178895425884,1634.448826075093,1592.5499932515754,1625.1932373046875,1619097.0,0,1
2025-06-12,1625.1932524864271,1646.490971580597,1610.2649617409916,1614.3453369140625,980690.0,0,1
2025-06-13,1567.570015868081,1640.4201471310917,1567.570015868081,1637.036376953125,936552.0,0,1
2025-06-16,1637.0363328420217,1671.7695124486336,1603.596986984891,1667.19140625,1057668.0,0,1
2025-06-17,1667.1914599491654,1667.8881864085338,1640.3205366381076,1661.9168701171875,751866.0,0,1
2025-06-18,1644.102426540283,1665.897755402542,1617.4304983867005,1623.7999267578125,788540.0,0,1
2025-06-19,1624.4965785981317,1630.865885189924,1559.0110973781686,1584.090576171875,1134919.0,0,1
2025-06-20,1583.393933560389,1612.2552937572789,1576.526895974817,1602.3031005859375,524993.0,0,1
2025-06-23,1587.3748803874498,1616.6343538906854,1584.9863296243154,1603.9949951171875,311114.0,0,1
2025-06-24,1602.3031524527223,1635.742498293519,1601.805542778048,1623.2027587890625,353848.0,0,1
2025-06-25,1623.202742431418,1642.4105242749945,1612.9519346417246,1637.6334228515625,537976.0,0,1
2025-06-26,1637.6334366154929,1666.7934120973548,1632.9559542760685,1652.9598388671875,653059.0,0,1
2025-06-27,1660.025856957647,1674.9541470382014,1609.170173047239,1616.2362060546875,914421.0,0,1
2025-06-30,1632.0602535635487,1645.1971005273106,1618.724289835646,1627.78076171875,481994.0,0,1
2025-07-01,1627.7807614533976,1706.9007005993894,1623.79988401209,1696.74951171875,1194162.0,0,1
2025-07-02,1701.8251232398563,1753.576530496273,1680.228911498701,1747.7047119140625,1857196.0,0,1
2025-07-03,1756.2635562449686,1839.3643728166876,1728.8950238411092,1833.49267578125,3061466.0,0,1
2025-07-04,1826.227515744432,1868.8229527172527,1808.9106746765376,1832.3978271484373,1505974.0,0,1
2025-07-07,1827.222751763093,1833.1940679453253,1792.4895716724277,1817.9671630859373,694681.0,0,1
2025-07-08,1808.5125663381036,1821.1519250598,1792.489558993134,1801.446533203125,508614.0,0,1
2025-07-09,1801.4464621977816,1825.2322281819045,1791.1957761202066,1800.9488525390625,435762.0,0,1
2025-07-10,1800.9489498894036,1806.2236611516448,1781.641669790098,1788.110595703125,504138.0,0,1
2025-07-11,1781.44260274138,1801.3469893641886,1765.519093443133,1791.19580078125,684795.0,0,1
2025-07-14,1780.5468790221646,1826.2274705669352,1769.400471120755,1819.758544921875,766662.0,0,1
2025-07-15,1826.2274687444108,1893.205778181883,1825.7298590799023,1873.3013916015625,755234.0,0,1
2025-07-16,1871.012357601856,1874.2966300157448,1843.8428210483685,1851.705078125,302880.0,0,1
2025-07-17,1859.0697969733228,1913.2097554009435,1848.7194911510696,1873.5999755859373,745629.0,0,1
2025-07-18,1881.9000244140625,1890.800048828125,1830.0,1845.300048828125,548049.0,0,1
2025-07-21,1826.0999755859373,1833.9000244140625,1795.0,1819.5999755859373,479965.0,0,1
2025-07-22,1815.0,1816.0,1758.4000244140625,1764.199951171875,923889.0,0,1
2025-07-23,1730.0,1768.300048828125,1730.0,1749.199951171875,684327.0,0,1
2025-07-24,1755.0,1773.0,1737.199951171875,1764.300048828125,338581.0,0,1
2025-07-25,1765.0999755859375,1794.300048828125,1740.0,1747.199951171875,352865.0,0,1
2025-07-28,1740.0999755859375,1759.9000244140625,1725.9000244140625,1738.699951171875,372752.0,0,1
2025-07-29,1730.0,1748.0,1720.0,1744.9000244140625,110963.0,0,1
2025-07-30,1747.9000244140625,1765.0,1739.4000244140625,1754.699951171875,175310.0,0,1
2025-07-31,1735.0,1758.9000244140625,1727.5999755859375,1738.0999755859375,379166.0,0,1
2025-08-01,1739.5999755859375,1746.199951171875,1687.0,1697.0,150047.0,0,1
2025-08-04,1696.0,1750.0,1691.0,1739.4000244140625,291097.0,0,1
2025-08-05,1740.0,1774.0999755859375,1738.800048828125,1750.699951171875,386793.0,0,1
2025-08-06,1755.0999755859375,1825.0,1722.199951171875,1770.4000244140625,491528.0,0,1
2025-08-07,1735.199951171875,1839.0,1735.199951171875,1827.5,1574061.0,0,1
2025-08-08,1830.0,1830.300048828125,1763.0,1800.300048828125,631672.0,0,1
2025-08-11,1794.9000244140625,1794.9000244140625,1740.0,1761.9000244140625,716175.0,0,1
2025-08-12,1761.9000244140625,1775.0,1709.5,1745.5999755859375,407025.0,0,1
2025-08-13,1750.9000244140625,1774.800048828125,1745.0,1755.800048828125,152116.0,0,1
2025-08-14,1757.5999755859375,1801.0,1745.9000244140625,1785.199951171875,288357.0,0,1
2025-08-15,1757.5999755859375,1801.0,1745.9000244140625,1785.199951171875,288357.0,0,1
2025-08-18,1850.0,1939.5999755859373,1850.0,1915.699951171875,1751520.0,1,0
2025-08-19,1915.699951171875,1934.9000244140625,1902.0,1928.800048828125,440159.0,0,1
2025-08-20,1928.0,1983.5999755859373,1922.0999755859373,1927.4000244140625,741947.0,0,1
2025-08-21,1935.0999755859373,1935.0999755859373,1885.699951171875,1901.300048828125,274009.0,0,1
2025-08-22,1897.0,1937.0,1894.9000244140625,1920.0,259210.0,0,1
2025-08-25,1920.0,1936.199951171875,1901.300048828125,1904.4000244140625,332685.0,0,1
2025-08-26,1895.0,1902.199951171875,1859.199951171875,1865.0,373925.0,0,1
2025-08-27,1895.0,1902.199951171875,1859.199951171875,1865.0,373925.0,0,1
2025-08-28,1850.0,1908.5,1850.0,1880.0999755859373,462099.0,0,1
2025-08-29,1891.0,1901.4000244140625,1871.0,1881.699951171875,157873.0,0,1
2025-09-01,1880.0,1952.5999755859373,1875.0,1948.300048828125,295241.0,0,1
2025-09-02,1951.9000244140625,1965.300048828125,1935.0,1940.300048828125,238189.0,0,1
2025-09-03,1955.9000244140625,1969.300048828125,1938.0,1960.5999755859373,453742.0,0,1
2025-09-04,2038.0,2040.0,1934.300048828125,1944.0,664247.0,0,1
2025-09-05,1944.0,1957.300048828125,1921.0,1943.5,270112.0,0,1
2025-09-08,1945.0999755859373,1951.300048828125,1881.4000244140625,1884.199951171875,476415.0,0,1
2025-09-09,1899.0,1899.9000244140625,1869.300048828125,1887.0,319720.0,0,1
2025-09-10,1894.5,1911.199951171875,1877.0,1889.699951171875,261297.0,0,1
2025-09-11,1886.0,1896.0,1878.0,1886.800048828125,171992.0,0,1
2025-09-12,1887.0,1896.4000244140625,1871.199951171875,1884.9000244140625,132536.0,0,1
2025-09-15,1888.4000244140625,1893.5,1878.5999755859373,1889.0999755859373,217780.0,0,1
2025-09-16,1903.0,1940.0,1892.300048828125,1924.0999755859373,309578.0,0,1
2025-09-17,1925.0,1949.0,1909.0999755859373,1940.199951171875,439015.0,0,1
2025-09-18,1939.0,1980.0,1935.0,1961.0,382455.0,0,1
2025-09-19,1956.0,1969.0,1935.9000244140625,1963.800048828125,433161.0,0,1
2025-09-22,1963.800048828125,2000.0,1950.0999755859373,1996.800048828125,936294.0,0,1
2025-09-23,1996.0,1998.199951171875,1951.0999755859373,1964.0,548671.0,0,1
2025-09-24,1960.0,1960.0,1924.199951171875,1944.199951171875,384989.0,0,1
2025-09-25,1947.0999755859373,1976.9000244140625,1919.9000244140625,1927.300048828125,362163.0,0,1
2025-09-26,1909.0,1931.800048828125,1877.300048828125,1890.0999755859373,486116.0,0,1
2025-09-29,1885.0999755859373,1921.0,1861.4000244140625,1895.5999755859373,879094.0,0,1
2025-09-30,1900.5999755859373,1908.0,1870.0,1881.0,799938.0,0,1
2025-10-01,1872.5999755859373,1885.0,1836.300048828125,1877.800048828125,432865.0,0,1
2025-10-02,1872.5999755859373,1885.0,1836.300048828125,1877.800048828125,432865.0,0,1
2025-10-03,1877.800048828125,1900.0999755859373,1862.0999755859373,1899.199951171875,338348.0,0,1
2025-10-06,1895.0999755859373,1959.199951171875,1881.800048828125,1892.800048828125,320954.0,0,1
2025-10-07,1895.0,1927.5999755859373,1880.4000244140625,1912.199951171875,602419.0,0,1
2025-10-08,1920.0,1920.0,1864.0,1892.4000244140625,453385.0,0,1
2025-10-09,1891.0,1899.0,1862.0,1892.300048828125,294578.0,0,1
2025-10-10,1940.0,1965.9000244140625,1902.199951171875,1949.0999755859373,1126480.0,0,1
2025-10-13,1939.0,1939.0,1893.300048828125,1911.699951171875,444585.0,0,1
2025-10-14,1911.800048828125,1923.5,1873.5,1880.5999755859373,409374.0,0,1
2025-10-15,1876.0,1923.5999755859373,1870.300048828125,1913.300048828125,391384.0,0,1
2025-10-16,1913.300048828125,1968.5999755859373,1913.0,1957.5999755859373,228414.0,0,1
2025-10-17,1954.9000244140625,1985.0,1941.0,1971.4000244140625,134668.0,0,1
2025-10-20,1979.9000244140625,1983.699951171875,1949.4000244140625,1971.300048828125,222762.0,0,1
2025-10-21,1987.0,1987.0,1951.0999755859373,1963.0,35674.0,0,1
2025-10-22,1987.0,1987.0,1951.0999755859373,1963.0,35674.0,0,1
2025-10-23,1963.9000244140625,1981.699951171875,1951.0,1972.199951171875,145698.0,0,1
2025-10-24,1974.9000244140625,2032.9000244140625,1973.0,2006.0,732438.0,0,1
2025-10-27,2025.0,2030.4000244140625,1975.0,1979.5999755859373,265523.0,0,1
2025-10-28,2007.5,2007.5,1942.699951171875,1951.5999755859373,198251.0,0,1
2025-10-29,1952.800048828125,1972.800048828125,1939.0,1965.0999755859373,121878.0,0,1
2025-10-30,1965.0,1967.0,1937.0,1961.800048828125,256389.0,0,1
2025-10-31,1965.0,1988.0,1932.0,1937.4000244140625,127593.0,0,1
2025-11-03,1937.4000244140625,1955.0,1901.300048828125,1934.4000244140625,175025.0,0,1
2025-11-04,1912.5999755859373,1931.9000244140625,1886.0999755859373,1917.5999755859373,396298.0,0,1
2025-11-05,1912.5999755859373,1931.9000244140625,1886.0999755859373,1917.5999755859373,396298.0,0,1
2025-11-06,1934.0,2021.4000244140625,1776.0,1785.5,2860574.0,1,0
2025-11-07,1790.0,1790.0,1712.0999755859375,1752.699951171875,917742.0,1,0
2025-11-10,1757.5999755859375,1781.0,1706.5,1771.5999755859375,315959.0,0,1
2025-11-11,1770.0,1784.0,1740.0,1780.0999755859375,240014.0,0,1
2025-11-12,1780.0,1802.9000244140625,1772.0,1798.0,225467.0,0,1
2025-11-13,1797.0,1807.0,1780.199951171875,1787.699951171875,317336.0,0,1
2025-11-14,1785.0,1802.300048828125,1762.5,1768.4000244140625,401542.0,0,1
2025-11-17,1768.300048828125,1797.9000244140625,1765.0,1788.9000244140625,143839.0,0,1
2025-11-18,1789.0,1789.0,1749.5,1777.5,361223.0,0,1
2025-11-19,1775.0,1798.0,1760.5,1795.0,186454.0,0,1
2025-11-20,1785.300048828125,1809.0,1778.0,1794.5999755859375,229864.0,0,1
2025-11-21,1794.5999755859375,1794.5999755859375,1764.0,1776.300048828125,313227.0,0,1
2025-11-24,1780.0,1790.0,1766.0,1785.300048828125,196437.0,0,1
2025-11-25,1794.800048828125,1794.800048828125,1723.0,1746.699951171875,535031.0,0,1
2025-11-26,1760.5,1780.0,1750.0,1775.9000244140625,299463.0,0,1
2025-11-27,1776.0,1779.9000244140625,1740.5999755859375,1758.199951171875,553260.0,0,1
2025-11-28,1760.0,1769.0999755859375,1751.199951171875,1765.4000244140625,150617.0,0,1
2025-12-01,1766.0,1778.0,1752.0,1769.4000244140625,207241.0,0,1
2025-12-02,1778.0999755859375,1792.800048828125,1741.0999755859375,1745.4000244140625,292489.0,0,1
2025-12-03,1745.5,1760.5999755859375,1726.0,1754.5,245153.0,0,1
2025-12-04,1748.0,1761.0,1735.0,1752.4000244140625,219135.0,0,1
2025-12-05,1740.0,1753.4000244140625,1723.199951171875,1734.4000244140625,290940.0,0,1
2025-12-08,1734.5,1743.300048828125,1701.9000244140625,1723.199951171875,208595.0,0,1
2025-12-09,1723.300048828125,1752.0,1705.0,1738.5999755859375,225965.0,0,1
2025-12-10,1727.0999755859375,1740.5999755859375,1715.699951171875,1729.4000244140625,198789.0,0,1
2025-12-11,1723.5,1757.800048828125,1723.5,1746.199951171875,92083.0,0,1
2025-12-12,1747.0,1804.9000244140625,1747.0,1796.699951171875,201435.0,0,1
2025-12-15,1790.0,1818.0,1785.0,1806.199951171875,147119.0,0,1
2025-12-16,1790.0,1822.5,1790.0,1815.5999755859373,145718.0,0,1
2025-12-17,1808.0,1831.0,1805.0,1826.800048828125,138651.0,0,1
2025-12-18,1820.0,1862.0,1815.5,1854.5999755859373,255235.0,0,1
2025-12-19,1857.800048828125,1860.9000244140625,1756.199951171875,1781.4000244140625,850041.0,0,1
2025-12-22,1785.9000244140625,1803.699951171875,1759.0,1766.199951171875,594908.0,0,1
2025-12-23,1768.5,1771.5,1748.5999755859375,1766.4000244140625,151531.0,0,1
2025-12-24,1769.0,1792.800048828125,1755.0,1777.4000244140625,165843.0,0,1
2025-12-25,1769.0,1792.800048828125,1755.0,1777.4000244140625,165843.0,0,1
2025-12-26,1777.0999755859375,1797.199951171875,1759.5,1763.9000244140625,64530.0,0,1
2025-12-29,1763.0999755859375,1778.699951171875,1728.300048828125,1731.5999755859375,111998.0,0,1
2025-12-30,1731.0,1733.699951171875,1702.0,1708.0,207504.0,0,1
2025-12-31,1708.0,1744.5,1688.0,1730.699951171875,184871.0,0,1
2026-01-01,1738.0,1790.199951171875,1733.0,1772.199951171875,197014.0,0,1
2026-01-02,1783.5999755859375,1829.5,1751.0,1816.0999755859373,590199.0,0,1
2026-01-05,1810.0,1876.9000244140625,1768.5999755859375,1848.9000244140625,602390.0,0,1
2026-01-06,1850.0,1854.5,1806.0,1823.5999755859373,266141.0,0,1
2026-01-07,1823.4000244140625,1852.0,1790.5999755859375,1842.699951171875,630307.0,0,1
2026-01-08,1833.0,1861.0,1811.0,1819.199951171875,240598.0,0,1
2026-01-09,1813.9000244140625,1843.0999755859373,1782.5999755859375,1801.300048828125,168386.0,0,1
2026-01-12,1790.0,1816.800048828125,1778.699951171875,1793.300048828125,154279.0,0,1
2026-01-13,1790.0,1808.9000244140625,1760.5999755859375,1793.199951171875,159533.0,0,1
2026-01-14,1800.800048828125,1817.9000244140625,1766.0999755859375,1812.0999755859373,109184.0,0,1
2026-01-15,1812.0999755859373,1812.0999755859373,1812.0999755859373,1812.0999755859373,0.0,0,1
2026-01-16,1814.9000244140625,1828.4000244140625,1795.5999755859375,1806.0999755859373,138252.0,0,1
2026-01-19,1795.0999755859375,1819.0,1762.0999755859375,1767.800048828125,254576.0,0,1
2026-01-20,1765.0,1779.199951171875,1727.4000244140625,1747.9000244140625,432160.0,0,1
2026-01-21,1733.0,1734.0,1690.0,1713.699951171875,660566.0,0,1
2026-01-22,1720.0,1743.699951171875,1702.0999755859375,1709.300048828125,245339.0,0,1
2026-01-23,1709.300048828125,1745.0,1690.5999755859375,1698.0999755859375,346663.0,0,1
2026-01-26,1709.300048828125,1745.0,1690.5999755859375,1698.0999755859375,346663.0,0,1
2026-01-27,1702.4000244140625,1710.0,1651.4000244140625,1667.5,604560.0,0,1
2026-01-28,1657.699951171875,1729.199951171875,1645.0,1701.5,536357.0,0,1
2026-01-29,1715.9000244140625,1771.699951171875,1676.5,1732.5,591021.0,0,1
2026-01-30,1700.0,1822.0,1699.0999755859375,1816.9000244140625,1269386.0,0,1
2026-02-02,1792.0,1848.9000244140625,1765.9000244140625,1838.199951171875,433710.0,0,1
2026-02-03,1868.0,1920.300048828125,1805.5999755859373,1817.800048828125,706706.0,0,1
2026-02-04,1817.800048828125,1895.0999755859373,1803.5999755859373,1880.199951171875,941831.0,0,1
2026-02-05,1893.199951171875,1893.199951171875,1841.199951171875,1862.0,345561.0,0,1
2026-02-06,1863.9000244140625,1885.9000244140625,1834.5,1880.9000244140625,336840.0,0,1
2026-02-09,1889.300048828125,1946.5,1889.300048828125,1937.0,1382090.0,0,1
2026-02-10,1951.0,1995.5,1929.5,1948.300048828125,729715.0,0,1
2026-02-11,1959.0,1965.699951171875,1934.199951171875,1962.199951171875,387390.0,0,1
2026-02-12,1962.199951171875,1988.699951171875,1945.199951171875,1974.0,685935.0,0,1
2026-02-13,1960.0,2015.0,1952.300048828125,1997.199951171875,618695.0,0,1
2026-02-16,2000.0,2006.5,1956.4000244140625,1975.4000244140625,451670.0,0,1
2026-02-17,1976.4000244140625,2006.699951171875,1976.0,2002.4000244140625,371368.0,0,1
2026-02-18,2019.4000244140625,2029.5999755859373,1971.300048828125,2016.699951171875,495144.0,0,1
2026-02-19,2016.699951171875,2017.699951171875,1957.0999755859373,1969.0999755859373,243797.0,0,1
2026-02-20,1960.0,1980.0,1952.0999755859373,1968.4000244140625,247143.0,0,1
2026-02-23,1978.800048828125,1990.800048828125,1955.0,1961.800048828125,221246.0,0,1
2026-02-24,1960.0,1968.0,1933.4000244140625,1959.5,315256.0,0,1
2026-02-25,1965.0999755859373,1980.4000244140625,1928.0,1942.199951171875,302374.0,0,1
2026-02-26,1945.0,1975.0,1930.699951171875,1964.9000244140625,239179.0,0,1
2026-02-27,1968.0,1968.0,1932.0,1941.199951171875,256347.0,0,1
2026-03-02,1862.800048828125,1935.0,1862.800048828125,1902.5,268981.0,0,1
2026-03-03,1862.800048828125,1935.0,1862.800048828125,1902.5,268981.0,0,1
2026-03-04,1877.699951171875,1881.9000244140625,1832.300048828125,1843.5999755859373,453584.0,0,1
2026-03-05,1845.800048828125,1956.0,1821.0,1946.699951171875,811414.0,0,1
2026-03-06,1939.0,1976.199951171875,1908.699951171875,1948.5,957837.0,0,1
2026-03-09,1909.0,1918.300048828125,1856.800048828125,1875.0999755859373,683868.0,0,1
2026-03-10,1900.0,1944.0,1871.800048828125,1887.800048828125,440437.0,0,1
2026-03-11,1905.0,1984.0,1894.9000244140625,1941.0999755859373,906158.0,0,1
2026-03-12,1941.0,1969.5,1892.0,1953.5,638482.0,0,1
2026-03-13,1938.0,1939.9000244140625,1820.0,1833.199951171875,979856.0,1,0
2026-03-16,1820.0,1833.199951171875,1771.5,1804.0999755859373,599040.0,0,1
2026-03-17,1809.0,1831.699951171875,1780.0,1815.300048828125,386880.0,0,1
2026-03-18,1831.5999755859373,1852.199951171875,1802.699951171875,1819.5999755859373,326171.0,0,1
2026-03-19,1800.0,1800.0,1727.199951171875,1733.5,464044.0,0,1
2026-03-20,1738.0999755859375,1752.800048828125,1700.0999755859375,1708.5999755859375,401052.0,0,1
2026-03-23,1688.699951171875,1693.0,1602.0,1621.0999755859375,687659.0,0,1
2026-03-24,1640.0,1678.9000244140625,1625.0,1665.9000244140625,710170.0,0,1
2026-03-25,1670.0999755859375,1754.9000244140625,1668.0,1744.5999755859375,902460.0,0,1
2026-03-26,1670.0999755859375,1754.9000244140625,1668.0,1744.5999755859375,902460.0,0,1
2026-03-27,1739.0,1739.0,1668.0999755859375,1675.199951171875,366704.0,0,1
2026-03-30,1642.0,1664.9000244140625,1605.0,1610.699951171875,832954.0,0,1
2026-03-31,1642.0,1664.9000244140625,1605.0,1610.699951171875,832954.0,0,1
2026-04-01,1680.0,1680.0,1520.0,1556.300048828125,1494091.0,0,1
2026-04-02,1527.9000244140625,1537.0,1450.0,1528.300048828125,2032026.0,1,0
2026-04-03,1527.9000244140625,1537.0,1450.0,1528.300048828125,2032026.0,0,1
2026-04-06,1527.0,1572.699951171875,1488.9000244140625,1565.4000244140625,731043.0,0,1
2026-04-07,1552.800048828125,1552.800048828125,1511.300048828125,1540.5,1393726.0,0,1
2026-04-08,1590.5,1630.0999755859375,1581.5,1619.4000244140625,1505962.0,0,1
2026-04-09,1619.4000244140625,1667.4000244140625,1594.5999755859375,1655.5999755859375,820689.0,0,1
2026-04-10,1655.5999755859375,1696.300048828125,1638.300048828125,1690.0,642000.0,0,1
2026-04-13,1636.4000244140625,1736.0999755859375,1631.4000244140625,1730.0,803685.0,0,1
2026-04-14,1636.4000244140625,1736.0999755859375,1631.4000244140625,1730.0,803685.0,0,1
2026-04-15,1773.800048828125,1810.0,1742.300048828125,1804.9000244140625,879409.0,1,0
2026-04-16,1811.0,1877.0,1795.300048828125,1849.300048828125,1412659.0,0,1
2026-04-17,1843.0,1872.0,1828.5,1866.0999755859373,441787.0,0,1
2026-04-20,1874.800048828125,1921.0,1852.800048828125,1889.0,782344.0,0,1
2026-04-21,1898.4000244140625,1914.199951171875,1861.0,1869.800048828125,422078.0,0,1
2026-04-22,1880.0,1903.0999755859373,1867.4000244140625,1888.5999755859373,504021.0,0,1
2026-04-23,1898.0,1898.0,1820.300048828125,1829.800048828125,777802.0,0,1
2026-04-24,1829.800048828125,1846.300048828125,1785.800048828125,1818.4000244140625,304562.0,0,1
2026-04-27,1840.0,1920.0,1840.0,1916.300048828125,939773.0,0,1
2026-04-28,1927.0,1928.9000244140625,1872.9000244140625,1891.5999755859373,575101.0,0,1
2026-04-29,1900.0,1900.0,1828.4000244140625,1837.300048828125,683145.0,0,1
2026-04-30,1843.0999755859373,1845.0,1757.5999755859375,1781.0,575535.0,0,1
2026-05-01,1781.0,1781.0,1781.0,1781.0,0.0,0,1
2026-05-04,1808.0,1819.5,1778.0,1802.199951171875,305152.0,0,1
2026-05-05,1802.199951171875,1824.9000244140625,1781.0,1802.300048828125,465048.0,0,1
2026-05-06,1820.0,1821.0,1760.9000244140625,1806.5999755859373,476947.0,0,1
2026-05-07,1823.5999755859373,1825.800048828125,1740.699951171875,1748.5999755859375,1769507.0,0,1
2026-05-08,1728.0,1736.800048828125,1690.0,1692.800048828125,1025677.0,0,1
2026-05-11,1680.0,1693.0,1648.0,1661.0999755859375,668476.0,0,1
2026-05-12,1651.4000244140625,1699.0,1626.199951171875,1630.5999755859375,949693.0,0,1
2026-05-13,1630.5999755859375,1662.9000244140625,1623.0,1630.5999755859375,415498.0,0,1
2026-05-14,1650.0,1677.0,1601.0999755859375,1667.199951171875,817538.0,0,1
2026-05-15,1673.0999755859375,1688.0,1650.0,1658.0,411996.0,0,1
2026-05-18,1637.0,1637.4000244140625,1582.0,1633.800048828125,690436.0,0,1
2026-05-19,1633.800048828125,1694.5,1633.699951171875,1682.0,409067.0,0,1
2026-05-20,1675.0,1686.4000244140625,1661.0,1678.0999755859375,316316.0,0,1
2026-05-21,1690.0999755859375,1710.5999755859375,1652.300048828125,1662.5,231969.0,0,1
2026-05-22,1666.9000244140625,1675.800048828125,1654.0,1657.199951171875,146278.0,0,1
2026-05-25,1675.0,1681.800048828125,1642.0,1652.300048828125,241058.0,0,1
2026-05-26,1654.9000244140625,1654.9000244140625,1610.699951171875,1640.9000244140625,529628.0,0,1
2026-05-27,1640.9000244140625,1664.9000244140625,1630.4000244140625,1657.0999755859375,225572.0,0,1
2026-05-28,1657.0999755859375,1657.0999755859375,1657.0999755859375,1657.0999755859375,0.0,0,1
2026-05-29,1655.0,1655.0999755859375,1581.0,1589.0,685025.0,0,1
2026-06-01,1590.0999755859375,1594.800048828125,1540.0,1544.800048828125,480289.0,0,1
2026-06-02,1533.0999755859375,1586.5999755859375,1508.0999755859375,1579.5999755859375,428890.0,0,1
2026-06-03,1572.5,1586.800048828125,1546.300048828125,1580.800048828125,308002.0,0,1
2026-06-04,1580.199951171875,1652.800048828125,1569.5999755859375,1607.5999755859375,1336959.0,0,1
2026-06-05,1625.9000244140625,1625.9000244140625,1572.0999755859375,1581.800048828125,479288.0,0,1
2026-06-08,1566.9000244140625,1592.5,1542.199951171875,1552.199951171875,468770.0,0,1
2026-06-09,1555.800048828125,1574.800048828125,1550.800048828125,1570.800048828125,248363.0,0,1
2026-06-10,1570.9000244140625,1612.4000244140625,1566.5,1581.699951171875,470394.0,0,1
2026-06-11,1560.0999755859375,1576.699951171875,1551.5,1556.800048828125,218476.0,0,1
2026-06-12,1569.9000244140625,1587.9000244140625,1556.199951171875,1583.800048828125,141096.0,0,1
2026-06-15,1618.0,1640.0,1587.5999755859375,1611.199951171875,301662.0,0,1
2026-06-16,1626.0,1640.199951171875,1613.0999755859375,1621.4000244140625,375165.0,0,1
2026-06-17,1634.0,1709.0,1632.0999755859375,1695.5999755859375,1266953.0,0,1
2026-06-18,1696.9000244140625,1713.9000244140625,1687.199951171875,1706.300048828125,498732.0,0,1
2026-06-19,1705.0,1705.0,1653.199951171875,1668.300048828125,502331.0,0,1
2026-06-22,1675.0999755859375,1717.699951171875,1632.5999755859375,1664.699951171875,939641.0,0,1
