Date,Open,High,Low,Close,Volume,is_outlier,data_quality
2021-01-01,398.8284794763195,400.2474616406526,392.9079605103228,393.7397766113281,128077.0,0,1
2021-01-04,391.9293782480922,400.00282985994426,389.4828777596521,395.011962890625,209642.0,0,1
2021-01-05,395.3544491959306,406.8040825664665,391.5379146939205,400.5899658203125,216491.0,0,1
2021-01-06,402.5960746070694,405.3361728019608,391.7336075392786,396.3819580078125,176239.0,0,1
2021-01-07,397.60516972312894,402.0088697416133,394.9629676307396,396.9690856933594,184740.0,0,1
2021-01-08,403.1831886870053,403.1831886870053,392.2228570487426,399.8070068359375,156474.0,0,1
2021-01-11,399.268834693535,399.268834693535,392.2718500584487,396.2351684570313,230467.0,0,1
2021-01-12,398.24133535233335,401.2260538068011,393.49511874293705,397.5073852539063,186876.0,0,1
2021-01-13,400.4921403439611,421.7766951453812,397.11595763655305,411.2078247070313,1357497.0,0,1
2021-01-14,413.9478813129696,414.3393154169597,399.5624465413966,402.9386291503906,153575.0,0,1
2021-01-15,409.9845016401033,418.44938607382807,403.7214374476448,407.7337036132813,302168.0,0,1
2021-01-18,410.37590626779183,410.5226902914201,392.6632407137838,396.6755065917969,188796.0,0,1
2021-01-19,404.1618423906902,404.1618423906902,393.3972412616403,401.1771240234375,80750.0,0,1
2021-01-20,401.1771194367174,409.69092231365056,399.26883731258334,401.8621215820313,93047.0,0,1
2021-01-21,405.0425970939926,408.6144816772502,397.8498800011549,401.7153625488281,179070.0,0,1
2021-01-22,403.6725472958493,412.9692483850871,402.54716313689534,408.4676818847656,198070.0,0,1
2021-01-25,406.11904004998985,428.62684226962784,406.11904004998985,415.4157409667969,652299.0,0,1
2021-01-26,406.11904004998985,428.62684226962784,406.11904004998985,415.4157409667969,652299.0,0,1
2021-01-27,415.4157790345795,425.4953490064588,407.8805456551692,421.18951416015625,408258.0,0,1
2021-01-28,415.70935235405983,415.70935235405983,408.1252008161033,410.9631652832031,155539.0,0,1
2021-01-29,412.1863603652759,414.97534666596965,387.0852447429995,395.2565612792969,376241.0,0,1
2021-02-01,395.4523007241477,434.302706219512,377.4949831732082,420.0640869140625,400427.0,0,1
2021-02-02,425.5931739041898,428.5289741792675,403.7214558819604,405.8254699707031,433196.0,1,0
2021-02-03,412.5778029093906,436.8470731363234,403.2321541540097,419.2812194824219,714782.0,0,1
2021-02-04,419.7215913238376,445.2630607834371,417.8622570429179,439.6850280761719,440755.0,0,1
2021-02-05,443.0122804295459,483.8688349009316,421.8255642192472,464.7861328125,1306710.0,1,0
2021-02-08,468.2601276645489,504.957629832617,468.2601276645489,494.3398132324219,621714.0,1,0
2021-02-09,496.9330853663923,528.4440184099734,494.3398012489477,515.4286499023438,595336.0,0,1
2021-02-10,519.0495403536586,531.5756102530942,507.01271079729,513.7650756835938,456545.0,0,1
2021-02-11,515.2372050304315,519.947933210678,506.11015794992414,511.11529541015625,124829.0,0,1
2021-02-12,509.8394603704228,514.0104280442905,498.406107913248,503.1659240722656,422868.0,0,1
2021-02-15,505.5212793560472,510.0848328451728,483.0962173507192,496.0998229980469,526284.0,0,1
2021-02-16,500.56516121064845,514.5992281966537,476.8642576181624,492.71392822265625,283214.0,0,1
2021-02-17,490.70205959206737,515.2371625716708,489.8678601007455,510.9680786132813,199747.0,0,1
2021-02-18,515.0408585152031,532.9024250741461,511.50782772339136,528.1426391601562,298335.0,0,1
2021-02-19,534.8652154234446,561.3140669551478,531.970061451673,537.3187255859375,491164.0,0,1
2021-02-22,537.8094437309799,539.772251919779,491.6834512941987,498.7495727539063,458346.0,1,0
2021-02-23,497.0811532219992,499.9763071605777,467.3936805962035,474.0181579589844,402822.0,1,0
2021-02-24,476.4717266770994,504.8343312776734,476.3735802696425,494.4804992675781,226834.0,0,1
2021-02-25,502.3807544043541,513.7650479907254,493.59720565134927,496.2469787597656,246853.0,0,1
2021-02-26,493.64630139402686,505.4231515266876,484.22481529788257,498.1607666015625,162653.0,0,1
2021-03-01,505.2268402596507,525.0512159056522,497.5718999330199,519.4081420898438,290524.0,0,1
2021-03-02,522.1069556912361,528.9767840555944,506.0119052775366,511.90032958984375,118241.0,0,1
2021-03-03,514.5501478474064,521.812562009113,502.5770060754731,505.1286926269531,137517.0,0,1
2021-03-04,504.0491871064427,515.77697960097,500.9087115495967,505.1778259277344,80090.0,0,1
2021-03-05,502.5279854272908,511.2134481363616,491.683481498034,494.97119140625,113019.0,0,1
2021-03-08,506.6008395483884,507.8766529768012,480.9861849734558,488.788330078125,200629.0,0,1
2021-03-09,492.5666920866661,500.417924572447,476.2263204656496,479.9065856933594,128963.0,0,1
2021-03-10,483.8321950179028,492.0759830200793,482.605439959541,485.5496520996094,89081.0,0,1
2021-03-11,483.8321950179028,492.0759830200793,482.605439959541,485.5496520996094,89081.0,0,1
2021-03-12,490.3585331065671,500.5160711283036,482.8507980296576,491.2417907714844,156421.0,0,1
2021-03-15,496.7377701342904,513.7651403755301,485.304416266857,506.1101989746094,277783.0,0,1
2021-03-16,513.2743920677601,513.2743920677601,495.5109702145962,503.8529357910156,87690.0,0,1
2021-03-17,505.2758668741688,509.7413033604659,474.7542239313556,482.458251953125,218906.0,0,1
2021-03-18,496.5904996870593,497.9644595064546,467.14837519968427,472.4970397949219,154702.0,0,1
2021-03-19,466.1669508560302,474.2144765139965,448.8942325816652,457.6287231445313,465360.0,0,1
2021-03-22,458.56109500596784,471.0249398518649,457.3343398026346,460.13134765625,196549.0,0,1
2021-03-23,465.1855170493973,467.7862317770636,453.8503123165146,459.83685302734375,108428.0,0,1
2021-03-24,459.8368985116892,467.1483713457664,450.5135591676035,460.6220397949219,95315.0,0,1
2021-03-25,462.9283460992534,462.9283460992534,430.7873604252985,440.9939575195313,401210.0,0,1
2021-03-26,450.4644679058727,473.0367615046419,444.0853414540466,466.06878662109375,133334.0,0,1
2021-03-29,450.4644679058727,473.0367615046419,444.0853414540466,466.06878662109375,133334.0,0,1
2021-03-30,480.6917316481193,484.813640980617,466.1669624813625,480.4463806152344,213851.0,0,1
2021-03-31,483.34155036843913,504.6870909177052,477.4040671612033,500.0254211425781,180367.0,0,1
2021-04-01,506.7970975008575,509.3487241821717,494.7258091889222,497.2774658203125,160647.0,0,1
2021-04-02,506.7970975008575,509.3487241821717,494.7258091889222,497.2774658203125,160647.0,0,1
2021-04-05,499.5347427461017,502.4789553752536,479.02340075302624,483.832275390625,101732.0,0,1
2021-04-06,490.6039207758496,495.658146077781,481.1824350959916,490.9474182128906,77726.0,0,1
2021-04-07,499.534707397834,499.8782048369443,488.0522669766347,493.0574340820313,61250.0,0,1
2021-04-08,500.418075231357,528.9769479865081,494.1861515795325,510.8700256347656,417995.0,0,1
2021-04-09,511.2134335513571,522.7939902662338,505.5212416964488,516.0222778320312,301359.0,0,1
2021-04-12,505.4230875976076,507.3858957047827,486.482001343397,491.4380798339844,94285.0,0,1
2021-04-13,500.31980867356754,515.2371632858751,490.702060272262,497.3265380859375,105291.0,0,1
2021-04-14,500.31980867356754,515.2371632858751,490.702060272262,497.3265380859375,105291.0,0,1
2021-04-15,497.32653577846247,504.93241767739306,482.1638302063701,489.1318054199219,70748.0,0,1
2021-04-16,489.13181199451736,496.14884552815647,477.6984598795573,485.7950439453125,124846.0,0,1
2021-04-19,476.9624239204954,482.8508489071682,453.5559286084555,471.368408203125,204099.0,0,1
2021-04-20,473.8218548524486,485.4514986261521,466.1669153799238,473.7727966308594,134772.0,0,1
2021-04-21,473.8218548524486,485.4514986261521,466.1669153799238,473.7727966308594,134772.0,0,1
2021-04-22,470.0926030465909,476.2263791823763,463.17371554545656,467.1974487304688,268674.0,0,1
2021-04-23,468.12980249303473,478.8271022622937,464.7439460295629,470.5833129882813,106274.0,0,1
2021-04-26,474.99958119058687,478.9251975640628,472.05536891048,475.3430786132813,51605.0,0,1
2021-04-27,479.6612963350784,486.776476689921,476.9624348211726,481.3787536621094,74264.0,0,1
2021-04-28,485.6969088883312,496.34514992872073,485.6969088883312,488.2485656738281,144033.0,0,1
2021-04-29,498.5532164700775,521.125507766951,497.866221711448,514.0593872070312,868233.0,0,1
2021-04-30,513.2744209152121,559.4004205003267,499.9764053552805,537.6622924804688,1489070.0,1,0
2021-05-03,534.8652297004188,573.9741587744162,531.7737828530987,563.816650390625,676113.0,1,0
2021-05-04,572.1585950747591,605.4282183024608,555.5728416862872,577.7035522460938,1105107.0,0,1
2021-05-05,582.9540851109754,598.6074938208387,541.2444073042137,546.1514282226562,1693492.0,0,1
2021-05-06,546.1513410356933,553.5118712383307,530.1544673753244,542.9127197265625,353591.0,1,0
2021-05-07,547.6235071134632,570.9809135371964,543.0108957007561,560.3327026367188,466622.0,0,1
2021-05-10,569.2143628642607,573.1399791598764,555.2293548111302,559.7929077148438,262126.0,0,1
2021-05-11,559.4003383332102,587.0759459991996,551.1074616884155,583.1503295898438,528983.0,0,1
2021-05-12,588.8425290911244,588.8425290911244,569.3125612495382,573.0910034179688,228589.0,0,1
2021-05-13,588.8425290911244,588.8425290911244,569.3125612495382,573.0910034179688,228589.0,0,1
2021-05-14,578.0470864126413,578.0470864126413,553.4138644152226,557.1431884765625,294066.0,0,1
2021-05-17,560.1364032791776,577.55632646482,557.7810094235925,567.4478759765625,114269.0,0,1
2021-05-18,569.2144546709945,600.8647411591662,567.4479390330822,598.1168212890625,648934.0,0,1
2021-05-19,604.5448560199612,615.3402998774606,584.1807232887694,587.3212280273438,367003.0,0,1
2021-05-20,588.4007730203706,598.6073988718554,577.2128030410123,581.5309448242188,156873.0,0,1
2021-05-21,583.9354623488279,592.7190413675513,570.2939208649865,577.5563354492188,284687.0,0,1
2021-05-24,577.0655695644094,586.487024291116,575.1027615046665,579.2246704101562,116655.0,0,1
2021-05-25,585.8982995980496,594.7799955097472,579.3228795655775,590.4618530273438,177593.0,0,1
2021-05-26,593.749478440724,598.5583824741066,585.0149580209566,588.5971069335938,114558.0,0,1
2021-05-27,587.861037765666,597.2824928749719,577.0655929986838,591.6885375976562,196474.0,0,1
2021-05-28,591.6885996039682,596.742795152622,584.1808337237266,590.8543701171875,116502.0,0,1
2021-05-31,590.8543480695803,593.8476187042015,584.3280465055956,587.41943359375,78966.0,0,1
2021-06-01,587.4194588033156,590.707198739942,574.0723859416369,578.6849975585938,110855.0,0,1
2021-06-02,574.1213613978763,582.3651792651874,572.1585533247212,575.25,180085.0,0,1
2021-06-03,578.8320688418746,587.6156466465158,572.1585336032044,573.925048828125,128826.0,0,1
2021-06-04,571.2753294162179,587.2231467884299,571.2753294162179,578.8321533203125,108557.0,0,1
2021-06-07,573.2381225090633,586.7815472846459,573.2381225090633,581.08935546875,136603.0,0,1
2021-06-08,584.916918900243,611.5129494740657,581.0894184574423,589.2841796875,504750.0,0,1
2021-06-09,598.5584193574377,599.2453543472624,574.6611921926743,579.2738037109375,133613.0,0,1
2021-06-10,577.1147018881929,586.7815687637546,572.1586228810045,577.8016967773438,97431.0,0,1
2021-06-11,583.05213889689,583.7391337316583,559.7437920397067,564.209228515625,156642.0,0,1
2021-06-14,569.1163303849283,569.1163303849283,552.0398730194624,559.449462890625,185909.0,0,1
2021-06-15,560.3817090182168,576.0841737192527,554.9839867772358,565.1906127929688,212540.0,0,1
2021-06-16,569.214455247962,573.9251835872233,560.6271682075833,564.3074340820312,119491.0,0,1
2021-06-17,556.4561885100458,578.0470811859205,556.4561885100458,575.3972778320312,172095.0,0,1
2021-06-18,578.0470359622796,586.1926783090515,566.8590048545607,582.1689453125,241617.0,0,1
2021-06-21,582.9540860348625,586.9287610050686,561.7557795936578,570.931884765625,221787.0,0,1
2021-06-22,573.0909585995234,580.4514896375339,568.9690492382066,577.5563354492188,140626.0,0,1
2021-06-23,580.893179526054,582.8068698275071,572.3058926343452,574.5631103515625,166572.0,0,1
2021-06-24,577.1637193607241,578.0470069987116,569.2634284437432,573.0418701171875,79322.0,0,1
2021-06-25,574.023384009637,577.4091808359092,569.3617137066185,573.6307983398438,53570.0,0,1
2021-06-28,573.630705977356,598.852803746297,572.2076580286903,591.7866821289062,773742.0,0,1
2021-06-29,598.656524306928,598.656524306928,577.3600425277817,585.1131591796875,184274.0,0,1
2021-06-30,581.1876008170167,599.6379884826031,579.5682598667784,594.976318359375,260413.0,0,1
2021-07-01,598.6564441603879,633.0055843990987,595.9575831416321,622.4064331054688,1009344.0,0,1
2021-07-02,629.0800688708523,650.9653697392142,628.0986647072473,644.5862426757812,848347.0,0,1
2021-07-05,653.6151205274098,655.5779286971617,621.7194877689401,624.4674072265625,359310.0,0,1
2021-07-06,624.4673947962926,626.0376772409281,609.7463338161813,613.7210083007812,208951.0,0,1
2021-07-07,625.1543867544468,664.0670817267735,600.6192852334717,657.7860717773438,738033.0,1,0
2021-07-08,657.540760202545,660.1905633057801,630.601205136604,643.0159912109375,366059.0,0,1
2021-07-09,645.4696402219246,645.7640495410741,622.2103456064452,628.7857666015625,243385.0,0,1
2021-07-12,636.2932628006672,638.5995981529366,618.5298742669045,624.7127075195312,122571.0,0,1
2021-07-13,629.0799850271048,636.9312172895336,623.1915608302834,630.6502075195312,87577.0,0,1
2021-07-14,634.3796922207327,643.7520902529062,620.1002133396026,628.6875,129408.0,0,1
2021-07-15,628.7856726526766,650.0821554249609,625.2525816502726,643.1632080078125,218217.0,0,1
2021-07-16,641.2004383154493,644.6353531665465,624.9582100710081,638.2562255859375,122160.0,0,1
2021-07-19,641.8383236687537,641.8383236687537,614.7024745566406,624.2221069335938,160639.0,0,1
2021-07-20,616.3217799205285,631.8279528493264,606.5077388389914,625.9885864257812,102157.0,0,1
2021-07-21,616.3217799205285,631.8279528493264,606.5077388389914,625.9885864257812,102157.0,0,1
2021-07-22,637.4489473331438,637.4489473331438,624.8082013292666,633.3173217773438,143410.0,0,1
2021-07-23,633.3173439886509,661.3532940444327,625.9886362640442,655.4509887695312,356372.0,0,1
2021-07-26,656.6314662805713,685.9462373362121,651.3193674806362,656.041259765625,520503.0,0,1
2021-07-27,656.0412088298643,667.944166274175,654.172121608728,657.664306640625,161297.0,0,1
2021-07-28,658.1069509239027,661.7958912317721,644.6300103242172,648.4173583984375,287190.0,0,1
2021-07-29,648.6633727375553,672.8628003111517,644.7285025602971,649.0568237304688,171844.0,0,1
2021-07-30,652.2046750597902,670.8953067734193,640.9902720150734,661.99267578125,205410.0,0,1
2021-08-02,668.8294301082585,737.6896425312922,667.698131173344,696.4718627929688,2896245.0,1,0
2021-08-03,695.193091834951,710.0963742753689,677.8304558770789,700.80029296875,430212.0,0,1
2021-08-04,704.3416716359287,706.948546811455,674.0923610174863,688.5038452148438,288177.0,0,1
2021-08-05,688.503894191275,692.9306228893552,665.9767396889491,674.3875122070312,165398.0,0,1
2021-08-06,675.8138686277788,684.6181515592192,671.8789989414453,673.5513305664062,99159.0,0,1
2021-08-09,676.699324296181,696.4228490964678,650.2864721461929,680.4374389648438,158693.0,0,1
2021-08-10,693.5207203543002,694.0125790212182,656.582146477031,688.7988891601562,161258.0,0,1
2021-08-11,685.6510569464491,705.3254057827891,654.7131313930349,697.1113891601562,153635.0,0,1
2021-08-12,698.4395083188946,721.7536278583744,688.602332145389,700.751220703125,219265.0,0,1
2021-08-13,715.6544793273483,751.5601679808854,700.6036136260537,712.4573974609375,418326.0,0,1
2021-08-16,711.96558796423,711.96558796423,688.6022957857838,694.9964599609375,213728.0,0,1
2021-08-17,697.4555650098271,708.0796998310461,689.6841743309817,697.3079833984375,50885.0,0,1
2021-08-18,697.4556680045702,702.374255226041,677.3878081244297,697.406494140625,105191.0,0,1
2021-08-19,697.4556680045702,702.374255226041,677.3878081244297,697.406494140625,105191.0,0,1
2021-08-20,687.6184526770942,699.3738874457225,675.8138440474445,685.1099853515625,91775.0,0,1
2021-08-23,693.4224480532051,720.7206070360644,687.4709095031433,712.3590087890625,261488.0,0,1
2021-08-24,719.0974312735507,752.5438234258088,713.2934745011792,725.0980834960938,503047.0,0,1
2021-08-25,745.657835796183,748.8057436811649,719.0974643364245,727.0655517578125,249859.0,0,1
2021-08-26,729.9183717706962,762.3810486823311,724.9506104940041,747.8712158203125,474674.0,0,1
2021-08-27,752.3471448449567,786.9740134447983,751.5601828397823,770.5950927734375,335434.0,0,1
2021-08-30,787.8593375591695,802.7134471853989,784.0228154494644,788.3511962890625,262276.0,0,1
2021-08-31,790.9088595364829,829.2738415289242,785.3508317184736,816.4363403320312,509312.0,0,1
2021-09-01,820.4203905635997,828.929570909127,796.9587523320083,801.926513671875,297849.0,0,1
2021-09-02,804.680860988659,811.1241981729027,789.925099479087,803.6971435546875,339719.0,0,1
2021-09-03,806.0582714965878,829.6674952450879,792.1386426449902,806.5993041992188,316689.0,0,1
2021-09-06,813.2391794603402,845.6526795145094,801.7296739729503,816.8297119140625,265612.0,0,1
2021-09-07,822.3878354775603,825.1914063546932,793.1222396576352,803.402099609375,229571.0,0,1
2021-09-08,800.1066175247549,834.1924534665505,795.1388560778296,826.3718872070312,901549.0,0,1
2021-09-09,827.3064185242799,907.9220797573596,826.3718748898526,898.8226928710938,742717.0,1,0
2021-09-10,827.3064185242799,907.9220797573596,826.3718748898526,898.8226928710938,742717.0,0,1
2021-09-13,896.9535651228007,921.7924309075776,890.2642984246751,898.871826171875,576994.0,1,0
2021-09-14,905.0200324722936,936.4498162604432,890.4610265668783,913.037353515625,583813.0,0,1
2021-09-15,911.9061231682653,914.9064495371936,898.1340781581728,904.9217529296876,126278.0,0,1
2021-09-16,905.0692198828324,909.3484267774048,860.5560056628743,869.065185546875,309940.0,0,1
2021-09-17,870.5898983924342,871.5736157917477,813.2391860207271,845.1608276367188,3236651.0,1,0
2021-09-20,845.160891343208,863.7039417014662,822.3878078159746,836.3074340820312,136301.0,0,1
2021-09-21,826.3226716792159,851.7517441661378,804.6808874209507,841.6686401367188,211559.0,0,1
2021-09-22,853.7684387373831,860.7528089419718,832.1758276933685,836.2090454101562,68263.0,0,1
2021-09-23,839.1108841637654,864.6875347947828,828.289993512181,860.8510131835938,135800.0,0,1
2021-09-24,863.7038822892133,863.7038822892133,840.242246177508,858.2442626953125,75084.0,0,1
2021-09-27,858.2442840391905,866.9009854172149,844.1279028901415,861.4905395507812,125759.0,0,1
2021-09-28,867.4420965602123,867.6388520723542,836.2582391883436,851.6534423828125,626467.0,0,1
2021-09-29,849.3416763733777,865.671362142712,843.291789996409,855.73583984375,107697.0,0,1
2021-09-30,851.0139799605959,884.3620270205126,851.0139799605959,873.0984497070312,966932.0,0,1
2021-10-01,869.5570778570138,877.5251654230009,852.5387774729729,858.68701171875,322798.0,0,1
2021-10-04,863.6056098006674,881.4108723802003,853.3257500062665,878.9024047851562,152859.0,0,1
2021-10-05,875.5084363045735,878.0660773828591,860.7526761421369,865.3761596679688,163804.0,0,1
2021-10-06,870.5408806334832,876.492359958262,845.0133975355185,852.9323120117188,69037.0,0,1
2021-10-07,860.7529072887702,867.6389305470803,850.91573120547,854.1619873046875,60598.0,0,1
2021-10-08,862.031581614079,870.5899353597837,854.0634943578336,856.7195434570312,47958.0,0,1
2021-10-11,861.0478678614512,875.4101785876171,855.8341774096391,869.6553955078125,321330.0,0,1
2021-10-12,873.934707210701,906.9875933194672,871.180250000508,879.3451538085938,160183.0,0,1
2021-10-13,887.0180258434013,900.1014557603921,875.705275306522,887.0671997070312,200064.0,0,1
2021-10-14,895.8715248176359,903.544509185684,866.5567557984336,868.7208862304688,112383.0,0,1
2021-10-15,895.8715248176359,903.544509185684,866.5567557984336,868.7208862304688,112383.0,0,1
2021-10-18,868.7209107225328,895.18293580858,868.7209107225328,884.7555541992188,123856.0,0,1
2021-10-19,889.2806020435474,895.9698689002067,836.2090319819042,861.8840942382812,98755.0,0,1
2021-10-20,861.7364509733306,861.7364509733306,811.5668630741984,822.0926513671875,207061.0,0,1
2021-10-21,816.4854616698677,875.5085070917859,816.4854616698677,869.7537841796875,382955.0,0,1
2021-10-22,874.3281283297512,874.3281283297512,819.338354448065,831.192138671875,119992.0,0,1
2021-10-25,830.2575202317164,870.5899353140628,811.5668888520925,832.17578125,109803.0,0,1
2021-10-26,830.6510304546874,865.6713473064549,823.7650083738406,853.5224609375,46680.0,0,1
2021-10-27,858.5394528776618,861.3922576599948,837.1927710012217,846.6856689453125,102924.0,0,1
2021-10-28,841.3735566990795,850.817280622394,816.4855162248336,832.274169921875,79150.0,0,1
2021-10-29,828.4868990341798,839.7504765333629,817.4692509125276,825.6340942382812,72847.0,0,1
2021-11-01,825.6340189679777,850.9155686815842,801.9756270146377,820.3711547851562,224991.0,0,1
2021-11-02,813.5344200667864,845.9970994648564,810.6324412638395,841.127685546875,114935.0,0,1
2021-11-03,845.0133131339679,845.0133131339679,816.5838540189743,821.50244140625,123973.0,0,1
2021-11-04,831.9298869201981,841.0784474987566,827.1588211054827,834.4383544921875,13253.0,0,1
2021-11-05,831.9298869201981,841.0784474987566,827.1588211054827,834.4383544921875,13253.0,0,1
2021-11-08,837.0452494308972,869.6062748458,816.4855295497896,862.2283935546875,214354.0,0,1
2021-11-09,863.703912038265,874.918314867146,829.3229755132103,844.3738403320312,305535.0,0,1
2021-11-10,853.8668483305779,870.0490143193076,832.8645022873761,857.9984741210938,181018.0,0,1
2021-11-11,857.9984564730149,909.9387309446092,847.3250850636089,895.87158203125,224449.0,0,1
2021-11-12,904.7250128377516,904.7250128377516,876.4923080777077,901.18359375,448984.0,0,1
2021-11-15,901.0851887317764,920.4644346025092,879.6893340866715,910.92236328125,768490.0,0,1
2021-11-16,909.9386945303554,909.9386945303554,875.508581764342,887.3623657226562,89252.0,0,1
2021-11-17,883.3782547546191,904.3805979307429,881.5091676155481,898.675048828125,98486.0,0,1
2021-11-18,895.1828815739005,902.2656592385792,873.0492388976228,888.9854736328125,100258.0,0,1
2021-11-19,895.1828815739005,902.2656592385792,873.0492388976228,888.9854736328125,100258.0,0,1
2021-11-22,887.3131273616395,889.2805622338383,871.5736483840495,880.6730346679688,159031.0,0,1
2021-11-23,882.8864692370853,894.6419055432757,865.6714127338552,888.2477416992188,342771.0,0,1
2021-11-24,905.0201300047912,975.8477923529922,896.166672211266,965.5679321289062,2070446.0,1,0
2021-11-25,977.8152208836718,993.7514568137888,936.5974325260584,945.9427490234376,575268.0,1,0
2021-11-26,944.368816784062,972.2571843881756,887.3132007700251,901.18359375,441562.0,0,1
2021-11-29,884.9522365875803,901.380330801374,865.6713976563209,879.7877197265625,268267.0,1,0
2021-11-30,877.820293527219,918.1035374550464,867.4420858346022,902.757568359375,1054420.0,0,1
2021-12-01,882.3945874389804,895.0845670608303,870.5899775735759,875.4102172851562,187825.0,0,1
2021-12-02,883.7225681337914,901.0852055542978,875.8528283472909,882.6405029296875,239014.0,0,1
2021-12-03,880.525522654759,900.0523513300286,876.5414787318275,894.3468017578125,161575.0,0,1
2021-12-06,901.9705080016564,913.4799535476247,890.7561056260494,903.2493286132812,169358.0,0,1
2021-12-07,909.7419578277668,929.6130639003628,898.5767879022244,911.955322265625,274400.0,0,1
2021-12-08,910.430605617996,937.8271157629464,868.622609141751,882.6897583007812,466653.0,0,1
2021-12-09,892.2318298706689,892.2318298706689,870.2949402183931,879.3451538085938,850415.0,0,1
2021-12-10,874.6232085656226,896.8060863082165,873.5411433280407,886.7721557617188,98580.0,0,1
2021-12-13,891.9366570016508,898.970201005188,875.4102152370205,878.3121337890625,85918.0,0,1
2021-12-14,884.3620192893717,893.3138243891088,855.834212215521,881.214111328125,503910.0,0,1
2021-12-15,881.4107658711357,933.351031137416,874.5247442627674,917.7099609375,354396.0,0,1
2021-12-16,926.6619066618616,944.3688220757824,886.3294882190417,895.6748046875,311658.0,0,1
2021-12-17,897.1012187890713,906.9875680156788,880.4763684173618,891.1989135742188,118431.0,0,1
2021-12-20,872.5574219348798,899.3637237925184,837.2419396912117,873.8362426757812,268073.0,0,1
2021-12-21,869.1143340531299,890.2150845621796,866.0648340905345,877.5742797851562,125649.0,0,1
2021-12-22,877.4759848457614,917.2673685883486,877.4759848457614,910.2337646484376,100745.0,0,1
2021-12-23,913.3815964900668,922.8744933188062,882.0502216393902,908.0203247070312,248715.0,0,1
2021-12-24,914.5620504916692,916.4803113705872,895.773012708196,899.11767578125,79073.0,0,1
2021-12-27,903.9380828381184,925.6782167277216,895.5272497327478,906.0530395507812,147074.0,0,1
2021-12-28,910.1353674887424,917.7100036184988,900.1014378130492,902.7083129882812,57170.0,0,1
2021-12-29,902.7083694835574,964.0431303412817,899.2653583037671,957.747314453125,506381.0,0,1
2021-12-30,959.1245852339382,967.8304612987512,917.80844925463,923.7107543945312,139562.0,0,1
2021-12-31,929.022784716826,972.896559013748,921.841599291634,965.666259765625,222740.0,0,1
2022-01-03,990.406692819981,1018.1475362507342,984.701143755541,989.7180786132812,498016.0,1,0
2022-01-04,995.5221064694168,995.9156174845616,944.36879665083,969.4044189453124,334590.0,0,1
2022-01-05,969.4043556691744,992.5217153282453,957.009479997375,966.0596923828124,159824.0,0,1
2022-01-06,959.12449811931,987.652303704397,954.4518403079594,984.6519775390624,187095.0,0,1
2022-01-07,975.8477116017208,993.554625723526,949.9267807788392,971.912841796875,332016.0,0,1
2022-01-10,975.946157103921,987.6524199626496,957.9933118207354,983.7667236328124,126183.0,0,1
2022-01-11,983.7175080914471,983.7175080914471,964.5841905507982,971.1751098632812,291976.0,0,1
2022-01-12,975.6509829058064,1017.0655247643356,956.6160737184877,972.847412109375,693872.0,0,1
2022-01-13,975.847648413992,991.2920234062324,964.2889691107011,980.7662353515624,114331.0,0,1
2022-01-14,977.8150644759944,986.570173073856,954.2058476274794,956.7634887695312,505081.0,0,1
2022-01-17,957.157041495072,975.8476723156336,938.7123400274128,944.663818359375,172611.0,0,1
2022-01-18,948.3036511739364,960.7968751841868,921.6941053354687,926.8094482421876,276351.0,0,1
2022-01-19,926.9570434694998,936.4007680569644,910.184671103478,916.2345581054688,659313.0,0,1
2022-01-20,918.6937559867838,929.0227892726684,907.036668110762,914.1194458007812,295659.0,0,1
2022-01-21,888.2969812915816,898.0358094219522,864.3926559295479,873.2952880859375,487129.0,0,1
2022-01-24,859.326376304166,863.7039310151894,828.290102408644,837.88134765625,346127.0,0,1
2022-01-25,821.5023660847983,852.8338008938554,811.5176706289097,831.4871215820312,174754.0,0,1
2022-01-26,821.5023660847983,852.8338008938554,811.5176706289097,831.4871215820312,174754.0,0,1
2022-01-27,828.2901381340538,830.7002580264434,798.8769607562208,815.45263671875,219985.0,0,1
2022-01-28,817.1249474581567,849.9319013466043,815.55096346789,840.0947265625,163939.0,0,1
2022-01-31,840.6849876844021,879.4434828699318,832.3726224845425,867.245361328125,185850.0,0,1
2022-02-01,874.7216171357787,877.9678728928263,853.2273536345439,865.2778930664062,116115.0,0,1
2022-02-02,865.277834782283,885.2965206781194,857.801606267136,865.572998046875,128462.0,0,1
2022-02-03,868.6716743413994,870.7375169924854,849.5383581040362,856.7195434570312,73406.0,0,1
2022-02-04,863.7530952614537,897.1503147087155,856.7195515163423,888.6903686523438,235183.0,0,1
2022-02-07,888.690347286967,890.2642711531299,851.2598511683905,873.2459716796875,185017.0,0,1
2022-02-08,859.3264754855469,875.0167828123762,843.0951355008317,849.5877075195312,129770.0,0,1
2022-02-09,854.8504465310564,863.7039033996174,830.3066846482762,855.2439575195312,119004.0,0,1
2022-02-10,855.9818180921094,866.3108519802821,837.1436036985679,857.0147094726562,177341.0,0,1
2022-02-11,855.834172520832,858.04753676011,828.6835952022275,844.3738403320312,148886.0,0,1
2022-02-14,815.5018520962003,839.2094211261222,802.2216651199655,821.7976684570312,218011.0,0,1
2022-02-15,816.583888975284,839.7996584618556,814.9607910928114,826.8145751953125,431235.0,0,1
2022-02-16,836.1599115476643,857.9000452313619,833.2087589186724,851.70263671875,108204.0,0,1
2022-02-17,847.9644709394466,853.9159497074917,836.2090350010996,846.9315795898438,86174.0,0,1
2022-02-18,838.2255682262866,864.5892424442089,838.2255682262866,856.9161987304688,319561.0,0,1
2022-02-21,847.4563477445356,863.8635208605806,836.2719188409911,852.4326782226562,811878.0,0,1
2022-02-22,832.6751476068481,852.7776249324846,816.5636466194057,840.706298828125,275916.0,0,1
2022-02-23,833.0198984043027,866.3762063021537,833.0198984043027,841.6422729492188,122422.0,0,1
2022-02-24,798.1856489741828,839.0803458043415,796.2148202112835,817.6475830078125,201347.0,0,1
2022-02-25,826.1221158849689,859.3798509873416,826.1221158849689,857.014892578125,131297.0,0,1
2022-02-28,842.5292269681704,847.6041346739568,780.7437382948548,792.8150634765625,577587.0,1,0
2022-03-01,842.5292269681704,847.6041346739568,780.7437382948548,792.8150634765625,577587.0,0,1
2022-03-02,779.4627143443009,782.3696985696378,751.5755015743667,775.5210571289062,360204.0,1,0
2022-03-03,787.346036879743,787.3952955664593,741.9677197493869,755.2708129882812,379289.0,0,1
2022-03-04,742.0171001727764,748.1266819508603,698.2646733954549,704.5713500976562,1679899.0,1,0
2022-03-07,684.5180317080831,707.5274303502264,675.9941744014698,699.447021484375,890612.0,1,0
2022-03-08,699.6442393140201,735.1191584905056,693.1405281896336,731.9658203125,216545.0,0,1
2022-03-09,744.9732220718089,778.2802138867768,714.4253783096051,768.6724243164062,177438.0,0,1
2022-03-10,787.3461301914807,794.2440312069255,748.5700963983429,766.3075561523438,176167.0,0,1
2022-03-11,763.7946024310563,785.2766823589626,750.9842164881363,768.8202514648438,106545.0,0,1
2022-03-14,770.4955024352852,800.1564502396495,763.1541535167875,794.1454467773438,100040.0,0,1
2022-03-15,802.2750921417904,802.2750921417904,775.619586687937,789.7110595703125,187821.0,0,1
2022-03-16,804.0981096307853,804.0981096307853,761.2325854041442,767.2929077148438,150331.0,0,1
2022-03-17,784.981095718263,787.3461143625525,758.8183551360763,764.63232421875,146659.0,0,1
2022-03-18,784.981095718263,787.3461143625525,758.8183551360763,764.63232421875,146659.0,0,1
2022-03-21,772.5648453318126,797.2002039201996,763.6961162399933,768.3275756835938,114141.0,0,1
2022-03-22,771.5794131367289,780.448142023358,734.9712470633988,752.3145751953125,369328.0,0,1
2022-03-23,763.2034502435836,763.2034502435836,747.9295270947449,750.4423217773438,74741.0,0,1
2022-03-24,748.9148492463596,759.705147590142,744.7268385762319,752.8565063476562,74673.0,0,1
2022-03-25,753.8419290140972,757.0445254445492,739.0607147197031,749.8510131835938,90278.0,0,1
2022-03-28,745.0717971930497,761.7253244637444,732.2614101063374,756.2562866210938,229717.0,0,1
2022-03-29,756.7981344459126,773.5009178015333,748.96407922833,757.1430053710938,111137.0,0,1
2022-03-30,760.9370011114038,781.4336083169629,758.030016642905,771.6287231445312,178887.0,0,1
2022-03-31,765.7654879150982,791.2877443242469,765.7654879150982,786.1143188476562,192989.0,0,1
2022-04-01,786.1143276790667,793.2585819889047,775.0284158189734,776.4080200195312,103509.0,0,1
2022-04-04,782.2218598355124,812.6711857838956,779.2163582474803,790.8934936523438,204358.0,0,1
2022-04-05,796.2147962763486,811.9814259055833,789.8588616780796,800.7969970703125,301629.0,0,1
2022-04-06,810.9960648208582,810.9960648208582,791.337035181696,797.1017456054688,293943.0,0,1
2022-04-07,795.2294775879824,795.9685384407593,768.6232868880127,786.8534545898438,206022.0,0,1
2022-04-08,793.1600487686563,796.1655505617218,781.4828524222663,794.835205078125,306710.0,0,1
2022-04-11,800.1563704754367,800.1563704754367,783.4043282364189,786.7547607421875,56219.0,0,1
2022-04-12,786.3607427088989,786.3607427088989,757.7837232370216,766.8495483398438,140664.0,0,1
2022-04-13,773.0574644519912,773.4516542024744,760.9861401186109,763.9423828125,190482.0,0,1
2022-04-14,773.0574644519912,773.4516542024744,760.9861401186109,763.9423828125,190482.0,0,1
2022-04-15,773.0574644519912,773.4516542024744,760.9861401186109,763.9423828125,190482.0,0,1
2022-04-18,762.7107391257756,768.0320008985751,748.2251355397515,754.334716796875,66634.0,0,1
2022-04-19,756.7981702302632,762.5135610493733,743.0023702521073,748.9148559570312,55518.0,0,1
2022-04-20,749.9003515427115,762.3165488112057,725.9055351800953,729.4530029296875,335658.0,0,1
2022-04-21,737.5826070141333,748.9148715173565,731.4237676102076,736.2030029296875,373679.0,0,1
2022-04-22,733.2961077127712,743.9878292808936,719.6973416576626,727.1372680664062,292665.0,0,1
2022-04-25,733.8381448266863,740.7853045933557,716.396297225633,720.2886962890625,143468.0,0,1
2022-04-26,727.7285125335854,733.3946451633325,720.2886460661192,725.856201171875,102592.0,0,1
2022-04-27,725.8561185412123,747.584551050724,716.1498121557864,740.5880737304688,167603.0,0,1
2022-04-28,747.929545015432,768.9681188310852,738.8144616275628,765.4699096679688,122907.0,0,1
2022-04-29,775.5211014424466,775.5211014424466,738.370968035597,755.6649780273438,290905.0,0,1
2022-05-02,763.3019924937481,766.6031669171963,740.0462360319389,751.9697265625,81230.0,0,1
2022-05-03,763.3019924937481,766.6031669171963,740.0462360319389,751.9697265625,81230.0,0,1
2022-05-04,752.8565537541023,762.661438439962,741.7706424586394,748.2743530273438,87592.0,0,1
2022-05-05,760.7398696952556,763.1541468547488,740.4403583701629,744.4312744140625,72260.0,0,1
2022-05-06,739.0606972204115,739.8982752859625,711.8632876206658,726.1517944335938,127658.0,0,1
2022-05-09,719.3525197246288,724.2795917775371,705.2118469907506,721.5697021484375,48509.0,0,1
2022-05-10,710.4837010556524,774.5356297222507,701.6149724710465,733.5424194335938,144090.0,1,0
2022-05-11,753.8420544684649,753.9898906939776,706.837773160858,712.50390625,125004.0,0,1
2022-05-12,708.5129180418055,756.7982212185071,675.0580888118213,724.1810302734375,149641.0,0,1
2022-05-13,727.2357611372241,733.1482470001283,706.5913193036001,719.8451538085938,99174.0,0,1
2022-05-16,710.4836829295126,718.4655143940563,693.7808991589832,715.6078491210938,154020.0,0,1
2022-05-17,722.3087838602324,728.6154603284416,712.0111909426536,720.2886962890625,171065.0,0,1
2022-05-18,719.352500881362,720.0423029796845,691.8101567980846,715.1644897460938,294650.0,0,1
2022-05-19,703.5858663468596,713.8341999426532,697.6733800750371,698.9544067382812,467984.0,0,1
2022-05-20,707.5274835020558,711.6662356852296,691.2188884948846,702.4525756835938,565011.0,0,1
2022-05-23,704.5712410195902,734.1336707127199,700.7281011015165,728.3197021484375,80848.0,0,1
2022-05-24,729.6993528441562,729.9949651309765,700.8759820532156,702.698974609375,147290.0,0,1
2022-05-25,706.4927658143878,706.4927658143878,685.3063592220366,694.5199584960938,196894.0,0,1
2022-05-26,693.731722972973,700.7774598423854,680.2315339486341,683.6312255859375,117525.0,0,1
2022-05-27,691.7609998524617,691.7609998524617,680.2316378259347,684.8630981445312,502101.0,0,1
2022-05-30,691.7608416473838,709.498299125522,686.4888991771259,697.8704223632812,51032.0,0,1
2022-05-31,699.6441773223347,719.155369111636,698.6587629880779,709.9910278320312,59857.0,0,1
2022-06-01,710.0403427340718,721.9638932095245,700.1369399197163,704.324951171875,30088.0,0,1
2022-06-02,704.5712044710041,705.507360058375,687.819161847218,689.5928955078125,61523.0,0,1
2022-06-03,692.3028072570761,693.7316700268817,684.8629412907427,687.3264770507812,86950.0,0,1
2022-06-06,684.5180755747945,687.7699307739197,673.4814232564735,682.4486694335938,146821.0,0,1
2022-06-07,677.7679494689556,682.9413745894328,668.1601599594981,674.8117065429688,91097.0,0,1
2022-06-08,675.9942208044854,679.8373606950141,655.9410635310071,661.3115234375,94546.0,0,1
2022-06-09,658.5524008407826,658.5524008407826,645.6927555482785,654.2166137695312,183563.0,0,1
2022-06-10,650.3734259157121,696.6386384700627,648.8460458080748,683.7296752929688,181653.0,0,1
2022-06-13,679.9359360624456,691.7609088635317,659.2914923515652,680.5271606445312,186840.0,0,1
2022-06-14,679.8373419056911,688.6074929891215,673.9741148583084,684.6165771484375,50213.0,0,1
2022-06-15,684.8630250476132,693.1405302716256,679.9359529249684,683.1385498046875,40551.0,0,1
2022-06-16,689.5929403214849,692.9926318097556,673.0379915052442,686.9816284179688,61257.0,0,1
2022-06-17,682.8921209973435,685.2078205820085,665.2531806827354,673.7770385742188,91601.0,0,1
2022-06-20,674.9595526452227,674.9595526452227,642.4901386696664,653.5760498046875,47554.0,0,1
2022-06-21,655.3005304763752,658.995834219663,643.9682656636259,655.3990478515625,70176.0,0,1
2022-06-22,655.3990803974829,655.497657922483,645.5942554276703,652.98486328125,54046.0,0,1
2022-06-23,653.3297243044808,667.9138448844054,653.231206925902,659.8334350585938,33067.0,0,1
2022-06-24,660.2276033311304,673.3828606231194,656.3844633731761,670.7222900390625,73221.0,0,1
2022-06-27,676.4870028010386,776.5065669442365,665.9923151162213,740.5389404296875,827907.0,1,0
2022-06-28,721.3232640983388,753.2507113213134,707.0840155034799,745.9093627929688,487233.0,1,0
2022-06-29,737.0899465834639,742.0170184189149,724.4273960243229,732.6063232421875,87672.0,0,1
2022-06-30,733.1482462077579,739.9476290007158,696.6879167592538,706.4435424804688,104839.0,0,1
2022-07-01,704.5712422671794,711.0256940659582,688.1640697004733,701.4671630859375,117136.0,0,1
2022-07-04,701.4671533363405,734.8727225423959,697.574814923219,724.6243896484375,248506.0,0,1
2022-07-05,724.6244856799769,741.0316601930182,720.8799228303268,735.5626220703125,80197.0,0,1
2022-07-06,735.5625837514045,747.2397202198084,726.6938542377039,738.0753784179688,80608.0,0,1
2022-07-07,749.1613259942766,786.8534282228607,741.1794931097226,756.6504516601562,370903.0,0,1
2022-07-08,750.2452190644211,777.4919509076842,750.2452190644211,764.9279174804688,183085.0,0,1
2022-07-11,778.4773246280693,795.2293683225973,775.5210816231526,787.5924072265625,326477.0,0,1
2022-07-12,783.3551426447632,786.3113856686607,765.7162018775407,769.31298828125,107688.0,0,1
2022-07-13,773.1067987627492,780.5959837401683,753.891219372731,757.980712890625,165375.0,0,1
2022-07-14,762.2178961021756,772.5647453705309,717.7757390170136,754.5316772460938,600555.0,0,1
2022-07-15,748.9150152775088,759.606738477118,737.2871362798172,755.0245971679688,72991.0,0,1
2022-07-18,759.7543846069104,778.4772553040976,735.1190284264011,743.5935668945312,213234.0,0,1
2022-07-19,750.8857145516231,759.6559260892611,740.0461569924789,756.1083984375,130454.0,0,1
2022-07-20,758.7689971474578,773.4516940073679,745.0717145695572,747.9786987304688,132557.0,0,1
2022-07-21,752.0791262056473,781.8678252985382,751.7332838095484,778.2615966796875,269494.0,0,1
2022-07-22,781.4231690269266,787.4500524587252,766.8992977802884,780.830322265625,170025.0,0,1
2022-07-25,773.123845961733,789.4261379213094,770.7031905493966,780.8797607421875,139897.0,0,1
2022-07-26,786.3632946437265,786.3632946437265,772.9756068535269,783.3497924804688,87146.0,0,1
2022-07-27,785.4740307470097,798.3182601806086,771.6417836646724,774.0624389648438,112706.0,0,1
2022-07-28,778.4591351400712,791.3527534877262,768.6777362259539,786.1162719726562,112403.0,0,1
2022-07-29,789.1297035841872,803.258343819387,774.605832170233,791.79736328125,205109.0,0,1
2022-08-01,805.2344462397415,851.6712793357756,782.75704298581,840.60546875,768391.0,0,1
2022-08-02,835.8629192349479,845.2984755887173,820.1040258954654,834.232666015625,291856.0,0,1
2022-08-03,834.7760870484286,860.0693132653226,820.103989634679,853.9929809570312,519272.0,0,1
2022-08-04,859.5753060996507,873.9015612013116,827.3165075595601,853.4495849609375,481757.0,0,1
2022-08-05,846.731118160337,858.2909366183875,830.2312114983174,834.4796752929688,122743.0,0,1
2022-08-08,832.8988559422799,842.9272589342833,815.114538733548,829.9841918945312,180311.0,0,1
2022-08-09,832.8988559422799,842.9272589342833,815.114538733548,829.9841918945312,180311.0,0,1
2022-08-10,834.3808908596186,834.3808908596186,800.3436713505275,824.8464965820312,352899.0,0,1
2022-08-11,834.7266422875834,837.4931398008503,821.6848582567351,831.960205078125,101332.0,0,1
2022-08-12,836.3569270830968,840.8030064355764,827.8599995532157,836.6533203125,138977.0,0,1
2022-08-15,836.3569270830968,840.8030064355764,827.8599995532157,836.6533203125,138977.0,0,1
2022-08-16,835.8629403816994,853.0544717876706,830.9228520815712,834.6773071289062,64092.0,0,1
2022-08-17,842.4332708913411,842.4332708913411,824.9947352991225,828.5515747070312,145323.0,0,1
2022-08-18,828.8975000591461,829.8855178051363,815.1146404418209,819.0667114257812,87379.0,0,1
2022-08-19,822.0307245865317,823.3151355329353,793.4769889979978,799.652099609375,114598.0,0,1
2022-08-22,796.1446550014605,801.924594760709,782.5100227268317,795.6012573242188,142741.0,0,1
2022-08-23,791.5008799801074,815.1145248830927,790.4140847351201,808.8406372070312,86861.0,0,1
2022-08-24,811.7058535230186,828.7491572553785,811.6564647033969,816.3495483398438,75683.0,0,1
2022-08-25,823.5126986328722,823.5126986328722,805.2343723884713,808.1984252929688,37716.0,0,1
2022-08-26,812.1504673061548,817.0905553068006,799.1580117429332,802.4185180664062,61260.0,0,1
2022-08-29,788.3886044341857,810.2237678450314,784.4859231085899,809.6309814453125,178457.0,0,1
2022-08-30,813.2867904356734,840.0620458708668,813.2867904356734,833.7387084960938,176653.0,0,1
2022-08-31,813.2867904356734,840.0620458708668,813.2867904356734,833.7387084960938,176653.0,0,1
2022-09-01,829.6383845070075,844.755041611933,823.4632745537039,837.3449096679688,163710.0,0,1
2022-09-02,830.2312477514951,854.1412877635331,826.378014966429,851.2266235351562,131498.0,0,1
2022-09-05,859.5753725574502,861.1561767072951,841.5934389098537,843.76708984375,68280.0,0,1
2022-09-06,837.9871265779998,854.4375829452651,837.9871265779998,846.2864379882812,54560.0,0,1
2022-09-07,845.2985385135353,853.3015181353098,835.9123702820399,837.9872436523438,36282.0,0,1
2022-09-08,840.8030166411424,861.551387204555,827.9587872447444,830.9722290039062,137830.0,0,1
2022-09-09,839.5185647137565,878.2982554182759,836.2086695796207,868.4674682617188,760126.0,0,1
2022-09-12,873.3088051071983,907.395413257448,861.1067512247503,895.193359375,775871.0,0,1
2022-09-13,890.6977897744728,923.796376527046,874.3955007769366,917.1272583007812,426411.0,0,1
2022-09-14,904.2831371815126,943.5568380315156,898.1574158057816,920.1408081054688,505250.0,0,1
2022-09-15,924.7351243986216,924.7351243986216,901.0227009827246,914.459716796875,91423.0,0,1
2022-09-16,912.5825673428352,913.3729694374092,845.7431462106218,865.9481201171875,292945.0,1,0
2022-09-19,859.5753653928296,883.2877892657352,834.924312680859,840.3090209960938,315070.0,0,1
2022-09-20,849.5963468767072,857.1546452322492,839.8149486474084,849.4481201171875,146552.0,0,1
2022-09-21,849.6951605616224,852.7579910886344,823.0186845905017,828.35400390625,194947.0,0,1
2022-09-22,828.3540426413441,838.8270058722878,818.3750279439677,832.207275390625,157931.0,0,1
2022-09-23,836.3569612178904,838.5306121619128,811.2612881714575,828.4528198242188,111091.0,0,1
2022-09-26,815.6085369485824,820.0546161930023,798.2688399561067,811.5082397460938,147730.0,0,1
2022-09-27,811.5083515474302,829.9349066316722,792.2914546309769,819.0667114257812,79373.0,0,1
2022-09-28,809.1863766070245,836.3568593380296,799.8002098454045,828.8973388671875,297748.0,0,1
2022-09-29,839.8149625374261,842.9272421083531,830.7251885292005,840.2595825195312,74832.0,0,1
2022-09-30,840.2596918284266,895.1440647533694,830.4289033390805,885.6591186523438,172949.0,0,1
2022-10-03,887.2398032567874,888.4254364354869,849.6951345220904,878.3970336914062,159492.0,0,1
2022-10-04,885.2638477303315,893.9583913169203,868.6157738225534,869.9989624023438,90580.0,0,1
2022-10-05,885.2638477303315,893.9583913169203,868.6157738225534,869.9989624023438,90580.0,0,1
2022-10-06,873.8028680766312,883.2878137673727,869.7025705466776,879.3851318359375,70674.0,0,1
2022-10-07,879.3850663845247,893.0691465378987,864.515413335909,889.067626953125,42208.0,0,1
2022-10-10,884.2757941929887,894.1559706644188,875.3836353687017,884.9180297851562,69248.0,0,1
2022-10-11,884.6710514985532,912.8295552736764,864.5154667800975,867.6277465820312,121876.0,0,1
2022-10-12,871.4315731720963,876.915059105784,851.2759888547542,869.8507690429688,90053.0,0,1
2022-10-13,873.4075584948297,882.7937256958488,857.5498880738697,877.8536376953125,85479.0,0,1
2022-10-14,881.3117725021322,885.2638432308413,866.0962760750767,873.5064086914062,68166.0,0,1
2022-10-17,870.7893066737499,874.9389927452229,863.5274012765296,868.912109375,41970.0,0,1
2022-10-18,871.4315948051109,874.3956478486657,862.8852177413357,865.9974975585938,115791.0,0,1
2022-10-19,869.3073560764859,869.3073560764859,842.0380914630399,849.7940063476562,149546.0,0,1
2022-10-20,849.5963090009953,853.6965456204913,830.6757489387337,836.4556274414062,94668.0,0,1
2022-10-21,837.8390053214961,844.2117315147161,832.0096767997383,839.913818359375,51233.0,0,1
2022-10-24,844.3599002291463,846.6323891766287,834.8749544539176,841.2476806640625,7200.0,0,1
2022-10-25,842.3343872261745,863.5273766662157,831.0215737205293,841.099365234375,59754.0,0,1
2022-10-26,842.3343872261745,863.5273766662157,831.0215737205293,841.099365234375,59754.0,0,1
2022-10-27,845.7432058766025,863.5275256263442,841.1983482843071,848.5096435546875,70234.0,0,1
2022-10-28,852.6592516336308,852.6592516336308,833.7386890778251,848.8554077148438,72733.0,0,1
2022-10-31,848.707178155987,856.1173106777215,827.4154094376325,835.7147216796875,254786.0,0,1
2022-11-01,836.3569382403679,849.6951764757429,825.2417397108886,828.5515747070312,72667.0,0,1
2022-11-02,829.6877327655809,841.3957165431623,824.1054095191698,829.7371215820312,71100.0,0,1
2022-11-03,829.9347818084501,836.900293809295,821.2402390121708,833.8374633789062,45494.0,0,1
2022-11-04,838.036684730584,838.036684730584,825.6370737755423,833.1953735351562,27824.0,0,1
2022-11-07,833.1953575897448,838.8764596595781,821.2403669208402,831.1205444335938,49748.0,0,1
2022-11-08,833.1953575897448,838.8764596595781,821.2403669208402,831.1205444335938,49748.0,0,1
2022-11-09,837.8389627989931,837.8389627989931,802.3691052287847,807.358642578125,214870.0,0,1
2022-11-10,811.1131485288512,811.1131485288512,782.1642417778535,793.1806030273438,86521.0,0,1
2022-11-11,797.1820059240396,803.1101117433038,791.4021268717812,797.7254638671875,22142.0,0,1
2022-11-14,801.2823275888361,802.7643540886921,778.7061480292207,790.9081420898438,97011.0,0,1
2022-11-15,794.8603102650493,805.1851082080628,788.1911901975675,801.4800415039062,114739.0,0,1
2022-11-16,804.2463411568552,809.1370404273548,791.4021121211807,803.1595458984375,138614.0,0,1
2022-11-17,803.1596411048267,803.1596411048267,787.3019082110388,793.0818481445312,343218.0,0,1
2022-11-18,787.4500995904896,798.2195165420483,780.5339757546885,791.8961791992188,376039.0,0,1
2022-11-21,795.8482444172673,805.2838012381743,787.0054740852016,797.8242797851562,221520.0,0,1
2022-11-22,801.825748149503,801.825748149503,789.2285225408765,792.6865844726562,29249.0,0,1
2022-11-23,796.3422370970719,820.0546610304834,791.1551443616381,815.6085815429688,105590.0,0,1
2022-11-24,819.7088832430308,824.9453648281959,807.4080512026832,813.9783325195312,50321.0,0,1
2022-11-25,818.0786507726806,824.0067569377,805.2344207484717,810.6685180664062,81338.0,0,1
2022-11-28,810.1745432930896,838.6294420211567,807.3092677379653,831.7133178710938,105383.0,0,1
2022-11-29,839.8149842760222,848.7071429330624,825.0934974889536,828.35400390625,81352.0,0,1
2022-11-30,826.9707264463998,848.7071135214545,823.0186560691171,842.9766235351562,40446.0,0,1
2022-12-01,851.078414365448,851.078414365448,825.1429514633085,828.6010131835938,31419.0,0,1
2022-12-02,828.0575753555413,858.9825763054663,824.5501247291022,851.325439453125,50729.0,0,1
2022-12-05,851.3254041755345,853.6472214549588,834.8748867238891,839.666748046875,69403.0,0,1
2022-12-06,842.0874841404914,842.2850997437163,831.5156825580183,838.7776489257812,24760.0,0,1
2022-12-07,834.8749232374902,846.4841307499642,825.9827642917654,828.502197265625,38384.0,0,1
2022-12-08,826.9707340090188,832.651835228316,823.0186635955945,827.9093627929688,24321.0,0,1
2022-12-09,829.9348111712814,853.6472343476037,827.9093870857326,845.2490844726562,249683.0,0,1
2022-12-12,845.7431376009921,858.8837607389364,836.8509784439724,849.3494262695312,126184.0,0,1
2022-12-13,853.5484777081166,876.3716614553847,845.7431140989959,869.8507690429688,260628.0,0,1
2022-12-14,878.3477194556003,887.8326650829767,869.4555603160048,873.5064086914062,281567.0,0,1
2022-12-15,873.5063485940027,876.3222349767625,865.6516568041485,869.20849609375,52664.0,0,1
2022-12-16,869.2085677767861,894.1560145927723,859.77301084378,875.3342895507812,244165.0,0,1
2022-12-19,879.7309446820005,895.1439959880851,868.2205148725494,892.1305541992188,92362.0,0,1
2022-12-20,894.0572272100551,898.4538576649198,881.2623861295151,888.5242919921875,151296.0,0,1
2022-12-21,893.0196172315184,897.9597048641623,859.5752480800408,873.3087158203125,124469.0,0,1
2022-12-22,865.3552893343517,873.4076578124062,847.7685861133717,868.02294921875,82990.0,0,1
2022-12-23,845.8419245291026,864.1697010135618,819.9559091643437,839.913818359375,77274.0,0,1
2022-12-26,828.0081761657925,874.3956167060451,828.0081761657925,865.058837890625,112090.0,0,1
2022-12-27,868.912156288481,883.2878013981241,859.5753771995168,879.9779663085938,57416.0,0,1
2022-12-28,881.1141210927947,881.1141210927947,852.3134430101944,856.216064453125,91795.0,0,1
2022-12-29,851.6712332430415,870.9375778465674,849.6458090762538,856.90771484375,117366.0,0,1
2022-12-30,858.6368015665904,872.2714342651129,850.7820485031948,864.713134765625,41883.0,0,1
2023-01-02,881.9539573233733,883.0901414101536,861.6995960052329,869.7025146484375,54074.0,0,1
2023-01-03,871.4315071547454,882.6454825867444,867.479436827513,877.656005859375,41100.0,0,1
2023-01-04,871.4315324692536,923.7964658262496,871.4315324692536,919.1527709960938,814526.0,0,1
2023-01-05,923.796488080422,933.676664423528,893.3655570044173,915.299560546875,319265.0,0,1
2023-01-06,908.9762302991908,918.263620252033,878.3476834086745,886.5482177734375,231306.0,0,1
2023-01-09,891.1425415009176,917.8684071732404,884.5721999329965,910.3594970703124,71249.0,0,1
2023-01-10,910.3593972389392,926.1676780831748,905.0734671493644,920.7335815429688,169619.0,0,1
2023-01-11,927.5015604656468,947.9535376945996,904.0361414924812,908.8280029296876,310189.0,0,1
2023-01-12,916.8803721541984,932.7380432540772,905.5675580878698,912.58251953125,178546.0,0,1
2023-01-13,918.5600030317944,918.5600030317944,899.1948212939179,908.333984375,52624.0,0,1
2023-01-16,908.3339125339932,912.236593926118,899.1947501757363,902.208251953125,179197.0,0,1
2023-01-17,904.0361160822224,904.0361160822224,889.3146295239499,893.908935546875,57794.0,0,1
2023-01-18,890.1051565601314,913.9163586476972,889.6605365411076,910.2606811523438,111143.0,0,1
2023-01-19,911.9403123571084,933.5779235215596,906.7532195728452,930.1692504882812,151986.0,0,1
2023-01-20,933.6766756524072,940.9385812304012,893.1679521584931,897.2682495117188,70215.0,0,1
2023-01-23,899.0959816711608,918.5105508914066,892.3774743084451,913.1752319335938,54747.0,0,1
2023-01-24,915.8923256440318,924.78448414543,904.0855031286352,922.9072265625,44199.0,0,1
2023-01-25,922.808506762231,935.2081165000402,911.9403123571084,930.1692504882812,62810.0,0,1
2023-01-26,922.808506762231,935.2081165000402,911.9403123571084,930.1692504882812,62810.0,0,1
2023-01-27,930.169309595046,938.6168491768744,904.5796261117496,926.958251953125,152147.0,0,1
2023-01-30,938.5179079882848,961.3904784082912,933.6765978040744,953.9803466796876,278608.0,0,1
2023-01-31,963.3171834945484,971.0237089017428,942.914595435422,961.2423706054688,195991.0,0,1
2023-02-01,963.3172931978904,980.6076035886218,949.3368181032866,963.7125244140624,156964.0,0,1
2023-02-02,957.389149149134,973.1974323136192,945.7305523760892,961.1929931640624,83159.0,0,1
2023-02-03,955.4130853414237,983.0281912339262,955.4130853414237,979.5701293945312,519903.0,0,1
2023-02-06,992.9577577208815,1007.4816295214422,984.0655986965156,987.0790405273438,100564.0,0,1
2023-02-07,992.0191287878891,1002.8379343273558,987.6718872253095,997.0086059570312,138685.0,0,1
2023-02-08,1001.8498651466488,1001.8498651466488,967.763257308819,995.6253662109376,94104.0,0,1
2023-02-09,997.8978948025396,997.8978948025396,949.5344154639704,956.5493774414062,69296.0,0,1
2023-02-10,952.5415670417036,1011.2219772526104,952.5415670417036,1001.2274780273438,507296.0,0,1
2023-02-13,1010.7766927638196,1010.7766927638196,971.8873577867652,978.4678344726562,97226.0,0,1
2023-02-14,971.0956958297168,984.454632213114,964.8615375969426,974.7075805664062,173398.0,0,1
2023-02-15,969.908323445928,981.6344772664136,954.718681132856,962.0413818359376,50011.0,0,1
2023-02-16,969.7597288914568,978.6162201276464,962.8328736850892,966.7910766601562,84577.0,0,1
2023-02-17,966.7911254385074,974.707531788055,960.952751596761,970.7493286132812,38042.0,0,1
2023-02-20,977.923607752434,996.4776858150276,966.2963854998752,991.03515625,102777.0,0,1
2023-02-21,996.4282390169222,1007.115376101677,969.7598315692886,973.1243286132812,122855.0,0,1
2023-02-22,973.7180763669544,983.6135852731228,955.9061603358516,970.7988891601562,104360.0,0,1
2023-02-23,980.8428394748878,994.9934049092858,967.830221308415,975.5487060546876,137471.0,0,1
2023-02-24,974.0148859220052,977.577305207077,962.8824389012628,967.7312622070312,52252.0,0,1
2023-02-27,967.7806712075916,971.1946335075866,946.3568724764032,957.4893188476562,79652.0,0,1
2023-02-28,957.5882840395068,990.5403123199231,951.0572127747904,968.6712646484376,180397.0,0,1
2023-03-01,967.6817112265082,974.5590406825232,960.8537868315728,964.51513671875,67034.0,0,1
2023-03-02,966.6922568727804,987.5717558075507,962.3382089407246,983.5640869140624,49246.0,0,1
2023-03-03,988.5612666730772,1004.8888551616716,984.603063403115,999.9411010742188,78134.0,0,1
2023-03-06,1019.2373730405736,1034.7732730301727,981.7828976174078,986.7306518554688,244515.0,0,1
2023-03-07,1019.2373730405736,1034.7732730301727,981.7828976174078,986.7306518554688,244515.0,0,1
2023-03-08,979.0615913556624,996.0323514356282,970.8482713501306,986.5821533203124,137700.0,0,1
2023-03-09,992.5195464253442,992.5195464253442,984.1083638285191,989.0066528320312,57544.0,0,1
2023-03-10,984.603076220998,989.5508303728622,969.6608828413234,983.613525390625,45236.0,0,1
2023-03-13,981.6344208982716,998.3083281830012,974.7570305675408,989.3529052734376,61173.0,0,1
2023-03-14,989.352886756188,997.2692932281676,957.8851831095462,962.2886962890624,37853.0,0,1
2023-03-15,968.671371291236,983.1682553056232,964.8615642013764,975.8950805664062,41077.0,0,1
2023-03-16,978.6656854425212,983.3660514747272,956.103940567408,963.0802612304688,57032.0,0,1
2023-03-17,964.2183520679596,974.1138603593084,948.8307883570012,955.95556640625,53638.0,0,1
2023-03-20,942.0524337791828,962.1897699431318,938.0942302759088,947.8908081054688,96449.0,0,1
2023-03-21,952.640625395798,965.207933402478,943.0419699703466,947.69287109375,37267.0,0,1
2023-03-22,950.9583837219242,957.4893952888413,947.1981025046874,950.2656860351562,25125.0,0,1
2023-03-23,947.9402295726976,958.775823239472,935.5213787370546,941.1123046875,151768.0,0,1
2023-03-24,945.0210282211544,946.95066438967,915.8787446431288,926.0711059570312,84940.0,0,1
2023-03-27,920.4802516820364,943.041999936828,914.4934808657983,936.9562377929688,142083.0,0,1
2023-03-28,936.956133067608,936.956133067608,913.7016897082328,930.177734375,49410.0,0,1
2023-03-29,930.1778057382094,962.8329840247636,924.7352760237836,954.669189453125,69833.0,0,1
2023-03-30,930.1778057382094,962.8329840247636,924.7352760237836,954.669189453125,69833.0,0,1
2023-03-31,954.9164944705816,984.3556299218766,949.9687406132208,975.4002075195312,46881.0,0,1
2023-04-03,975.400231755873,991.5298976521744,969.7597801388532,987.2748413085938,35092.0,0,1
2023-04-04,975.400231755873,991.5298976521744,969.7597801388532,987.2748413085938,35092.0,0,1
2023-04-05,992.9153619359672,992.9153619359672,965.3068686480702,981.1891479492188,48943.0,0,1
2023-04-06,986.0874438625016,999.3474497051088,975.8950819612638,988.7097778320312,45254.0,0,1
2023-04-07,986.0874438625016,999.3474497051088,975.8950819612638,988.7097778320312,45254.0,0,1
2023-04-10,998.4073755151002,998.4073755151002,970.84834718421,974.4107666015624,29750.0,0,1
2023-04-11,975.6971162201414,986.5821753260456,971.7389129089034,983.168212890625,46653.0,0,1
2023-04-12,994.4986374476432,994.4986374476432,970.84834718421,974.4107666015624,31973.0,0,1
2023-04-13,973.7180123140294,984.6030713947756,957.7862681820748,976.5382080078124,97952.0,0,1
2023-04-14,973.7180123140294,984.6030713947756,957.7862681820748,976.5382080078124,97952.0,0,1
2023-04-17,980.3480532514046,999.4463728511614,968.7702960606802,988.6107788085938,58653.0,0,1
2023-04-18,988.5612602397682,998.4567683502764,968.7702440187518,981.2880859375,35356.0,0,1
2023-04-19,982.623977756712,992.470020630429,968.5723438402298,971.689453125,26787.0,0,1
2023-04-20,978.5174520789616,1038.8306561498132,965.208039856454,1026.4117431640625,260546.0,0,1
2023-04-21,1033.0911170925094,1067.4284842565016,1005.5816147513252,1046.5985107421875,347504.0,0,1
2023-04-24,1051.8925157544927,1063.7671255278267,1026.5105132050362,1034.130126953125,164980.0,0,1
2023-04-25,1034.129962023229,1057.8296519314802,1021.2658034871118,1050.853271484375,249517.0,0,1
2023-04-26,1050.1606208724386,1061.936297694176,1037.7912378232932,1055.6031494140625,105039.0,0,1
2023-04-27,1053.9705621178368,1081.8759679277296,1039.127299706653,1046.6973876953125,135466.0,0,1
2023-04-28,1049.913364981946,1070.6939311125973,1036.158585146037,1066.0430908203125,68743.0,0,1
2023-05-01,1049.913364981946,1070.6939311125973,1036.158585146037,1066.0430908203125,68743.0,0,1
2023-05-02,1078.3135233161036,1113.4921046904442,1061.5902104258078,1104.53662109375,372352.0,0,1
2023-05-03,1113.7395679437843,1126.1089545269006,1088.5060193142272,1093.1568603515625,205370.0,0,1
2023-05-04,1093.7010060314728,1121.8042725078162,1086.5762886914529,1111.661376953125,354618.0,0,1
2023-05-05,1117.1038259626978,1131.0069410271117,1080.8367681106745,1088.753173828125,158497.0,0,1
2023-05-08,1102.3596436699258,1117.8461385860044,1090.48503350472,1100.6279296875,141505.0,0,1
2023-05-09,1139.8636184078357,1172.6177265256729,1122.4475480631188,1128.3353271484375,845923.0,0,1
2023-05-10,1138.3792376095744,1145.2565671893371,1097.1148977466792,1103.6954345703125,156571.0,0,1
2023-05-11,1106.317941924672,1132.0462661554784,1101.22173046615,1122.1507568359375,195154.0,0,1
2023-05-12,1122.150694151094,1126.8510608153072,1105.8726305476805,1119.2315673828125,122908.0,0,1
2023-05-15,1119.1820974205066,1142.881793782715,1111.9089222726209,1132.392578125,140249.0,0,1
2023-05-16,1134.915800979424,1139.91295988537,1119.1819195953888,1130.3638916015625,186696.0,0,1
2023-05-17,1130.067159317464,1161.5843322025175,1124.1298537518733,1155.548095703125,158455.0,0,1
2023-05-18,1157.7744929042008,1165.839356479541,1144.0692378095475,1150.99609375,74563.0,0,1
2023-05-19,1151.8371143550478,1211.210161486751,1150.996020346303,1188.3515625,522643.0,0,1
2023-05-22,1188.3020075086877,1216.1578855973116,1178.6044825251322,1208.983642578125,141685.0,0,1
2023-05-23,1210.7154358295743,1222.095270330629,1177.56548315259,1188.5989990234375,77778.0,0,1
2023-05-24,1185.3828549616655,1203.293699186992,1149.7095024861176,1156.2900390625,134512.0,0,1
2023-05-25,1161.732587106407,1172.5681195626175,1132.046064437589,1141.29833984375,83750.0,0,1
2023-05-26,1142.9311766107398,1157.3785941647864,1132.7387550295475,1149.8580322265625,65264.0,0,1
2023-05-29,1152.4309140037635,1159.7536145687,1122.8928448223826,1144.6629638671875,83005.0,0,1
2023-05-30,1145.899937746051,1151.8372431229734,1134.6190333709403,1139.7647705078125,80546.0,0,1
2023-05-31,1137.9835551908936,1152.8268189542532,1128.0880460153207,1138.0330810546875,110815.0,0,1
2023-06-01,1143.772314423677,1152.3319533498952,1135.4106581423564,1144.26708984375,40992.0,0,1
2023-06-02,1149.9075093015415,1159.4565775024296,1144.1680665740082,1152.08447265625,340729.0,0,1
2023-06-05,1161.7326805478276,1172.0240333930674,1147.9284947144258,1154.5089111328125,161438.0,0,1
2023-06-06,1157.774443762985,1164.0580672261617,1140.4573046468715,1151.985595703125,83346.0,0,1
2023-06-07,1149.610739039775,1193.5962274985493,1145.157760063507,1180.0394287109375,360103.0,0,1
2023-06-08,1177.5654680079313,1190.4296285828077,1174.7946774123543,1184.690185546875,170297.0,0,1
2023-06-09,1187.4609727017946,1193.3982775653035,1156.883828495768,1170.193359375,206853.0,0,1
2023-06-12,1170.1934318469237,1189.4401479868675,1163.761351179773,1178.6046142578125,63374.0,0,1
2023-06-13,1184.195459112343,1193.3983303759412,1167.670008162198,1182.4637451171875,78028.0,0,1
2023-06-14,1182.5132665701717,1217.1475463441932,1178.6539940935384,1190.2318115234375,308266.0,0,1
2023-06-15,1191.419106906872,1231.9906877899132,1190.231694320886,1225.7564697265625,319330.0,0,1
2023-06-16,1236.9385261241373,1246.8340343331304,1212.1997556016545,1218.6318359375,122816.0,0,1
2023-06-19,1222.2932002732744,1239.709392420117,1190.6275720714302,1207.2520751953125,66656.0,0,1
2023-06-20,1201.7105418035137,1207.252002245027,1186.768348557633,1200.0777587890625,62282.0,0,1
2023-06-21,1199.335619651824,1207.350957307373,1189.6379730892024,1207.004638671875,66049.0,0,1
2023-06-22,1212.199643783518,1227.042904727806,1167.669860950654,1206.806640625,426342.0,0,1
2023-06-23,1208.241568353136,1212.843003890341,1169.6490858258858,1180.484619140625,152526.0,0,1
2023-06-26,1180.484496254098,1200.7208811803464,1159.3082072460531,1164.404296875,80711.0,0,1
2023-06-27,1171.6281393202491,1180.1877778416365,1151.3918739142578,1156.7353515625,111294.0,0,1
2023-06-28,1155.7954665174332,1180.534239345289,1148.4233605326476,1176.378173828125,105128.0,0,1
2023-06-29,1155.7954665174332,1180.534239345289,1148.4233605326476,1176.378173828125,105128.0,0,1
2023-06-30,1186.4714162978692,1191.6170321707418,1175.1411078879976,1185.3829345703125,66983.0,0,1
2023-07-03,1191.2706542845958,1212.150151091841,1187.4609080302862,1190.77587890625,141912.0,0,1
2023-07-04,1190.874942454216,1213.1893628207492,1180.5341842130128,1187.6094970703125,139749.0,0,1
2023-07-05,1192.458133285243,1207.7466434609646,1179.940292625036,1185.927001953125,110538.0,0,1
2023-07-06,1182.5132665701717,1207.25203783733,1182.5132665701717,1190.2318115234375,129656.0,0,1
2023-07-07,1190.2318015871228,1202.7990489680126,1177.5655024861662,1184.73974609375,117499.0,0,1
2023-07-10,1189.4400338413982,1196.5153460552328,1162.7221628649274,1170.4901123046875,64667.0,0,1
2023-07-11,1173.8546526176926,1191.4687054174535,1162.821136887241,1179.742431640625,109908.0,0,1
2023-07-12,1186.471337716932,1201.759848337913,1170.0448195855597,1182.2657470703125,97492.0,0,1
2023-07-13,1191.4192591472065,1191.4192591472065,1163.810765444888,1175.43798828125,76262.0,0,1
2023-07-14,1172.4693304843895,1181.5237451526823,1158.7640750199257,1175.7843017578125,124072.0,0,1
2023-07-17,1181.672218633973,1192.408821624079,1155.8449645818196,1164.849853515625,107290.0,0,1
2023-07-18,1164.0086182654932,1192.4582028833568,1164.0086182654932,1172.4197998046875,100242.0,0,1
2023-07-19,1173.5579095875364,1220.7595627314652,1171.5294026017832,1205.619384765625,176896.0,0,1
2023-07-20,1218.137016920477,1218.137016920477,1193.3487214264037,1203.19482421875,88877.0,0,1
2023-07-21,1202.304184886483,1206.7571633490254,1178.6044922759709,1186.026123046875,40125.0,0,1
2023-07-24,1186.0261268306388,1191.9139056097645,1162.7221578177446,1177.0211181640625,118035.0,0,1
2023-07-25,1184.5048165983003,1194.4169907957755,1164.9778818285622,1172.2633056640625,71891.0,0,1
2023-07-26,1174.5927509627334,1213.2502339058108,1174.5927509627334,1181.63037109375,196551.0,0,1
2023-07-27,1189.4609277041209,1211.2677113786965,1184.5544497766305,1198.332275390625,166023.0,0,1
2023-07-28,1206.410734789509,1221.1798990014274,1198.3322883683857,1214.9351806640625,180967.0,0,1
2023-07-31,1220.9320948879883,1227.0775946829797,1189.807842736663,1200.1661376953125,184080.0,0,1
2023-08-01,1204.3292200165895,1283.6266172193282,1201.1573725277706,1275.3499755859375,408946.0,0,1
2023-08-02,1286.699401251711,1293.4397285918153,1220.188731785394,1229.6549072265625,274601.0,0,1
2023-08-03,1230.8939298677687,1273.7144771194985,1226.235135056799,1244.1761474609375,280845.0,0,1
2023-08-04,1256.9133135622778,1258.4496279835748,1234.0657033460209,1248.1905517578125,206810.0,0,1
2023-08-07,1254.831728922628,1254.8813381962557,1151.3487201069222,1163.9371337890625,339484.0,1,0
2023-08-08,1175.0883883493718,1188.4698250787826,1139.9497751147685,1151.6956787109375,369932.0,0,1
2023-08-09,1157.494265111598,1159.6748952678563,1106.19875817987,1116.7552490234375,546269.0,0,1
2023-08-10,1116.7552488232268,1124.9822816823937,1089.942766370707,1098.417724609375,213094.0,0,1
2023-08-11,1091.3303686637505,1091.3303686637505,1058.6201941261447,1072.9432373046875,315340.0,0,1
2023-08-14,1060.6028889993856,1072.100989577673,1042.314971695845,1048.5595703125,358684.0,0,1
2023-08-15,1060.6028889993856,1072.100989577673,1042.314971695845,1048.5595703125,358684.0,0,1
2023-08-16,1046.7257147149726,1089.3480686285557,1018.9716237944998,1082.4095458984375,307488.0,0,1
2023-08-17,1089.2490114199568,1092.173054850946,1045.1893178528248,1054.556396484375,567252.0,0,1
2023-08-18,1058.5211240671654,1094.3040493058743,1058.5211240671654,1079.931396484375,598609.0,0,1
2023-08-21,1090.3391839877331,1139.850446715887,1090.3391839877331,1112.790283203125,479820.0,0,1
2023-08-22,1120.0757203008814,1120.1253295727506,1101.242588720601,1110.807861328125,145277.0,0,1
2023-08-23,1110.8079419739945,1135.935281996522,1103.2747129946065,1131.772216796875,135998.0,0,1
2023-08-24,1136.9264389677355,1140.693113755934,1121.1660569829228,1129.7401123046875,85529.0,0,1
2023-08-25,1120.075772861027,1133.8537202843618,1113.2859571986394,1125.0318603515625,66633.0,0,1
2023-08-28,1124.2389300709076,1135.9353459062363,1116.9040167824958,1129.492431640625,125911.0,0,1
2023-08-29,1130.979256051755,1133.2591048795514,1121.0670802756665,1126.171875,59505.0,0,1
2023-08-30,1129.888772844153,1136.9263923986766,1122.2563260329534,1133.1102294921875,50959.0,0,1
2023-08-31,1139.701795898255,1139.701795898255,1121.5624693817035,1126.270751953125,73696.0,0,1
2023-09-01,1126.9647014245063,1131.8713007059098,1102.2834821840288,1126.3699951171875,176873.0,0,1
2023-09-04,1134.9439644707618,1183.7614232045478,1117.1020506188197,1176.6741943359375,305406.0,0,1
2023-09-05,1182.5719310654035,1197.7870934873818,1164.6804091468828,1173.799560546875,663090.0,0,1
2023-09-06,1177.5167898581649,1177.5167898581649,1155.8587115148373,1174.9892578125,94936.0,0,1
2023-09-07,1169.8348916174004,1184.5049596000251,1159.8236186689635,1180.24267578125,115835.0,0,1
2023-09-08,1188.469824786545,1205.3205228861036,1170.6279091517174,1199.3236083984375,188651.0,0,1
2023-09-11,1209.2355883875762,1212.110142975089,1181.5311111520468,1195.457763671875,220112.0,0,1
2023-09-12,1199.373290452263,1207.3030312155838,1155.2641074562914,1181.2835693359375,272991.0,0,1
2023-09-13,1182.5224642131814,1188.4697691463575,1157.7420269916142,1182.02685546875,113591.0,0,1
2023-09-14,1182.0268300401,1204.3292230597242,1175.683014048206,1189.56005859375,135463.0,0,1
2023-09-15,1187.280529804002,1196.5978787602926,1166.167545811182,1181.7296142578125,253430.0,0,1
2023-09-18,1180.5400279466585,1190.5513003735964,1160.715678191047,1171.0738525390625,89326.0,0,1
2023-09-19,1180.5400279466585,1190.5513003735964,1160.715678191047,1171.0738525390625,89326.0,0,1
2023-09-20,1161.1617860568124,1172.8085926254746,1132.9616942962414,1151.1505126953125,141671.0,0,1
2023-09-21,1151.1504223744414,1165.5726854356813,1144.9058247073815,1150.010498046875,67008.0,0,1
2023-09-22,1151.4478281227014,1250.8173820703505,1151.3982188486227,1180.787841796875,2039507.0,1,0
2023-09-25,1180.7879070593756,1200.3148444053652,1171.6191447170468,1178.26025390625,96947.0,0,1
2023-09-26,1182.5226112879225,1189.1637208899904,1156.3049538460082,1163.78857421875,92711.0,0,1
2023-09-27,1166.5142828568075,1179.5488170940896,1162.1529016863935,1173.89892578125,42316.0,0,1
2023-09-28,1177.566496470724,1203.9328601550164,1162.0539169934946,1178.7064208984375,364340.0,0,1
2023-09-29,1179.5489144142948,1183.117273485144,1157.296128251741,1166.6630859375,43922.0,0,1
2023-10-02,1179.5489144142948,1183.117273485144,1157.296128251741,1166.6630859375,43922.0,0,1
2023-10-03,1164.6805275632837,1169.537517367235,1151.7947004498174,1159.5262451171875,99940.0,0,1
2023-10-04,1158.8323888799052,1178.5576419053864,1152.389474941819,1174.840576171875,88384.0,0,1
2023-10-05,1179.0531860361157,1183.513664671813,1158.3367166173405,1180.9365234375,81815.0,0,1
2023-10-06,1183.5137399990538,1183.5137399990538,1155.7596489437997,1158.5845947265625,104129.0,0,1
2023-10-09,1154.7684605730276,1154.7684605730276,1102.580831695981,1125.08154296875,189731.0,0,1
2023-10-10,1128.1047812253014,1150.6054944385603,1125.0816399972173,1139.5037841796875,187985.0,0,1
2023-10-11,1143.9641622027768,1163.1441977959437,1137.4717597814126,1154.6197509765625,765021.0,0,1
2023-10-12,1159.724537817435,1167.00996263741,1137.5708496921084,1144.9058837890625,41539.0,0,1
2023-10-13,1143.5675107598938,1193.425796331504,1138.9584464679888,1157.59326171875,171293.0,0,1
2023-10-16,1158.2872796656816,1169.7853786808655,1144.1128207515544,1154.6693115234375,55953.0,0,1
2023-10-17,1158.6836206621017,1168.6454046994154,1148.0280327905843,1162.1033935546875,37414.0,0,1
2023-10-18,1158.535146929726,1164.1850386926685,1126.0231621582557,1134.2998046875,151630.0,0,1
2023-10-19,1133.9528036154684,1155.7595883003812,1125.230041342212,1130.8304443359375,71721.0,0,1
2023-10-20,1136.5300533503928,1142.8738700638382,1106.1988195934462,1122.10791015625,102138.0,0,1
2023-10-23,1093.5607521915151,1118.0933863331334,1080.4271197722655,1092.12353515625,170182.0,0,1
2023-10-24,1093.5607521915151,1118.0933863331334,1080.4271197722655,1092.12353515625,170182.0,0,1
2023-10-25,1090.190518635002,1097.2281385269382,1058.6202661702991,1080.37744140625,92966.0,0,1
2023-10-26,1076.4621850294932,1106.2483187511934,1057.7281504274006,1098.2193603515625,126744.0,0,1
2023-10-27,1098.21936932546,1140.8913306567886,1069.3254762989818,1078.39501953125,390771.0,0,1
2023-10-30,1080.4271179188356,1087.613445079305,1053.961658016815,1066.649169921875,301754.0,0,1
2023-10-31,1072.0016977334174,1081.3191661852072,1050.6905220503213,1062.5355224609375,149316.0,0,1
2023-11-01,1064.2702510510474,1066.3519047359612,1038.0525948583131,1055.2998046875,389973.0,0,1
2023-11-02,1060.6026562591203,1065.5587434379013,1048.5098519421838,1061.3460693359375,324672.0,0,1
2023-11-03,1088.0594020645544,1088.0594020645544,1049.3028219887733,1054.5067138671875,53010.0,0,1
2023-11-06,1062.932322009103,1077.6023929979435,1040.3821183664031,1070.366455078125,200342.0,0,1
2023-11-07,1075.768239700907,1083.896173581797,1056.488989620347,1060.2060546875,46654.0,0,1
2023-11-08,1059.6114688475666,1079.8818175838542,1057.48032710066,1060.4539794921875,61298.0,0,1
2023-11-09,1063.5764544788924,1067.4917154879768,1039.2916239712197,1061.4453125,530036.0,0,1
2023-11-10,1060.6027918341122,1075.3223484370224,1057.678748424145,1062.93212890625,50779.0,0,1
2023-11-13,1062.7339537199796,1067.1944328346945,1049.699418329554,1059.95849609375,268437.0,0,1
2023-11-14,1062.7339537199796,1067.1944328346945,1049.699418329554,1059.95849609375,268437.0,0,1
2023-11-15,1065.558992855143,1084.2930309756882,1065.558992855143,1078.692626953125,95368.0,0,1
2023-11-16,1080.3280520594876,1097.77345706466,1076.6604744572585,1091.2314453125,119771.0,0,1
2023-11-17,1092.32164780864,1123.5449979955476,1089.3976046824898,1097.1290283203125,627303.0,0,1
2023-11-20,1108.1811042174756,1116.5568432337836,1070.7626456448374,1082.012939453125,184244.0,0,1
2023-11-21,1100.1523216785172,1100.1523216785172,1078.1472206950127,1085.0362548828125,64345.0,0,1
2023-11-22,1089.347998289002,1181.2338092540342,1077.2055842953348,1159.7740478515625,1227028.0,1,0
2023-11-23,1162.5000196768704,1162.5000196768704,1118.6386420088684,1123.09912109375,316729.0,0,1
2023-11-24,1125.0318669179549,1148.474185084658,1115.218789429773,1124.0406494140625,305792.0,0,1
2023-11-27,1125.0318669179549,1148.474185084658,1115.218789429773,1124.0406494140625,305792.0,0,1
2023-11-28,1136.430781309234,1188.4696962841444,1134.9439551670937,1144.5587158203125,437601.0,0,1
2023-11-29,1144.8561825282975,1159.6748353660614,1120.0757456770357,1144.013671875,204808.0,0,1
2023-11-30,1148.6721639135756,1208.5417140760585,1112.2945367692118,1179.647705078125,531572.0,0,1
2023-12-01,1170.627812609301,1183.018030778324,1148.3254199050596,1151.299072265625,125332.0,0,1
2023-12-04,1170.0827253267394,1184.4553800084518,1153.7772447940226,1179.5985107421875,133666.0,0,1
2023-12-05,1188.6679363445471,1195.705677148866,1170.2313156840894,1186.239501953125,202637.0,0,1
2023-12-06,1187.4785686635803,1187.4785686635803,1163.6893485901862,1172.164306640625,56964.0,0,1
2023-12-07,1181.531315060968,1204.329318623386,1172.164357648747,1197.3411865234375,183282.0,0,1
2023-12-08,1197.3411070635705,1198.7784450091035,1180.5400191698895,1194.7144775390625,140159.0,0,1
2023-12-11,1197.3908025147527,1199.2245307858443,1172.3129500561674,1181.8287353515625,183693.0,0,1
2023-12-12,1187.3794981911544,1214.2414689369705,1183.1668237070874,1204.87451171875,232212.0,0,1
2023-12-13,1218.0081650765294,1218.206360185809,1167.654265499498,1172.362548828125,143703.0,0,1
2023-12-14,1183.513636927481,1196.8950725208822,1175.4351904992277,1185.149169921875,50539.0,0,1
2023-12-15,1189.213109264229,1197.3410437746857,1155.3135216253124,1178.1610107421875,194153.0,0,1
2023-12-18,1182.2746883204873,1196.0526359472178,1174.1467531153128,1181.382568359375,153650.0,0,1
2023-12-19,1181.5312194287983,1199.3235245435576,1150.8530872565104,1156.453369140625,106652.0,0,1
2023-12-20,1169.636681848853,1175.0883782473009,1087.910845147775,1101.73828125,518088.0,1,0
2023-12-21,1095.2953729677722,1125.3788008672857,1090.3392853072846,1093.6103515625,186268.0,0,1
2023-12-22,1102.2338575500903,1118.0933375148395,1079.4358551007629,1084.5406494140625,176291.0,0,1
2023-12-25,1102.2338575500903,1118.0933375148395,1079.4358551007629,1084.5406494140625,176291.0,0,1
2023-12-26,1090.3393087749348,1104.1172569672835,1070.4653484293333,1093.70947265625,179542.0,0,1
2023-12-27,1093.709453306488,1119.4314999636763,1093.709453306488,1100.25146484375,285492.0,0,1
2023-12-28,1103.4728105740635,1115.1196154465051,1081.6164177120231,1087.31591796875,154399.0,0,1
2023-12-29,1099.0618841924634,1106.4464053067584,1087.4150799260765,1103.6214599609375,172093.0,0,1
2024-01-01,1108.1316246864103,1115.1197568955845,1096.3857207800909,1106.9918212890625,48609.0,0,1
2024-01-02,1108.131526060702,1115.1196576479197,1095.4440149992884,1107.0908203125,62433.0,0,1
2024-01-03,1107.735212979778,1120.0262137077416,1097.2778195074902,1110.2132568359375,70187.0,0,1
2024-01-04,1118.9854925709144,1123.1485577929864,1101.0444794975342,1105.058837890625,75679.0,0,1
2024-01-05,1114.1285200581078,1139.8505669395147,1107.189997246358,1135.439697265625,125079.0,0,1
2024-01-08,1158.7334051262842,1168.6455813891266,1116.1110471960617,1121.562744140625,109078.0,0,1
2024-01-09,1135.439637031231,1168.9428366585066,1120.3235702789602,1133.4075927734375,417648.0,0,1
2024-01-10,1134.944018453147,1139.3548878548308,1118.093321235939,1134.8944091796875,468612.0,0,1
2024-01-11,1140.593990631921,1157.7421027100547,1133.2094682562245,1144.9058837890625,66329.0,0,1
2024-01-12,1149.7626658776476,1166.563874738487,1138.9584921597257,1154.22314453125,96035.0,0,1
2024-01-15,1149.8123089175892,1184.5049216866546,1144.9058306538282,1174.9892578125,139417.0,0,1
2024-01-16,1178.5080130361814,1193.1284713449186,1144.856226887567,1148.27587890625,83583.0,0,1
2024-01-17,1147.086569477497,1147.086569477497,1128.5508487264556,1132.912109375,45747.0,0,1
2024-01-18,1127.2621343941466,1134.398852200734,1108.379392075127,1119.8280029296875,75275.0,0,1
2024-01-19,1129.839178168406,1137.9176245282467,1121.4138299031706,1130.8800048828125,84164.0,0,1
2024-01-22,1129.839178168406,1137.9176245282467,1121.4138299031706,1130.8800048828125,84164.0,0,1
2024-01-23,1124.5363144266612,1124.5363144266612,1105.6040833547795,1115.6153564453125,31757.0,0,1
2024-01-24,1109.1723952888242,1207.302928920275,1109.1227860139602,1166.8612060546875,720902.0,1,0
2024-01-25,1166.86121796312,1172.4121328823562,1133.4572358863568,1139.404541015625,445878.0,0,1
2024-01-26,1166.86121796312,1172.4121328823562,1133.4572358863568,1139.404541015625,445878.0,0,1
2024-01-29,1138.9088048609055,1141.5355551988273,1119.6791628942456,1128.947021484375,54274.0,0,1
2024-01-30,1129.9384248751117,1137.9177747436463,1096.385734201003,1101.193115234375,102034.0,0,1
2024-01-31,1102.2340218034408,1135.3407153630135,1102.2340218034408,1114.77294921875,130086.0,0,1
2024-02-01,1120.0758205203254,1124.0406906814592,1103.6216335512668,1117.8455810546875,212743.0,0,1
2024-02-02,1120.0757028534715,1130.3843883891127,1099.7557454123246,1105.9012451171875,283126.0,0,1
2024-02-05,1105.9012833751472,1112.939024213881,1065.5587807273644,1074.23193359375,143536.0,0,1
2024-02-06,1079.43585213653,1117.2012144992366,1078.3455370915935,1110.75830078125,141788.0,0,1
2024-02-07,1120.0758528048702,1168.6455136787097,1116.0613732517168,1127.65869140625,181870.0,0,1
2024-02-08,1127.9559564050865,1142.6260244635089,1116.4578570881197,1135.439697265625,65411.0,0,1
2024-02-09,1139.8504757555077,1139.9000850280602,1107.784614954581,1123.3468017578125,116005.0,0,1
2024-02-12,1123.5452704794725,1171.1867660475064,1119.327013059386,1141.857421875,106960.0,0,1
2024-02-13,1151.336168205766,1154.4626656528703,1123.5452951801094,1130.2945556640625,98342.0,0,1
2024-02-14,1109.6499570838005,1121.5603322940024,1095.1093497829588,1106.67236328125,98009.0,0,1
2024-02-15,1106.6722272006998,1125.034053391922,1091.7842600186275,1099.8734130859375,203334.0,0,1
2024-02-16,1101.7096491951474,1125.5303983669344,1092.032469844109,1106.2752685546875,251961.0,0,1
2024-02-19,1106.27528904756,1119.724135730032,1080.8665136920288,1082.107177734375,147750.0,0,1
2024-02-20,1082.1070638004437,1102.702084734963,1082.1070638004437,1089.699951171875,209958.0,0,1
2024-02-21,1093.4715615088785,1096.7966379160166,1064.0431087074423,1075.0601806640625,197047.0,0,1
2024-02-22,1075.0601990364064,1087.665296877746,1071.9337015086207,1079.377685546875,142163.0,0,1
2024-02-23,1080.866542198862,1093.6702196852796,1075.010583532823,1082.3056640625,83917.0,0,1
2024-02-26,1082.2560578743712,1089.4022341378472,1052.0830847956818,1057.6412353515625,241829.0,0,1
2024-02-27,1057.0457571796649,1062.0084133166586,1017.9400025884348,1029.2548828125,328127.0,0,1
2024-02-28,1027.269717588232,1057.889278658541,1026.227511440288,1047.8150634765625,546526.0,0,1
2024-02-29,1042.2570478891937,1071.933756680875,1026.5751267366152,1061.313720703125,139223.0,0,1
2024-03-01,1071.6358883216265,1086.8216641471197,1059.080465566802,1073.47216796875,48402.0,0,1
2024-03-04,1080.171751341166,1086.2757212825245,1047.1204139814424,1064.2415771484375,473243.0,0,1
2024-03-05,1065.9784041071318,1099.7244615928323,1060.122446370544,1089.5013427734375,171330.0,0,1
2024-03-06,1084.5389409690897,1086.9210404041046,1042.7533960097164,1050.1478271484375,84664.0,0,1
2024-03-07,1049.1552448163893,1079.3777740256662,1039.5772936703258,1057.3436279296875,289905.0,0,1
2024-03-08,1049.1552448163893,1079.3777740256662,1039.5772936703258,1057.3436279296875,289905.0,0,1
2024-03-11,1065.9786264538716,1065.9786264538716,1043.646671989056,1061.710693359375,36029.0,0,1
2024-03-12,1053.0756569930195,1074.6632116957512,1051.140269517594,1070.49462890625,60745.0,0,1
2024-03-13,1068.0627356286957,1068.0627356286957,1037.244716423777,1052.9266357421875,307122.0,0,1
2024-03-14,1046.574442408056,1085.8290985949188,1042.8028966620209,1061.5120849609375,91708.0,0,1
2024-03-15,1044.142739464218,1098.731951128222,1044.142739464218,1087.9630126953125,94500.0,0,1
2024-03-18,1087.9630855476607,1106.0767797218305,1080.4198727534238,1081.759765625,427869.0,0,1
2024-03-19,1081.859021525989,1106.672301836218,1076.3008709682165,1102.900634765625,58289.0,0,1
2024-03-20,1102.900665136525,1125.7785586759896,1090.7918324751267,1112.3297119140625,163883.0,0,1
2024-03-21,1123.4955937848729,1157.2913281165486,1123.4955937848729,1146.8697509765625,369538.0,0,1
2024-03-22,1159.375580365258,1249.59668366372,1146.2742180071182,1239.5721435546875,961299.0,1,0
2024-03-25,1159.375580365258,1249.59668366372,1146.2742180071182,1239.5721435546875,961299.0,0,1
2024-03-26,1234.7088901368195,1281.3578594587093,1211.9799000014557,1225.6768798828125,374570.0,0,1
2024-03-27,1213.6671467610613,1248.1079294318488,1211.136143848281,1239.0262451171875,177783.0,0,1
2024-03-28,1219.9697776262965,1267.4623724402024,1219.9697776262965,1258.876953125,172832.0,0,1
2024-03-29,1219.9697776262965,1267.4623724402024,1219.9697776262965,1258.876953125,172832.0,0,1
2024-04-01,1257.9837135333391,1302.2010302100875,1247.661485220751,1288.6529541015625,165266.0,0,1
2024-04-02,1288.6530658769782,1332.423674582286,1285.328110055661,1311.233154296875,242543.0,0,1
2024-04-03,1309.0990493319944,1349.4454690490506,1300.2159430698807,1316.1461181640625,342333.0,0,1
2024-04-04,1322.0019721743024,1323.7885769177446,1268.5541876959792,1279.372802734375,124787.0,0,1
2024-04-05,1268.0577514455283,1331.9767806503314,1241.656447536188,1265.6260986328125,226517.0,0,1
2024-04-08,1268.3557544578905,1297.4368484390145,1227.7612006336738,1242.649169921875,118088.0,0,1
2024-04-09,1246.520078348003,1309.1487788672473,1246.0733665698297,1297.2384033203125,186395.0,0,1
2024-04-10,1292.2755560331923,1300.166130204522,1258.0332313917595,1264.9312744140625,37949.0,0,1
2024-04-11,1292.2755560331923,1300.166130204522,1258.0332313917595,1264.9312744140625,37949.0,0,1
2024-04-12,1267.5119704652698,1283.739830752349,1230.4408345917882,1239.9195556640625,103650.0,0,1
2024-04-15,1235.8006339485355,1272.8716518684764,1213.865717576462,1238.976806640625,152664.0,0,1
2024-04-16,1239.3241020389837,1246.470278186296,1225.4286652958597,1230.1431884765625,37867.0,0,1
2024-04-17,1239.3241020389837,1246.470278186296,1225.4286652958597,1230.1431884765625,37867.0,0,1
2024-04-18,1230.044024386523,1239.423396218793,1207.9105290877044,1214.6597900390625,53385.0,0,1
2024-04-19,1215.8508311845171,1253.16998348548,1194.3129506384048,1241.8551025390625,76127.0,0,1
2024-04-22,1242.5000230745632,1287.1143683474304,1241.904528651182,1276.990478515625,101127.0,0,1
2024-04-23,1283.3925579197407,1307.461440294216,1266.0728152272793,1300.0174560546875,82692.0,0,1
2024-04-24,1301.2084521518682,1338.924639170763,1291.8786342891588,1331.0836181640625,440965.0,0,1
2024-04-25,1339.9170920958986,1412.37186818701,1328.1059468301498,1404.28271484375,415243.0,0,1
2024-04-26,1456.7380114414343,1456.7380114414343,1404.282761117064,1429.7412109375,195720.0,1,0
2024-04-29,1430.237516035913,1449.0459345598993,1399.4690476132112,1433.364013671875,90521.0,0,1
2024-04-30,1424.282221351756,1487.8042158928797,1400.5111484205056,1411.6771240234375,152509.0,0,1
2024-05-01,1424.282221351756,1487.8042158928797,1400.5111484205056,1411.6771240234375,152509.0,0,1
2024-05-02,1415.3495408832248,1538.4234140035053,1415.2998658580436,1495.3475341796875,688173.0,0,1
2024-05-03,1501.4516066501371,1502.5930417875895,1414.4562207771123,1430.68408203125,202104.0,0,1
2024-05-06,1439.170223780142,1533.4606867174618,1392.7197156802151,1504.9254150390625,801316.0,0,1
2024-05-07,1502.692191076239,1502.692191076239,1469.0950352102484,1483.784423828125,1124834.0,0,1
2024-05-08,1472.2216077253042,1497.679936602423,1460.013425250593,1487.6553955078125,159038.0,0,1
2024-05-09,1482.4942155017616,1487.5561002684549,1443.4876918152725,1457.0357666015625,118856.0,0,1
2024-05-10,1436.887444312169,1473.9089084560194,1433.0166693582555,1452.7679443359375,167211.0,0,1
2024-05-13,1465.9686552927192,1511.6250927629055,1459.169840466379,1495.4964599609375,173823.0,0,1
2024-05-14,1513.610003720504,1520.8555295787978,1460.360683292324,1475.1990966796875,117379.0,0,1
2024-05-15,1489.9382700188407,1526.9596119510416,1488.1516653535457,1522.046630859375,124855.0,0,1
2024-05-16,1529.68901093072,1702.190979016986,1529.4905531575369,1633.90478515625,1487608.0,1,0
2024-05-17,1650.7777583709228,1742.239527972882,1593.806567351489,1718.12109375,390553.0,1,0
2024-05-20,1650.7777583709228,1742.239527972882,1593.806567351489,1718.12109375,390553.0,0,1
2024-05-21,1746.9045539921717,1776.6308144066566,1663.680717518931,1674.102294921875,373666.0,0,1
2024-05-22,1676.3852359298287,1757.7727962295598,1614.2528055912655,1725.7139892578125,185628.0,0,1
2024-05-23,1751.817629720403,1760.1549163258626,1675.392724627785,1701.5458984375,119516.0,0,1
2024-05-24,1701.545868484543,1702.141362983322,1629.7362591303424,1640.1578369140625,97013.0,0,1
2024-05-27,1648.395787077851,1652.415465551646,1597.5781193579764,1605.9154052734375,77479.0,0,1
2024-05-28,1605.91551399399,1619.016877634829,1575.7922156980717,1591.573486328125,61772.0,0,1
2024-05-29,1594.5015121412127,1606.8584781976328,1577.7277091636554,1583.08740234375,43700.0,0,1
2024-05-30,1591.07715678884,1632.7137913323284,1571.9709315711214,1578.5711669921875,207557.0,0,1
2024-05-31,1585.072355732528,1619.01687493725,1558.2740128366115,1581.499267578125,161730.0,0,1
2024-06-03,1630.232523740087,1682.340412626756,1621.7960083965306,1661.94384765625,245941.0,0,1
2024-06-04,1677.3778011671006,1682.3404573835714,1488.7968649412137,1501.302734375,136559.0,1,0
2024-06-05,1518.622483690382,1567.6534303896656,1498.7718587405184,1546.61181640625,136421.0,1,0
2024-06-06,1561.2516482356086,1575.097410638594,1556.686028740765,1565.0233154296875,40506.0,0,1
2024-06-07,1582.0947537424083,1632.664170588365,1549.3412237088453,1609.935302734375,150861.0,0,1
2024-06-10,1623.781089859874,1626.6594546543035,1597.9752779183357,1614.3023681640625,57293.0,0,1
2024-06-11,1617.8258353273436,1659.7106029687006,1613.7564816910608,1633.11083984375,87242.0,0,1
2024-06-12,1633.1108894989247,1751.8175988796754,1633.1108894989247,1692.96044921875,490217.0,0,1
2024-06-13,1695.888448509484,1735.887382924265,1693.3574455018695,1724.52294921875,125914.0,0,1
2024-06-14,1736.879934660932,1774.6457954949417,1732.2150864583596,1760.70068359375,179433.0,0,1
2024-06-17,1736.879934660932,1774.6457954949417,1732.2150864583596,1760.70068359375,179433.0,0,1
2024-06-18,1786.556266536024,1786.556266536024,1727.1036198790216,1769.73291015625,257611.0,0,1
2024-06-19,1783.578552732028,1812.2627284239336,1750.328757786829,1787.3502197265625,406557.0,0,1
2024-06-20,1805.4641302669163,1827.3990480147208,1729.039219297527,1735.9869384765625,222999.0,0,1
2024-06-21,1736.3341581441591,1752.264211691881,1670.7278680671943,1684.7225341796875,182018.0,0,1
2024-06-24,1672.415143812477,1714.4488177056585,1670.7278891634649,1677.328125,102579.0,0,1
2024-06-25,1677.3281497566077,1716.8309422593145,1659.5619371783912,1703.4814453125,75153.0,0,1
2024-06-26,1715.0939210935187,1727.351657235356,1655.5420488333273,1676.8814697265625,91137.0,0,1
2024-06-27,1680.2064053843433,1711.123776269658,1673.2586870352206,1685.963134765625,202994.0,0,1
2024-06-28,1688.146750341277,1701.049656576071,1651.571998053601,1657.279052734375,403435.0,0,1
2024-07-01,1672.4151984048024,1717.0791057805984,1657.3287714879748,1665.9637451171875,93504.0,0,1
2024-07-02,1676.3851555075485,1691.2731231408304,1662.2415862559303,1671.521728515625,587367.0,0,1
2024-07-03,1689.2880265462531,1749.8324270276407,1659.8594535559596,1687.2037353515625,273137.0,0,1
2024-07-04,1689.3377114954037,1716.0863778280734,1663.3829973965926,1697.3275146484375,175562.0,0,1
2024-07-05,1693.2582429053311,1709.0395133634245,1672.3158586228049,1677.7747802734375,89379.0,0,1
2024-07-08,1694.2508742018315,1776.6309694325005,1668.4947362648402,1684.3255615234375,453069.0,0,1
2024-07-09,1699.213342103813,1738.9145884146496,1675.3925943173108,1683.8787841796875,111132.0,0,1
2024-07-10,1689.3873164977515,1712.0666299874763,1643.8797856078877,1661.6461181640625,96999.0,0,1
2024-07-11,1674.4002181509682,1702.6376837399262,1658.4204892634052,1674.0528564453125,607937.0,0,1
2024-07-12,1676.2362083343346,1707.6498434614634,1671.7698181596315,1677.923583984375,1035947.0,0,1
2024-07-15,1696.3349695734412,1744.8697671929492,1672.4646680359488,1704.771484375,308724.0,0,1
2024-07-16,1707.1536263657274,1755.737979071246,1707.1536263657274,1726.01171875,253581.0,0,1
2024-07-17,1707.1536263657274,1755.737979071246,1707.1536263657274,1726.01171875,253581.0,0,1
2024-07-18,1723.0341351633738,1743.877290024221,1689.2880749124784,1714.3494873046875,86336.0,0,1
2024-07-19,1710.1312522059245,1731.9669385370505,1692.1167867510264,1707.798828125,142104.0,0,1
2024-07-22,1676.886277240505,1710.6316941430134,1640.009692169859,1676.289794921875,233579.0,0,1
2024-07-23,1672.1152046205148,1703.8726717873303,1597.9149128398362,1663.268798828125,89617.0,0,1
2024-07-24,1654.0247423487135,1714.6074918604984,1640.2084606110932,1706.8048095703125,106267.0,0,1
2024-07-25,1701.437327196869,1723.5532790181808,1677.8801596335152,1713.613525390625,56541.0,0,1
2024-07-26,1704.6677003217787,1736.474911056646,1681.2595326376356,1730.3619384765625,63036.0,0,1
2024-07-29,1719.577372459128,1760.3303622110498,1719.577372459128,1740.5999755859375,79712.0,0,1
2024-07-30,1735.4810038325293,1742.3394581833804,1699.7972636219167,1708.7430419921875,149727.0,0,1
2024-07-31,1704.6676694783746,1731.505003050337,1666.9959806789032,1708.44482421875,107959.0,0,1
2024-08-01,1708.9915356645058,1724.6963951135829,1679.8681299962518,1698.753662109375,59056.0,0,1
2024-08-02,1677.830413303221,1680.8620866953345,1641.7490590803416,1655.9132080078125,148129.0,0,1
2024-08-05,1570.4811351607752,1630.0699119767496,1565.5112581507728,1589.7642822265625,142432.0,0,1
2024-08-06,1595.7280374272063,1680.8123023881583,1595.7280374272063,1631.7596435546875,218681.0,0,1
2024-08-07,1656.956981589617,1656.956981589617,1586.434475928141,1594.5352783203125,464605.0,0,1
2024-08-08,1593.342572172971,1594.4856681542333,1528.9329174775628,1538.2266845703125,285303.0,0,1
2024-08-09,1537.6799653078924,1568.4932031388844,1510.8426291325122,1514.9676513671875,271034.0,0,1
2024-08-12,1501.1016109195134,1553.4841876624394,1497.7221916040698,1543.54443359375,166157.0,0,1
2024-08-13,1547.6195650103728,1582.408701025378,1518.297293226297,1535.343994140625,100660.0,0,1
2024-08-14,1520.782297157785,1554.577459316847,1520.782297157785,1542.2025146484375,51706.0,0,1
2024-08-15,1520.782297157785,1554.577459316847,1520.782297157785,1542.2025146484375,51706.0,0,1
2024-08-16,1558.5534261463802,1599.2070442458748,1555.6212472523175,1568.29443359375,139700.0,0,1
2024-08-19,1583.8005022646676,1583.8005022646676,1527.5911421763176,1552.73876953125,244077.0,0,1
2024-08-20,1560.2926984221938,1579.8243369742434,1518.7942304119206,1531.3680419921875,105529.0,0,1
2024-08-21,1530.7221813932335,1580.37120621031,1530.672434087153,1562.82763671875,127099.0,0,1
2024-08-22,1579.4765531562896,1656.956881913997,1547.02323423155,1569.58642578125,309064.0,0,1
2024-08-23,1574.4570654782176,1583.402844259344,1545.9300194545822,1558.65283203125,90112.0,0,1
2024-08-26,1550.899894113391,1556.615252770112,1523.8140639576263,1531.0203857421875,70175.0,0,1
2024-08-27,1530.125582841794,1555.5713259514046,1521.9252867145742,1532.01416015625,356174.0,0,1
2024-08-28,1532.0143265395825,1549.5578952128,1498.914897315569,1500.7041015625,95377.0,0,1
2024-08-29,1504.8788712179603,1522.7704297925466,1495.9330919306674,1503.7855224609375,161474.0,0,1
2024-08-30,1509.8486635590828,1519.788417762895,1495.1875261084597,1515.61376953125,48748.0,0,1
2024-09-02,1517.5021482476782,1520.6829422313565,1496.678412788329,1504.2823486328125,73706.0,0,1
2024-09-03,1505.8726806640625,1522.7702618992369,1497.5730106184683,1505.8726806640625,174275.0,0,1
2024-09-04,1498.417836528974,1519.241571527547,1497.9208488551667,1503.9344482421875,54226.0,0,1
2024-09-05,1503.9344176155273,1545.2837669672645,1503.288309385759,1533.5548095703125,86882.0,0,1
2024-09-06,1548.9119667393677,1567.3005122612824,1493.4480890095808,1500.7537841796875,130386.0,0,1
2024-09-09,1491.16177556073,1508.1588511595107,1458.957071201714,1484.6015625,68628.0,0,1
2024-09-10,1492.056308264387,1528.6842740405675,1486.142203724884,1517.80029296875,69193.0,0,1
2024-09-11,1518.2972646506464,1553.484014396268,1502.0954187917828,1524.1617431640625,100477.0,0,1
2024-09-12,1524.1618265391687,1524.9569340185435,1506.5187640699296,1515.414794921875,58510.0,0,1
2024-09-13,1511.48864355584,1514.8184367186584,1490.963028266396,1493.8455810546875,47119.0,0,1
2024-09-16,1500.3064365167938,1500.3064365167938,1462.1377583274686,1464.4239501953125,81628.0,0,1
2024-09-17,1495.9330155996652,1551.098651723108,1483.011335066246,1512.4329833984375,507773.0,0,1
2024-09-18,1523.7145120699602,1534.598615294984,1484.005244125147,1488.6768798828125,144253.0,0,1
2024-09-19,1492.2054906254568,1502.3937379386364,1470.23865970987,1481.61962890625,92272.0,0,1
2024-09-20,1481.7190425253796,1508.4073784038749,1471.5805422374342,1491.1121826171875,63193.0,0,1
2024-09-23,1506.0218686493713,1506.0218686493713,1484.9992644340798,1493.497802734375,30245.0,0,1
2024-09-24,1490.9630824711842,1509.3018798516252,1487.8817830343876,1499.3125,238097.0,0,1
2024-09-25,1501.598428076676,1516.1105644366355,1494.491601792642,1501.1014404296875,45100.0,0,1
2024-09-26,1501.101577516796,1522.770289438319,1492.0067998142342,1510.1468505859375,199496.0,0,1
2024-09-27,1522.7703721984751,1522.7703721984751,1483.4089690900885,1490.6649169921875,71830.0,0,1
2024-09-30,1490.6648979873696,1505.8727705406477,1467.2071021984011,1489.372802734375,68613.0,0,1
2024-10-01,1490.913386936703,1496.678492923061,1456.1739944428257,1460.9947509765625,114116.0,0,1
2024-10-02,1490.913386936703,1496.678492923061,1456.1739944428257,1460.9947509765625,114116.0,0,1
2024-10-03,1443.6498869738696,1468.1016574071052,1436.3441920926125,1453.838134765625,38259.0,0,1
2024-10-04,1456.1738708869818,1481.96748238683,1427.6964531722842,1460.2491455078125,86358.0,0,1
2024-10-07,1465.9645763046951,1476.6498117226329,1396.237178589501,1413.979736328125,178039.0,0,1
2024-10-08,1393.553448647012,1433.3124628737455,1379.2401792584114,1415.321533203125,392434.0,0,1
2024-10-09,1421.5340263861644,1454.4345897989008,1412.8367411233996,1438.8292236328125,200592.0,0,1
2024-10-10,1438.8290464679671,1462.2868401355995,1430.7281232108614,1455.6768798828125,98829.0,0,1
2024-10-11,1456.1739003276884,1469.6423149704744,1432.3184917216374,1459.1060791015625,62927.0,0,1
2024-10-14,1454.7823383159532,1464.4735982470706,1446.2341743359957,1460.2989501953125,49683.0,0,1
2024-10-15,1460.298973837526,1527.4916861808124,1460.298973837526,1499.213134765625,414859.0,0,1
2024-10-16,1499.2130881442074,1503.337988831643,1469.1453334215328,1490.5654296875,187220.0,0,1
2024-10-17,1482.1166593044825,1490.9133171175856,1448.6693636256755,1459.553466796875,75795.0,0,1
2024-10-18,1443.2522538245184,1479.0353675557049,1442.3080257461218,1472.5247802734375,40493.0,0,1
2024-10-21,1483.8561241330726,1483.8561241330726,1426.9014075691491,1446.38330078125,41529.0,0,1
2024-10-22,1438.381739145512,1438.381739145512,1402.7477462620932,1412.6875,51725.0,0,1
2024-10-23,1406.4751211035357,1419.545921230944,1379.6875339387318,1393.106201171875,69003.0,0,1
2024-10-24,1381.6258399941169,1435.3005129147516,1374.8667585738583,1415.6197509765625,55383.0,0,1
2024-10-25,1410.003853224993,1413.3336465504267,1362.4917805366326,1369.1513671875,42095.0,0,1
2024-10-28,1351.8064412091708,1369.697997048704,1339.580496184872,1356.627197265625,88254.0,0,1
2024-10-29,1363.4360007344765,1380.631823601262,1332.4240169456384,1372.3321533203125,59730.0,0,1
2024-10-30,1371.9344890963823,1439.027825820893,1354.6890408867623,1407.5684814453125,179903.0,0,1
2024-10-31,1405.4812204074976,1426.2055833014083,1366.7161796749006,1370.642333984375,81491.0,0,1
2024-11-01,1376.655992562028,1392.5098523900665,1369.350297301692,1384.5084228515625,5434.0,0,1
2024-11-04,1396.386404637671,1406.4752798519985,1349.9180517521015,1401.1077880859375,65183.0,0,1
2024-11-05,1408.1150829968642,1408.1150829968642,1368.1572045552105,1387.6888427734375,59404.0,0,1
2024-11-06,1386.5956969083263,1453.192049376325,1384.2598789618746,1446.6318359375,160942.0,0,1
2024-11-07,1446.6318864420157,1452.9933535548926,1418.402959546364,1420.639404296875,127560.0,0,1
2024-11-08,1420.6392413328924,1426.8515871494608,1390.2236204819487,1417.3094482421875,81330.0,0,1
2024-11-11,1396.0383108544538,1433.7596250096644,1392.9570116870048,1420.1422119140625,77527.0,0,1
2024-11-12,1420.142433311976,1424.1183351375214,1379.7373067428923,1397.38037109375,52876.0,0,1
2024-11-13,1377.6498356144448,1425.2612791642002,1369.7477801129469,1412.339599609375,143267.0,0,1
2024-11-14,1412.3396200957825,1461.1437862399498,1401.5550116547977,1452.8441162109375,103082.0,0,1
2024-11-15,1412.3396200957825,1461.1437862399498,1401.5550116547977,1452.8441162109375,103082.0,0,1
2024-11-18,1502.8906895222312,1521.6768474082348,1424.8636266072212,1442.0594482421875,246829.0,0,1
2024-11-19,1442.2582429311851,1450.160298484967,1393.5534504407456,1399.9149169921875,134457.0,0,1
2024-11-20,1442.2582429311851,1450.160298484967,1393.5534504407456,1399.9149169921875,134457.0,0,1
2024-11-21,1396.5353058895005,1472.425296287766,1391.5654293560858,1400.8094482421875,246413.0,0,1
2024-11-22,1401.2567393900406,1424.3169188070362,1369.698022258894,1404.785400390625,100605.0,0,1
2024-11-25,1404.7853967873766,1415.0730172910953,1393.553426909574,1397.1317138671875,127095.0,0,1
2024-11-26,1397.7281334870418,1425.3606976376818,1392.559510035141,1401.00830078125,66855.0,0,1
2024-11-27,1411.2958527385915,1427.9449395715976,1397.4299453728163,1418.8004150390625,36141.0,0,1
2024-11-28,1418.8005396244275,1433.6107976582723,1406.5745934171516,1413.38330078125,23921.0,0,1
2024-11-29,1417.4089436130787,1456.969213714917,1408.960152574712,1450.3592529296875,60098.0,0,1
2024-12-02,1428.6409436924628,1459.1559410649736,1418.5520687430528,1429.2373046875,89783.0,0,1
2024-12-03,1441.015880189898,1450.1604056154154,1399.4180326955748,1405.531005859375,168087.0,0,1
2024-12-04,1415.321554872164,1415.321554872164,1395.2431795793275,1398.125732421875,82595.0,0,1
2024-12-05,1396.535454943975,1410.5504839970754,1375.661971275773,1378.942138671875,62716.0,0,1
2024-12-06,1382.619756675649,1388.434488394691,1351.806519826659,1355.63330078125,115264.0,0,1
2024-12-09,1356.7763136148983,1377.6000480628022,1348.8742583442793,1358.217529296875,81468.0,0,1
2024-12-10,1358.9134721430787,1368.0083711846353,1322.9812377011235,1330.9827880859375,118581.0,0,1
2024-12-11,1344.8485894097223,1403.890746870295,1339.232604662211,1375.413330078125,720273.0,0,1
2024-12-12,1386.6454061122802,1387.639381494939,1340.0775623668014,1352.552001953125,62705.0,0,1
2024-12-13,1352.8005298351793,1352.8005298351793,1324.8200978423674,1336.747802734375,57126.0,0,1
2024-12-16,1331.9268916556457,1339.133212524678,1299.970561741858,1327.15576171875,377166.0,0,1
2024-12-17,1327.155889938112,1339.183089204577,1306.5309006306709,1316.3216552734375,86320.0,0,1
2024-12-18,1307.1769288187083,1321.9871854641926,1300.517342658968,1310.4073486328125,56083.0,0,1
2024-12-19,1302.1077470493524,1331.9767557350874,1293.1619686345095,1314.9300537109375,87123.0,0,1
2024-12-20,1304.095687232725,1363.734209514709,1288.3908278311817,1307.3758544921875,273270.0,0,1
2024-12-23,1310.1092913704051,1310.1092913704051,1262.2989787716504,1270.39990234375,105801.0,0,1
2024-12-24,1270.4000155392775,1295.2494021249563,1265.778005367362,1283.5701904296875,95108.0,0,1
2024-12-25,1270.4000155392775,1295.2494021249563,1265.778005367362,1283.5701904296875,95108.0,0,1
2024-12-26,1279.643919228473,1285.7568920382596,1243.7116852342488,1262.746337890625,327369.0,0,1
2024-12-27,1262.746306444073,1282.2281989990986,1257.3788152975656,1276.214599609375,58358.0,0,1
2024-12-30,1280.2402558763715,1280.2402558763715,1244.0099027591648,1249.9737548828125,56492.0,0,1
2024-12-31,1251.4150570839558,1282.625909621336,1251.3653097788683,1271.940673828125,215972.0,0,1
2025-01-01,1266.125886308098,1296.7900024833664,1264.7342965105163,1288.7884521484375,75545.0,0,1
2025-01-02,1288.7883732676498,1301.5609318391132,1266.4239286089046,1295.945068359375,94692.0,0,1
2025-01-03,1295.945147096554,1314.7311846833732,1288.1920906098555,1291.8697509765625,41275.0,0,1
2025-01-06,1291.8698168292426,1300.5671018349578,1233.62288094366,1238.7916259765625,48509.0,0,1
2025-01-07,1239.1889811450492,1276.5625501917198,1239.1889811450492,1264.3863525390625,59825.0,0,1
2025-01-08,1252.4089871758747,1265.0324260523437,1233.5234548295718,1237.1514892578125,24611.0,0,1
2025-01-09,1229.6469394727144,1269.902943054848,1228.5535908028933,1255.440673828125,55320.0,0,1
2025-01-10,1242.4692106188202,1252.8562046856398,1224.5776539859091,1244.3577880859375,47265.0,0,1
2025-01-13,1237.9962786161918,1237.9962786161918,1200.970697421127,1217.9676513671875,179837.0,0,1
2025-01-14,1230.8892741990662,1238.49320942277,1198.2869575384602,1230.9886474609375,44757.0,0,1
2025-01-15,1230.5415762511018,1251.862300585147,1216.7252935754884,1223.484375,52960.0,0,1
2025-01-16,1236.604790486728,1256.434672832181,1227.8578796289264,1242.0716552734375,370579.0,0,1
2025-01-17,1239.4872842176317,1240.928499967652,1206.3382299532066,1215.1348876953125,82851.0,0,1
2025-01-20,1227.5595533175697,1229.5475040112012,1202.7101696471734,1220.8502197265625,55173.0,0,1
2025-01-21,1210.6620584221978,1227.4105199388111,1192.7705009085694,1196.6966552734375,44740.0,0,1
2025-01-22,1197.7403160134977,1206.4873477681306,1171.747835925979,1188.247802734375,56683.0,0,1
2025-01-23,1188.2477335130725,1241.475159794832,1167.9209869967394,1199.1318359375,99791.0,0,1
2025-01-24,1196.59720974699,1205.8908550717656,1174.580631313457,1177.6123046875,56447.0,0,1
2025-01-27,1163.845715725439,1166.9270149220567,1120.4586691404502,1146.749267578125,70874.0,0,1
2025-01-28,1133.1318314642615,1148.0414608256335,1098.6409374089044,1137.803466796875,89830.0,0,1
2025-01-29,1135.3683390220774,1162.9014075736245,1120.1604676936074,1156.2418212890625,47367.0,0,1
2025-01-30,1144.165029105651,1167.9210648187282,1135.666612456199,1162.75244140625,78577.0,0,1
2025-01-31,1162.752570555889,1182.8308268132128,1145.4573728548337,1179.5506591796875,76202.0,0,1
2025-02-03,1177.960240823651,1177.960240823651,1137.1078755072815,1142.922607421875,189491.0,0,1
2025-02-04,1140.4375955416174,1147.9917839477969,1106.7418068509594,1113.8487548828125,67849.0,0,1
2025-02-05,1125.0808030440314,1125.0808030440314,1096.2057685365146,1099.03857421875,87105.0,0,1
2025-02-06,1103.2629000163404,1112.4571720773251,1089.6454861464565,1103.7598876953125,225918.0,0,1
2025-02-07,1112.45721059955,1112.904572327046,1081.296106315924,1099.4361572265625,89504.0,0,1
2025-02-10,1093.3232143478674,1095.1124186372551,1039.797662264842,1042.1832275390625,94929.0,0,1
2025-02-11,1042.1832103900847,1051.8247232684173,1013.8549113952184,1028.5657958984375,75060.0,0,1
2025-02-12,1016.0416025579271,1028.7644747498475,989.999436570868,1011.7177734375,136700.0,0,1
2025-02-13,1022.1049588945864,1033.7344226150503,998.9949700292576,1021.6079711914062,90776.0,0,1
2025-02-14,1006.2509251935312,1026.7765405173157,977.2268933953392,1008.4376831054688,376166.0,0,1
2025-02-17,1013.8548567720142,1015.8428074715672,944.2765822876604,974.6425170898438,482154.0,0,1
2025-02-18,961.651290814206,965.384409179168,896.1475193890844,907.7948608398438,566078.0,1,0
2025-02-19,895.0026852722756,912.0755044830864,878.7760760261924,894.206298828125,358753.0,1,0
2025-02-20,898.9348662930284,916.2565591171156,893.4098634861622,911.8763427734376,713640.0,0,1
2025-02-21,911.8763621622344,918.844849646007,881.7625412502174,895.40087890625,155391.0,0,1
2025-02-24,893.6588180942075,893.6588180942075,860.7576120927969,875.7896118164062,203372.0,0,1
2025-02-25,866.8301062339922,876.386865185473,851.1510087052119,860.8571166992188,358917.0,0,1
2025-02-26,866.8301062339922,876.386865185473,851.1510087052119,860.8571166992188,358917.0,0,1
2025-02-27,869.9659222738129,869.9659222738129,824.2725294872138,841.7932739257812,174403.0,0,1
2025-02-28,831.2410226986337,843.1372387084946,807.9961633141513,827.9061279296875,286485.0,0,1
2025-03-03,836.8157938657953,846.1735015994037,805.4575993947585,840.6484985351562,141203.0,0,1
2025-03-04,839.2050287157147,908.3921574176628,826.2635514045589,886.6903076171875,711954.0,1,0
2025-03-05,873.400354696798,911.079999456658,873.400354696798,905.7042846679688,145992.0,0,1
2025-03-06,915.3606387231864,925.46497024109,906.9984291386876,917.7996215820312,151884.0,0,1
2025-03-07,916.007759407935,925.8631558458226,906.749576868778,917.102783203125,502987.0,0,1
2025-03-10,917.2521239135318,949.7053429860472,904.2608229719184,944.2301025390624,440395.0,0,1
2025-03-11,946.2210665015426,994.303618801884,929.8948712445984,983.7015991210938,349635.0,0,1
2025-03-12,983.7015642614924,996.941678083642,949.9541511959612,958.1172485351562,189644.0,0,1
2025-03-13,946.0220091388532,967.8234459088336,942.537765137466,951.3479614257812,82939.0,0,1
2025-03-14,946.0220091388532,967.8234459088336,942.537765137466,951.3479614257812,82939.0,0,1
2025-03-17,960.606064423606,979.5702942485964,943.9812312207638,971.805419921875,154294.0,0,1
2025-03-18,971.805419921875,971.805419921875,971.805419921875,971.805419921875,0.0,0,1
2025-03-19,982.9051775937428,994.5027565665685,955.5289755861544,972.15380859375,105808.0,0,1
2025-03-20,972.601787805502,989.4754952526704,956.9724531677058,973.4479370117188,196544.0,0,1
2025-03-21,965.6333066132864,1026.7569237278096,965.6333066132864,1017.5983276367188,167885.0,0,1
2025-03-24,1015.4082077858232,1032.431203435723,1002.9644797492324,1008.5392456054688,126179.0,0,1
2025-03-25,1031.4855229861143,1122.971835307326,983.5522585511508,995.00048828125,2988448.0,1,0
2025-03-26,995.448465479814,1004.2088377362404,967.6242778484518,973.4977416992188,142432.0,1,0
2025-03-27,974.5928057050928,992.2131372248732,945.9224676995548,959.3616943359376,889456.0,0,1
2025-03-28,975.4887789823754,1050.2506747479542,970.7103386785255,1009.5845947265624,1299037.0,0,1
2025-03-31,975.4887789823754,1050.2506747479542,970.7103386785255,1009.5845947265624,1299037.0,0,1
2025-04-01,1006.5482236024874,1025.2138151841802,986.5884964898752,993.4574584960938,173917.0,0,1
2025-04-02,985.543289319512,1012.4217426645896,979.5702996872726,1005.7518920898438,110556.0,0,1
2025-04-03,989.4257228612116,1017.2996735198268,987.7333637048606,1013.8154296875,65130.0,0,1
2025-04-04,1005.453263366853,1009.3854937271484,977.877948843228,988.0320434570312,59037.0,0,1
2025-04-07,927.9038853902356,972.6017806795631,898.4869245442778,947.3161010742188,144404.0,1,0
2025-04-08,957.5199626213172,972.601785336786,942.8861870285544,949.0582275390624,74607.0,0,1
2025-04-09,936.7638013435133,949.6057523610916,931.786310369318,936.2660522460938,35718.0,0,1
2025-04-10,936.7638013435133,949.6057523610916,931.786310369318,936.2660522460938,35718.0,0,1
2025-04-11,949.0581979081568,976.1357614780508,932.831589173823,951.0491943359376,236554.0,0,1
2025-04-14,949.0581979081568,976.1357614780508,932.831589173823,951.0491943359376,236554.0,0,1
2025-04-15,975.0905049896808,1001.9689568883246,949.7053004187396,986.439208984375,168473.0,0,1
2025-04-16,1001.4712150829336,1026.4581962445643,995.498225728562,1003.16357421875,182057.0,0,1
2025-04-17,1015.4082017252756,1030.838424398552,991.9144676365726,1012.2225952148438,238158.0,0,1
2025-04-18,1015.4082017252756,1030.838424398552,991.9144676365726,1012.2225952148438,238158.0,0,1
2025-04-21,1023.8699768753968,1046.7664372236068,1004.0595368786578,1035.7164306640625,212961.0,0,1
2025-04-22,1045.2731963592123,1068.2691823749578,1024.5667834801632,1053.2371826171875,111164.0,0,1
2025-04-23,1065.1831536615368,1082.6043734644124,1035.4177309513238,1071.75341796875,150608.0,0,1
2025-04-24,1072.1516000884656,1081.2106097312037,1040.2956565389477,1045.0740966796875,166637.0,0,1
2025-04-25,1039.8974691140402,1039.8974691140402,997.7879044217862,1021.3812255859376,76969.0,0,1
2025-04-28,1021.3812027667684,1028.8474396290983,1005.6523425955376,1021.2816772460938,72748.0,0,1
2025-04-29,1021.2816229710623,1045.2731051761891,1019.390152095636,1035.6168212890625,69617.0,0,1
2025-04-30,1031.5352424356945,1038.8024282999631,1009.6343416027948,1017.5983276367188,655901.0,0,1
2025-05-01,1031.5352424356945,1038.8024282999631,1009.6343416027948,1017.5983276367188,655901.0,0,1
2025-05-02,1016.8019201572928,1029.345173597164,1000.0775012236109,1004.2586059570312,44312.0,0,1
2025-05-05,1009.2361386097382,1022.874477123463,996.7924101775792,1012.1231079101562,104630.0,0,1
2025-05-06,1015.4081428323792,1015.4081428323792,971.1084738558684,984.9459228515624,63779.0,0,1
2025-05-07,967.6243167671952,983.4527635369884,952.69184274301,956.9724731445312,157980.0,0,1
2025-05-08,955.777874527936,1015.010022200584,951.6963558832216,966.8279418945312,350459.0,0,1
2025-05-09,936.7638717184664,965.6333215376328,936.7638717184664,960.1580810546876,94180.0,0,1
2025-05-12,995.2990867537418,999.1815540322248,978.8733664777408,993.5072021484376,63977.0,0,1
2025-05-13,965.5337660035668,988.7288628128211,951.397678862179,980.1675415039062,143039.0,0,1
2025-05-14,975.5882956049488,982.457257908773,952.6918356060572,958.2666015625,145736.0,0,1
2025-05-15,958.0675515299052,988.9279976479417,952.6918366116388,979.4707641601562,120510.0,0,1
2025-05-16,986.6382720138012,990.0229903018952,967.7238056329708,979.072509765625,53819.0,0,1
2025-05-19,979.5703037197176,1001.969014932821,975.9865342297784,996.4937744140624,88259.0,0,1
2025-05-20,1006.4486792895294,1020.3856540769216,980.167502529149,1011.5256958007812,174456.0,0,1
2025-05-21,1013.5167201877248,1023.2726514166244,989.5252372310474,1005.552734375,115578.0,0,1
2025-05-22,995.5977623564788,1006.3491919226304,990.5207456527668,993.40771484375,70063.0,0,1
2025-05-23,1001.471197013074,1003.4621934286072,984.149503893782,996.991455078125,49214.0,0,1
2025-05-26,996.9915238019748,1000.4757677693308,985.6428191470014,997.2901611328124,54680.0,0,1
2025-05-27,997.2901446822428,1002.3672222643064,988.629297668457,994.3036499023438,50540.0,0,1
2025-05-28,1002.3672050711696,1002.3672050711696,985.7423722628108,989.724365234375,54271.0,0,1
2025-05-29,993.3080776304964,995.4981857913148,976.7828320505154,982.8553466796876,54000.0,0,1
2025-05-30,990.5207505687353,997.2901264607448,976.5837751838484,987.3351440429688,67807.0,0,1
2025-06-02,994.3036304339348,996.6430877552846,969.5655234622978,974.7421264648438,113658.0,0,1
2025-06-03,975.5883011825453,989.2266395858492,967.2260914396808,971.805419921875,174094.0,0,1
2025-06-04,973.2986501701888,978.8236532998948,953.6873225133986,957.8186645507812,64331.0,0,1
2025-06-05,958.1670808756388,967.0768025070284,947.2165999513458,950.601318359375,105472.0,0,1
2025-06-06,950.601300777794,956.6240530226844,937.6598235611668,945.2255859375,131151.0,0,1
2025-06-09,949.0084373714952,957.6195212459633,939.5512043173946,947.216552734375,120303.0,0,1
2025-06-10,947.714320119684,970.61077953434,942.1395543054888,945.573974609375,161065.0,0,1
2025-06-11,946.5197421965444,955.976975753877,943.0354982543691,949.1578369140624,123016.0,0,1
2025-06-12,949.1578479740488,951.994993770151,923.4740044816708,928.4016723632812,103512.0,0,1
2025-06-13,918.8448494077652,951.6465276356674,917.849351196056,946.2708129882812,98469.0,0,1
2025-06-16,938.7548122809728,948.7097943836344,923.6729900912852,934.4741821289062,124034.0,0,1
2025-06-17,933.2796134637762,950.7008329151,930.7908678278728,932.9312133789062,70042.0,0,1
2025-06-18,939.7503555876268,941.2436029746834,922.8268852009852,932.2841186523438,73253.0,0,1
2025-06-19,930.6415537212152,934.125797742276,917.8494249766204,924.86767578125,59956.0,0,1
2025-06-20,924.8178746188964,937.112253707144,911.3786482385356,933.5782470703124,159880.0,0,1
2025-06-23,931.7863171974582,935.8180727640232,918.1479796761442,926.36083984375,59204.0,0,1
2025-06-24,929.3971170596656,957.6692909083076,921.6322430692436,945.1260375976562,344787.0,0,1
2025-06-25,958.4657044630644,981.561276051652,952.2438403907288,973.5972900390624,317401.0,0,1
2025-06-26,974.5928130090624,976.086060424296,952.5425018732906,958.0675659179688,276146.0,0,1
2025-06-27,965.5337340219992,975.6380043537196,941.2933162567348,958.5652465820312,244540.0,0,1
2025-06-30,970.4116437324174,974.2941110586796,954.2347978069732,961.103759765625,198707.0,0,1
2025-07-01,964.0903200645336,1005.154624056881,964.0903200645336,992.6611328125,839340.0,0,1
2025-07-02,997.3398808374308,998.484728110008,972.1040249246488,994.8511352539062,205399.0,0,1
2025-07-03,994.901020897762,1004.6071292795784,981.3124448590607,987.0365600585938,133295.0,0,1
2025-07-04,987.0364754818642,996.4439457209854,979.6697644217168,993.9552001953124,68295.0,0,1
2025-07-07,997.48927380202,997.48927380202,972.6018168708316,979.2716674804688,167198.0,0,1
2025-07-08,980.56578237882,995.000507094041,974.9910164481324,984.7468872070312,100045.0,0,1
2025-07-09,985.593054873736,999.2313933914058,984.5477938372107,993.3081665039062,172053.0,0,1
2025-07-10,991.5162740836466,997.4892636865602,987.384931970808,993.009521484375,55129.0,0,1
2025-07-11,992.312670270964,996.2449006168338,961.6513354942408,968.2714233398438,75809.0,0,1
2025-07-14,965.732820854436,993.2086088067816,961.4521905632796,988.927978515625,142234.0,0,1
2025-07-15,992.511705867897,999.4304305132364,977.7285818950832,981.0634765625,81388.0,0,1
2025-07-16,991.9144720240798,999.8784579551912,982.0092523701818,995.1498413085938,108812.0,0,1
2025-07-17,995.0004863115764,998.6838419347428,988.2311104627352,990.2221069335938,294914.0,0,1
2025-07-18,1000.0775230762696,1000.0775230762696,976.6833140742388,983.154052734375,77720.0,0,1
2025-07-21,985.4934854906994,994.0049832098728,977.3303878480648,987.68359375,76707.0,0,1
2025-07-22,983.0545279893926,993.9054832860396,973.5972945555708,975.3394165039062,61613.0,0,1
2025-07-23,975.5882442225696,979.8688743665704,962.3978929613972,972.7510986328124,53639.0,0,1
2025-07-24,972.7511160541818,982.1585256836408,968.17178775734,978.1267700195312,39455.0,0,1
2025-07-25,970.6605387494528,974.9411689940484,947.8138421779192,954.8321533203124,66280.0,0,1
2025-07-28,953.2890439272836,955.777789406167,920.8358271868012,929.8948364257812,486847.0,0,1
2025-07-29,926.3110761560116,945.1260164616164,917.0031922795558,923.9716796875,102872.0,0,1
2025-07-30,924.8178665016392,953.3886781893438,924.8178665016392,950.501708984375,296427.0,0,1
2025-07-31,940.2212100124942,953.4960832777348,924.2514230059128,928.8427124023438,40421.0,0,1
2025-08-01,924.2514314868104,945.2117771252802,922.2552080926704,924.2015380859376,121391.0,0,1
2025-08-04,932.6355676240914,932.6355676240914,906.335288601261,915.7674560546876,123643.0,0,1
2025-08-05,924.2513772013832,924.2513772013832,901.344702915058,903.5904541015624,183912.0,0,1
2025-08-06,904.1893597308796,912.2241462550036,879.9351981245336,883.4285888671875,77949.0,0,1
2025-08-07,877.0407417045919,885.374949829515,846.4485944735302,854.1839599609375,432787.0,0,1
2025-08-08,849.3929987240874,877.7892868348596,834.5710653587303,839.7113037109375,286762.0,0,1
2025-08-11,839.7611950292968,860.2724377494245,831.4768806892413,847.6463012695312,359274.0,0,1
2025-08-12,856.6792184986579,877.8391976993827,836.267823036733,845.8497314453125,171391.0,0,1
2025-08-13,846.1990593569042,853.3355821460931,840.1106025543064,843.9533081054688,108487.0,0,1
2025-08-14,853.285676667918,854.5832096330663,841.2084891125509,849.5926513671875,62360.0,0,1
2025-08-15,853.285676667918,854.5832096330663,841.2084891125509,849.5926513671875,62360.0,0,1
2025-08-18,853.7347929123619,883.3288283078102,853.7347929123619,873.2479248046875,356070.0,0,1
2025-08-19,881.3326017252034,883.9276676907485,861.2705815918315,868.4070434570312,431297.0,0,1
2025-08-20,868.4070328570991,1016.0776643317266,868.4070328570991,988.3800659179688,4787771.0,1,0
2025-08-21,986.1842396870328,986.4836610090096,939.4227315412982,943.714599609375,897090.0,1,0
2025-08-22,939.073344561144,946.9085577577082,919.3107455905342,924.9002075195312,278012.0,0,1
2025-08-25,928.3936032910652,940.0215678082571,924.3512022521402,927.64501953125,110916.0,0,1
2025-08-26,927.6449888120926,927.8445624055124,893.3099237976098,901.59423828125,139080.0,0,1
2025-08-27,927.6449888120926,927.8445624055124,893.3099237976098,901.59423828125,139080.0,0,1
2025-08-28,905.287257850353,907.083846619108,892.1620654110234,901.4944458007812,143428.0,0,1
2025-08-29,893.3099113035157,921.0574025097455,893.3099113035157,909.8785400390624,129845.0,0,1
2025-09-01,912.5734761658778,935.2306229725658,905.3371666498148,931.53759765625,110844.0,0,1
2025-09-02,931.5376312608144,949.7032762645692,917.3644330306364,937.9754638671876,148281.0,0,1
2025-09-03,937.9754385359604,960.9819002633968,935.829474085156,945.5111694335938,101416.0,0,1
2025-09-04,949.8030364476174,950.3520465995208,937.8256964625532,944.9622192382812,107871.0,0,1
2025-09-05,949.2042091319483,956.4405188230174,941.2193156797344,944.1637573242188,54247.0,0,1
2025-09-08,944.1637422867032,997.1135539643958,942.2673057540457,963.5770263671876,304804.0,0,1
2025-09-09,971.2624360538218,978.0995375054536,953.9452230481128,972.0609741210938,265497.0,0,1
2025-09-10,978.1494408506212,1003.401654027376,973.358516997782,980.7445068359376,235854.0,0,1
2025-09-11,987.5316988878112,996.414856092922,979.8961203354188,984.18798828125,57883.0,0,1
2025-09-12,984.1381019547108,1000.1078885990062,984.1381019547108,991.2246704101562,277309.0,0,1
2025-09-15,1002.6031708552482,1002.6031708552482,969.5157446815618,977.4507446289062,123768.0,0,1
2025-09-16,969.515740332,1007.6935114750212,967.1702022898666,999.7086181640624,142901.0,0,1
2025-09-17,1003.1022055123492,1010.588042866919,989.1286424504856,993.5702514648438,154516.0,0,1
2025-09-18,998.0118848835084,999.8084737085568,973.158879890648,985.4855346679688,282327.0,0,1
2025-09-19,989.1286424608722,994.1192006973044,946.1599482291706,956.8896484375,678105.0,0,1
2025-09-22,956.1410679189656,962.6287936481554,938.624220634133,949.5036010742188,194842.0,0,1
2025-09-23,954.1947639371142,976.7021700865876,951.3002157036536,970.16455078125,159826.0,0,1
2025-09-24,970.1645596298348,978.9479302902396,950.2023258925952,953.2964477539062,46089.0,0,1
2025-09-25,951.8492162433568,958.13730756571,940.4208254645322,949.2540893554688,162614.0,0,1
2025-09-26,940.8700047125049,948.3558423538182,913.272192240235,918.1629638671876,210343.0,0,1
2025-09-29,918.2627195615696,925.998084862224,907.9322883344622,910.1780395507812,170417.0,0,1
2025-09-30,909.778798704852,927.1459663503384,909.778798704852,922.9039916992188,49540.0,0,1
2025-10-01,916.9152791708362,923.2532636941824,907.9322744430008,914.7194213867188,59595.0,0,1
2025-10-02,916.9152791708362,923.2532636941824,907.9322744430008,914.7194213867188,59595.0,0,1
2025-10-03,914.76932501005,938.125161931458,914.2702691862584,935.6298828125,85143.0,0,1
2025-10-06,945.710808099909,953.1966456310428,913.37196559745,916.8653564453124,145178.0,0,1
2025-10-07,921.6563201878984,925.6487667801442,912.0744118145684,917.5640258789062,48949.0,0,1
2025-10-08,918.761808271268,928.5931840244062,908.830584797446,916.06689453125,77454.0,0,1
2025-10-09,919.2608630126148,922.105456950393,900.3965277750136,912.323974609375,197583.0,0,1
2025-10-10,912.323977353947,941.8681199070076,911.924769230198,935.7796020507812,90027.0,0,1
2025-10-13,933.0347782886172,933.234412806888,915.268402720766,926.447265625,63609.0,0,1
2025-10-14,919.3606556523948,928.2438740841724,910.277863618027,912.423828125,92601.0,0,1
2025-10-15,912.2740388246848,917.7636528438704,899.7976433265353,907.3333740234376,153968.0,0,1
2025-10-16,911.9746200536564,918.2128178200844,908.2815947919509,914.8192138671876,42718.0,0,1
2025-10-17,914.8192418648256,919.0113230761422,899.3984043302871,902.54248046875,53690.0,0,1
2025-10-20,903.3908581977076,906.2355130407906,886.6225941391699,890.9644165039062,170701.0,0,1
2025-10-21,893.4097495420093,914.7693640805362,893.4097495420093,908.1318969726562,21625.0,0,1
2025-10-22,893.4097495420093,914.7693640805362,893.4097495420093,908.1318969726562,21625.0,0,1
2025-10-23,918.2627549773624,918.4124960988528,898.3005211735068,904.93798828125,93430.0,0,1
2025-10-24,901.294839532906,908.1318801159975,893.4097329586219,895.6055908203125,65290.0,0,1
2025-10-27,895.306155972595,908.8804501344308,895.306155972595,906.534912109375,32039.0,0,1
2025-10-28,904.388980957882,920.7081436957608,901.244965675836,906.5848388671876,47025.0,0,1
2025-10-29,911.3757552077504,937.1270854167352,901.9436485203996,930.3898315429688,201734.0,0,1
2025-10-30,933.2344299499048,940.4208463003444,915.8672621796673,923.552734375,65701.0,0,1
2025-10-31,915.1686163340128,921.9058701193444,893.4097331506488,898.799560546875,99175.0,0,1
2025-11-03,895.3061636010615,910.1780517791176,892.611249921292,907.732666015625,60298.0,0,1
2025-11-04,907.732652631941,921.7062157374128,891.1639626835125,894.208251953125,85286.0,0,1
2025-11-05,907.732652631941,921.7062157374128,891.1639626835125,894.208251953125,85286.0,0,1
2025-11-06,893.3099561834492,898.3005145978819,877.3900626574285,885.6743774414062,77569.0,0,1
2025-11-07,885.3250371843461,919.260833423656,874.5454435040749,914.4699096679688,74900.0,0,1
2025-11-10,910.4774550612516,913.2222620859308,902.392714182074,910.0781860351562,116280.0,0,1
2025-11-11,909.2797453369526,910.8268062652356,888.4191867455642,889.96630859375,46513.0,0,1
2025-11-12,893.309931316998,899.5980225601654,880.3344798006617,887.3711547851562,104992.0,0,1
2025-11-13,888.3194037380271,898.3005206339599,884.1772158582537,892.162109375,54555.0,0,1
2025-11-14,888.3193718197929,892.3118184347132,880.334478589952,883.6282348632812,37584.0,0,1
2025-11-17,892.8109144585867,900.0971176748828,869.4051829408397,871.5511474609375,129501.0,0,1
2025-11-18,875.3439544631419,875.3439544631419,850.6905834704502,856.030517578125,237193.0,0,1
2025-11-19,858.5257980960829,871.700823723017,831.4270412317913,837.9646606445312,504040.0,0,1
2025-11-20,838.4137739926565,843.7536468757213,828.432657635601,832.3253173828125,574558.0,0,1
2025-11-21,832.3253722508184,838.3140424598329,811.7642346479266,816.2557373046875,128823.0,0,1
2025-11-24,820.1982722849805,840.4100337863749,814.858399169857,830.8281860351562,820173.0,0,1
2025-11-25,830.8281909132859,839.8111960777595,825.1389421251387,833.572998046875,148151.0,0,1
2025-11-26,834.4213592064002,931.2381915545112,834.4213592064002,874.894775390625,6981690.0,1,0
2025-11-27,876.3420462160873,879.8354370609122,859.3741478269376,866.8599853515625,157913.0,0,1
2025-11-28,868.2573392199077,868.3571260158576,846.3487765577115,855.23193359375,171240.0,0,1
2025-12-01,855.2818946844461,888.7685282574016,853.9843008074225,880.33447265625,196926.0,0,1
2025-12-02,878.3382734052581,889.7167708605143,867.3091515879565,884.4766845703125,118218.0,0,1
2025-12-03,882.630108920753,902.2929203648972,882.3306876134614,894.0086059570312,117459.0,0,1
2025-12-04,891.8127467519785,891.8127467519785,873.6471027930842,878.038818359375,113081.0,0,1
2025-12-05,878.0388338002144,882.6301230385229,858.3760220415613,868.2073974609375,63372.0,0,1
2025-12-08,866.3609274323454,872.149962920148,836.6172119233719,847.1472778320312,73251.0,0,1
2025-12-09,840.0107774672139,883.3288493632723,820.547599430396,869.3552856445312,230290.0,0,1
2025-12-10,865.3628141134466,871.6509054230241,849.3930274631407,852.437255859375,41694.0,0,1
2025-12-11,858.3760201214029,869.1057203729205,844.1529290903215,867.1094970703125,49803.0,0,1
2025-12-12,866.3609127666206,876.1922881575903,858.7752885896195,872.9484252929688,69389.0,0,1
2025-12-15,874.3458258940565,880.2846025347374,867.2093030613211,868.5068969726562,29889.0,0,1
2025-12-16,864.3646838021438,866.3609070903705,854.6829886702644,860.6217651367188,56641.0,0,1
2025-12-17,860.6217620105838,860.8712899207057,845.1510315830233,846.7479858398438,27264.0,0,1
2025-12-18,841.4580207373862,854.383578887005,831.1275894494114,848.5945434570312,43244.0,0,1
2025-12-19,849.9419806414929,865.6622394483759,843.554102503653,854.6331176757812,92965.0,0,1
2025-12-22,862.6678868452979,862.6678868452979,844.6020903496344,851.1397094726562,82580.0,0,1
2025-12-23,846.3986714254331,855.8308386152744,833.4232200946186,849.9419555664062,222131.0,0,1
2025-12-24,854.2837785627338,863.9155193539175,841.408114015883,847.2969970703125,80683.0,0,1
2025-12-25,854.2837785627338,863.9155193539175,841.408114015883,847.2969970703125,80683.0,0,1
2025-12-26,847.2970064961756,856.3299047707422,840.4100117233564,846.398681640625,106174.0,0,1
2025-12-29,840.4100177529707,850.0917130393308,829.43078949254,837.465576171875,149150.0,0,1
2025-12-30,838.6134041002584,838.6134041002584,825.438318394147,826.9354858398438,115800.0,0,1
2025-12-31,834.7706813464669,858.1265190864822,828.4326965301311,854.2838134765625,103792.0,0,1
2026-01-01,854.3836070396554,863.3666122538574,841.5079418646714,858.1265258789062,78547.0,0,1
2026-01-02,853.3854839359059,859.6236819178936,846.4984889958307,857.9268798828125,106359.0,0,1
2026-01-05,859.274343224554,870.7526271911597,853.3854601259004,856.9786376953125,113699.0,0,1
2026-01-06,856.9786497954024,856.9786497954024,834.4213505713619,835.9185180664062,87872.0,0,1
2026-01-07,838.4137885644353,838.5635296803536,818.0522864741959,821.9449462890625,257221.0,0,1
2026-01-08,821.9449478489583,828.3328868085804,813.4609987819078,816.6549682617188,97700.0,0,1
2026-01-09,818.4016616650998,820.3978849701333,799.7369615790562,803.3301391601562,140999.0,0,1
2026-01-12,798.5391997786511,806.474199444792,785.3142206417161,797.74072265625,131597.0,0,1
2026-01-13,803.9789185826891,816.4553139672745,802.0325887187139,808.8696899414062,62660.0,0,1
2026-01-14,812.8621929406116,813.710563517747,800.5354768922646,806.1249389648438,100976.0,0,1
2026-01-15,812.8621929406116,813.710563517747,800.5354768922646,806.1249389648438,100976.0,0,1
2026-01-16,806.1249115942414,820.1982617200474,806.074957275009,812.5626831054688,62921.0,0,1
2026-01-19,802.0824914536795,812.0137144794033,799.5373189495745,807.9713745117188,41344.0,0,1
2026-01-20,812.4629072383083,812.4629072383083,769.1448359733663,778.1777954101562,238788.0,0,1
2026-01-21,778.1777593259258,816.4054227000682,773.1872011590691,800.9346923828125,1134210.0,0,1
2026-01-22,786.5119783643897,825.2386981100268,786.4620849659863,813.3612060546875,162267.0,0,1
2026-01-23,812.4628871269607,824.6398615012959,809.4685521621193,816.6549682617188,138631.0,0,1
2026-01-26,812.4628871269607,824.6398615012959,809.4685521621193,816.6549682617188,138631.0,0,1
2026-01-27,813.4609818758807,823.8912606372876,795.2454445516662,819.5494384765625,241005.0,0,1
2026-01-28,818.5014628383482,838.9627520743189,807.0730720323257,832.8244018554688,135092.0,0,1
2026-01-29,832.824414934677,832.824414934677,797.6908714132702,802.7313232421875,209646.0,0,1
2026-01-30,802.4817946821479,818.4016882407308,779.5252259288029,786.7615356445312,407422.0,0,1
2026-02-02,785.114610719648,785.114610719648,747.0865806802378,752.9754638671875,479512.0,0,1
2026-02-03,768.845402261148,806.6738586782717,764.1542652584061,792.8499755859375,829084.0,0,1
2026-02-04,794.3499755859375,810.0499877929688,787.5499877929688,804.0499877929688,104172.0,0,1
2026-02-05,804.9000244140625,807.0499877929688,786.3499755859375,790.4500122070312,65084.0,0,1
2026-02-06,789.9000244140625,789.9000244140625,760.0499877929688,771.4000244140625,150332.0,0,1
2026-02-09,774.5999755859375,833.75,774.5999755859375,830.0,453909.0,1,0
2026-02-10,831.0,838.9000244140625,822.1500244140625,826.3499755859375,64850.0,1,0
2026-02-11,826.3499755859375,847.4000244140625,815.75,844.6500244140625,564496.0,0,1
2026-02-12,845.0,845.0,818.0,835.75,112462.0,0,1
2026-02-13,830.0,842.4500122070312,820.3499755859375,825.5,166861.0,0,1
2026-02-16,823.6500244140625,830.0,811.0,820.1500244140625,82117.0,0,1
2026-02-17,825.0,837.5999755859375,820.7000122070312,830.0499877929688,89509.0,0,1
2026-02-18,830.0,843.4500122070312,825.1500244140625,840.9000244140625,40525.0,0,1
2026-02-19,843.5,855.4000244140625,832.0499877929688,844.1500244140625,250213.0,0,1
2026-02-20,840.5999755859375,864.75,835.6500244140625,843.5499877929688,662821.0,0,1
2026-02-23,851.9500122070312,855.4500122070312,843.0999755859375,849.75,260365.0,0,1
2026-02-24,846.5499877929688,846.5999755859375,830.0,842.0999755859375,89714.0,0,1
2026-02-25,842.0999755859375,848.8499755859375,831.8499755859375,833.9000244140625,67172.0,0,1
2026-02-26,833.8499755859375,839.0,831.0,837.5,53407.0,0,1
2026-02-27,835.0499877929688,840.0,813.1500244140625,823.25,281254.0,0,1
2026-03-02,780.0,815.7000122070312,780.0,806.9500122070312,129107.0,1,0
2026-03-03,780.0,815.7000122070312,780.0,806.9500122070312,129107.0,0,1
2026-03-04,800.0,802.0,785.2999877929688,799.1500244140625,77047.0,0,1
2026-03-05,802.3499755859375,815.25,797.2000122070312,813.5499877929688,67659.0,0,1
2026-03-06,806.75,814.75,799.9500122070312,804.2999877929688,23729.0,0,1
2026-03-09,800.0,801.2000122070312,778.1500244140625,796.2999877929688,78714.0,0,1
2026-03-10,795.0,808.0499877929688,794.2999877929688,798.2999877929688,35867.0,0,1
2026-03-11,798.2999877929688,810.0,782.8499755859375,787.0999755859375,46470.0,0,1
2026-03-12,787.0999755859375,792.0,766.0999755859375,787.5,62285.0,0,1
2026-03-13,781.0,783.9500122070312,752.0,755.5999755859375,164807.0,0,1
2026-03-16,759.0,765.0999755859375,738.4000244140625,758.5499877929688,116300.0,0,1
2026-03-17,761.0,764.0499877929688,744.9000244140625,752.8499755859375,94438.0,0,1
2026-03-18,753.9500122070312,773.0,753.9500122070312,767.7000122070312,66371.0,0,1
2026-03-19,763.9000244140625,764.4500122070312,746.5999755859375,748.3499755859375,60684.0,0,1
2026-03-20,754.0,775.0,748.25,756.9500122070312,73003.0,0,1
2026-03-23,754.2999877929688,759.4000244140625,735.2000122070312,755.4500122070312,157123.0,0,1
2026-03-24,762.7000122070312,768.8499755859375,750.0999755859375,764.0,80758.0,0,1
2026-03-25,765.0,790.0,762.3499755859375,788.0,144350.0,0,1
2026-03-26,765.0,790.0,762.3499755859375,788.0,144350.0,0,1
2026-03-27,788.0,791.7999877929688,759.1500244140625,767.5499877929688,357135.0,0,1
2026-03-30,760.0,785.0,744.0,775.7000122070312,406933.0,0,1
2026-03-31,760.0,785.0,744.0,775.7000122070312,406933.0,0,1
2026-04-01,788.9500122070312,813.5,788.9500122070312,802.5,107728.0,1,0
2026-04-02,799.25,862.0,791.0499877929688,854.0,754560.0,0,1
2026-04-03,799.25,862.0,791.0499877929688,854.0,754560.0,0,1
2026-04-06,851.5,853.25,823.2999877929688,827.75,473344.0,0,1
2026-04-07,820.0,869.4000244140625,816.0,855.9500122070312,429985.0,0,1
2026-04-08,871.0,874.0,852.0,860.7000122070312,351724.0,0,1
2026-04-09,860.0,874.4000244140625,852.5,855.25,110129.0,0,1
2026-04-10,858.9000244140625,920.9500122070312,858.8499755859375,895.4500122070312,328309.0,0,1
2026-04-13,891.1500244140625,897.7000122070312,868.7000122070312,883.6500244140625,91103.0,0,1
2026-04-14,891.1500244140625,897.7000122070312,868.7000122070312,883.6500244140625,91103.0,0,1
2026-04-15,900.0,903.0999755859376,875.4000244140625,888.1500244140625,238519.0,0,1
2026-04-16,900.0,900.0,876.0,886.7000122070312,66835.0,0,1
2026-04-17,889.0,949.0,886.7000122070312,940.0999755859376,870434.0,0,1
2026-04-20,939.2999877929688,959.0,926.25,941.1500244140624,148605.0,0,1
2026-04-21,941.1500244140624,949.75,928.5,933.25,80005.0,0,1
2026-04-22,933.25,948.0,925.0,941.4000244140624,50999.0,0,1
2026-04-23,939.7999877929688,957.9000244140624,938.5999755859376,949.0499877929688,93005.0,0,1
2026-04-24,949.0,955.0,923.0,926.1500244140624,149018.0,0,1
2026-04-27,941.9500122070312,949.0,929.8499755859376,946.0999755859376,334525.0,0,1
2026-04-28,946.0,973.4000244140624,943.2999877929688,968.1500244140624,123141.0,0,1
2026-04-29,974.9000244140624,981.9500122070312,965.0,976.0999755859376,337594.0,0,1
2026-04-30,980.0,980.9500122070312,939.9500122070312,951.75,221374.0,0,1
2026-05-01,951.75,951.75,951.75,951.75,0.0,0,1
2026-05-04,965.0,983.0,957.9500122070312,980.0,108020.0,0,1
2026-05-05,981.0,983.7999877929688,957.0,974.3499755859376,53850.0,0,1
2026-05-06,980.0,992.0,970.8499755859376,987.7999877929688,97782.0,0,1
2026-05-07,987.7999877929688,1023.3499755859376,987.7999877929688,1003.4000244140624,240729.0,0,1
2026-05-08,1003.4000244140624,1037.550048828125,1001.0,1027.699951171875,441675.0,0,1
2026-05-11,1020.0,1044.5,1002.3499755859376,1039.0,178869.0,0,1
2026-05-12,1008.0499877929688,1028.699951171875,1002.75,1008.6500244140624,163329.0,0,1
2026-05-13,1008.0,1050.0,1000.0,1033.300048828125,127721.0,0,1
2026-05-14,1035.4000244140625,1043.9000244140625,1000.0499877929688,1037.3499755859375,129585.0,0,1
2026-05-15,1001.0,1123.9000244140625,990.0999755859376,1102.4000244140625,2228714.0,1,0
2026-05-18,1101.0,1166.4000244140625,1090.0,1098.25,1402951.0,1,0
2026-05-19,1096.699951171875,1107.050048828125,1068.0999755859375,1076.199951171875,159412.0,0,1
2026-05-20,1069.9000244140625,1087.949951171875,1055.0,1059.1500244140625,168315.0,0,1
2026-05-21,1058.550048828125,1075.0,1048.25,1062.4000244140625,128566.0,0,1
2026-05-22,1067.0,1085.0,1051.5,1056.8499755859375,85230.0,0,1
2026-05-25,1056.8499755859375,1073.699951171875,1053.050048828125,1057.4000244140625,73452.0,0,1
2026-05-26,1056.0,1068.0,1036.5,1043.3499755859375,149933.0,0,1
2026-05-27,1020.25,1051.0,1005.0,1035.0,129301.0,0,1
2026-05-28,1035.0,1035.0,1035.0,1035.0,0.0,0,1
2026-05-29,1035.199951171875,1082.0,1017.7000122070312,1029.050048828125,271476.0,0,1
2026-06-01,1019.0,1040.4000244140625,1015.0999755859376,1030.5999755859375,1025285.0,0,1
2026-06-02,1030.5999755859375,1030.5999755859375,1005.4000244140624,1023.0999755859376,79037.0,0,1
2026-06-03,1029.9000244140625,1033.0,1005.5999755859376,1011.7000122070312,51106.0,0,1
2026-06-04,1011.7000122070312,1035.9000244140625,1006.0999755859376,1028.5999755859375,113027.0,0,1
2026-06-05,1040.0999755859375,1070.0,1023.9000244140624,1039.800048828125,311452.0,0,1
2026-06-08,1025.0,1064.699951171875,1020.0999755859376,1054.5,146955.0,0,1
2026-06-09,1065.0,1076.300048828125,1031.0,1040.0999755859375,113780.0,0,1
2026-06-10,1030.199951171875,1050.0,1001.0999755859376,1016.4000244140624,114586.0,0,1
2026-06-11,1021.7000122070312,1030.0,993.2000122070312,997.7999877929688,212046.0,0,1
2026-06-12,1002.0,1060.0,996.0,1053.0999755859375,367180.0,0,1
2026-06-15,1054.9000244140625,1082.5,1054.9000244140625,1065.9000244140625,142437.0,1,0
2026-06-16,1071.5,1073.699951171875,1051.800048828125,1065.5,86279.0,0,1
2026-06-17,1065.5,1135.0,1065.5,1130.300048828125,543328.0,0,1
2026-06-18,1138.0,1268.0,1136.0999755859375,1192.199951171875,2071027.0,1,0
2026-06-19,1176.300048828125,1306.9000244140625,1176.300048828125,1241.699951171875,2169097.0,0,1
2026-06-22,1240.0,1241.5,1181.4000244140625,1211.4000244140625,467600.0,0,1
