Date,Open,High,Low,Close,Volume
2021-01-04,104.7064794813861,104.72487232468157,102.15961784048422,103.85139465332031,12911800
2021-01-05,103.66750747934843,104.96392934354029,103.22617043637702,104.60533905029297,11081900
2021-01-06,103.14341011117936,106.31549469975859,103.14341011117936,106.03966522216797,17833700
2021-01-07,106.17759580001885,107.57515022064055,106.01209528831761,107.4188461303711,12407100
2021-01-08,107.61194169762443,108.41186210184188,106.91316089674994,107.93374633789062,9350600
2021-01-11,107.96130693935523,108.6141125114957,107.82338868838163,108.43942260742188,6428200
2021-01-12,108.22794883861967,108.34747425023728,106.77522299828051,107.26253509521484,9225500
2021-01-13,107.20737643917072,107.92454302449218,106.81201447356854,107.55677032470703,5259600
2021-01-14,107.73146302737081,108.13602142533172,107.08785377135554,107.2165756225586,5792300
2021-01-15,106.92233072134836,107.79580124404625,106.4993865829505,107.54755401611328,10335200
2021-01-19,108.40264928519888,108.70606804934064,107.78662235059394,108.35667419433594,6194500
2021-01-20,108.5405826283214,109.12902739611827,107.88776991844476,108.95433044433594,6872000
2021-01-21,108.81639167761517,108.92672768135678,108.07164294309683,108.43942260742188,5796200
2021-01-22,108.11760711669922,108.72444459316687,107.9796958855142,108.11760711669922,4796400
2021-01-25,108.18198286623925,108.88995295849327,107.96131085076115,108.82559204101562,6962000
2021-01-26,109.13820997343963,109.40485008822509,108.36587889459722,108.4210433959961,5504000
2021-01-27,107.225759496881,107.225759496881,104.86278434086853,105.1294174194336,13096900
2021-01-28,106.02128550969671,108.0072916653739,105.81900632552801,106.66490173339844,12626100
2021-01-29,106.50858850783267,107.26254073011927,104.90875492413531,105.76383972167969,10462400
2021-02-01,106.6281111832071,106.97749799842023,106.00288787216384,106.16838836669922,10105300
2021-02-02,107.00509786972178,107.52918168626944,106.4442353800181,106.4718246459961,11515700
2021-02-03,106.4718101502493,106.52697464506556,105.38686399170942,105.71786499023438,11280300
2021-02-04,105.71788015361955,106.59135084929173,105.48801870583057,106.15921020507812,8451500
2021-02-05,106.88558284169129,107.05108337958717,106.09485882894602,106.35230255126953,5557000
2021-02-08,106.7292570714983,106.87636473377155,106.16839464102782,106.48100280761719,6956700
2021-02-09,106.47182095610879,106.73845405132387,106.37068136213848,106.63732147216797,4730300
2021-02-10,107.40965449834081,107.43723674905188,106.45343005640821,106.83040618896484,5406400
2021-02-11,107.20737425055918,107.29931742362848,106.5269863520691,107.03268432617188,4684000
2021-02-12,106.82120690890237,107.95212826149763,106.6832886442228,107.83259582519531,6345300
2021-02-16,107.97051632252428,108.0716559177264,106.41665073697752,106.76604461669922,9531900
2021-02-17,106.41663945254442,107.20736328674106,106.29711404125935,107.1521987915039,5022200
2021-02-18,106.62811748470435,106.91314340304335,106.0396728059835,106.48100280761719,7756600
2021-02-19,106.56375875928333,106.6465055057366,105.10183643861583,105.19378662109375,9390800
2021-02-22,104.68808246294304,105.26733069817668,104.00769464483808,104.94552612304688,7213300
2021-02-23,104.8719754657769,105.51559167183667,104.28353077240537,104.77083587646484,8731500
2021-02-24,104.89036189883534,106.06725121366324,104.55936090218827,105.4971923828125,9842000
2021-02-25,105.3501062880052,105.77305053366015,103.9065765962729,104.43984985351562,14494800
2021-02-26,104.80762046829072,104.80762046829072,103.27214772898301,103.53878784179688,14687000
2021-03-01,104.38467525969169,105.37767835690545,104.35709300946037,104.89037322998047,7361800
2021-03-02,105.11102066184395,105.35926788720907,104.48579737354623,104.5869369506836,8456100
2021-03-03,104.20078564988417,104.31111464735235,103.02389624479568,103.26294708251953,14946600
2021-03-04,103.03309227891037,103.71348720952963,101.07467528492027,101.87459564208984,23441700
2021-03-05,102.47222666968936,104.2467572588323,101.64473110138789,103.91575622558594,15645200
2021-03-08,103.99849972850915,105.30411088924347,103.52958047521503,103.6583023071289,12691800
2021-03-09,104.42145607526821,105.92015015872298,104.21917688300012,104.26515197753906,11022300
2021-03-10,104.95473023458212,105.55237135493918,104.4674251258463,104.50420379638672,11641100
2021-03-11,104.86278134805127,105.7178661007541,104.71566667391095,105.13861083984375,6549400
2021-03-12,104.91795043433146,105.5155915482534,104.75244992608869,105.36847686767578,7452400
2021-03-15,105.17539528399165,106.1224232526305,105.05586986579932,106.09484100341797,7119100
2021-03-16,106.205168719544,106.39825146376441,105.644306313317,106.03047180175781,8618600
2021-03-17,105.57076790779408,106.16840908886584,105.0099054009991,105.64432525634766,7524900
2021-03-18,105.15701254069309,106.28792688046467,105.11103744744753,105.42365264892578,8553300
2021-03-19,105.53398092630812,106.42584441657542,105.00070071349468,105.80062103271484,12595800
2021-03-22,105.73419141909889,106.7952253029431,105.20828864733767,106.7214126586914,6156800
2021-03-23,106.59224454836725,106.76754781949298,105.37436406917446,105.64192962646484,9170500
2021-03-24,105.69727650253716,106.33389818891106,105.49429526693038,105.52198028564453,12647000
2021-03-25,105.67882096230683,106.16781734487942,104.58088090691234,105.96483612060547,11505300
2021-03-26,106.23239490578128,108.10534638331887,105.94637976561341,107.96694946289062,8286500
2021-03-29,107.53333211161144,108.84347480316733,107.4964257913923,108.47441864013672,8958900
2021-03-30,108.17917111485484,108.17917111485484,107.24730592149325,107.49642181396484,6865700
2021-03-31,107.72707484200984,108.36368944798987,107.54254325833723,107.7086181640625,8504100
2021-04-01,107.88392879179915,107.98541940997455,107.04432586674093,107.38570404052734,6676400
2021-04-05,107.93005194748967,108.46517592182758,107.75474870947767,108.13302612304688,7190900
2021-04-06,108.27144575794078,108.58514598444327,107.56101839656381,107.71786499023438,5206700
2021-04-07,107.65326956527244,108.02232571867778,107.20117947291023,107.47796630859375,5753200
2021-04-08,107.79166060830926,108.11458208519534,107.49641710956195,107.64403533935547,4292400
2021-04-09,107.70864513133299,108.88961940588035,107.64406082066748,108.82503509521484,5919100
2021-04-12,108.66816445569845,109.15716084818334,108.54822420217812,108.93572998046875,8279500
2021-04-13,108.59434916712912,109.6922892179571,108.49285855541426,109.3878173828125,6519600
2021-04-14,109.2586537789948,109.82146281903796,109.18484114180475,109.37860107421875,6226600
2021-04-15,109.81224561140958,111.57448554736966,109.81224561140958,111.2515640258789,8438300
2021-04-16,111.82358782675918,112.21110066884664,111.43608202383255,112.0819320678711,7447400
2021-04-19,111.86972394664785,112.1372894919206,111.53757410004452,112.10961151123047,7094300
2021-04-20,111.59292912717362,112.82926622121566,111.59292912717362,112.54325103759766,8063900
2021-04-21,112.89386372336888,113.93644099779526,112.83850775597897,113.87185668945312,9635900
2021-04-22,113.77957891886783,114.03791611709224,112.93075468494172,113.36439514160156,10030800
2021-04-23,113.30904341865983,114.37007733623783,113.06916287595702,114.11174011230469,4974500
2021-04-26,114.04714176604062,114.05637010551969,113.51201070282374,113.7242202758789,6907100
2021-04-27,113.43820195391801,113.45665863350882,112.88462123192708,113.06915283203125,7034700
2021-04-28,112.88462979574187,113.01379840603357,112.52480194719196,112.727783203125,6788100
2021-04-29,112.8477185522608,112.8753965333791,111.66674443014023,112.27568817138672,8148900
2021-04-30,111.83280064717347,112.48787190097465,111.74053837916031,111.94351959228516,7153400
2021-05-03,112.55247428766586,113.33671425060042,112.39562770291114,113.2167739868164,13179100
2021-05-04,113.05070050601728,113.41975668127716,112.56170406544138,113.33671569824219,16186300
2021-05-05,113.49356049150963,113.89029461718494,113.30902889866034,113.53968811035156,16713700
2021-05-06,112.89384104253767,113.69653760423492,112.31258238423568,113.68730926513672,16115000
2021-05-07,113.95488321602907,115.07127299805254,113.90874855628532,114.4715576171875,7576700
2021-05-10,114.8867525579508,115.50492467842481,114.5730593665366,114.61919403076172,8846700
2021-05-11,114.01946470269712,114.49923277205421,113.12450582337348,113.38284301757812,11357800
2021-05-12,112.77390999705995,113.33671202310919,112.20187259199834,112.31259155273438,10946500
2021-05-13,112.51556678574248,113.8441661700987,112.3402705619228,113.3274917602539,11228000
2021-05-14,113.98256185420944,114.27780537645589,113.61350569161118,113.89952087402344,6590400
2021-05-17,113.77034319953975,114.29624590157306,113.61349663067163,113.68730926513672,5997700
2021-05-18,113.6504076383675,114.37929159568142,113.27212315049195,113.7242202758789,9202000
2021-05-19,112.9861199706817,113.60428503733644,112.18342329066348,113.53047943115234,10063000
2021-05-20,113.49357083910753,115.2096760936862,113.49357083910753,114.72067260742188,7522700
2021-05-21,115.09894829569905,115.93855121717418,114.64685820522199,114.73912048339844,8423300
2021-05-24,115.32961398316961,115.56027321113595,114.8037112249728,114.84984588623047,4958800
2021-05-25,115.01590642284596,115.02512772261505,114.37928478077201,114.50845336914062,6798500
2021-05-26,114.4807913475036,114.51769766920425,113.35517317269746,113.84416961669922,6848800
2021-05-27,114.08404338189446,114.17630565540011,113.53046270170033,113.59504699707031,8102900
2021-05-28,114.02868212218667,114.97900396732518,113.96409782583359,114.03791046142578,10059900
2021-06-01,114.17631140456105,114.21321772365371,112.07270049040332,112.16496276855469,13368300
2021-06-02,112.26644104991112,112.55245619249985,111.67595408763512,111.94351959228516,13245100
2021-06-03,111.52834252668717,112.58014799738369,111.27923366853724,112.28490447998047,13244400
2021-06-04,112.87540411674384,113.20755399080036,112.5155762597095,112.64474487304688,11228900
2021-06-07,112.92152110414861,114.04713916344869,112.72776821447307,113.05068969726562,13978500
2021-06-08,113.32749716126098,113.39208146556956,111.83282278262644,112.70010375976562,10799500
2021-06-09,112.98611409172858,113.9825636345597,112.98611409172858,113.78881072998047,7965600
2021-06-10,114.06561030929144,115.86475669120155,114.01948268257274,115.73558807373047,9350900
2021-06-11,115.56027939754797,115.6156353626918,114.33317054967628,114.91443634033203,6958100
2021-06-14,114.84984761818008,115.03437218767141,114.20399754663823,115.01592254638672,5156000
2021-06-15,115.1358516445743,115.3111548959996,114.56381427198049,115.05281066894531,5409100
2021-06-16,115.17275622938567,115.75401489339892,114.28702572458249,114.60994720458984,11653200
2021-06-17,114.40697435287288,115.79092968778667,114.3885247123048,115.48645782470703,6527000
2021-06-18,114.6284098331031,114.78526346044679,114.01024478144635,114.1670913696289,11152600
2021-06-21,114.52923839862999,115.75187129688354,114.11242739243,115.53883361816406,6655400
2021-06-22,115.61293782513148,115.94638381362167,115.2239198607695,115.78892517089844,7194000
2021-06-23,115.63145549058152,115.90006514245356,115.26096624198644,115.3072738647461,6506600
2021-06-24,115.98345049139958,116.7151788988505,115.77041277616473,115.90008544921875,7029200
2021-06-25,115.85376169599114,116.77999898412672,115.78892536848683,116.42802429199219,8344200
2021-06-28,116.54845481124363,116.752228171781,116.15943679565264,116.6040267944336,4631400
2021-06-29,116.61329528988193,117.09493565011009,116.46509390726965,116.73370361328125,6165500
2021-06-30,116.61328404717604,116.90041536501636,116.2150017030926,116.65959167480469,8542700
2021-07-01,116.7429524011901,117.78034074127001,116.69663770864112,117.69697570800781,12021000
2021-07-02,117.84517835108915,118.93813868079744,117.64140500826778,118.82698059082031,12327900
2021-07-06,118.47501895613792,118.7250928565126,117.87296328500018,118.71583557128906,11413100
2021-07-07,118.72510222978195,119.46609497070312,118.28977659111855,119.46609497070312,18435700
2021-07-08,118.3546178796222,118.90109457228542,117.7340404964393,118.80847930908203,8386600
2021-07-09,119.23451035655977,119.57722772990444,118.94737908694576,119.21599578857422,5224200
2021-07-12,119.21601908578306,120.04036978649071,119.12338969472167,119.44757843017578,9097900
2021-07-13,119.29935962201223,119.72542083879937,119.04927160930579,119.3364028930664,9698800
2021-07-14,119.60502618509709,119.70691285267226,119.0122348828214,119.22526550292969,7487000
2021-07-15,118.58617723752305,119.1048679378991,118.07675089011964,118.80847930908203,8750600
2021-07-16,119.11411482566064,119.56796202838795,118.72508274723911,119.13262939453125,6511000
2021-07-19,118.3546157261951,118.91962111452355,116.91895197330979,117.88223266601562,19460400
2021-07-20,118.26196941258021,119.99403557085982,118.26196941258021,119.31788635253906,15053700
2021-07-21,119.79954436342726,119.83660177480806,118.22494357801678,119.51241302490234,8295700
2021-07-22,119.61429037581102,120.39232635498047,119.29010165119361,120.39232635498047,9261100
2021-07-23,120.90175463052455,121.902092618725,120.75355326932602,121.78167724609375,8303800
2021-07-26,121.43897471872053,121.79094942043686,120.59609537158919,120.994384765625,6626500
2021-07-27,120.82765941569455,121.55939483642578,120.50348482332556,121.55939483642578,9551600
2021-07-28,121.38340804288467,122.34668867220797,121.07774802013755,121.9947280883789,7432600
2021-07-29,122.39298620830542,122.47634416647949,121.92986759632707,122.29109954833984,5662700
2021-07-30,122.08734252047246,122.85612121493793,121.92062658187673,122.40225982666016,6634400
2021-08-02,122.88390227891583,123.05063234408851,122.20775299961379,122.56898498535156,8366300
2021-08-03,122.62454563552456,124.31030416875635,122.54118767726807,124.27324676513672,7701700
2021-08-04,123.7916161126265,124.55113752321371,123.58784276506702,123.74531555175781,8322100
2021-08-05,123.65268961238318,123.67121831720367,122.30037682570293,123.23588562011719,8240900
2021-08-06,123.18030975011101,123.2914537090036,122.34668765863576,123.13399505615234,6923700
2021-08-09,123.3099880329746,123.8379359950354,123.21735864083576,123.60637664794922,9852500
2021-08-10,123.67121146114383,123.92128536268343,122.84686080809188,123.3192367553711,5832600
2021-08-11,123.51376843609928,123.70827038412277,121.99473959787682,122.09662628173828,14512500
2021-08-12,122.21700381780084,123.1617697817624,122.13364585625514,123.05988311767578,8220300
2021-08-13,123.36555563866264,123.85646030641003,123.21735426980219,123.82867431640625,7922900
2021-08-16,123.82868737944972,125.2550868387404,123.40261193234309,125.236572265625,8404200
2021-08-17,124.90310394819177,126.71852111816406,124.83826055406307,126.71852111816406,13874500
2021-08-18,126.55182122010605,126.690751177609,124.7178609814999,124.79196166992188,12427700
2021-08-19,123.96761558068825,126.00533512208638,123.93057230172248,125.35697174072266,11669200
2021-08-20,125.47739138391472,126.44994355555805,125.0420586416864,126.07018280029297,7252700
2021-08-23,126.78339298231099,126.8760082519587,126.07944344002304,126.11650085449219,8471300
2021-08-24,126.11647144096689,126.13498601062084,125.31063539672385,125.67186737060547,6548100
2021-08-25,125.55146463017283,125.61629388970323,124.81047198837666,125.32916259765625,6918500
2021-08-26,125.4032774580054,125.68115149676332,124.59745546554208,124.83827209472656,5972100
2021-08-27,125.11611418781912,125.45881740593771,124.49553700189168,124.69931030273438,8679200
2021-08-30,124.58817356383214,125.85712826963093,124.57891627884804,125.40326690673828,6417200
2021-08-31,125.43107421617005,126.01460833432901,124.79196811214106,125.236572265625,9299100
2021-09-01,125.33846401377768,125.4496079900073,124.08803774814453,125.27362060546875,10571100
2021-09-02,125.73666252603176,126.63511347363682,125.5977326406305,126.61658477783203,6847800
2021-09-03,126.48693752260512,126.93152737824202,125.88488905420633,126.75555419921875,5632800
2021-09-07,126.28321293748938,126.48698631101733,125.19025950971414,126.01461029052734,8739100
2021-09-08,125.76447598906725,126.16276530302048,125.43103005797542,125.95899200439453,6986200
2021-09-09,125.78302612383308,126.0701574208483,124.43071346916152,124.50481414794922,8905600
2021-09-10,124.94942048952942,125.06057858893236,123.30071903654135,123.36556243896484,10561600
2021-09-13,124.01390261853133,124.0880032931967,121.98544081599958,122.60601806640625,11676700
2021-09-14,123.18030044669608,123.46743174098934,122.3744644058062,122.58750915527344,10436300
2021-09-15,122.43004911261554,123.9583492571911,122.2448044647684,123.38408660888672,10299900
2021-09-16,123.54154292835189,123.77310226709403,122.22628758028776,123.06915283203125,10525700
2021-09-17,122.96725789828864,123.29144660405696,122.38373801446892,123.18955993652344,13541400
2021-09-20,121.79253239571662,122.99159680052354,120.84443726822818,121.90406799316406,17245000
2021-09-21,122.46176055865172,123.34478369950246,122.0713718284775,122.0899658203125,11741800
2021-09-22,122.45246995397711,122.907916378379,121.7088662984911,122.2944564819336,11964100
2021-09-23,122.57329082318446,123.89318052497636,122.48034923416391,123.17747497558594,10366500
2021-09-24,122.97299188295625,123.428438320784,122.4152855791364,122.67554473876953,6962600
2021-09-27,122.32235225672204,122.47106165581238,120.66784140870263,120.9281005859375,11631400
2021-09-28,120.15660378162882,120.15660378162882,118.44631817517273,118.85530090332031,17433400
2021-09-29,119.38511517579997,120.35179001141954,119.1434358295999,119.79409790039062,11171400
2021-09-30,120.19377721400437,120.94667078712033,118.22323954776901,118.32548522949219,21653100
2021-10-01,118.48350788425925,118.9110775448063,116.44789817963833,118.35337829589844,23188900
2021-10-04,117.87001478687041,118.47419183080919,115.96454206863834,116.55012512207031,27580700
2021-10-05,117.02419039745394,118.43702895508598,116.8661769117608,117.24726867675781,19151800
2021-10-06,116.59661116560814,117.13571637202637,115.72287793041818,117.03347778320312,21322100
2021-10-07,117.84215066315447,119.34793793647285,117.61907238035374,118.58575439453125,15806400
2021-10-08,118.75307356273889,118.97615186185111,117.74921057943702,117.99088287353516,9552300
2021-10-11,117.88862129519788,118.51138530424112,117.03348202085219,117.0706558227539,7843400
2021-10-12,117.442444805235,117.56328446853935,116.21550382245317,116.50364685058594,13007200
2021-10-13,116.69885693243428,117.21937523896035,115.97384017352002,116.68955993652344,10609000
2021-10-14,117.89792033183481,118.82742146504017,117.89792033183481,118.3626708984375,8857900
2021-10-15,118.97613371358882,119.48736212475147,118.72517155181,118.94824981689453,8976100
2021-10-18,118.42773756317148,118.54857015220855,117.6283660565433,118.13958740234375,11660700
2021-10-19,118.78091950423334,119.9985704915545,118.78091950423334,119.69183349609375,9487000
2021-10-20,120.40756478361918,121.57874523248157,120.2960291915603,121.40213775634766,13665700
2021-10-21,121.65307975007401,121.9691066454365,120.77004256735846,121.89474487304688,8267500
2021-10-22,121.78323536725607,122.4338832860797,121.59733798802945,122.38740539550781,8009700
2021-10-25,122.44315415762227,122.66623948785295,121.49507341602397,122.5361099243164,10629700
2021-10-26,122.81498007360742,123.49351187878706,122.14573817316207,123.14029693603516,9271600
2021-10-27,123.33551005681066,123.46563965069288,122.12715572329738,122.1643295288086,11851400
2021-10-28,122.38738856324089,123.66080032802145,122.38738856324089,123.18675994873047,9282500
2021-10-29,123.02876355188761,124.54385485130754,122.55472310685172,124.3858413696289,15415100
2021-11-01,124.49737311242279,125.00860152738134,123.76305933919312,124.23711395263672,14356700
2021-11-02,124.72043617576583,125.6406472628403,123.63292171816484,125.01788330078125,20851500
2021-11-03,124.77623245950183,125.79867515712162,124.31148191065797,125.752197265625,14610000
2021-11-04,125.46403477103134,125.65923621187274,124.02330545604832,124.88774871826172,15818500
2021-11-05,123.76305644334661,124.27428484634328,122.60118015610881,123.4935073852539,14867300
2021-11-08,123.71659947293817,124.38584138546278,123.23325493987907,124.22781372070312,8948800
2021-11-09,124.26501915067143,124.37655475739585,123.5307052515679,123.77238464355469,7287000
2021-11-10,123.73516822888023,124.62749542688411,123.71658842073613,124.12555694580078,8445400
2021-11-11,124.10700186424954,124.19065356674332,123.46564377900565,123.76307678222656,8597300
2021-11-12,124.55311041657258,124.66464597687485,123.68868145811598,124.37650299072266,8317600
2021-11-15,124.66467209797418,124.7297439771564,123.48421601594778,123.60504150390625,6268900
2021-11-16,123.57715476129759,124.79479879853878,123.3633735031634,124.12555694580078,6150900
2021-11-17,124.26499599884337,124.78551431066339,123.72588369501257,124.30216979980469,8229000
2021-11-18,124.43228449195092,124.66465972357588,123.92107032882288,124.3486328125,9029300
2021-11-19,124.7204756611039,125.13876258596503,123.48425143267771,123.59578704833984,10166100
2021-11-22,123.7723462027813,124.19990868447604,122.88001907693297,123.03803253173828,11146200
2021-11-23,122.4617742474098,123.29831959371201,122.08997946751143,123.1681900024414,12075200
2021-11-24,122.9358077978077,123.34479054250673,122.50824524330301,123.12171936035156,6760800
2021-11-26,123.56786158503623,124.29287120912687,122.23866781883052,122.66624450683594,11896900
2021-11-29,123.33549068025499,123.82812507848995,122.87074017753827,123.00086975097656,17137100
2021-11-30,122.29443698211529,122.85212899751089,120.40753715667299,120.58414459228516,19467000
2021-12-01,121.16045041154517,122.7777729327359,120.35177496789136,120.37036895751953,22241400
2021-12-02,120.33321438059971,121.44861282444535,119.75691407454858,120.95597839355469,17531100
2021-12-03,121.80180296009316,122.26655345307483,120.17517623465727,121.17903900146484,22111900
2021-12-06,121.49506476185921,122.39666755588875,121.30915324171356,121.86685943603516,15230900
2021-12-07,122.69412528591558,123.73516181036872,122.52682192293942,123.43772888183594,11974700
2021-12-08,123.79092543341652,124.4508773256465,123.16816152041386,124.36722564697266,15144700
2021-12-09,124.24639753785819,125.06436296018867,124.15345594726774,124.65538024902344,9095800
2021-12-10,124.33005695988511,125.35251380141354,124.27428916544913,125.09225463867188,8554300
2021-12-13,125.09228029228697,126.6259516860405,125.09228029228697,126.27275085449219,12201800
2021-12-14,125.68713571005638,126.42143531416706,125.13873348317087,125.7614974975586,11070800
2021-12-15,126.03103942544082,128.40126985416805,125.91950384203811,128.33621215820312,14996300
2021-12-16,128.3268860000978,129.7490211761309,128.0945107859348,129.09837341308594,19227500
2021-12-17,128.44776187587152,129.2378293170122,127.69486823893564,128.19679260253906,21504200
2021-12-20,127.9336949284437,128.32558404942077,126.31948192684457,127.42050170898438,16185700
2021-12-21,127.78435572589426,128.00829839108638,126.59934892529617,127.95231628417969,10773400
2021-12-22,127.8870208039742,129.51989903535807,127.66309232999953,129.44525146484375,7246000
2021-12-23,129.78116016147075,130.39699194833264,129.39859669652003,129.97711181640625,7743800
2021-12-27,130.44362702713792,131.3487091064453,130.30365751444842,131.3487091064453,6968900
2021-12-28,131.47000031719747,131.7032686032376,130.658231237799,131.0034637451172,6065900
2021-12-29,130.8728629962812,132.02055346827674,130.77956420378663,131.7499542236328,7103600
2021-12-30,131.99253201622852,132.47771979565513,131.85256250335974,132.02052307128906,7931700
2021-12-31,131.8619069664539,132.36576021276173,131.41402159466176,131.46067810058594,7882800
2022-01-03,130.90083071461558,131.14343885449057,128.98804207753068,130.10772705078125,15122300
2022-01-04,129.81845447048934,129.96773533387852,127.84032997676502,128.39085388183594,14304500
2022-01-05,128.67074973791705,129.4452019686098,127.42977528563941,127.4764175415039,15370700
2022-01-06,126.68335094511674,127.45780340103316,125.77826881215219,126.002197265625,15182000
2022-01-07,125.70362333799271,125.9368916392824,125.0971314496664,125.35839080810547,9619400
2022-01-10,124.8078787120637,126.72068181277012,124.50930266144245,126.64603424072266,15589900
2022-01-11,126.83260065059474,127.67237485734356,125.96484963160748,127.6537094116211,12168300
2022-01-12,126.92591990710667,127.48576940590848,126.7393081533608,127.2898178100586,10831800
2022-01-13,127.06591277953238,127.22454776662096,125.087801976612,125.3117446899414,13804900
2022-01-14,124.9758105066708,125.22774422457431,123.80946915766508,125.09711456298828,14341800
2022-01-18,123.86543698209115,124.06138857065862,123.02567700266175,123.3429183959961,16471400
2022-01-19,123.57620125958331,124.54659100034628,122.71777573264077,122.83906555175781,14639600
2022-01-20,123.13764702646436,124.39730129274167,121.96198015215273,122.03661346435547,15127800
2022-01-21,122.40986431484613,122.7924277092619,120.60902579818517,120.80497741699219,25804800
2022-01-24,119.71328257090619,120.60902478130241,116.5594909107147,120.40374755859375,37938000
2022-01-25,118.80820170884114,120.65568249418055,117.81913936394282,119.62931060791016,19326800
2022-01-26,119.82523683569086,120.90760496779177,118.07106210158989,119.00413513183594,29557400
2022-01-27,119.58265718970577,121.15021323284407,118.92016899494404,119.31206512451172,18483600
2022-01-28,119.20942260714949,121.79403199132582,118.36965538382732,121.74737548828125,20906800
2022-01-31,121.5234408519275,122.67111673291141,121.28083274350331,122.44717407226562,19044400
2022-02-01,122.88572978482962,122.99770824326062,121.79403591869944,122.77376556396484,14674800
2022-02-02,122.68979162721172,124.72388422715731,122.43785789428317,124.42530822753906,13595200
2022-02-03,124.25735347549266,124.35999209463294,123.66018721074018,123.8934555053711,13805600
2022-02-04,122.76444012169641,124.3133307167995,122.54049744210218,123.4455795288086,12004100
2022-02-07,123.49223926701805,123.92144495052109,122.88573316632322,123.2309799194336,9229200
2022-02-08,122.57781652146127,124.45330268584259,122.29790596340423,124.23868560791016,11071600
2022-02-09,124.83583962146596,125.46101110667558,124.7052099613248,125.19973754882812,10811000
2022-02-10,123.75349611822753,124.8358501488583,122.75510101629581,123.24030303955078,14393300
2022-02-11,123.07232540511596,124.00539842331264,121.38346552019027,121.53276062011719,13072300
2022-02-14,121.28083374137087,121.5141020090426,119.38669654688158,120.29177856445312,14386900
2022-02-15,121.33679096737812,122.12058300658738,121.02888944624428,121.64470672607422,8969900
2022-02-16,121.01958417420781,122.17660000063326,120.68367727218534,121.83136749267578,8779200
2022-02-17,121.33681983136145,121.40214178248549,119.69461629855867,119.87190246582031,11906800
2022-02-18,119.75994328190127,120.40375178931053,118.57493640691112,118.97615814208984,13505600
2022-02-22,118.55627009430819,119.64796395226973,117.88445629901398,118.67757415771484,13682100
2022-02-23,119.28407195645653,119.69462643381272,117.96844247395767,118.08041381835938,12022800
2022-02-24,115.97164994557173,118.7988601409192,115.75704001235,118.55625915527344,23220000
2022-02-25,119.0881182797424,122.48451094409523,118.95748861404994,122.18592071533203,17012300
2022-02-28,120.22646488710136,121.40213177230393,119.85322713480848,121.26217651367188,17987700
2022-03-01,120.62770973222013,121.61676510832046,119.65731980781075,120.59039306640625,14064200
2022-03-02,121.12221330707612,123.07233261229167,120.96359259320151,122.40985870361328,12395600
2022-03-03,122.95104575933367,123.75348919082779,121.98998161013978,123.03501892089844,11172600
2022-03-04,121.79403535116936,123.76282023840945,121.43013739748831,123.6508560180664,12160400
2022-03-07,122.87640477873627,123.10967306505401,120.94493653399368,121.4954605102539,15704000
2022-03-08,120.69301562956858,121.58875786555481,118.93883358087683,119.01348114013672,21794600
2022-03-09,120.95426070711692,121.88733373150245,120.05850433917846,121.26217651367188,15576500
2022-03-10,119.79724021021202,121.47677443402738,119.66661056155772,121.21551513671875,10708800
2022-03-11,121.54210448782068,122.25124920024818,120.18915125565219,120.31045532226562,9869100
2022-03-14,121.28085099212358,122.90440349157328,120.80498878391099,121.15956115722656,14373200
2022-03-15,122.1392543193896,123.70682441829535,121.93397711313331,123.5761947631836,14374100
2022-03-16,124.20137356339256,125.07846464475583,122.93239344861387,125.05979919433594,13840400
2022-03-17,124.6958943666413,127.09389918021434,124.52794803479084,127.03790283203125,10973100
2022-03-18,126.96325269155221,127.98029886654601,126.58068933625805,127.8216781616211,11364200
2022-03-21,127.76180593674881,128.85690541665463,127.12534372223179,127.72437286376953,11473100
2022-03-22,127.85538493040872,128.03320984461084,127.28443427623979,127.75242614746094,8892100
2022-03-23,127.14402495431182,127.37802088404898,125.42181833912103,125.4592514038086,10013400
2022-03-24,125.92726020240134,126.95684814453125,125.65583117146531,126.95684814453125,7189200
2022-03-25,127.38742374593302,127.76181162030598,126.57310798209983,127.54653930664062,7040100
2022-03-28,127.76178673690349,128.510576621794,127.30314954043801,128.47312927246094,8467000
2022-03-29,129.5401548166893,130.05494877345527,128.46377913779833,129.23129272460938,12327700
2022-03-30,129.25001281498282,129.99880278843398,128.82882291803554,129.4840087890625,10752900
2022-03-31,129.21256902951427,129.92391159022233,127.99578720879344,128.22042846679688,15843000
2022-04-01,128.57609262582739,129.27808048996837,127.71498922631869,129.23129272460938,20785700
2022-04-04,128.94111488170358,129.16575612081726,127.85538459760033,128.15489196777344,16769500
2022-04-05,127.82731675354526,129.95198973528454,127.76179103099966,128.4263458251953,15025100
2022-04-06,128.0987652140478,130.69144477971665,128.0145300854042,130.382568359375,23197800
2022-04-07,129.91453940586072,133.22791539401751,129.91453940586072,132.89096069335938,18160200
2022-04-08,132.90031590352467,134.23876559011336,132.70375306434542,133.68653869628906,19102700
2022-04-11,133.30281519650575,133.84568753109883,130.8318184595185,131.02838134765625,16570700
2022-04-12,130.70075520709415,131.46826864893885,129.1938209720856,129.7554168701172,14085400
2022-04-13,129.74604523578773,130.5229133566297,129.07213588474357,130.39187622070312,15496400
2022-04-14,130.51354492492396,131.178085229329,129.6711511837952,129.76475524902344,10993400
2022-04-18,129.63376541528868,129.93328710769984,127.78987605707596,128.33274841308594,10125000
2022-04-19,128.66967155182815,130.0174902724529,128.62286951364428,129.55885314941406,11733100
2022-04-20,129.9145526796928,131.80524393111858,129.76479184588143,131.2998046875,13674800
2022-04-21,131.66485588380868,131.8146167381965,129.55889207066653,129.8490447998047,11409700
2022-04-22,128.67907272957066,128.71652008643565,124.98193888915533,125.11297607421875,17525300
2022-04-25,124.74789540111146,126.22675123063742,123.34391997482467,125.955322265625,16501900
2022-04-26,125.19717761042322,125.87108703334476,123.55920609565133,123.73704528808594,20087700
2022-04-27,123.71833492694009,124.7198444733711,122.85723152321292,123.46562957763672,16726700
2022-04-28,124.33608054598633,125.58094067359202,123.18482450814727,125.16910552978516,15510700
2022-04-29,123.952322609316,124.59815368949882,121.76212403633154,121.9493179321289,17430200
2022-05-02,121.84634782477308,122.52962618981012,119.22559782219207,121.191162109375,23615100
2022-05-03,121.56558884535195,122.74492337266139,121.14438468090255,121.57494354248047,13585300
2022-05-04,121.37836815089926,124.71983705723855,120.35814927168947,124.27056884765625,19053500
2022-05-05,123.66218543807832,123.79322260976885,120.60152843888226,121.85574340820312,16119800
2022-05-06,120.67638528577379,121.80893197541955,120.05864682794646,121.47197723388672,21742300
2022-05-09,120.1148046573524,120.14288302923575,117.86844207381714,118.32707214355469,17289800
2022-05-10,119.56256178732933,120.01183712771804,117.65315408740854,118.74826049804688,21850200
2022-05-11,118.15858423005601,120.8261364358424,117.82162951553676,117.96202850341797,19987300
2022-05-12,117.531482215737,119.17881565745681,117.26004606435781,119.10393524169922,17497100
2022-05-13,119.89015471258023,120.7419033499329,119.36600609943352,120.36751556396484,9841500
2022-05-16,120.22711832724322,122.08036228425316,120.19903995531728,121.25670623779297,8839800
2022-05-17,122.5202491123526,122.97888622379783,121.61234386604819,122.9227294921875,9058700
2022-05-18,122.08972286823752,122.38923024218052,119.36600672286191,119.74976348876953,10005000
2022-05-19,118.79506660797887,120.74191469834795,118.36451490085705,120.01184844970703,9672800
2022-05-20,120.81679142590049,121.7340515570812,119.17881976494519,121.47197723388672,12833700
2022-05-23,122.28627421780959,123.01634041812054,122.03356888214893,122.53899383544922,9196500
2022-05-24,122.18330315571815,123.10993213931211,121.39708029314133,122.90401458740234,9031300
2022-05-25,122.8198132422071,123.6715620517656,121.71534477093734,122.86661529541016,8532400
2022-05-26,123.17545194526579,123.8587159991216,122.81977359411876,123.3907241821289,9090100
2022-05-27,123.60601724207947,125.4686301290041,123.09122330026823,125.4405517578125,13696000
2022-05-31,124.33607209196711,124.56071332294555,122.76362632105186,123.76512145996094,11740800
2022-06-01,124.214401111466,124.23311050214078,121.01332434085646,121.98675537109375,9259900
2022-06-02,122.1459046774066,122.97892981618782,119.96506037430937,122.95085144042969,9575400
2022-06-03,122.09906704453407,122.64193928763574,121.35027725122218,121.50940704345703,5852600
2022-06-06,122.37987055530759,122.6325901569378,121.20053621766337,121.52812194824219,7729000
2022-06-07,121.52809465178125,123.23159148328912,121.0881812626325,123.10990905761719,7219100
2022-06-08,122.76362009379355,123.21288825098308,121.79018909090945,122.13651275634766,5372000
2022-06-09,121.72467960163144,122.13651470311002,119.34728021389465,119.37535858154297,7772900
2022-06-10,117.96204377049452,118.55171816771558,116.99798154512114,117.45661163330078,11289000
2022-06-13,115.13536245434915,115.83735026299198,113.42251048742324,113.89986419677734,14886200
2022-06-14,113.76881713782713,114.05896978835243,112.00916328047724,112.8141098022461,9299500
2022-06-15,113.43188313734804,115.15408996438121,112.21510129664725,113.9560317993164,10301600
2022-06-16,111.86877399817178,112.35548954425516,111.14806965695772,112.28060913085938,9383300
2022-06-17,112.31804667135287,113.99345839111923,112.17764768481587,112.215087890625,13724900
2022-06-21,113.78853733891494,115.75300536523224,113.4125690476268,115.23603820800781,7987200
2022-06-22,114.50289633946463,118.12164512696864,114.44650252687646,116.83393859863281,10188900
2022-06-23,117.37908896032259,119.55034384840084,117.37908896032259,119.45634460449219,11943300
2022-06-24,120.3305119162165,121.4584313214726,119.52216704636615,121.43962860107422,10448100
2022-06-27,121.43958994965459,122.4077217790738,121.05421318664766,121.89075469970703,8963600
2022-06-28,122.135181228677,122.74613336699522,119.54095808902414,119.76654052734375,7518700
2022-06-29,119.92631891897936,121.41141813460936,119.7383347628062,120.80986022949219,9157700
2022-06-30,120.18011252303324,121.22344114508775,119.26837425230667,120.53729248046875,10697600
2022-07-01,120.5842457221813,122.05055625882216,119.24014565809652,121.89075469970703,9366600
2022-07-05,120.71586159862152,121.21404041132632,118.59161337266721,121.18582916259766,9987000
2022-07-06,121.35501308695557,122.6333253097676,121.13883204448402,122.00357055664062,9033300
2022-07-07,121.82500399477331,122.68034848400772,121.7592016453215,122.52056121826172,6805500
2022-07-08,122.17273289541218,124.1089964726078,122.05055111254553,122.88709259033203,6505800
2022-07-11,122.2009673964697,123.26309873772716,122.06937704516747,122.57695007324219,7027300
2022-07-12,122.19155854160347,123.01870598895023,120.47147565029147,121.01663970947266,9280400
2022-07-13,119.99212127230952,120.80986023998327,119.53154789871427,119.84172821044922,9296500
2022-07-14,118.46941648178941,119.67253221789872,117.70807137371861,119.49394226074219,7784800
2022-07-15,121.27042302547468,122.43593329745202,120.73465316772727,122.3795394897461,9684800
2022-07-18,122.50173333866096,122.61452095195892,119.39054353438131,119.79471588134766,7047700
2022-07-19,121.07304356130142,122.0411756118992,120.54668217561004,121.83438873291016,6585700
2022-07-20,121.6651980493149,121.82498529052818,120.14250065062969,120.63126373291016,7599500
2022-07-21,120.98841981383089,122.539306640625,120.67823958001843,122.539306640625,9507700
2022-07-22,122.82130311692626,123.05628686384216,121.28920449750834,122.0317611694336,8657100
2022-07-25,122.1257496662862,122.89650326320167,122.01296205396496,122.67091369628906,5489000
2022-07-26,123.01872822978764,124.06205691503641,122.68974516040505,123.30069732666016,7482400
2022-07-27,123.22550573968329,124.62599995501594,122.65214471594135,124.07144165039062,7680700
2022-07-28,124.23122236718487,125.77271538133347,122.11636835947829,124.86097717285156,11052600
2022-07-29,124.23121427827567,124.672984900725,123.57326260939499,124.44739532470703,8309500
2022-08-01,123.75184230389613,124.4285966335689,123.24426938550678,123.52625274658203,7665400
2022-08-02,123.82705996283836,124.82338891209791,123.01871517229858,123.08450317382812,7935100
2022-08-03,123.7518509819523,124.70118021046517,123.41347379338733,124.21240997314453,6825700
2022-08-04,124.50381499253737,124.53201189936411,123.40407825720641,123.60147094726562,5493000
2022-08-05,122.83070461872468,123.61085242601924,122.53932704995924,123.55445861816406,8883400
2022-08-08,123.78944664430331,124.66359372298938,123.21608567423598,123.84584045410156,7075100
2022-08-09,124.0056347160749,124.59779843702181,123.17850155509035,123.46987915039062,5802500
2022-08-10,124.78579082357872,124.90798698796505,124.09024796112814,124.8139877319336,6736300
2022-08-11,124.43801460448523,125.65993317451554,123.74245742652403,124.0056381225586,8471400
2022-08-12,124.30640223674534,125.65050238609327,124.09961539188109,125.59410858154297,7515500
2022-08-15,125.52833416542639,126.3930727273431,125.07716933796361,126.223876953125,7486100
2022-08-16,125.95129275320842,126.3084726505425,125.39673453323094,125.88549041748047,7138400
2022-08-17,125.15235900878906,125.87611308736794,124.96437484795969,125.15235900878906,7251800
2022-08-18,125.11476074848088,125.36854723931643,123.93044769503388,124.59779357910156,7053600
2022-08-19,124.59778766499468,125.53772271297115,124.41919771111587,124.93616485595703,5946500
2022-08-22,124.1654503646475,124.5602214425425,122.88713787048931,123.30069732666016,6420400
2022-08-23,122.75553106980031,122.88712141147396,121.2422349694176,121.58061218261719,7501900
2022-08-24,121.70280589894834,122.20097040846206,121.2892321154412,121.73100280761719,6719500
2022-08-25,122.24796386391385,123.11270248472943,121.39261943142255,123.07511138916016,5636600
2022-08-26,123.11268047912392,123.12208900803871,119.55033319195273,119.64432525634766,9044500
2022-08-29,118.92058028091088,119.5503422192939,118.18743208368106,118.80779266357422,6727700
2022-08-30,119.23076665793808,119.23076665793808,117.72687192387619,118.01824951171875,7910500
2022-08-31,118.40363231960986,119.14618195069521,117.24750892661972,117.26631164550781,8954500
2022-09-01,117.07832214312432,119.2495772559414,116.91853488575738,119.19317626953125,11212400
2022-09-02,119.87933578778794,119.99213059294473,116.97493230244442,117.48249816894531,9730300
2022-09-06,117.94305443256303,119.07097363561601,117.26630004227708,117.59527587890625,9663400
2022-09-07,117.56709086438138,119.7101418695959,117.19111536829516,119.51275634765625,9038300
2022-09-08,119.07098510744083,121.62760269208579,118.82659996048457,121.59001159667969,9394800
2022-09-09,121.89077588106538,122.99051256021805,121.6652006379746,122.66152954101562,8880400
2022-09-12,123.13149192562975,124.11842659959466,122.80250892021787,123.47926330566406,7982400
2022-09-13,121.51479421571466,121.78738339416246,119.08036603664637,119.39994049072266,11928500
2022-09-14,119.79472750387754,120.499678839925,118.67620959372125,119.46575164794922,8080100
2022-09-15,119.98272415035142,121.2798320845924,119.8605279904906,120.13311004638672,8624200
2022-09-16,119.7571247910051,120.05790371169155,118.87358357411699,119.79471588134766,10810100
2022-09-19,119.03601707109078,119.1775707755589,117.4506314204329,119.14926147460938,9430100
2022-09-20,118.34712570361562,118.5264203311859,117.0259698808724,117.75260162353516,9010600
2022-09-21,118.22444851664076,119.00770609726311,115.77087740599138,115.79918670654297,11642400
2022-09-22,115.6198783983904,117.20526393802243,115.12916708361571,116.4125747680664,9505600
2022-09-23,115.7897529564927,116.02567340440709,114.37423026900639,115.81806945800781,16611100
2022-09-26,115.12918104134334,115.68594985444776,114.20436969788815,114.71395874023438,10450600
2022-09-27,115.51608473979479,116.26158697535297,113.90238263575797,114.36479187011719,13239900
2022-09-28,115.96904480586055,117.45062480308198,115.2235353907374,116.86553955078125,16360000
2022-09-29,116.51637447462224,116.79947464978358,115.10085199965665,115.88410949707031,10791700
2022-09-30,115.89353965712951,116.6956748091931,114.15716889910095,114.2892837524414,12389800
2022-10-03,115.11972527519461,117.08258488299883,114.77056766399967,116.63905334472656,9326800
2022-10-04,117.61104927278099,119.39460713397136,117.33738071210627,119.34742736816406,13717900
2022-10-05,118.58304991538532,120.36660781313435,118.13951834932874,119.7437744140625,9913400
2022-10-06,119.3002470669522,119.66828237952072,117.90360208585129,118.21501159667969,9399300
2022-10-07,117.31850461203983,117.52611573083867,115.05366717016483,115.71424865722656,10068700
2022-10-10,115.98791732767023,116.1483414833776,114.54407832714458,114.98760986328125,8377800
2022-10-11,114.75169060406114,116.82779461547865,114.45915158779351,115.60100555419922,10792900
2022-10-12,115.96903281980333,116.65792356501665,115.00648074263388,115.0347900390625,9292800
2022-10-13,113.38336324945985,118.27163498291925,113.19462258038166,117.71485900878906,14063600
2022-10-14,118.40372945659585,119.28135361740932,116.56354604858355,116.92214965820312,11442300
2022-10-17,117.6676718308273,119.0360073967973,117.52611813786353,118.80008697509766,8420400
2022-10-18,120.56476050179234,120.60250862890386,118.87556961207692,119.46064758300781,10016700
2022-10-19,119.0926300478869,119.10206888099775,116.76174224991804,117.79035186767578,7676200
2022-10-20,117.58274352812943,118.44149736859347,116.63906178681263,116.79005432128906,7196600
2022-10-21,116.7051061504632,119.73432333687002,116.08228001480136,119.4134750366211,8433100
2022-10-24,120.41378626886318,122.08409974867116,120.41378626886318,121.716064453125,7411300
2022-10-25,121.34804573106562,122.78244617603752,121.28199548922368,122.64089965820312,7174200
2022-10-26,123.0183484740619,125.1510639580271,122.98060754135957,123.99977111816406,8277100
2022-10-27,124.28287610242987,124.3017537681352,123.15989258372102,123.34864044189453,6496800
2022-10-28,123.53737182698922,125.47192214527607,123.1504588834439,125.37754821777344,6267100
2022-10-31,124.72642076707388,125.76447649843634,124.44331334948035,125.27375793457031,7852800
2022-11-01,125.42473942873318,126.04757281268618,124.00921686489825,125.3492431640625,8033300
2022-11-02,125.05670633156484,126.48166055368677,123.15046521365575,123.2165298461914,10228700
2022-11-03,122.32002080588975,123.37695413140335,121.45183534526672,122.69750213623047,7916600
2022-11-04,123.62229497977548,123.88652468731911,121.70662240036462,123.4429931640625,8082200
2022-11-07,123.6411766629713,125.09444010169459,123.17876746002138,124.76416015625,6054400
2022-11-08,124.79248367886208,126.34955285493598,123.93372980383023,125.38699340820312,8930700
2022-11-09,125.1888295553601,126.02870577139625,123.8865440790231,124.03753662109375,8963500
2022-11-10,126.89689118644212,127.44422835142426,125.18882945404411,127.1894302368164,12416800
2022-11-11,127.02898425217994,127.04786191654289,123.99975989695868,125.63233947753906,10487200
2022-11-14,126.00984287802758,127.24606386236111,125.69842612328475,125.74561309814453,10552600
2022-11-15,126.54772633200143,127.07618579930978,124.53767963008023,125.58516693115234,8184100
2022-11-16,125.89656919374798,126.74587689746163,125.31147679394809,125.52853393554688,6122200
2022-11-17,124.53765862612751,125.98149028417083,124.43385307688213,125.47190856933594,6498700
2022-11-18,126.5382715158439,127.20829183645756,126.12304927765398,126.99124908447266,6720700
2022-11-21,126.72700411248759,127.59520391343342,126.58545762289829,127.04786682128906,7995200
2022-11-22,127.34982717226303,128.2463217992264,127.33094950869713,128.15196228027344,5931100
2022-11-23,128.17084073955118,128.85027823832053,127.84997805469207,128.6615447998047,5340600
2022-11-25,128.81254651900446,129.529739396411,128.79366885397184,129.42593383789062,3256000
2022-11-28,129.02959539017914,129.79397526671073,128.19916528205889,128.45394897460938,5026800
2022-11-29,128.18030464715136,128.38791580162624,127.444233971992,128.13311767578125,5439600
2022-11-30,128.3218277493972,131.27555594506364,127.64237580407175,131.1906280517578,9377400
2022-12-01,131.94559659520564,132.26644495233052,130.8603538821893,131.568115234375,15140200
2022-12-02,130.24697724610826,132.08715403415056,130.24697724610826,131.90785217285156,7779800
2022-12-05,131.05850222774012,131.3604728451473,130.19974853545412,130.64328002929688,6921500
2022-12-06,130.39792220436897,130.8131444302005,129.01072343997956,129.6524200439453,8171500
2022-12-07,129.65243082584263,131.09626270427378,129.6146898928281,130.7187957763672,7427000
2022-12-08,130.9452488678818,132.04935457177731,130.69046521274754,131.89837646484375,6765000
2022-12-09,131.71909449015968,132.11543907946526,130.17145706549212,130.20919799804688,6203000
2022-12-12,130.29414923372664,131.59642028808594,130.29414923372664,131.59642028808594,5669700
2022-12-13,133.38941047939724,133.7857550548408,131.0868248892055,132.002197265625,9886500
2022-12-14,131.94560908930657,133.3233765883367,131.09628674659535,132.2098388671875,10882200
2022-12-15,131.03021268151704,131.36049264410428,129.322136671487,129.7845458984375,8746700
2022-12-16,128.80314246088733,128.88807037255677,127.1894401419557,127.89720153808594,10843900
2022-12-19,127.85547507276392,128.09236731691453,126.84158378635199,127.41960144042969,6801600
2022-12-20,127.46698920279876,127.88392188690973,126.69946060648351,127.39118194580078,4815500
2022-12-21,128.16820285790845,129.4663824743266,127.77022553494905,129.0684051513672,5937500
2022-12-22,128.34824531473487,128.92626310538463,127.22063565274937,128.88836669921875,5483300
2022-12-23,128.76513076607134,129.087300705766,128.01655773457452,128.96412658691406,3766900
2022-12-27,129.21050973519732,129.31474290380314,128.12081116602738,128.6324920654297,7050500
2022-12-28,129.05889059427204,129.6842895834685,127.75125524993535,127.79862213134766,5054200
2022-12-29,128.59458498916072,129.85483893389934,128.3008264774784,129.19154357910156,6297300
2022-12-30,128.75569031979822,128.88834941172334,127.4196144562088,128.72726440429688,6369500
2023-01-03,128.83149632406858,129.18209225100304,127.38170235385884,128.3577117919922,7239200
2023-01-04,129.07784381884326,129.40949873559836,127.86495671678911,128.69882202148438,8469800
2023-01-05,127.84602029853734,128.15871983429292,126.87949577517983,127.38170623779297,6714200
2023-01-06,128.23451640669091,128.90728230976455,126.60469654582123,128.5566864013672,7175700
2023-01-09,128.68934547742603,128.72725633488906,126.23514520127718,126.40570068359375,7719500
2023-01-10,126.3583487263643,127.66598428819364,126.16882333417222,127.46700286865234,7675200
2023-01-11,127.55227947423117,128.206104478652,126.96479124823321,128.18714904785156,7307200
2023-01-12,127.91235269364739,128.31032996404272,126.53836598879266,127.77969360351562,7580500
2023-01-13,127.07845159324265,128.73669698341536,127.02159977897996,128.3481903076172,6334100
2023-01-17,128.2819258182514,128.49986269071806,127.58071938927141,127.75128936767578,6664100
2023-01-18,127.7512486924832,128.0828891391213,125.82767048346346,125.95085906982422,10629100
2023-01-19,125.5813242312368,126.7563150508238,125.32547654093234,126.25410461425781,9902300
2023-01-20,126.53835144791066,126.98371001190914,125.57184152748204,126.88896179199219,5962200
2023-01-23,126.96477796535662,128.0355211240664,126.68050436811953,127.32484436035156,7211000
2023-01-24,126.68997268481178,127.42907534972478,125.6665964275271,126.48150634765625,5754800
2023-01-25,125.63818527386752,126.54785798457213,125.27811884273541,126.5194320678711,5999000
2023-01-26,126.81315370320843,126.92685734985966,125.7708220797232,126.75630187988281,6861100
2023-01-27,126.56681578430612,126.69947488431305,125.73295032211546,125.89403533935547,5854600
2023-01-30,125.65712275702151,126.44360674385025,124.56742421577076,124.7569351196289,7055400
2023-01-31,125.04120708300617,126.38675327932901,124.91801849065631,126.3677978515625,6290600
2023-02-01,126.36781717771194,127.74178949643647,125.42024806703887,126.96479034423828,11843000
2023-02-02,126.03616413656039,126.27305641785824,125.20231313834695,126.10250091552734,11274600
2023-02-03,126.18775445942661,126.59521662364715,125.31599276653604,125.73292541503906,10046800
2023-02-06,125.55290417144889,125.81822235941253,124.86118278559773,125.03173828125,7328300
2023-02-07,124.59583765020793,126.20670185980782,124.15994960210847,125.83715057373047,7551000
2023-02-08,125.38233548136279,126.16880501800549,125.27810231429184,125.46761322021484,5614100
2023-02-09,125.78032953667233,126.26358458019438,124.1694504740843,124.36844635009766,8085700
2023-02-10,124.53897605561788,125.67607032516244,124.36842059043876,125.54341125488281,6198600
2023-02-13,125.56235531381851,126.5952164493717,125.56235531381851,126.58573150634766,6300300
2023-02-14,126.75629354708379,126.98370082543678,125.20228115707214,125.83715057373047,6905900
2023-02-15,125.34442055031862,125.51499048123327,124.785358335455,125.21176147460938,6491900
2023-02-16,124.06521725737461,125.0696526643929,123.6956658809624,123.96099853515625,8008000
2023-02-17,123.37347693165444,125.29704078295337,123.25977328212112,125.06963348388672,10798800
2023-02-21,124.1599795068717,124.67167492391866,123.26926222877728,123.44930267333984,9066200
2023-02-22,123.58193269375678,123.87567673576893,122.77650781384509,123.03234100341797,7318900
2023-02-23,123.00393281559144,123.9894126984446,122.46382598992197,123.364013671875,9955500
2023-02-24,122.32167885272555,122.55857110294406,121.41202070878958,121.77208709716797,9008000
2023-02-27,122.43540336788101,122.77652880438596,121.12775345148594,121.40254211425781,6463900
2023-02-28,121.12774887326277,121.20355612948265,120.39811668355776,120.50234985351562,10282800
2023-03-01,119.92433854290235,120.56868579622324,119.78220896666691,120.3033676147461,11101000
2023-03-02,119.76326356981977,121.38361316842742,119.76326356981977,121.04248046875,10203100
2023-03-03,121.60154450945241,122.44488043129084,120.9951008629479,122.39749908447266,10048000
2023-03-06,122.48277441531725,122.89970712507456,122.05637121988609,122.34064483642578,8153400
2023-03-07,122.5869979502435,122.72914197671088,120.16122360292525,120.36968994140625,9604400
2023-03-08,120.12331904213265,120.49287760344647,119.24207958227484,119.725341796875,10793200
2023-03-09,120.18965281063734,120.38864866964353,118.0291965696708,118.51245880126953,13270300
2023-03-10,118.31347446501944,119.29894716373285,117.18586496016287,117.64070129394531,20483200
2023-03-13,117.26166284882365,120.36021027408457,117.11952605404045,118.7398681640625,21294200
2023-03-14,119.54530701506326,120.17069878796566,118.60720851164318,119.8011474609375,14582900
2023-03-15,118.51246854171012,119.86749266096575,118.29452446503633,119.69692993164062,17244600
2023-03-16,118.79674384223625,120.8719153106797,118.46508886487607,120.8150634765625,16011400
2023-03-17,120.71081148358549,120.80556693547427,118.8820030675595,119.26103210449219,15071400
2023-03-20,119.45985523652978,120.95334093115028,119.45985523652978,120.77259826660156,10592100
2023-03-21,121.23872849408637,121.64777275850288,120.50625759424008,121.50508880615234,8816300
2023-03-22,121.57166598606491,122.01876168287193,119.65010668373384,119.66913604736328,10480000
2023-03-23,120.16378214434646,120.8867455020718,118.75590689588921,119.4408187866211,10092300
2023-03-24,119.32667779915346,121.21017833825873,118.8795821108841,121.09603118896484,8163700
2023-03-27,121.95216869591275,122.50390413139232,121.44799941291708,121.59069061279297,9455400
2023-03-28,121.46701665427587,121.90459037709287,120.56331065030435,120.85820770263672,8037400
2023-03-29,121.45751514741089,121.60971377304169,120.66796345782167,121.191162109375,8183100
2023-03-30,121.84752655029297,121.88558527758613,121.07700424684882,121.84752655029297,6820400
2023-03-31,122.25658825495475,123.21736072972244,122.18999273420066,123.1507797241211,9202500
2023-04-03,123.24589202488859,124.67278953585624,122.90343604165027,124.53010559082031,8937300
2023-04-04,124.66327971097496,125.27208872332642,124.32082373433028,124.54911804199219,9052600
2023-04-05,125.24353292889376,126.91775383000571,125.10083449310804,126.69896697998047,12325800
2023-04-06,127.1936516109187,127.57415181106305,126.58484258159645,127.01290893554688,8276300
2023-04-10,126.67043790914948,126.99386449238536,126.0045553803843,126.9272689819336,8024300
2023-04-11,127.22217779861403,127.82146483814454,127.14607486189645,127.35535430908203,8887500
2023-04-12,127.84998990411475,128.32562232863177,127.16507805159826,127.39338684082031,8988600
2023-04-13,127.93563618412645,129.19129844712882,127.65976120325065,129.04861450195312,9373500
2023-04-14,128.75368882987777,129.02954921880854,127.53607111949384,128.01170349121094,6632100
2023-04-17,128.0497808051438,128.19246474749465,127.24119975808422,127.90709686279297,7187000
2023-04-18,128.1639213588509,128.1639213588509,126.86069303532072,127.03191375732422,7194200
2023-04-19,127.06998025990329,127.61219376124802,126.67995812682517,127.42194366455078,7048100
2023-04-20,126.81312468686909,127.08899964329365,126.29944801461251,126.89873504638672,6672000
2023-04-21,127.59319237566953,128.18297209220944,127.19366277590184,127.7549057006836,6535900
2023-04-24,127.88806579627366,128.5063822250985,127.56463918781611,128.4683380126953,6299800
2023-04-25,128.27806910702202,128.6680766587742,126.91775284190011,127.09849548339844,7752000
2023-04-26,125.97601989843552,126.06164478193281,124.53961494064473,125.29112243652344,10128800
2023-04-27,125.34818457975888,126.12821427877057,124.25422119515152,125.94747161865234,10008900
2023-04-28,125.7952670223045,127.38387755514431,125.59549502026262,127.02239227294922,7917300
2023-05-01,127.2031319368318,128.19244095554043,126.95580831094192,127.67876434326172,6793900
2023-05-02,127.46947768333582,128.27805853440137,126.2138012344079,127.12702178955078,14365800
2023-05-03,127.71682614869975,128.325635132219,126.7750831438902,126.95582580566406,8961500
2023-05-04,126.42310408626832,126.499207022905,125.4147655773466,125.94747161865234,9625300
2023-05-05,126.7750705694457,127.51705599091595,126.35651171320102,127.0794677734375,7650300
2023-05-08,126.88921447662479,126.92725868297423,126.21381006394039,126.80360412597656,5305700
2023-05-09,126.31846390680799,126.91776545868912,125.91893437727089,125.95699310302734,6452700
2023-05-10,126.31845975509412,126.62287149053687,125.56696687033936,126.30895233154297,6556600
2023-05-11,126.04260677233428,126.11870971069423,125.12938602716626,125.91893768310547,8764800
2023-05-12,126.10918119080355,126.37553417293168,125.18645317587793,125.74769592285156,6626800
2023-05-15,125.7667316166606,125.85234196912408,124.98668747603885,125.52891540527344,5725600
2023-05-16,125.26252766846625,125.3100938060931,124.45396138939866,124.48249816894531,7106000
2023-05-17,124.69181631364685,124.79645604288659,123.24588946828457,124.6347427368164,15512700
2023-05-18,124.36837335921761,124.5300866440383,123.3695423504782,124.33031463623047,12196900
2023-05-19,124.61571655302659,125.74772423955858,124.55864297473963,124.91060638427734,9277000
2023-05-22,125.0913524494628,125.90944096243803,124.73938903038538,125.0342788696289,12856100
2023-05-23,124.53008319554993,124.71082583685907,123.38856829509426,123.6644287109375,8723100
2023-05-24,123.42663433968539,123.45517112860958,122.53244291298897,122.81782531738281,7952900
2023-05-25,122.22803886858254,122.38975216855233,120.7250385030883,121.56214904785156,13737000
2023-05-26,121.4479882121244,122.58950319070104,121.08651016234269,121.31481170654297,8794900
2023-05-30,120.70599989916577,121.63824267379108,120.25890424488503,120.56330871582031,12114500
2023-05-31,120.23035794005428,121.80946099758272,119.9069313904831,121.60018157958984,15099100
2023-06-01,121.71434953764667,122.63707771618944,120.77259925311081,122.39926147460938,9751900
2023-06-02,122.78928303322309,124.18764368853472,122.50390064160108,123.96885681152344,10293000
2023-06-05,124.24473384111634,124.97721202380804,124.09252794325643,124.41595458984375,7880200
2023-06-06,124.9201178987892,124.95816210942145,122.83684537426315,123.37905883789062,9413500
2023-06-07,123.27442872441972,123.44566397349064,122.71318585414964,122.89392852783203,7519600
2023-06-08,122.912949399985,123.85469240177648,122.50389792752067,123.6834716796875,6583100
2023-06-09,123.71200908809307,124.49203879566815,123.03660458999715,124.06397247314453,10446100
2023-06-12,123.99739355883344,124.53960703910262,123.51223913868841,124.51107025146484,7321100
2023-06-13,124.23520200299706,125.32915083419931,124.11153292089314,125.13890075683594,8362700
2023-06-14,124.50155824978415,124.60619797232587,123.37905808841377,123.85469055175781,12401600
2023-06-15,123.86422293752513,125.9474811099489,123.84519357314417,125.77626037597656,10598600
2023-06-16,126.09967289771231,126.75604800153268,125.63356238612717,125.76673889160156,10535000
2023-06-20,124.56512264577204,126.17938041338063,124.54601495017691,125.62537384033203,8585100
2023-06-21,125.31972747517175,126.07432852589984,124.73706656033114,125.64448547363281,9444800
2023-06-22,125.83551914117253,126.68562943843943,125.67314016022287,126.50414276123047,8036400
2023-06-23,126.33218877038841,126.59963818903921,125.73998142550452,126.08384704589844,8096500
2023-06-26,125.76863628812134,125.96923064053058,124.15437863387167,125.36746215820312,7092800
2023-06-27,125.36748214768248,125.50120687897724,124.21170694692576,125.08092498779297,8578200
2023-06-28,125.0522684637931,125.08092272177267,124.27857434853982,124.67974853515625,10897800
2023-06-29,124.39317925619378,125.56806201845319,124.18303833489051,125.49164581298828,7843300
2023-06-30,125.99787976658625,127.07722396211744,125.92146356758322,126.78112030029297,8260900
2023-07-03,126.41818263358762,126.41818263358762,125.20509895653943,125.73999786376953,5240300
2023-07-05,125.47253948670134,125.94058328469204,125.18598235680706,125.67313385009766,7942100
2023-07-06,124.83257551296822,125.13822577637846,124.35498513428207,124.67019653320312,8213100
2023-07-07,123.98247030612023,124.42184531058423,123.15145310219522,123.21832275390625,8749700
2023-07-10,123.22784704803327,124.34540662905962,123.2183004887577,124.19258880615234,7476500
2023-07-11,124.02068093349456,124.622449546877,123.67681523654794,124.22127532958984,7278300
2023-07-12,124.53647048951547,124.65108751521615,123.68636020746523,123.8869400024414,11900400
2023-07-13,124.20213415953357,124.51734551136258,123.81050660954304,123.93468475341797,7526200
2023-07-14,124.87076817655584,126.1984687596117,124.73704346225168,125.79729461669922,13298600
2023-07-17,125.46300021004775,125.73044966016846,124.75616119192765,125.22420501708984,7905000
2023-07-18,125.27195479492502,126.62832434281637,125.04272073323244,126.1507339477539,8130300
2023-07-19,126.77159094145286,127.52617732477863,126.51368805668764,126.7333755493164,12484000
2023-07-20,127.58350855418688,129.3601308795546,127.48798464265197,128.8347930908203,12650200
2023-07-21,128.95893686338323,130.5349937120348,128.73924939050463,130.13381958007812,11308900
2023-07-24,130.1338319231079,130.7164927694073,129.73265775310034,129.84727478027344,12034000
2023-07-25,128.97805331489016,130.3153005122068,128.8061277787643,129.7899627685547,7802900
2023-07-26,129.16906544186833,130.12424601957179,128.83476098461148,129.70396423339844,8205300
2023-07-27,129.89502300586796,130.36305220063102,128.720140301899,128.74879455566406,8800800
2023-07-28,129.14039067350765,129.35053153320845,128.3953511072581,129.13084411621094,6897600
2023-07-31,128.90162914424334,128.94939109296158,127.65989135207178,128.13748168945312,9735900
2023-08-01,127.84138433951654,128.3094281402793,127.15365305365748,127.46886444091797,10555300
2023-08-02,127.497493440932,128.3667112237812,127.2109363661039,127.55480194091797,13873000
2023-08-03,127.13455037110995,127.29692933265534,126.66650660554966,126.91484832763672,11863400
2023-08-04,126.95307864083166,127.73631928712645,126.15073029831453,126.46592712402344,12631200
2023-08-07,126.84800098635482,128.05152343193515,126.78113134081656,127.9273452758789,8165600
2023-08-08,128.739284219365,129.07360337389173,128.03244508617624,128.91122436523438,12601200
2023-08-09,128.7965696303819,129.57026371069347,128.7106068603254,128.87298583984375,9833600
2023-08-10,129.18819197441803,130.41082212618753,128.6532931048815,128.78701782226562,9541700
2023-08-11,128.7488221625811,129.74221842244637,128.4431718652479,129.58938598632812,7674400
2023-08-14,129.60848288493378,130.3917235486954,129.49386585484723,129.9810028076172,8723300
2023-08-15,129.65623512189023,130.0383015768125,129.36011685818934,129.50340270996094,9118500
2023-08-16,129.29330182845587,129.71358380396913,128.49095327969718,128.5196075439453,9462400
2023-08-17,128.06106516808603,128.50998662410726,127.44018905675695,127.49749755859375,11163800
2023-08-18,127.24916915345679,127.87959188932301,127.13455213780848,127.54527282714844,9463000
2023-08-21,127.49751419173333,127.83183326259446,127.09634005164038,127.67900085449219,6872400
2023-08-22,127.48797490300367,127.79362516174011,127.16321694843951,127.23007202148438,6939400
2023-08-23,127.99421091163266,128.28076803014628,127.23962458861732,127.61214447021484,7276800
2023-08-24,127.36379961917613,128.36674233671394,126.50414276123047,126.50414276123047,10241700
2023-08-25,126.91486590739696,127.87960782566378,126.48503747025038,127.43067169189453,8509100
2023-08-28,127.87960090856274,128.29032162687048,127.25872468857726,127.72676849365234,6768400
2023-08-29,127.89869738783209,128.87298583984375,127.72677184771915,128.87298583984375,10737000
2023-08-30,129.18820182276988,129.57982944457146,128.66284947339003,128.77748107910156,7892700
2023-08-31,128.79655861145488,128.86342825460125,127.21095519430304,127.2396240234375,7540200
2023-09-01,128.2234424258115,128.2234424258115,127.24915418272411,127.5834732055664,10183900
2023-09-05,127.65033642626757,127.74586031744352,126.26532745361328,126.26532745361328,11042600
2023-09-06,126.11251271629085,126.23669087722742,124.9662987361811,125.5776138305664,12840000
2023-09-07,125.95967239529821,126.68561904457411,125.86416307164127,126.14115905761719,11055700
2023-09-08,125.87370963153678,126.52324007694678,125.84505537694963,126.14115905761719,8716900
2023-09-11,126.08386469997322,127.25873299461398,126.06475700313696,127.01039123535156,7179000
2023-09-12,126.62831209324956,127.1823040720169,125.94058082489607,126.8479995727539,6941700
2023-09-13,126.54234629168556,127.37336348541047,126.50414547324978,126.86711883544922,6430300
2023-09-14,127.58352964656306,127.65993129853878,126.886237041866,127.26831817626953,6433300
2023-09-15,126.96260521951933,127.5643736691489,126.17936469649463,126.26532745361328,9611900
2023-09-18,126.46675846467454,126.59144598202457,125.59397511259468,126.07352447509766,6559400
2023-09-19,125.86252702298087,126.44757785590029,125.33501977449849,126.17903137207031,6252400
2023-09-20,126.73530782607033,127.09016967931304,126.16944307774129,126.18862915039062,6350700
2023-09-21,125.94884517232369,126.15983341715977,125.0281040039903,125.08564758300781,7979500
2023-09-22,124.92259876300045,125.56519310028338,124.68282410126724,124.8266830444336,7790300
2023-09-25,124.7019901726375,125.54598689499598,124.35671412972852,125.50762939453125,6826300
2023-09-26,124.93216628122892,125.33498589809705,124.34711560644102,124.44303131103516,8200700
2023-09-27,124.67324600524373,124.79791888538185,122.90849326463851,123.81964874267578,9888600
2023-09-28,124.03065012872764,124.76914558611087,124.03065012872764,124.4142837524414,9129000
2023-09-29,124.68283196665207,124.79791912844522,123.28254141453449,123.47437286376953,12692700
2023-10-02,123.08113107452051,123.3400918068144,121.86307169562522,123.30171966552734,16035100
2023-10-03,122.69749350725068,122.95644692928299,121.69043697384711,122.2083511352539,11971100
2023-10-04,122.31383702524444,122.8988877266795,121.7383793581739,122.72624969482422,10064300
2023-10-05,123.00440245286272,123.61822500642141,122.30425721537188,123.39763641357422,9609700
2023-10-06,123.0523627930689,125.0856472987166,122.9852188612448,124.69241333007812,10692400
2023-10-09,124.34712602961402,125.23909532612542,123.8484053010292,125.12400817871094,8047600
2023-10-10,125.08566497945675,126.28453849133778,124.65407344211687,125.71867370605469,8154900
2023-10-11,125.87212236057539,126.07352489807867,124.60610501467112,125.16238403320312,9591800
2023-10-12,125.25828969658802,125.49806435938035,123.99227245239618,124.08818817138672,10927700
2023-10-13,124.54856218991955,125.58439057886243,124.1649285501712,124.86506652832031,11383800
2023-10-16,125.36378499568868,126.52428611136142,125.25828356383812,125.80496215820312,10545000
2023-10-17,125.20072576708046,126.32288401622704,125.10482468715327,125.63233184814453,9149900
2023-10-18,125.80496590307989,126.15982771410262,124.31836009536381,124.5389633178711,10085700
2023-10-19,124.37590287005352,124.51019072707079,122.5440282983063,123.31131744384766,15492500
2023-10-20,123.0619487411978,123.7045430977739,122.80298800103942,122.82217407226562,12296800
2023-10-23,122.73586031366513,123.14826572498936,121.93980664620659,122.05490112304688,12344200
2023-10-24,121.66166558103207,122.81258838257968,121.66166558103207,122.42894744873047,9375900
2023-10-25,121.87267185037973,122.24671975901768,120.43402379643616,121.33557891845703,11427000
2023-10-26,120.33812862161736,121.23968384277022,120.0408103326598,120.13671875,14699100
2023-10-27,119.8010175452306,119.95446952634084,117.57590162172426,118.10340881347656,13566100
2023-10-30,118.71723226404973,119.12964498505957,117.8636350326897,118.76519012451172,15224500
2023-10-31,119.18719098938085,119.59960371878392,118.49664607913267,119.44615173339844,13917400
2023-11-01,119.30228452153358,120.28056927531935,119.09128164062518,119.69551849365234,13802600
2023-11-02,120.1558801934029,121.70002963731777,119.83937587617613,121.59452819824219,11894000
2023-11-03,122.42893496683872,122.95643479442724,121.99733621625747,122.1987533569336,11635600
2023-11-06,122.71667405818988,123.20582375469213,122.21794596064763,123.01399230957031,8425100
2023-11-07,122.96604568163099,123.39763715184777,122.63994833209703,123.1003189086914,8241900
2023-11-08,123.61822554494105,123.61822554494105,122.17957755676903,122.92767333984375,10021100
2023-11-09,122.81259620270023,122.95645515937952,120.27098308612142,120.38607025146484,13905500
2023-11-10,120.84643140756017,121.27802287850749,119.50369181734109,121.10538482666016,10401300
2023-11-13,121.23008420214967,122.0453166811485,120.52993889075272,121.8055419921875,11373800
2023-11-14,122.50568326444998,123.44560323381783,122.1987719653928,122.63036346435547,11216900
2023-11-15,122.71665666045969,123.21539200463774,122.41933845123052,122.72624969482422,9262700
2023-11-16,123.09072389772675,123.51272966814044,122.62076758262029,123.25376892089844,7665900
2023-11-17,123.51271561467857,123.71413275843476,122.63034666543119,123.00439453125,6766100
2023-11-20,122.52486484624727,124.02105654900402,122.43854947140025,123.75251007080078,6910000
2023-11-21,124.17450505970307,124.74997011133188,124.02104576131082,124.50059509277344,8373000
2023-11-22,124.91301365187108,125.39256297766725,124.74996863726247,125.09523010253906,6737700
2023-11-24,125.34459584546887,125.79537334914458,125.33499549346539,125.7666015625,3708800
2023-11-27,125.4980621439467,125.92005324987717,124.74996638001558,124.98014068603516,10530200
2023-11-28,124.75956835664554,125.03770055756021,124.25124718502913,124.33756256103516,6261300
2023-11-29,124.20326954402952,125.04728100086368,124.1457259691878,124.37590026855469,6979000
2023-11-30,124.47181221972812,126.01596151492211,124.04022078678085,125.9392318725586,7743100
2023-12-01,125.7665917366125,126.57223096908375,125.67067603216897,126.43795776367188,9370900
2023-12-04,126.10228459815771,126.91752429285484,126.06392709196804,126.67774963378906,6943900
2023-12-05,126.4187937514788,126.71611199857082,125.7282415361173,126.51470947265625,6581000
2023-12-06,126.79283441154477,127.0326090661183,126.36124296024913,126.61060333251953,6210400
2023-12-07,126.6298069590752,126.93672558412985,125.88171110386138,126.4571762084961,6396700
2023-12-08,126.54349484906534,126.965500652062,125.91048614457034,126.66818237304688,6007600
2023-12-11,127.34912705699733,127.74236104509662,126.72571874196,127.5025863647461,9016800
2023-12-12,127.6848230513861,128.23150173647403,127.08058614735961,128.0492706298828,6779000
2023-12-13,127.50259278721589,130.44701840019863,127.3299473986309,130.40866088867188,9074300
2023-12-14,130.84982056039206,130.92655020783027,129.28649972722582,129.775634765625,10098700
2023-12-15,129.1714044974656,129.42077952297285,128.19313437099512,128.6726837158203,8296600
2023-12-18,129.15242395285128,129.2872983438277,128.54548184335434,128.88267517089844,5944300
2023-12-19,129.04646794363128,129.8171851554679,128.84416367940167,129.74974060058594,6358200
2023-12-20,129.67267882845533,129.74973731750185,127.86149563149924,127.87112426757812,7299000
2023-12-21,128.6418497735036,129.52816945689528,128.34320033347262,129.4318389892578,5606800
2023-12-22,129.7497515189443,130.48193954689586,129.55707587482362,130.0773162841797,5355100
2023-12-26,129.97132318207258,130.71312503683527,129.80754817387017,130.36631774902344,3688600
2023-12-27,130.2218222142934,131.00216814532888,130.1929216020484,130.91546630859375,5444100
2023-12-28,131.02143543938737,131.69580753469532,131.00216346517595,131.25265502929688,5800200
2023-12-29,131.25263780566854,131.61871706639175,130.84801460158047,131.38751220703125,5590000
2024-01-02,131.05995950034438,133.9597814457095,130.99252964358698,133.6996612548828,11785900
2024-01-03,134.142831827676,134.42220929879207,133.3143133509818,133.47808837890625,9585000
2024-01-04,133.89234595324913,134.87501086273633,133.66114105704716,134.14283752441406,11649200
2024-01-05,133.83453079405538,134.5859760288889,133.45880817663863,134.02720642089844,9437700
2024-01-08,134.0657337787633,135.2410740673543,133.51659287498603,135.21217346191406,7999400
2024-01-09,135.06765585417193,136.377870536047,134.74973449384126,135.19290161132812,9201300
2024-01-10,135.27001156172653,135.97328431956967,134.7594144594309,135.80950927734375,9773300
2024-01-11,135.63604632989959,135.86726586070864,134.87497259548687,135.71311950683594,7182300
2024-01-12,135.3374478682187,135.9925627685165,134.92319592408333,135.37599182128906,8026400
2024-01-16,135.03876392025887,135.22181090010122,134.3547632800353,134.5666961669922,7426900
2024-01-17,134.34512387429317,134.9616946822058,133.9212286875643,134.2969512939453,8337200
2024-01-18,133.1408986706591,134.4029410444579,132.4857985408314,134.2777099609375,8929300
2024-01-19,134.35476684570312,134.7015888429753,133.61295027094172,134.35476684570312,8842000
2024-01-22,134.47037605805957,135.29889449886107,134.13318267974648,134.94244384765625,7831400
2024-01-23,134.76902666065445,134.9328016829063,133.88270699306338,134.84609985351562,6407400
2024-01-24,135.20258406723264,135.5301341930395,133.5937193549568,133.6129913330078,9104900
2024-01-25,133.14088046762262,133.43952988010736,132.18713101487555,133.41062927246094,10050200
2024-01-26,134.33549742779527,134.45109986234817,133.83452904438627,134.17172241210938,5759100
2024-01-29,134.29695493904558,135.12547336281037,134.21025311219077,135.1158447265625,6229600
2024-01-30,135.33744727443698,135.6650120732542,134.69197571534417,135.42416381835938,5940300
2024-01-31,136.45497392487997,136.56094773511666,135.21220351411287,135.24110412597656,10223100
2024-02-01,135.4048687286877,136.9944610595703,134.74975394309035,136.9944610595703,8503600
2024-02-02,136.94630699847733,137.42800349119125,136.09853116744392,136.79217529296875,10629200
2024-02-05,137.28347848985226,138.06382433134024,136.58983447515004,137.21603393554688,9631700
2024-02-06,138.2853791597152,138.81524807506145,137.59174995259596,138.7092742919922,10159000
2024-02-07,139.05610610736287,139.72084945737595,138.7960006488239,139.0850067138672,7884600
2024-02-08,138.9501663214021,138.9501663214021,138.21799294376646,138.8441925048828,6672400
2024-02-09,138.78637754065176,139.00795378954757,138.2854091212183,138.7382049560547,7447800
2024-02-12,138.55513965677724,138.95976281065197,137.90002500273815,138.9212188720703,6645500
2024-02-13,138.2179649907053,139.18135778233204,136.94627944965845,137.6302947998047,11170000
2024-02-14,138.10237599030893,138.87307853839567,137.83262715843682,138.82492065429688,9701100
2024-02-15,138.9212512557312,140.10622038974762,138.7189469817378,139.8364715576172,9294800
2024-02-16,140.01951204467542,141.2333964330043,139.51855835128424,140.2892608642578,8424100
2024-02-20,140.3952265583861,140.8383937079447,139.46073438014477,139.81719970703125,9120400
2024-02-21,139.364399215472,140.16401696470737,138.9597760231252,140.12547302246094,7213500
2024-02-22,140.30852700939192,142.0329936558251,140.00987759298795,141.77288818359375,9130000
2024-02-23,142.25458999742767,142.84226021665853,141.94629723314546,142.447265625,9194600
2024-02-26,142.36054397946094,142.6880939707561,141.58982687625587,141.71507263183594,7248300
2024-02-27,141.02144886302546,141.80179471271887,140.69388412471037,141.36827087402344,7374000
2024-02-28,140.7709670940823,140.9251134875014,140.00026452740514,140.6649932861328,8038800
2024-02-29,140.6553819206644,140.8866015391853,139.42224002230836,139.51858520507812,9435600
2024-03-01,139.83644001064886,141.07922478564402,139.21986929056152,140.98287963867188,8741400
2024-03-04,140.57828993658018,141.31046324711224,140.43378688193866,140.77096557617188,10657800
2024-03-05,140.81915366730618,141.05037328040217,139.25846170448736,139.72088623046875,9743400
2024-03-06,139.98099276957123,141.19486254415253,139.98099276957123,140.6746368408203,8085300
2024-03-07,141.02146433260765,141.66693584328615,140.82877398297606,141.32974243164062,6438300
2024-03-08,141.19487164493776,141.8596151477486,140.81914897381122,141.0696258544922,7802500
2024-03-11,140.75169025848245,141.2430152814865,139.9713297628307,140.99253845214844,7723800
2024-03-12,141.08885924910882,141.99445074732003,140.6168062299776,141.6476287841797,7143700
2024-03-13,142.1871499463352,142.29312374988785,140.5493850097833,141.09852600097656,7874200
2024-03-14,141.18521964223606,141.29119343964214,139.8172036122172,140.59754943847656,9605700
2024-03-15,139.71123779481744,140.32780864215874,139.5474627713277,140.03878784179688,10570500
2024-03-18,140.61216229307655,140.74753851160798,139.92569155983028,140.0223846435547,6407000
2024-03-19,140.13837762918814,141.0375611713141,139.73229331145797,140.95054626464844,5240200
2024-03-20,140.61211290716307,140.67980099265532,139.84829092586617,140.63145446777344,8268200
2024-03-21,140.92154201777475,141.32762633758549,140.5251211032129,140.815185546875,8865300
2024-03-22,141.01824712027403,141.37598493779464,140.4477815895057,140.621826171875,5537200
2024-03-25,140.88285180269446,141.02787662539737,140.2060299546458,140.4284210205078,5253000
2024-03-26,140.7088481728789,141.1052691412427,140.3317687709284,140.94090270996094,6942400
2024-03-27,142.139767533173,142.81658935546875,141.76268825520506,142.81658935546875,8797400
2024-03-28,143.0196454647359,143.3193733005514,142.7875909692869,142.8359375,8090200
2024-04-01,142.748929094427,142.8359440016975,141.10525024839214,141.61769104003906,7378300
2024-04-02,139.70327241692218,139.8579606489305,138.68805436168265,139.4132080078125,10776400
2024-04-03,139.65496590279497,140.28342667485413,138.92981204889924,139.258544921875,8453400
2024-04-04,140.12871009334577,140.21573975989924,137.1700850161075,137.2474365234375,12685700
2024-04-05,137.0346979050546,138.9297725965335,136.9186780424316,138.475341796875,9073100
2024-04-08,138.36898956064317,138.36898956064317,137.81786568978904,138.03057861328125,9128200
2024-04-09,138.3303255319754,138.60104839704746,137.56648871365167,138.52369689941406,10534400
2024-04-10,137.1410862249472,137.52784377902555,136.42561056816356,136.8993682861328,13052700
2024-04-11,137.31511179136172,137.34411675973823,135.9421558594764,136.33856201171875,8153900
2024-04-12,135.6327453423785,135.6424087470855,133.8730467218792,134.30813598632812,13799400
2024-04-15,135.47804379183452,135.97115774965204,133.82470161864228,134.03741455078125,10383600
2024-04-16,135.19766565274685,135.19766565274685,133.9987394861369,134.08575439453125,10170500
2024-04-17,134.8689629245102,134.99464623580556,133.64103151443584,133.85374450683594,8480100
2024-04-18,133.940717716739,134.63686642898682,133.63132648534514,133.84402465820312,8105800
2024-04-19,134.54017312123665,134.72388108014084,133.8633659726075,134.3468017578125,9668400
2024-04-22,134.7625746171503,135.9324810458965,134.32747057421628,134.8592529296875,8531300
2024-04-23,136.1548632909827,136.8703388197264,135.53605131519856,136.61895751953125,8615500
2024-04-24,136.31924051719508,136.47392877013826,135.57474520882403,136.19354248046875,7378600
2024-04-25,136.10649935104374,136.32887565558977,134.58850407954174,135.28465270996094,9693300
2024-04-26,134.78191893225204,135.68111735070167,134.6852406071589,135.32337951660156,6013800
2024-04-29,135.4877517726292,136.16455909055048,135.10099419575056,135.77780151367188,6388600
2024-04-30,136.23218511962753,136.52224951319698,135.58438300085223,135.6810760498047,9677700
2024-05-01,135.0816322492988,137.14105864154303,134.92692925878313,135.9228057861328,10710200
2024-05-02,136.65763631289184,136.7543293798043,135.09130895128627,135.8261260986328,8425500
2024-05-03,136.41591683895186,136.551278279107,135.45872335260114,136.16453552246094,8539300
2024-05-06,136.28054794129062,136.75432033255333,135.98082010829796,136.71563720703125,5605100
2024-05-07,137.0250617038291,137.97259186103256,137.0057201384559,137.84690856933594,7720600
2024-05-08,138.1272665186672,138.1466080800694,137.1990633641137,137.37310791015625,5461100
2024-05-09,137.5374705751882,138.63004008885878,137.51812901430964,138.5526885986328,6821800
2024-05-10,138.7364058021773,139.31651988765304,138.63971274462006,138.8330841064453,6324900
2024-05-13,139.11350113888076,139.23918442422925,138.44635732347305,138.69773864746094,5351500
2024-05-14,138.8911004625927,139.3552094563828,138.36899628619125,139.2875213623047,6198700
2024-05-15,139.90632098258612,141.51133141853254,139.84831104569724,141.35662841796875,8433700
2024-05-16,141.05689930623444,141.58868164508218,140.79583983929282,141.1922607421875,6740800
2024-05-17,141.16326956714724,141.49200240754104,140.62182377043,141.46299743652344,7071600
2024-05-20,141.3179720566825,141.51134344717897,140.86354117470552,141.16326904296875,3890000
2024-05-21,141.41463166631314,142.01410207682187,141.04723049896396,141.40496826171875,4048900
2024-05-22,141.02789615506353,142.08178268808285,140.94088124939188,141.65635681152344,6831200
2024-05-23,141.42432104030433,141.4339844456651,140.01268193322989,140.109375,5155900
2024-05-24,140.2931005965686,140.51547697412298,139.54860519813914,139.6356201171875,3949500
2024-05-28,139.32620709380538,139.32620709380538,137.3634588748961,137.94357299804688,8375100
2024-05-29,136.7640048464579,137.03472775373922,136.28056897584244,136.870361328125,6838200
2024-05-30,136.31925199267062,137.43114859283415,136.0195093603759,136.93804931640625,7395500
2024-05-31,137.37312577338378,139.01680462737855,137.20875936331333,138.939453125,7945900
2024-06-03,138.84278740624387,140.33176339054467,138.601069471869,139.916015625,10303300
2024-06-04,139.79030017943506,140.70882526507935,139.26818124432606,140.32208251953125,6964200
2024-06-05,140.4864474328508,141.11490807601817,139.70328379179028,140.960205078125,5373400
2024-06-06,140.8538509362637,141.72404424880932,140.3704151248351,141.42431640625,5425800
2024-06-07,141.28897554209584,142.28485227838397,141.12460911267172,141.5790252685547,5222300
2024-06-10,141.3566399122838,142.1398036305464,140.8441990903764,142.10113525390625,5396700
2024-06-11,141.99475780117606,141.99475780117606,140.9021882180203,141.51132202148438,5194000
2024-06-12,142.12045525060338,142.1687870257459,140.8441777157963,141.2115936279297,6522700
2024-06-13,140.68948149346008,141.32762029155884,139.79029798519437,141.09556579589844,4720600
2024-06-14,140.80552329811553,141.08590958554117,140.2253944060265,141.0472412109375,4109600
2024-06-17,140.44776033944092,141.1245822477825,140.15771066819678,140.90219116210938,4542800
2024-06-18,141.05690201368165,141.5500012355559,140.77651573142927,141.08590698242188,4872600
2024-06-20,140.65083466455172,141.733726303589,140.45746326519392,141.55001831054688,6653600
2024-06-21,141.73371344561752,142.24615424640888,141.39531721576344,141.94642639160156,8535400
2024-06-24,142.52201726330682,143.27913091924898,142.15316170386427,142.77438354492188,6446100
2024-06-25,142.9394325622471,143.14327774514942,141.988189601272,142.3279266357422,5171600
2024-06-26,142.07551693380861,142.32789804394963,141.49312974884063,141.82315063476562,4572700
2024-06-27,141.92991639175122,141.9881536260819,140.7748285405356,141.59017944335938,4637900
2024-06-28,142.11433299710114,142.70643618472215,140.84277077723377,141.47369384765625,7656800
2024-07-01,141.75518284877387,143.16265172709643,140.40596601299077,140.67774963378906,6562000
2024-07-02,140.17306141929177,140.37689179380698,139.37711284158155,140.16334533691406,7536100
2024-07-03,140.41571005521666,140.42541132535695,138.54232814118126,139.09561157226562,7654000
2024-07-05,139.39650359210984,140.2506892566645,138.68792583552155,140.17303466796875,4846900
2024-07-08,140.32833378661934,140.71659189116926,139.65857596683801,140.01771545410156,4001500
2024-07-09,140.3186172377109,140.77482865513548,139.4838489857316,140.69717407226562,8336700
2024-07-10,140.85250269376016,142.0464105967152,140.5418843193755,142.02700805664062,5342300
2024-07-11,142.03668652051076,143.40532074207678,141.86196001019957,143.02676391601562,7690700
2024-07-12,143.51209384478227,144.5215737765784,143.40532064718968,143.91976928710938,6614600
2024-07-15,144.47305508535322,144.60894691570962,143.201492641783,143.4150390625,5804100
2024-07-16,144.27892816440664,145.4922533860567,143.95860852855915,145.463134765625,7602500
2024-07-17,144.46336350846164,146.8900140784262,144.27893569536838,146.12318420410156,10395500
2024-07-18,145.19134299299014,146.14258576653617,142.55114627322737,142.8035125732422,11033400
2024-07-19,143.521808130061,144.22068461203452,142.95882347452132,143.53150939941406,5985700
2024-07-22,144.25951069950688,144.6186650363781,143.54123164796218,144.35658264160156,5190200
2024-07-23,144.94868523225915,145.03604109305743,144.113916892067,144.26922607421875,3553300
2024-07-24,144.3468696398289,145.65725188501062,143.86153959099914,145.4728240966797,6870400
2024-07-25,145.03602825849862,147.08412163220075,144.58953291319722,144.7448272705078,11472800
2024-07-26,144.7254276397626,146.50172259888078,144.63805697384214,145.56019592285156,6028800
2024-07-29,145.57961442486683,146.14259912506677,144.88073788745305,145.64756774902344,8227200
2024-07-30,145.64755167492555,146.67644901614935,144.73512880671643,145.7737274169922,7269400
2024-07-31,145.71549741868546,146.23966219548421,144.67689875681884,145.23988342285156,8417800
2024-08-01,145.9872948386408,146.89001656773763,145.10400527264053,146.72500610351562,10357700
2024-08-02,146.94824081341184,147.31709641321984,144.25950802706635,146.4337921142578,15742100
2024-08-05,144.1430343883406,144.42451931908423,141.9008117787422,142.52203369140625,17575600
2024-08-06,143.09472726510685,144.99722780534688,142.6385157786998,143.1820831298828,13335600
2024-08-07,143.08502263468242,143.77418307764086,141.26987800184585,141.72608947753906,11485000
2024-08-08,143.93917395918862,144.98748860262154,143.288833495513,144.86131286621094,11479100
2024-08-09,145.11367716784332,145.9484454015203,144.80305884317428,145.57958984375,8550400
2024-08-12,145.92904350074045,145.92904350074045,144.60894510335206,145.02633666992188,5044300
2024-08-13,145.59902703778292,146.92882674517634,145.43401658447195,146.78323364257812,4815700
2024-08-14,146.59881049866348,147.52093473699563,146.24937223022084,147.30738830566406,4837300
2024-08-15,147.98685765991377,148.4624716693326,147.29768241476347,148.22952270507812,5886800
2024-08-16,148.1809810654417,148.62747643724884,147.76358950195407,148.3848114013672,4562500
2024-08-19,148.39454621245378,149.42344372468503,148.3071755320736,149.2875518798828,4729600
2024-08-20,149.685497680036,150.65615776150383,149.5301885123378,149.8893280029297,4878300
2024-08-21,150.19996042569684,150.52998132968546,149.61755839775324,150.14170837402344,5530100
2024-08-22,150.64647559749528,150.79208352915546,149.4719849287139,150.23880004882812,4951800
2024-08-23,150.63676331112302,150.99590285630788,150.10289722294303,150.88912963867188,4069400
2024-08-26,151.03472490029637,151.5006376240655,150.66586930463416,150.81146240234375,4433600
2024-08-27,150.95706248086643,151.46179506747765,150.51055231922052,151.04441833496094,3785400
2024-08-28,150.94736305616811,151.85008474804323,150.5105689264024,151.21914672851562,5150100
2024-08-29,151.82095896873867,152.22863445803884,150.89883478024313,151.53945922851562,4339200
2024-08-30,151.64624221400572,152.66543840850605,150.9862003729043,152.58778381347656,7020600
2024-09-03,152.27718254228233,153.20900807449826,151.87920829091314,152.2965850830078,7674900
2024-09-04,152.09275262443006,154.95619731841813,151.28710286247008,152.03451538085938,8235500
2024-09-05,151.8694730430118,151.95682889003183,149.21956052796563,149.9475555419922,7245600
2024-09-06,150.47174951770808,151.09297145808043,149.12253242169163,149.43313598632812,7651800
2024-09-09,149.8117026147765,150.95708943589517,149.2390166097673,150.48146057128906,6169200
2024-09-10,150.6852784730296,151.27738172339693,150.12229384062317,151.1706085205078,7337200
2024-09-11,150.62701864725022,150.8988170860115,148.3653937765637,150.72409057617188,6636500
2024-09-12,150.68525209180243,151.403530957215,149.27778335165016,151.26763916015625,4838100
2024-09-13,151.33562780875062,152.04420557239592,151.13178266000685,151.5782928466797,4358500
2024-09-16,152.37423629681382,152.96633961999288,152.0733340001506,152.62661743164062,4711900
2024-09-17,152.44215919724192,152.4809790811834,150.52025650356356,151.05410766601562,6280000
2024-09-18,150.9279483684688,152.37422247753466,150.21935581228814,150.8017578125,7148900
2024-09-19,152.16068792905472,152.16068792905472,150.94736267659036,151.3453369140625,6717400
2024-09-20,150.85028112155067,151.40354964533284,150.35523501958582,150.72409057617188,8541600
2024-09-23,151.1985992528555,151.2180890262145,150.1561119400967,150.4289093017578,6416400
2024-09-24,150.360709500062,150.41916395072872,149.41565623737554,150.1268768310547,5341600
2024-09-25,150.58476927953697,150.7991121469289,148.6069813483339,148.66543579101562,5940100
2024-09-26,148.56801140795625,149.3474237711969,148.31468901019892,149.16232299804688,6172900
2024-09-27,149.3572089815733,150.2340555164946,149.07465930128586,149.08441162109375,7312500
2024-09-30,148.8797993680918,150.09764998116282,148.65571901786208,150.05868530273438,7233800
2024-10-01,150.1755896842204,150.38019512224773,148.7044315397936,149.26951599121094,10560200
2024-10-02,149.0843920196521,149.43513356077378,147.9639606319644,148.96746826171875,7158400
2024-10-03,148.5972509824438,148.7336496439847,147.35017325797287,147.6229705810547,5551000
2024-10-04,147.8470701343818,148.11013003953576,146.99945083219143,147.73989868164062,6590100
2024-10-07,147.7496312870515,148.19780685644741,146.81433033594607,147.08712768554688,5922800
2024-10-08,147.47685129073085,148.1198800617425,147.35020492044723,147.88604736328125,4726600
2024-10-09,148.0224249076145,149.51308770612772,147.67169820954103,149.3961639404297,7840000
2024-10-10,149.3961830393621,149.51310682000775,148.48035690040533,148.84085083007812,4385500
2024-10-11,149.3084679884208,150.10738503454405,149.09412511586768,149.9320068359375,9354000
2024-10-14,150.09764391627783,151.02320737154514,149.58127646650743,150.76016235351562,4819800
2024-10-15,148.74338400792604,150.61400055579497,148.58749557901893,148.91876220703125,9088600
2024-10-16,148.72390607332432,149.65922185486156,148.3244623836776,149.33770751953125,4510200
2024-10-17,148.84082763954243,149.08439775061947,148.37316232250984,148.47059631347656,5430000
2024-10-18,148.57777263936686,149.55205311569057,148.14908685116998,149.1915740966797,9823900
2024-10-21,148.80183753079277,149.2012960525167,147.29169997607593,147.43785095214844,4825900
2024-10-22,146.65842633043533,147.49630806284867,146.53176512215015,147.2235107421875,5166900
2024-10-23,146.82407118647876,147.04815154319158,145.75237153577422,146.5317840576172,4910200
2024-10-24,146.53177361365226,147.12608528231993,145.52826594027997,145.56724548339844,5066300
2024-10-25,146.0641051686623,146.14204937895832,144.60268467487273,144.768310546875,5314500
2024-10-28,145.17751912513953,145.64518442758157,144.79755035836743,144.982666015625,4923500
2024-10-29,144.8852455900772,145.4795572318683,144.51501427889414,144.5832061767578,7342600
2024-10-30,142.38133849702197,144.3591265396575,141.8747085213385,144.31040954589844,9211800
2024-10-31,143.45303837993524,144.12527930697215,143.06331733563366,143.09254455566406,6701100
2024-11-01,143.64791369380032,144.6514213803385,143.6381613747228,143.94020080566406,6896900
2024-11-04,143.58947470431897,144.28120558165395,142.71261327432003,142.9951629638672,5985900
2024-11-05,142.71260413973295,144.08634321903003,142.18649920848125,144.04737854003906,5035300
2024-11-06,146.7948299276881,147.02866258169283,143.56022664549022,144.2324676513672,10685600
2024-11-07,145.09958516151258,145.45032672995956,144.39811689095896,145.27496337890625,9381600
2024-11-08,145.46980936766667,147.0676286863739,145.3041834776815,146.3174285888672,8701100
2024-11-11,145.99592494618054,146.72663525148405,145.2457248701606,145.46006774902344,6071900
2024-11-12,145.22623561993674,145.46980572257755,143.40433600941213,143.43356323242188,7022300
2024-11-13,143.37511846713187,143.80380425533895,142.90745313472036,143.05360412597656,5981200
2024-11-14,142.81002429943726,142.81976175165633,140.6471205996624,140.80300903320312,7936700
2024-11-15,140.0235923750972,140.15025359526902,137.92889528065473,138.1919403076172,14246100
2024-11-18,137.83145468085434,138.4355037948687,137.6755662429346,138.28936767578125,7933100
2024-11-19,137.03254595155178,137.96786176982778,136.65257715238917,137.57815551757812,6205800
2024-11-20,137.87042582423175,139.40005331868227,137.6463454756735,139.2052001953125,9328800
2024-11-21,139.20520590351876,140.5204756899536,138.48423296451216,140.32562255859375,7969600
2024-11-22,140.61789639712993,141.29015227316742,140.23792762367475,140.4522705078125,6330300
2024-11-25,141.08556551565042,142.09882562320647,141.06607574187467,141.65065002441406,6834300
2024-11-26,142.07933168332724,142.56647194904542,140.96865247214342,142.41058349609375,6018400
2024-11-27,142.54697804039736,143.95968179672778,142.54697804039736,143.17051696777344,5952800
2024-11-29,143.16076986639106,143.98889931847108,142.93668952833877,143.61868286132812,3521200
2024-12-02,143.53101247387946,143.58946692611127,142.624923865264,143.36537170410156,6220800
2024-12-03,143.35561575355527,143.63815052500024,142.96590954473348,143.04385375976562,4236200
2024-12-04,143.29716363474338,143.78430383684696,142.59568055440712,142.96591186523438,5597400
2024-12-05,142.3326311842161,142.48851962831233,141.1050431362239,141.36810302734375,8948700
2024-12-06,141.5532012607177,141.71884202102606,140.39382000293938,140.56918334960938,6545200
2024-12-09,140.70558095890732,141.35834707716035,140.2184407333746,140.97837829589844,6258600
2024-12-10,141.26092306370347,141.36809450426574,139.9261487828209,140.39381408691406,7200500
2024-12-11,139.82874959575443,139.9456585052753,138.44527298983866,138.48423767089844,6895000
2024-12-12,138.5134390660733,138.87391804742907,137.28585114601992,137.38327026367188,5994200
2024-12-13,137.20791161565734,137.81196071127016,136.5259183034591,137.36380004882812,7599400
2024-12-16,137.25661699273772,138.006802139495,135.61981831565157,135.72698974609375,9476600
2024-12-17,135.1327003335627,136.6331006060278,135.03528120484,135.6295928955078,10280100
2024-12-18,135.54190104897762,136.43823734251606,133.7005114626815,133.7882080078125,14448100
2024-12-19,133.53488573666075,134.25585867358146,132.45343376445015,132.7749481201172,11929300
2024-12-20,133.95383638932128,135.7075294629178,133.52515057440968,134.45071411132812,12098400
2024-12-23,134.66798281749158,135.98920764174514,134.0709802879155,135.79347229003906,8050500
2024-12-24,135.67601877847574,136.351318359375,135.09857939557804,136.351318359375,3139300
2024-12-26,135.8717846011112,136.7428197071439,135.72497187068777,136.62538146972656,4720300
2024-12-27,135.87175856243246,136.83087216272213,135.4117723091647,135.98919677734375,5948000
2024-12-30,135.206241335211,135.206241335211,133.81650102679058,134.31564331054688,6890300
2024-12-31,134.64839237974908,135.176879273963,133.87521765141452,134.63861083984375,6626900
2025-01-02,135.31390852155903,135.81305084408726,134.19820058539318,134.67776489257812,8973000
2025-01-03,134.95178572734935,136.38068205110324,134.8049879590676,135.99899291992188,8288700
2025-01-06,135.94025559479766,137.05596340773116,135.6075040389654,136.05770874023438,8653300
2025-01-07,136.39045369631287,137.92699164956875,136.39045369631287,136.73300170898438,12639700
2025-01-08,136.98747802888698,137.64319967386342,135.73475385137232,137.4376678466797,7827400
2025-01-10,136.96789703498246,137.94658871073602,136.3806909897202,136.6645050048828,10343700
2025-01-13,136.81131140299138,138.7980693689106,136.69387317326937,138.44573974609375,9422200
2025-01-14,138.2597730162171,138.2597730162171,135.92070057954905,137.01683044433594,10277800
2025-01-15,137.3985042715286,138.23039805137378,136.7917202974025,137.57467651367188,11388400
2025-01-16,137.14406531073763,138.3282738410909,136.60578191800914,138.1227569580078,8512100
2025-01-17,137.9368084018131,138.38699821383582,137.1929931640625,137.1929931640625,7668100
2025-01-21,137.91721230215768,139.473328292378,137.89763428961302,139.4635467529297,7257800
2025-01-22,138.7784826841041,139.59079856745956,138.12276105303036,139.15037536621094,8189900
2025-01-23,139.53208385246225,141.02948096966608,138.84698771055696,141.00990295410156,8032900
2025-01-24,140.38352842057603,141.52859582441442,140.2171526371447,141.2349853515625,8127900
2025-01-27,142.0081534530911,144.43530437676597,141.880918769621,144.40594482421875,12311300
2025-01-28,144.39617352913805,144.59192382511657,143.35876266851582,143.39791870117188,9686400
2025-01-29,142.9770588770203,143.45662315932847,142.20389904804327,142.5562286376953,8159100
2025-01-30,143.1336538794131,144.6016913550994,143.12387233902234,144.20042419433594,7705200
2025-01-31,144.4353103568244,145.4237835120188,143.69151010541913,143.7404327392578,9211800
2025-02-03,142.86939773904962,145.0029532246911,142.83025664526534,144.2982940673828,13001500
2025-02-04,142.7128093612492,144.06339354889005,142.48769955193578,143.90679931640625,11762000
2025-02-05,144.25914445374002,145.55102461079213,143.96554890318234,145.28677368164062,10042300
2025-02-06,144.993173968865,145.2965809497304,143.76980930515992,143.98512268066406,12422100
2025-02-07,144.19063056609517,144.76805500738234,143.20215745811296,143.30979919433594,11199700
2025-02-10,143.47619714198973,143.52511977596023,142.36048929505108,143.18258666992188,7374300
2025-02-11,142.77155243565636,143.2021791804629,142.34092569084982,142.91835021972656,6634900
2025-02-12,142.57579841676122,143.48598945514482,142.27240638185003,142.71282958984375,7572200
2025-02-13,142.99662795153193,143.5838488754568,142.06687393335795,143.27066040039062,6293100
2025-02-14,143.3783112124804,143.57404653457337,141.71453857421875,141.71453857421875,5299200
2025-02-18,140.85331547304045,141.8026476693107,140.775018340666,141.44053649902344,11366800
2025-02-19,141.45030787292717,143.31961257316695,141.4209483171035,143.28045654296875,6295900
2025-02-20,143.07495645443885,144.16130494844137,142.98687777662417,144.0830078125,6264800
2025-02-21,142.38004519107471,144.00467677871328,142.24302896884305,143.30979919433594,8647000
2025-02-24,143.46640558095555,145.0616777513531,143.15323201803517,144.47445678710938,7559400
2025-02-25,144.74851222071604,145.91315785993854,144.26896279302574,145.71742248535156,11981300
2025-02-26,145.14976115926802,145.77612323922725,144.21022550615416,144.6702117919922,6566800
2025-02-27,144.4059778981388,145.73699934183875,144.0242886939569,144.0830078125,7377000
2025-02-28,144.31788297716992,145.98165586112228,143.36855084450036,145.7565460205078,8453700
2025-03-03,145.84463525546903,147.11693739933398,145.7859161452929,146.3927001953125,9459300
2025-03-04,146.59823121979426,146.87227864979644,144.81701999351168,145.03233337402344,10804700
2025-03-05,144.3766072942642,146.71567991708963,144.10257480625836,146.49057006835938,7597700
2025-03-06,145.82504352899892,146.2948112998856,144.77783638382746,146.08929443359375,7122200
2025-03-07,145.4923065225581,147.0777822413036,145.28677470207458,146.09909057617188,8532400
2025-03-10,144.963799971968,146.71566635873685,144.20042169254722,144.5233917236328,13577800
2025-03-11,144.53316848615046,144.73870029319235,142.19409615680502,142.94769287109375,9411600
2025-03-12,142.6247408395803,142.87921024550383,141.04904656568303,141.51882934570312,7141100
2025-03-13,141.57754417030083,141.9788113492915,140.43247667928972,140.76522827148438,8041600
2025-03-14,140.86307475785262,142.057079704019,140.35416587830363,141.84176635742188,6761200
2025-03-17,141.6362572491624,143.97532970302004,141.6362572491624,143.642578125,6017300
2025-03-18,143.6915117488019,143.9263881815904,142.92811854129206,143.71107482910156,5528000
2025-03-19,143.81875775281617,144.1710873999495,142.791128370873,143.78939819335938,6156200
2025-03-20,143.80894076228668,144.4940218701605,143.3880956243904,143.87744140625,8033800
2025-03-21,143.4566182754013,143.73065073206251,142.62472443176262,143.4761962890625,7635300
2025-03-24,143.85445041410804,144.80745542879365,143.54988458308156,144.5716552734375,6500600
2025-03-25,144.91553151832142,145.00395095655955,141.82073124856888,142.724609375,6502000
2025-03-26,142.83268866043977,143.41234721326938,141.86002982409423,142.2039031982422,8758600
2025-03-27,141.98774318757853,142.87196750578084,141.92879689855525,142.4298553466797,6264300
2025-03-28,142.3119667825821,142.69513266346726,141.91896652563133,141.9877471923828,6210500
2025-03-31,141.27054196776166,144.05095723384548,140.96597610674186,143.45164489746094,8085600
2025-04-01,142.93091756570934,142.93091756570934,140.3961221308477,140.8284149169922,9906100
2025-04-02,140.26841600724657,141.86984526989258,139.69857685554294,141.7716064453125,6392700
2025-04-03,141.2410518634681,142.6460033977575,140.5435007799882,140.62210083007812,10990600
2025-04-04,138.66695977238308,139.22697949067143,132.86051054741262,132.90963745117188,21341100
2025-04-07,129.40219642250625,134.96301104387888,127.38811333050096,132.11383056640625,29940300
2025-04-08,136.98692957399945,136.9967639506096,128.97973816201744,130.6499481201172,20860400
2025-04-09,127.84989735342866,136.80027466242817,127.40777015510459,136.32867431640625,39444700
2025-04-10,135.28723513825784,135.3265426585508,129.0288542642741,132.52647399902344,21957400
2025-04-11,132.7819077278898,135.34617613976172,131.30819059443297,134.47177124023438,10755600
2025-04-14,135.78829848628064,136.6037420789268,134.56020091835813,136.1125030517578,7437200
2025-04-15,136.56446403296582,136.60375656307838,134.8844197856849,135.2774200439453,6239000
2025-04-16,135.69988392296074,136.19112302200583,133.2633421892968,133.90194702148438,8150700
2025-04-17,132.9685860829993,134.17704497278882,132.73280092708055,133.115966796875,9662800
2025-04-21,132.82123478086868,132.98825428158648,129.25483399613086,130.2471466064453,6456000
2025-04-22,131.29837952835135,132.9096430966824,130.80714045274522,132.69349670410156,8012500
2025-04-23,134.1475658015176,135.51320988937235,132.76228294364157,133.3517608642578,9503200
2025-04-24,133.56791024707417,135.13004701000037,132.75245153016502,134.98268127441406,5433000
2025-04-25,135.17915699735502,135.77846923276414,133.49912785626486,135.631103515625,6438400
2025-04-28,135.81780075520408,136.60377137408832,134.99250761908985,136.17149353027344,5803300
2025-04-29,135.9946220348456,137.5174661467158,135.3167097211376,136.8395538330078,7811900
2025-04-30,137.10483463128548,138.32309799431343,135.8374293689663,138.0087127685547,6827800
2025-05-01,136.37779496210584,136.67254141697384,134.07879959870473,134.24581909179688,10363200
2025-05-02,136.35813056258655,136.57427694653168,135.13986729827,136.10269165039062,9777000
2025-05-05,135.8275861211957,136.2500444734645,135.1693276474636,135.71951293945312,5479700
2025-05-06,134.72724515674784,134.78619145221668,131.6226103363447,131.97630310058594,11625900
2025-05-07,132.3889232363197,133.37140133083784,132.04504990666794,132.9882354736328,6417500
2025-05-08,132.0549003906735,132.9587785489175,131.34751487701686,131.7896270751953,10558100
2025-05-09,131.95662283155337,132.40856932507685,130.29623254937977,130.3551788330078,7555200
2025-05-12,130.55169394265306,133.74474774851203,130.31589380315322,133.57772827148438,15211100
2025-05-13,131.59312414773197,131.59312414773197,129.52009467775528,129.55938720703125,17817000
2025-05-14,129.96221061760266,130.22748392005988,126.42528322293005,126.51371765136719,19579500
2025-05-15,126.21898094358278,128.25270310889192,125.1186026141334,128.1741180419922,18792700
2025-05-16,128.40987374591654,130.80712250457398,128.02670791917538,130.75799560546875,12901800
2025-05-19,130.68924276616886,132.0843598874155,130.3257156702521,132.0155792236328,11645200
2025-05-20,132.04505154333884,132.7229638355871,131.8387395361314,132.3397979736328,11644500
2025-05-21,131.2197776118017,131.78961673037495,129.2155288080498,129.27447509765625,16635900
2025-05-22,128.34112751800797,128.94043979844022,127.70250771576836,128.2625274658203,12722600
2025-05-23,127.65337848178497,128.3116520329263,127.28004697998418,128.0561981201172,9127100
2025-05-27,129.12710991370076,130.07029563513055,128.8618515785664,129.84432983398438,12304000
2025-05-28,129.79518979042712,130.256955723067,128.8323653951347,129.1762237548828,11087500
2025-05-29,129.37272427836427,130.43380255054484,128.98955837380694,130.0408172607422,10670300
2025-05-30,129.7558979535844,131.00363442455802,128.58674654305585,130.31590270996094,11651300
2025-06-02,129.98186171008578,130.45344702255179,128.81271031775347,130.39450073242188,11845000
2025-06-03,130.05062698979623,131.18048584908612,129.42184157794227,130.69906616210938,14304300
2025-06-04,131.09204462424339,131.97628390192978,130.95449829101562,130.95449829101562,9986100
2025-06-05,131.2787226328097,131.56364968505628,130.24713259181252,130.7776641845703,13705000
2025-06-06,131.4653861963189,132.47733739408127,131.4457324376115,132.02540588378906,9153500
2025-06-09,131.99594610067405,132.447877656706,131.05276047579017,131.7994384765625,9976600
2025-06-10,131.91734477203536,133.70544720100727,131.8976910115291,133.30262756347656,11488000
2025-06-11,133.3321216532302,134.17705349560353,132.9685945290537,133.3714141845703,13644000
2025-06-12,133.381236675899,134.44231494392338,133.11597835246377,134.412841796875,9809500
2025-06-13,133.67598556337217,134.9237371129619,133.30263903874814,133.74476623535156,13722800
2025-06-16,134.02967392788435,134.43249358687382,132.71315674094214,133.33212280273438,14171000
2025-06-17,132.73279168872608,133.03735748820733,130.9544938101937,131.13134765625,13506000
2025-06-18,131.1411806718298,131.76996609492096,130.1685368874044,130.9053955078125,12185300
2025-06-20,131.35732832018203,131.45558213374503,130.08993807721163,130.276611328125,13744900
2025-06-23,130.36544950337728,131.0367318121384,129.29930588098742,130.46417236328125,14181600
2025-06-24,130.80966183238087,132.35952324411628,130.30621143813804,132.06336975097656,11272900
2025-06-25,131.80672525072333,132.5668340518287,131.06634897170287,132.1818389892578,11996400
2025-06-26,132.4582465285839,133.4256823902137,132.03377135372128,132.49774169921875,13177700
2025-06-27,132.5964664344788,133.39607042668854,131.9844117849524,132.21145629882812,13818500
2025-06-30,132.1818303547056,133.2183600902235,132.08312256174716,133.06040954589844,12407700
2025-07-01,132.85312182739983,135.99231003231722,132.73466644245775,134.95579528808594,21204300
2025-07-02,134.28450889438275,134.54116724165178,133.50465252880034,133.62310791015625,13720400
2025-07-03,133.81066819107352,134.1561680637348,133.43553941099083,133.7613067626953,7282700
2025-07-07,133.71195044173513,133.71195044173513,131.93504439319838,132.6359405517578,14052300
2025-07-08,132.53721724710954,134.47207384080903,132.2904251596118,133.2381134033203,19485900
2025-07-09,133.5145085186925,134.17590945203932,132.6951570470261,133.75143432617188,13963900
2025-07-10,133.77119690871928,135.864004354291,133.26774640055123,134.57081604003906,17668300
2025-07-11,134.13644032014375,134.13644032014375,132.62607394853487,133.45529174804688,14246600
2025-07-14,132.92221920980884,133.57375396978532,132.6754271094839,133.29734802246094,11095400
2025-07-15,133.49477156677975,133.73169739312718,130.7701923472553,130.89852905273438,17095600
2025-07-16,131.43158633882106,132.69516055277606,131.29338337988827,132.52734375,14142100
2025-07-17,131.5796764764845,131.96467157064592,130.58264176160375,131.01699829101562,15740900
2025-07-18,131.362497550558,131.53031435992563,129.97058658328166,130.1482696533203,13245500
2025-07-21,130.21738324248702,130.62212588912115,129.34867025712478,129.40789794921875,9468700
2025-07-22,129.6250744003781,132.09299529007535,129.6250744003781,131.81658935546875,16681900
2025-07-23,133.52437375446794,134.57078476556404,133.07028478902288,134.52142333984375,16624000
2025-07-24,134.3832220993207,135.1729446689468,133.80078136918164,134.01795959472656,11054800
2025-07-25,134.50168475014348,134.94590748534347,133.99823432531593,134.72872924804688,9539900
2025-07-28,134.3930999860529,134.63989207615973,133.1986196422186,133.5540008544922,9780300
2025-07-29,132.18184953355083,133.36646372487675,131.23417625608428,132.70504760742188,14967600
2025-07-30,133.14927296684795,133.45529274779412,131.92517878006956,132.46812438964844,11634600
2025-07-31,131.3131404341884,132.07324923164398,128.3121401623586,128.75636291503906,26441600
2025-08-01,129.0228974814356,129.7139122985678,128.19367970087697,129.4473876953125,20736200
2025-08-04,129.70406038422752,131.36251119177547,129.67444653614584,131.3032684326172,11331000
2025-08-05,130.75045851106879,131.2440427372812,130.34571583045576,130.79981994628906,14319200
2025-08-06,130.24698562541013,130.3555747390234,128.67739167108485,128.8353271484375,14342800
2025-08-07,128.1048413284909,128.56881165923048,126.31806148895143,127.35458374023438,24421900
2025-08-08,127.57174808706533,128.76622829126322,127.57174808706533,128.4898223876953,13747100
2025-08-11,128.6181640625,129.63496137130235,128.47009482786558,128.6181640625,14474000
2025-08-12,128.6675080054748,129.54608715853533,128.46021110516412,129.50660705566406,17219500
2025-08-13,130.12854248371977,131.6586414152916,129.96071060445638,131.5796661376953,15069900
2025-08-14,131.3526282467128,132.37929184419536,130.71097479553228,132.2410888671875,15464000
2025-08-15,133.74156025794005,134.8471990231599,133.44540674827414,134.4622039794922,13929600
2025-08-18,134.77810371712982,135.42963849205688,134.07722257140094,134.1463165283203,12572000
2025-08-19,134.1265629563263,135.45924629438366,134.03772141725423,135.00514221191406,13578200
2025-08-20,135.25192358899693,136.43653760139406,135.25192358899693,135.7356414794922,14607000
2025-08-21,135.44935650907203,136.6833167696339,135.18281687515304,135.28152465820312,13218900
2025-08-22,136.0318014812864,137.23614807189773,136.0318014812864,136.3970489501953,11898600
2025-08-25,136.36744062733416,136.4858960138329,134.35362374188455,134.45233154296875,10681000
2025-08-26,134.8373235360951,135.40988299610115,134.59053144452324,135.2914276123047,11397500
2025-08-27,135.23219570446557,135.9429581110737,134.9755222969167,135.2124481201172,8321700
2025-08-28,135.0742434323927,135.09399101648916,134.01796609663398,134.6793670654297,9165700
2025-08-29,134.78795522519732,135.70602959174025,134.62013841905357,135.66653442382812,9655700
2025-09-02,135.13347511031506,135.97257423475943,134.7089999491683,135.7948760986328,13325300
2025-09-03,135.35064414535833,135.9922975053472,134.4918125576517,135.15321350097656,12586000
2025-09-04,135.04462862764677,135.70602959174025,134.3338662351597,135.66653442382812,11778600
2025-09-05,135.5184688705817,136.6043600726671,135.29142436941603,136.13050842285156,14664000
2025-09-08,135.69616644949534,136.10089402043982,134.6201415125636,136.08116149902344,15753300
2025-09-09,136.28846273560447,137.18678956731415,135.95282910496368,136.81166076660156,12249600
2025-09-10,136.7326920785272,136.7326920785272,135.0545087814586,135.56784057617188,13588300
2025-09-11,136.26871905809253,138.20357574625766,136.12064982356213,137.9271697998047,16470800
2025-09-12,137.44343800540105,138.01599742618552,136.32794807074546,136.3378143310547,11345400
2025-09-15,136.48589412048338,136.76230006047555,134.90643375809853,135.17295837402344,11233800
2025-09-16,134.90643375809853,135.6270624542929,134.787963310249,135.17295837402344,12443800
2025-09-17,135.37040494743331,136.51550882186248,135.08411768158047,135.4394989013672,12501500
2025-09-18,135.43948451763993,136.16999446489723,135.13346476201627,135.70602416992188,11472900
2025-09-19,136.05154865253306,136.13050886476515,135.419746450728,135.52833557128906,11280900
2025-09-22,135.0572941955383,136.11838701128886,134.7597863043974,135.49363708496094,9732700
2025-09-23,135.12670368172266,136.2076495203546,135.01761795972786,135.80105590820312,9903000
2025-09-24,135.68206200990022,135.92005622214344,135.0275476624709,135.25563049316406,7471600
2025-09-25,134.99780065315068,135.04737269361374,132.61775256758534,133.01443481445312,14099700
2025-09-26,134.02593655190415,134.4920287208281,133.52018372540113,134.37303161621094,10071000
2025-09-29,134.5515276496843,134.83912416248737,133.61935844110766,134.7696990966797,7735700
2025-09-30,134.63086976803675,138.3397693913095,134.5416219355647,138.01251220703125,19313500
2025-10-01,138.6372741844253,142.53458076698206,138.4389406283149,142.27674865722656,23657900
2025-10-02,140.96771057963707,142.37591353774502,140.96771057963707,141.9990692138672,15176200
2025-10-03,142.3759206717335,144.92453784640767,142.36599415836815,143.6155242919922,15829200
2025-10-06,143.69485242758572,143.8535253301609,142.77259455364413,142.9213409423828,12879900
2025-10-07,142.92132504969643,143.45684225336854,142.0883151016278,143.03041076660156,12478700
2025-10-08,143.3973531710519,143.76427100128294,142.82217527411552,143.30809020996094,8925800
2025-10-09,143.57584242617807,144.04193457822078,142.7626703542794,142.99075317382812,7657000
2025-10-10,143.4072620118132,143.5361856285314,140.75947053564337,140.9280548095703,13350100
2025-10-13,140.55120722280617,141.75115013897383,140.45204801613716,140.76937866210938,8257500
2025-10-14,140.42229233268353,141.6718072292235,139.8768637593165,141.1561279296875,10044700
2025-10-15,140.8388112406423,142.05857698410284,140.1842968878077,141.3743133544922,7260600
2025-10-16,141.66191276443192,142.4453356219958,140.77931556100296,141.13632202148438,11194100
2025-10-17,140.4024683760525,142.22716130091214,140.21404620183364,142.0784149169922,8160300
2025-10-20,142.52466160473278,143.78410307169392,142.36598871575447,143.58575439453125,8435900
2025-10-21,143.84360666796218,144.4187845617755,143.1395051558465,143.92294311523438,9031800
2025-10-22,144.9939687075935,145.5096329392776,144.3295278245238,144.7460479736328,12705300
2025-10-23,144.30969894933367,145.2914553298375,144.16093743612876,144.8253631591797,7924900
2025-10-24,145.0732770390493,145.53936918771998,144.66669857198113,144.81544494628906,7007400
2025-10-27,144.87494841215303,145.231954854486,144.01218914813165,145.15261840820312,6466700
2025-10-28,145.19230242885592,145.32121092097904,143.98244803524017,144.2402801513672,8652700
2025-10-29,144.01219347723313,144.24027630972776,142.37592272761626,142.78250122070312,12425600
2025-10-30,142.76268494238147,144.24028286178205,142.57426275972153,143.099853515625,10756100
2025-10-31,141.83049668591514,143.28827180151393,141.51315088545905,143.05026245117188,10581100
2025-11-03,142.87175174909024,143.35766664855686,141.64205959957744,143.2485809326172,12279300
2025-11-04,142.57426358101543,144.27995948497787,142.29659356240586,143.89320373535156,14182200
2025-11-05,143.42711509831634,145.04354807571474,143.179194351832,144.44854736328125,13154600
2025-11-06,143.93284698959928,144.89478055626805,143.7345134477033,144.7261962890625,14395800
2025-11-07,144.62703737757118,144.9344566700801,143.51635731898915,144.92454528808594,14522900
2025-11-10,144.5774407686684,146.2038000905472,144.50803083547717,146.0550537109375,12305900
2025-11-11,146.3724030356677,149.5656232047885,146.3724030356677,149.42677307128906,12659500
2025-11-12,149.7341992778219,151.886149250935,149.46644067084335,151.54898071289062,17847500
2025-11-13,150.77546013912269,153.2348446045639,150.5969644819865,151.4696502685547,21807600
2025-11-14,150.95397068754568,151.64814568399123,149.93253852165867,150.5672149658203,15468900
2025-11-17,150.08128700644275,152.04483005061965,149.8829534520892,150.43829345703125,17516500
2025-11-18,150.487882317224,151.85640958181634,149.89286651560639,151.32089233398438,24494200
2025-11-19,151.21181096394434,151.65806526207234,150.30939098573208,151.0630645751953,17352600
2025-11-20,151.22172191716388,152.06464325314047,149.8631061349063,150.16061401367188,25278500
2025-11-21,150.52754358539178,154.41495394311076,150.44822226794324,153.3240966796875,25526100
2025-11-24,153.84969185335842,154.8612126966265,153.19517747642726,153.96868896484375,17928400
2025-11-25,154.47444480006664,157.56849051032708,154.47444480006664,157.44949340820312,17298600
2025-11-26,157.10240173339844,157.6279924549342,156.84456962928581,157.10240173339844,12398900
2025-11-28,156.88423478425617,156.93382195659012,155.85289120636034,156.33880615234375,8559700
2025-12-01,155.73387339112244,156.54706061902175,153.88934262224933,153.99842834472656,17321200
2025-12-02,153.95876904395422,154.17694049083102,152.85800042812323,153.076171875,16150300
2025-12-03,153.38359801466282,154.48436667975471,153.37368663277218,153.79019165039062,12724800
2025-12-04,153.7108523803811,153.74060165738817,152.09440438088888,152.6199951171875,13674600
2025-12-05,153.1654107804293,153.3439215592378,151.68781304125065,151.9853057861328,8868700
2025-12-08,152.0745766845342,152.1439866180057,149.9424493996134,150.1705322265625,10996000
2025-12-09,150.73581040029492,151.41014755194064,148.60369808225371,148.71278381347656,11543300
2025-12-10,149.12927735581079,150.9142944465064,148.62350939915103,150.8746337890625,15534800
2025-12-11,151.48948603584728,153.01668629344212,150.9936445476196,152.30267333984375,14703000
2025-12-12,152.4712519744513,153.27451273448406,152.13408340661445,152.77867126464844,13175500
2025-12-15,153.18524891220142,155.009941699085,153.15549963766696,154.80169677734375,14681800
2025-12-16,154.7421908412231,154.82152728791218,151.81672935450766,152.78858947753906,12491300
2025-12-17,152.94725294129768,153.49268157519518,152.39191292564954,152.5109100341797,9093300
2025-12-18,152.47124044008285,153.8893396732315,152.40181537625506,152.62991333007812,8876400
2025-12-19,152.63983112732234,154.47445055679498,152.63983112732234,153.65135192871094,8571500
2025-12-22,153.518883702614,154.7338900790913,153.17032576608474,154.6641845703125,7063700
2025-12-23,154.05667869631057,155.02270858857523,154.00688036444097,154.35545349121094,7465800
2025-12-24,154.53471432232647,155.30156610859873,154.5147919496613,155.16213989257812,3085700
2025-12-26,155.0525908245817,155.48082306409606,154.71398646827018,155.41111755371094,4439100
2025-12-29,155.4310338706344,155.84931250560192,155.04261599925312,155.17208862304688,6357300
2025-12-30,155.02271062189646,155.34139259667072,154.5645872375314,155.04261779785156,4355000
2025-12-31,154.96295697055987,155.20196464989164,154.1363532881304,154.16622924804688,4199500
2026-01-02,154.23594236301918,154.93308865230128,152.951230434294,154.87332153320312,10998000
2026-01-05,153.95708830746437,154.75381606089877,152.34372562409024,154.40524291992188,17756200
2026-01-06,154.50482986409165,157.6817718933205,154.50482986409165,157.4427490234375,17783800
2026-01-07,157.8909075067787,159.93251754803518,157.8909075067787,159.00633239746094,14505700
2026-01-08,158.49840752653878,159.84288648201715,156.96471922735876,157.47262573242188,17611000
2026-01-09,157.68178286211418,158.2793172839124,156.61615625561438,156.66595458984375,12352000
2026-01-12,156.68587366388942,156.85517583965026,155.3712706102389,156.7356719970703,12250100
2026-01-13,157.00455994406227,157.02448231714394,155.1023912135105,156.09829711914062,11756500
2026-01-14,155.96881701840672,157.3431719651729,155.83934439405414,157.2136993408203,13516800
2026-01-15,156.6659560214436,156.80538224076906,154.73389612770646,156.31739807128906,15303400
2026-01-16,155.99869568376397,156.3273464461387,155.07251051405873,155.10238647460938,11950300
2026-01-20,153.3695013125112,155.28163872609613,152.6026495509798,154.76376342773438,12775200
2026-01-21,154.56459095747388,157.86103701916355,154.5147926237526,157.612060546875,16393900
2026-01-22,157.00455809162898,158.5780912275173,156.8551782860742,157.64193725585938,10881400
2026-01-23,157.15394802448677,157.7315752478638,156.0186159499367,156.8352508544922,10191300
2026-01-26,156.72570602589215,157.68178237264678,156.2576290389616,157.45272827148438,6810400
2026-01-27,155.1621412565089,156.44685317282634,154.50483971964047,154.81356811523438,12697500
2026-01-28,153.66828432665415,154.51479522891694,152.8416806011612,153.67823791503906,11426600
2026-01-29,153.6184788073266,154.03675744470257,152.87154941280153,153.19024658203125,12167300
2026-01-30,153.48900387306665,154.29568517560392,152.66240019867297,154.10647583007812,11863900
2026-02-02,153.9471257030872,155.3712637520283,153.76785475081272,155.05258178710938,11005300
2026-02-03,154.146309650869,156.4767257442088,153.220124484151,153.46910095214844,21141900
2026-02-04,154.1761832145505,156.1381189675761,153.59855599421792,155.3911895751953,22951600
2026-02-05,154.8235266340636,156.32733896295855,154.04670610797928,154.2060546875,21421600
2026-02-06,155.40113968004835,157.15394367385912,155.2716822550997,157.06431579589844,13616200
2026-02-09,156.9248902324236,157.50250224586844,155.39118673153078,155.6800079345703,11823000
2026-02-10,156.01861791568015,156.51657085283247,154.6044333977257,154.69406127929688,11103400
2026-02-11,154.54466396358012,155.73976315188406,153.74795143313406,155.61029052734375,11738400
2026-02-12,155.57045978144893,156.77549735207606,154.84343756835472,155.36131286621094,19409100
2026-02-13,155.87918943736545,158.14985358209876,155.87918943736545,157.02447509765625,16647900
2026-02-17,157.38300955474853,158.25941161732987,156.4867003153399,156.7257080078125,14881100
2026-02-18,156.55639812782533,157.15394772225721,155.83934469303404,157.02447509765625,11886300
2026-02-19,156.5563979822196,157.07427328382445,155.55053853538945,156.61614990234375,11226900
2026-02-20,156.3572190162528,156.60619547965447,155.2318405388557,156.17796325683594,13368500
2026-02-23,156.4866991452607,158.0303411353314,156.4866991452607,157.8909149169922,17053500
2026-02-24,157.36308955155968,157.8510889249044,156.66595844415187,157.22366333007812,12887100
2026-02-25,157.22365217958372,158.5780847477688,156.97467571628732,157.18382263183594,11011500
2026-02-26,157.42284535827173,157.52242682570565,155.45094082948228,156.77549743652344,15344400
2026-02-27,156.098287449101,159.58395790287472,156.0684114894883,159.5441131591797,14250100
2026-03-02,158.53825242645377,159.1855851411726,157.3431684628021,157.88095092773438,18641400
2026-03-03,156.01862282313203,156.74562987927294,154.36541537266967,156.09829711914062,21432600
2026-03-04,156.09829979361822,156.93485712156416,155.03267316210358,156.4070281982422,12745700
2026-03-05,154.4948830909264,155.06254153700095,152.09474628755586,153.27987670898438,20476400
2026-03-06,152.15450339775504,152.3636503248002,150.33199376268598,152.0748291015625,18174000
2026-03-09,151.15859093789777,153.9172544382579,150.51125820432938,153.62843322753906,18675700
2026-03-10,153.77783087318087,153.90728830433338,152.38355352071312,152.52297973632812,17247500
2026-03-11,152.2142438625119,152.5329410232913,151.31793469137457,152.22421264648438,12503800
2026-03-12,151.32789184743677,151.86568951985439,149.41575442662193,149.54522705078125,15670500
2026-03-13,150.42160957996512,151.67646064893157,149.05722345837916,149.17672729492188,15129300
2026-03-16,150.13280883791197,151.10879232862237,149.7643285314465,150.39173889160156,10896600
2026-03-17,150.60089216216744,151.2283177451074,148.92776233976687,149.02735900878906,11938600
2026-03-18,148.11111542360422,148.4397661692212,146.4081097774648,146.53758239746094,15565400
2026-03-19,146.53759453997517,147.48370211230892,145.7010372252581,146.009765625,16913000
2026-03-20,145.88028627203522,146.41808394694147,144.06774550700433,144.73500061035156,16582200
2026-03-23,146.55999755859375,146.77000427246094,144.60000610351562,144.77000427246094,21815400
2026-03-24,143.9499969482422,145.3000030517578,143.3800048828125,144.7899932861328,24230900
2026-03-25,145.69000244140625,146.69000244140625,145.35000610351562,146.24000549316406,17743300
2026-03-26,145.75,146.91000366210938,145.6300048828125,145.74000549316406,13321000
2026-03-27,145.72000122070312,145.8000030517578,143.07000732421875,143.25999450683594,12932200
2026-03-30,144.3000030517578,144.6300048828125,143.42999267578125,143.82000732421875,14799700
2026-03-31,144.80999755859375,146.75,144.60000610351562,146.61000061035156,17866000
2026-04-01,147.22000122070312,148.75999450683594,146.9499969482422,147.72999572753906,16899200
2026-04-02,146.92999267578125,148.36000061035156,146.27000427246094,146.80999755859375,11087900
2026-04-06,146.27999877929688,147.13999938964844,145.75999450683594,146.27999877929688,7272600
2026-04-07,146.91000366210938,146.91000366210938,144.8800048828125,146.57000732421875,10263400
2026-04-08,148.1999969482422,149.6999969482422,147.5,149.6699981689453,8130700
2026-04-09,148.8300018310547,150.22000122070312,148.3000030517578,149.3300018310547,6406400
2026-04-10,149.77999877929688,149.83999633789062,147.11000061035156,147.30999755859375,6217800
2026-04-13,146.8800048828125,148.0500030517578,146.24000549316406,147.97000122070312,6182800
2026-04-14,147.3800048828125,149.60000610351562,147.24000549316406,148.8300018310547,7722300
2026-04-15,148.86000061035156,149.2100067138672,146.88999938964844,147.77000427246094,6669200
2026-04-16,147.19000244140625,148.1999969482422,146.2899932861328,146.61000061035156,9072300
2026-04-17,147.3699951171875,149.1199951171875,147.36000061035156,148.8000030517578,8338100
2026-04-20,148.4499969482422,148.74000549316406,147.14999389648438,147.4199981689453,6325700
2026-04-21,148.2899932861328,148.55999755859375,145.8800048828125,145.9199981689453,8735300
2026-04-22,146.50999450683594,147.5800018310547,146.00999450683594,146.3800048828125,8316900
2026-04-23,146.1999969482422,146.77000427246094,145.16000366210938,146.24000549316406,7612000
2026-04-24,145.24000549316406,145.52999877929688,143.67999267578125,144.17999267578125,7969700
2026-04-27,143.67999267578125,145.2100067138672,143.4199981689453,143.4600067138672,6571900
2026-04-28,144.57000732421875,144.86000061035156,143.27999877929688,143.83999633789062,8612400
2026-04-29,142.25999450683594,143.25,141.97000122070312,142.83999633789062,11885500
2026-04-30,143.67999267578125,146.2899932861328,143.66000366210938,145.99000549316406,12587800
2026-05-01,146.2899932861328,146.61000061035156,145.14999389648438,145.16000366210938,8865800
2026-05-04,144.55999755859375,145.2100067138672,144.32000732421875,144.72999572753906,10885900
2026-05-05,145.27999877929688,145.66000366210938,144.4199981689453,145.3000030517578,7174900
2026-05-06,145.36000061035156,146.14999389648438,144.89999389648438,145.39999389648438,10613500
2026-05-07,145.17999267578125,145.83999633789062,144.27000427246094,144.72000122070312,7608000
2026-05-08,144.58999633789062,145.07000732421875,143.17999267578125,143.49000549316406,10165400
2026-05-11,143.75,145.02000427246094,142.6699981689453,143.0399932861328,9255700
2026-05-12,143.80999755859375,146.63999938964844,143.19000244140625,145.85000610351562,11897200
2026-05-13,145.32000732421875,146.97999572753906,145.1300048828125,146.7100067138672,15841800
2026-05-14,146.85000610351562,147.39999389648438,145.94000244140625,146.6300048828125,7763800
2026-05-15,146.75999450683594,147.16000366210938,144.88999938964844,145.10000610351562,9039900
2026-05-18,144.5,145.7899932861328,144.1199951171875,145.72000122070312,7949200
2026-05-19,145.6199951171875,148.07000732421875,144.85000610351562,147.32000732421875,12388200
2026-05-20,147.5399932861328,148.02000427246094,146.2899932861328,147.1300048828125,10527900
2026-05-21,146.89999389648438,148.3000030517578,145.83999633789062,148.14999389648438,7157000
2026-05-22,149.08999633789062,150.32000732421875,149.0,149.88999938964844,6915200
2026-05-26,149.9499969482422,150.3000030517578,148.44000244140625,148.50999450683594,6590400
2026-05-27,148.69000244140625,150.1999969482422,148.27999877929688,148.7899932861328,10062500
2026-05-28,149.14999389648438,151.35000610351562,149.11000061035156,150.8800048828125,10397400
2026-05-29,150.85000610351562,151.0399932861328,149.10000610351562,149.47000122070312,13195800
2026-06-01,148.52000427246094,148.8800048828125,147.25999450683594,147.83999633789062,12582900
2026-06-02,146.75,147.27000427246094,145.30999755859375,146.39999389648438,12024300
2026-06-03,146.16000366210938,148.0500030517578,146.07000732421875,147.5500030517578,9836000
2026-06-04,150.3800048828125,152.5399932861328,150.2899932861328,152.0800018310547,14051800
2026-06-05,153.3800048828125,154.6999969482422,152.9199981689453,153.00999450683594,20723000
2026-06-08,153.24000549316406,154.47000122070312,152.41000366210938,152.64999389648438,10639500
2026-06-09,153.47999572753906,154.97999572753906,153.17999267578125,154.57000732421875,13125500
2026-06-10,154.9600067138672,155.1300048828125,152.82000732421875,152.85000610351562,11712200
2026-06-11,153.4600067138672,155.16000366210938,152.86000061035156,154.08999633789062,10548800
2026-06-12,154.97000122070312,155.16000366210938,153.3699951171875,153.80999755859375,9111000
2026-06-15,153.7100067138672,153.8800048828125,151.77000427246094,152.88999938964844,9525300
2026-06-16,153.60000610351562,153.72000122070312,151.72000122070312,152.94000244140625,8630000
2026-06-17,152.0500030517578,152.57000732421875,149.97000122070312,150.7100067138672,10991400
2026-06-18,151.27000427246094,151.27000427246094,148.7899932861328,149.39999389648438,10879300
