Date,Open,High,Low,Close,Volume
2021-01-01,67.08241022004547,68.11444467574785,66.86740249498122,67.8994369506836,1921334
2021-01-04,68.75946405757647,68.75946405757647,67.55542611285381,68.11444091796875,2390073
2021-01-05,67.46941685048985,68.24344591967723,66.65239017616209,66.95339965820312,2759406
2021-01-06,67.297423104462,68.1574540706532,66.39438796535501,66.69540405273438,1946818
2021-01-07,67.1684135667972,68.11444626687586,66.8674040569788,67.77043914794922,2491594
2021-01-08,68.5444657834113,69.61950449746426,67.94244672814787,68.8454818725586,5712095
2021-01-11,69.57649730465505,69.9635085638138,67.94243737201256,68.11444091796875,2210359
2021-01-12,67.9424357133156,68.6734606080547,67.77043217155858,68.07144165039062,1425066
2021-01-13,68.1144313288376,70.04950047524223,68.1144313288376,68.63045501708984,4061742
2021-01-14,69.06048299233227,69.79150793547844,67.98544438137763,68.58746337890625,2465989
2021-01-15,68.71647163484205,68.84547758479691,66.48039256118011,66.91040802001953,1895222
2021-01-18,67.08241357845276,67.25441714250931,65.1473439559974,65.96437072753906,1744927
2021-01-19,66.26537107771031,67.68441654813095,66.26537107771031,67.51241302490234,1396282
2021-01-20,67.46941342673476,67.59841935863864,66.48038325900491,66.60938262939453,1206173
2021-01-21,67.08241285214535,67.29742058564582,65.01833729823782,65.23334503173828,1176309
2021-01-22,65.01833234073834,66.00736915173174,62.65324745256554,63.2122688293457,2476363
2021-01-25,63.64228706495137,63.85729479152215,62.78225615866824,63.47028350830078,1244465
2021-01-27,64.07230092231595,64.07230092231595,62.997262316236814,63.599281311035156,1749230
2021-01-28,62.610272453071545,64.84635220607042,62.438262280368754,64.2873306274414,1086457
2021-01-29,64.33030857488313,65.06133346656065,61.96522379729941,62.52423858642578,1715642
2021-02-01,62.524228803007276,63.16925182323711,62.309221129597326,62.61023712158203,1806604
2021-02-02,62.99726388523902,65.19034532086704,62.99726388523902,63.47028350830078,2217560
2021-02-03,64.50231907731396,64.88933036717177,63.21227269576768,63.42728042602539,2798432
2021-02-04,63.72828686732038,65.31934268230894,63.556283316002926,64.1583023071289,2428882
2021-02-05,64.50230821256366,65.1903354581033,63.68528159981016,63.94328689575195,1660295
2021-02-08,64.93232471293665,67.51241708563612,64.54531348163741,66.73838806152344,5376321
2021-02-09,67.34041388815048,67.85643105296292,65.96435936663165,66.17936706542969,2399099
2021-02-10,66.13637633123862,66.65239354964255,65.01833355676769,65.44834899902344,1266034
2021-02-11,64.93233541998374,65.92137230490907,64.33031639168935,64.80332946777344,1236268
2021-02-12,64.28730888594956,65.1043356050446,63.685289888881094,64.45931243896484,2553059
2021-02-15,64.50231467979101,65.10433365886315,63.4272761017945,63.55628204345703,2237641
2021-02-16,63.72827637389137,64.97532488090737,60.37415518336787,61.320194244384766,8049335
2021-02-17,61.23420549948158,62.395252616215636,61.06220192149219,61.19120788574219,3887196
2021-02-18,61.83621683630634,64.803320519876,61.57820496751142,64.20130157470703,7233875
2021-02-19,65.10432966975566,66.39437588430708,63.04026097568488,63.341270446777344,7157741
2021-02-22,63.25527765900708,63.943298467543464,61.92222709010019,62.09423065185547,3143129
2021-02-23,62.73924773367388,63.04026377966967,61.83621928023046,61.96522521972656,2537310
2021-02-24,62.30922716523722,63.51327156526647,62.18022779790638,62.73924255371094,2072804
2021-02-25,63.34127471691211,65.87836315196127,63.2552729424471,64.84632873535156,7804508
2021-02-26,63.728288130738804,70.73754125087974,63.29827268240519,68.88847351074219,24257908
2021-03-01,70.04951215650566,76.75775560729541,69.83450443771773,74.13465881347656,34049536
2021-03-02,75.6827205422809,78.5208251872225,73.53264325414793,74.90869140625,22663403
2021-03-03,79.50984854086892,80.24088000414932,75.89772163713518,76.49974060058594,21517276
2021-03-04,74.90868178952424,75.46770312497506,73.70463735044115,74.00565338134766,7947459
2021-03-05,73.70463890107688,75.76871418842805,71.68356777947831,72.1995849609375,6607284
2021-03-08,72.93061281945877,74.73667614641529,72.37159149976615,72.8446044921875,4714824
2021-03-09,73.53264571959714,73.83365523772515,69.8775142072195,71.382568359375,4144987
2021-03-10,71.98457476390915,73.2746209536675,71.16754813500124,71.4255599975586,4609893
2021-03-12,71.81257173264282,72.93061439619986,69.83449826989246,71.29655456542969,5472056
2021-03-15,71.59756488028867,71.68356664892308,69.23248015451337,70.60852813720703,2792779
2021-03-16,70.95255914244098,71.16756689741807,69.23249710262422,69.49050903320312,2273028
2021-03-17,69.31847708197766,69.49048716874775,66.6523830714235,66.82438659667969,3221022
2021-03-18,68.2694758113942,68.75117461201256,65.99236817973477,66.86817932128906,2667737
2021-03-19,65.94858729622007,65.94858729622007,63.71526602066998,64.72245025634766,7126533
2021-03-22,64.81003434999532,66.47407710887715,64.37212871249535,65.99237823486328,2678626
2021-03-23,66.43028710631573,67.8753771167973,66.43028710631573,67.34989166259766,2912966
2021-03-24,67.21852178139376,67.39368138037264,65.59827210415266,66.43029022216797,2765990
2021-03-25,65.72964396165064,66.21133619113056,64.59108654304305,64.98519897460938,3318967
2021-03-26,65.68583653053632,66.12374210740656,64.37211979992558,64.54727935791016,2034242
2021-03-30,64.81003800004429,68.92634855160736,64.28455254183135,67.30609893798828,6560526
2021-03-31,67.43746185302734,68.13811348010816,66.56165066013088,67.43746185302734,2411611
2021-04-01,67.96296060082236,69.18909784844267,67.52505491823727,68.66361236572266,1633313
2021-04-05,67.74398539753105,68.18189093556539,65.77341047637651,66.38648223876953,1555123
2021-04-06,66.21133293647304,67.08714423637853,65.86100708012886,66.64923858642578,1451433
2021-04-07,66.73682102860863,67.87537843643551,66.38650184027134,66.9119873046875,1751883
2021-04-08,66.9995580040585,68.31327482766748,66.64923218138091,66.95576477050781,2241530
2021-04-09,66.69301851295964,67.52503640904385,66.3426927265368,66.5616455078125,1165620
2021-04-12,65.68583828416457,65.68583828416457,62.1825935756758,62.57670593261719,2618268
2021-04-13,63.18976700777946,63.75904551237183,62.35774252201897,62.92702102661133,2175107
2021-04-15,62.883250433681724,63.671475213290925,62.31397178470097,63.27736282348633,1252411
2021-04-16,63.496332005836045,64.32835023521697,63.1022195144264,64.15319061279297,1203903
2021-04-19,61.832260990208574,63.05839784014868,61.306775677922325,62.00742721557617,1328915
2021-04-20,62.357760179804856,62.970832082164165,61.83227475057527,62.05122756958008,983073
2021-04-22,62.00744298771402,62.44534863965576,61.56953733577229,61.96364974975586,994547
2021-04-23,61.876065516030714,63.05840935505612,61.876065516030714,62.18259811401367,934895
2021-04-26,62.44534619383541,63.0584114097777,62.44534619383541,62.66429901123047,661006
2021-04-27,63.321149896572706,64.196961061494,62.83945108310243,63.97800827026367,1509910
2021-04-28,64.10939090542082,65.24794838216923,64.10939090542082,64.459716796875,1317871
2021-04-29,64.76623986344174,65.1165657030621,63.71526902649028,63.80284881591797,769985
2021-04-30,63.40873458632148,65.20414360428047,63.233568330629026,63.715267181396484,1340968
2021-05-03,63.49631868580473,64.37212997802273,62.97083324685591,63.671478271484375,1190628
2021-05-04,64.19696536786472,67.39367098873721,63.6714732881345,64.67865753173828,4550900
2021-05-05,65.42311433136474,65.59828063503393,64.67867591602665,64.89762878417969,852407
2021-05-06,65.20414994089317,65.51068924766744,64.24075882764426,64.32833862304688,1025538
2021-05-07,64.67865262479988,66.56164794921875,64.5034930661181,65.68583679199219,2497813
2021-05-10,66.16755372194496,69.62700606763553,65.99238743338312,68.53224182128906,8233906
2021-05-11,68.31326852193693,73.48055555420876,67.4374573870403,71.81651306152344,12687641
2021-05-12,72.47338314449937,73.43677421245518,68.3132795803136,69.01393127441406,6948219
2021-05-14,69.53941349519839,71.1596629458922,68.31327642805651,68.79497528076172,3777207
2021-05-17,69.62698522428187,72.21062539946345,68.66359431227731,71.81651306152344,4823091
2021-05-18,72.60474890386399,73.1302342808777,70.54659394611333,70.8531265258789,3992177
2021-05-19,70.80934885889361,74.18122134133415,70.54660945358624,72.69234466552734,12226776
2021-05-20,72.73610477112462,73.30537656423719,70.4152043310627,70.89689636230469,3716349
2021-05-21,71.46619168541005,72.56095567165073,70.5903804964175,70.8531265258789,2524863
2021-05-24,71.15965910278693,72.34200287149757,70.72175350830824,71.59756469726562,3346388
2021-05-25,71.81652825110798,74.44396221151437,71.81652825110798,73.69952392578125,8998741
2021-05-26,74.44395054361229,75.67008753600653,73.83088538836968,74.61911010742188,8815972
2021-05-27,77.94721120492572,78.38511688585227,75.31977711936642,75.75768280029297,13756284
2021-05-28,76.19559068991099,76.37075029459481,73.56815652818992,73.787109375,4363701
2021-05-31,74.40016123355804,75.49492526984884,74.1374218739939,74.44395446777344,3281586
2021-06-01,74.8380694687342,75.10081551940853,72.51717497605279,72.8237075805664,3279853
2021-06-02,72.77991440397967,75.58251444644866,72.56096158887631,74.70670318603516,5396319
2021-06-03,75.27597445361084,75.36356092435825,74.00605081068831,74.35637664794922,2770644
2021-06-04,74.75050056458227,75.01324665351862,73.26162387903791,73.787109375,2557421
2021-06-07,74.44396546877094,78.38511658182352,74.31259242862045,77.2465591430664,14419713
2021-06-08,78.29752005922894,78.29752005922894,76.54589771643595,76.94001007080078,5873868
2021-06-09,74.88186770866395,75.58251943601198,72.91129224264648,73.30540466308594,11831735
2021-06-10,73.83089053384634,74.838068118808,73.6557242759199,74.00605010986328,3129088
2021-06-11,74.40016576953289,74.83807141074712,73.30540166649733,73.4805679321289,2824462
2021-06-14,73.87468033645779,74.88186464763247,72.03547797974,73.4805679321289,3600943
2021-06-15,73.96226382897704,74.70670880181694,73.30540533429019,73.65573120117188,2972937
2021-06-16,73.8308905837809,74.70670182827695,73.04265912735255,73.26161193847656,2866614
2021-06-17,72.42958461860702,73.9184676893648,72.03547224564986,72.25442504882812,3765853
2021-06-18,72.6923344930013,72.91128730773926,70.4590131099103,70.94071197509766,3195507
2021-06-21,70.06489511940379,71.59756470014075,69.88973555436893,70.8531265258789,2116490
2021-06-22,71.64136308228066,73.52435192844568,71.42241026929314,71.72894287109375,3805830
2021-06-23,72.6047514105955,72.91128400094432,71.29103458174966,71.46619415283203,2185515
2021-06-24,71.77272477968567,72.16684382670307,70.67796078559707,70.80933380126953,1289564
2021-06-25,71.29103263143217,71.72893822906762,70.5903810024518,70.80933380126953,1404950
2021-06-28,70.94071842312857,71.15967125776785,70.50281275385001,70.63418579101562,1358212
2021-06-29,70.63418777112022,71.55378569323838,70.28386188949455,70.5466079711914,1454320
2021-06-30,70.67796006032708,71.07207910330017,69.40803651297941,69.71456909179688,1707147
2021-07-01,69.93353335209417,70.02111314869708,69.01393546489838,69.14530181884766,1314154
2021-07-02,69.36424451769486,69.67078378388712,68.75117934912872,69.27666473388672,1514114
2021-07-05,69.5832101262432,71.20346649352314,69.5832101262432,70.5466079711914,1684772
2021-07-06,70.72176032969004,71.11587272997086,69.18909060118283,69.36425018310547,2000753
2021-07-07,69.18908175082657,69.58319410069431,68.75117617012515,69.05770874023438,1514150
2021-07-08,69.36424032592878,71.24723563260332,69.2766605474132,69.88973236083984,2569642
2021-07-09,69.88974229269289,70.37143448393502,69.18909060118283,69.36425018310547,1254241
2021-07-12,69.6269900405317,70.02110240573332,69.1890844427925,69.3204574584961,1469642
2021-07-13,69.62698004573134,69.75835304257663,68.0943106736555,68.26947021484375,3252734
2021-07-14,68.61980614409356,68.88255217670589,67.30608934485025,67.39366912841797,2654613
2021-07-15,67.43747083816054,69.36425304648684,67.43747083816054,68.13812255859375,2615352
2021-07-16,68.31327179939517,68.66359760654309,67.7439931980184,67.8753662109375,1666267
2021-07-19,67.43745938694875,68.09431775760085,67.08713358621918,67.56883239746094,1240524
2021-07-20,67.7440014911774,67.7440014911774,66.16754518888688,66.34270477294922,1672872
2021-07-22,66.69302666818271,67.34988509233045,66.38649407329564,66.51786041259766,1170946
2021-07-23,66.7806032501731,66.91197626507984,65.42309323265184,65.5544662475586,2855630
2021-07-26,65.68583070515129,67.39365963072193,65.51067116270085,66.38648223876953,2087942
2021-07-27,66.82439146588868,66.95575778902456,65.59825455532118,65.81720733642578,1541909
2021-07-28,65.8172162787469,65.90479606670613,64.32833315580184,64.63487243652344,2306681
2021-07-29,65.11655696358683,66.03616133392889,65.11655696358683,65.37930297851562,1192426
2021-07-30,65.46689869648674,66.12375721183611,65.29173909849105,65.72964477539062,1003440
2021-08-02,66.07996382539791,66.34270990372133,64.72246023915443,65.33552551269531,1406112
2021-08-03,65.33552054322375,65.68584639370548,65.20414751405437,65.5982666015625,905943
2021-08-04,65.99237436724512,66.29890695914818,64.50349795976778,64.67865753173828,1410705
2021-08-05,65.68584125842266,65.86100082901473,64.2407514143555,64.72245025634766,1402710
2021-08-06,64.9414030605424,65.55446823952396,64.28454464795817,64.72245025634766,1339411
2021-08-09,65.07279880350319,66.8682084157292,64.81005267395224,65.46691131591797,2911347
2021-08-10,65.6858392704067,65.86099883569747,63.75905732457174,64.06558990478516,1529839
2021-08-11,63.93421998957998,64.28454581905545,62.18259752411203,63.715267181396484,1349704
2021-08-12,64.02179446092975,64.28454048169868,62.88324396205176,63.014610290527344,2800247
2021-08-13,63.05841387961021,64.45971062944177,61.61332389182048,61.96364974975586,3805005
2021-08-16,62.18259862457979,62.576711013521056,61.919852577345914,62.1388053894043,1282863
2021-08-17,62.44535562089963,63.18979397604505,62.00744992000107,62.751888275146484,1863754
2021-08-18,63.05841842815603,63.32116451103753,62.18260706109831,62.31398010253906,1155590
2021-08-20,62.226384180917414,62.97082231366911,61.30677981098909,61.39435958862305,1543181
2021-08-23,61.832274803852734,61.96364783175076,59.248634210133744,59.42379379272461,2361546
2021-08-24,59.64274743175957,60.518558720572216,59.336214817057105,59.598960876464844,1583324
2021-08-25,59.949280637578426,61.219211028024546,59.77412105085272,60.6937255859375,1473485
2021-08-26,60.825080366883924,61.26298593232415,60.518547807457495,60.868873596191406,799944
2021-08-27,60.868884313413375,62.31397427018573,60.56235170001556,61.832275390625,1282487
2021-08-30,62.18259950887103,63.408736610216614,61.87606690401205,62.88325119018555,1426258
2021-08-31,63.05841371420746,64.28455087281016,62.8832541266542,64.02180480957031,1663542
2021-09-01,64.15317407363838,64.50349991008112,63.014616775676885,63.27736282348633,870369
2021-09-02,63.32114954206072,63.715261891305246,62.88324396205176,63.014610290527344,684063
2021-09-03,63.189793302216025,63.45253271080699,62.70809436359995,62.97084045410156,899437
2021-09-06,65.35541022313784,65.8853176070492,64.03063839429045,64.47222900390625,3204613
2021-09-07,64.47224740455584,64.86967637138277,63.67738273276211,63.89817810058594,801073
2021-09-08,64.07481036563695,64.16312715401243,63.23578403072234,63.58905792236328,702868
2021-09-09,63.85401284511255,64.11896320119132,63.19162684770739,63.41242218017578,722750
2021-09-13,63.76569884597638,64.42808494231882,63.14747451797936,64.11897277832031,1022573
2021-09-14,64.33975047339392,64.91381961352204,64.16311692480278,64.47222900390625,1225567
2021-09-15,64.73719936087411,65.35542364605402,64.69303759558727,65.13462829589844,1058078
2021-09-16,65.26710861183788,65.70869932404499,64.91383469444429,65.00215148925781,1585511
2021-09-17,65.31126364017487,65.75285435238199,64.16313183132013,65.00215148925781,1743147
2021-09-20,64.91383321319948,66.54771746345486,64.07481357440707,64.60472106933594,2624389
2021-09-21,64.60471925603991,64.82551460090804,63.3682639771506,63.94233322143555,919062
2021-09-22,64.38392372561198,66.06196968940127,64.03064982721331,65.26710510253906,1792316
2021-09-23,65.70869403521662,66.23860149958551,65.26710335855272,65.39958190917969,1182447
2021-09-24,65.48789033510253,65.75284066438746,64.6047090945432,64.86965942382812,1056735
2021-09-27,65.0904515707593,65.17877508103346,63.89815830157384,64.07479858398438,869184
2021-09-28,64.11896939795663,66.15028934823783,64.11896939795663,65.22294616699219,2019865
2021-09-29,64.73719267892471,67.56337017395222,64.73719267892471,66.50355529785156,3910206
2021-09-30,66.68019016810825,70.2129154750279,66.59187338306302,69.55052947998047,10607927
2021-10-01,69.41806275684985,70.56620137240888,68.57904304880742,69.06478881835938,3499295
2021-10-04,70.65449949961427,71.36104718986567,68.9764537888708,69.63883972167969,3371054
2021-10-05,69.32972798187731,70.03627567567402,68.1374346444663,68.57902526855469,2701746
2021-10-06,68.75565891742275,69.46220661219043,67.12177495367796,67.29840850830078,2269737
2021-10-07,68.00495610961215,68.97645413497897,67.60752724318787,68.57902526855469,1795588
2021-10-08,68.53487633280167,69.3297409524964,68.09328562609787,68.93231201171875,1916619
2021-10-11,69.50636771838846,71.09609680175781,69.24141736325275,69.55052947998047,2781092
2021-10-12,69.50636728463462,70.30123182135895,68.88814305503722,69.24141693115234,1299966
2021-10-13,69.41805072092853,70.30123204495597,68.40239085066924,68.71150970458984,2805179
2021-10-14,68.9764563298121,69.90379936516108,68.49071067074134,68.75566101074219,1989495
2021-10-18,70.12460327148438,70.61034899003813,69.68301257926865,70.12460327148438,3278068
2021-10-19,70.56618648785268,72.8624564964776,69.10893601029542,69.59468841552734,8627937
2021-10-20,69.5946871973059,69.77132075713189,66.90098161206001,67.38673400878906,3107016
2021-10-21,67.6075255176507,68.00495437393145,64.51639122792653,64.78134155273438,6352919
2021-10-22,65.35541578764445,66.37107562386392,64.64886805684692,65.6645278930664,1866265
2021-10-25,66.19444328138952,66.19444328138952,64.20728512998923,65.13462829589844,1205898
2021-10-26,65.31126079771413,65.5762179087628,64.86967010472583,65.04631042480469,1278427
2021-10-27,65.31126188076718,65.7970143463652,64.95799471102971,65.13462829589844,985228
2021-10-28,65.1346310225549,65.31126461481784,64.03065422556244,64.25144958496094,1357492
2021-10-29,64.25143779078842,64.56054988957689,63.19162295547406,63.986480712890625,1009358
2021-11-01,64.25145203673202,64.5605642040574,63.589065933260564,63.89817810058594,1663286
2021-11-02,64.2514275159772,64.2514275159772,63.36824638173696,63.54487991333008,2006423
2021-11-03,63.809849646969546,64.0306449744677,62.30844411523749,63.059146881103516,1726545
2021-11-04,63.059146881103516,63.059146881103516,63.059146881103516,63.059146881103516,0
2021-11-08,64.29559128528155,64.33974630049657,63.27993160141049,63.63320541381836,2034707
2021-11-09,63.854004845699315,64.7813410830097,63.50073101037909,64.47222900390625,1575744
2021-11-10,64.47223749136387,65.31125706483157,64.25144215748934,65.09046173095703,1332128
2021-11-11,65.35542596136773,65.53205955249398,62.61756487007349,63.1474723815918,2655405
2021-11-12,62.750049678806974,63.36827404742822,62.705887907559635,62.79420471191406,1274040
2021-11-15,62.970837002707306,63.5448995266396,62.308450947579836,62.485084533691406,1069361
2021-11-16,62.83835186495669,63.14746397735798,62.39676120777237,62.573394775390625,776510
2021-11-17,62.485083042103184,63.059152290471204,61.91101379373517,62.08765411376953,799250
2021-11-18,62.30844981594956,62.48508339885315,60.939515964959256,61.60190200805664,1146152
2021-11-22,63.10329489466044,64.33974993894137,62.264275438615115,62.83834457397461,4621690
2021-11-23,62.57340416748673,63.456585614418486,62.352608805753796,63.23579025268555,1038212
2021-11-24,63.32410597271804,63.8981752510877,62.926677023614204,63.1474723815918,823299
2021-11-25,63.89818225835023,63.89818225835023,62.705888542148706,63.3682746887207,1028273
2021-11-26,63.80985830269023,66.06197364392335,63.80985830269023,65.31126403808594,8523050
2021-11-29,65.09046242933965,65.31125776558319,62.794192280034636,63.50074005126953,2121523
2021-11-30,63.94231993030093,64.91381789815598,62.61754813646102,63.32408905029297,2293395
2021-12-01,63.36827404742822,63.633231198631755,62.440930756356096,62.79420471191406,1084481
2021-12-02,62.79418979285026,63.27994220860168,62.573394465352095,63.059146881103516,816671
2021-12-03,63.14745675408253,63.677364134461236,62.750027903332985,62.88249969482422,746723
2021-12-06,62.70587496842683,63.103303875083846,62.264284299635094,62.39676284790039,888885
2021-12-07,62.7058704907616,62.97082756837228,62.529236931113395,62.6175537109375,501327
2021-12-08,62.92665778900262,63.94231747287367,62.750024251867444,63.63320541381836,757019
2021-12-09,63.76570368140777,63.89818225835023,63.1916410782243,63.3682746887207,679362
2021-12-10,63.36826084703725,64.25144218288446,63.2799440610803,63.721534729003906,991078
2021-12-13,64.11896406438056,64.91382861959524,63.80985194239123,64.03064727783203,990710
2021-12-14,63.80984140328938,63.986474947212926,63.1916172614192,63.32408905029297,897480
2021-12-15,63.45657013705474,64.78134198433412,63.147458053650496,63.765682220458984,1288349
2021-12-16,64.118963528246,64.20728031405606,62.661712978893824,62.92667007446289,821877
2021-12-17,63.544900593575086,63.544900593575086,61.60190416116685,61.77853775024414,1166746
2021-12-20,61.77852294695457,61.77852294695457,59.43809813086223,60.18880081176758,1398962
2021-12-21,60.762881852753814,61.16031077989456,59.52642656878154,59.703060150146484,1275009
2021-12-22,60.05633196153177,60.674556212939,59.70305807295378,60.3212890625,818525
2021-12-23,60.762874703045,61.16030358342198,60.497917624034734,60.807029724121094,672068
2021-12-24,61.20446388498615,61.20446388498615,60.36543764686157,60.45375442504883,502878
2021-12-27,60.45376237487928,60.89535306202417,59.74722131833096,60.718719482421875,708417
2021-12-28,61.071990091001084,62.043488202776224,60.762877974273366,61.82269287109375,788021
2021-12-29,62.26427759025596,62.57338967747357,61.51357488183085,61.690208435058594,586718
2021-12-30,61.646062272787574,61.69021729836939,61.11614806069292,61.204471588134766,411196
2021-12-31,61.16030687604631,62.17596674941347,61.16030687604631,61.82269287109375,750402
2022-01-03,62.04349136352539,62.17596991691163,61.469422124277756,62.04349136352539,782044
2022-01-04,62.22011629613437,62.79418545560592,61.73437065207244,61.99932098388672,762248
2022-01-05,61.8226994520845,63.50074549912612,61.38110874171247,62.52924728393555,1603019
2022-01-06,61.91102004381856,62.08766038168524,61.381112506498354,61.7343864440918,1037378
2022-01-07,61.8226945184005,62.44091876832893,61.29278705587058,61.646060943603516,1280272
2022-01-10,61.86686198252556,62.750043414178236,61.73438342014975,62.35260772705078,1855680
2022-01-11,62.131797790527344,62.926662240135606,61.95516424089796,62.131797790527344,979241
2022-01-12,62.57339195195625,63.23577790784458,61.999322775892026,62.6175537109375,1409185
2022-01-13,62.83834457397461,63.4124137093341,62.396753968026985,62.83834457397461,1409083
2022-01-14,62.70586395263672,63.05913777323686,62.440906902652195,62.70586395263672,964165
2022-01-17,62.705869932565385,65.00213987824293,62.66170817397726,64.207275390625,5253486
2022-01-18,64.56055921559789,65.13462847521066,62.79419640949048,63.014991760253906,2190381
2022-01-19,62.88249969482422,63.50073058704764,62.48507084407467,62.88249969482422,1305435
2022-01-20,63.05914719354885,63.67737141835143,62.352599446798465,62.573394775390625,1011069
2022-01-21,62.26428695833628,62.57339909206189,61.16031023921684,61.51358413696289,1151561
2022-01-24,61.38111044916083,61.42527221668229,59.43811396473104,60.012176513671875,1578166
2022-01-25,60.012174393267316,60.89535580737361,59.43811186460978,60.63040542602539,1011259
2022-01-27,60.45375379056326,61.02782294996273,60.18880345878225,60.6745491027832,723354
2022-01-28,60.718714031469624,62.04348597397441,60.497918707718824,60.895347595214844,1344543
2022-01-31,61.46941931270762,62.04348852569772,61.07199040886616,61.33694076538086,819478
2022-02-01,61.822693192866055,62.04348852569772,60.983673623361256,61.33694076538086,996876
2022-02-02,61.955168687135874,62.61755465298949,61.64605658403188,61.911006927490234,903211
2022-02-03,62.08766351206787,62.52925427178915,61.86686813220723,61.95518493652344,584171
2022-02-04,62.22012519431584,62.352603748238,61.292788793139,61.51358413696289,721275
2022-02-07,61.73438021184004,62.750040153085116,61.55773989180568,62.08765411376953,1285886
2022-02-08,61.822697619242795,62.396766873335054,60.85119943285399,61.07199478149414,1195855
2022-02-09,61.42525810521698,61.86684872642447,61.16030103723723,61.690208435058594,797746
2022-02-10,60.939514825994316,61.33694374916906,60.18881200547584,60.718719482421875,1692356
2022-02-11,60.23297187499979,61.20447685535437,59.87970468738688,60.012176513671875,1517454
2022-02-14,59.6147459738466,59.658907740194145,58.42245240199757,58.775726318359375,1444693
2022-02-15,59.173146727855766,59.703054156895426,58.2016486515933,59.52642059326172,1015756
2022-02-16,60.30008704445179,61.119259427102925,60.118051823506455,60.57314682006836,994943
2022-02-17,60.618645988551705,61.02823561032306,59.52642088555713,59.84498596191406,761332
2022-02-18,60.11805108331941,60.618651406854866,58.98031360592274,59.11683654785156,1234458
2022-02-21,59.11682834785287,59.1623406183152,57.25094331025529,57.34196090698242,1189425
2022-02-22,56.43178151988673,56.79585891853221,55.612609108984095,56.113216400146484,992446
2022-02-23,56.4317741394043,57.5240027203932,56.24973546388966,56.4317741394043,646355
2022-02-24,55.52158856698883,55.74913606111584,52.791018637464795,53.0185661315918,2246826
2022-02-25,54.611393271594444,55.29403568748938,53.33712603975102,54.92995834350586,916882
2022-02-28,54.61140147085813,56.34076390627506,54.24732407221264,56.113216400146484,870105
2022-03-02,55.976680755615234,57.20543577360619,55.385055911634964,55.976680755615234,1002914
2022-03-03,57.06890869062462,60.84619477617303,55.70362381033264,59.071327209472656,3557018
2022-03-04,58.11562299042128,59.29887262312057,57.61501924617867,58.66173553466797,1377164
2022-03-07,58.07011399646477,59.98151483914192,56.7958502401122,58.61623001098633,1375920
2022-03-08,58.61623622431611,60.11805108331941,58.34317645206152,59.11683654785156,1137067
2022-03-09,59.25335693359375,59.61743425682605,59.116827069356965,59.25335693359375,436069
2022-03-10,59.70845934540715,60.072536714333665,59.162346764116485,59.20785903930664,585930
2022-03-11,59.25336437029856,59.84498922677937,58.7072517890079,59.20785903930664,727738
2022-03-14,59.52642458010531,59.52642458010531,58.25215725139146,58.38868713378906,760183
2022-03-15,58.61623018291333,58.79826538285557,55.84014824650868,56.340755462646484,2370997
2022-03-16,56.84136440314509,57.023403091828264,56.431778221632754,56.750343322753906,1010080
2022-03-17,57.20543377454948,57.341963648265875,55.385053976191834,55.84014892578125,3750118
2022-03-21,56.431780640039335,56.79585803300836,55.74913813229693,56.06770324707031,1606282
2022-03-22,56.249737040491105,56.43177572110804,55.749133272868825,55.976680755615234,1041540
2022-03-23,56.06769785476918,56.97788777755503,56.06769785476918,56.52279281616211,1568392
2022-03-24,56.70483291333253,57.06891028039209,56.43177662408741,56.61381530761719,1003732
2022-03-25,56.704827376503,59.43540041863014,56.431771113919915,58.75275802612305,4957504
2022-03-28,58.84378484770491,59.79948018051766,57.66053507085262,59.48091506958008,2722353
2022-03-29,60.07253952020834,62.57556200021702,58.61623692067936,61.75638961791992,6092924
2022-03-30,61.71087803574413,62.25699058724142,59.52642088555713,59.84498596191406,1877072
2022-03-31,59.79947630324854,60.072536063032494,57.888078817355314,58.29766845703125,1387679
2022-04-01,58.34317994896885,60.98273244357532,58.34317994896885,60.25457763671875,1297725
2022-04-04,60.66416581260056,61.98393855501789,60.527635921681835,61.25579071044922,1540429
2022-04-05,61.52884018052122,62.2569949294356,61.21027508194556,61.61985778808594,1324964
2022-04-06,61.346808332275145,63.258205972830275,61.16476616295641,62.712093353271484,1788760
2022-04-07,62.712093353271484,64.851038497326,62.439033571392734,62.712093353271484,2973558
2022-04-08,63.16718532436913,63.48575042511786,62.074953193546996,62.48454284667969,1057878
2022-04-11,62.71208376410586,63.212684028739616,62.34800642533736,62.57555389404297,705262
2022-04-12,62.757596955461324,62.98514445268083,61.11925914199997,61.43782424926758,878721
2022-04-13,61.8929153121274,62.30249800342548,61.073742985333155,61.16476058959961,710285
2022-04-18,60.89171112122842,61.39231144428802,60.39110385397035,60.80069351196289,455010
2022-04-19,61.02823667589333,63.25819919352547,60.391099567857026,61.3468017578125,1671916
2022-04-20,61.43782556856676,62.575563079095765,61.11926045445836,61.847408294677734,834084
2022-04-21,62.256988525390625,62.894118657003766,62.07494638478857,62.256988525390625,780092
2022-04-22,62.12046377172853,62.43902886376955,61.34680370700085,61.483333587646484,516683
2022-04-25,61.07374674204582,61.34680651583947,59.29887904498265,59.70846176147461,846643
2022-04-26,60.25457320933851,60.80069274645266,59.20786029966594,59.344383239746094,822700
2022-04-27,59.11683662023335,59.93600899380163,58.98031367813737,59.389896392822266,639060
2022-04-28,59.43540456639012,59.84498725279851,58.66173757886626,59.071327209472656,594206
2022-04-29,59.43540229671923,59.70845509583171,58.47970013933122,58.61623001098633,536483
2022-05-02,58.88928636289956,58.88928636289956,58.16113857713927,58.29766845703125,484404
2022-05-04,58.70724624291641,58.70724624291641,57.0689051817199,57.38747024536133,615236
2022-05-05,57.84257179012973,58.161140362289196,57.159929313915534,57.29645919799805,447223
2022-05-06,56.9778856066421,57.25094535075322,56.20422559059092,56.340755462646484,792391
2022-05-09,55.97668181050349,56.43177678457263,55.248530546412695,55.476078033447266,977006
2022-05-10,55.47607435948113,56.113207975402844,54.74792314361298,54.92995834350586,1490375
2022-05-11,55.29403174965465,55.52157920541455,53.51916090030774,54.33833312988281,785531
2022-05-12,54.156303059782694,54.383850551630516,53.33713070029084,53.56467819213867,849587
2022-05-13,54.01976854166325,54.52037575846243,53.47365599691726,53.79222106933594,604058
2022-05-16,53.8832443802316,54.52037802363905,53.33712834069707,54.247318267822266,478591
2022-05-17,54.565884471621224,55.20301808754294,54.565884471621224,54.92995834350586,1223096
2022-05-18,55.20301833162234,55.33954473214565,54.33833723991248,54.65690231323242,837313
2022-05-19,53.701201312255826,54.15629623863088,53.29161518409853,53.61018371582031,639881
2022-05-20,54.33834155843817,54.793436540548875,54.019772987701174,54.11079406738281,495364
2022-05-23,54.4748628041042,54.702410273581826,54.1107889361993,54.29282760620117,516166
2022-05-24,54.29283711489656,54.474872344680726,53.928759711129324,54.156307220458984,292499
2022-05-25,54.338339191187046,54.61139547413793,52.29041186090687,52.791015625,567683
2022-05-26,52.88203141924412,53.7012037121676,52.06286259841955,53.5191650390625,464361
2022-05-27,53.928747015095276,54.70240697583947,53.746708356067636,54.33833312988281,678049
2022-05-30,55.20301415619014,55.20301415619014,53.792217152799886,54.33833312988281,676899
2022-05-31,54.29282901393455,57.888076347221464,53.74671298976896,56.704830169677734,2707307
2022-06-01,57.20543417021784,57.88807659932354,55.79464051115252,56.4317741394043,881673
2022-06-02,56.431773746853786,57.70604099449328,56.0676963983571,57.250946044921875,905633
2022-06-03,57.79706282053533,58.07011911581881,55.20302280719349,55.56709671020508,1184243
2022-06-06,55.93117158019817,55.93117158019817,55.15750806076444,55.38505554199219,362762
2022-06-07,55.521583404942284,55.61260100529116,54.52037591270911,54.65690231323242,459012
2022-06-08,55.97667879728238,59.435403191704175,55.97667879728238,57.250946044921875,9054286
2022-06-09,58.07011209709578,58.98030542486092,56.97788357587637,57.34196090698242,2569100
2022-06-10,56.79585803300836,57.11442314778175,55.93117682878144,56.06770324707031,659552
2022-06-13,55.38505701985695,55.38505701985695,52.69999944740223,53.47365951538086,971232
2022-06-14,52.83652532711159,54.247319039812766,52.83652532711159,53.42815017700195,530450
2022-06-15,55.203017484111676,55.7946388214942,53.74671159619557,54.29282760620117,1817267
2022-06-16,54.65691162580139,54.747932713757535,52.33592770046168,52.745513916015625,826758
2022-06-17,52.10837475320567,52.791017217221466,51.7442973835576,52.33592224121094,624185
2022-06-20,53.2461083984375,53.610185742138164,50.97063368055556,51.19818115234375,1261427
2022-06-21,51.653281095724864,52.472453462294105,51.471242406254014,52.15388488769531,540790
2022-06-22,52.33592268835068,52.33592268835068,51.24369404217396,51.51675033569336,549981
2022-06-23,51.5167458459222,52.38142692679115,51.5167458459222,52.01735305786133,342825
2022-06-24,52.426942858319364,52.927550138358846,51.9263390503792,52.563472747802734,662687
2022-06-27,53.42814286488878,53.42814286488878,52.38142318821221,52.608970642089844,643276
2022-06-28,52.65449282805948,53.24611774742623,52.24491008460502,52.745513916015625,264034
2022-06-29,52.51796226663702,52.51796226663702,51.926337393881546,52.15388488769531,336586
2022-06-30,52.24489855530913,52.38142494896576,51.6532737665009,51.880821228027344,412261
2022-07-01,51.88082710428441,53.65569819964027,51.51674973576557,53.47365951538086,751759
2022-07-04,53.61018379286751,55.24852483575252,53.1095765954565,54.201805114746094,600071
2022-07-05,54.52038051363012,55.020984301992165,53.74671695698043,53.837738037109375,567040
2022-07-06,53.837736723871785,54.88445307907872,53.74671564596308,54.61139678955078,661285
2022-07-07,54.97547531577406,55.93117408531583,54.656906744527355,55.56709671020508,522581
2022-07-08,55.84015335061248,56.61381690947973,55.38505836496088,56.158721923828125,751669
2022-07-11,56.06770049690799,56.06770049690799,55.385058022649694,55.56709671020508,290003
2022-07-12,55.52158630016342,55.88566366474183,55.15750893558502,55.43056869506836,345333
2022-07-13,55.70362632217162,55.79464392945574,55.06649265488535,55.248531341552734,180295
2022-07-14,55.24853267911163,55.79464528023593,54.61139899640044,55.06649398803711,311723
2022-07-15,55.157511597524746,55.52158897967378,54.74792888273114,55.06649398803711,182577
2022-07-18,55.15751132812514,55.7491362032029,55.15751132812514,55.33955001831055,222358
2022-07-19,55.43056995582777,58.707252423164746,55.2030224658155,58.4341926574707,2989350
2022-07-20,58.980313938355735,59.79947937133965,58.297671448070126,59.70846176147461,1347568
2022-07-21,59.844991442181566,60.982728922070955,59.753973832630116,60.84619903564453,1356423
2022-07-22,61.07374216598058,62.93963427730183,61.07374216598058,62.803104400634766,2698399
2022-07-25,62.848613222354004,63.030648418446646,60.52762627908595,61.98392868041992,1179005
2022-07-26,61.892919243706594,63.21269194990034,60.80069403473236,61.43782424926758,1304605
2022-07-27,61.574340355892254,61.574340355892254,60.52762071410222,60.98271560668945,500004
2022-07-28,61.07375005838267,61.66537497092878,59.9815247922967,60.25457763671875,939914
2022-07-29,60.80068042733335,61.301280642661126,60.52762071410222,60.98271560668945,711757
2022-08-01,61.84740608413708,61.84740608413708,61.073745993469124,61.392311096191406,625940
2022-08-02,61.16476447492475,61.7108840236104,60.982729254828556,61.43782424926758,661769
2022-08-03,61.52884757197195,63.622287518436636,60.61865749858716,63.3037223815918,1673583
2022-08-04,63.622287518436636,64.12288789227877,62.1204725085119,63.3037223815918,2036109
2022-08-05,62.939632315624294,63.71329233369388,62.34800749797187,62.66657257080078,619434
2022-08-08,62.712089899925445,62.712089899925445,60.3455973826864,60.436614990234375,1766679
2022-08-10,60.43660884769448,62.120458720886305,60.43660884769448,61.1192512512207,1404764
2022-08-11,61.6198536820846,62.029443305130556,60.98272352738805,61.30128860473633,579199
2022-08-12,61.34680963304526,61.89292226418358,61.301297353700875,61.665374755859375,685973
2022-08-16,62.12045943283653,62.39351917505555,61.80189436304614,62.029441833496094,693750
2022-08-17,62.029446718442905,62.621071577044,61.847404561228124,62.12046432495117,892220
2022-08-18,61.43782450930398,62.34801450203441,61.3012946215547,61.75638961791992,538620
2022-08-19,61.89292081374416,62.029450704378924,60.52763579579393,60.70967102050781,429596
2022-08-22,60.527632325806664,60.9372150300313,60.02702507024473,60.11804962158203,416575
2022-08-23,60.07253049380732,60.52762542179071,59.571923295346586,59.89049530029297,464683
2022-08-24,59.890507177489354,60.52763742533969,59.890507177489354,60.25457763671875,345918
2022-08-25,60.527626445991785,62.074946449638844,60.43660884769448,61.1192512512207,664445
2022-08-26,61.801896216289606,62.93963360265651,61.437818863812616,61.892913818359375,1283778
2022-08-29,60.20907080567062,61.89292094247165,60.20907080567062,61.25579071044922,459596
2022-08-30,61.847408294677734,62.575563079095765,61.43782556856676,61.847408294677734,705275
2022-09-01,61.71088534877319,62.302503298889334,61.11926045445836,61.847408294677734,646510
2022-09-02,62.77119151410484,63.09452192089823,62.35549105954281,62.63262939453125,579840
2022-09-05,62.309295635205736,66.88203562895642,62.309295635205736,66.4201431274414,5911673
2022-09-06,67.34393268689597,68.17534065545928,65.58873965280027,66.18920135498047,5941757
2022-09-07,66.05062606201284,66.97441104190113,65.35778732709662,65.54254150390625,1698521
2022-09-08,66.0044310118936,66.37394639673892,65.31159230827853,65.40397644042969,944138
2022-09-09,65.91204528407049,66.00442235618772,63.78734443369909,64.15685272216797,1245905
2022-09-12,64.15685272216797,64.15685272216797,64.15685272216797,64.15685272216797,0
2022-09-13,66.00443890419747,66.3739543332266,65.1268459271838,65.21922302246094,2986833
2022-09-14,64.34162826085917,64.94208993538695,64.06448993479391,64.52638244628906,745021
2022-09-15,65.17303261824894,65.45016388120102,64.20305557811658,64.38780975341797,712739
2022-09-16,64.29543410991165,64.80351867528263,61.01600161317224,61.339324951171875,1562940
2022-09-19,61.43170557256454,62.35549061876852,60.785058859389984,61.47789764404297,810759
2022-09-20,61.61646270751953,62.35549359897201,61.29313933547942,61.61646270751953,885217
2022-09-21,61.61646408873463,62.07835664426614,60.96981733015895,61.154571533203125,565317
2022-09-22,60.969810485839844,61.84740342366488,60.78505630353571,60.969810485839844,487168
2022-09-23,61.062193364888785,61.29313963861978,60.04603117005664,60.23078536987305,603179
2022-09-26,59.58413009339595,59.907453420752866,57.82893725470417,57.967506408691406,791924
2022-09-27,58.5679694269709,59.58413150033838,58.290831112452445,58.8451042175293,560319
2022-09-28,58.52177867964002,58.9836711823174,57.96750908601122,58.38321304321289,401086
2022-09-29,58.70653572027575,59.537940101297984,58.013696974110516,58.614158630371094,568374
2022-09-30,58.66034974292465,59.53794270731201,58.10608013131576,58.983673095703125,1038701
2022-10-03,59.214615246719404,59.815076887607574,58.93748046014025,59.12223815917969,587110
2022-10-04,59.81507845462561,60.369348042304516,59.63032427470605,59.95364761352539,528311
2022-10-06,60.18459358122746,60.41553982900813,59.95364733344678,60.09221649169922,833824
2022-10-07,60.04601833874202,60.18458748295378,59.30698760155896,59.49174880981445,795483
2022-10-10,59.214616762671575,59.445563011393325,58.567970085418764,58.614158630371094,482154
2022-10-11,58.706541203454364,58.937487473746444,57.82894467155238,58.013702392578125,845049
2022-10-12,58.47558790361313,58.47558790361313,57.69037208859769,57.78274917602539,661368
2022-10-13,57.736560632311544,59.12223808748702,57.644183544883845,57.78274917602539,1039045
2022-10-14,58.38321705206519,58.98367523239984,58.01370161496665,58.33702850341797,518819
2022-10-17,58.29082945935794,58.52177569893378,57.96750613353574,58.106075286865234,257606
2022-10-18,58.42940160884042,60.323163689638925,58.19845535742208,59.72270202636719,951093
2022-10-19,60.04602422188982,61.75502504015958,59.72270088566367,59.99983215332031,1329924
2022-10-20,59.584133716672795,60.04602622610437,59.122241207241224,59.3069953918457,405079
2022-10-21,59.491758463297806,59.72270472515229,58.56797341587989,58.798919677734375,452919
2022-10-24,58.798919677734375,58.798919677734375,58.798919677734375,58.798919677734375,0
2022-10-25,60.46171961740221,60.96980413771768,59.53793470622467,60.507911682128906,1557000
2022-10-27,60.96980585274885,63.92591483250211,60.738859618458136,62.54023742675781,2606209
2022-10-28,62.86356522906152,63.879727208910154,62.447857795542,63.464019775390625,2355587
2022-10-31,63.78735022041681,65.12683550743021,63.60258901150221,64.89588928222656,2471571
2022-11-01,65.21921799453402,66.32776419616057,64.94208673006742,65.72730255126953,2863317
2022-11-02,65.58873839671001,65.77349258710997,63.74116830102803,63.97211456298828,884294
2022-11-03,63.51022457254344,67.66725745365538,63.371655400255534,66.97441864013672,6027495
2022-11-04,67.34392957560976,69.00673838799396,66.46632957514663,67.20536041259766,4992091
2022-11-07,67.39010936524662,68.12914014531287,66.74346271862854,67.62105560302734,2199754
2022-11-09,67.89818866642335,70.53097416431305,66.74345756665424,69.65338134765625,6114412
2022-11-10,68.82198518431659,69.0991235142941,66.37395342925008,66.83584594726562,3074139
2022-11-11,67.62106124033544,67.94439163851914,65.95825241844416,67.11298370361328,1697721
2022-11-14,68.08294397030285,68.36008225808447,66.74345869117032,67.7596206665039,2045262
2022-11-15,67.75963001672572,68.08295336514038,66.14300622673196,67.20536041259766,1346507
2022-11-16,67.85200204615815,68.9143561527486,66.97440915910336,67.71343994140625,2402880
2022-11-17,67.52867465879136,75.01133092573059,67.29772843420731,74.5494384765625,37914178
2022-11-18,75.19610343969804,75.56561886417214,71.17763993735345,72.00904083251953,14898646
2022-11-21,72.33236243038185,73.07138614146366,70.76192382948365,71.13143920898438,3773325
2022-11-22,71.31620862694898,73.07140176901537,69.97672301869684,72.3785629272461,5738803
2022-11-23,72.97901858859093,75.28848120215393,72.28617980452204,73.25615692138672,7325523
2022-11-24,73.53328820626194,74.82658867944133,72.65569523227623,73.25615692138672,3824262
2022-11-25,73.53328090306057,75.750366201468,72.19379553939768,74.31849670410156,7900740
2022-11-28,74.78039152152876,79.90740099407378,74.68801443285372,77.59793853759766,18674029
2022-11-29,77.59793973846455,77.87507805669858,75.51942349546997,75.8889389038086,4089456
2022-11-30,76.11987453251511,76.39700576416261,73.99516651695492,74.13373565673828,3441718
2022-12-01,74.64182708555515,76.21225868783345,74.04136545600642,75.7503662109375,4328657
2022-12-02,76.07369623473853,77.92126630503174,75.1037261765869,76.11988830566406,4297061
2022-12-05,76.48941247242887,76.58178957691858,74.27232672506894,74.5032730102539,3186977
2022-12-06,74.3646973359937,74.503266504589,72.19380385440287,72.7018814086914,3235631
2022-12-07,72.65569134944997,73.90279968454259,71.87047551238574,73.2099609375,3664801
2022-12-08,73.20995757885778,75.56561202990066,73.16376551200602,74.31849670410156,3625925
2022-12-09,74.78039388938008,75.47323264826102,71.91666176225631,74.17993927001953,3336751
2022-12-12,74.0875513848295,75.65799005431458,72.84044309147838,75.38085174560547,2878871
2022-12-13,75.70418450947717,77.59794674321199,75.242291969339,76.07369995117188,4514377
2022-12-14,76.58176801928626,76.62795303456947,74.91895241486564,75.19609069824219,1599222
2022-12-15,75.47324317927797,76.11989700654865,74.17994962057921,74.5032730102539,1566051
2022-12-16,74.64182800224775,78.01363748666228,74.54944386739805,75.38085174560547,8289744
2022-12-19,75.98130744898205,81.10831642428174,74.82657633273612,79.02980041503906,20172983
2022-12-20,79.26075714967497,80.18454216518204,77.36699504871733,77.9212646484375,5751975
2022-12-21,78.47553353247638,79.6302647913293,73.07139265062875,74.2723159790039,7571266
2022-12-22,75.33466813625365,75.65799147051979,70.62335908752964,72.33236694335938,4606723
2022-12-23,71.68571506472334,71.82428422522423,66.74346669160708,68.91436004638672,6451784
2022-12-26,68.8681729249858,71.54714372269095,67.99057296718578,70.99287414550781,2549604
2022-12-27,71.73190509481587,72.51712091810303,70.30003555688275,72.23998260498047,2119294
2022-12-28,72.05523468580756,73.34853517949594,71.27001879432841,72.7018814086914,1476226
2022-12-29,72.33236508622058,72.97901173815013,71.13144182072861,71.6395263671875,1090939
2022-12-30,72.3323613703356,74.50325450219799,72.3323613703356,72.84043884277344,2577398
2023-01-02,73.25615558143912,74.31850272590997,72.84044808984925,73.71804809570312,2287829
2023-01-03,73.90280113082679,75.28847865202978,73.71804694716785,73.99517822265625,2031628
2023-01-04,74.1799351815408,74.68801268129825,72.37855027898279,72.88663482666016,1139373
2023-01-05,72.97901187828309,78.8912370349685,72.97901187828309,78.33696746826172,22392310
2023-01-06,78.42935453605816,80.27692469215884,76.58178437995747,77.50556945800781,9272124
2023-01-09,77.8750746073324,78.24458295138398,76.3508280204,76.99747467041016,2441050
2023-01-10,76.72034341237148,78.15220586537107,76.48939717337929,76.99747467041016,2683681
2023-01-11,76.67416244780945,78.33697842849658,76.67416244780945,77.13605499267578,2332696
2023-01-12,77.36698558783618,79.2607474572137,76.67414691093019,77.2284164428711,3315017
2023-01-13,77.32080604511596,77.55175230815145,76.6741593277848,76.90510559082031,1480049
2023-01-16,77.22841480597897,78.84503835116121,76.8588994432106,77.78268432617188,2619018
2023-01-17,78.2445938898547,78.983624777113,76.76653916325898,78.47554016113281,3221929
2023-01-18,79.16836715393734,79.72264376057964,77.92125888483177,78.61409759521484,2750217
2023-01-19,78.10604198121733,78.52174250472066,77.3670109972983,77.73652648925781,1413635
2023-01-20,78.0136438629696,82.54019197169492,77.69032050832934,81.2007064819336,22008316
2023-01-23,82.12447357177734,83.83347411382525,81.2468737462421,82.12447357177734,13250044
2023-01-24,82.21686413378399,82.49400245003223,79.63026334186766,79.9997787475586,3959867
2023-01-25,79.63027151752335,79.7688406898744,77.82889342072245,78.47554016113281,3258854
2023-01-27,78.52171802216344,79.72264123461143,75.14990166221602,76.76652526855469,7949383
2023-01-30,76.76652176469176,80.83117662754653,76.67414468670127,79.39930725097656,5036290
2023-01-31,79.86120368914553,81.29307313743872,78.66028751927605,80.87737274169922,2161891
2023-02-01,81.29307612524876,82.0782919282382,75.14990475847269,76.99747467041016,3896362
2023-02-02,77.08985139207832,79.2145595999325,76.67415098302504,78.52172088623047,2221263
2023-02-03,79.35312856290415,79.58407480025375,75.51941961331694,77.27461242675781,2386429
2023-02-06,73.90279877652253,76.16606916988549,71.63952838315957,72.1476058959961,5119190
2023-02-07,72.65568926768553,77.13604496060367,72.28617387026631,76.72034454345703,8032006
2023-02-08,76.72034416552167,78.05982954565786,75.56561295922495,76.8127212524414,3318393
2023-02-09,76.85891085069073,77.13604917588002,74.91896371812693,75.14990997314453,1336921
2023-02-10,75.19610319859939,75.93512699725757,74.59564151674428,74.8727798461914,1118887
2023-02-13,76.00936613211084,76.00936613211084,73.49939807938583,73.97297668457031,1506438
2023-02-14,74.35183725826076,74.49391227788674,71.6524407903099,72.22073364257812,1520256
2023-02-15,72.12601893832999,73.78354396279349,71.79451537868442,72.36280822753906,1125409
2023-02-16,72.69431222384094,73.26260507610917,72.07865862295215,72.22073364257812,920815
2023-02-17,72.41016218458898,73.12053005648319,71.79451580993587,72.22073364257812,1060191
2023-02-20,71.84186681945198,72.50488114577054,70.56320614001423,70.79999542236328,1235749
2023-02-21,70.98942141498077,71.69978923658326,70.46848934821338,70.75263214111328,675054
2023-02-22,70.27905398272948,70.56320400343876,69.09510760683287,69.2371826171875,776403
2023-02-23,69.4739852127632,69.61606025035819,67.72174568572258,68.43211364746094,1057390
2023-02-24,68.47946166992188,69.42661877613803,68.14795090175802,68.47946166992188,874341
2023-02-27,68.33739827002414,68.3847517976397,66.8693016154491,67.34288024902344,1061426
2023-02-28,67.24815496428727,68.62152988644408,66.34835859821698,67.57965850830078,1259176
2023-03-01,67.72173937168047,69.37926446119712,67.6270250975267,68.76361083984375,867774
2023-03-02,68.47946583885523,70.32641941792257,68.47946583885523,70.08963012695312,1295599
2023-03-03,70.56320362217379,71.98393926557327,70.42112861258681,71.51036071777344,1384291
2023-03-06,71.93657642277829,73.02580849620517,71.55771937657325,72.07865142822266,1181454
2023-03-08,71.79451494424629,73.97297205604622,70.04226843371373,73.12052917480469,2550826
2023-03-09,73.35733032226562,74.06769830043955,72.41017301803373,73.35733032226562,1194268
2023-03-10,72.26809382830687,76.43557952997074,72.12601880978751,75.8672866821289,7740994
2023-03-13,76.34086539575719,76.34086539575719,71.65244035991185,72.36280822753906,1616544
2023-03-14,72.3154411451248,73.35731248114051,71.41564481543735,72.69430541992188,1100230
2023-03-15,73.16788736979167,73.49939091586404,72.26809099813302,72.45751953125,981877
2023-03-16,72.50488494114812,72.88374203175009,70.94207415058968,72.55223846435547,1992591
2023-03-17,73.02581752191,73.12053179516757,71.60508174433885,71.79451751708984,1123849
2023-03-20,71.9839508419103,73.7361903053148,70.80000428201046,71.13150787353516,937072
2023-03-21,71.5103700306889,71.98394864016367,70.6105735631813,71.69979858398438,837493
2023-03-22,72.07866814093431,72.74168257799465,70.75264649305028,71.03679656982422,626932
2023-03-23,71.03679656982422,72.36281821770827,70.80000724792481,71.03679656982422,876900
2023-03-24,71.03679671528846,71.60508964376343,70.08963942575129,70.27906799316406,763564
2023-03-27,70.37378072486504,70.56320926864899,67.29551991784344,67.81645202636719,957821
2023-03-28,68.10058879042388,68.29001729727418,66.63249257051396,67.2481460571289,1154259
2023-03-29,67.15343441755488,68.4794556958234,66.77457016287322,67.9111557006836,1292581
2023-03-31,68.6215393950037,71.03679325620932,68.2900358050553,70.51585388183594,2214968
2023-04-03,70.98941678377146,71.69978455903095,69.90019197602798,71.41564178466797,831838
2023-04-05,71.60508142475565,72.4101635832056,70.13699213022592,70.42113494873047,1524631
2023-04-06,70.56320529513889,70.84735532104969,70.13698748250802,70.326416015625,683683
2023-04-10,70.70528499347084,71.6997956975905,70.23170640306077,70.42113494873047,707846
2023-04-11,70.98942267661138,70.98942267661138,70.2317013225102,70.46849060058594,494984
2023-04-12,70.56321452701607,71.60508604793952,69.90020734812921,71.2735824584961,2475609
2023-04-13,71.4156609301106,71.98395385742188,70.75264649305028,71.03679656982422,910000
2023-04-17,70.98942565917969,71.36828996526563,70.61056857932935,70.98942565917969,710248
2023-04-18,71.36828616956133,74.11504320980433,71.32093265021632,73.4993896484375,2589761
2023-04-19,73.54675883039869,75.25163747332124,73.40468380359613,73.97297668457031,1395273
2023-04-20,73.97296578252725,76.67236198899802,73.68882299703479,76.34085845947266,3183721
2023-04-21,76.34086356992731,76.57765285347313,74.4465493015607,74.92012786865234,968841
2023-04-24,74.9674942478924,78.61404804320344,74.68334419579607,78.23518371582031,5647824
2023-04-25,78.51933506262021,79.5612065604262,77.71425287005361,77.95104217529297,2026004
2023-04-26,77.95104291094437,80.41365026342702,77.76160712922342,79.04026794433594,2444134
2023-04-27,79.3717616376482,79.3717616376482,77.76159035834941,78.09309387207031,1016698
2023-04-28,78.51932822123278,79.18233532764076,77.80896036740903,78.42461395263672,965198
2023-05-02,78.56667748844147,79.27704530380255,77.80895615446404,78.18782043457031,1203546
2023-05-03,78.32989188499128,92.53724885757026,77.76159905133521,89.83785247802734,71363109
2023-05-04,88.08562186723455,93.34234735303173,85.52830025190607,86.80696105957031,34902026
2023-05-05,87.04374538868164,96.13645277756912,86.66488107534556,92.34782409667969,56103719
2023-05-08,94.14742962576163,96.13645835334216,92.06367939467656,93.6738510131836,17584021
2023-05-09,94.52628060782406,94.52628060782406,89.31691660536599,90.21671295166016,10089347
2023-05-10,89.69578023360789,94.62100180530842,88.79598382137884,94.0053482055664,20308792
2023-05-11,95.2840088846706,96.13645177422117,92.44253740365913,94.76307678222656,12347020
2023-05-12,95.09458649315594,95.09458649315594,92.58461841068802,93.05819702148438,7033546
2023-05-15,92.82140485259404,94.10006561705096,91.16387976594058,91.77953338623047,6485466
2023-05-16,92.25311296782328,97.88869543214746,91.02180571409123,94.99987030029297,21598547
2023-05-17,95.42607964409723,97.22567961364985,93.10554759535525,93.7685546875,12135354
2023-05-18,94.52629068936054,94.52629068936054,91.40066906403392,91.77953338623047,6278033
2023-05-19,92.01631547235074,96.42059751693937,89.74313694357255,95.14192962646484,14471514
2023-05-22,95.14193132123677,95.61550988874166,94.24213493347168,94.71571350097656,4258777
2023-05-23,95.14193385447409,96.79945888487424,94.62100175208973,95.37872314453125,5425855
2023-05-24,95.09457217004861,103.38219661070612,94.66834714878806,102.81390380859375,36178154
2023-05-25,102.71919363683199,105.13444734470467,101.48789363430218,104.56615447998047,14561391
2023-05-26,104.5661508627534,104.5661508627534,98.17284009673739,99.16735076904297,7832419
2023-05-29,102.90863564230342,107.45498606170082,99.4515102686691,104.85030364990234,31090947
2023-05-30,104.85030364990234,105.7501073642654,101.91411764912222,104.85030364990234,9112980
2023-05-31,104.32937105971884,105.60803188391813,102.62448514329562,104.99237823486328,4775128
2023-06-01,105.37122809230499,105.98688165674302,103.3348388681954,104.09256744384766,3199757
2023-06-02,104.51879781833742,105.03973718001421,101.72468690885385,102.05619049072266,3567752
2023-06-05,102.29297504782357,105.08708582761705,100.6354499891783,103.33484649658203,6655397
2023-06-06,103.80841869364183,107.31290436618858,103.42955440117254,104.424072265625,7378107
2023-06-07,106.03424400613336,108.44949771919492,105.70274043651835,107.31291198730469,9158575
2023-06-08,107.5023276569625,107.83383118686913,104.09256364348647,104.47142791748047,3736394
2023-06-09,104.47144237098406,105.03973524748024,103.24013511671237,103.99786376953125,2835539
2023-06-12,104.1872787475586,104.99236081990635,103.24012166803533,104.1872787475586,1687759
2023-06-13,106.83933732687989,107.69177304405365,104.85030138351148,106.17632293701172,6692822
2023-06-14,106.22367693535593,107.17083409532123,104.3767161376822,105.27651977539062,2312001
2023-06-15,104.89766296668635,105.5133166099322,101.81940197669331,102.52976989746094,2271664
2023-06-16,103.24013204328652,107.88120364460802,102.34033561780724,106.22367858886719,7121944
2023-06-19,107.21818539867965,108.92307114182857,105.60802115055553,107.97591400146484,6820892
2023-06-20,109.15986756508394,115.03223932885004,108.5915746889511,114.36923217773438,15672070
2023-06-21,114.60600311936162,115.97937795219889,111.43302844518824,113.0905532836914,8798814
2023-06-22,113.61148723682366,113.8009229858657,107.36025204313529,108.87570190429688,5081783
2023-06-23,108.87571387746308,110.77002821879336,106.36575315618906,106.98139953613281,3934568
2023-06-26,107.31291518713269,110.01231180053878,106.12896867017949,109.20722961425781,3582699
2023-06-27,109.72815447576181,111.48039375950793,109.06514736069104,110.43852233886719,2453220
2023-06-28,110.81738066710739,111.14888420676195,108.78099145746478,109.25457000732422,1823484
2023-06-30,109.87021971462148,110.24908398647061,107.73911631498443,108.87570190429688,1984100
2023-07-03,109.39663690027604,110.77001170246962,107.97590135611661,108.63890838623047,1916035
2023-07-04,108.63891727077895,109.72814938895942,106.88667806826354,107.5970458984375,1553195
2023-07-05,107.50234035951127,113.0432084394019,107.21819031388165,110.05966186523438,5652140
2023-07-06,110.77003532595316,117.30542166810925,110.05966740237612,113.37471771240234,15271316
2023-07-07,113.80092583334138,117.82634346671134,113.04319727068356,115.31637573242188,9310814
2023-07-10,115.31638555923907,115.88467841654258,112.04869621006704,113.99036407470703,4517401
2023-07-11,113.99037215009042,115.64789731662005,112.9958613859144,113.84829711914062,4292258
2023-07-12,114.17980610173778,118.0631492700625,113.18528812727979,115.03224182128906,8969340
2023-07-13,115.55317386843635,120.09953114063958,114.70073097661877,116.4056167602539,10221714
2023-07-14,117.44748761479906,121.23611624753451,115.55317329843133,120.05216979980469,9577215
2023-07-17,123.13044161009556,126.11398114504347,120.76254850220911,121.94649505615234,16027712
2023-07-18,122.65684927918345,125.73510997537916,120.76253500460146,124.40909576416016,9075766
2023-07-19,125.40359062854972,125.78246212906355,123.13041943534671,123.93550872802734,4454486
2023-07-20,124.0302251283146,124.40909665743393,122.27799308322759,122.75157165527344,3600350
2023-07-21,122.4674328696069,129.57111210273408,121.2361255787037,127.86622619628906,13040294
2023-07-24,128.7186620452522,134.8751840531298,128.43452643763578,133.9753875732422,14861078
2023-07-25,135.34874965762484,141.88414260151075,134.49631401177803,140.41604614257812,19571550
2023-07-26,141.2684886459129,141.88414948888425,137.33779210124524,139.94247436523438,5286010
2023-07-27,140.1792652803309,141.50527957631823,137.8587330361171,140.88963317871094,4406636
2023-07-28,140.17926564104832,147.37766614414497,137.76401188984667,146.38314819335938,12004591
2023-07-31,146.80936159686286,151.54514745482618,144.63089721170545,150.2664794921875,9640319
2023-08-01,150.12439975554537,152.2081424768002,144.01523937523018,147.28292846679688,8345969
2023-08-02,145.86219618055557,146.2410532467895,135.39610713554754,140.65283203125,9261004
2023-08-03,141.78942544087909,143.39958973918462,136.58006100652668,139.2794647216797,6011892
2023-08-04,140.17926796994556,143.35225042457847,137.52722487461432,139.42153930664062,3432880
2023-08-07,140.03719657772686,143.63638234430948,138.42701778981467,141.7894287109375,5256884
2023-08-08,141.88415394420952,147.94595434976122,139.9424787595888,146.43051147460938,7618852
2023-08-09,146.99878012481867,147.9459372318761,143.58902321089423,144.58352661132812,3106686
2023-08-10,144.58354469468702,148.56161660385018,141.12642660252678,141.8841552734375,4784479
2023-08-11,142.31035361384716,144.72560709812032,141.6947072826955,143.02072143554688,2256622
2023-08-14,142.8313074028252,143.49431454653924,137.9534391939515,141.7894287109375,2497959
2023-08-16,141.07904984388088,144.1099497311645,139.8477426999145,140.65283203125,2332009
2023-08-17,141.07906158491488,143.967893925896,140.3686936872542,142.40509033203125,2342100
2023-08-18,142.40508849979562,147.61445301561497,142.12093845389296,144.82032775878906,7037418
2023-08-21,146.33576609769523,146.5725553632255,143.352227133002,143.8258056640625,1994536
2023-08-22,144.3467398162794,152.87115392635428,144.01524349459228,150.40855407714844,17430120
2023-08-23,152.11344722080824,157.13336865777904,151.54514713805196,155.42849731445312,11238984
2023-08-24,156.7545099878459,157.7016671478933,151.68721340060372,152.96588134765625,4608925
2023-08-25,153.44241615502622,153.9666012305191,146.86631842253246,150.7738494873047,3513203
2023-08-28,152.489349413752,155.06260427660553,149.29659784339452,149.86843872070312,4048723
2023-08-29,150.5355892140925,152.4893620741716,147.4381490469609,148.86773681640625,2887917
2023-08-30,150.20202608267576,152.25109604974944,148.1052857393685,148.6294708251953,2954610
2023-08-31,149.34426514183738,150.86916457008002,145.86560740821474,147.0569305419922,3600694
2023-09-01,148.10529255688414,151.53630914703223,146.38979880432944,150.34498596191406,3691263
2023-09-04,151.53630402090255,158.20771363188567,151.1074305972717,156.44454956054688,10938070
2023-09-05,157.9694453801643,159.44668895436487,153.49007336687754,154.681396484375,8630343
2023-09-06,155.49147793852626,155.49147793852626,148.96303638070614,150.91680908203125,4042280
2023-09-07,151.48864324534247,152.6323105185602,149.15365286616498,150.24966430664062,3076162
2023-09-08,151.4886546734532,151.67926347628236,149.2489757908013,150.583251953125,3451735
2023-09-11,151.10742569052766,154.7290508416784,149.10599705521537,153.9189453125,9051119
2023-09-12,155.34851552590905,155.34851552590905,138.66999392036666,140.0519256591797,8893077
2023-09-13,140.76673201376514,143.91182784876491,134.61950783866254,139.57540893554688,6450680
2023-09-14,141.1479711128088,143.53061738721462,140.29020972851143,141.29092407226562,2458924
2023-09-15,142.33928134880296,146.1991563294778,141.290911266078,145.9608917236328,5502063
2023-09-18,146.62806135173489,147.1998877469308,143.48296527934025,144.10244750976562,2171400
2023-09-20,142.95877766535548,143.3876510898478,139.14654359427934,140.48081970214844,2130195
2023-09-21,140.09960155714182,141.7674539566316,135.5249177814661,136.5732879638672,2611530
2023-09-22,136.85920653376303,138.90827649350365,134.61951323984488,137.3833770751953,2324191
2023-09-25,138.6223620049581,138.6223620049581,136.2873714859062,136.76390075683594,1633915
2023-09-26,136.7638898750498,137.14510744445386,134.85777294299336,135.3819580078125,1569135
2023-09-27,135.19135177344407,139.52775624166264,134.61951086603236,138.47940063476562,2470216
2023-09-28,139.1941861187132,142.33928183511597,137.3357250952762,139.67071533203125,2735977
2023-09-29,140.1948959283696,142.57754191938528,139.76600801597314,140.52845764160156,1440870
2023-10-03,138.28878324755274,140.62377347967526,136.76388395095324,138.62234497070312,1905414
2023-10-04,138.19348979698805,138.5747074001099,134.52420856123265,135.95379638671875,1734951
2023-10-05,136.76390468538114,137.76461909158297,135.572581473836,136.43032836914062,1430645
2023-10-06,136.47795562476446,137.62162275983601,135.4772414281331,136.14439392089844,1099703
2023-10-09,133.52349948231776,134.33359046855202,130.61666819637514,131.66502380371094,2199665
2023-10-10,131.76032850158356,135.66787389802275,131.76032850158356,133.0946044921875,2133112
2023-10-11,134.3812647088796,135.52493213832344,133.42820609392302,133.71412658691406,1323233
2023-10-12,134.00003459658305,137.43103656528552,133.0469760704125,134.71482849121094,3684050
2023-10-13,135.23900761573583,137.38338943549394,133.18993747164163,133.5235137939453,3378357
2023-10-16,133.52351369405594,134.28594892871692,130.85494674518267,132.4751434326172,2741319
2023-10-17,134.0953231653116,135.5725666950975,130.09248051937297,131.71267700195312,2815541
2023-10-18,131.99859476669317,133.71410287794075,127.70983175983311,128.615234375,3242202
2023-10-19,128.8535031631384,134.61950985665268,128.8535031631384,132.9993133544922,6655403
2023-10-20,133.80941328394584,135.9061537072924,129.2823852160717,129.71127319335938,3495562
2023-10-23,130.33074356104007,131.37911367725852,120.08536518238425,121.13372802734375,4453114
2023-10-25,121.99148244062229,124.08820813656689,115.74894664160249,117.98863983154297,3512348
2023-10-26,116.65435073519009,117.89332230434032,110.98364883794487,113.36629486083984,6455880
2023-10-27,115.22476589066639,122.37269685987998,114.55762062546702,120.65719604492188,7662325
2023-10-30,122.46801295191977,123.46872725030289,119.32291710379486,120.84781646728516,4143731
2023-10-31,123.42107563857171,123.4687314720324,116.0825281037009,117.8933334350586,3875492
2023-11-01,118.08395049298524,119.08465756276127,116.55905833576033,117.75038146972656,2776886
2023-11-02,119.56118247635996,120.60955261320262,119.03700467919772,119.656494140625,2177460
2023-11-03,120.46659272223417,125.61310994268145,120.41893688996946,123.18280792236328,4302888
2023-11-06,124.75535077345694,124.75535077345694,121.46730188488576,122.22975158691406,2252996
2023-11-07,122.56332730004944,126.18493791825522,121.32434835789135,124.46944427490234,4821464
2023-11-08,125.1365862389474,125.6131154976315,122.46801948181269,124.13587188720703,2626956
2023-11-09,125.08892487280603,126.28024796683276,122.13443778261247,123.18280792236328,2360448
2023-11-10,124.46943878288471,134.6195054091134,124.37412712134018,131.23614501953125,32583425
2023-11-13,137.24040619231704,142.3869156075222,135.81081862781372,139.52774047851562,12342536
2023-11-15,140.1472539525957,141.1956095667548,137.04981385811558,140.2902069091797,5348385
2023-11-16,140.48080191447715,142.19630993774766,137.85989132247184,138.43173217773438,3082019
2023-11-17,139.05121681099325,139.05121681099325,134.61950100209063,135.23898315429688,2879195
2023-11-20,136.33501508701852,137.95521155428196,134.190633560268,135.14369201660156,2703321
2023-11-21,135.47725463797246,142.38692849163834,135.19134873321454,139.57540893554688,11342653
2023-11-22,140.67143794844355,140.86204673659495,135.5725692459133,137.95521545410156,2940920
2023-11-23,138.52704358214777,140.71906625745527,137.81224978563,140.0042724609375,3356860
2023-11-24,140.48081205405217,140.57612371764765,138.24113338473947,138.5270538330078,1962193
2023-11-28,139.0988730805408,139.28948185547557,136.38266531705654,136.81153869628906,1439875
2023-11-29,138.19347828417492,143.72122032404553,137.431028598931,142.43458557128906,6505935
2023-11-30,143.62590764200513,144.57896610617573,139.76601795361063,140.623779296875,5321013
2023-12-01,145.81795182652886,148.48651855930896,143.91183480918863,144.43601989746094,13242776
2023-12-04,147.4381447882824,151.91751676132293,145.67499531573876,150.7738494873047,13404854
2023-12-05,151.86986851706908,152.91822407753313,146.38978247674677,149.58251953125,6810610
2023-12-06,151.34568246951295,153.2994551708381,148.15293089350476,150.91680908203125,7005057
2023-12-07,151.53628519529929,151.91750273727433,147.0092578073894,148.3911895751953,4555444
2023-12-08,149.4872141376618,150.63088129600433,144.3883459393002,146.0561981201172,4161021
2023-12-11,147.19988942616533,153.0135523700198,144.38836962578426,152.44171142578125,9173887
2023-12-12,154.39546028298435,156.68279461831804,149.7731212414561,150.4879150390625,6839521
2023-12-13,151.1550566631839,153.87126417293032,149.15362835704147,151.7268829345703,5309954
2023-12-14,153.34709995186242,163.68779002985306,150.29731579721883,161.06687927246094,35818353
2023-12-15,161.54340699191837,164.4978939987482,159.16076087109363,160.30442810058594,11431767
2023-12-18,159.63729283389546,162.87768579680014,156.58750865542316,160.7809600830078,7573126
2023-12-19,161.06689482715993,161.44811242986142,156.0156816075084,157.9217987060547,4994259
2023-12-20,158.9224954655296,159.68494512889026,141.24325842877673,144.86488342285156,8465805
2023-12-21,142.95877056697475,149.3919152424886,140.4808127268066,148.7247772216797,7318320
2023-12-22,149.53485292451666,154.96729728527748,148.0576240802039,153.44239807128906,5961176
2023-12-26,153.44242005720207,155.77741049739487,151.53630303785795,154.10955810546875,4837680
2023-12-27,154.44312326094823,160.6856589575327,154.014249871034,154.8243408203125,8254414
2023-12-28,155.82506156589673,167.02349871206974,154.44312967763864,164.402587890625,31919937
2023-12-29,166.11809316666773,169.02492439007324,161.25748918375896,163.40187072753906,10392673
2024-01-01,164.3549367582023,176.12521514629606,162.25821094958948,173.2183837890625,26971428
2024-01-02,174.12376831210452,194.80513286658518,167.92888865729364,187.943115234375,56855386
2024-01-03,186.89477218350834,199.66574989179995,185.22691985744316,194.28097534179688,47223552
2024-01-04,195.4723141507647,195.85353175322797,190.08752462522517,191.6600799560547,9040359
2024-01-05,192.51781116511893,195.28167491434354,185.46518429587925,190.08750915527344,10796664
2024-01-08,190.37344617405486,194.8528184696464,184.89335948819345,189.80160522460938,9647330
2024-01-09,190.75463925332636,194.42392003171628,186.46587631145027,190.23046875,7252644
2024-01-10,190.42109711350156,190.42109711350156,185.84641326313593,187.80018615722656,4438422
2024-01-11,188.94383201863772,208.52918548443253,188.08608525649325,206.24183654785156,46980498
2024-01-12,208.52920595378265,211.15011686957112,201.42892292678675,203.8115692138672,12917069
2024-01-15,205.19349041708878,221.58609310611263,200.09462181247852,216.82080078125,31507040
2024-01-16,217.0114231792011,218.67927559752997,205.24115912393447,209.52992248535156,10162230
2024-01-17,206.8136764566486,217.10671026714198,203.00144278924495,207.5761260986328,9817388
2024-01-18,207.86206276863652,214.91468978721858,195.37699071565325,213.0562286376953,15170346
2024-01-19,215.10530022353643,225.87486416612103,211.76959547846712,222.96803283691406,17277209
2024-01-23,233.02278549734314,233.30870593406422,207.76673717145522,211.721923828125,14000409
2024-01-24,213.5327461025218,228.44810485139905,208.33858052003046,222.68209838867188,18637485
2024-01-25,223.9687489768147,224.96946331691697,220.39477957824852,221.63375854492188,5011413
2024-01-29,223.87343169537806,230.83076152529685,222.58681146966845,223.82579040527344,6743317
2024-01-30,226.1607817396555,227.78097825809223,220.87130423143464,221.96731567382812,4810549
2024-01-31,222.92038299141313,226.780272922893,220.15651908826504,222.87274169921875,6894726
2024-02-01,226.73259946574163,228.63871636597491,220.87129581453144,225.779541015625,7130932
2024-02-02,228.1621741994506,261.0426888634764,228.06687708535495,249.08181762695312,57382859
2024-02-05,240.55195133119037,246.8421430324215,229.87769940585954,232.78453063964844,21578662
2024-02-06,236.07257521767264,236.07257521767264,225.87485270853355,228.9246368408203,6745823
2024-02-07,231.59319903157044,241.69562423020153,228.87697668271164,230.3065643310547,11889066
2024-02-08,232.54625791761777,233.49931635170634,226.97086026119243,229.25820922851562,6265328
2024-02-09,230.3542278267692,230.40188365847,211.57897899557537,215.77243041992188,9544763
2024-02-12,219.5705819012142,219.5705819012142,191.44516325025478,193.70480346679688,12678153
2024-02-13,192.35862638616155,202.0703001465551,184.76235102317975,198.51255798339844,9993339
2024-02-14,195.14712635339475,208.08000781867887,193.51248962391693,206.9261474609375,9656742
2024-02-15,208.65695711043335,213.6089481499621,206.060767490951,207.5992431640625,7673175
2024-02-16,209.23390210922884,212.0704800291642,207.3588623491487,209.18582153320312,4216758
2024-02-19,210.58004998541497,226.92644655962528,209.23388201874394,222.11868286132812,15828143
2024-02-20,222.69564555585958,222.93603376795696,215.67630682818987,217.2628631591797,4199751
2024-02-21,218.65709639799906,222.35908047145736,209.37811793582634,211.3973846435547,5996929
2024-02-22,213.4647093850778,213.56087052842778,204.81073468027736,209.90696716308594,4876501
2024-02-23,211.2531396251646,218.272477747051,210.62813619650336,211.97430419921875,5152426
2024-02-26,211.9743098026583,212.93586259348197,207.26270699647463,207.935791015625,2683178
2024-02-27,207.6953855579047,210.4358166528679,203.75301357429618,205.33958435058594,4577588
2024-02-28,205.72420826487905,206.63768044444842,195.8202119892384,197.6471710205078,5575292
2024-02-29,197.11832475319247,204.18574372904973,194.23366634217012,201.49339294433594,6244360
2024-03-01,204.32997061073712,209.18581519967736,202.45494557955897,207.4069366455078,4822213
2024-03-04,208.65695634318422,217.79170788816234,204.81074516635135,213.75318908691406,8984687
2024-03-05,214.52242640698003,228.75339550282226,212.79162850631172,224.18601989746094,25870660
2024-03-06,224.42640588025859,224.42640588025859,211.0127479582147,215.724365234375,8517498
2024-03-07,217.31092957827207,219.57058449362427,214.61857884376107,217.07054138183594,3329381
2024-03-11,218.12825374745495,218.17631964869184,206.78192802278184,208.4646453857422,3577163
2024-03-12,208.4165773649895,208.4165773649895,196.58947453857064,203.03187561035156,6298992
2024-03-13,202.11838595315544,206.25306572971573,177.64687129867124,179.56997680664062,12896265
2024-03-14,180.2430913476686,191.58941870209375,176.5891873288357,188.3201446533203,8088061
2024-03-15,188.3681999958076,192.69518787937562,175.96417393176557,181.5411834716797,8500124
2024-03-18,182.6950306662129,188.22395922584826,175.67569234303213,178.1757354736328,9342129
2024-03-19,177.88726213243274,180.72383986444265,171.87755733066135,173.07949829101562,4809092
2024-03-20,174.7141315764595,177.6468703956308,166.829401968292,167.7428741455078,7794548
2024-03-21,172.1179435887458,190.67591474251716,172.1179435887458,188.36817932128906,40946124
2024-03-22,188.3681917021469,190.3874584944253,184.66622214581207,188.9932098388672,12116074
2024-03-26,189.66629144841974,201.68570155288236,187.74318583170574,198.3202667236328,19535541
2024-03-27,199.810662407449,205.291510093794,190.4836037591594,192.07015991210938,15545724
2024-03-28,195.19519538919357,200.38757402823163,193.03170184423948,194.18556213378906,10743440
2024-04-01,196.0606049373967,203.8491882831035,195.8202167436666,202.64724731445312,7114124
2024-04-02,202.8876440653413,210.48390543874555,200.38760087625226,209.85890197753906,13113732
2024-04-03,207.6953950506814,215.8685934670277,207.31077981758799,212.40699768066406,11335110
2024-04-04,213.5608749361244,216.44553323059455,209.66658330416357,212.0223846435547,6365622
2024-04-05,211.54161743579246,215.86860506516095,208.99350836735027,213.17625427246094,4965154
2024-04-08,214.42627269744935,224.61873816537343,213.7051081031754,216.73399353027344,12217315
2024-04-09,218.2724690912493,218.99363363670494,211.58968057111946,213.6089324951172,4824199
2024-04-10,214.5224306779191,217.8397848281692,211.87816053795973,214.42626953125,3703107
2024-04-12,213.46472476946897,215.53205745131163,208.89734890165374,209.95506286621094,3502384
2024-04-15,205.82036670222232,208.84925196099715,198.65680173162582,204.18572998046875,5127429
2024-04-16,200.96453240538608,208.08001715758556,200.00297961875742,202.16647338867188,4345628
2024-04-18,205.7722945983151,209.81081333357548,197.31062721311707,199.52220153808594,5019839
2024-04-19,195.48366595448425,199.81065308478557,192.40670026291812,196.87791442871094,5478862
2024-04-22,199.32989939394278,202.40686543525433,199.04143061804106,201.39723205566406,2682239
2024-04-23,202.55108567257102,203.70496073735723,199.47411973478,199.76258850097656,3077138
2024-04-24,201.06067522579767,208.36846693477608,199.57026560795103,205.86843872070312,7555728
2024-04-25,206.6376760349115,214.7628083500322,205.0511198975225,213.51278686523438,11652859
2024-04-26,214.90703934918514,230.19572218571116,213.75317898509212,227.7437744140625,29302576
2024-04-29,230.77266669123426,233.84963264602453,225.38796526625308,229.33033752441406,10934893
2024-04-30,231.68613958702684,240.62858338241804,228.80148124478006,235.19581604003906,20267115
2024-05-02,237.5035357319011,242.79207600123493,234.13810101505229,235.38812255859375,8076505
2024-05-03,236.87851416795723,236.87851416795723,229.13801197715702,232.83998107910156,6482333
2024-05-06,234.85924387897106,235.24385908504894,219.57056201936584,224.52255249023438,5068553
2024-05-07,225.58028105087095,227.55145245094627,213.27240291469786,215.67628479003906,6075614
2024-05-08,215.3878064571823,220.53211931061432,213.32047400512832,217.55130004882812,4613878
2024-05-09,217.69552788258144,219.6667138743857,203.84917471423978,205.33958435058594,5701005
2024-05-10,206.73383729951877,215.09934313023604,199.28180362941984,213.46470642089844,7177957
2024-05-13,213.4647083625703,219.18594423335725,207.0223079365044,216.06089782714844,5382136
2024-05-14,216.06091683107826,237.4073866104668,216.06091683107826,235.96505737304688,21063588
2024-05-15,235.48428498406827,239.42665750256162,232.2630917687387,238.12855529785156,7292069
2024-05-16,239.61894899756703,248.46523160798168,238.51316917331434,244.33056640625,15006873
2024-05-17,245.0997992399489,254.0903236563388,242.9363054718249,252.84031677246094,12864267
2024-05-21,259.6192786530203,266.3501488403208,252.1672438027947,262.3116149902344,13523744
2024-05-22,263.41738109293004,264.8116149394312,252.4556565383117,258.8019104003906,7290877
2024-05-23,260.1481051195885,276.9272136569973,257.07115368551325,271.3982849121094,19631906
2024-05-24,272.55210059840147,278.7540973617591,256.30183792121136,258.7538146972656,15150353
2024-05-27,260.5808147995965,262.503920443874,252.4076158114173,259.6673278808594,7418806
2024-05-28,260.8692489536986,261.0615712411203,236.5419761521753,254.76341247558594,11834969
2024-05-29,239.37855291262383,252.1191414549026,237.79199675236322,245.82095336914062,11706110
2024-05-30,245.8209573618902,248.51332269794477,240.91704708644076,242.11898803710938,4738590
2024-05-31,243.94593424642798,245.43634397088303,231.87844407660677,238.8016357421875,10620551
2024-06-03,253.12878625381114,261.68660069895236,246.3498504394204,258.5615539550781,15177765
2024-06-04,257.69613029982986,261.5423411998273,206.87806291476133,213.80125427246094,18831647
2024-06-05,213.4647169012553,220.53213569454115,182.8873355998925,208.4646453857422,27093204
2024-06-06,211.44545215496925,229.28225930195526,210.77236813797813,219.9552001953125,16936578
2024-06-07,221.157123116764,225.195641560992,217.45513931747925,223.46484375,7542409
2024-06-10,225.33990339113345,227.83993185501035,219.42634489823647,221.3782958984375,5255004
2024-06-11,223.32064330106274,243.9459484347001,222.3590904773768,237.2823944091797,20554612
2024-06-12,238.27280136298876,248.35949613452706,236.1669982545172,246.1094512939453,15558157
2024-06-13,247.11906779324758,250.0037261721571,240.48435939060823,244.0517120361328,7139453
2024-06-14,244.52287798878243,257.4076942074303,241.07090698612564,255.48458862304688,13054706
2024-06-18,255.48453943224578,264.22504910906594,251.2633094020306,260.50384521484375,12838669
2024-06-19,261.89810200970624,262.30196705179685,250.00369990544044,254.03260803222656,7194433
2024-06-20,252.88838664474568,258.17692704986393,246.44597114080563,247.77291870117188,8558551
2024-06-21,248.84984857769373,253.97494134541515,245.2921208860788,246.97483825683594,5596945
2024-06-24,245.0036484779094,248.0806144043119,236.2535124110755,238.0708465576172,7436876
2024-06-25,240.77279439481754,248.32098908982692,239.93624822636323,243.06129455566406,5365816
2024-06-26,242.77282578444834,243.57091629989995,237.60929239127148,238.27276611328125,4192181
2024-06-27,238.46508985647276,243.36901491188976,235.67659265845515,242.234375,5995722
2024-06-28,243.22478464453957,245.46520449200696,239.76320327077067,241.19590759277344,3358645
2024-07-01,241.349736328125,247.02289159208536,238.84969334989785,246.39788818359375,4242776
2024-07-02,247.50367588306858,253.27299247402246,244.23440235038038,247.84022521972656,7140749
2024-07-03,248.849832814644,254.8114714311138,247.0228885109711,252.93643188476562,7784039
2024-07-04,253.753790179555,259.6192684087537,250.00373994917027,258.6096496582031,10340640
2024-07-05,259.6192701968401,265.62897552547065,257.21538806538786,258.17694091796875,12769536
2024-07-08,259.3307941004005,271.1578814470901,255.91726415647756,262.4077453613281,16172252
2024-07-09,264.282798038422,265.72512726619846,252.88839127013551,253.99417114257812,6186123
2024-07-10,255.62880153990608,256.54225903542783,242.31129023549215,252.16720581054688,6521442
2024-07-11,253.56145559293023,283.65804299314306,251.10947863168815,279.0906677246094,58810285
2024-07-12,280.77342763206286,292.215900492051,275.3887258908144,276.879150390625,30165179
2024-07-15,278.8503183002919,279.52341701320483,267.5040067416405,271.5425109863281,7850298
2024-07-16,272.4559726433486,279.81184517867825,268.2732123878049,270.6290283203125,10636313
2024-07-18,270.62906416353457,272.50407463382913,256.78267950520615,257.88848876953125,9658187
2024-07-19,257.0711640426746,262.50393185507124,250.34029399510862,251.78262329101562,11051723
2024-07-22,250.00371162786683,262.8885124352201,246.44595476315055,258.3692321777344,8180468
2024-07-23,259.5230875237285,260.1961862024292,231.83037940331423,250.38833618164062,12230176
2024-07-24,251.15761847515725,255.72499455480082,244.33058730831084,246.1094512939453,8189416
2024-07-25,244.18632248656053,251.34988767336432,242.4074586691309,244.71517944335938,5541001
2024-07-26,247.11907525214272,249.52295730712467,244.2824973616904,245.05174255371094,3790712
2024-07-29,247.1190784375279,254.81150111262602,245.86905681839806,253.32110595703125,6335913
2024-07-30,253.75377773557432,258.0807653301932,252.35954378386583,255.0518798828125,4212223
2024-07-31,255.72496319839067,256.013417282977,250.34026198011247,251.97488403320312,3317908
2024-08-01,252.8883717249437,256.4941945156986,246.73444003090754,248.9940948486328,2528919
2024-08-02,243.27285493982225,247.0229049376311,242.070913956918,243.84979248046875,2584519
2024-08-05,237.45545670569305,238.46509006175168,225.48412749790631,229.13803100585938,5801461
2024-08-06,233.65733965705422,239.37857610929234,219.13788593296886,220.67637634277344,5449560
2024-08-07,226.25336798351717,227.8880047455783,219.76288683570007,224.08987426757812,7806294
2024-08-08,225.0033394778692,226.49374914815292,218.12824330711976,219.3782501220703,4118270
2024-08-09,221.63793141335,222.88795304989074,211.68585356997147,214.3301239013672,5657496
2024-08-12,204.42613638652406,219.907128059889,204.42613638652406,218.36865234375,8796989
2024-08-13,220.05136135622806,221.4456099641077,209.61850773977662,211.01275634765625,3901654
2024-08-14,213.46470182340204,213.46470182340204,204.52225867745514,205.33958435058594,4202296
2024-08-16,207.69539259014192,211.63776470723292,204.7145732165238,206.9261474609375,4731390
2024-08-19,209.04157915084647,217.6955546116436,208.75312503985867,212.21470642089844,5990048
2024-08-20,213.4647046870866,214.90703377281014,209.61849379182377,210.77235412597656,2913466
2024-08-21,212.22131797953068,214.92600776671688,210.09620983937492,211.44854736328125,3651199
2024-08-22,212.51109657780796,213.47705610770709,207.58469707957335,208.3574676513672,4876004
2024-08-23,208.64724745818458,212.3661973479797,206.76362942206146,208.115966796875,3751547
2024-08-26,209.1785178251575,210.96553392968985,205.3146800994169,206.81192016601562,2954238
2024-08-27,207.68129807485244,209.08193643957574,205.45958821733993,207.72959899902344,2663524
2024-08-28,208.2125817271647,221.20473458806512,208.2125817271647,217.87217712402344,17436924
2024-08-29,219.07961476864895,219.75578346219666,214.20151640765764,216.47152709960938,4621319
2024-08-30,217.48579148647386,218.0170721983291,209.66152780602056,210.09620666503906,3264414
2024-09-02,211.44854091738216,216.95452217820383,208.8404530639984,216.06582641601562,5309468
2024-09-03,216.18173650396955,217.91079750329914,213.52534791022845,214.6265411376953,2486695
2024-09-04,210.86896849135798,212.75258662827406,209.80640711188084,211.11045837402344,2853357
2024-09-05,211.54512272065554,212.70427113015464,209.42001484667855,209.64218139648438,1807653
2024-09-06,210.0961951448211,211.53548013267698,205.7493773142386,210.26040649414062,2748019
2024-09-09,210.26040600485683,210.57917441374912,197.20062922611743,198.08932495117188,6542177
2024-09-10,199.70245737236868,208.55063452744741,197.82849372448615,205.24705505371094,6497973
2024-09-11,205.25673931437373,207.05342457266363,202.1270252304381,203.15093994140625,3880221
2024-09-12,205.84598369085248,220.23877492859484,205.84598369085248,219.18588256835938,26539643
2024-09-13,219.99728221849998,220.91494082104288,214.46233825721694,215.457275390625,5490923
2024-09-16,216.3749283914834,216.3749283914834,207.77789472167782,208.25120544433594,3398926
2024-09-17,206.8795429932448,211.19738310915508,205.44992706961898,206.58975219726562,3016933
2024-09-18,206.61873185431602,207.5846913575889,201.1127656335352,202.08839416503906,3966381
2024-09-19,203.32483704789905,205.55620131662852,195.4329490578235,196.9591522216797,4834825
2024-09-20,198.06999483353607,205.5078799008755,197.06538871769266,204.55157470703125,5198110
2024-09-23,205.26639481660243,213.6412619563951,202.85149605405417,211.91220092773438,7901312
2024-09-24,212.41449458265848,214.73280629644205,209.7098196923033,211.76730346679688,3890263
2024-09-25,212.0087758697547,214.90665421853515,206.22268819988744,210.38597106933594,3624921
2024-09-26,210.00925356862865,210.3763081473545,202.9577464340673,204.45498657226562,2866418
2024-09-27,206.7056645139638,207.90344477849814,202.77420254409057,204.68679809570312,3850995
2024-09-30,202.8997844230808,206.03915262015016,201.49914617533952,204.50328063964844,2349717
2024-10-01,203.8174669024956,205.94257498393608,200.7263992622755,202.3009033203125,2807881
2024-10-03,198.02169964481877,201.64404780905326,192.17764165864597,194.30274963378906,4547516
2024-10-04,195.12382647550487,200.37864871512505,191.25998832747507,195.3459930419922,4414091
2024-10-07,198.2535502112466,199.36439783645233,181.4168670074262,182.41180419921875,6963514
2024-10-08,183.38742290165715,195.99318299284056,181.08843450070674,195.37496948242188,5837677
2024-10-09,196.08978398304723,199.37404047913245,193.91637504727456,194.74710083007812,2294359
2024-10-10,195.65508706406732,199.01662178041215,191.37587909036324,193.36575317382812,2959250
2024-10-11,193.9163632166417,197.44210937937743,192.32253599006188,193.8777313232422,1884684
2024-10-14,194.15786552296728,195.5681729220402,188.07231753631316,188.96099853515625,3139327
2024-10-15,189.4729494783363,191.84921632675082,186.91316270652808,187.8211669921875,3932910
2024-10-16,187.83081300533794,192.12932963057648,184.74939998676209,187.2415771484375,4342636
2024-10-17,188.0723094544429,189.08656986519577,180.63442434120873,181.43617248535156,4038494
2024-10-18,180.34464128568445,183.7254996403575,177.1183399932459,181.10775756835938,5744047
2024-10-21,182.56634867308742,183.2425173869651,178.3837421966671,179.1951446533203,3231623
2024-10-22,178.1325994691316,178.57693259639942,169.13951865339533,170.2503662109375,3865019
2024-10-23,169.04292640649516,179.17584770126464,166.38653756296452,173.39939880371094,5483993
2024-10-24,173.38972638888302,180.04518660610148,171.80555343373496,174.2687530517578,3932422
2024-10-25,174.3556972150074,175.21540061724056,165.7393398748243,167.69058227539062,3452783
2024-10-28,168.9946218841008,175.73701547829492,166.64734723083933,174.01760864257812,3155148
2024-10-29,173.87269878098408,176.57738815434033,170.69469871636613,174.72274780273438,2738957
2024-10-30,172.52037229942883,181.60038568808415,170.4918514571641,180.47021484375,5732558
2024-10-31,181.60040418473494,189.0865910593716,180.5378427325854,188.11097717285156,4812058
2024-11-01,188.84509244564688,191.25999132602598,188.60360255760895,189.50193786621094,668742
2024-11-04,189.48261961341123,189.49227390226557,184.01528528992017,186.6040496826172,2221852
2024-11-05,184.01528805188863,188.83543134955318,184.01528805188863,185.35797119140625,3583486
2024-11-06,185.99549529777727,191.71397348081288,185.5608164925617,190.80596923828125,2792942
2024-11-07,190.41961028190636,192.4577855163491,186.52679448531333,187.30921936035156,1761881
2024-11-08,185.75400158901016,187.09668460895782,180.83727162108545,181.44581604003906,1672700
2024-11-11,179.2820917165035,187.8018469665721,177.60131685575982,182.88511657714844,3217074
2024-11-12,182.56635547941192,187.39615324341753,179.581543998706,180.86627197265625,2168672
2024-11-13,179.47528024482276,180.85659527183267,172.66526273858722,173.18687438964844,2151699
2024-11-14,173.18687522682796,178.11327465669473,173.09994240779292,174.220458984375,1631446
2024-11-18,174.22046086972037,177.14731705721968,170.97483626960383,173.25450134277344,2062522
2024-11-19,173.87271342252444,179.34004783759323,173.84373581610382,175.1284637451172,1816050
2024-11-21,175.12844158424497,175.12844158424497,170.00885383343225,172.01805114746094,1489133
2024-11-22,172.3175034967571,175.80461765632833,170.87821862845195,174.72274780273438,1791427
2024-11-25,179.17582614751606,182.67259468794262,176.2876020461748,176.8285369873047,2766181
2024-11-26,176.48081113727918,179.5718788247219,176.2876221704465,177.7462158203125,1703941
2024-11-27,177.8717786766456,196.8625456569856,177.253565196869,194.9789276123047,17324734
2024-11-28,196.08012290561535,197.44211458962388,191.3082806490881,192.16798400878906,6032944
2024-11-29,192.88279552876446,196.82391225453523,190.2940310142313,194.505615234375,5595342
2024-12-02,195.1624579210936,196.37957636811166,190.78666240770198,191.55943298339844,4473999
2024-12-03,191.74296040271892,201.3059535396497,191.74296040271892,196.9881134033203,10884197
2024-12-04,197.82852528472145,199.27746465730579,195.51021344496243,197.33587646484375,3643789
2024-12-05,198.35012130500337,198.74616823967398,195.31700904756698,196.3022918701172,2728108
2024-12-06,196.08978633218936,200.359325723998,195.75169459793645,197.5677032470703,4204176
2024-12-09,197.5387112333902,202.27190673149778,197.094363392725,200.82296752929688,4173614
2024-12-10,200.91959771656332,204.49364530499278,197.4518062741935,200.75538635253906,4676066
2024-12-11,200.91957668269103,202.56170489039624,198.60127977056274,199.5865478515625,2390352
2024-12-12,199.95362118481455,200.2917129134848,194.64084381033882,196.21536254882812,1519521
2024-12-13,194.16752061690923,196.0897853956815,191.25998772583714,194.96926879882812,2346018
2024-12-16,194.96927776881844,198.0023902554508,194.11924336259162,194.61187744140625,1461187
2024-12-17,195.5101904653804,196.8625425644658,191.74295443519824,192.56402587890625,1582180
2024-12-18,192.61231283594492,192.61231283594492,185.02953982378168,186.37222290039062,2460449
2024-12-19,181.60040094514835,187.3478574952717,180.92423218737622,186.10177612304688,1591775
2024-12-20,185.4642350518191,186.8552191730074,176.43250729286927,177.4274444580078,2524738
2024-12-23,181.60040078822126,181.90951492829197,176.77060289491752,177.46609497070312,1902194
2024-12-24,178.31613021897422,181.35889675885997,176.24897747132428,179.7843780517578,1346339
2024-12-26,180.63443791683218,181.59074318844858,179.00196390035362,179.7747344970703,1108476
2024-12-27,179.77472798750452,184.0152897174015,179.70710374578036,182.04473876953125,1756966
2024-12-30,182.5663483991423,182.5663483991423,170.07649894070295,171.46746826171875,3604939
2024-12-31,171.94077802305074,176.23929452575277,171.64133295895041,175.81427001953125,2024244
2025-01-01,177.06038734120213,179.10821685762983,175.74668177194948,178.0166778564453,1125128
2025-01-02,178.70249311508945,180.24803408642785,175.12844620066187,176.50010681152344,2102116
2025-01-03,176.67397597747623,183.23284884015843,176.66432168923367,181.2622833251953,4420664
2025-01-06,181.60037361873597,182.0350524162257,172.42375899438497,175.25401306152344,2606172
2025-01-07,176.5291180715659,177.6399657231887,174.07558715660707,175.5052032470703,1292855
2025-01-08,175.80460628154322,177.6882241152571,173.882341818775,175.66937255859375,1457711
2025-01-09,174.64549064304825,175.51484834755152,169.9316032939685,170.7623291015625,1468690
2025-01-10,170.97485341362506,171.92148971792997,165.46888650580686,167.18829345703125,2395516
2025-01-13,165.17907146623253,167.77750483180785,155.6643646702358,156.6593017578125,2746461
2025-01-14,159.38331541162202,165.4205622075168,157.93437618060727,162.4164276123047,2314444
2025-01-15,164.2131135487893,172.56865725419942,161.99140377054889,170.80096435546875,4118175
2025-01-16,171.45781599828362,174.59718446022404,169.2844070630941,170.37594604492188,1830108
2025-01-17,169.2361095924801,176.38421907993163,168.7048288940507,173.16757202148438,3119676
2025-01-20,173.10961266552945,175.70803140227775,171.16802459039016,174.97390747070312,1478275
2025-01-21,175.32164465515734,176.9347952091551,170.008867544395,170.48219299316406,1349902
2025-01-22,170.48219781003274,171.03278706168587,163.24715583405364,167.33316040039062,1589526
2025-01-23,167.01440112525972,169.41964572282973,165.51717560685327,166.44448852539062,968867
2025-01-24,167.1109849227981,167.95136492806532,159.91458996503746,161.52774047851562,1618453
2025-01-27,160.86123868960408,160.86123868960408,153.10458487478226,155.17173767089844,1963386
2025-01-28,157.43207336376216,157.82812029163495,147.98499074207814,152.4380645751953,2426812
2025-01-29,153.49096790559886,160.23337623433147,152.92105530369793,157.5286865234375,2208840
2025-01-30,158.1565454461595,164.21311566262284,157.9440331761522,161.17034912109375,2189369
2025-01-31,161.31523239255756,170.12477809164793,161.1316977339312,165.2273712158203,3917487
2025-02-01,166.0967339247395,173.86305659842054,160.33962352940867,162.73519897460938,3745547
2025-02-03,161.30557949376708,161.69195739150913,154.74670634521155,157.316162109375,3437509
2025-02-04,159.28671846398655,161.8271967103984,157.4514012773614,161.2379608154297,1909625
2025-02-05,161.79822218431195,165.90355020988403,161.79822218431195,163.12158203125,1428268
2025-02-06,163.12157821213404,163.97162730000866,160.9095374131161,162.17494201660156,994530
2025-02-07,161.7982126851235,161.9624240277808,157.9343747702549,158.784423828125,1224623
2025-02-10,159.3833197692647,166.5314142752888,154.77568876163804,163.7397918701172,8389465
2025-02-11,162.1846003838965,162.28120223335597,153.82905628370202,155.5194854736328,2507963
2025-02-12,155.02685114713077,165.1790805583125,143.57057046737114,163.12158203125,7792735
2025-02-13,163.6335365504751,166.04843534690698,157.5962895593954,159.39297485351562,4278324
2025-02-14,160.3610122335595,161.31926288510053,153.5163348821271,156.9191131591797,2357236
2025-02-17,153.13497908012948,158.30759263002324,151.56070279621198,152.90029907226562,3121203
2025-02-18,151.56070801171148,154.88525950969,149.55619243783676,154.1519012451172,2191435
2025-02-19,153.81945539395534,165.15228199353774,151.76606112098287,164.55581665039062,4987591
2025-02-20,163.29444903679493,172.57388148207866,161.62238553865024,171.14627075195312,4259219
2025-02-21,170.33468323638624,175.90820328022227,164.56560396508826,165.60208129882812,2902609
2025-02-24,163.284680233312,164.057144433979,160.33168654679938,161.13348388671875,1538490
2025-02-25,161.32905118695209,167.0883576987825,160.02856069457587,162.0819549560547,3269344
2025-02-27,161.58328480323155,162.5610959064281,156.55733632960977,158.10227966308594,1675211
2025-02-28,156.2542086917931,156.57688812854875,145.69384637330938,146.84765625,3732664
2025-03-03,146.67166703276675,149.82999275187922,139.04473736302018,143.59156799316406,4277427
2025-03-04,140.8047940341898,146.5738733772277,140.47234185134906,144.66714477539062,3571830
2025-03-05,145.69385522709993,156.15643110835904,144.71604411819322,155.07106018066406,6528352
2025-03-06,156.49866516567815,158.40539377335185,154.12257650056716,155.1003875732422,2589912
2025-03-07,154.49413420245804,163.03041984497264,154.06389498579966,157.7893524169922,3986891
2025-03-10,157.41780345794515,159.26586571214483,152.34296181318086,153.12521362304688,3316918
2025-03-11,150.5828975134551,159.08985042790007,147.7961301303485,157.43734741210938,4834146
2025-03-12,157.4275817990962,158.2098336367989,152.10828720697344,152.62652587890625,2032144
2025-03-13,156.44977067876383,159.8232158749821,152.68519210372094,157.8969268798828,10931576
2025-03-17,158.40538884147105,158.96274829724487,154.7679305707536,155.49151611328125,2255899
2025-03-18,155.49151611328125,155.49151611328125,155.49151611328125,155.49151611328125,0
2025-03-19,157.4275759433178,162.30685835780636,157.4178032042872,160.84991455078125,4056647
2025-03-20,161.82773107381686,165.0349501697595,157.91648681825635,158.23916625976562,3679294
2025-03-21,158.23915508271344,163.7833416329373,157.9751419364518,160.1752166748047,5626345
2025-03-24,161.4561585557427,167.68482519623933,159.69611057188882,162.69798278808594,7288080
2025-03-25,167.49904700146286,170.1391340282026,158.69874696552134,159.65699768066406,8340380
2025-03-26,160.06767028445333,160.73258957517285,151.80516966972507,152.88076782226562,6460386
2025-03-27,152.53853054469613,156.30310922173706,151.83450536394972,154.3279266357422,5378602
2025-03-28,155.09061769594533,161.82773551419925,154.98305787915757,157.01690673828125,7167901
2025-04-01,157.4275849819755,159.6569930663641,156.25421466180467,158.76718139648438,2824771
2025-04-02,158.7769575670058,159.5298613068417,156.47909571111174,158.82583618164062,1673363
2025-04-03,156.93868649723441,164.07671073629157,156.65512783418956,162.98155212402344,3107151
2025-04-04,162.32641128164272,162.90333115558212,156.01953282835424,159.08985900878906,3966446
2025-04-07,146.67165768998387,154.738598862933,145.50806015174265,153.52610778808594,4095894
2025-04-08,157.42757032925033,161.5832670615442,154.5039100804309,160.40989685058594,2590119
2025-04-09,159.8721119419613,159.8721119419613,154.99282927043757,155.35462951660156,2580094
2025-04-11,157.91648767904965,158.9822981636485,156.01953181752856,156.38131713867188,1779300
2025-04-15,159.26586619888894,166.0323167725167,158.01426926736315,165.5434112548828,3880558
2025-04-16,166.2278790333177,180.60169853039147,165.05450875359563,179.64344787597656,18488019
2025-04-17,178.74385677045674,182.35198180797443,175.36062408903723,177.19891357421875,5895023
2025-04-21,177.19891391358317,179.2718684977199,173.90369555668426,175.21395874023438,3406966
2025-04-22,175.61487434124786,181.4426199698042,175.0184089910561,180.0443572998047,6521571
2025-04-23,180.2105783421154,183.31023756029052,177.032692450017,181.13949584960938,5956225
2025-04-24,180.89504532792296,182.35198917238117,178.3722910134648,178.8318634033203,3121804
2025-04-25,179.22298652020433,179.56522636673236,170.76492663534557,175.3899688720703,3563538
2025-04-28,174.39260258178294,175.78109244928544,172.07518030273636,173.95257568359375,1882519
2025-04-29,173.17034282822263,182.36176072510256,173.17034282822263,180.689697265625,4307466
2025-04-30,181.0906091663099,181.47195489098428,173.07256128840385,174.68594360351562,2686915
2025-05-02,174.1970270875798,177.37491289970953,171.61560659391984,173.4636688232422,1564013
2025-05-05,173.6690202740803,178.24516880231488,172.505422743465,176.80780029296875,1624777
2025-05-06,176.80780956099184,176.95447525732362,168.86797331480312,169.6893310546875,2252388
2025-05-07,167.20567916423815,172.62274547987064,166.91233288341647,171.7427215576172,2119628
2025-05-08,172.43699882863612,176.69046829410578,165.34786813263958,168.25196838378906,2146100
2025-05-09,162.8055285746005,173.36589016888715,162.8055285746005,171.48849487304688,2421747
2025-05-12,175.5170994756361,181.13951352569129,175.5170994756361,180.0052490234375,3869249
2025-05-13,179.91723392902276,182.60621432741846,177.87361240709302,179.8781280517578,2284966
2025-05-14,180.88527240376877,184.21959676136808,179.42832856079963,182.22486877441406,2773318
2025-05-15,182.85066127738992,187.54415717122632,181.26661219480235,184.94317626953125,4089164
2025-05-16,185.86233353651264,191.94431970203973,185.01164266378444,189.23577880859375,4910923
2025-05-19,190.5655978603813,192.4332205753759,187.2508189468513,187.87661743164062,2408617
2025-05-20,188.71752444233448,192.04207589965873,185.01162728890415,190.51669311523438,4561918
2025-05-21,189.59756027869838,199.47345804200017,186.46856784247427,199.24856567382812,11527180
2025-05-22,198.4956351167589,200.3143641929623,193.2154616285358,196.25645446777344,3047200
2025-05-23,196.5400173702022,196.8333636637524,193.0198916880241,195.03419494628906,1723073
2025-05-26,195.95333368036935,198.44675490844168,194.33017863342164,195.64044189453125,1749889
2025-05-27,196.14890887948906,200.45127166918138,194.73107087541464,199.52235412597656,2927164
2025-05-28,200.3437131929843,207.7359626299038,199.11167659356877,206.68971252441406,8197384
2025-05-29,207.71640141947114,217.1718477318597,200.11882003908656,212.53701782226562,13014057
2025-05-30,219.51858190471688,233.6968422059124,218.540770849462,224.38807678222656,44023320
2025-06-02,225.1507736086893,230.44073512527228,221.52310286205568,225.40501403808594,8489981
2025-06-03,226.06989398890263,229.29667318406393,222.26620990048292,224.56407165527344,6623871
2025-06-04,224.9454436031875,228.79802167414005,220.20305386199703,226.95973205566406,9654542
2025-06-05,228.5144260226071,234.18573276462362,225.28764676247602,226.15789794921875,9499434
2025-06-06,227.82996776663109,228.05486012367695,223.9187236848005,224.61297607421875,3506650
2025-06-09,225.87435467803468,231.13498295106476,225.5125693605942,226.8619384765625,3639488
2025-06-10,227.40951419080534,240.5317361795886,226.86192749118368,236.99205017089844,20960356
2025-06-11,238.1067717471002,239.36815640106315,223.03871427863416,224.72055053710938,9635162
2025-06-12,225.7765666353054,225.7765666353054,216.4091498580311,217.47496032714844,5323224
2025-06-13,210.22937252232083,221.68931904599177,210.22937252232083,218.931884765625,5046940
2025-06-16,219.02967396861519,219.72392637510563,213.65171322385007,219.0785675048828,3555911
2025-06-17,219.85102226117283,223.0582411563383,215.50953902205055,216.82958984375,3480602
2025-06-18,216.0962483587454,219.76303990329424,214.03306638620407,218.25721740722656,3975274
2025-06-19,217.8562997144835,218.63855151982017,208.27374866958684,210.12181091308594,2953480
2025-06-20,211.10939806018845,216.91759803856624,209.163563634987,216.26246643066406,3417647
2025-06-23,215.11844119316945,224.6032058435529,213.7201784871162,223.71339416503906,9106132
2025-06-24,224.89653106106408,231.69231455908428,224.89653106106408,229.1206817626953,8587220
2025-06-25,229.6877928282802,231.35008342751374,224.94541853578227,230.43093872070312,3776982
2025-06-26,230.76342888304077,232.64082448013815,226.50994445884834,227.96688842773438,2563673
2025-06-27,229.33580131116213,234.47909707749434,225.90368983394828,232.7483673095703,7628000
2025-06-30,231.74121711924502,238.39033519362872,231.05675237339946,235.4666748046875,6333600
2025-07-01,235.4666740013769,236.53248445342982,231.39897649678264,233.2274932861328,2216448
2025-07-02,233.11014659311826,233.78483859976177,228.66111828535583,229.25758361816406,2342901
2025-07-03,229.2478009052264,230.71451750080715,226.7055010916808,229.5704803466797,2574523
2025-07-04,229.78560459466627,240.24818020280634,228.61223427865102,237.60809326171875,12171759
2025-07-07,238.2925585657302,238.56634447606856,230.3722977248619,231.2914276123047,3979136
2025-07-08,231.29141566138176,237.119175995061,230.25493835148268,236.25869750976562,4073192
2025-07-09,237.36364127771412,244.8438901222942,235.48624578182367,240.55130004882812,11925363
2025-07-10,242.10602708967997,245.23501953208773,239.91572491988808,244.58966064453125,6305648
2025-07-11,244.40386795908063,249.78182871197993,242.80025844047915,244.9612274169922,7286224
2025-07-14,244.9612425189262,245.9683867647611,240.73709137816314,243.55319213867188,3120289
2025-07-15,242.49713439732759,245.2545686517732,239.17258287770716,241.489990234375,2335530
2025-07-16,241.42154962392556,246.2128328668628,240.29707285029016,241.10865783691406,1939321
2025-07-17,241.3628687869189,241.84200155837436,233.4719416077858,234.68441772460938,2565470
2025-07-18,234.674661114179,235.83825869610422,228.15266294780633,230.010498046875,2032788
2025-07-21,230.01049352154425,233.64795189086607,228.0157655062127,229.82470703125,2084897
2025-07-22,231.54567171593416,237.87211073343354,230.77319259077433,236.8551788330078,3546667
2025-07-23,237.55919963199617,237.60809317018902,233.207943296667,235.2613525390625,1113272
2025-07-24,235.5058040997271,236.5324937954364,228.12332747693054,229.50204467773438,1843233
2025-07-25,228.7099935675924,230.7634026952537,222.0706632498554,224.29029846191406,2412302
2025-07-28,221.1808533957745,223.61560824709403,210.5031586713123,211.67652893066406,3511923
2025-07-29,211.20717234983877,214.2774982399678,209.0657639096135,211.7351837158203,2605197
2025-07-30,212.42945326172625,214.40463578501843,209.65247342594532,210.94317626953125,1728627
2025-07-31,208.95821945797618,211.50053416892155,207.29594364861003,209.0462188720703,1889145
2025-08-01,208.76265891806676,208.81155245454912,201.71263469135002,202.3482208251953,2133327
2025-08-04,201.96687741866634,207.19815763732177,201.00862675756565,206.48435974121094,1805332
2025-08-05,207.29595603958353,209.0560190277359,204.5678695981075,205.48699951171875,1086132
2025-08-06,205.9563345871949,207.29593087546007,199.59077546279127,200.4219207763672,1348119
2025-08-07,200.10901835460749,200.34369836960454,193.782579890686,198.73031616210938,2029392
2025-08-08,198.661884758088,199.98193574679905,194.09550858827564,194.8582000732422,1016810
2025-08-11,191.07406312297164,199.7668028635535,191.07406312297164,198.5249786376953,2237404
2025-08-12,200.20682318855683,200.20682318855683,195.7577796892129,197.5960693359375,1264566
2025-08-13,198.3489803900516,199.96236267829502,195.1808671699844,196.7747039794922,1573524
2025-08-14,194.5843996819796,195.94355644978393,185.00184837188985,186.08721923828125,3893290
2025-08-18,188.46331054419042,189.69534711811392,185.79387558703692,187.06503295898438,1683664
2025-08-19,187.8472846374057,193.07857981280534,187.25081928985665,191.63140869140625,3093602
2025-08-20,191.65097044701216,192.43322229002214,189.36289611538362,190.0082550048828,1840813
2025-08-21,190.01801682380713,194.09548697641262,190.01801682380713,190.89804077148438,2227545
2025-08-22,191.25006049076703,191.25984815024412,186.7619113332944,187.26058959960938,1260974
2025-08-25,187.7397156797772,190.33090891248094,186.6641175906103,189.38243103027344,1775676
2025-08-26,189.36289089974255,192.42342933041098,187.01613543534953,191.3380584716797,3242091
2025-08-28,191.62164220179275,196.93114930591878,188.46331653071846,195.82623291015625,4264872
2025-08-29,197.83120386101618,197.83120386101618,195.01632552911695,195.89535522460938,2420666
2025-09-01,195.55955370698345,200.1028624981598,193.66322044921998,198.60159301757812,2817978
2025-09-02,199.2633215691463,206.72026672875202,197.12006980734702,200.922607421875,3390477
2025-09-03,201.58436796408623,203.7473624219768,198.72010292158856,199.44110107421875,1929159
2025-09-04,201.07077287917963,201.73251297371635,195.86572413858838,197.1497039794922,1609931
2025-09-05,197.24846751450332,199.91518546768853,195.30274767712868,198.7200927734375,1289520
2025-09-08,199.4114649740118,200.3892681027498,197.53488955155842,198.36453247070312,926628
2025-09-09,199.51024968557027,210.27589574427716,199.33247550890349,203.16464233398438,14297066
2025-09-10,204.15232273723342,214.2759866895876,203.6090987305246,206.39434814453125,8228418
2025-09-11,207.26350056928183,207.26350056928183,204.942459457977,206.34495544433594,1990552
2025-09-12,207.01656773353494,207.77706619804434,204.47823720005655,206.22642517089844,1725394
2025-09-15,210.47343071464482,215.31302947736333,207.53015001124052,208.28079223632812,6840679
2025-09-16,209.09069765036557,210.76974135861067,205.97952886952078,206.28570556640625,2265727
2025-09-17,207.016579662296,211.84630732793252,206.72027430039404,207.4709014892578,2867910
2025-09-18,208.39931379948413,208.39931379948413,204.23132631783713,204.89306640625,1588960
2025-09-19,204.8930726347355,206.57211627570464,203.065883846602,204.05355834960938,1613527
2025-09-22,204.54738979361434,208.65610415572576,203.8560056045654,205.14987182617188,1893719
2025-09-23,204.9819671490857,205.9202700175089,200.5473181151837,201.18930053710938,1959186
2025-09-24,201.13991146582305,204.19183720906878,199.21394915164086,200.15223693847656,1713821
2025-09-25,200.1522293746505,201.09053219674465,196.00399953070186,196.39907836914062,1917041
2025-09-26,196.39907495078594,196.7348806545766,191.6286054385249,193.4459228515625,1449456
2025-09-29,194.4730939490642,197.78180939799122,189.48535001332823,190.23597717285156,1821048
2025-09-30,191.01624219862103,194.32495780064167,188.77423193539505,190.69032287597656,2261111
2025-10-01,190.76933365417335,200.0040967419013,190.73970462327642,199.17445373535156,2494793
2025-10-03,199.1744520287154,200.29051401461177,196.55710544641025,198.7793731689453,1429783
2025-10-06,199.50037255972944,199.50037255972944,195.21385388600999,195.86572265625,955107
2025-10-07,196.7447629228985,199.70778650628768,195.55955650368628,199.1349334716797,1628215
2025-10-08,199.5102310787036,201.47570858260983,196.1916444539718,197.15956115722656,1146607
2025-10-09,197.15957366301257,202.0782033940932,194.07803412698436,199.9349365234375,2385290
2025-10-10,199.90530106565544,203.164629738939,197.6336619052516,200.38926696777344,2159142
2025-10-13,200.2509951932826,200.2904955402574,196.2212816196248,197.10031127929688,951302
2025-10-14,196.97191557341802,198.52257175088886,193.07060436658617,193.72247314453125,1180954
2025-10-15,194.1274146302055,198.28551559230195,193.88049601965338,197.3373565673828,983523
2025-10-16,197.53488489685444,198.3151410610821,195.55953604788587,197.30772399902344,757292
2025-10-17,196.96204590830445,197.189206822266,194.9175675412172,196.28054809570312,816129
2025-10-20,197.28797385138265,197.28797385138265,194.92743248923105,195.7175750732422,599872
2025-10-21,196.84353395522817,197.58428984186045,195.82623040991055,196.8237762451172,215511
2025-10-23,197.7818143938938,200.26087191040173,195.67806293126952,196.50772094726562,1095001
2025-10-24,196.5472240995884,199.18431318731294,195.5595496066256,198.05836486816406,1310747
2025-10-27,198.51269864692944,199.86580785839845,197.0410582500799,198.41392517089844,1216284
2025-10-28,199.06579045582913,199.8756756763734,194.91756073737463,195.33238220214844,1232256
2025-10-29,196.10277093256943,200.20161399449418,195.39164410162243,198.7991180419922,1710904
2025-10-30,198.17687899441066,204.6461498724895,197.82131557768628,202.49302673339844,4066035
2025-10-31,203.4609425400685,206.12766061746976,198.226264790671,199.68801879882812,2353104
2025-11-03,199.4213495617901,202.6609205155058,197.70279061276253,198.72998046875,1576799
2025-11-04,199.51025498788567,199.80656036092205,194.57188233967068,195.0657196044922,1504039
2025-11-06,195.06570306050187,196.15215097925184,191.70761597281003,192.00390625,1004640
2025-11-07,191.2236478526269,195.06570079972707,189.1396541931531,194.01876831054688,1113161
2025-11-10,194.8187898363239,195.9447381329295,190.4236414447808,191.41131591796875,1014515
2025-11-11,191.37180092786832,193.43605203519695,190.5915447234183,191.7965087890625,1045577
2025-11-12,192.37924222821545,194.93731562373807,191.1841644959566,191.49034118652344,1023435
2025-11-13,192.34960695880264,192.34960695880264,187.7865556368894,188.13223266601562,1657182
2025-11-14,188.13223068798064,200.8929831582039,187.76679595309272,197.7818145751953,8650340
2025-11-17,199.90532091092985,208.36969895450412,198.9176463707163,202.46340942382812,11599980
2025-11-18,201.58437899309888,203.08563343814762,198.216405205573,198.64109802246094,1743193
2025-11-19,199.05591234861592,200.79422911605556,197.06082070702905,199.4707489013672,1706777
2025-11-20,200.49791222680815,200.49791222680815,195.41139486608932,195.6879425048828,1322377
2025-11-21,194.67064929414298,196.11264561947382,192.28046375031212,193.35704040527344,1332716
2025-11-24,194.47310368253213,199.5102496779351,192.99159192749798,196.80401611328125,3033202
2025-11-25,197.00155159859557,197.4361156953642,192.1816954802615,193.02120971679688,1511286
2025-11-26,193.09035975807004,198.42379589189892,193.09035975807004,196.88302612304688,1627855
2025-11-27,198.42380008730527,200.25100393198744,196.5472245744291,197.42625427246094,1526075
2025-11-28,197.485501736748,197.9793389579305,193.58419070354924,194.41383361816406,865886
2025-12-01,196.0533848352393,197.78181518013437,193.70271474355272,194.09779357910156,903973
2025-12-02,194.12741465783262,196.2212796529833,192.80393452205684,195.43113708496094,1288080
2025-12-03,195.43115406705357,196.92255224985456,193.91014192478204,195.95462036132812,984551
2025-12-04,194.8229681401638,200.52094500054793,194.56487732726433,200.1437225341797,1822430
2025-12-05,200.12388364012594,203.99532164165302,199.2106065836524,201.2158203125,2385109
2025-12-08,200.82866089317974,201.1165459627615,187.11978169739402,188.44996643066406,2472351
2025-12-09,188.71800832846765,196.7289116209034,187.76503081838757,195.696533203125,3077963
2025-12-10,194.5648736086833,196.0638118248687,189.89929038319383,190.643798828125,1573984
2025-12-11,191.0904973868978,193.17512705358,190.1970933280699,192.23207092285156,806515
2025-12-12,192.5795254237288,193.92956806350966,190.5941694915254,191.35853576660156,1037947
2025-12-15,190.69342894670973,194.96193176095923,190.69342894670973,192.39089965820312,1386426
2025-12-16,191.78536783501536,193.90969794160634,190.336066578954,192.72840881347656,937983
2025-12-17,192.55965513679317,193.91963416216865,190.77283188426304,192.8773193359375,986262
2025-12-18,192.38098304235302,193.5324930595625,190.19709465779002,193.06593322753906,699897
2025-12-19,193.06592930054092,198.53557905043795,192.97657677820064,197.76129150390625,1533185
2025-12-22,198.535592250273,201.82135387848484,196.6792893097933,197.32452392578125,1012233
2025-12-23,198.90287889924076,200.89817130200086,197.096212880329,198.4065399169922,1213792
2025-12-24,198.53558410461122,201.48383874032976,198.53558410461122,199.667236328125,1245312
2025-12-26,199.9253303218569,206.9733497287599,198.53558726979367,203.84642028808594,4904849
2025-12-29,205.4346862463384,205.48432317023645,199.13119073490924,199.73672485351562,1487796
2025-12-30,199.5282624897204,200.35218698332054,196.94729383152566,198.03924560546875,1489110
2025-12-31,198.9822859708615,201.23566908971748,198.33705138189336,199.76651000976562,1163378
2026-01-01,200.52093666334125,203.2011639754684,200.05437683656746,201.2058868408203,1097326
2026-01-02,201.4143449140335,205.86155292370603,198.43631113917604,204.8887176513672,2967348
2026-01-05,206.27847074523953,208.3531639219083,202.61548686900787,204.4122314453125,2928381
2026-01-06,204.41223863769727,205.07733103676046,202.22835020925368,203.8960418701172,1781895
2026-01-07,203.99531111993934,206.12956257404787,202.50629425045074,203.2210235595703,1030370
2026-01-08,203.13168307362616,204.1442036234958,195.5079089420589,196.0836639404297,1548855
2026-01-09,194.76340623080432,197.33443842621233,191.58683989409718,192.02362060546875,1412092
2026-01-12,192.03353951813074,194.26706482561056,185.98813465451377,193.1155548095703,1695463
2026-01-13,194.62443407636127,195.6965280669145,190.7728388303437,192.4604034423828,910656
2026-01-14,192.4604031773621,196.35169887082853,192.4604031773621,195.3689422607422,1074963
2026-01-15,195.3689422607422,195.3689422607422,195.3689422607422,195.3689422607422,0
2026-01-16,196.0439737408793,196.17301157433826,185.13443762063977,185.79953002929688,2926404
2026-01-19,189.61140686372102,190.09782450469143,183.8240926864789,184.28073120117188,3164759
2026-01-20,184.34029432477018,185.12451839630086,178.68203297659088,179.28756713867188,1953864
2026-01-21,179.02946854523606,183.1391545193022,172.45793042898683,177.24264526367188,2899554
2026-01-22,178.73167002749122,179.92288055207845,174.7113212533286,175.048828125,2929357
2026-01-23,175.91247006415279,176.15070308328666,165.18160846443843,165.92611694335938,2791086
2026-01-27,166.7202494805545,167.3257836025494,162.352472800208,163.35507202148438,2191968
2026-01-28,164.37753476484616,173.71863771981842,164.37753476484616,172.01123046875,2989017
2026-01-29,172.22961564226512,173.15279881863358,167.41512176865626,168.7254638671875,3198200
2026-01-30,167.36550972979967,171.8325605395232,165.04263179697514,171.20716857910156,2653537
2026-02-02,167.11733375855076,171.23694106446487,164.77461326332252,170.0457305908203,1960631
2026-02-03,174.71131610933327,177.66949210682495,171.28658027183,171.8126983642578,2335139
2026-02-04,172.7259613878421,175.9025277632633,171.83255730155787,175.50546264648438,2222094
2026-02-05,175.50545650686195,175.52531430612518,172.01122604260394,172.66639709472656,1272322
2026-02-06,171.78292295327012,172.2991197304803,169.1523172871746,170.12515258789062,1146496
2026-02-09,171.5347513800762,180.56811156261966,171.2369449681103,179.49603271484375,3548811
2026-02-10,180.36958260132525,183.4369538675103,179.03939776801738,181.99757385253906,2228103
2026-02-11,182.25568083298663,183.44689136418933,179.77398591503783,182.93069458007812,1425781
2026-02-12,182.16631409242822,183.83402082365646,178.88055270093355,179.57542419433594,1604084
2026-02-13,197.64218493251076,208.46236847550946,195.70645082187318,200.193359375,134019973
2026-02-16,200.02459862017773,234.9172210551454,198.75397210869795,224.96066284179688,125648482
2026-02-17,229.45750217324402,234.5499449057922,212.1154171682094,213.69378662109375,81402370
2026-02-18,215.41111040889845,219.27262694352567,207.9660259477614,213.06838989257812,47620038
2026-02-19,216.24495919565186,220.27522921562908,210.23925461864815,215.91737365722656,23297555
2026-02-20,216.19531560816893,216.39386330805243,212.14520306002632,213.32647705078125,5749694
2026-02-23,215.31184058657888,221.12893396029023,212.83014571975772,215.42103576660156,9554558
2026-02-24,215.31184330772902,217.21779831895125,210.26905260403248,214.18019104003906,5588595
2026-02-25,215.41111155000763,219.86824092396205,214.41843361659747,218.19061279296875,5188158
2026-02-26,219.3520488333161,223.79924182861635,217.92259015520372,223.00509643554688,7315499
2026-02-27,223.3028938112646,224.4941042791128,217.39646325009247,220.12632751464844,4715134
2026-03-02,206.4770046667606,217.15821349369466,205.5438850106019,210.91427612304688,5342025
2026-03-04,207.46968859024975,208.45244519967264,199.62753895595077,201.08677673339844,5152153
2026-03-05,203.64787054430286,205.48433076698765,199.28009372692162,203.36000061035156,3833270
2026-03-06,204.39999389648438,209.17999267578125,203.89999389648438,204.8699951171875,3287405
2026-03-09,198.0,199.58999633789062,193.0,195.17999267578125,3712053
2026-03-10,200.32000732421875,201.0,197.27000427246094,199.9600067138672,2731700
2026-03-11,201.99000549316406,206.4600067138672,198.0,199.02000427246094,3381646
2026-03-12,198.1999969482422,204.8000030517578,194.39999389648438,200.69000244140625,3403841
2026-03-13,198.0,199.91000366210938,185.0,189.00999450683594,3775629
2026-03-16,189.82000732421875,190.89999389648438,185.1199951171875,188.99000549316406,2659399
2026-03-17,189.0,191.14999389648438,186.0500030517578,189.39999389648438,2214530
2026-03-18,190.5,196.17999267578125,190.07000732421875,194.57000732421875,2825795
2026-03-19,189.3000030517578,192.74000549316406,186.82000732421875,187.74000549316406,1848145
2026-03-20,190.55999755859375,196.97000122070312,190.0399932861328,191.63999938964844,2684136
2026-03-23,188.0,189.80999755859375,179.00999450683594,181.2899932861328,3151165
2026-03-24,188.0,189.0,183.10000610351562,187.33999633789062,2230788
2026-03-25,191.0,197.30999755859375,190.41000366210938,195.97999572753906,3558806
2026-03-27,193.5,194.4199981689453,187.99000549316406,189.72999572753906,2675196
2026-03-30,186.0,191.7100067138672,177.5,182.1300048828125,2792391
2026-04-01,191.3300018310547,201.99000549316406,188.4600067138672,200.97999572753906,7247679
2026-04-02,194.0,201.8800048828125,191.61000061035156,200.5500030517578,4200321
2026-04-06,199.0,204.0,195.60000610351562,202.25999450683594,5222516
2026-04-07,199.6999969482422,203.3000030517578,198.00999450683594,198.74000549316406,2019381
2026-04-08,207.1199951171875,208.99000549316406,204.0,206.4600067138672,4191884
2026-04-09,207.2100067138672,212.0,205.0,208.58999633789062,5471271
2026-04-10,210.00999450683594,215.1999969482422,209.8000030517578,213.75,3708775
2026-04-13,210.0,219.1999969482422,206.22999572753906,217.5500030517578,4689832
2026-04-15,220.1999969482422,223.0,219.0,219.88999938964844,2854835
2026-04-16,223.0,230.0,218.10000610351562,228.32000732421875,10361403
2026-04-17,230.10000610351562,247.55999755859375,229.47999572753906,241.8000030517578,24945465
2026-04-20,241.0,249.6999969482422,236.7100067138672,242.05999755859375,8353205
2026-04-21,243.0,247.63999938964844,242.25,243.24000549316406,4106709
2026-04-22,243.0,250.38999938964844,242.8000030517578,245.5800018310547,6097611
2026-04-23,244.1999969482422,246.64999389648438,241.1999969482422,243.67999267578125,3854308
2026-04-24,243.5,246.3000030517578,238.61000061035156,242.88999938964844,4896976
2026-04-27,244.0,264.6000061035156,243.17999267578125,257.5299987792969,16055152
2026-04-28,258.1000061035156,260.0,254.0500030517578,256.5400085449219,4017707
2026-04-29,258.3999938964844,259.5,250.1199951171875,250.9499969482422,3025322
2026-04-30,252.0,254.74000549316406,247.50999450683594,251.94000244140625,4883287
2026-05-01,251.94000244140625,251.94000244140625,251.94000244140625,251.94000244140625,0
2026-05-04,254.89999389648438,263.25,250.60000610351562,261.70001220703125,7583514
2026-05-05,261.3999938964844,262.3999938964844,256.0,260.29998779296875,4041158
2026-05-06,262.5,265.0,259.0,262.3500061035156,4172382
2026-05-07,262.5,267.0,258.0,261.3500061035156,4651205
2026-05-08,261.1000061035156,263.0,256.0,256.45001220703125,2288709
2026-05-11,256.3999938964844,256.95001220703125,247.75,248.39999389648438,3189651
2026-05-12,248.39999389648438,249.75,235.60000610351562,236.9499969482422,4066870
2026-05-13,237.0,248.39999389648438,237.0,240.60000610351562,3202676
2026-05-14,241.60000610351562,257.29998779296875,241.60000610351562,254.0500030517578,9962606
2026-05-15,254.0500030517578,254.75,244.25,246.75,3447733
2026-05-18,243.5,244.14999389648438,234.5,237.5500030517578,3568207
2026-05-19,238.89999389648438,250.60000610351562,238.0,245.0,4635220
2026-05-20,243.0,243.25,238.0,241.39999389648438,2870121
2026-05-21,243.6999969482422,247.6999969482422,235.35000610351562,237.1999969482422,3083203
2026-05-22,220.9499969482422,225.5500030517578,213.0,216.0,19341960
2026-05-25,219.1999969482422,229.4499969482422,216.64999389648438,228.60000610351562,8741247
2026-05-26,230.75,236.8000030517578,226.8000030517578,230.5,4080935
2026-05-27,232.0,241.0,231.25,234.39999389648438,4636808
2026-05-28,234.39999389648438,234.39999389648438,234.39999389648438,234.39999389648438,0
2026-05-29,235.9499969482422,240.75,230.0,231.6999969482422,3177009
2026-06-01,232.49000549316406,232.77000427246094,223.75,224.72999572753906,2806531
2026-06-02,222.0,228.08999633789062,221.75,227.22999572753906,1521948
2026-06-03,227.0,229.4499969482422,221.10000610351562,228.02000427246094,1792655
2026-06-04,227.39999389648438,238.61000061035156,225.02000427246094,237.6699981689453,4223885
2026-06-05,238.60000610351562,240.5,235.1999969482422,237.77999877929688,2382489
2026-06-08,234.00999450683594,243.85000610351562,232.16000366210938,239.3699951171875,4779777
2026-06-09,241.10000610351562,242.3699951171875,236.3800048828125,239.3699951171875,1954446
2026-06-10,238.5,239.89999389648438,231.0,232.0500030517578,2000951
2026-06-11,231.8000030517578,233.0,220.0,223.9499969482422,1775617
2026-06-12,225.10000610351562,238.5,225.10000610351562,234.67999267578125,3699138
2026-06-15,240.0,242.2899932861328,235.10000610351562,236.07000732421875,2391782
2026-06-16,238.5500030517578,241.3000030517578,231.0,232.25999450683594,3310923
2026-06-17,233.5,244.64999389648438,233.5,243.19000244140625,6865480
2026-06-18,245.74000549316406,255.5399932861328,241.63999938964844,253.14999389648438,10768293
2026-06-19,253.5,258.8999938964844,248.1999969482422,250.74000549316406,6016884
2026-06-22,251.75,261.92999267578125,251.00999450683594,258.5,7498680
