Date,Open,High,Low,Close,Volume,is_outlier,data_quality,return_1d,return_3d,return_7d,return_14d,return_30d,log_return_1d,momentum_7d,momentum_30d,sma_20,dist_from_sma_20,sma_50,dist_from_sma_50,sma_100,dist_from_sma_100,sma_200,dist_from_sma_200,ema_12,ema_26,golden_cross,above_sma_200,above_sma_50,rsi_14,rsi_overbought,rsi_oversold,macd_line,macd_signal,macd_histogram,macd_bullish_cross,bb_upper,bb_lower,bb_middle,bb_bandwidth,bb_pct_b,atr_14,natr_14,adx_14,di_plus,di_minus,adx_strong_trend,stoch_k,stoch_d,volume_ma_7d,volume_ma_30d,volume_ratio_7_30,volume_spike,obv,vwap_20d,vpt,vol_7d,vol_30d,vol_60d,vol_ratio_30_60,parkinson_vol_30d,price_to_high_6mo,price_to_low_6mo,price_to_high_1yr,price_to_low_1yr,day_range_pct,gap_pct,target_3d,target_5d,target_7d,target_10d,target_14d,btc_close,btc_return_1d,btc_return_7d,btc_vol_30d,corr_btc_30d,beta_btc_30d
2024-01-20,314.7,317.3,312.2,317.2,326090.187,0,1,0.007944073721004141,0.025210084033613578,0.04963600264725354,0.031544715447154426,,0.007912685690331748,,,309.835,0.023770716671776944,,,,,,,311.1502938861957,310.79894905278593,0,0,0,52.067196163421066,0,0,0.35134483340976885,-0.9883277439496121,1.339672577359381,0,324.4539890931371,295.21601090686283,309.835,0.09436628588208011,0.7518984025871356,12.409687527374901,0.03912259624014786,57.24068204833508,23.435688314098073,13.705872563831687,1,89.30817610062883,77.87061994609157,886146.4648571428,,,0,2364027.444,309.7279308782585,68258.98925433522,0.3981911431836444,,,,,,,,,0.016078184110971068,0.0,0.0,0.0,0.0,0.0,0.0,41696.04,0.0008884028264701804,-0.026884574982397047,,,
2024-01-21,317.3,321.7,316.1,318.6,359764.313,0,1,0.004413619167717542,0.017891373801917076,0.06377295492487489,0.053571428571428825,,0.004403907715255244,,,310.09000000000003,0.02744364539327289,,,,,,,312.29640251908864,311.3768046785055,0,0,0,53.27443045262223,0,0,0.9195978405831511,-0.6067426270430595,1.5263404676262105,0,325.1494471136367,295.03055288636335,310.09000000000003,0.09712952441959868,0.7825468935142376,11.923281275419548,0.03742398391531559,55.383875811768014,25.285371768970364,13.246070526213503,1,90.57750759878428,87.11074152663872,881390.66,,,0,2723791.757,309.818439482159,69846.85192205275,0.3835840982497297,,,,,,,,,0.017576898932831028,0.0003152585119798952,0.0,0.0,0.0,0.0,0.0,41580.33,-0.00277508367701107,-0.00364273758846545,,,
2024-01-22,318.7,320.3,303.6,305.9,704437.647,0,1,-0.03986189579409938,-0.027963139497934608,-0.03653543307086626,0.007243990780375409,,-0.04067814631909058,,,309.775,-0.012509079170365589,,,,,,,311.312340593075,310.9711154430607,0,0,0,42.75473210503114,0,0,0.3412251500143384,-0.41714907163157994,0.7583742216459184,0,324.91197112162274,294.6380288783772,309.775,0.09772881040511833,0.3720021340839891,12.264475470032435,0.04009308751236494,52.03721636448114,22.826087114024183,19.237769447483124,1,51.97568389057744,77.28712252999685,738518.7681428572,,,0,2019354.1100000003,309.661857809983,41766.63184389819,0.29696898514059783,,,,,,,,,0.05459300424975479,0.00031387319522902034,0.0,0.0,1.0,0.0,0.0,39568.02,-0.048395719803089654,-0.06923085970487708,,,
2024-01-23,305.9,311.7,290.3,298.8,928195.378,0,1,-0.02321019941157232,-0.058007566204287486,-0.05203045685279184,-0.007638658253072084,,-0.02348379789819544,,,308.925,-0.03277494537509104,,,,,,,309.3873651172173,310.0695513361673,0,0,0,38.21193993372404,0,0,-0.6821862189499939,-0.47015650109526275,-0.21202971785473113,0,324.5391467569435,293.3108532430565,308.925,0.10108697422962538,0.17577479071991312,12.917012936458688,0.04322962830140123,48.99387506423619,20.12489723675016,24.315854883783395,1,30.39513677811552,57.64944275582575,735239.6157142856,,,0,1091158.7320000003,308.5923717269827,20223.032027618443,0.31672437310284607,,,,,,,,,0.07161981258366792,0.0,1.0,1.0,1.0,1.0,1.0,39897.6,0.008329453937801379,-0.07511599415363968,,,
2024-01-24,298.8,300.7,290.3,293.1,802312.815,0,1,-0.01907630522088355,-0.08003766478342744,-0.05268261150614073,-0.04153041203400909,,-0.01926060554181551,,,307.39500000000004,-0.04650368418484365,,,,,,,306.88161663764544,308.81254753348827,0,0,0,34.9970147545078,0,0,-1.9309308958428346,-0.7623113800447772,-1.1686195157980575,0,322.90981125960144,291.88018874039864,307.39500000000004,0.1009438101439607,0.03931118591102746,12.73722629814021,0.04345693039283592,46.16791528543731,18.95117830362823,22.897712027380376,1,12.269938650306761,31.54691977299991,696806.6612857142,,,0,288845.91700000037,307.2478946205439,4917.867886052167,0.3177479251898484,,,,,,,,,0.035482770385533866,0.0,1.0,1.0,1.0,1.0,1.0,40084.88,0.004694016682707636,-0.06291410390381547,,,
2024-01-25,293.0,296.7,287.5,292.1,1004156.719,0,1,-0.003411804844762889,-0.045112781954887105,-0.06677316293929703,-0.05223880597014918,,-0.0034176383231514776,,,306.125,-0.04581461821151483,,,,,,,304.6075217703154,307.57458104952616,0,0,0,34.4494147294607,0,0,-2.967059279210787,-1.203260959877979,-1.7637983193328077,0,322.3012496466759,289.9487503533241,306.125,0.10568395032536317,0.0664940790870518,12.48456727684448,0.04274073015010092,43.795060234346174,17.95365622853251,23.29443639807437,1,13.45029239766089,18.705122608694392,708668.7798571428,,,0,-715310.8019999997,305.676353185478,1491.8811272667594,0.29112470278913005,,,,,,,,,0.03149606299212594,-0.0003411804844763655,1.0,1.0,1.0,1.0,1.0,39961.09,-0.003088196846292135,-0.03306297259693913,,,
2024-01-26,292.1,304.2,290.7,302.2,709942.404,0,1,0.034577199589181706,0.011378848728246238,-0.039720368605020706,0.018880647336479983,,0.033992840444943835,,,305.86,-0.011966259072778476,,,,,,,304.23713380565147,307.1764639347465,0,0,0,43.98303952423432,0,0,-2.9393301290950262,-1.5504747937213885,-1.3888553353736377,0,322.1148648588338,289.6051351411662,305.86,0.10628957600754461,0.3874183196296776,12.557098185641303,0.04155227725228757,40.778913510819834,20.841184367200654,21.505608126691936,1,42.982456140350855,22.9008957294395,690699.9232857144,,,0,-5368.3979999996955,305.2575798034182,26039.701327198232,0.3883955153905845,,,,,,,,,0.04467240238252813,0.0,1.0,0.0,0.0,0.0,1.0,41823.51,0.04660583582680067,0.003948243634093407,,,
2024-01-27,302.2,307.7,301.9,305.6,285357.667,0,1,0.011250827266710894,0.042647560559536,-0.03656998738965944,0.011250827266710894,,0.011188007453726338,,,306.02,-0.0013724593163844164,,,,,,,304.44680552785894,307.05968882846895,0,0,0,46.788653753672854,0,0,-2.612883300610008,-1.7629564950991126,-0.8499268055108955,0,322.19426155476987,289.8457384452301,306.02,0.10570721884040184,0.4870164087993217,12.074448315238353,0.03951062930379042,38.103683435585175,22.196591638870352,20.767730420704225,1,52.92397660818722,36.45224171539965,684880.9918571429,,,0,279989.2690000003,305.2872711524619,29250.21114784684,0.39370964375613937,,,,,,,,,0.018979057591623074,0.0,1.0,0.0,0.0,0.0,1.0,42120.63,0.007104138318376307,0.010182981405428393,,,
2024-01-28,305.7,309.1,303.1,305.3,409403.057,0,1,-0.0009816753926702448,0.045190003423485114,-0.04174513496547394,0.01936560934891496,,-0.0009821575515333535,,,306.1,-0.002613524991832771,,,,,,,304.57806621588065,306.9293415078416,0,0,0,46.567031183265264,0,0,-2.351275291960974,-1.880620254471485,-0.4706550374894889,0,322.241740596159,289.95825940384105,306.1,0.1054671061493562,0.4752195249566092,11.640559149864186,0.03812826449349553,35.75997422455852,22.238443151812376,20.00312317289076,1,52.046783625731045,49.31773879142304,691972.241,,,0,-129413.78799999965,305.5812257591466,28848.310241105966,0.3894242580716825,,,,,,,,,0.01965280052407468,0.0003272251308899407,0.0,0.0,0.0,1.0,1.0,42031.06,-0.0021265114030820653,0.010839981308469637,,,
2024-01-29,305.3,311.0,304.4,310.7,442799.505,0,1,0.017687520471667106,0.028127068166776903,0.015691402419091283,-0.021417322834645702,,0.017532916658169456,,,306.58000000000004,0.01343858046839307,,,,,,,305.51990218266826,307.2086495442978,0,0,0,51.060579815577434,0,0,-1.6887473616295665,-1.8422456759031014,0.15349831427353489,1,322.6665553540184,290.4934446459817,306.58000000000004,0.10494197504089205,0.6280572474756316,11.280519210588176,0.03630678857608039,33.77894285969672,22.512153167099246,19.16716486233229,1,67.83625730994152,57.602339181286595,654595.3635714286,,,0,313385.71700000035,306.0664140202212,36680.33555063753,0.3232949348177861,,,,,,,,,0.021242355970389516,0.0,0.0,0.0,0.0,1.0,1.0,43302.7,0.03025476873531141,0.09438632511811318,,,
2024-01-30,310.7,313.1,306.3,307.6,386375.467,0,1,-0.009977470228516139,0.00654450261780104,0.02945113788487297,-0.024111675126903487,,-0.010027578767512693,,,306.67,0.003032575732872491,,,,,,,305.8399172314885,307.2376384669424,0,0,0,48.53706272841525,0,0,-1.3977212354539006,-1.7533407878132612,0.3556195523593606,0,322.75832201515004,290.58167798485,306.67,0.1049226987651223,0.5289029520643683,10.960482124117593,0.035632256580356285,32.157633789245125,22.88307896748955,18.317771041435453,1,58.77192982456149,59.55165692007802,577192.519142857,855402.5926,0.674761245916356,0,-72989.74999999965,306.4577956320231,32825.28583161601,0.28632110668288485,,,,0.472490087804521,,,,,0.022106631989596913,0.0,0.0,0.0,0.0,1.0,1.0,42941.1,-0.008350518558888909,0.07628278392685273,,,
2024-01-31,307.7,308.2,298.6,300.5,459007.698,0,1,-0.023081924577373236,-0.015722240419259736,0.025247355851245157,-0.028765352294763957,-0.04146730462519932,-0.023352483656226664,,,306.285,-0.018887637331243858,,,,,,,305.0183915035672,306.73855413605776,0,0,0,43.26329023212924,0,0,-1.720162632490542,-1.7467051567487173,0.026542524258175382,0,322.5862786066164,289.98372139338363,306.285,0.10644516451420338,0.322559931045777,10.863304829537762,0.03615076482375295,29.989205901293122,21.438651659653125,22.224431434417365,1,38.01169590643276,54.87329434697859,528148.931,850054.3439333333,0.621311960546161,0,-531997.4479999996,306.1316436179312,22230.5047659463,0.3010448352193885,0.3430882417549689,,,0.47302345073343716,,,,,0.0319467554076538,0.0003250975292586667,0.0,1.0,1.0,1.0,1.0,42580.0,-0.008409193057467013,0.062245914170131034,0.4451380071412247,0.5087,0.39343321429484934
2024-02-01,300.5,302.2,296.4,300.2,373269.789,0,1,-0.0009983361064892504,-0.033794657225619584,0.027730229373502002,-0.04089456869009589,-0.038436899423446524,-0.000998834775900756,,,306.46500000000003,-0.020442791183332656,,,,,,,304.2771005030184,306.2542167926461,0,0,0,43.050440509281785,0,0,-1.977116289627702,-1.7927873833245143,-0.18432890630318766,0,322.39118168795954,290.5388183120405,306.46500000000003,0.10393475070862586,0.30331129825247133,10.501640198856494,0.034982145898922366,28.21730256506541,20.592905000278037,22.84405095476554,1,37.13450292397659,44.63937621832361,438022.2267142857,831237.8456666667,0.5269517370963596,0,-905267.2369999996,306.4388554244336,21857.856058125977,0.29903260374795576,0.3429908533364523,,,0.4663500300143713,,,,,0.019320453031312496,0.0,1.0,1.0,1.0,1.0,1.0,43082.94,0.011811648661343321,0.07812224341227947,0.4434501221896119,0.514,0.3989480758416062
2024-02-02,300.2,305.2,299.8,301.4,309501.649,0,1,0.003997335109926725,-0.02015604681404437,-0.002647253474520217,-0.042262472195741974,-0.045598480050665136,0.003989366993033515,,,306.425,-0.016398792526719535,,,,,,,303.8344696564002,305.894645178376,0,0,0,44.23234025349641,0,0,-2.0601755219757933,-1.8462650110547703,-0.2139105109210231,0,322.40022753317913,290.4497724668209,306.425,0.10426843458059311,0.3427252447715202,10.1372373275096,0.033633833203416064,26.210184232214857,21.92320766064991,21.97485193020223,1,40.64327485380112,38.59649122807016,380816.40457142855,770482.6298999999,0.4942569628349107,0,-595765.5879999996,306.5919211194186,23095.037866253893,0.2144859921152838,0.3412518837313754,,,0.40913067078072507,,,,,0.017916390179163827,0.0,0.0,1.0,1.0,1.0,1.0,43200.0,0.0027170847671955656,0.032911871815636706,0.42177043357842675,0.5798,0.47072092493112533
2024-02-03,301.4,303.8,299.5,299.7,198730.962,0,1,-0.0056403450564034285,-0.0026622296173045568,-0.019306282722513224,-0.05517023959646916,-0.07414272474513439,-0.005656311869777537,,,306.435,-0.021978559890351995,,,,,,,303.1983974015694,305.43578257257036,0,0,0,42.87482418046734,0,0,-2.2373851710009376,-1.9244890430440038,-0.3128961279569338,0,322.39221582363626,290.47778417636374,306.435,0.10414747547529662,0.2889669452855319,9.72029180411606,0.03243340608647334,24.38323823581871,21.23047571655571,21.500940060362506,0,35.67251461988302,37.81676413255358,368441.161,739314.4967333333,0.49835511494493895,0,-794496.5499999996,306.65546471910756,21974.126667182896,0.1996311332804882,0.3321715118843501,,,0.4032478305189294,,,,,0.01434768101434772,0.0,1.0,1.0,1.0,1.0,1.0,43011.09,-0.004372916666666726,0.02114070943383317,0.41231887742551737,0.5586,0.4516158901014947
2024-02-04,299.6,307.7,298.0,304.7,503405.323,0,1,0.016683350016683418,0.014990006662225275,-0.001965280052407592,-0.043628374136848835,-0.04031496062992135,0.0165457116690459,,,305.795,-0.0035808302948054324,,,,,,,303.4294131859433,305.38128015978737,0,0,0,47.935967453807585,0,0,-1.9518669738440622,-1.9299646292040156,-0.02190234464004659,0,320.8869253419277,290.70307465807235,305.795,0.09870616159144303,0.46372232252706846,9.718842389536341,0.031896430553122225,23.080563438968685,22.583255768306216,19.96813612118101,0,52.43902439024385,42.91827128797599,381870.0561428572,717526.1316333334,0.5322036916949507,0,-291091.2269999996,305.6900649043569,30372.613871053465,0.2314457795786126,0.3327089291550482,,,0.39399410180393796,,,,,0.03183459140137837,-0.00033366700033355323,1.0,1.0,1.0,1.0,1.0,42582.88,-0.00995580442160382,0.013128862322292045,0.4132158346781051,0.5464,0.441484486291263
2024-02-05,304.7,306.8,299.5,301.2,488672.271,0,1,-0.011486708237610777,-0.0006635700066356387,-0.030576118442227185,-0.015364498202026788,-0.0204878048780488,-0.011553190065924859,,,305.095,-0.012766515347678718,,,,,,,303.08642654195205,305.0715557035068,0,0,0,44.93482338293045,0,0,-1.9851291615547666,-1.9409975356741658,-0.04413162588060082,0,319.63894068078935,290.5510593192107,305.095,0.09534040663261815,0.36609543845483244,9.54606793314089,0.031693452633269885,21.870936841893663,21.349705486038367,18.877429794274228,0,53.51562499999991,47.209054670042256,388423.30842857144,703503.2679,0.5521272269111679,0,-779763.4979999997,304.7144795496432,24759.3780702658,0.20124508347899348,0.3214369754943545,,,0.3838883921199504,,,,,0.024236387782204553,0.0,1.0,1.0,1.0,1.0,1.0,42708.7,0.0029547085589325395,-0.013717389446847417,0.41324945360948445,0.5558,0.4343279685339086
2024-02-06,301.2,304.1,300.9,302.7,260762.321,0,1,0.004980079681274896,0.010010010010010006,-0.015929778933680194,0.013052208835341306,0.0009920634920634885,0.004967720101934447,,,304.76,-0.006759417246357797,,,,,,,303.0269763047287,304.89588491065444,0,0,0,46.48128423038412,0,0,-1.8689086059257534,-1.9265797497244834,0.05767114379873006,1,319.19466587584805,290.32533412415194,304.76,0.09472808686079574,0.42864400126341773,9.092777366487972,0.030038907718823827,20.747712144609714,20.813023184708914,18.402894795568905,0,59.3749999999999,55.10988313008122,370478.5732857143,695583.1089666667,0.5326158276558555,0,-519001.1769999997,304.05004384390423,26057.99520671998,0.20384200658605942,0.3181657649285728,,,0.3800683243080516,,,,,0.010571522960026579,0.0,1.0,1.0,1.0,1.0,1.0,43098.95,0.009137482526979213,0.0036759654503493167,0.41421722516584875,0.5631,0.4344366261926914
2024-02-07,302.8,308.7,300.7,307.3,352421.789,0,1,0.015196564255038014,0.00853298326222518,0.022628951747088122,0.0484476287956328,0.01185380309515982,0.01508225310876603,,,304.475,0.009278265867476767,,,,,,,303.6843645655397,305.0739675098652,0,0,0,51.02381714092718,0,0,-1.3896029443255316,-1.8191843886446932,0.4295814443191617,0,318.4421607332118,290.50783926678827,304.475,0.09174586244001481,0.6011300741059912,9.01472184031026,0.02933524842274735,20.309907511993703,23.138551040471697,17.236365193273347,0,77.34374999999997,63.41145833333326,355252.0148571429,674510.8071999999,0.5266809828175321,0,-166579.3879999997,303.43207403502777,31413.59556813393,0.16353631424342194,0.32094592156679,,,0.36801547088931535,,,,,0.026033192320208266,0.000330360092500901,1.0,1.0,1.0,1.0,1.0,44349.6,0.029018108329785353,0.04155941756693271,0.3702708407684786,0.637,0.5545860366191869
2024-02-08,307.4,320.6,307.3,319.2,921496.502,0,1,0.038724373576309645,0.05976095617529875,0.06329113924050622,0.09277644642245786,0.06011291929591489,0.03799339643921459,,,304.7,0.047587791270101744,,,,,,,306.07138540161054,306.1203402869122,0,0,0,60.390146896938624,0,0,-0.04895488530166858,-1.4651384879760885,1.41618360267442,0,319.48192352699397,289.918076473006,304.7,0.09702608156871663,0.9904639092984365,9.320813137430957,0.029200542410497986,21.12896255532759,29.899589544556708,15.479592828869642,0,95.31772575250825,77.34549191750271,433570.1167142857,658511.0187666665,0.6584098129843363,0,754917.1140000003,303.8400772957314,67097.9703608445,0.2602624943705857,0.33758047200573094,,,0.369810813403838,,,,,0.041666666666666706,0.00032541490400249233,1.0,1.0,1.0,1.0,1.0,45288.65,0.021173809910348673,0.05119683104263539,0.3726565029908901,0.6465,0.5887412006211279
2024-02-09,319.2,326.3,317.9,324.0,739178.081,0,1,0.015037593984962516,0.07036669970267595,0.07498341074983417,0.07213765718067511,0.059516023544800456,0.014925650216675792,,,305.04,0.062155782848150994,,,,,,,308.8296338013628,307.4447595249187,0,0,0,63.428293296852495,0,0,1.3848742764440658,-0.8951359350920576,2.2800102115361236,0,321.2739994099455,288.80600059005457,305.04,0.10643849600016689,1.083959612206974,9.255040770471606,0.028564940649603722,22.34722286034056,32.360360118384335,14.476058006316011,0,92.30769230769228,88.32305602006683,494952.4641428571,648731.4389,0.7629543358991618,0,1494095.1950000003,304.7933034085603,78213.43022550624,0.26010246725705993,0.33738802348704827,,,0.35159338906666415,,,,,0.025925925925926033,0.0,1.0,1.0,1.0,1.0,1.0,47132.77,0.04071925305788526,0.09103634259259241,0.38986354710953774,0.6424,0.5588347058164547
2024-02-10,324.0,325.4,318.9,323.0,321477.064,0,1,-0.0030864197530864335,0.05109013992840872,0.07774441107774455,0.056937172774869094,0.0480207657365348,-0.003091192569672858,,,305.26,0.058114394286837484,,,,,,,311.00969013961463,308.5969995601099,0,0,0,62.355238606709484,0,0,2.4126905795047264,-0.2335706321727008,2.646261211677427,0,322.363696122553,288.156303877447,305.26,0.11205985797387803,1.018601355896635,9.058252144009348,0.02804412428485866,23.478464572138314,30.701711995849642,13.73407966163626,0,88.96321070234112,92.19620958751388,512487.62157142855,620127.2895999999,0.8264232685228188,0,1172618.1310000003,304.8528978965429,77221.2170650124,0.2538616621078843,0.3372143548056462,,,0.34253167273393065,,,,,0.020123839009287926,0.0,1.0,1.0,1.0,1.0,1.0,47751.09,0.013118685789101692,0.11020413572406551,0.3908442020051544,0.6399,0.5551236932987921
2024-02-11,323.0,324.9,320.1,320.7,280308.105,0,1,-0.007120743034055743,0.0046992481203007586,0.05251066622907774,0.05044218801179157,0.08125421443020886,-0.007146216523547323,,,306.0,0.04803921568627447,,,,,,,312.5005070412124,309.49351811121284,0,0,0,59.847416323529785,0,0,3.0069889299995793,0.41454128026175524,2.592447649737824,0,324.4481064496861,287.5518935503139,306.0,0.1205758591482753,0.8984148736373455,8.754091276580105,0.027296823438042114,24.528903304521943,29.49926836998971,13.196179477163827,0,81.27090301003338,87.51393534002226,480616.5904285714,596026.2006333333,0.806368226628077,0,892310.0260000003,304.97077325024696,75225.21507894428,0.2702049277651878,0.3166022922036647,,,0.3144588304308348,,,,,0.014967259120673385,0.0,1.0,1.0,1.0,1.0,1.0,48299.99,0.011495025558578842,0.13425841558861218,0.31380846445510513,0.564,0.5737007306306082
2024-02-12,320.6,332.2,315.6,327.8,576734.162,0,1,0.022139070782662973,0.011728395061728403,0.08831341301460838,0.05503701319600918,0.08471211118464606,0.021897559610620124,,,307.45,0.06618962432915929,,,,,,,314.8542751887182,310.84955380667856,0,0,0,64.58278133010006,0,0,4.004721382039634,1.132577300617331,2.8721440814223027,0,327.9589454167021,286.9410545832979,307.45,0.13341320810995017,0.9961249734329922,9.314513328252954,0.028415232850070023,26.08103311169004,31.342107884360825,11.516338784310626,1,87.70949720670399,85.98120363969282,493196.86057142855,600691.1980666666,0.8210489219066134,0,1469044.1880000003,306.60260071007303,87993.5735142421,0.2455333766851233,0.318144756469753,,,0.31881977858116123,,,,,0.05064063453325188,-0.0003118178983472588,1.0,1.0,1.0,1.0,1.0,49917.27,0.03348406490353306,0.16878458019092135,0.3248802557155643,0.5927,0.5851314856589938
2024-02-13,327.9,329.2,318.6,324.7,441545.83,0,1,-0.009456985967053133,0.0052631578947368585,0.0726792203501816,0.05559167750325078,0.08414023372287138,-0.009501987200929094,,,309.03,0.050707051095362964,,,,,,,316.36900208276154,311.8755127839616,0,0,0,61.18961081839655,0,0,4.493489298799943,1.8047597002538536,2.6887295985460895,0,329.75192838008746,288.3080716199125,309.03,0.13410949344780437,0.878101876248591,9.406333804806312,0.02896930645151313,27.522296504060414,28.81929149224861,10.58935555876077,1,79.05027932960894,82.67689318211542,519023.07614285714,602307.5608333333,0.8617243247366073,0,1027498.3580000002,308.4309978138679,83817.88079612127,0.2765514710364614,0.31831669295420995,,,0.3205853864589707,,,,,0.03264551894056041,0.00030506406345322116,1.0,1.0,1.0,1.0,1.0,49699.59,-0.004360815405169416,0.15315083082070435,0.3125484953258464,0.594,0.6098609207011718
2024-02-14,324.6,334.6,323.4,333.9,452466.98,0,1,0.028333846627656367,0.04115996258185217,0.0865603644646924,0.11114808652246255,0.0516535433070866,0.027939867840808635,,,311.12,0.07321933659038304,,,,,,,319.0660786854136,313.5069562814459,0,0,0,66.76962165668337,0,0,5.559122403967649,2.555632240996613,3.003490162971036,0,333.04893786277563,289.1910621372244,311.12,0.14096771575453604,1.0194050013400107,9.534452818748722,0.02855481527028668,29.247416962385568,30.446652356326613,9.70084264584875,1,98.16753926701558,88.30910526777616,533315.2462857143,560571.7638333333,0.9513772913547556,0,1479965.3380000002,311.3980269038531,96638.01081152013,0.2964736150095729,0.28225036276967247,,,0.30349065209139564,,,,,0.033542976939203495,-0.00030797659377876775,1.0,1.0,1.0,1.0,1.0,51795.17,0.04216493536465804,0.16788358857802543,0.32785265277632125,0.6637,0.5721679010213993
2024-02-15,333.9,366.6,333.3,354.2,1361590.403,1,0,0.06079664570230614,0.08053691275167774,0.10964912280701755,0.1798800799467022,0.12373096446700504,0.059020178399124386,,,313.72,0.129032258064516,,,,,,,324.4712973491961,316.52125581615365,0,0,0,75.23168687414537,1,0,7.950041533042452,3.6345140994057807,4.315527433636671,0,342.46677830919316,284.9732216908069,313.72,0.1832639188396859,1.204078898243957,11.231991903123815,0.03171087493823776,32.20030283816197,44.34907434236762,7.64651894712299,1,81.92419825072882,86.38067228245113,596185.8035714285,574253.1291,1.0381933913112542,1,2841555.7410000004,318.0057017472525,179418.14013437135,0.3872621400181412,0.32598824161527673,,,0.3440052423418077,,,,,0.09401468097120275,0.0,0.0,1.0,1.0,1.0,1.0,51880.0,0.001637797501195637,0.14554088055174974,0.32729685795168334,0.5553,0.5576194068870838
2024-02-16,354.3,366.8,349.1,360.4,1061855.986,0,1,0.017504234895539206,0.10994764397905765,0.1123456790123456,0.1957531519575315,0.16483516483516492,0.017352800385449646,,,316.46,0.13884851166024142,,,,,,,329.9987900647044,319.77153316310523,0,0,0,77.14588068428023,1,0,10.227256901599162,4.953062659844457,5.274194241754705,0,351.66833633343697,281.251663666563,316.46,0.22251365944155338,1.1239999468289366,11.693992481472112,0.032447259937491986,34.9477880512777,39.67647601541877,6.819822274948831,1,90.6976744186046,90.26313731211634,642282.6471428571,573936.8787666666,1.1190823780535915,0,3903411.7270000004,322.5482521858343,198005.11673854975,0.38755223267168004,0.3210700344271416,,,0.35061817959037567,,,,,0.04911209766925635,0.00028232636928295524,0.0,1.0,1.0,1.0,1.0,52124.11,0.004705281418658558,0.10589956838946679,0.32435153808103545,0.5382,0.5372106739635019
2024-02-17,360.4,363.7,348.2,352.9,630266.52,0,1,-0.02081021087680357,0.056903264450434365,0.09256965944272433,0.17751084417751084,0.12747603833865817,-0.021029795052958485,,,318.84,0.10682473968134489,,,,,,,333.522053131673,322.2254936695419,0,0,0,70.08928307759788,1,0,11.296559462131086,6.221762020301783,5.074797441829302,0,357.1689584078615,280.51104159213844,318.84,0.24042753988120397,0.9443115781749767,11.965850161366962,0.033907197963635484,37.34576043203591,36.00540154727145,6.72605993671197,1,79.79651162790694,84.13946143241346,686395.4265714285,564241.6998000001,1.2164918452761058,0,3273145.2070000004,325.1287024793931,184889.13754876063,0.4351534576792112,0.3291499250558702,,,0.3544041517241781,,,,,0.043921790875602156,0.0,1.0,1.0,1.0,1.0,1.0,51642.64,-0.00923699224792518,0.08149656897884427,0.3047768141726981,0.6193,0.67423566072508
2024-02-18,352.9,358.1,349.1,349.8,495667.634,0,1,-0.008784358175120355,-0.012422360248447117,0.09073900841908333,0.1480144404332131,0.11153479504289798,-0.008823168096722612,,,320.79499999999996,0.09041599775557617,,,,,,,336.02635264987714,324.26804969402025,0,0,0,67.34715958569402,0,0,11.758302955856891,7.329070207412806,4.429232748444085,0,361.30254185788635,280.28745814211356,320.79499999999996,0.2525447208210003,0.8580197497759677,11.754003721269322,0.03360206895731653,39.5724490713114,34.03617215829151,6.358194162960658,1,74.73997028231798,81.74471877627651,717161.0735714285,552906.4742666667,1.297074834442148,0,2777477.5730000003,327.0843874062727,180535.01551589018,0.43846093167586037,0.33119815879425524,,,0.35160345679014976,,,,,0.025728987993138934,0.0,1.0,1.0,1.0,1.0,1.0,52137.67,0.009585683458475325,0.07945508891409703,0.3048278849650363,0.6132,0.6716596389692562
2024-02-19,349.8,356.2,349.3,351.6,830917.534,0,1,0.005145797598627766,-0.02441731409544934,0.07260524710189142,0.16733067729083673,0.10844892812105944,0.005132603226520216,,,322.995,0.08856174244183351,313.93,0.11999490332239676,,,,,338.4222983960499,326.29263860557427,0,0,1,68.12690902063153,0,0,12.129659790475614,8.289188124025369,3.840471666450245,0,365.2277622886109,280.7622377113891,322.995,0.26150722016508554,0.8386588805690559,11.407289169750085,0.0324439396181743,41.6400885220672,32.5656237822397,6.0834854778159295,1,77.00453857791229,77.18034016271241,753472.9838571429,569734.0525,1.3224994724308548,0,3608395.1070000003,329.6157331507909,184810.74896700509,0.43474411110852884,0.3309760330810637,,,0.35212043041195884,,,,,0.019624573378839525,0.0,1.0,1.0,1.0,1.0,1.0,51774.73,-0.0069611856456185395,0.037210768938285455,0.3071883963474981,0.6095,0.6620464416027562
2024-02-20,351.7,361.6,344.8,354.6,972650.558,0,1,0.008532423208191142,0.004817228676678997,0.09208500153988308,0.1714568880079288,0.11299435028248594,0.008496227829085599,,,325.7,0.08873196192815486,314.752,0.12660126067507121,,,,,340.91117556588836,328.38948019034655,0,0,1,69.43689026198814,0,0,12.52169537554181,9.135689574328659,3.3860058012131518,0,368.787768443883,282.61223155611697,325.7,0.26458562139320246,0.8353619953379465,11.792482800482222,0.033255732657874286,43.75365489746904,32.52260315835224,5.46443156890706,1,81.54311649016644,77.76254178346557,829345.0878571429,590163.594,1.4052799872591648,0,4581045.665,332.71521766596834,193109.81516154436,0.41371548486166027,0.331292815701923,,,0.3604323997023568,,,,,0.04737732656514385,0.0002844141069396072,1.0,1.0,1.0,1.0,1.0,52258.82,0.009349928044047662,0.05149398616769285,0.3056971350367036,0.6132,0.6699663797840057
2024-02-21,354.6,379.3,350.9,379.2,1701415.313,0,1,0.06937394247038897,0.08404802744425388,0.13566936208445646,0.23397331597787163,0.23962079110820533,0.06707337674075904,,,329.65,0.15031093584104357,316.092,0.19965073459625682,,,,,346.8017639403671,332.15322239846904,0,0,1,77.57566464840214,1,0,14.648541541898055,10.238259967842538,4.410281574055517,0,377.1531079315647,282.14689206843525,329.65,0.2882032939879553,1.0215448226185972,12.978734029019208,0.034226619274839686,46.19526038202065,37.18054188670598,4.6103428935953055,1,99.86111111111109,86.13625539306327,1007766.2782857144,623396.1828666667,1.6165743486774888,1,6282460.978,338.5641554807375,311143.7032038452,0.5260890958525561,0.35273774665803537,,,0.3735973863039061,,,,,0.07489451476793259,0.0,1.0,1.0,1.0,1.0,1.0,51849.39,-0.007834658340927003,0.0010468157552143698,0.2600727907125529,0.3328,0.45942936761612624
2024-02-22,379.2,387.3,373.7,382.6,1409647.481,0,1,0.008966244725738592,0.08816837315130832,0.08018068887634122,0.1986215538847118,0.2804551539491298,0.008926286625285955,,,333.71,0.1465044499715323,317.428,0.20531270083294487,,,,,352.30918487261835,335.8900207393232,0,0,1,78.43059006111876,1,0,16.41916413329517,11.474440800933063,4.944723332362106,0,384.79209697711065,282.6279030228893,333.71,0.30614663616379895,0.978543392824174,13.023110169803552,0.03403844790852993,48.62305335329283,38.79495013318334,4.266445103242149,1,93.44490934449095,91.61637898192282,1014631.575142857,639444.5863,1.586738861945475,1,7692108.459,343.6620653171549,323782.94749551214,0.44185348699944893,0.34056821940160636,,,0.3579376820913676,,,,,0.035546262415054944,0.0,1.0,1.0,1.0,1.0,1.0,51288.42,-0.010819220824005882,-0.011402852737085634,0.2664593099192733,0.3326,0.4332335369026748
2024-02-23,382.7,385.8,369.0,375.5,1027891.295,0,1,-0.01855723993727132,0.05893965031020865,0.041897891231964524,0.15895061728395055,0.28113271920846117,-0.018731585801963085,,,337.5,0.11259259259259259,318.464,0.17909716639871384,,,,,355.8770025845232,338.8240932771511,0,0,1,72.2371312634049,1,0,17.05290930737209,12.590134502220868,4.462774805151222,0,389.2015728153306,285.7984271846694,337.5,0.3063796907575148,0.8674936557126575,13.292888014817585,0.03540050070523991,50.09794767034172,35.292781145682184,6.406814781811832,1,83.54253835425382,92.28285293661861,1009779.4764285714,646963.8689666667,1.5607973255776943,0,6664217.164,346.52822452499515,304708.1221047646,0.472132564804721,0.34020026103062967,,,0.36106984750863347,,,,,0.04474034620505995,0.0002613695765811968,1.0,1.0,1.0,1.0,1.0,50744.15,-0.010611947102289299,-0.026474504792503906,0.27201407308322934,0.3641,0.46415432076147334
2024-02-24,375.5,383.3,371.7,381.7,444587.481,0,1,0.01651131824234353,0.006592827004219481,0.08160952111079633,0.18173374613003102,0.30674426566244417,0.016376488546994607,,,341.35,0.11820711879302757,319.748,0.19375258015687355,,,,,359.8497714176735,342.00008636773254,0,0,1,74.15633013306702,1,0,17.849685049940945,13.642044611764884,4.20764043817606,0,394.2219406231996,288.47805937680045,341.35,0.30978140104408713,0.881582362254875,13.171967442330617,0.03450869122957982,51.46749239331569,33.07271871232389,6.003799537536441,1,92.18967921896788,89.72570897257089,983253.8994285715,628311.5610333333,1.5649145430516878,0,7108804.645,348.97004650535973,312048.8474901175,0.434487651080575,0.3391324682979635,,,0.3608693438893747,,,,,0.030390358920618348,0.0,1.0,1.0,1.0,1.0,1.0,51568.22,0.016239704478250294,-0.001441057234874088,0.2709148308643269,0.3594,0.45847430824186497
2024-02-25,381.6,391.0,377.6,388.5,643002.671,0,1,0.0178150379879487,0.015420805018295791,0.11063464837049741,0.21141253507951352,0.285572468563865,0.017658210056518128,,,345.715,0.12375800876444479,321.368,0.20889447611461007,,,,,364.25749889187756,345.4445244145672,0,0,1,76.10718460542225,1,0,18.812974477310377,14.676230584873984,4.136743892436392,0,399.0429535663888,292.38704643361115,345.715,0.30850818487128895,0.9011498392370925,13.188255482164143,0.03394660355769406,52.965723379373884,34.842830274825516,5.568071411792882,1,96.684350132626,90.8055225686159,1004301.7618571428,626080.2366000001,1.6041103091052957,0,7751807.316,352.0737877820637,323503.9645003349,0.4116658694637974,0.33186404922091955,,,0.3573067334279665,,,,,0.034491634491634435,-0.0002619858527638614,1.0,1.0,1.0,1.0,1.0,51728.85,0.0031149029382824267,-0.007841163596301826,0.2461972532870067,0.296,0.4066921717757267
2024-02-26,388.5,404.9,382.0,401.6,1196262.204,0,1,0.033719433719433756,0.06950732356857525,0.14220705346985207,0.22513727882855394,0.31413612565445015,0.03316339856981734,,,350.65999999999997,0.14526892146238538,323.35200000000003,0.24199015314579772,,,,,370.0024990623579,349.60418927274736,0,0,1,79.34236405211328,1,0,20.39830978961055,15.820646425821298,4.577663363789252,0,405.51323576311773,295.8067642368822,350.65999999999997,0.3128571023961545,0.964329946003396,13.881951519152418,0.0345666123484871,54.685854854133844,37.88943355622396,4.911983977718411,1,96.17612977983782,95.01671971047723,1056493.8575714286,656443.7211666667,1.6094203105389926,0,8948069.52,356.21316414215966,363841.24859917664,0.4177849549719839,0.3395072556742014,,,0.36991900347021056,,,,,0.05702191235059755,0.0,0.0,1.0,1.0,1.0,1.0,54476.47,0.05311581448263403,0.052182599503657334,0.2798212610930905,0.355,0.4388507156845673
2024-02-27,401.5,403.7,389.6,394.6,915873.073,0,1,-0.017430278884462136,0.033796175006549634,0.1128031584884377,0.2152756390514321,0.2924991811333115,-0.017583974789004454,,,355.025,0.11147102316738271,325.17,0.21351908232616787,,,,,373.7867299758413,352.9372122895809,0,0,1,73.60699261745344,1,0,20.849517686260413,16.82642067790912,4.023097008351293,0,409.24043283876557,300.8095671612344,355.025,0.3054175499684,0.8649791021469332,13.897526410641529,0.03521927625606064,56.283119794982376,35.14361597403034,4.55601634496247,1,87.3619631901841,93.40748103421596,1048382.7882857143,673326.0550333334,1.5570209714130454,0,8032196.447,359.51658193435367,347877.3255140173,0.4712004620434752,0.34711827962035063,,,0.3735038886747415,,,,,0.03573238722757214,-0.0002490039840638016,1.0,1.0,0.0,1.0,1.0,57037.34,0.04700873606531397,0.09143949289325692,0.29880529602615413,0.234,0.2767349267801892
2024-02-28,394.6,427.3,394.1,414.6,1348008.995,0,1,0.05068423720223003,0.06718146718146722,0.09335443037974689,0.24168912848158142,0.33440617959446417,0.04944160641316417,,,359.79499999999996,0.15232285051209737,327.44,0.2661861715123382,,,,,380.0656945949426,357.50482619405636,0,0,1,78.40920791492877,1,0,22.56086840088625,17.973310222504544,4.587558178381705,0,417.4188793703111,302.1711206296888,359.79499999999996,0.32031506480251903,0.9755407011718528,15.276274524167134,0.03684581409591687,58.17218438583167,40.722911725259735,3.848758347258437,1,86.48936170212767,90.00915155738319,997896.1714285713,703499.7047,1.4184741866439212,0,9380205.442,366.11100694874585,416200.13316733704,0.3955951472739844,0.3660925171781534,,,0.39740498244633393,,,,,0.080077182826821,0.0,0.0,1.0,1.0,1.0,1.0,62432.1,0.09458295215029322,0.20410481203346853,0.3824211551809632,0.3729,0.3636810063742601
2024-02-29,414.7,419.7,391.1,399.4,1146024.362,0,1,-0.03666184273999051,-0.005478087649402497,0.04391008886565584,0.12761151891586664,0.2984395318595576,-0.03735077901996454,,,363.565,0.09856559349772387,329.31199999999995,0.21283160042755817,,,,,383.0402031187976,360.608172401904,0,0,1,68.24605265650582,0,0,22.432030716893564,18.86505432138235,3.5669763955112153,0,421.1943885188155,305.9356114811845,363.565,0.31702385278459433,0.8109090771308475,16.227969201012336,0.040630869306490576,59.49844947395766,35.59650988992116,4.6847291196762955,1,66.18181818181814,80.01104769137665,960235.7258571429,728821.3345333333,1.3175186844276245,0,8234181.08,370.4450596036792,374184.7682314951,0.498453592447369,0.3868111053093191,,,0.41419927387167743,,,,,0.07160741111667493,0.00024119633381564372,1.0,0.0,1.0,1.0,1.0,61130.98,-0.020840561185672013,0.19190608718303293,0.3899886939206296,0.4111,0.41416390266814906
2024-03-01,399.3,408.6,398.8,407.4,586580.611,0,1,0.02003004506760142,0.03243791180942712,0.08495339547270309,0.13041065482796887,0.3557404326123128,0.019832082810990623,,,367.78499999999997,0.10771238631265552,331.296,0.22971602434077076,,,,,386.7878641774441,364.07423370546667,0,0,1,70.4192620802782,1,0,22.71363047197741,19.634769551501364,3.078860920476046,0,425.2677488995836,310.30225110041636,367.78499999999997,0.3125888706694597,0.8445816419566442,15.76882854379717,0.03870601017132344,60.729981341503226,34.01633182826379,4.476767546965597,1,75.87878787878783,76.18332258757788,897191.3424285714,733073.7649666667,1.2238759389641605,0,8820761.691,372.4803398978301,385934.0043056063,0.4705623914790251,0.37580314045242114,0.3685526106080485,1.0196729846314492,0.4126897745600496,,,,,0.024054982817869445,-0.00025037556334493217,1.0,1.0,1.0,1.0,1.0,62387.9,0.02056109684484042,0.2294599475998711,0.38574963411769914,0.3917,0.38779218197736554
2024-03-02,407.4,414.8,405.8,410.9,590018.543,0,1,0.00859106529209619,-0.008924264351181987,0.0764998690070735,0.16435250779257582,0.36875416389073945,0.008554372096658595,,,372.29499999999996,0.10369465074739125,333.582,0.23178109130588576,,,,,390.49742353476034,367.5428089865432,0,0,1,71.34330614973206,1,0,22.954614548217137,20.29873855084452,2.6558759973726183,0,428.3595671008924,316.23043289910754,372.29499999999996,0.3011835619650676,0.8442905385368213,15.285340790668801,0.037199661208734004,61.994578766124135,35.48297053152394,4.288487675820377,1,80.12121212121208,74.06060606060602,917967.2084285713,740298.7234333332,1.2399956657648321,0,9410780.234,374.53329610315063,391002.8921320668,0.4696007338262542,0.37435870256403814,0.36821765806986734,1.01667775664633,0.4130773521314525,,,,,0.021903139449987834,0.0,0.0,1.0,1.0,1.0,1.0,61987.28,-0.006421437490282567,0.20204420474470508,0.3898723269742776,0.3907,0.3812263338305469
2024-03-03,410.9,416.8,402.2,414.5,838274.346,0,1,0.008761255779995203,0.037806710065097615,0.06692406692406694,0.18496283590623208,0.3752488387524886,0.008723098685985666,,,376.63,0.100549611024082,335.828,0.2342627773741321,,,,,394.1901276063357,371.02111943198446,0,0,1,72.30172541828418,1,0,23.169008174351234,20.872792475545864,2.2962156988053692,0,431.605558205442,321.654441794558,376.63,0.2919340371475559,0.8444257888067364,15.236387877049603,0.036758474974787944,62.613561365375865,33.05433261765673,5.682650510273966,1,84.48484848484847,80.16161616161612,945863.1620000001,757924.48,1.2479649186156385,0,10249054.58,377.8028451698736,398347.22809118096,0.46695760686735416,0.3738984593280541,0.3680414572816834,1.0159139736312042,0.416556566848189,,,,,0.035223160434258195,0.0,1.0,1.0,1.0,1.0,1.0,63113.97,0.018176148396896963,0.22009226959424,0.3890813301034862,0.3872,0.3781656375128842
2024-03-04,414.5,423.8,410.6,418.4,1045414.001,0,1,0.009408926417370234,0.027000490918016595,0.041832669322709126,0.1899886234357222,0.3960627293960628,0.009364938175363388,,,381.315,0.09725554987346414,338.20599999999996,0.2371158406415026,,,,,397.9147233592071,374.53066614072634,0,0,1,73.34189815104894,1,0,23.384057218480734,21.375045424132843,2.0090117943478916,0,433.55937617682116,329.07062382317883,381.315,0.2740221401036999,0.8549185837197648,15.090931600117488,0.03606819216089266,63.363540127162175,34.30239913125222,5.327607643077425,1,89.21212121212116,84.60606060606058,924313.4187142857,786147.2479666668,1.1757510073398836,0,11294468.581,381.29444220386995,408183.45150227856,0.436626323466252,0.3707371544414813,0.36578535939027174,1.0135374337000904,0.41944855185571417,,,,,0.03154875717017206,0.0,1.0,1.0,1.0,1.0,1.0,68245.71,0.08130909844524137,0.2527557310523241,0.4326496729606213,0.328,0.2855775821356077
2024-03-05,418.5,427.2,356.1,394.1,2073303.79,1,0,-0.05807839388145308,-0.04088586030664387,-0.0012671059300557452,0.11139311900733229,0.2934033475549722,-0.05983322854975506,,,384.325,0.025434202823131555,339.73799999999994,0.16001153830304554,,,,,397.327842842406,375.98024642659846,0,0,1,58.580372987876984,0,0,21.347596415807573,21.36955562246779,-0.02195920666021678,0,431.7848500674094,336.86514993259055,384.325,0.2469776885053506,0.6029817834034046,19.091579342966234,0.048443489832444134,58.96414121651551,25.177581271507545,24.30084562510932,1,56.54450261780108,76.7471574382569,1089660.664,838477.1968666667,1.2995710176400614,1,9221164.791000001,383.5625322122428,287769.2973507491,0.581450019527956,0.4233790122443494,0.3858174752074216,1.09735571727728,0.5227120412368186,,,,,0.18041106318193342,0.00023900573613772167,1.0,1.0,1.0,1.0,1.0,63724.01,-0.0662561793261438,0.11723320196909603,0.4889428271133302,0.4938,0.4309294666425188
2024-03-06,394.1,434.7,385.6,429.4,1804741.112,1,0,0.08957117482872357,0.03594692400482513,0.035697057404727284,0.1323839662447257,0.42563081009296155,0.08578420124372255,,,388.085,0.10645863663888065,342.022,0.2554747940190982,,,,,402.26202086665126,379.9372652098134,0,0,1,68.49908654064158,0,0,22.32475565683785,21.5605956293418,0.7641600274960503,1,437.37589912795295,338.794100872047,388.085,0.25402115066520464,0.91909359264021,21.235037961325787,0.049452813137693966,55.28283662414651,23.542079333233428,20.287359173526244,1,93.25699745547072,79.67120709513098,1154908.1092857143,882346.1582333334,1.3089059191894876,1,11025905.903,388.54276004613524,449422.07901428605,0.7328844059125467,0.4741145921303795,0.41388409294601763,1.1455250400073183,0.5612424139068315,,,,,0.11434559850954813,0.0,1.0,1.0,1.0,1.0,1.0,66074.04,0.03687825044280779,0.05833441450792143,0.49217219789110556,0.4898,0.4793348423346115
2024-03-07,429.4,476.8,423.2,474.6,1672134.41,1,0,0.10526315789473695,0.13432122370936916,0.18828242363545322,0.24046001045478316,0.5678889990089198,0.10008345855698263,,,393.79499999999996,0.20519559669371137,345.32599999999996,0.3743535094374593,,,,,413.3909407333203,386.94931963871613,0,0,1,76.31894136507331,1,0,26.44162109460416,22.536800722394272,3.904820372209887,0,454.67775099255095,332.91224900744896,393.79499999999996,0.30921038099798626,1.163611603308518,23.546820964088234,0.049614034901155145,53.57137741546671,32.48518692856739,16.98875662283001,1,98.17729908864955,82.65959972064046,1230066.6875714285,929391.8945333333,1.3235177698521572,0,12698040.313000001,395.4718946902801,625436.2274353388,0.8532601818637408,0.5380070178309068,0.45427326161477816,1.1843246417772537,0.598112937185805,,,,,0.11293721028234306,0.0,1.0,1.0,1.0,1.0,1.0,66823.17,0.011337735667442228,0.09311465315949441,0.49198154413545325,0.4154,0.46528881717716847
2024-03-08,474.6,489.6,462.5,485.8,1660311.361,1,0,0.02359882005899694,0.23268206039076378,0.19243986254295553,0.29374167776298266,0.5808656036446469,0.023324672566408824,,,400.44,0.21316551793027674,348.78200000000004,0.39284710793561584,,,,,424.53079600511717,394.2715922580705,0,0,1,77.79018550259303,1,0,30.259203747046683,24.081281327324756,6.177922419721927,0,470.80187364729426,330.07812635270574,400.44,0.351422803153003,1.1065785032096178,23.800619466653362,0.04899262961435439,52.36446802168831,33.68458978683503,15.607053976921554,1,97.15355805243445,96.1959515321849,1383456.7947142858,972988.2136,1.4218638780788266,0,14358351.674,402.82505554715,664617.616485486,0.8526900523869139,0.5385492523710992,0.4553702020079965,1.1826624798819005,0.6045442702436452,,,,,0.05578427336352413,0.0,1.0,1.0,1.0,1.0,1.0,68124.19,0.01946959415424332,0.09194555354483813,0.4904238000510217,0.4178,0.4698113395287424
2024-03-09,485.8,493.8,480.7,488.3,852029.241,0,1,0.0051461506792918055,0.13716814159292046,0.18836699926989553,0.27927691904637153,0.5297619047619049,0.005132954499542368,,,407.365,0.1986793170743682,352.254,0.3862156284953471,,,,,434.34144277356063,401.23665949821344,0,0,1,78.11699692185987,1,0,33.10478327534719,25.885981716929244,7.218801558417944,0,483.746487837109,330.98351216289103,407.365,0.3750027019361456,1.0298076948474861,23.036289504749554,0.0471765093277689,51.36499243597892,33.6186437553939,14.973108854765115,1,96.00580973129992,97.11222229079465,1420886.8944285715,970672.6382333334,1.4638167786563425,0,15210380.915000001,407.09841845307415,669002.2873428346,0.8557273645276299,0.5349075787553359,0.4541222938394553,1.177893237156158,0.6018514300295179,,,,,0.026827769813639202,0.0,1.0,1.0,1.0,1.0,1.0,68313.27,0.002775519239201163,0.10205303410635214,0.4912646459709852,0.4186,0.4669904366346457
2024-03-10,488.3,537.5,484.8,528.9,1944137.084,1,0,0.08314560720868314,0.11441213653603022,0.2759951749095295,0.3613899613899614,0.6324074074074073,0.07986940700431962,,,416.23,0.2706916848857602,356.48799999999994,0.48364040304301986,,,,,448.8889131160897,410.69320323908653,0,0,1,82.5959238315074,1,0,38.195709877003196,28.347927348944037,9.84778252805916,0,505.4386637284205,327.0213362715795,416.23,0.4286508119473392,1.131496960558692,25.155125968696012,0.04756121378085841,51.45355228654853,40.996570502877724,12.732489593681809,1,95.25909592061741,96.1394879014506,1578867.2855714285,1010837.9383333334,1.5619390860761124,0,17154517.999,417.95915811758226,830648.7456889332,0.9051433852015099,0.5678090849092375,0.4772023412242125,1.189870702336839,0.6264393193468466,,,,,0.09964076384949894,0.0,1.0,1.0,1.0,1.0,1.0,68955.88,0.009406810711886537,0.09256128239120431,0.4849457631545979,0.3907,0.46944047362742575
2024-03-11,528.9,533.8,505.5,523.0,1608146.397,0,1,-0.011155227831348036,0.0765747221078632,0.25,0.3022908366533863,0.6191950464396285,-0.011217914007011288,,,424.65,0.23160249617331927,360.57599999999996,0.45045704650337254,,,,,460.29061879053745,419.0122252213764,0,0,1,80.03236455670203,1,0,41.27839356916104,30.934020592987437,10.344372976173602,0,520.8789266062411,328.42107339375883,424.65,0.45321524364178084,1.0110209760649111,25.379759828074867,0.04852726544564984,51.535786433506026,37.73130560256015,11.718381563328645,1,92.00661521499448,94.42384028897061,1659257.6278571428,1053726.9161,1.5746562059914935,0,15546371.602000002,427.2567538659344,812709.5062442367,0.9373065131239181,0.5707062679708154,0.47901726473339473,1.1914106442248,0.6325999794618715,,,,,0.05411089866156779,0.0,1.0,1.0,1.0,1.0,1.0,72078.1,0.04527851721999632,0.05615576422312851,0.4937726494544403,0.3548,0.4207517410384829
2024-03-12,523.0,548.5,519.0,537.5,1924767.687,0,1,0.027724665391969383,0.10075773090313334,0.3638670388226337,0.3621388748099341,0.6760212036170876,0.027347295936894937,,,432.56499999999994,0.24258781917168534,365.20799999999997,0.47176403583711213,,,,,472.16898513045476,427.78909742720043,0,0,1,81.54811002628169,1,0,44.379887703254326,33.623194015040816,10.75669368821351,0,538.5952891183748,326.534710881625,432.56499999999994,0.49023979803439904,0.9948350177695356,25.674062697498094,0.047765698041856916,51.891956426464226,38.72432136361365,10.756620882933921,1,94.28274428274428,93.84948513945206,1638038.1845714287,1108542.2355,1.4776506768211708,0,17471139.289,439.5949768638836,866073.0463235866,0.6932140126547766,0.5672617500428079,0.4702238335147235,1.2063653724286307,0.6393519941883132,,,,,0.05488372093023256,0.0,1.0,1.0,0.0,1.0,1.0,71452.01,-0.008686272251904659,0.12127297073740317,0.4982054301094793,0.3451,0.40302812067058824
2024-03-13,537.4,633.5,531.7,630.5,2526002.564,1,0,0.1730232558139535,0.19209680468897727,0.46832789939450414,0.5207428847081523,0.9234289200732153,0.1595843954031564,,,444.9599999999999,0.4169813016900398,371.842,0.6956126526858183,,,,,496.52760280269246,442.8047198400004,0,0,1,87.89502965991676,1,0,53.72288296269204,37.64313180457106,16.079751158120978,0,580.3040434790647,309.61595652093513,444.9599999999999,0.6083425183345237,1.1854383659252048,31.1116296476768,0.04934437691939223,53.27794707610567,49.188630821431,8.242577057330863,1,98.9185291997116,95.06929623248345,1741075.534857143,1173517.8489,1.4836378811699749,1,19997141.853,458.3155114567961,1303130.234141261,0.9662244221239422,0.7015962982074728,0.5612960902933917,1.2499575720200469,0.7026981452841137,,,,,0.16145915939730365,-0.00018604651162794928,0.0,0.0,0.0,0.0,0.0,73072.41,0.02267815838910625,0.10591708937428401,0.49543541121925705,0.3075,0.4563505679758575
2024-03-14,630.5,631.5,565.5,603.2,2119540.3,1,0,-0.043298969072164906,0.15334608030592745,0.27096502317741256,0.5102653980971459,0.857714813674161,-0.04426433871122789,,,456.34499999999997,0.3218069662207323,378.04400000000004,0.5955814667075789,,,,,512.9387408330474,454.6858517037041,0,0,1,79.27474909782279,1,0,58.252889129343316,41.76508326952552,16.487805859817797,0,604.763603955164,307.926396044836,456.34499999999997,0.6504666598961925,0.9947324529624458,33.603656101414174,0.055708978947967794,54.564938393629866,42.28791564666204,7.086218857705115,1,89.07714491708725,94.09280613318104,1804990.662,1229450.9979,1.4681273715528862,0,17877601.553,472.579899447823,1211356.324244354,1.0656136296079388,0.7220119586841328,0.5715630233157564,1.2632237027783757,0.726262382438261,,,,,0.10941644562334217,0.0,0.0,0.0,0.0,0.0,0.0,71388.94,-0.02303838069662678,0.06832615094435068,0.5040847892308207,0.3359,0.5028412495112637
2024-03-15,603.2,635.2,540.9,632.7,3066312.788,0,1,0.048905835543766596,0.17711627906976757,0.30238781391519143,0.5530191458026512,0.8948787061994612,0.0477475594590923,,,468.8950000000001,0.3493426033546954,384.856,0.6439915189057727,,,,,531.3635499356554,467.87208491083715,0,0,1,81.39782210831859,1,0,63.4914650248183,46.11035962058408,17.38110540423422,0,632.4171211495955,305.37287885040473,468.8950000000001,0.6974786301820037,1.0008649559106007,37.93910923702745,0.05996382051055389,54.507383553931064,34.780113717134725,10.45961224243528,1,99.10426370476532,95.69997927385474,2005848.0087142854,1316579.1915,1.5235300858955476,1,20943914.341,487.51021373768026,1361316.9131800304,1.0651686630026522,0.7260221835420623,0.5682632730541369,1.2776158832860136,0.7760090668180395,,,,,0.14904378062272808,0.0,0.0,0.0,0.0,0.0,0.0,69499.85,-0.026461942143979122,0.020193414409771293,0.5083575638839957,0.3044,0.4541137484765109
2024-03-16,632.7,645.2,567.2,576.4,1811838.042,1,0,-0.08898372056266801,-0.08580491673275181,0.1804218718001227,0.4027743976636651,0.6273291925465838,-0.09319451202747167,,,478.2900000000001,0.2051265968345562,390.34,0.4766613721371113,,,,,538.2922345609393,475.9111897322566,0,0,1,67.24087657477105,0,0,62.38104482868266,49.3644966622038,13.016548166478863,0,643.940995199323,312.6390048006772,478.2900000000001,0.6926801530423922,0.7961346531059083,40.800601434382635,0.07078522108671519,54.595619142137664,31.781472923827533,9.031324902424167,1,76.20200622621928,88.1278049493573,2142963.5517142857,1331587.4461333335,1.6093299451996397,0,19132076.299,496.0528659426392,1200092.8231458908,1.323625216796486,0.7886441780555001,0.606385229472981,1.3005662732598604,0.7905782082614365,,,,,0.13532269257460097,0.0,0.0,0.0,0.0,1.0,1.0,65300.63,-0.06042056205876711,-0.04410036293095043,0.5478665732663645,0.4169,0.6201597354571973
2024-03-17,576.4,590.5,548.6,571.7,1712920.341,1,0,-0.008154059680777093,-0.05222148541114058,0.08092266969181328,0.379252110977081,0.5862930077691457,-0.008187485855441275,,,486.79499999999996,0.17441633541840013,395.662,0.44492015912571864,,,,,543.4318907823332,483.00665715949685,0,0,1,66.20567214509256,0,0,60.425233622836345,51.57664405433031,8.848589568506036,0,653.3315896258546,320.25841037414534,486.79499999999996,0.6842165167097223,0.754913950714224,40.879129903355306,0.07150451268734528,53.797339834012554,29.45467662274503,11.620119670406082,1,74.57627118644068,83.2941803724751,2109932.5884285714,1353289.5913,1.5591138821970272,0,17419155.957999997,503.945377691259,1186125.5684569597,1.2710727413957534,0.7917962019613498,0.6046618665165275,1.3094859223104443,0.7962503026372889,,,,,0.07329018716109843,0.0,0.0,0.0,0.0,1.0,1.0,68393.48,0.04736324902225286,-0.008155939711015359,0.5592882719825288,0.3882,0.5681342991716977
2024-03-18,571.7,587.7,540.1,555.4,2284301.814,0,1,-0.028511457057897593,-0.12217480638533285,0.061950286806883303,0.3274378585086042,0.5738169453102862,-0.028925803397226526,,,494.83500000000004,0.12239433346469013,400.664,0.3861989098097159,,,,,545.273138354282,488.3691269995341,0,0,1,62.60584171370302,0,0,56.904011354747865,52.642117514413826,4.261893840334039,0,658.1251618205096,331.5448381794905,494.83500000000004,0.659978222318589,0.6854520790620984,41.35919205311564,0.07446739656664682,52.67211803095074,27.033306776140662,12.132844358249871,1,68.93808370805948,73.23878704023981,2206526.2194285714,1408424.1010999999,1.5666632072720441,0,15134854.143999998,510.97828922620215,1120996.7953798212,1.2884626157368757,0.7952743882512986,0.6099517302667161,1.3038316784568276,0.8061520343116674,,,,,0.08570399711919342,0.0,0.0,0.0,1.0,1.0,1.0,67609.99,-0.011455624132592601,-0.06198984157462528,0.559977175782634,0.3908,0.5735421177757105
2024-03-19,555.4,560.6,495.8,507.7,2551361.512,1,0,-0.08588404753330936,-0.11918806384455238,-0.055441860465116344,0.288251712763258,0.45140080045740416,-0.08979785291935057,,,499.48999999999995,0.016436765500810902,404.60400000000004,0.25480716947929316,,,,,539.4926555305462,489.8010435180871,0,0,1,53.44726856688208,0,0,49.69161201245913,52.052016414022894,-2.3604044015637626,0,658.3987377942703,340.58126220572956,499.48999999999995,0.6362839608171151,0.5258324372654354,43.033535477893096,0.0847617401573628,49.9135067483722,24.125676948046948,18.18093759052396,1,47.033898305084726,63.51608439986163,2296039.623,1476947.2303666666,1.5545847378920816,0,12583492.631999997,515.7073498585154,901875.5420085571,1.4034086451940107,0.8492524007056782,0.6430287328737107,1.3207067698364723,0.8328451424537179,,,,,0.12763442978136696,0.0,1.0,1.0,1.0,1.0,1.0,61937.4,-0.08390165417862072,-0.13316084460045274,0.6221219081994298,0.4814,0.6741873350306503
2024-03-20,507.7,559.0,500.0,556.8,1425296.579,1,0,0.09671065589915306,-0.026062620255378866,-0.11689135606661383,0.2966930600838378,0.5836177474402728,0.09231538706686127,,,507.36,0.09744560075685892,409.588,0.3594148266062481,,,,,542.1553239104622,494.763929183414,0,0,1,59.943143060381075,0,0,47.39139472704824,51.11989207662797,-3.728497349579733,0,660.8969854293636,353.8230145706365,507.36,0.6052388261958512,0.6610035518860222,44.173997229472164,0.07933548352994282,47.35193912883498,21.82404019143955,16.44644059306986,1,60.18018018018015,58.717387397774786,2138795.910857143,1496759.8652000001,1.4289506022873968,0,14008789.210999997,520.4389605095986,1039716.9090144662,1.0884256343991268,0.8797946135296265,0.6658556921165949,1.3212992303677262,0.8544970464433578,,,,,0.10596264367816093,0.0,0.0,1.0,1.0,1.0,1.0,67840.51,0.09530768162693293,-0.07159884284643148,0.6715422239368304,0.5294,0.7120212050850363
2024-03-21,556.7,571.0,540.6,553.8,953921.372,1,0,-0.0053879310344827624,-0.0028808066258553255,-0.08189655172413812,0.1668773704171933,0.5617597292724195,-0.005402498283348421,,,514.6800000000001,0.07600839356493333,414.654,0.3355713438191841,,,,,543.9468125396219,499.1369714661241,0,0,1,59.397778259412036,0,0,44.80984107349775,49.85788187600193,-5.0480408025041825,0,661.9839478514792,367.3760521485209,514.6800000000001,0.5724098385462002,0.6327866651593176,43.190140284509866,0.07798869679398676,45.2911953807158,22.711394134865703,15.619578935134873,1,49.97263273125339,52.395570405506085,1972278.9211428573,1496135.559,1.3182488105964851,0,13054867.838999998,523.3651096026642,1034577.246449811,1.073551319609439,0.8816520934601308,0.6664715814828734,1.3228652473050526,0.8557899159595997,,,,,0.05489346334416753,-0.00017959770114926195,1.0,1.0,1.0,1.0,1.0,65501.27,-0.034481462477213065,-0.0824731393966629,0.683762532358712,0.5324,0.7047691395270725
2024-03-22,553.8,588.1,535.5,553.8,1181298.51,0,1,0.0,0.09080165452038602,-0.12470365101944059,0.13997529847673928,0.46044303797468356,0.0,,,521.825,0.06127533176831295,419.726,0.3194322010073237,,,,,545.4626875335263,503.1860846908557,0,0,1,59.397778259412036,0,0,42.27660284267057,48.34162606933566,-6.06502322666509,0,661.6043129035523,382.04568709644775,521.825,0.5357325268185782,0.614376724766356,43.862273121330595,0.07920237111110617,43.806132404696584,23.550678154448075,14.28164122120499,1,44.437689969604826,51.53016762701279,1702991.167142857,1478798.3322333333,1.1516047388090707,0,13054867.838999998,526.4700072402379,1034577.246449811,0.9970571810913055,0.8684679643240542,0.6586327376759324,1.318592160159775,0.8605947145389571,,,,,0.0949801372336584,0.0,1.0,1.0,1.0,1.0,1.0,63796.64,-0.026024380901316868,-0.0820607526491065,0.6895339969964523,0.5552,0.7183775226216811
2024-03-23,553.8,567.7,543.4,551.9,608753.329,0,1,-0.003430841459010403,-0.008800287356321768,-0.042505204718945144,0.13024779848453805,0.4424986931521169,-0.0034367402914058055,,,528.6949999999999,0.04389109032618058,424.736,0.29939538913583963,,,,,546.4530432975992,506.79452286190343,0,0,1,59.00347813028465,0,0,39.65852043569572,46.60500494260768,-6.946484506911958,0,659.4809879022927,397.9090120977072,528.6949999999999,0.49475023558873354,0.5887136319883747,42.46496789837841,0.07694322866167497,42.427145355535885,22.588067076800336,13.69789301844141,1,41.83291770573563,45.414413468864616,1531121.9224285712,1452101.8605,1.0544177127500975,0,12446114.509999998,529.7323970803662,1032488.7102903672,0.8514471560584921,0.8696638053639377,0.6555679514706161,1.326580720447128,0.8617135560819388,,,,,0.04402971552817552,0.0,1.0,1.0,1.0,0.0,1.0,63990.01,0.003031037371247214,-0.02007055674654279,0.687442510449804,0.556,0.7226282866833841
2024-03-24,551.9,573.0,548.7,567.7,442930.35,0,1,0.028628374705562676,0.02509931383170838,-0.006996676578625127,0.07335980336547565,0.5118508655126499,0.028226239731225015,,,536.1600000000001,0.05882572366457766,430.096,0.3199378743350323,,,,,549.7218058671992,511.3060396869476,0,0,1,61.30392298330972,0,0,38.41576618025164,44.967157190136476,-6.5513910098848385,0,657.1128033225301,415.20719667747005,536.1600000000001,0.45118174918878695,0.6303814344670297,41.16747019135138,0.0725162413094088,41.28566508501143,22.555291493349113,13.12035865731155,1,48.12583668005356,44.798814785131334,1349694.7808571428,1432603.1623333332,0.9421274616334404,0,12889044.859999998,533.5898912029039,1045169.0863186333,0.8755757312425001,0.8657852487610918,0.6536657175318592,1.3245076581806419,0.8615299656548633,,,,,0.04280429804474186,0.0,1.0,1.0,1.0,0.0,1.0,67209.99,0.05032004214407837,-0.01730413483858384,0.6955111833878089,0.5511,0.7044704531522774
2024-03-25,567.8,598.0,564.4,587.0,802695.512,0,1,0.033996829311255805,0.05994944023113047,0.05689593086064093,0.12237093690248568,0.5378569557243909,0.03343170965141577,,,545.8050000000001,0.07547567354641298,435.742,0.34712742861601587,,,,,555.4569126568608,516.9129997101367,0,0,1,63.963954862348764,0,0,38.54391294672416,43.68250834145402,-5.138595394729855,0,648.4373530605069,443.1726469394933,545.8050000000001,0.37607699841704195,0.7006920759953416,40.62693660625485,0.06921113561542565,40.83400395464679,25.618252656121903,12.345285186162862,1,61.04417670682728,50.33431036420549,1138036.7377142857,1444540.0967,0.7878194176223212,0,13691740.371999998,543.6756246455727,1072458.1886290084,0.8719845691741486,0.8676391873616447,0.6545516664231064,1.325547289647869,0.8657389683053975,,,,,0.05724020442930157,0.0001761493746695597,0.0,1.0,0.0,0.0,0.0,69880.01,0.039726534701165495,0.033575215733651076,0.7005575310929857,0.5534,0.7037021108694741
2024-03-26,587.1,597.0,571.9,580.4,569324.079,0,1,-0.011243611584327073,0.051639789816995796,0.1431948000787866,0.07981395348837195,0.4939510939510938,-0.011307298818063654,,,553.355,0.048874592259941556,441.32599999999996,0.3151275927545624,,,,,559.2943107096514,521.6157404723488,0,0,1,62.38463942016462,0,0,37.678570237302665,42.481720720623755,-4.80315048332109,0,641.0629957946563,465.6470042053437,553.355,0.31700443944540596,0.6541763653072078,39.51786970580808,0.0680873013539078,40.4146043335939,24.455997008133448,11.78520102951695,1,56.62650602409635,55.265506470325725,854888.533,1442084.1436333333,0.5928145987696023,0,13122416.292999998,551.6157161890185,1066056.9298191275,0.5813505327928727,0.8707342662320284,0.6545256151476939,1.330328784818524,0.86683867554094,,,,,0.043246037215713344,0.00017035775127772186,1.0,1.0,0.0,0.0,1.0,69988.0,0.0015453632591067024,0.1299796245886975,0.700728030900037,0.555,0.7082015977956153
2024-03-27,580.4,585.6,560.3,574.3,531668.402,0,1,-0.010509993108201332,0.011625858728201433,0.03142959770114939,-0.08913560666137998,0.43002988047808755,-0.010565613139782038,,,558.34,0.028584733316616973,446.75800000000004,0.2854834160776078,,,,,561.602878292782,525.5182782151378,0,0,1,60.88827347412876,0,0,36.084600077644154,41.202296592027835,-5.117696514383681,0,638.18145869356,478.4985413064401,558.34,0.28599584014600404,0.5999480737273107,38.50230758396466,0.0670421514608474,39.459763680592616,23.3081312546023,13.384055873798982,1,52.543507362784425,56.73806336456935,727227.3648571429,1419931.0169,0.5121568274808371,0,12590747.890999997,557.1029317761997,1060469.098578259,0.2940056508068129,0.8713245623968363,0.6559981230221763,1.328242462619639,0.8643203176653786,,,,,0.04405363050670393,0.0,1.0,1.0,0.0,1.0,1.0,69469.99,-0.007401411670572067,0.024019276977723436,0.6910529798875015,0.5563,0.7207456994168471
2024-03-28,574.2,591.7,574.1,583.4,503901.624,0,1,0.01584537698067212,-0.006132879045996686,0.05344889851932111,-0.03282493368700279,0.4784591991890521,0.01572114956337021,,,563.22,0.03582969354781426,452.28,0.28990890598744146,,,,,564.9562816323539,529.8058131621646,0,0,1,62.33952336376755,0,0,35.15046847018937,39.991930967660146,-4.841462497470779,0,636.0128452238894,490.4271547761106,563.22,0.25848814042075696,0.6386125239227306,37.00928561368147,0.06343723965320787,38.74064019169569,23.69370416190754,12.929422125474824,1,58.6345381526104,55.934850513163724,662938.8294285714,1406198.6352666665,0.47144038744060796,0,13094649.514999997,561.9382380671251,1068453.609771712,0.2916718210194055,0.8668591022400408,0.6556408446457651,1.3221554290266868,0.8637030005881207,,,,,0.030167980802194076,-0.00017412502176546938,1.0,0.0,1.0,1.0,1.0,70780.6,0.018865844086057848,0.08059889525806163,0.6823776544403798,0.584,0.7621042011364705
2024-03-29,583.4,620.0,582.1,612.5,1042401.169,0,1,0.04988001371271866,0.055306685044796744,0.10599494402311316,-0.03192666350561091,0.47732754462132165,0.04867588498526112,,,569.4300000000001,0.07563704054932113,458.14599999999996,0.3369100679695993,,,,,572.270699842761,535.9313084834857,0,0,1,66.60661471454101,0,0,36.33939135927528,39.26142304598318,-2.9220316867078964,0,636.2581724393133,502.6018275606869,569.4300000000001,0.23471953511164914,0.8222443351949499,37.07290806984708,0.060527196848729925,38.77081884585984,27.416115549266024,11.985288131777352,1,78.11244979919675,63.096831771530525,643096.3521428572,1396011.707733333,0.46066687591541444,0,14137050.683999997,565.5884052555182,1120448.594375586,0.37410484952807754,0.8665824356380938,0.6600996082719797,1.3128055596134172,0.859195864165493,,,,,0.06187755102040813,0.0,0.0,0.0,0.0,0.0,0.0,69850.54,-0.01314004119772949,0.09489371227074028,0.6334190531793388,0.5696,0.8005668701788997
2024-03-30,612.5,612.9,596.9,600.7,501020.148,0,1,-0.019265306122448922,0.045969005746125946,0.0884218155462948,0.04215822345593345,0.5040060090135206,-0.019453300562766247,,,573.02,0.048305469268088486,463.68,0.2955055210489994,,,,,576.6444383284901,540.7289893365609,0,0,1,63.46637002842826,0,0,35.915448991929225,38.59222823517239,-2.6767792432431676,0,638.3787540949315,507.6612459050684,573.02,0.2281203242292819,0.7117543425001318,35.567700350572295,0.05921042175890177,38.798841881869414,26.535184165565493,11.600178270425792,1,84.4605475040258,73.73584515194432,627705.8977142858,1374511.5672666666,0.45667560220139325,0,13636030.535999997,569.6116147401206,1110796.2878508512,0.41614469784233427,0.8590645899461377,0.6616818427102007,1.2983046148394697,0.8516140049289498,,,,,0.026635591809555517,0.0,0.0,0.0,0.0,0.0,0.0,69582.18,-0.0038419173280550556,0.08739129748534169,0.6294090485683612,0.5619,0.7882940632045057
2024-03-31,600.7,608.8,600.4,606.7,325136.967,0,1,0.009988346928583303,0.03993829276654104,0.06869825612119085,0.061220920062970086,0.4891998036327936,0.009938793092136397,,,577.205,0.0510996959485798,469.35400000000004,0.29262773940352055,,,,,581.2683708933378,545.615730867186,0,0,1,64.38580947516385,0,0,35.652640026151744,38.00431059336826,-2.351670567216516,0,639.7357494883803,514.6742505116198,577.205,0.21666738676338648,0.735843966698983,33.62715032553142,0.05542632326608112,38.82486327244973,26.06172416835451,11.393199478144039,1,89.29146537842193,83.9548208938815,610878.2715714286,1365796.7791333334,0.44726878910862683,0,13961167.502999997,572.9648645995538,1114043.8686765546,0.40056207745431216,0.8589198801532331,0.657772239089769,1.305801353583748,0.8509087480941943,,,,,0.013845393110268629,0.0,0.0,0.0,0.0,1.0,0.0,71280.01,0.024400356528065048,0.06055677139663307,0.6303271376273067,0.5584,0.7821952856377659
2024-04-01,606.7,607.7,568.7,575.8,723114.09,0,1,-0.050931267512774214,-0.059918367346938894,-0.019080068143100593,0.03673028447965421,0.4013141883669993,-0.05227405677017686,,,579.12,-0.005732836027075649,474.45599999999996,0.21360041816311734,,,,,580.4270830635935,547.8516026548018,0,0,1,56.49961141737233,0,0,32.57548040879169,36.91854455645295,-4.343064147661259,0,638.8123551483565,519.4276448516435,579.12,0.20614848441896827,0.47219074375815223,34.010925302279176,0.05906725477992216,37.23670158369537,23.92710075893891,17.11754749725735,1,64.41223832528176,79.38808373590983,599509.4970000001,1370233.2973666668,0.43752366706614537,0,13238053.412999997,576.122559535174,1077214.7515165084,0.5025292738619266,0.8796671145554511,0.6702784999540754,1.3123904684630674,0.8578558530786974,,,,,0.06773185133726989,0.0,1.0,1.0,1.0,1.0,0.0,69649.8,-0.022870507453632394,-0.003294361291590997,0.6347523868449316,0.5684,0.8088786220208916
2024-04-02,575.8,578.2,546.3,551.4,998260.814,0,1,-0.04237582493921499,-0.08207091726319304,-0.04996554100620265,0.08607445341737252,0.3302774427020505,-0.043299879588379116,,,575.1650000000001,-0.04131857814714055,478.92800000000005,0.1513212842013829,,,,,575.9613779768868,548.1144469025943,0,0,1,51.16985082932945,0,0,27.846931074292456,35.10422186002085,-7.257290785728394,0,630.8724038356204,519.4575961643798,575.1650000000001,0.1937092967604785,0.2866980117209812,33.86014492354496,0.061407589632834526,34.84698615514707,22.316959742680076,20.690965319855017,1,42.83333333333332,65.51234567901234,660786.1734285716,1375566.1796333333,0.4803739603460654,0,12239792.598999998,573.0528175134485,1034912.6260187662,0.5589040356270695,0.8937728146874068,0.6792931237846337,1.3157395289206146,0.8612911409808393,,,,,0.05785273848385943,0.0,1.0,1.0,1.0,1.0,0.0,65463.99,-0.0600979471584987,-0.06463979539349607,0.6602979417766417,0.5882,0.8171870259529727
2024-04-03,551.4,567.9,539.0,561.5,683925.233,0,1,0.018317011244106007,-0.07450140102192193,-0.022288002786000294,0.008441091954022983,0.342017208413002,0.0181512755888016,,,573.08,-0.020206602917568296,483.664,0.1609299017499752,,,,,573.7365505958272,549.105969354254,0,0,1,53.1403554643945,0,0,24.63058124157328,33.009493736331336,-8.378912494758055,0,627.4753790607026,518.6846209392975,573.08,0.18983520297585874,0.39355713481583304,33.50584885757746,0.059672037146175354,32.363098741720606,20.942018269657662,20.972432387243348,1,30.76923076923077,46.00493414261529,682537.1492857143,1363516.5540333332,0.5005712231851852,0,12923717.831999999,570.0234405402241,1047440.092201755,0.5781333821807655,0.8941228805124427,0.6786913908339567,1.317421868890616,0.8643227502785188,,,,,0.05146927871772035,0.0,1.0,1.0,1.0,0.0,0.0,65963.28,0.007626941162614864,-0.05047805534447325,0.6165286372527549,0.6329,0.9418538510052507
2024-04-04,561.6,597.6,560.8,585.5,879640.68,0,1,0.042742653606411496,0.016846127127474908,0.003599588618443672,0.05724088118454329,0.48566353717330624,0.04185440885927425,,,570.72,0.025897112419400008,488.6960000000001,0.19808633588161126,,,,,575.5463120426231,551.8018234761611,0,0,1,57.52649150933859,0,0,23.744488566461996,31.156492702357472,-7.412004135895476,0,617.8321662686608,523.6078337313393,570.72,0.1650973025955311,0.6568596943273196,33.741145367750505,0.05762791693894194,31.046395313952072,25.597914344032322,19.338595243900713,1,59.171597633136095,44.25805391190007,736214.1572857143,1323727.7837,0.5561673376892454,0,13803358.511999998,565.5920590617009,1085038.2690851032,0.6327747181521468,0.873638683226755,0.681635614624613,1.2816799247027035,0.8117221740427076,,,,,0.06285226302305734,0.00017809439002675466,0.0,0.0,1.0,0.0,0.0,68487.79,0.03827144435510177,-0.032393198136212664,0.5935104694222215,0.6115,0.9246468577701913
2024-04-05,585.4,591.5,564.4,577.8,634206.619,0,1,-0.013151152860802817,0.04787812840043526,-0.056653061224489876,0.04333694474539551,0.3455985095482068,-0.013238395005637246,,,570.79,0.012281224268119608,493.168,0.1716088635110144,,,,,575.8930332668349,553.7276143297787,0,0,1,55.72433634794034,0,0,22.165418937056188,29.358277949297218,-7.19285901224103,0,617.9418443017051,523.6381556982948,570.79,0.16521608402987153,0.5743343139999562,33.266777841482615,0.05757490107560162,29.823742131024147,24.108432894511033,18.213328611296877,1,47.90123456790118,45.94735432342268,677900.6501428571,1284709.9672666667,0.5276682421832145,0,13169151.893,563.1240156621377,1076697.7208933013,0.5365831944104154,0.8489341630373136,0.681881265555026,1.2449882493051232,0.7886915577972384,,,,,0.046902042229145076,-0.00017079419299747693,1.0,1.0,1.0,0.0,0.0,67820.62,-0.009741444423889245,-0.029060906329428482,0.5857720497849026,0.598,0.8902525879684824
2024-04-06,577.8,591.3,575.1,585.4,226975.996,0,1,0.01315334025614412,0.04256455921638458,-0.02547028466788759,0.060699402065591546,0.2334597555836493,0.013067586225650725,0.23333333333333334,,571.475,0.024366770199921176,497.66799999999995,0.1762861988313495,,,,,577.3556435334757,556.0737169720172,0,0,1,57.15116194657758,0,0,21.281926561458476,27.74300767172947,-6.461081110270992,0,619.0783999228012,523.8716000771989,571.475,0.16659836361276045,0.6462605614576086,32.04772228137671,0.05474499877242348,28.68842131830536,23.237952906078213,17.555702371206646,1,57.28395061728393,54.78559427277374,638751.4855714286,1236538.0201333335,0.5165643717955014,0,13396127.888999999,562.7036731927433,1079683.2133986666,0.5437036344020227,0.8049233671822134,0.6817844845015449,1.1806126209673071,0.7624219931909519,,,,,0.027673385719166266,0.0,0.0,1.0,0.0,0.0,0.0,68896.0,0.01585623959202964,-0.00986143291285202,0.5865754311068292,0.615,0.8655512885248988
2024-04-07,585.5,591.1,578.0,583.9,263849.216,0,1,-0.0025623505295524485,-0.00273270708795903,-0.03758035272787219,0.028536198696494486,0.20193495265541372,-0.002565638968293556,0.16666666666666666,,572.8999999999999,0.019200558561703815,502.288,0.16248048928104986,,,,,578.3624676052486,558.1349231222381,0,0,1,56.76235984340848,0,0,20.227544483010547,26.23991503398569,-6.012370550975142,0,620.1824881347221,525.6175118652776,572.8999999999999,0.16506366952250748,0.6163221356779888,30.69431354699266,0.05256775740193982,27.6341948493522,22.529545321993186,17.02051784983475,1,55.43209876543207,53.539094650205726,629996.0925714286,1189989.2819666667,0.5294132494456162,0,13132278.672999999,563.299671631557,1079007.139220327,0.535660140773067,0.8038558213123677,0.6822914502050572,1.178170737843447,0.756958119671917,,,,,0.022435348518581987,0.00017082336863686836,1.0,1.0,0.0,0.0,0.0,69360.39,0.006740449372967916,-0.026930692069206952,0.5843766083891304,0.6118,0.8634645827255418
2024-04-08,583.8,601.1,577.7,586.4,483568.312,0,1,0.004281555060798192,0.014884042921426088,0.01840916985064256,-0.0010221465076661884,0.20090108539832063,0.004272415282949922,0.3888888888888889,,576.835,0.016581864831364153,507.02,0.1565618713265749,,,,,579.599011050595,560.2286325205908,0,0,1,57.283948425911255,0,0,19.370378530004132,24.86600773318938,-5.495629203185249,0,613.0820630389138,540.5879369610863,576.835,0.12567567168744537,0.6319417243506217,30.173291150778898,0.051455134977453784,27.021620613549867,23.648814860981656,16.07767804848317,1,58.5185185185185,57.0781893004115,595775.2671428572,1177707.251,0.5058772174808128,0,13615846.985,571.943187651825,1081077.5635738121,0.42395415652637575,0.8038689753893966,0.6800256967096735,1.1821155866299506,0.7586646124624117,,,,,0.03990450204638468,-0.0001712622024319622,1.0,0.0,0.0,0.0,1.0,71620.0,0.03257781566683815,0.028287231262688506,0.5913920723476697,0.6028,0.8407708108005177
2024-04-09,586.3,590.3,571.2,580.5,596275.792,0,1,-0.010061391541609788,-0.008370345063204554,0.0527747551686617,0.00017229496898685248,0.09756097560975618,-0.010112349434495512,0.5333333333333333,,578.0200000000001,0.004290508978927899,511.598,0.13467996356514292,412.764,0.4063726487775096,,,579.7376247351189,561.7302152968434,0,0,1,55.57990529811335,0,0,18.00740943827543,23.494288074206594,-5.486878635931163,0,613.0379863558812,543.002013644119,578.0200000000001,0.12116531039023262,0.535410374183086,29.382341782866114,0.050615575853343864,26.112275663769413,22.55074920940589,16.911308843780233,1,51.23456790123457,55.061728395061714,538348.8354285714,1132778.5412666665,0.4752463220450776,0,13019571.193,576.0137556357317,1075078.1993637166,0.3023471896000425,0.7738600470192207,0.6812074511765642,1.136012305330233,0.7393157818778102,,,,,0.03290267011197228,-0.00017053206002732392,1.0,0.0,0.0,0.0,1.0,69146.0,-0.034543423624685876,0.05624481489747257,0.6004181547425465,0.6161,0.8147873222933177
2024-04-10,580.4,610.6,573.4,609.7,816050.7,0,1,0.05030146425495263,0.044185648227436314,0.08584149599287638,0.06164025770503234,0.16577437858508604,0.04907723177582424,0.7222222222222222,,580.8149999999999,0.04973184232500901,516.7,0.1799883878459454,415.726,0.4665909757869367,,,584.347220929716,565.2835326822625,0,0,1,61.658851237549385,0,0,19.063688247453456,22.608168108855967,-3.544479861402511,0,616.6082822276918,545.0217177723081,580.8149999999999,0.12325192093073307,0.9034975029148474,29.940745941232827,0.04910734121901398,25.994515997840853,25.392343002092286,15.410485731778058,1,87.283950617284,65.67901234567903,557223.9021428572,1106375.3513666666,0.5036481529117023,0,13835621.893,578.961751997078,1116126.7444799957,0.3923159146047569,0.7838309011589758,0.6853942443612177,1.1436204893863682,0.7413289428380785,,,,,0.061013613252419295,-0.00017226528854439747,0.0,0.0,0.0,0.0,0.0,70631.08,0.02147745350417951,0.07076361272514053,0.5889439576879412,0.6516,0.8891308465030866
2024-04-11,609.7,618.4,592.0,604.6,579678.194,0,1,-0.0083647695587995,0.031036834924965895,0.032621690862510766,0.03633870414809737,0.12483720930232556,-0.00839995056841283,0.4222222222222222,,583.355,0.03641864730738573,521.2080000000001,0.15999754416662815,418.65,0.4441657709303716,,,587.4630330943751,568.1958635946876,0,0,1,60.11153658305101,0,0,19.267169499687498,21.939968387022272,-2.6727988873347748,0,618.2756303072017,548.4343696927983,583.355,0.11972342846877695,0.8041898129143826,29.68783551685905,0.04910326747743805,26.137750679888804,25.6561406697611,14.431641279554265,1,80.98765432098767,73.16872427983542,514372.11842857144,1061539.0349333333,0.4845531831628547,0,13255943.699,582.1154322026151,1111277.8699689247,0.3432368609037193,0.7818641359492894,0.685537605975781,1.1405123936802841,0.7389696081164392,,,,,0.04366523321204098,0.0,0.0,0.0,0.0,0.0,1.0,70006.23,-0.008846672031632585,0.022170959232295395,0.5889646729722419,0.6587,0.8969659353453772
2024-04-12,604.6,634.5,571.0,595.6,1517722.658,0,1,-0.014885874958650347,0.02601205857019817,0.030806507442021624,-0.027591836734693787,-0.055352894528152174,-0.014997781535503758,0.4,,585.5400000000001,0.017180722068517854,525.468,0.1334657866891991,421.44800000000004,0.4132229836183823,,,588.7148741567789,570.2257996247107,0,0,1,57.375230538158064,0,0,18.48907453206823,21.249789616031467,-2.7607150839632375,0,617.5183742715645,553.5616257284356,585.5400000000001,0.10922695041009822,0.6572937997812074,32.10299012279769,0.053900252053051864,25.17808083034912,22.031278209690996,17.06510931971619,1,59.267015706806305,75.84620688169265,640588.6954285715,1027929.7047333333,0.6231833679665418,0,11738221.041,585.5151867410933,1088685.2402600262,0.34721347231798216,0.628517582392008,0.6871013370577095,0.9147378246758074,0.697702558557927,,,,,0.10661517797179315,0.0,0.0,0.0,0.0,1.0,1.0,67116.52,-0.04127789769567636,-0.010381798338027437,0.5966688922098975,0.7545,0.7913204032096561
2024-04-13,595.6,600.2,508.0,553.1,1761628.473,1,0,-0.07135661517797176,-0.09283254059373469,-0.055175948069695835,-0.07924088563342768,-0.08305702917771884,-0.07403048380922155,0.07777777777777778,,584.8100000000001,-0.054222739009250925,529.02,0.04551812785906023,423.742,0.30527537983017966,,,583.2356627480438,568.9572218747321,0,0,1,46.58997535895907,0,0,14.278440873311638,19.8555198674875,-5.577078994175864,0,619.0870692108272,550.532930789173,584.8100000000001,0.11722463436270619,0.037445867892582405,36.395633685455,0.06580298984895137,24.714776486141908,18.044764198366288,26.34133373398684,0,35.65217391304349,58.63561464694582,859824.7635714285,1015999.3104999999,0.8462847904377869,0,9976592.568,582.3287486542923,962981.3952256072,0.5742495358046669,0.6514550076856315,0.7073335227356442,0.921001178010198,0.7308517993373461,,,,,0.16669679985536076,0.0,0.0,0.0,1.0,1.0,1.0,63924.51,-0.047559229828960214,-0.07215934161634929,0.6082491884395252,0.7662,0.8151435131820468
2024-04-14,553.0,576.0,536.1,566.4,965488.003,0,1,0.024046284577833976,-0.06318226926893822,-0.02997088542558657,-0.06642492170759862,-0.10478899952584175,0.02376172537887762,0.2,,583.78,-0.029771489259652603,532.714,0.06323468127362884,426.23100000000005,0.32885688746243213,,,580.6455607868063,568.7677980321594,0,0,1,49.771970528903736,0,0,11.877762754646938,18.25996844491939,-6.382205690272453,0,619.0049074557021,548.5550925442978,583.78,0.12067870586762865,0.2532995647773297,36.64594556506536,0.06469976265018602,24.284565309378067,16.641400820171185,24.292735997340376,0,46.16600790513832,47.028399174996046,960058.876,945971.8176666667,1.0148916258077123,0,10942080.571,580.7752720441675,986197.7945022298,0.6057823975661714,0.6388407814735552,0.7069042819608161,0.9037161009996064,0.6866677050968693,,,,,0.07044491525423725,-0.0001807991321642067,0.0,0.0,1.0,1.0,1.0,65661.84,0.027177838359652595,-0.05332366210743633,0.6101078384403226,0.8253,0.8575700012113414
2024-04-15,566.4,585.5,544.7,552.7,698443.303,0,1,-0.024187853107344504,-0.07202820685023503,-0.05746930422919494,-0.04011809656130583,-0.04111727966689782,-0.024485183540292603,0.05555555555555555,,582.395,-0.050987731694125016,535.998,0.031160564031955336,428.68300000000005,0.28929768616903395,,,576.3462437426822,567.5775907705179,0,0,1,46.686498256424876,0,0,8.768652972164318,16.36170535036838,-7.59305237820406,0,620.2588822487471,544.5311177512529,582.395,0.1300281844753033,0.10787169412636621,36.94266373898926,0.0668403541505143,23.491258141030148,17.16543845638483,22.37636164008889,0,35.335968379446676,39.0513833992095,990755.3032857142,908858.6597000001,1.0901093285646273,0,10243637.268000001,579.7463739081988,969303.9504854573,0.6131254672424566,0.5838615821427776,0.7022695879084838,0.8313923772231804,0.6610757282442791,,,,,0.07381943187986241,0.0,0.0,1.0,1.0,1.0,1.0,63419.99,-0.034142357265650736,-0.11449329796146335,0.5924321670278582,0.8117,0.7992129497683071
2024-04-16,552.7,554.2,522.8,537.6,623668.813,0,1,-0.027320426994753122,-0.028023865485445665,-0.07390180878552965,-0.025027203482045568,-0.0596466678327795,-0.027700569630277574,0.044444444444444446,,580.56,-0.07399751963621319,538.718,-0.0020752972798383164,431.035,0.247230503323396,,,570.385283166885,565.3570284912203,0,0,0,43.48661949016987,0,0,5.028254675664698,14.095015215427642,-9.066760539762944,0,623.3167612381781,537.8032387618218,580.56,0.147294891960101,-0.002376685650833784,36.54675918620432,0.06798132289100506,23.395848773555155,16.112003702949558,25.28336601636333,0,23.399209486166026,34.96706192358367,994668.5920000001,872550.2754333334,1.139955622048276,0,9619968.455000002,578.2261663606508,952265.0522109865,0.6241053464751704,0.588553044566159,0.7056085426099008,0.8341070282244917,0.6564422629592074,,,,,0.05840773809523826,0.0,1.0,1.0,1.0,1.0,1.0,63793.39,0.005887733504845949,-0.07741026234344717,0.5753854151660749,0.8332,0.8515263591355107
2024-04-17,537.5,547.9,512.6,534.1,657909.358,0,1,-0.00651041666666663,-0.05702683615819204,-0.12399540757749716,-0.048797862867319686,-0.038350738206697765,-0.006531701863215124,0.022222222222222223,,578.095,-0.07610340860931163,541.508,-0.013680314972262672,433.33899999999994,0.23252234393857948,,,564.8029319104411,563.0416930474262,0,0,0,42.75513307208129,0,0,1.7612388630149098,11.628259944945096,-9.867021081930186,0,625.5848537639982,530.6051462360018,578.095,0.16429774955326792,0.03679579412231878,36.457704958618294,0.06826007294255437,23.58140977199194,14.997691473869532,25.533160714409593,0,20.632411067193694,26.455862977602134,972076.9717142858,818337.1935666667,1.187868496453833,0,8962059.097000003,576.0124761098156,947981.7881615073,0.4694172545753822,0.5832215213826283,0.7038013102983358,0.8286735373303089,0.6501847654539197,,,,,0.06609249204268855,-0.00018601190476194704,1.0,1.0,1.0,1.0,1.0,61277.37,-0.03944013635268473,-0.1324305107609851,0.5851489102167002,0.8256,0.8220522085190994
2024-04-18,534.0,555.9,527.0,552.1,589697.296,0,1,0.033701554016101865,-0.0010855798805862182,-0.086834270592127,-0.05704526046114433,0.08745322040575143,0.03314610194427431,0.044444444444444446,,575.075,-0.03995131069860457,544.2579999999999,0.01440860768238611,435.849,0.2667231082324384,,,562.8486346934502,562.2311972661354,0,0,1,47.63369367638106,0,0,0.617437427314826,9.426095441419042,-8.808658014104216,0,621.0091347675314,529.1408652324687,575.075,0.159750066574034,0.24991365227325477,35.917868890145556,0.06505681740653062,23.393907187013127,15.726669492196987,24.065708982667854,0,34.8616600790514,26.297760210803705,973508.272,752948.3863666668,1.292928293129944,0,9551756.393000003,572.6829464816047,967855.5034358006,0.5649574163250564,0.5272864278350016,0.7050495309107975,0.7478714681986132,0.6210174870971489,,,,,0.052345589567107366,-0.00018723085564505287,1.0,1.0,1.0,1.0,1.0,63470.08,0.03578335689015377,-0.0933652619202604,0.5418935676751554,0.7937,0.7784269203053119
2024-04-19,552.0,564.3,524.0,554.0,545504.183,0,1,0.003441405542474074,0.030505952380952328,-0.06984553391537951,-0.041190723433713994,-0.005028735632183867,0.0034354974572847704,0.07777777777777778,,572.74,-0.032719907811572455,547.35,0.01214944733716996,438.3310000000001,0.2638850549014327,,,561.4873062790733,561.6214789501254,0,0,1,48.1361355277648,0,0,-0.1341726710520561,7.514041818924823,-7.648214489976879,0,617.9313079672307,527.5486920327693,572.74,0.1578074098796338,0.29265924308288643,36.23087825513516,0.0653986972114353,22.84609770147826,16.133219353601135,22.15366970506619,0,36.36363636363637,30.61923583662715,834619.9184285713,723621.9731666667,1.1533921707437418,0,10097260.576000003,570.6779882651434,969732.8045546196,0.5729572029210231,0.453990917236648,0.7050835391543334,0.6438824508386025,0.6038228379101097,,,,,0.07274368231046924,-0.00018112660749868272,1.0,1.0,1.0,1.0,1.0,63818.01,0.005481795516879773,-0.049146022469579775,0.46344680235304,0.716,0.6981100786255687
2024-04-20,554.1,574.3,548.8,570.9,242132.859,0,1,0.030505415162454863,0.06890095487736381,0.03218224552522142,-0.024769388452340335,0.030877573131094405,0.030049376222929677,0.4666666666666667,,570.95,-8.757334267460935e-05,550.62,0.036831208455922367,440.95799999999997,0.2946811260936416,,,562.9354130053697,562.3087768056716,0,0,1,52.50160160896322,0,0,0.626636199698055,6.13656069507947,-5.509924495381415,0,613.219137677502,528.6808623224981,570.95,0.14806598713548272,0.49940855192763156,35.464386951196936,0.06212013829251522,21.90312107002398,17.318720312821267,21.015871185714165,0,49.72332015810275,40.316205533596836,617549.1164285715,699895.6894,0.8823445061620228,0,10339393.435000002,569.8005267802976,977119.1679428867,0.4018178717430197,0.4619957496385303,0.706585413295665,0.6538427498576338,0.6014842896758398,,,,,0.044666316342616925,0.00018050541516249593,1.0,1.0,1.0,1.0,1.0,64940.59,0.017590332258871744,0.01589499864762356,0.45587472640901355,0.729,0.7354988756155805
2024-04-21,570.9,582.6,566.3,579.6,277755.724,0,1,0.015239096163951693,0.049809817062126394,0.02330508474576276,-0.007364274704572571,0.0465872156013003,0.015124147476313852,0.4,,571.1400000000001,0.01481248030255265,553.994,0.046220717191882935,443.788,0.30602900484014894,,,565.4991956199282,563.5896081533996,0,0,1,54.61925369133825,0,0,1.909587466528592,5.291166049369295,-3.381578582840703,0,613.5349053542949,528.7450946457053,571.1400000000001,0.14845713959552748,0.5997761397189071,34.095502168968586,0.058825918165922336,20.676199366375936,18.46613780624634,20.29822583549946,0,56.600790513834006,47.56258234519104,519301.6479999999,669777.5965333333,0.77533445532939,0,10617149.159000002,569.1918113336625,981351.9141310108,0.3875386105147023,0.4637834018732764,0.6959559441352581,0.6663976445370237,0.5810556859500379,,,,,0.028122843340234762,0.0,1.0,1.0,1.0,0.0,1.0,64941.15,8.623266280816111e-06,-0.010975781367077109,0.44909738000493604,0.7351,0.7556306479384337
2024-04-22,579.6,608.7,578.4,604.5,522892.157,0,1,0.04296066252587982,0.09115523465703967,0.09372172969060966,0.030866302864938744,0.09530712085522741,0.04206345960831996,0.8,,573.795,0.05351214283847026,557.794,0.0837334212989025,446.81100000000004,0.35292103372566913,,,571.4993193707085,566.6200075494442,0,0,1,60.10192670662679,0,0,4.879311821264309,5.208795203748298,-0.32948338248398823,0,617.6117223545343,529.9782776454656,573.795,0.15272605148017798,0.8503799274573368,33.82439487118512,0.05595433394736993,19.848199353279284,22.796224825814935,18.999424766968247,0,76.28458498023716,60.869565217391305,494222.9128571428,666915.5574666667,0.7410577056179181,0,11140041.316000002,571.0481798631494,1003815.7076253172,0.3928719566058593,0.4780872495576495,0.6996368254882399,0.68333631412843,0.5828602690509548,,,,,0.0501240694789083,0.0,1.0,0.0,0.0,0.0,0.0,66819.32,0.028921107802987844,0.05360029227377683,0.4563341049703222,0.7459,0.7784777446425875
2024-04-23,604.4,618.3,598.7,606.2,556883.344,0,1,0.0028122415219189456,0.06183219478017188,0.12760416666666674,0.044272179155900204,0.06781750924784213,0.0028082945688554174,0.8555555555555555,,576.03,0.05237574431887241,561.55,0.07951206482058605,449.87800000000004,0.3474764269424155,,,576.8378856213687,569.551858842078,0,0,1,60.453216984271386,0,0,7.286026779290751,5.624241518856788,1.6617852604339625,1,621.7259332521953,530.3340667478046,576.03,0.15865817145702601,0.8301169037679149,32.80836666610046,0.05412135708693576,19.401719976936853,23.913522562345143,18.188680515525853,0,77.62845849802375,70.17127799736497,484682.1315714285,670713.9906,0.7226360838810696,0,11696924.660000002,573.3272018400538,1005381.798088179,0.2899469582976752,0.4720869202203812,0.6975607223612151,0.6767682082534491,0.5806726792538516,,,,,0.03233256351039246,-0.0001654259718776224,0.0,0.0,0.0,0.0,0.0,66414.0,-0.0060659102786441155,0.041079647907095174,0.4329488521160306,0.7423,0.8063192268504824
2024-04-24,606.2,618.5,592.6,608.8,656953.677,0,1,0.0042890135268887075,0.050379572118702365,0.13986144916682264,-0.0014761358044941275,0.037137989778534886,0.0042798419237731955,0.8666666666666667,,577.1949999999999,0.0547561915817012,565.844,0.07591491647874661,452.79100000000005,0.3445496929046732,,,581.755133987312,572.4591285574796,0,0,1,61.018520433764635,0,0,9.296005429832348,6.358594301051901,2.9374111287804476,0,625.0447857884402,529.3452142115597,577.1949999999999,0.1658011098101691,0.830252262149471,32.31491190423614,0.0530796844681934,18.720550638922656,22.54449463890714,18.495732864828565,0,79.68379446640313,77.86561264822134,484545.60571428575,665855.9294333332,0.7277033729002775,0,12353878.337000001,574.4520461874038,1008199.4812953712,0.2583880711687759,0.4627904062381152,0.697379495107241,0.6636134407234738,0.5767092332697207,,,,,0.04254270696452033,0.0,0.0,0.0,0.0,0.0,0.0,64289.59,-0.031987382178456425,0.04915713582355097,0.42554608023521917,0.7099,0.768771622464455
2024-04-25,608.8,617.9,600.7,613.2,453745.517,0,1,0.007227332457293123,0.01439205955334999,0.11066835718167001,0.014224280516043741,0.056512749827705155,0.007201340450183067,0.8111111111111111,,578.9649999999999,0.059131380998851624,569.52,0.07669616519174052,455.77099999999996,0.3454124988206799,,,586.5928056815717,575.4769708865553,0,0,1,62.00826608295423,0,0,11.11583479501644,7.310042399844809,3.805792395171631,0,629.455114717736,528.4748852822638,578.9649999999999,0.174415084565513,0.839026759905282,31.235275339647842,0.050938152869614874,18.08803625362376,21.65775611383367,17.76824355342895,0,83.1620553359684,80.15810276679842,465123.923,662003.3106999999,0.7026005995471226,0,12807623.854000002,575.5424388570178,1011478.8509977366,0.2439588784772893,0.46154563154682715,0.697076114808261,0.6621165490281943,0.573949956795959,,,,,0.02804957599478136,0.0,0.0,0.0,0.0,0.0,0.0,64498.34,0.003247026462604552,0.01620070433186771,0.4257125815207105,0.7154,0.7720933108714965
2024-04-26,613.3,615.0,597.0,598.0,302119.884,0,1,-0.024787997390737226,-0.013526888815572513,0.07942238267148016,0.004029550033579632,0.041267630158453805,-0.025100393047027436,0.6222222222222222,,579.595,0.03175493232343269,571.988,0.04547647852752145,458.657,0.3038065482484733,,,588.3477586536376,577.1453434134771,0,0,1,56.65657322577395,0,0,11.202415240160462,8.08851696790794,3.1138982722525217,0,630.7334694005522,528.4565305994479,579.595,0.17646276934946692,0.6799525896623849,30.289898529672996,0.050652004230222404,17.323429522768663,20.738450081666105,17.886556490541192,0,81.44796380090497,81.43127120109217,430354.73742857145,654351.6934333333,0.6576810937410936,0,12505503.970000003,576.037532381515,1003989.9041014548,0.34137645642888625,0.4668305469199952,0.69817822735022,0.6686409409983274,0.5711239128180083,,,,,0.030100334448160536,0.00016307893020206955,0.0,0.0,0.0,0.0,0.0,63770.01,-0.0112922286061935,-0.0007521387771257659,0.42626132669259215,0.714,0.7784846770268821
2024-04-27,598.0,599.7,585.0,596.2,268783.912,0,1,-0.003010033444815985,-0.0206964520367936,0.04431599229287109,0.0779244259627554,0.021940349674323123,-0.0030145727066605977,0.4666666666666667,,580.21,0.02755898726323229,574.196,0.038321409414207024,461.4889999999999,0.2919051158315803,,,589.5557957838472,578.5567994569233,0,0,1,56.0397631144884,0,0,10.99899632692393,8.67061283971114,2.3283834872127898,0,631.8597475410312,528.5602524589689,580.21,0.17803811565133712,0.6547926249523036,29.176334348982074,0.04893715925693068,16.119565171441355,19.99211326206117,20.180655557223727,0,78.94239848914073,81.18413920867137,434162.03071428573,646514.4363666666,0.6715426698810071,0,12236720.058000002,576.231223514267,1003180.8555369063,0.320560537884717,0.46497234164842915,0.6966563444550253,0.667434302937647,0.570338563566807,,,,,0.02465615565246569,0.0,0.0,0.0,0.0,0.0,0.0,63461.98,-0.004830326982856015,-0.02276865670607542,0.42144675250441366,0.7114,0.7814735331271738
2024-04-28,596.2,609.0,596.2,600.2,258059.431,0,1,0.006709158000670845,-0.02120026092628835,0.03554175293305728,0.059675141242937935,-0.020081632653061177,0.0066867517622956,0.4111111111111111,,580.9,0.03322430710965755,576.434,0.04122935149557465,464.344,0.29257619351170694,,,591.1933656632553,580.1599994971513,0,0,1,57.15601751427359,0,0,11.033366166104088,9.14316350498973,1.8902026611143583,0,633.2617377380373,528.5382622619627,580.9,0.18027797465325282,0.6842948766956212,28.006596181197636,0.04666210626657387,15.347456805997798,21.711353528288615,19.521850575657375,0,82.71954674220967,81.03663634408512,431348.2745714286,620369.7117666666,0.6953084046335055,0,12494779.489000002,576.2865960555873,1004912.2170330485,0.3146317512507534,0.4427372679411104,0.6909864649205456,0.6407321856760528,0.5608911862812628,,,,,0.021326224591802657,0.0,0.0,0.0,0.0,0.0,0.0,63118.62,-0.0054104835682718955,-0.02806433209143966,0.42047082489558774,0.7731,0.8086746346325063
2024-04-29,600.2,602.8,581.3,592.8,330474.005,0,1,-0.012329223592136063,-0.008695652173913104,-0.01935483870967747,0.07255292201917851,-0.013151323455968145,-0.012405859024389718,0.2111111111111111,0.15555555555555556,581.515,0.019406206202763416,577.712,0.026116819453291546,467.1,0.2691072575465637,,,591.4405401766007,581.0962958306957,0,0,1,54.40376349008499,0,0,10.344244345905054,9.383379673172794,0.9608646727322601,0,634.1452004556284,528.8847995443716,581.515,0.181010637578148,0.6072103079819557,27.541839311112092,0.04646059263008113,14.551093652175147,20.50074317656335,22.29757610917725,0,75.73182247403206,79.13125590179415,403859.9671428572,614684.8403333334,0.6570195661956633,0,12164305.484000001,576.4988858056926,1000837.7291340148,0.190188271249166,0.4406060296279259,0.6861507429751448,0.6421417365482419,0.5625613158878799,,,,,0.03626855600539811,0.0,0.0,0.0,0.0,1.0,0.0,63866.0,0.01184087991784355,-0.044198594059323026,0.4226587236450796,0.7636,0.7906984998290181
2024-04-30,592.8,604.3,555.7,578.4,766513.446,0,1,-0.02429149797570851,-0.029855753102985716,-0.04585945232596511,0.07589285714285698,-0.046645788692929124,-0.024591403137322207,0.14444444444444443,0.06666666666666667,579.95,-0.0026726441934650713,578.82,-0.0007256141805743974,469.698,0.23142955686419786,,,589.4343032263545,580.8965702136071,0,0,0,49.417004004219926,0,0,8.537733012747367,9.214250341087709,-0.6765173283403421,0,630.8855216761415,529.0144783238586,579.95,0.1756548725791583,0.48478468513726736,29.045993646032652,0.050217831338230726,14.791166680915449,18.05059922673288,25.928118116561635,0,62.134088762983914,73.52848599307522,433807.12457142863,629397.3896333333,0.6892420142132314,0,11397792.038,575.2910705404215,982217.9693121525,0.22429589920230197,0.44488210053082683,0.6885223172869309,0.6461404218295355,0.58067842298837,,,,,0.08402489626556,0.0,1.0,1.0,0.0,1.0,0.0,60672.0,-0.05001096044843889,-0.08645767458668352,0.43629602760401776,0.7681,0.7783280840683704
2024-05-01,578.4,580.4,536.7,561.8,669027.318,0,1,-0.028699861687413564,-0.06397867377540833,-0.07720105124835741,0.05186294701366778,-0.02431399791594302,-0.02911975617441165,0.06666666666666667,0.12222222222222222,577.8100000000001,-0.027708070126858487,579.306,-0.030218917118069007,472.25700000000006,0.18960650662668818,,,585.1828719607615,579.4820094570437,0,0,0,44.36816810101156,0,0,5.700862503717872,8.511572773613743,-2.8107102698958712,0,627.9754903399963,527.6445096600038,577.8100000000001,0.17364009047955647,0.34042815198762694,30.092708385601746,0.05356480666714444,15.616076654447568,16.178263395881284,27.748543062030702,0,39.99999999999995,59.2886370790053,435531.9304285715,627594.4972333333,0.6939702823217156,0,10728764.72,573.1042414505802,963016.9778204513,0.2442241129652127,0.4266484153210506,0.6922073596648193,0.6163592590631257,0.5851690433143892,,,,,0.07778568885724446,0.0,1.0,1.0,1.0,1.0,1.0,58364.97,-0.03802462420886077,-0.09215519962096497,0.4438389900687933,0.7874,0.7534300718833196
2024-05-02,561.8,565.9,539.5,560.5,359794.315,0,1,-0.002313990744036931,-0.054487179487179405,-0.08594259621656886,0.015214635029885848,0.016503445774392445,-0.0023166721579285995,0.05555555555555555,0.18888888888888888,576.0550000000001,-0.027002629957209055,577.9060000000001,-0.030119085110727455,474.874,0.18031309357850708,,,581.3855070437213,578.0759346824478,0,0,0,43.98913233946019,0,0,3.3095723612734673,7.471172691145688,-4.161600329872221,0,626.0556094699659,526.0543905300342,576.0550000000001,0.17359665125713988,0.3444518960379516,29.828943500915905,0.05321845406051009,16.382064487013107,15.155512375459624,25.9943467037781,0,38.62433862433863,46.91947579577416,422110.33014285716,606312.2806,0.6961929415731797,0,10368970.405000001,568.9519260864755,962184.4171057842,0.2190265139535583,0.4072853242638983,0.6923380046268642,0.588275266621258,0.5827349305033918,,,,,0.04710080285459407,0.0,1.0,1.0,1.0,1.0,1.0,59060.61,0.011918793070569533,-0.08430806126173163,0.41498788472006276,0.7566,0.7399059724260995
2024-05-03,560.5,590.0,558.9,587.0,342906.433,0,1,0.04727921498661902,0.014868603042876849,-0.018394648829431426,0.05956678700361007,0.045414069456812145,0.04619557731588178,0.26666666666666666,0.23333333333333334,577.75,0.016010385114668974,577.582,0.01630590981020878,477.81300000000005,0.22851408396171713,,,582.2492751908411,578.7369765578221,0,0,1,52.834576285117826,0,0,3.512298633018986,6.679397879520348,-3.167099246501362,0,626.7627588115116,528.7372411884884,577.75,0.16966770683344568,0.5943631844472653,29.919733250850484,0.05097058475443013,15.909226905739697,19.783761156168115,24.06436343891222,0,61.49144254278726,46.705260389041946,427936.98,594944.9872666666,0.7192883193554664,0,10711876.838000001,571.9325325355421,978396.7640718858,0.39689229040667934,0.42552158639603166,0.697419018879714,0.6101376287092949,0.5832662543674783,,,,,0.052981260647359495,0.0,1.0,1.0,0.0,1.0,0.0,62882.01,0.06470302287768459,-0.013925040940090838,0.45848904065860835,0.7837,0.7262318182410054
2024-05-04,587.0,593.6,582.5,585.7,197129.251,0,1,-0.0022146507666097603,0.04254182983268073,-0.017611539751761107,0.02592397968120519,0.000341588385994962,-0.0022171067323597353,0.2777777777777778,0.14444444444444443,578.7149999999999,0.0120698443966376,576.6419999999999,0.015708186361728955,480.749,0.21830726636976888,,,582.7801559307117,579.2527560720575,0,0,1,52.39741733205127,0,0,3.527399858654121,6.0489982753471025,-2.5215984166929815,0,627.546494366903,529.8835056330969,578.7149999999999,0.16875835036901768,0.571521464687495,28.575466590075454,0.04878857194822512,15.308092936076703,20.13471218394665,23.39667171878897,0,59.902200488997586,53.33932721870783,417700.59985714284,572194.6063,0.7299974436287217,0,10514747.587000001,573.5447247906786,977960.1916250375,0.3968905582839935,0.4079953272294325,0.6841853838902954,0.5963227757213414,0.5736206569928126,,,,,0.018951681748335364,0.0,0.0,1.0,1.0,0.0,0.0,63892.04,0.016062304624168355,0.00677665588120635,0.44623345397050573,0.7587,0.6917180728998874
2024-05-05,585.7,595.0,579.3,592.0,180458.236,0,1,0.010756359911217261,0.05619982158786807,-0.013662112629123646,0.021394064872325647,0.024575977847006047,0.010698921788269006,0.28888888888888886,0.18888888888888888,580.6800000000001,0.0194943858924019,576.954,0.026078335534548767,483.647,0.22403323084811858,,,584.1985934798329,580.1969963630162,0,0,1,54.367903763034086,0,0,4.001597116816697,5.639518043641022,-1.637920926824325,0,628.250295906492,533.1097040935081,580.6800000000001,0.16384341085104356,0.6189818119089635,27.655790405070068,0.046715862170726465,14.878114122477001,19.318259600605213,23.274434992406277,0,67.60391198044007,62.999185004074974,406614.7148571429,557069.6602,0.7299171789595568,0,10695205.823,574.8548189970023,979901.2653603968,0.4015105120385481,0.40713787801487433,0.664079293999711,0.6130862408955813,0.5696871648177446,0.9175449473031617,2.0591304347826087,,,0.026520270270270346,0.0,0.0,0.0,1.0,0.0,0.0,64012.0,0.0018775421789631874,0.014153984988898527,0.44573638666758636,0.7578,0.689987157714676
2024-05-06,592.0,602.3,583.1,588.2,278669.005,0,1,-0.006418918918918881,0.002044293015332377,-0.007759784075573428,-0.026964433416046263,0.004783054321831237,-0.006439608764110992,0.28888888888888886,0.14444444444444443,583.21,0.008556094717168788,577.284,0.01890923704796955,486.473,0.2091112970298455,,,584.8141944829356,580.7898114472372,0,0,1,52.94429761676477,0,0,4.024383035698406,5.316491042052499,-1.292108006354093,0,626.3049453624101,540.11505463759,583.21,0.1477853444296567,0.557895420890272,27.05180537613649,0.045990828589147374,14.123642975334313,20.266412362303655,22.094505420659463,0,62.958435207823996,63.48818255908722,399214.0005714285,558792.7605000001,0.7144222845947705,0,10416536.818,578.0963982612245,978112.511612086,0.3965597710224163,0.4059579827281313,0.6343954188124624,0.6399131688057461,0.5704255287059219,0.9116553006819591,2.045913043478261,,,0.032641958517510936,0.0,1.0,1.0,1.0,0.0,1.0,63165.19,-0.013228925826407556,-0.010973131243541157,0.4438379098810187,0.7563,0.6897251252652845
2024-05-07,588.2,600.4,576.0,576.5,289488.709,0,1,-0.019891193471608393,-0.015707700187809537,-0.0032849239280774434,-0.04899373144176844,-0.012673402979962334,-0.020091686410781035,0.3111111111111111,0.12222222222222222,585.33,-0.015085507320656793,577.706,-0.002087567032365974,489.185,0.1784907550313276,,,583.535087639407,580.4720476363307,0,0,0,48.7147430653442,0,0,3.0630400030763667,4.865800834257273,-1.8027608311809065,0,621.9357861402676,548.7242138597325,585.33,0.1250774303051871,0.37939065198374816,26.86239070641245,0.046595647365849875,13.733981094902237,18.951508490501304,22.54892212754921,0,48.655256723716356,59.739201303993475,331067.60957142856,559647.4102666668,0.5915646235433805,0,10127048.109,582.1055704836696,972354.2356935209,0.3861531187047778,0.4101365182783217,0.6348624387944488,0.6460242301578544,0.5736536471249437,0.893521388716677,2.0052173913043476,,,0.0423243712055507,0.0,1.0,1.0,0.0,1.0,1.0,62312.08,-0.013506014942723965,0.027031909282700495,0.4440492139249115,0.7596,0.6996588786181993
2024-05-08,576.5,590.0,574.4,588.6,297016.617,0,1,0.020988725065047786,-0.005743243243243157,0.04770380918476347,-0.03318002628120886,0.003751705320600429,0.020771496090258766,0.4777777777777778,0.15555555555555556,587.155,0.002461019662610469,579.3240000000001,0.016011765436957474,491.964,0.19642900700051227,,,584.3143049256521,581.0741181817876,0,0,1,52.904944884119345,0,0,3.240186743864456,4.54067801617871,-1.3004912723142539,0,620.2569779978185,554.0530220021815,587.155,0.11275379754176834,0.5218264902492425,26.057934227382994,0.044271040141663255,13.443388949206676,18.141106752939976,22.023271465790163,0,63.9162561576355,58.50998269639195,277923.2237142857,553429.0204333334,0.5021840443001573,0,10424064.726,584.9970336094642,978588.2358074845,0.3444649435950114,0.4145426397032439,0.6359104247881835,0.6518884162676286,0.5713819726136887,0.912275263484191,2.047304347826087,,,0.026503567787971496,0.0,1.0,1.0,0.0,0.0,1.0,61193.03,-0.01795879707433945,0.04845474948415118,0.4326903250390038,0.7499,0.7164424822981131
2024-05-09,588.6,605.8,586.3,596.8,464857.601,0,1,0.013931362555215543,0.014620877252635056,0.06476360392506675,-0.026744944553163896,0.028079242032730267,0.013835213090178475,0.5444444444444444,0.2111111111111111,589.295,0.012735556894254993,580.124,0.02874557853148625,494.856,0.2060074041741435,,,586.2351810909364,582.2389983164701,0,0,1,55.55513576192985,0,0,3.9961827744663196,4.431778967836232,-0.4355961933699124,0,618.6994375455145,559.8905624544855,589.295,0.09979530641025124,0.6276167923359045,25.589510353998495,0.042877865874662364,12.607748402783963,21.563961333793255,20.82452750602485,0,76.75606641123875,63.1091930975302,292932.2645714286,549048.4140666666,0.533527202823065,0,10888922.327,588.3338085142401,985064.3355835632,0.3404003856847713,0.41521349929393797,0.6159538574822894,0.6740983829391419,0.5713518490433427,0.9249845009299441,2.0758260869565217,,,0.03267426273458445,0.0,0.0,0.0,0.0,0.0,1.0,63074.01,0.030738468090238502,0.06795392055720395,0.43514951480185204,0.7502,0.7136782534971289
2024-05-10,596.8,597.0,581.5,585.6,296215.516,0,1,-0.018766756032171483,0.015784908933217823,-0.002385008517887477,-0.020735785953177266,-0.03952763654256197,-0.018945086242449193,0.32222222222222224,0.07777777777777778,590.03,-0.007508092808840144,580.76,0.00833390729389082,497.70700000000005,0.17659586865364554,,,586.1374609231,582.4879614041389,0,0,1,51.308183871090456,0,0,3.649499518961079,4.275323078061202,-0.6258235591001231,0,618.2077142250221,561.8522857749779,590.03,0.09551281875505348,0.4213917785413186,24.868831042998604,0.042467266125339145,11.821833129055024,20.60394895037504,21.276096274360874,0,67.63485477178425,69.4357257802195,286262.13357142854,531720.5746,0.5383694881221708,0,10592706.810999999,589.0599054407279,979505.3312618474,0.25477611088571545,0.3928643814060053,0.6168656963821159,0.6368718243049237,0.5626444041084918,0.907625542467452,2.0368695652173914,,,0.026468579234972676,0.0,1.0,0.0,0.0,1.0,1.0,60799.99,-0.03605320162773862,-0.0331099467081285,0.4393040378617511,0.7547,0.6709644966912812
2024-05-11,585.7,594.5,580.8,592.2,210698.305,0,1,0.01127049180327866,0.006116207951070374,0.011097831654430568,-0.006709158000670956,-0.020509427720807105,0.011207453020389068,0.35555555555555557,0.1111111111111111,590.6600000000001,0.0026072529035315807,581.528,0.018351652886877373,500.62699999999995,0.18291662255531585,,,587.070159242623,583.207371670499,0,0,1,53.56110308829665,0,0,3.8627875721240343,4.192815976873769,-0.3300284047497346,0,618.4161107543938,562.9038892456064,590.6600000000001,0.09398337708459592,0.5277416388345436,24.071057397070135,0.04064683788765642,11.128203797320625,19.76632742731576,20.618867982946064,0,76.76348547717848,73.7181355534005,288200.56985714287,519421.24496666674,0.5548494072005811,0,10803405.115999999,589.5277506783596,981880.0047813146,0.263217145237829,0.39391307533680836,0.6149038219949308,0.6406092485469309,0.5589710376571818,0.9178549287042778,2.0598260869565217,,,0.023134076325565762,0.00017076502732244319,0.0,0.0,0.0,1.0,1.0,60825.99,0.0004276316492815013,-0.04798798097540791,0.43934973644347985,0.754,0.671952932739466
2024-05-12,592.2,600.1,587.3,594.8,191190.562,0,1,0.004390408645727595,-0.0033512064343163006,0.004729729729729737,-0.008997000999666938,-0.001343183344526655,0.004380798918508909,0.35555555555555557,0.16666666666666666,590.175,0.007836658618206465,582.386,0.021315759650815762,503.56100000000004,0.18118758204070592,,,588.2593655129888,584.0660848800917,0,0,1,54.4551150938436,0,0,4.1932806328970855,4.192908908078433,0.00037172481865255236,1,617.2433248562958,563.1066751437041,590.175,0.09172982541210935,0.5854319582861861,23.265981868707986,0.03911563864947543,10.492031046159534,20.708816307993676,19.808606178912534,0,84.08104196816207,76.15979407237494,289733.7592857143,475203.5084333333,0.6097045879162765,0,10994595.678,589.1012186663787,982719.409477701,0.2566689623142121,0.3917952864200828,0.5194616287535496,0.7542333537901486,0.5293102066669575,0.9218846869187848,2.068869565217391,,,0.02151983860121061,0.0,0.0,0.0,0.0,1.0,1.0,61483.99,0.010817744191257805,-0.039492751359120226,0.42702437871064647,0.7542,0.687621654141076
2024-05-13,594.8,598.4,585.2,591.7,389810.286,0,1,-0.0052118359112305335,0.01041666666666674,0.005950357021421215,-0.001855600539810931,0.06978846501536795,-0.005225464903351488,0.36666666666666664,0.34444444444444444,589.45,0.0038171176520485194,582.866,0.01515614223509359,506.481,0.16825705209079916,,,588.7886938956059,584.631560074159,0,0,1,53.14149951627954,0,0,4.157133821446905,4.185753890752128,-0.028620069305222984,0,615.4674435412225,563.4325564587776,589.45,0.08827701600211181,0.5432402206703182,22.54698316380027,0.03810543039344308,9.778286749149341,19.842826599558677,19.645538428379265,0,79.59479015918969,80.14643920151008,305611.0851428571,429476.2355333333,0.7115902111867548,0,10604785.391999999,587.805131867912,980687.7822305592,0.2553556611284405,0.3237273030555123,0.5116676831449731,0.6326905405979865,0.4443011228768068,0.9170799752014879,2.0580869565217395,,,0.022308602332262853,0.0,0.0,0.0,1.0,1.0,1.0,62940.08,0.02368242529478004,-0.0035638300146013657,0.4114333065078135,0.7076,0.5599239804382362
2024-05-14,591.7,593.1,562.0,567.1,453308.316,0,1,-0.041575122528308306,-0.04238432961837224,-0.01630529054640062,-0.019536652835407953,0.0012358757062147507,-0.04246409466266611,0.2777777777777778,0.18888888888888888,587.365,-0.034501545035880564,582.468,-0.02638428205497974,509.105,0.1139155969790122,,,585.4519717578204,583.3329259945916,0,0,0,44.05870595127845,0,0,2.119045763228769,3.7724122652474565,-1.6533665020186876,0,613.5363604014541,561.1936395985459,587.365,0.08911447022363975,0.11284014875141792,23.157912937814537,0.040835677901277616,10.242773864600073,17.93939851152121,24.916873789047848,0,43.99421128798845,69.2233478051134,329013.8861428571,412403.5793,0.797795903472308,0,10151477.076,585.1485163989917,961841.4334497581,0.35010870223477236,0.3418771268956745,0.5088629358176867,0.6718452118080002,0.436554306300315,0.8789522628642281,1.9725217391304348,,,0.05484041615235412,0.0,1.0,1.0,1.0,1.0,1.0,61577.49,-0.021649003306001613,-0.011788885878949995,0.4075259053219228,0.6937,0.5836289338105706
2024-05-15,567.1,587.3,560.0,581.0,402812.993,0,1,0.024510668312466954,-0.023201075991929998,-0.012911994563370777,0.03417586329654698,0.0512031843676497,0.02421510183192892,0.3,0.32222222222222224,585.7549999999999,-0.008117728401806015,582.48,-0.0025408597720093704,511.90299999999996,0.13498065063107667,,,584.767053025848,583.1601166616589,0,0,0,49.32872128961913,0,0,1.606936364189096,3.3393170850357845,-1.7323807208466886,0,609.0367502507108,562.4732497492889,585.7549999999999,0.0794931336504544,0.3978813888819489,23.45377629939921,0.040367945437864386,10.765365870344755,16.447876351042414,23.45432937125158,0,62.59426847662146,62.06108997459987,344127.6541428571,402549.23563333333,0.8548709665326748,0,10554290.069,582.9622124669061,971714.6491131332,0.36012604856974895,0.34065209280286984,0.4745505659693784,0.7178415056928861,0.42618910632934603,0.9004959702417854,2.0208695652173914,,,0.04698795180722884,0.0,0.0,1.0,1.0,1.0,1.0,66206.5,0.0751737363767182,0.08192877522162245,0.45282547745675716,0.6769,0.5107925360332246
2024-05-16,581.0,586.6,565.1,569.2,411937.056,0,1,-0.020309810671256368,-0.03802602670272093,-0.04624664879356555,0.01552185548617313,0.05877976190476186,-0.020518890636213837,0.16666666666666666,0.34444444444444444,584.3149999999999,-0.025867896596869663,582.3779999999999,-0.02262791520284057,514.568,0.10617061301907632,,,582.3721217911021,582.1260339459805,0,0,0,45.41715091608482,0,0,0.24608784512167858,2.7206712370529633,-2.4745833919312847,0,607.9675084905252,560.6624915094746,584.3149999999999,0.08095807395163669,0.18047786546499597,23.314220849442123,0.04095962903977885,11.250629875679104,15.364450108961396,21.909386097792748,0,21.96162046908331,42.850033411231074,336567.5762857143,395491.5104,0.8510108749118531,0,10142353.013,581.5459754100849,963348.2854972985,0.3562241064863803,0.33587491402716535,0.4761442296205271,0.7054058269168729,0.41899229132500565,0.8822070675759455,1.9798260869565218,,,0.037772312016865775,0.0,1.0,1.0,1.0,1.0,1.0,65235.21,-0.014670613912531216,0.03426450926459235,0.4551362667210629,0.7104,0.5261599988597183
2024-05-17,569.2,584.5,568.6,580.9,236919.616,0,1,0.020555165144061638,0.024334332569211803,-0.008025956284153035,-0.010391822827938713,0.08762404044186467,0.020346758782789316,0.32222222222222224,0.3888888888888889,583.55,-0.004541170422414493,582.328,-0.0024522262367600344,517.304,0.1229373830474924,,,582.1456415155479,582.0352166166485,0,0,0,49.67801419626199,0,0,0.11042489889939588,2.1986219694222497,-2.088197070522854,0,606.5650980193815,560.5349019806184,583.55,0.07887960935440504,0.4424290959402312,22.78463364591054,0.03922298785661997,11.701232166346713,14.598599503150854,20.817299072423385,0,45.63318777292576,43.396358906210175,328096.73342857143,381458.51900000003,0.8601111709044605,0,10379272.629,580.9641010009473,968218.2073300461,0.3771887493195665,0.33902807453421807,0.4740946804091401,0.715106261562858,0.40548980780608723,0.9003409795412274,2.0205217391304346,,,0.0273713203649509,0.0,1.0,1.0,1.0,1.0,1.0,67024.0,0.027420621471134998,0.10236860236325707,0.4444640237878383,0.7251,0.5549778233955791
2024-05-18,580.9,581.9,574.2,580.3,168074.711,0,1,-0.0010328800137717753,-0.001204819277108471,-0.020094562647754333,-0.009219737066757827,0.05107770331461681,-0.001033413801924264,0.24444444444444444,0.32222222222222224,582.5550000000001,-0.00387087914445865,581.684,-0.0023792987257686554,519.915,0.11614398507448331,,,581.8616966670021,581.9066820524523,0,0,0,49.464764991561275,0,0,-0.04498538545021802,1.7499004984477562,-1.7948858838979742,0,604.2203470583216,560.8896529416785,582.5550000000001,0.0743804346656421,0.44795836886596346,21.70715981405978,0.03740678927116971,12.119648579109493,14.228710959669812,20.289845707362847,0,44.32314410480344,37.30598411560417,322007.64857142855,367404.4328333333,0.8764392037629599,0,10211197.918000001,580.1365990924807,968044.6063202338,0.3673662841787915,0.32669109947261,0.43497214219556524,0.7510621204926001,0.3953786148294018,0.8994110353378796,2.0184347826086957,,,0.013268998793727265,0.0,1.0,1.0,1.0,1.0,1.0,66915.2,-0.0016232991167343114,0.10010868709247478,0.43385254857655714,0.7091,0.5354849571305869
2024-05-19,580.3,581.9,571.3,574.5,142157.485,0,1,-0.009994830260210197,0.009311314125087788,-0.0341291190316072,-0.029560810810810856,0.03700361010830333,-0.010045113907752184,0.2111111111111111,0.2777777777777778,581.6400000000001,-0.012275634413039162,581.16,-0.011459838942803993,522.42,0.09968990467439999,,,580.7291279490017,581.3580389374558,0,0,0,47.34886940420501,0,0,-0.6289109884540949,1.274138201067386,-1.903049189521481,0,603.0274926558701,560.2525073441301,581.6400000000001,0.07354202825070491,0.33308001281673244,20.913791255912656,0.036403466067733085,12.678422602773766,13.713588343323595,20.545752152011556,0,31.659388646288242,40.53857350800582,315002.9232857143,353959.54289999994,0.8899404737187956,0,10069040.433000002,579.4517625500744,966623.7663874404,0.36555064318798497,0.32838656374463454,0.39298099610959014,0.8356296283931699,0.37512059335018066,0.8904215747055176,1.9982608695652173,,,0.018450826805918228,0.0,1.0,1.0,1.0,1.0,1.0,66274.01,-0.009582127827459264,0.07790678516472327,0.43503340021564163,0.7111,0.5384025820773546
2024-05-20,574.6,602.0,568.8,599.6,469252.806,0,1,0.04369016536118364,0.03219142709588585,0.013351360486733022,0.019381162869772206,0.050271501138553276,0.04276266893963227,0.45555555555555555,0.3333333333333333,582.7,0.0290029174532349,581.0179999999999,0.03198179746582741,525.186,0.14169075337118656,,,583.6323390337707,582.7092953124591,0,0,1,56.10048807016706,0,0,0.9230437213116147,1.2039193051162318,-0.2808755838046171,0,605.4682142239351,559.931785776065,582.7,0.07814729440169914,0.8711314342394468,21.79137759477604,0.03634319145226157,11.868995185921747,18.80966971194175,18.309877735038008,0,86.46288209607,54.148471615720574,326351.8547142857,361530.20780000003,0.9026959509143558,0,10538293.239000002,580.2268936585098,987125.4990777798,0.46418005699701603,0.3399516995911759,0.40216930210783397,0.8452949984233863,0.37975752714209354,0.9293242405455673,2.0855652173913044,,,0.05537024683122089,0.00017406440382945645,0.0,1.0,1.0,0.0,1.0,71446.62,0.07804884599558704,0.13515298995489022,0.48656006797215895,0.7565,0.5309673237722868
2024-05-21,599.6,631.4,593.3,618.5,1023559.613,0,1,0.0315210140093396,0.06582801998966059,0.09063657203315101,0.07285342584562016,0.0671152518978606,0.03103442560409999,0.7777777777777778,0.3888888888888889,585.535,0.05629894028538009,581.872,0.06294855225891613,528.164,0.17103778371869346,,,588.9965945670367,585.3604586226472,0,0,1,61.31481363959479,0,0,3.63613594438948,1.6903626329708814,1.9457733114185984,1,611.272318798721,559.7976812012789,585.535,0.08791043677567029,1.1404124737662678,22.956279195149182,0.037116053670410966,12.657068056992042,25.727638694491183,16.139272299204766,0,81.93277310924373,66.68501461720065,407816.3257142858,386390.3374333334,1.0554516668902187,1,11561852.852000002,587.3902821170625,1019389.135978547,0.36887736078136946,0.3484586058445844,0.4067360689873874,0.8567192152692754,0.3918064306097938,0.9586174829510229,2.151304347826087,,,0.06160064672594991,0.0,0.0,0.0,0.0,0.0,1.0,70148.34,-0.018171328468722492,0.1391880377066359,0.4905733181946018,0.702,0.5010696878253884
2024-05-22,618.5,626.3,610.1,614.8,404848.487,0,1,-0.005982215036378413,0.07014795474325486,0.05817555938037855,0.04451240231056741,0.017038875103391193,-0.006000180168101873,0.6444444444444445,0.23333333333333334,588.25,0.04513387165320859,583.14,0.05429227972699518,531.034,0.1577413122323617,,,592.966349249031,587.54116539134,0,0,1,59.81689938740032,0,0,5.425183857691081,2.4373268779149218,2.9878569797761596,0,614.3216018121684,562.1783981878316,588.25,0.08864123013061932,1.0091746988021324,22.473687824067092,0.03655446946009612,13.388850008700173,24.40295386396679,15.308280794530189,0,76.750700280112,81.71545182847525,408107.1105714286,382455.54843333334,1.0670707020545858,0,11157004.365000002,590.8290894314529,1016967.2452721606,0.37274055526726474,0.3278733058969971,0.40691204507395473,0.8057596472412296,0.3843102303824409,0.9528828270303781,2.1384347826086954,,,0.02635003253090425,0.0,0.0,0.0,0.0,0.0,1.0,69166.62,-0.013994914206095221,0.04471041363008155,0.4866417097960192,0.7001,0.4733296186679043
2024-05-23,614.8,617.5,580.0,599.3,607671.947,0,1,-0.02521145087833443,-0.0005003335557038913,0.05288123682361201,0.004189008042895459,-0.01138238205212816,-0.02553470420030124,0.6111111111111112,0.15555555555555556,588.865,0.0177205301724503,583.896,0.02638141038815131,533.78,0.12274719922065268,,,593.9407570568725,588.4121901771666,0,0,1,53.878718099336865,0,0,5.528566879705863,3.0555748782731103,2.472992001432753,0,615.3888145228347,562.3411854771654,588.865,0.09008453388411483,0.6967100167854126,23.546995836633727,0.03929083236548261,12.605023319050622,21.62701355097471,22.697574853542406,0,55.04201680672264,71.24183006535947,436069.23785714287,384148.5018666667,1.1351579811926409,0,10549332.418000001,592.1088289201,1001646.9538302283,0.3897305725842998,0.3363672637379948,0.40691490048489415,0.8266280328814888,0.3955279576575746,0.9288592684438932,2.0845217391304347,,,0.06257300183547472,0.0,1.0,1.0,0.0,1.0,1.0,67969.65,-0.017305602037514634,0.0419166275390237,0.48926283052971137,0.7051,0.48628628820407144
2024-05-24,599.4,605.5,588.3,600.3,251965.176,0,1,0.0016686133822794158,-0.029426030719482688,0.03339645377861933,0.025102459016393297,-0.013961892247043362,0.0016672227936579361,0.5333333333333333,0.13333333333333333,589.595,0.018156531178181508,584.192,0.027573126643295264,536.444,0.11903572413895952,,,594.9191021250459,589.2927686825617,0,0,1,54.19465380419022,0,0,5.626333442484224,3.5697265911153337,2.0566068513688904,0,616.5521570420382,562.6378429579619,589.595,0.09144296353272381,0.6985558043696167,23.093638991159892,0.03847016323698133,11.877184250090325,20.476465950216525,21.49007386274585,0,56.44257703081228,62.74509803921564,438218.60357142857,370648.88516666665,1.182301151059387,0,10801297.594000002,592.4501105115455,1002067.3862947703,0.3795738205319332,0.33613779612890576,0.40123676458301416,0.8377542284247991,0.39168139529574536,0.9304091754494729,2.0879999999999996,,,0.028652340496418537,0.00016686133822797053,1.0,0.0,0.0,1.0,1.0,68549.99,0.008538222574340226,0.022767814514203844,0.47935796699939925,0.729,0.5128234024621678
2024-05-25,600.3,606.7,599.5,602.4,121538.958,0,1,0.0034982508745626806,-0.0201691607026675,0.03808374978459428,0.017223910840932,-0.017612524461839585,0.003492146227886367,0.5666666666666667,0.13333333333333333,590.115,0.020817976157189645,584.684,0.03030012793235322,538.9259999999999,0.11777869317865543,,,596.0700094904234,590.2636747060757,0,0,1,54.89343478454154,0,0,5.806334784347769,4.017048229761821,1.7892865545859475,0,617.6622627353455,562.5677372646545,590.115,0.0933623538982927,0.7229804122105616,21.9583790632199,0.03645149246882454,11.132315713208149,20.387236898282215,20.986756292959146,0,59.383753501400555,56.95611577964517,431570.6388571429,359575.33320000005,1.2002231493924478,0,10922836.552000003,592.7215850408394,1002492.5600608872,0.37767276321745963,0.33557376554956214,0.40054230368843285,0.8377985607497596,0.3891420286231411,0.9336639801611902,2.095304347826087,,,0.011952191235059837,0.0,0.0,0.0,0.0,1.0,1.0,69290.57,0.010803502670095222,0.03549821266319175,0.47995025102621386,0.7307,0.5125679459037797
2024-05-26,602.3,605.4,598.0,600.2,122983.66,0,1,-0.0036520584329348127,0.001501752044051452,0.04473455178416019,0.00907868190988581,0.003678929765886352,-0.003658743479416967,0.6111111111111112,0.23333333333333334,590.7149999999999,0.016056812506877478,584.98,0.026017983520804176,541.3240000000001,0.10876295896727278,,,596.7053926457429,590.9996988019219,0,0,1,53.96463476184794,0,0,5.705693843820995,4.354777352573656,1.3509164912473395,0,618.6072192508317,562.8227807491681,590.7149999999999,0.09443545280154313,0.6700294966618204,20.91849484441848,0.034852540560510625,10.5289340516924,19.872089369165202,20.968652024780155,0,56.302521008403446,57.3762838468721,428831.52100000007,353604.1257333334,1.2127446762976928,0,10799852.892000003,592.9324332383995,1002043.4165482711,0.3685808596212796,0.32762614071405227,0.3999681616495229,0.8191305511990695,0.38628540534094025,0.9302541847489151,2.087652173913044,,,0.012329223592135915,-0.00016600265604253443,0.0,0.0,1.0,1.0,1.0,68507.67,-0.011298795781301996,0.03370340801771321,0.4799519299164738,0.7317,0.5013097340060669
2024-05-27,600.3,614.4,599.6,603.9,229302.377,0,1,0.006164611796067865,0.0059970014992503096,0.0071714476317543685,0.020618556701030855,0.012915129151291449,0.006145688307588639,0.4444444444444444,0.26666666666666666,592.085,0.01995490512341968,585.38,0.031637568758754966,543.8340000000001,0.11044914440803612,,,597.8122553156286,591.9552766684462,0,0,1,55.3334595282023,0,0,5.856978647182359,4.655217611495397,1.2017610356869621,0,619.7279319032941,564.442068096706,592.085,0.0933748765913478,0.7137074323616157,20.481459498388585,0.033915316274861045,10.134895344061546,21.98512613571018,19.88636290794967,0,61.48459383753501,59.05695611577968,394552.8882857143,352288.0745666667,1.1199723089435702,0,11029155.269000003,593.7282098489582,1003456.9766863916,0.26799212265877176,0.32793952393541176,0.398915801399781,0.8220770467970532,0.3862016071558081,0.9359888406695597,2.1005217391304347,,,0.02450736876966378,0.0001666111296233073,0.0,0.0,1.0,1.0,1.0,69436.43,0.01355702215532939,-0.02813555070904683,0.4803620305845477,0.7322,0.5016385744695474
2024-05-28,603.9,606.0,593.8,601.7,284862.985,0,1,-0.0036429872495444826,-0.0011620185922973647,-0.027162489894906994,0.06101216716628466,0.002499166944351927,-0.0036496390875492813,0.23333333333333334,0.23333333333333334,592.74,0.01511623983534102,585.686,0.02734229604258939,546.353,0.10130263767198149,,,598.4103698824549,592.677108026339,0,0,1,54.29960701500903,0,0,5.73326185611586,4.870826460419489,0.8624353956963704,0,620.6547122122792,564.8252877877209,592.74,0.09418872427127963,0.6604888478137114,19.889926677075117,0.03305621850934871,9.423876378369572,21.02190151592308,21.09798258860759,0,58.4033613445379,58.73015873015879,289024.7985714286,353181.5263666667,0.8183463091763419,0,10744292.284000004,594.4137834140012,1002419.2244641695,0.16638443331083108,0.32759339465794735,0.3861776571931913,0.8482971206541442,0.38605403690724904,0.9325790452572845,2.0928695652173914,,,0.020275884992521264,0.0,0.0,1.0,1.0,1.0,1.0,68398.39,-0.014949501292044975,-0.024946420685079573,0.4826788131688757,0.7364,0.5016499938962896
2024-05-29,601.7,603.6,593.1,595.7,212706.254,0,1,-0.009971746717633345,-0.00749750083305567,-0.031067013662979703,0.025301204819277112,0.004892037786774717,-0.010021797591664282,0.2222222222222222,0.2777777777777778,592.6850000000001,0.005087019242936781,585.99,0.016570248639055336,548.794,0.0854710510683427,,,597.9933899005388,592.901025950314,0,0,1,51.474862264789806,0,0,5.092363950224808,4.915133958380554,0.17722999184425436,0,620.5703498604865,564.7996501395136,592.6850000000001,0.09409838231265,0.5540606450176234,19.21921762871261,0.03226324933475341,8.809178783492165,20.201554588096634,20.534822987080084,0,46.15384615384622,55.347267111973046,261575.90814285717,349255.9346666666,0.7489519351833144,0,10531586.030000003,594.3794859126043,1000298.1715740248,0.17018813299329935,0.3268756830564495,0.3846600740908173,0.8497780379964127,0.3820660992483246,0.9232796032238065,2.072,,,0.01762632197414806,0.0,1.0,1.0,1.0,1.0,1.0,67652.42,-0.010906250863507161,-0.02189206296331958,0.4836087480542725,0.7506,0.5092253903739993
2024-05-30,595.7,602.2,586.5,595.1,225452.344,0,1,-0.0010072183985228023,-0.014571948998178486,-0.007008176205573036,0.04550245959241028,0.028872752420470382,-0.0010077259838354306,0.3888888888888889,0.35555555555555557,593.1600000000001,0.0032706183828982746,585.698,0.016052641463689555,551.1990000000001,0.07964637091141302,,,597.5482529927635,593.0639129169573,0,0,1,51.18809066598596,0,0,4.484340075806244,4.828975181865692,-0.3446351060594477,0,620.8602299059365,565.4597700940636,593.1600000000001,0.09339884653697636,0.535017759899245,18.967844940947426,0.031873374123588344,8.669807942025294,19.007185877634473,21.80615982112703,0,42.197452229299394,48.918219909227844,206973.1077142857,331220.5646,0.6248800039461249,0,10306133.686000003,594.6735765110507,1000071.091825158,0.08544668184693008,0.31839252980893895,0.38408885346906807,0.8289554016817625,0.3560782783467739,0.9223496590204587,2.0471276229790165,,,0.026382120651991338,0.0,1.0,1.0,1.0,1.0,1.0,68352.17,0.01034331070492378,0.005627805939857122,0.45775714842073106,0.7337,0.5124108073043327
2024-05-31,595.1,599.0,590.0,593.7,168608.054,0,1,-0.0023525457906233838,-0.013295662290177868,-0.010994502748625568,0.022034773627130466,0.05678177287290875,-0.002355317374176606,0.36666666666666664,0.4777777777777778,593.2349999999999,0.0007838377708667654,585.48,0.014039762246362006,553.3439999999999,0.07293112421929236,,,596.9562140707999,593.1110304786641,0,0,1,50.48139286111134,0,0,3.8451835921357542,4.632216863919705,-0.787033271783951,0,620.9324082009898,565.53759179901,593.2349999999999,0.09337752560449035,0.5083942872312422,18.255856016594038,0.030749294284308636,8.5403921606632,18.337871593169034,21.038283169024066,0,39.77635782747617,42.70921873687393,195064.94742857144,314539.9224666666,0.6201595838736288,0,10137525.632000003,594.8401778416962,999674.4336574551,0.0835513181215186,0.30562183904373724,0.3685599134144634,0.8292324474801217,0.3300332157617759,0.9201797892126472,2.003036437246964,,,0.015159171298635674,0.0,1.0,1.0,1.0,1.0,1.0,67540.01,-0.011881992919902995,-0.014733481361558387,0.44274089645303877,0.7108,0.49316830426798397
2024-06-01,593.8,608.4,593.1,601.9,156464.894,0,1,0.013811689405423433,0.010407923451401624,-0.0008300132802124827,0.03722212648630019,0.07386262265834076,0.013717177277095212,0.45555555555555555,0.5333333333333333,593.5899999999999,0.013999561987230345,585.606,0.027824168468219217,555.5369999999999,0.0834561874366605,,,597.7167965214461,593.7620652580224,0,0,1,54.44819805686134,0,0,3.954731263423696,4.4967197438205035,-0.5419884803968076,0,621.552599081059,565.6274009189408,593.5899999999999,0.09421519594689644,0.6485913375918793,18.044723443980175,0.029979603661704893,8.138102225900182,20.948173897534843,19.764124653594486,0,52.87539936102238,44.94973647259932,200054.36685714286,307762.2751,0.6500288795699212,0,10293990.526000002,595.0148392190313,1001835.4781762357,0.1228844252480476,0.3072550534244882,0.3579834969323785,0.8582939047677031,0.3224473969229936,0.9328890266584003,2.030701754385965,,,0.025419504901146295,0.00016843523665135428,1.0,1.0,1.0,1.0,1.0,67766.85,0.0033586018124664996,-0.021990293917339754,0.44231445861273755,0.7085,0.4946221398069693
2024-06-02,601.9,606.0,596.0,602.9,198299.996,0,1,0.0016614055490944413,0.013107040833473249,0.004498500499833247,0.04943429068755445,0.027086882453151606,0.001660026941634663,0.4777777777777778,0.34444444444444444,594.15,0.014726920811242952,586.602,0.027783744344547074,557.811,0.08083203809175499,,,598.5142124412237,594.4389493129837,0,0,1,54.92244402286846,0,0,4.075263128239953,4.412428420704393,-0.33716529246443994,0,622.4003469936704,565.8996530063296,594.15,0.09509499955792446,0.6548653544319379,17.470100340838734,0.02897677946730591,7.76454728647738,20.09168303237341,18.956045042144076,0,54.47284345047925,49.041533546325944,210813.84342857145,302942.06053333334,0.6958883261618773,0,10492290.522000002,595.4246167494547,1002164.9348899755,0.12057094944234761,0.2777582860678618,0.356290780779426,0.77958314122031,0.30972060594895023,0.93443893366398,2.034075573549258,,,0.01658649859014762,0.0,1.0,1.0,1.0,1.0,1.0,67765.63,-1.8002902599123516e-05,-0.010831487919527705,0.40450922135989265,0.6465,0.4445238675734526
2024-06-03,602.8,638.8,601.2,626.4,654161.467,0,1,0.03897827168684698,0.055078322385042844,0.037257824143070106,0.04469646430953955,0.06948949974389618,0.03823779918123353,0.6333333333333333,0.5333333333333333,597.115,0.04904415397369011,587.802,0.06566496881602982,560.258,0.1180563240507051,,,602.8043336041123,596.806434549059,0,0,1,64.32275019122133,0,0,5.997899055053381,4.729522547574191,1.2683765074791902,1,625.8549428633582,568.3750571366418,597.115,0.09626267256176192,1.0094825716813907,18.907950316493103,0.030185105869241866,9.290152010437795,29.628686838879645,16.263499307775334,0,78.91156462585037,62.08660247911734,271507.99914285715,318176.4677333333,0.8533252037055442,1,11146451.989000002,599.6062154872561,1027663.0182777678,0.2577838871097743,0.2978454958015916,0.35460064599178226,0.8399462865290269,0.32557140945329605,0.9708617482951022,2.11336032388664,,,0.06002554278416333,-0.0001658649859015139,1.0,1.0,0.0,0.0,0.0,68809.9,0.015410024226145236,-0.00902307333484742,0.4043277874367669,0.6396,0.4726900383042218
2024-06-04,626.4,688.2,624.8,685.7,736322.6803,1,0,0.09466794380587484,0.13922578501412208,0.13960445404686728,0.1086499595796282,0.15827702702702706,0.09045106961372541,0.8666666666666667,0.6222222222222222,602.35,0.13837469909521047,590.462,0.16129403755025734,563.23,0.21744225272091333,,,615.5575130496336,603.3911431009805,0,0,1,77.22777072001129,1,0,12.166369948653141,6.2168920277899815,5.94947792086316,0,650.3914952219174,554.3085047780827,602.35,0.15951355597880743,1.3674792449213193,22.085953865315034,0.032209353748454184,12.248631582839426,39.530071198643775,12.92878174280535,0,97.6894639556377,77.02462401065578,336002.24132857146,336705.2825433333,0.9979119982631357,1,11882774.669300001,608.1790718803612,1097369.1723993993,0.5613154474244108,0.39225576005905877,0.3977124147890007,0.9862798984214841,0.3634966211805662,0.9963673350770125,2.313427800269906,,,0.09246025958874156,0.0,0.0,0.0,0.0,0.0,0.0,70537.84,0.025111793506457758,0.031279245023164925,0.40945223922398183,0.577,0.5647395779805925
2024-06-05,685.7,716.0,684.7,698.8,673820.5652,1,0,0.01910456467843069,0.15906452147951566,0.17307369481282509,0.13662979830839306,0.18803128187691254,0.018924363969582636,0.9,0.6444444444444445,608.83,0.14777524103608544,593.686,0.1770531897332932,566.202,0.23418850516246845,,,628.3640495035361,610.4584658342412,0,0,1,79.03212967061862,1,0,17.905583669294856,8.554630356090957,9.350953313203899,0,670.94500708575,546.71499291425,608.83,0.2040471300223379,1.224221119992758,22.744100017792526,0.032547366940172476,15.544378421784511,44.37499729337227,11.657899974933258,0,87.35294117647057,87.98465658598622,401875.71435714286,349877.00121666666,1.148619980620776,0,12556595.2345,618.898422138992,1110242.2209689196,0.5248602713704696,0.3927734007473634,0.3985351293172138,0.9855427335107908,0.3674280057601151,0.9759776536312849,2.357624831309042,,,0.04479107040641093,0.0,0.0,0.0,0.0,0.0,0.0,71108.0,0.00808303741651284,0.051078438879200494,0.40650961291806426,0.5726,0.565037875268249
2024-06-06,698.8,721.8,692.0,711.2,544042.9592,0,1,0.01774470520892968,0.13537675606641142,0.19509326163669982,0.18671783747705684,0.23365134431916745,0.017589105939793407,0.9333333333333333,0.6888888888888889,615.345,0.15577440297719167,597.228,0.19083499099171522,569.3679999999999,0.2491042699976116,,,641.1080418876074,617.9208016983715,0,0,1,80.59914529434113,1,0,23.187240189235922,11.48115232271995,11.706087866515972,0,690.9860213129276,539.7039786870724,615.345,0.2458491458057759,1.1336178328650999,23.248092873664486,0.03268854453552374,18.705247650995528,42.09408847899359,10.590514665581857,0,92.16555801921662,92.40265438377496,447388.6593857143,358362.14289,1.248426119393535,0,13100638.1937,626.787186835711,1119896.1029009174,0.5007311189829876,0.3863666532061781,0.3994828212597856,0.9671671287084507,0.36766027314130134,0.9853144915489056,2.386577181208054,,,0.04190101237345325,0.0,0.0,0.0,0.0,0.0,0.0,70799.06,-0.004344658828823844,0.035798278240471326,0.40388815089764407,0.5544,0.5418585163271369
2024-06-07,711.1,712.0,658.9,684.0,594753.99,0,1,-0.03824521934758163,-0.0024792183170483373,0.1520970186963111,0.13943028485757125,0.1620795107033639,-0.03899576657714444,0.9,0.6333333333333333,620.53,0.10228353181957364,599.866,0.1402546568733684,572.062,0.195674594711762,,,647.7068046741294,622.8155571281218,0,0,1,68.50504744316362,0,0,24.891247546007662,14.163171367377492,10.72807617863017,0,700.1674706833517,540.8925293166483,620.53,0.25667565043866275,0.8984933188822916,25.380371954117024,0.037105806950463484,19.67594464790583,35.80352408347404,18.3232721912591,0,72.06208425720624,83.8601944842978,508266.6502428571,368286.72199000005,1.380084102670033,0,12505884.2037,632.2415046532252,1097149.606095518,0.6202211241395965,0.40617687472262703,0.40876068294648216,0.9936789218443658,0.38884237453377346,0.9476309226932669,2.295302013422819,,,0.07763157894736845,-0.00014060742407202297,0.0,0.0,0.0,0.0,0.0,69355.6,-0.020388123797123736,0.026881695753376622,0.4051251512222401,0.6019,0.6148146510944815
2024-06-08,684.0,694.9,677.9,682.7,216849.473,0,1,-0.0019005847953216248,-0.02303949627933588,0.13424156836683854,0.13330013280212505,0.14393431635388754,-0.0019023931983158287,0.8666666666666667,0.6222222222222222,625.9399999999999,0.09067961785474664,602.44,0.1332248854657725,574.895,0.18752119952339136,,,653.0903731858018,627.251441785298,0,0,1,67.98001825234675,0,0,25.83893140050384,16.498323374002762,9.340608026501076,0,707.0975310251911,544.7824689748088,625.9399999999999,0.25931409088791624,0.8496902831012806,24.781773957394382,0.03629965425134668,20.57730614503682,34.04918204603992,17.42544753596739,0,71.10125646711018,78.44296624784434,516893.0186714286,360019.78439,1.435735037581968,0,12289034.730700001,634.7088977976839,1096737.4652842607,0.6340326430111742,0.40576534704744927,0.4080186645677218,0.9944774155793588,0.38705782873166183,0.9458298697700195,2.2909395973154365,,,0.024901127874615497,0.0,0.0,0.0,0.0,0.0,0.0,69310.46,-0.0006508486697541782,0.022778246295939608,0.3975968090307877,0.6029,0.6270571992668659
2024-06-09,682.7,684.8,670.3,673.0,173565.78,0,1,-0.014208290610810081,-0.05371203599550067,0.11627135511693476,0.12129290236587797,0.14924863387978138,-0.01431019477950688,0.8555555555555555,0.6333333333333333,629.61,0.06891567795937165,604.482,0.1133499425954785,577.551,0.1652650588432882,,,656.1533926956785,630.6402238752759,0,0,1,64.03634880696177,0,0,25.513168820402598,18.30129246328273,7.211876357119866,0,712.3748005526861,546.8451994473139,629.61,0.26290815124501227,0.7621283426665116,24.047361531866212,0.03573159217216376,21.000190460592883,32.58269166973654,18.932387467390956,0,63.93200295639322,69.0317812269032,513359.55924285715,355931.4598566666,1.442298917464578,0,12115468.950700002,638.404046888804,1094271.3922419287,0.658097493879543,0.40365684808959884,0.3977987985608826,1.0147261619439498,0.386140971473573,0.9323912441119424,2.2470784641068446,,,0.021545319465081723,0.0,0.0,0.0,0.0,0.0,0.0,69648.14,0.004871991904252138,0.027779716649871,0.37955295558278884,0.5811,0.6299045658082206
2024-06-10,673.1,674.8,613.3,625.1,692122.616,0,1,-0.07117384843982166,-0.08611111111111103,-0.0020753512132821728,0.035105149859248286,0.05555555555555558,-0.07383369270696111,0.4444444444444444,0.4777777777777778,629.94,-0.007683271422675225,605.392,0.032554113698231836,579.693,0.07832939159175639,,,651.3759476655741,630.2298369215517,0,0,1,48.938413039469296,0,0,21.146110744022394,18.870256119430664,2.27585462459173,0,712.5708060305765,547.3091939694236,629.94,0.26234500438319974,0.4707131018532661,26.72254999387577,0.04274924011178335,19.96951172117522,27.226499619662096,31.056065174033392,0,28.529194382852946,54.52081793545211,518782.5805285714,371978.93688999995,1.3946557965511461,0,11423346.334700001,641.7196196768467,1045010.3620689719,0.8204928031374329,0.4625761530475474,0.4264292985931992,1.084766348310488,0.41847973280763984,0.8660293710169022,2.0788160957765216,,,0.09838425851863701,0.00014858841010404567,0.0,0.0,0.0,0.0,0.0,69540.0,-0.0015526617078359672,0.010610391818619114,0.3797948289392902,0.5374,0.659609293772945
2024-06-11,625.1,629.0,595.8,602.5,640655.92,0,1,-0.03615421532554797,-0.1174747326790685,-0.12133586116377426,0.001329566229017809,0.012945527908540866,-0.036823971572956665,0.03333333333333333,0.3,629.325,-0.042625034759464574,605.3520000000001,-0.004711308461853745,581.573,0.03598344489857683,,,643.8565711016397,628.1757749273628,0,0,0,43.70290396366089,0,0,15.680796174276907,18.23236413039991,-2.551567956123005,0,712.6107572963148,546.0392427036853,629.325,0.2646828182459452,0.33895805915192767,27.185224994313216,0.04512070538475223,19.543374527491952,24.85147056944963,32.945060381573214,0,11.825572801182561,34.76225671347624,505115.9004857143,386961.11549,1.3053402015499609,0,10782690.414700001,640.2651804930044,1021847.9499877049,0.5349536597233719,0.4758066444570115,0.43213732593788096,1.101054261916287,0.42734715288072134,0.8347187586589083,2.0036581310276023,,,0.0551037344398341,0.0,1.0,1.0,0.0,0.0,0.0,67314.24,-0.032006902502156986,-0.045700293629631905,0.393861242841954,0.5658,0.6883397437710281
2024-06-12,602.5,635.4,591.3,619.4,454148.661,0,1,0.028049792531120277,-0.07964338781575042,-0.11362335432169435,0.03978512674164847,0.04681426398512745,0.027663602174292305,0.05555555555555555,0.45555555555555555,630.33,-0.01734012342741114,605.616,0.02276029695384533,583.5830000000001,0.06137430322679017,,,640.0940217013874,627.525717525336,0,0,1,48.16837056563556,0,0,12.56830417605147,17.099552139530225,-4.531247963478755,0,712.5687563903491,548.091243609651,630.33,0.2609387349177385,0.4335471468700205,28.39342320900513,0.04584020537456431,18.900279233289485,23.704449784398548,29.29009636268583,0,24.316334072431626,21.557033752155707,473734.19988571433,389105.72799,1.2174947984777271,0,11236839.075700002,642.1432267916676,1034586.725707041,0.5624788931202426,0.48191936799313645,0.4070627139087611,1.183894647008013,0.443614645907015,0.858132446661125,2.015619915392125,,,0.07119793348401683,0.0,0.0,0.0,0.0,0.0,0.0,68263.99,0.014109198885703833,-0.03999564043426895,0.3905222506430959,0.5832,0.7245400243077678
2024-06-13,619.4,619.9,595.6,599.8,313465.472,0,1,-0.03164352599289644,-0.04047352423612238,-0.1566366704161981,0.007897832297092844,0.05766178804443656,-0.0321550012241938,0.011111111111111112,0.5333333333333333,630.305,-0.048397204527966614,605.436,-0.009308993849060976,585.64,0.02417867631992345,,,633.8949414396354,625.4719606716073,0,0,0,43.82654712956657,0,0,8.422980768028083,15.364237865229796,-6.941257097201714,0,712.5824887675501,548.0275112324498,630.305,0.2610719850470809,0.31462122594563785,28.101035836933335,0.046850676620429035,18.303119317244334,22.240299054705467,27.48093747681147,0,7.4355083459787235,14.525805073197636,440794.55885714287,384444.2998566667,1.146575873335839,0,10923373.603700003,642.076109602988,1024667.5728959334,0.5098723994533668,0.4746132058346574,0.4103453856232857,1.1566188446685062,0.4391464372321351,0.8309781102798559,1.900506970849176,,,0.04051350450150043,0.0,1.0,0.0,0.0,0.0,0.0,66773.01,-0.021841383722223218,-0.05686586799316262,0.3906281265009267,0.5804,0.7105813476581099
2024-06-14,599.8,612.5,590.0,603.3,279802.085,0,1,0.005835278426141954,0.0013278008298753807,-0.11798245614035097,0.016169782718544523,0.03838209982788299,0.005818319131807248,0.05555555555555555,0.4222222222222222,630.35,-0.042912667565638246,605.238,-0.0032020461372222193,587.379,0.027105156977011324,,,629.1880273719992,623.8295932144513,0,0,0,44.78368452149285,0,0,5.35843415754789,13.363077123693415,-8.004642966145525,0,712.5641875321927,548.1358124678073,630.35,0.26085250268007515,0.335490681037211,27.700961848580956,0.04591573321495269,17.9397282658598,20.949970655212653,27.330553082355497,0,10.091047040971137,13.947629819793827,395801.4295714286,380343.93625666667,1.0406408301572891,0,11203175.688700004,641.2221446390797,1026300.2959661235,0.5263902357453734,0.4700594995163816,0.40700697834827787,1.1549175432420948,0.4361526786579424,0.8358270989193682,1.9115969581749046,,,0.037294878170064646,0.0,1.0,0.0,0.0,0.0,0.0,66043.99,-0.010917884336799966,-0.04774827122827863,0.32687013513298196,0.6045,0.8761034364314518
2024-06-15,603.3,609.7,601.3,608.2,122650.197,0,1,0.008121995690369754,-0.018082014853083472,-0.1091255309799326,0.010466854959295668,0.06851721714687287,0.008089189796548338,0.08888888888888889,0.5888888888888889,630.75,-0.03575108997225518,605.442,0.004555349645383106,588.715,0.03309750898142567,,,625.9591000839993,622.6718455689364,0,0,1,46.16663742320866,0,0,3.287254515062841,11.347912601967302,-8.06065808690446,0,712.4226070163166,549.0773929836834,630.75,0.2589698201072268,0.3619488172117801,26.322321716539467,0.04327905576543812,17.602293718145585,20.472429861946324,26.707571111919748,0,13.808801213960585,10.445118866970148,382344.39014285716,370701.0409566667,1.0314090005146532,0,11325825.885700004,641.3081353780085,1027296.4603375804,0.5423435044590841,0.46583765238711805,0.40264034541001364,1.1569572142919504,0.4319582967789701,0.8426156830146856,1.9271229404309251,,,0.013811246300559176,0.0,0.0,0.0,0.0,0.0,0.0,66228.25,0.0027899586321176173,-0.04446962262261722,0.32390931998097683,0.5971,0.8653100170389848
2024-06-16,608.2,611.8,601.1,610.8,104827.154,0,1,0.0042749095692204975,0.018339446482160682,-0.09242199108469551,0.01310333388621654,0.05147185401962462,0.004265798101212945,0.1,0.5111111111111111,631.095,-0.032158391367385374,605.734,0.008363407040053748,589.965,0.035315654318476386,,,623.6269308403071,621.792449600867,0,0,1,46.92623197277675,0,0,1.8344812394400378,9.44522632946185,-7.610745090021812,0,712.3472640980067,549.8427359019934,631.095,0.25749614272972104,0.3751111724374831,25.2064415939295,0.04126791354605354,17.185122864192472,20.446770322586428,25.89776957813142,0,15.781487101669168,13.22711178553363,372524.5864285715,366297.95889,1.0169988049003609,0,11430653.039700003,641.9260274769964,1027744.5869413292,0.556765101700672,0.46271793251131743,0.4022645483014992,1.1502826546984402,0.43037970290294264,0.8462177888611804,1.9353612167300378,,,0.017518009168303754,0.0,0.0,0.0,0.0,0.0,0.0,66676.87,0.006773846508098869,-0.04266115362161871,0.31449983611524973,0.5905,0.875677166580858
2024-06-17,610.9,612.6,591.4,604.3,235509.028,0,1,-0.010641781270465,0.0016575501408917503,-0.033274676051831764,-0.03528097062579827,0.04135791831811142,-0.010698809976964568,0.2777777777777778,0.4444444444444444,631.225,-0.042655154659590584,605.816,-0.0025024099726650936,591.125,0.022288010150137372,,,620.6535568648752,620.4967125933954,0,0,0,45.20880586802925,0,0,0.1568442714798266,7.587549917865445,-7.4307056463856185,0,712.2873379355576,550.1626620644424,631.225,0.25684134163113814,0.3339241089900175,24.92026719436311,0.041238237951949544,17.176154631938086,19.20431766502514,27.10438151158968,0,10.849772382397541,13.480020232675765,307294.0738571429,368545.7694566667,0.8338016586384238,0,11195144.011700002,642.2745377267778,1025238.3513781334,0.36795386796071267,0.4640552070142304,0.3978867374226769,1.1662997616360922,0.4341049865188261,0.8372125242449432,1.8967357187696168,,,0.03508191295714057,0.0001637197118533444,0.0,0.0,0.0,0.0,0.0,66504.33,-0.002587703951910103,-0.043653580672993963,0.3145558315161019,0.5903,0.8777965524430643
2024-06-18,604.3,605.2,575.0,588.6,459142.573,0,1,-0.025980473274863414,-0.03222624136797114,-0.0230705394190871,-0.14160711681493365,0.024543080939947837,-0.026323927568140372,0.32222222222222224,0.34444444444444444,630.87,-0.06700271054258403,605.732,-0.028283135115859736,591.7220000000001,-0.005276126289034497,,,615.7222404241252,618.1339931420328,0,0,0,41.279070832186434,0,0,-2.411752717907575,5.587689390710842,-7.999442108618417,0,712.6464372188598,549.0935627811402,630.87,0.25924972567679483,0.24155146985144382,25.29739096619432,0.04297891771354794,17.751632317287584,17.566739436789234,29.423784103195484,0,9.264305177111735,11.965188220392816,281363.59571428574,379111.9390566667,0.7421649563830531,0,10736001.438700002,640.3576183276095,1013309.6100309549,0.3333829196451207,0.46989075092618504,0.40192398112776023,1.1691035444257807,0.44199753949765197,0.8154613466334165,1.8200371057513918,,,0.0513081889228679,0.0,0.0,0.0,0.0,0.0,0.0,65175.32,-0.019983811580388866,-0.03177514891351374,0.3187205647009608,0.6006,0.8922970604712498
2024-06-19,588.6,605.9,586.6,599.3,260529.062,0,1,0.01817872918790342,-0.01882776686313037,-0.03245075879883763,-0.14238694905552374,-0.0005003335557038913,0.01801547166476709,0.26666666666666666,0.2111111111111111,631.0799999999999,-0.05035811624516698,606.15,-0.011300833127113788,592.485,0.011502400904664154,,,613.1957418973367,616.7388825389191,0,0,0,44.80069229915456,0,0,-3.543140641582454,3.7615233842521825,-7.3046640258346365,0,712.4904247818267,549.6695752181731,631.0799999999999,0.2580035012417659,0.30481615170804144,24.86900589718044,0.04149675604401876,18.24566815031716,16.794010315240563,27.792726221234936,0,16.55313351498635,12.222403691498542,253703.653,372154.4809233333,0.6817159701276441,0,10996530.500700003,640.2390879349462,1018045.6972946314,0.29895345150860947,0.4559578085714541,0.39895599472797993,1.1428774466275151,0.4344961071070161,0.8302853976170684,1.7980798079807978,,,0.03220423827799092,0.0,0.0,0.0,0.0,0.0,0.0,64974.37,-0.0030832222994838787,-0.04818968243725574,0.2151920590649743,0.6144,1.311076374645424
2024-06-20,599.3,608.0,584.6,587.7,289498.772,0,1,-0.019355915234440024,-0.027469799768326864,-0.02017339113037664,-0.17365016872890893,-0.04979789814066282,-0.019545693845534652,0.3333333333333333,0.05555555555555555,630.78,-0.06829639493959848,606.668,-0.031265865349746416,592.9870000000001,-0.008915878425665375,,,609.2733200669771,614.5878542027028,0,0,0,41.86910818925112,0,0,-5.314534135725694,1.9463118802566075,-7.260846015982302,0,712.8122555301755,548.7477444698244,630.78,0.26009783293755534,0.2374203615299049,24.764076904524693,0.042137275658541244,18.57654887224738,16.26623014721132,25.91688175252484,0,9.270072992700763,11.695837228266283,250279.83871428572,347685.7862233333,0.7198448962579114,0,10707031.728700003,639.4964216067748,1012442.1836033249,0.25696419104831186,0.44954671513630234,0.39996837961204873,1.12395563762401,0.42628325925214294,0.8142144638403991,1.7044663573085848,,,0.039816232771822314,0.0,0.0,0.0,0.0,0.0,0.0,64869.99,-0.0016064796011104887,-0.02849983848264437,0.2103934300202192,0.68,1.4637033614042
2024-06-21,587.7,589.3,577.8,586.1,191182.614,0,1,-0.0027224774544836183,-0.004247366632687766,-0.028509862423338195,-0.14312865497076022,-0.046681847755367545,-0.0027261901362212546,0.2777777777777778,0.06666666666666667,629.99,-0.06966777250432545,607.18,-0.03471787608287481,592.543,-0.010873472473727617,,,605.7081939028268,612.4776427802803,0,0,0,41.46605990067233,0,0,-6.769448877453556,0.20315972871457477,-6.97260860616813,0,713.4845923241021,546.4954076758979,629.99,0.2650664052575504,0.23716860710193313,23.81664283991579,0.04063580078470532,19.146480399857698,15.70521295086832,27.062406820896136,0,9.257714762301939,11.693640423329683,237619.9142857143,340563.59045666666,0.6977255377390352,0,10515849.114700003,638.9181448547571,1011921.6932470207,0.2497864360389913,0.4493748576585712,0.3903779998200774,1.1511275170877586,0.42522156142077766,0.8119977833194791,1.6998259860788862,,,0.01962122504692032,0.0,0.0,0.0,0.0,0.0,0.0,64143.56,-0.011198244365383747,-0.028775214822726602,0.20922073133534025,0.6803,1.471888181932759
2024-06-22,586.2,591.4,581.0,591.1,100439.584,0,1,0.008530967411704449,-0.013682629734690366,-0.028115751397566613,-0.13417313607734005,-0.013682629734690366,0.008494784347940224,0.28888888888888886,0.17777777777777778,629.4,-0.060851604702891575,607.262,-0.026614541993406342,592.422,-0.0022315173980709743,,,603.460779456238,610.8941136854448,0,0,0,43.30284907765716,0,0,-7.433334229206821,-1.3241390628697045,-6.109195166337116,0,713.8617633825141,544.9382366174858,629.4,0.2683881899666799,0.2732701848376926,22.85831120849323,0.0386708022474932,19.534578781042377,15.851036076161876,26.182923554330984,0,14.66302367941715,11.063603811473284,234446.96957142858,323655.84502333327,0.7243711898808026,0,10616288.698700003,639.2105705078775,1012778.5400649699,0.2506303291675213,0.4444164719255376,0.39075853987948184,1.1373173624371844,0.41215917285238235,0.8189249099473539,1.7143271461716938,,,0.017594315682625573,0.00017061934823412855,0.0,0.0,0.0,0.0,0.0,64262.01,0.0018466390078755168,-0.029688841242219155,0.20469903392287994,0.6711,1.4677060489379177
2024-06-23,591.1,593.2,576.0,577.5,141025.834,0,1,-0.023007951277279726,-0.017355793772332873,-0.05451866404715122,-0.1419019316493314,-0.037981009495252294,-0.02327676543437528,0.17777777777777778,0.12222222222222222,626.955,-0.07888125942053263,607.0980000000001,-0.04875324906357798,591.87,-0.024278980181458774,,,599.4668133860475,608.4204756346712,0,0,0,39.65756648800657,0,0,-8.953662248623687,-2.850043700020501,-6.103618548603185,0,714.5552277093869,539.3547722906131,626.955,0.2794466196437923,0.21772333649595846,22.45414612217229,0.038881638306791845,20.10230190721441,14.983751703357434,26.340876294981513,0,2.505010020040081,8.80858282058639,239618.2095714286,319957.8669566667,0.748905510124185,0,10475262.864700003,639.644658827499,1009533.8245474602,0.26613899409918884,0.4492334158922894,0.3934147199798802,1.1418825810972804,0.41228895896320306,0.8000831255195345,1.6748839907192574,,,0.029783549783549863,0.0,0.0,0.0,1.0,0.0,0.0,63210.01,-0.016370480786393027,-0.05199494217410017,0.20650311620411277,0.6857,1.5024599937976792
2024-06-24,577.5,582.0,551.2,568.1,356915.248,0,1,-0.016277056277056223,-0.030711482682136193,-0.05990402118153226,-0.09118541033434646,-0.05693891102257631,-0.01641098283286735,0.14444444444444443,0.044444444444444446,621.075,-0.08529565672422819,606.62,-0.06349939006297185,591.7869999999999,-0.04002622565213481,,,594.6411497881941,605.4337737358067,0,0,0,37.31915893034634,0,0,-10.792623947612583,-4.438559749538918,-6.354064198073665,0,707.8560281231149,534.2939718768852,621.075,0.2794542627641263,0.19477775761745283,23.05027854201712,0.04057433293789319,21.512790455404982,13.55364951663993,31.511873646559163,0,20.07125890736341,12.41309753560688,256961.9552857143,327803.74328999995,0.7838896307489276,0,10118347.616700003,633.0017826924131,1003724.2949696247,0.27073116697554933,0.45109177770586706,0.39431818521765993,1.1439791382100946,0.4225011762698279,0.78706012745913,1.6476218097447797,,,0.05421580707621889,0.0,1.0,1.0,1.0,0.0,0.0,60293.3,-0.04614316624851034,-0.09339286629908161,0.2379102935430722,0.6386,1.2198727478044094
2024-06-25,568.1,580.0,566.4,578.2,177300.699,0,1,0.017778560112656328,-0.021823718490948996,-0.01766904519198098,-0.040331950207468825,-0.03665444851716093,0.017622370019164585,0.4222222222222222,0.14444444444444443,615.045,-0.059906185726247535,606.42,-0.04653540450512832,591.8520000000001,-0.023066577455174674,,,592.111742128472,603.4164571627839,0,0,0,41.32268431420934,0,0,-11.304715034311926,-5.811790806493519,-5.492924227818406,0,695.6243097382592,534.4656902617407,615.045,0.2620273630002983,0.2713743135819775,22.375258646158755,0.038698129792733925,22.822529821581945,12.965213753916203,30.1437761919731,0,32.06650831353922,18.214259080314235,216698.83042857144,329614.31125666667,0.6574314980511592,0,10295648.315700002,624.2846841659442,1006876.4461048122,0.2796843690118967,0.45459606613135767,0.39301018090673506,1.1567030275972354,0.42397485497058457,0.801052923247437,1.6477628954117984,,,0.023521272915946075,0.0,0.0,1.0,1.0,0.0,0.0,61806.01,0.025089189014368074,-0.05169610214418585,0.25186124455849607,0.6389,1.161399704688025
2024-06-26,578.3,584.7,567.4,573.0,154770.344,0,1,-0.008993427879626537,-0.007792207792207795,-0.04388453195394615,-0.07491120439134646,-0.051167411823149545,-0.009034112867506232,0.23333333333333334,0.06666666666666667,608.135,-0.057775000616639385,606.35,-0.055001236909375806,592.028,-0.03214037173917453,,,589.171474108707,601.163386261837,0,0,0,39.90933687599743,0,0,-11.991912153129988,-7.047815075820814,-4.944097077309174,0,676.8202554467773,539.4497445532227,608.135,0.22588818419192225,0.24423186045202,22.012740171433137,0.038416649513844915,23.677830451927562,13.762485178631913,28.45161544434681,0,31.732168850072746,27.95664535699179,201590.44214285718,327129.91015666665,0.6162397135936392,0,10140877.971700002,615.3322868257737,1005484.5301781432,0.24050601610311362,0.454580526292519,0.39336413780127444,1.1556226981783753,0.42507215402035087,0.7938487115544473,1.6090985678180285,,,0.03019197207678895,0.00017295053614650475,0.0,1.0,0.0,0.0,0.0,60864.99,-0.015225380185519222,-0.06324616922026338,0.24891611821553739,0.6436,1.1840515523492754
2024-06-27,573.1,584.7,566.4,581.7,199582.231,0,1,0.015183246073298573,0.02393944728040842,-0.010209290454313402,-0.030176725575191576,-0.03323915572544456,0.01506913420197639,0.5,0.16666666666666666,603.0200000000001,-0.0353553779310803,606.212,-0.040434699412086765,592.768,-0.01867172316994167,,,588.0220165535213,599.7216539461454,0,0,0,43.3974987124265,0,0,-11.699637392624027,-7.978179539181456,-3.721457853442571,0,662.5425777596827,543.4974222403175,603.0200000000001,0.1974149373476255,0.3209082939411851,21.747544444902204,0.03738618608372392,24.510275372368124,12.935286768100552,27.069966640937213,0,49.67426710097722,37.82431475486306,188745.222,324287.2183566667,0.5820310247085007,0,10340460.202700002,606.5353483404426,1008514.8363032741,0.25057263846271477,0.45713128381983553,0.39440668154269254,1.1590353440053307,0.42719624502155806,0.8059019118869494,1.6335299073294018,,,0.03145951521402796,0.00017452006980806761,1.0,0.0,0.0,0.0,0.0,61706.47,0.013825353458531753,-0.048767080124414997,0.25213059894902723,0.6513,1.1891178095510337
2024-06-28,581.8,585.3,565.6,567.4,210308.565,0,1,-0.024583118445934415,-0.0186786579038396,-0.03190581811977489,-0.05950605005801424,-0.047507134463656286,-0.024890328541964924,0.28888888888888886,0.08888888888888889,597.255,-0.049987023967986904,605.624,-0.06311506809505575,592.874,-0.04296697105961814,,,584.8493986222103,597.327457357542,0,0,0,39.3538085936784,0,0,-12.478058735331729,-8.87815537841151,-3.599903356920219,0,645.5613240928968,548.9486759071032,597.255,0.16176113751378166,0.1909824897606934,21.601291270266326,0.038070657860885315,25.31570281493814,12.09266138274308,25.57111992466841,1,26.384364820846805,35.93026692396559,191477.5007142857,324207.29539,0.5906020729235932,0,10130151.637700003,602.1892839069914,1003344.7959396846,0.28778096147604176,0.46165412886465945,0.39683579700123484,1.1633379154633645,0.43024992335954426,0.7860903297312275,1.593372648132547,,,0.03471977440958748,0.0001719099192021816,1.0,0.0,0.0,0.0,0.0,60427.84,-0.020721165868020086,-0.05792818484037998,0.25627318194212223,0.6594,1.1960354440912475
2024-06-29,567.4,573.9,566.9,570.0,99951.169,0,1,0.004582305252026853,-0.005235602094240788,-0.03569615970225004,-0.06280828674778038,-0.0421777852461771,0.004571838453844925,0.25555555555555554,0.12222222222222222,592.105,-0.037332905481291354,605.312,-0.05833685768661453,593.036,-0.038844184838694354,,,582.5648757572549,595.3032012569834,0,0,0,40.44045078574966,0,0,-12.73832549972849,-9.650189402674906,-3.0881360970535834,0,626.3155231578882,557.8944768421119,592.105,0.11555559624690935,0.17692689325472752,20.55834189381873,0.03606726648038374,26.06359972589601,11.798555431854624,24.949204011976136,1,30.61889250814326,35.559174809989095,191407.72714285713,320023.92289000005,0.5981044336133852,0,10230102.806700002,599.2702457005001,1003802.8027063395,0.2811515225184787,0.4620017814708389,0.3938353276625742,1.1730836444075114,0.42831883441108515,0.7896924355777224,1.6006739679865205,,,0.012280701754385965,0.0,1.0,0.0,0.0,0.0,0.0,60986.68,0.009248055201046546,-0.0509683715153012,0.2557734065660998,0.6655,1.2102730677512985
2024-06-30,570.0,585.3,568.3,582.2,169894.148,0,1,0.02140350877192998,0.000859549596011755,0.008138528138528223,-0.046823837590045714,-0.019370052214923383,0.021177670482927166,0.6555555555555556,0.23333333333333334,589.9599999999999,-0.013153434131127328,605.112,-0.03786406483427848,593.32,-0.018741994202116908,,,582.5087410253695,594.332593756466,0,0,0,45.385411684742614,0,0,-11.823852731096508,-10.084922068359226,-1.7389306627372818,0,620.6593159532838,559.260684046716,589.9599999999999,0.10407253357272993,0.3736128190639733,20.304174615688822,0.03487491345875785,25.749341663537173,15.1033809363897,23.457123561134583,1,50.48859934853422,35.83061889250809,195531.77200000003,320066.7926900001,0.6109092741444809,0,10399996.954700002,593.1970172054628,1007439.133593357,0.28750689697889453,0.4666066528074979,0.391567031549703,1.1916392730021497,0.43057492122551033,0.8065946245497368,1.6349340073013199,,,0.02919958777052559,0.0,0.0,0.0,0.0,0.0,0.0,62772.01,0.029274097229099905,-0.006929282245011548,0.2716102531771783,0.6681,1.1551520363925298
2024-07-01,582.3,588.3,576.2,576.9,188481.951,0,1,-0.009103400893163971,0.016743038420867107,0.015490230593205423,-0.04534171768988904,-0.04153513872736336,-0.009145090048679222,0.6777777777777778,0.13333333333333333,588.6800000000001,-0.020010871780933758,604.754,-0.04605839729873641,593.57,-0.02808430345199399,,,581.6458577906973,593.0412905152464,0,0,0,43.688424489273146,0,0,-11.395432724549096,-10.347024199597202,-1.0484085249518937,0,619.3125317269004,558.0474682730998,588.6800000000001,0.10407192949276452,0.3077207573793951,19.718162143139615,0.034179514895371146,25.208720410147325,15.52811296704442,22.428951835750077,1,45.246478873239354,42.11799024330562,171469.87242857143,321134.02792333334,0.533951115481003,0,10211515.003700003,590.4055792088241,1005723.3068322784,0.27173119392111117,0.465191353011581,0.39203365194280504,1.1866107685047638,0.4298115161690388,0.7992518703241895,1.6200505475989888,,,0.020974172300225184,0.0001717622810029355,0.0,0.0,0.0,0.0,1.0,62899.99,0.002038806786655245,0.0432334936054255,0.2713983882310994,0.6623,1.1429347498420188
2024-07-02,576.9,582.0,573.9,580.1,144561.934,0,1,0.005546888542208528,0.017719298245614024,0.0032860601867865658,-0.014441046551138315,-0.03781721678553651,0.005531561209175076,0.5777777777777777,0.18888888888888888,586.7149999999999,-0.01127463930528433,604.5219999999999,-0.04039886058737302,593.694,-0.022897317473311064,,,581.4080335152054,592.0826764030058,0,0,0,45.024978417839066,0,0,-10.674642887800474,-10.412547937237857,-0.26209495056261645,0,613.8979881011049,559.5320118988949,586.7149999999999,0.0926616435615419,0.3783246349629424,18.888293418629644,0.03256040927190078,24.841675470450895,15.052467957554027,22.611701046973028,0,50.88028169014085,48.87178663730481,166792.906,319342.75919,0.5223005726607468,0,10356076.937700003,587.3023542068853,1006525.1757676225,0.2518592261986608,0.4655488595623003,0.38046745431714696,1.2236233461751813,0.42952792374896037,0.8036852313660294,1.6290367874192642,,,0.013963109808653718,0.0,0.0,0.0,0.0,0.0,0.0,62135.47,-0.01215453293394797,0.005330549569532161,0.27277247683001077,0.6538,1.1234108031712238
2024-07-03,580.1,581.0,550.5,556.7,288318.808,0,1,-0.040337872780555006,-0.04379938165578834,-0.028446771378708435,-0.07108293008509914,-0.11127075351213267,-0.041174007282556484,0.3333333333333333,0.011111111111111112,584.5600000000001,-0.04765977829478584,604.314,-0.07879016537760158,593.3910000000001,-0.06183275445701068,,,577.6067975897892,589.4617374101906,0,0,0,37.93452482060538,0,0,-11.854939820401455,-10.701026313870576,-1.1539135065308788,0,614.1062100160976,555.0137899839025,584.5600000000001,0.10108871635451476,0.028535132173955112,19.717701031584667,0.035418898925066764,25.65370484102987,13.389349292285443,28.59016938370737,1,10.782608695652254,35.63645641967749,185871.25799999997,307148.00389000005,0.6051520949052518,0,10067758.129700003,584.2691584044125,994895.0083702772,0.35535226646755125,0.46385533766100995,0.3896175152872977,1.1905402592564927,0.42679548357253855,0.7712662787475756,1.563324908733502,,,0.05478713849470091,0.0,0.0,0.0,0.0,0.0,1.0,60208.58,-0.031011111688702075,-0.010784689194888508,0.27903495598910305,0.6602,1.1036487950559133
2024-07-04,556.7,558.1,511.6,513.6,511359.494,0,1,-0.07742051374169212,-0.10972438897555892,-0.11707065497679214,-0.12608473711077084,-0.2509843955082398,-0.08058174281371067,0.05555555555555555,0.011111111111111112,580.075,-0.1145972503555575,602.966,-0.14821067854572229,592.7230000000001,-0.13349068620586688,,,567.7595979605908,583.8423494538803,0,0,0,28.905401128668686,0,1,-16.082751493289493,-11.77737134975436,-4.3053801435351335,0,622.1988212391639,537.9511787608362,580.075,0.14523577550890424,-0.28904285086790943,21.630722386471476,0.042115892497023896,27.617543669506357,11.333395427330485,37.04559376280736,1,2.450980392156862,21.371290259316655,230410.86700000003,299649.23101333337,0.7689352855030271,0,9556398.635700002,576.590165360905,955305.2936381055,0.5490373294816312,0.42465621056377356,0.42165674484066856,1.0071135248274954,0.4204566534835399,0.7115544472152951,1.4422914911541702,,,0.09053738317757008,0.0,0.0,1.0,1.0,1.0,1.0,57050.01,-0.05246046327616427,-0.07546145485230316,0.29793937868884424,0.71,0.9904065720892797
2024-07-05,513.5,516.1,454.8,497.7,992708.164,1,0,-0.030957943925233655,-0.14204447509050167,-0.12284102925625662,-0.1508275038389354,-0.2877790497996565,-0.03144726651124293,0.03333333333333333,0.011111111111111112,574.55,-0.13375685318945257,601.536,-0.17261809766996483,591.957,-0.15922947105955332,,,556.9811982743461,577.4614346795188,0,0,0,26.408195956905445,0,1,-20.480236405172718,-13.517944360838031,-6.962292044334687,0,628.47507472605,520.6249252739499,574.55,0.18771238265094448,-0.21256275851645084,24.46424221600923,0.04915459557164804,30.426827504810348,9.3049622157619,46.99920300031907,1,30.997109826589575,14.743566304799563,342182.2382857143,310278.81764,1.10282178103028,1,8563690.471700002,559.5179586910467,924573.0899628719,0.5539874163870818,0.420293064466347,0.42578266721585417,0.987107030952192,0.46815377369520206,0.6895261845386534,1.3976411120471777,,,0.12316656620454092,-0.00019470404984428102,1.0,1.0,1.0,1.0,1.0,56628.79,-0.007383346646214428,-0.06286920068630608,0.2945439725120234,0.6944,0.969407415426044
2024-07-06,497.8,530.7,496.0,526.0,226597.141,0,1,0.056861563190677034,-0.05514639841925639,-0.07719298245614037,-0.11013364912874302,-0.2604049493813274,0.05530372687320129,0.14444444444444443,0.022222222222222223,570.3100000000001,-0.07769458715435475,600.438,-0.12397283316512278,591.3829999999999,-0.1105594851390722,,,552.2148600782929,573.6494765551099,0,0,0,36.86335657681266,0,0,-21.43461647681704,-15.101278784033834,-6.333337692783207,0,625.5531524692102,515.0668475307899,570.3100000000001,0.19373026062741364,0.09895482046669671,25.195367772008574,0.047899938730054326,32.13647017489892,12.52867784193453,42.37569907783861,1,51.44508670520229,28.297725641316244,360274.51999999996,299697.2903666666,1.2021280524732798,0,8790287.612700002,556.8174055961562,937457.7576146701,0.7062791733635705,0.4555632355004125,0.4404757078071947,1.034252803107639,0.4771118312526173,0.7287337212524245,1.4771131704577365,,,0.06596958174904952,0.00020092425155720863,0.0,0.0,1.0,1.0,1.0,58230.13,0.02827784241902398,-0.04519921399230131,0.31212730964932783,0.7423,1.0673173411719994
2024-07-07,526.0,526.6,488.4,490.7,279027.459,0,1,-0.06711026615969584,-0.0445872274143303,-0.157162487117829,-0.15030303030303027,-0.2826023391812865,-0.06946826964185218,0.011111111111111112,0.022222222222222223,564.63,-0.13093530276464235,598.646,-0.18031691517190457,590.165,-0.1685376123626443,,,542.7510354508631,567.5050708843611,0,0,0,30.95570455675717,0,0,-24.75403543349796,-17.03183011392666,-7.722205319571302,0,627.9308888272144,501.3291111727856,564.63,0.22422077759670725,-0.08395704523042903,26.124270074007963,0.053238781483611095,33.85617565045371,11.22010951445843,40.02771357202171,1,26.891385767790258,36.44452743319404,375864.99299999996,289173.07266666665,1.2997925067292284,0,8511260.153700002,552.012761712237,918732.1505753165,0.7389141056937824,0.48027555307761444,0.4593806709947506,1.0454848960832803,0.4760434190634632,0.6798282072596288,1.3779837124403256,,,0.07784797228449164,0.0,1.0,1.0,1.0,1.0,1.0,55857.81,-0.040740420809639244,-0.11014781906776605,0.3253986676263915,0.7651,1.1098237764758132
2024-07-08,490.7,524.2,471.0,510.6,580970.096,0,1,0.040554310169146124,0.02591922845087402,-0.11492459698387925,-0.10121457489878538,-0.252087300424784,0.03975356171152575,0.08888888888888889,0.044444444444444446,560.73,-0.08940131614145845,597.368,-0.1452504988549772,589.264,-0.13349534334356075,,,537.8047223045764,563.2898804484824,0,0,0,37.07763153173935,0,0,-25.485158143906006,-18.72249571992253,-6.762662423983475,0,627.3376366729631,494.1223633270369,560.73,0.23757472107061536,0.12369179793802536,28.0582507830074,0.05495152914807559,35.737312770561445,9.700541652417527,39.036219216114944,1,41.79775280898879,40.04474176066045,431934.728,301310.42676666664,1.4335206804326364,0,9092230.249700002,543.6811016944407,942292.9920474992,0.8335697144666212,0.5018744372679659,0.46646162273081493,1.0759179594021755,0.5093674330258934,0.7073981712385703,1.4338668913226622,,,0.10419114766940862,0.0,1.0,1.0,1.0,1.0,1.0,56714.62,0.015339126256471713,-0.09833658161153913,0.3313483208448133,0.7739,1.1545183057962085
2024-07-09,510.5,520.8,506.5,516.9,203358.601,0,1,0.012338425381903662,-0.017300380228136958,-0.10894673332184113,-0.10601867865790393,-0.23194650817236262,0.012262927394610195,0.12222222222222222,0.06666666666666667,556.61,-0.07134259176083799,595.714,-0.13230174211114742,588.3660000000001,-0.12146521043024258,,,534.5886111807954,559.8535930078541,0,0,0,38.9239369069401,0,0,-25.264981827058705,-20.030992941349766,-5.233988885708939,0,623.3659230567405,489.8540769432595,556.61,0.23986605722764773,0.2025732086256397,27.075518584221154,0.0523805737748523,37.48408295351862,9.334587058739439,37.56357116677617,1,46.51685393258426,38.4019975031211,440334.25185714284,302303.5208,1.4565965050352891,0,9295588.850700002,540.0765860330662,944802.116971706,0.8422937678384343,0.5056403701070722,0.46617542795145567,1.0846568475928469,0.5103097233575404,0.7161263507896924,1.3405082987551866,,,0.027664925517508137,-0.00019584802193502298,1.0,1.0,1.0,1.0,1.0,58050.0,0.023545604290392763,-0.06575101145931628,0.3411674731475666,0.7812,1.140193388750751
2024-07-10,516.9,529.4,511.3,524.7,205460.208,0,1,0.015089959373186357,0.06928877114326482,-0.057481587928866484,-0.08429319371727739,-0.16061430171172608,0.014977238490672501,0.2222222222222222,0.07777777777777778,553.46,-0.051964008239077784,593.8380000000001,-0.11642569185535454,587.855,-0.10743295540566972,,,533.06728638375,557.2496231554205,0,0,0,41.22347758257217,0,0,-24.18233677167052,-20.861261707413917,-3.321075064256604,0,619.9840565905503,486.93594340944986,553.46,0.2403933675082217,0.28383759594656616,26.434410113919643,0.05038004595753696,38.53948026827185,11.201860951417173,35.72640774663931,1,52.3595505617978,46.89138576779029,428497.30899999995,286081.44053333334,1.4978158254557332,0,9501049.058700003,536.5352608557201,947902.5031632325,0.8405266693982425,0.4706836527146382,0.4666980876492356,1.0085399215700195,0.4862255200724059,0.7269326683291771,1.2398393194706996,,,0.03449590242043066,0.0,1.0,1.0,1.0,1.0,1.0,57725.85,-0.005583979328165345,-0.04123548504216512,0.3409285008109804,0.853,1.1631878162886957
2024-07-11,524.7,545.1,520.1,524.8,262788.577,0,1,0.0001905850962453659,0.027810419114766782,0.02180685358255441,-0.0978167440261305,-0.12896265560165987,0.0001905669372131011,0.7333333333333333,0.08888888888888889,550.395,-0.04650296605165386,592.038,-0.11357041270999506,587.589,-0.10685870565990871,,,531.7953961708654,554.8459473661301,0,0,0,41.254015423504306,0,0,-23.05055119526469,-21.29911960498407,-1.7514315902806175,0,616.2321667549215,484.55783324507837,550.395,0.23923606411730333,0.3056189135896657,26.33195224863967,0.05017521388841401,38.55463646821888,14.701014115045092,33.3036038433046,1,52.434456928838934,50.43695380774034,392987.17799999996,273485.86243333336,1.436956098949345,0,9763837.635700002,534.5569839292518,947952.5867494722,0.6723083848119112,0.4616467072949882,0.4665317180841739,0.989529091806992,0.48392598496703315,0.7270712108617345,1.1539138082673701,,,0.04763719512195122,0.0,1.0,1.0,1.0,1.0,1.0,57339.89,-0.0066860860429079905,0.005081155989280273,0.33189848250046466,0.8456,1.161415451187276
2024-07-12,524.9,537.5,517.0,533.8,207870.778,0,1,0.017149390243902385,0.032694911975236884,0.0725336548121358,-0.059217483256961634,-0.13819825637713923,0.017003999340544425,0.8666666666666667,0.08888888888888889,547.53,-0.025076251529596586,590.7280000000001,-0.09636922576888196,587.312,-0.0911134116108645,,,532.103796759963,553.2869883019723,0,0,0,44.07047032633099,0,0,-21.183191542009354,-21.27593399238913,0.09274245037977735,1,610.8476819072273,484.2123180927726,547.53,0.2312847950148023,0.3915784691856132,25.915384230879695,0.048548865175870544,38.649713238887486,13.870369091132108,32.27629381147411,1,59.1760299625468,54.65667915106118,280867.5514285714,265276.59966666665,1.0587724351921564,0,9971708.413700003,533.4115056972572,951517.4438416978,0.6292689968859354,0.4561739491349818,0.46811458161328545,0.9744920732074782,0.47232380983932215,0.7395400387919091,1.173702726473175,,,0.03840389659048333,0.00019054878048784823,1.0,1.0,1.0,1.0,1.0,57889.1,0.009578148824491928,0.02225564063791574,0.32987115675601186,0.8434,1.1511463464035818
2024-07-13,533.9,539.4,527.3,532.4,161128.431,0,1,-0.0026227051330085516,0.01467505241090139,0.012167300380228063,-0.06596491228070178,-0.11237079026342112,-0.00262615044946713,0.6888888888888889,0.1111111111111111,545.275,-0.02361193892989776,589.37,-0.09666253796426698,586.781,-0.09267682491423543,,,532.1493664891995,551.7398039833078,0,0,0,43.71933993475661,0,0,-19.5904374941083,-20.938834692732964,1.3483971986246637,0,607.297708065587,483.25229193441294,545.275,0.2274914788522747,0.3962073698363421,24.92857107153115,0.046823011028420645,38.6173613458605,13.933889246761932,31.15725896702596,1,58.12734082397004,56.579275905118585,271514.87857142853,260198.6983,1.0434905337550204,0,9810579.982700003,532.1758473091556,951094.8514786405,0.5443844426339886,0.448844793698318,0.46035857609088565,0.9749895342662313,0.46883311853809956,0.7376004433361042,1.1706244503078276,,,0.02272727272727277,0.00018733608092922957,1.0,1.0,1.0,1.0,1.0,59204.02,0.02271446610847283,0.016724846741712485,0.33564578338721723,0.8171,1.0780814893175574
2024-07-14,532.5,547.7,531.2,544.8,148566.273,0,1,0.023290758827948954,0.038109756097560954,0.11025066231913594,-0.06423909309515641,-0.09696668324216806,0.023023668314346088,0.9,0.13333333333333333,544.11,0.001268125930418373,588.218,-0.07381277009544082,586.451,-0.07102213143127059,,,534.0956177985533,551.2257444289886,0,0,0,47.694430292372054,0,0,-17.130126630435257,-20.177093080273423,3.046966449838166,0,605.1957516335123,483.02424836648777,544.11,0.22453456703060867,0.505647798230753,24.326530280707495,0.04465222151378028,38.05677400521523,15.69590092849347,29.64775248223722,1,67.41573033707864,61.57303370786516,252877.5662857143,255824.17123333333,0.9884819134430755,0,9959146.255700003,530.1216601189288,954555.0727130506,0.22623282306753537,0.4548363816621972,0.4600856625033143,0.988590644593105,0.46732811867744484,0.7547797173732336,1.1978891820580473,,,0.030286343612334805,0.00018782870022543717,1.0,1.0,1.0,1.0,1.0,60797.91,0.026921989418961845,0.08844063166815896,0.34640170287103456,0.8297,1.0752003039235503
2024-07-15,544.9,586.8,543.8,585.3,335372.772,0,1,0.07433920704845809,0.09647808167853134,0.1462984723854288,0.01456058242329683,-0.03765208812890508,0.07170578146187255,0.9666666666666667,0.2777777777777778,544.4649999999999,0.07500022958316888,587.92,-0.004456388624302634,586.45,-0.0019609514877655227,,,541.9732150603144,553.7497633601746,0,0,0,58.10295615161671,0,0,-11.776548299860224,-18.49698412419078,6.720435824330558,0,606.4606628364104,482.4693371635895,544.4649999999999,0.22773057161217142,0.8293375546911432,25.660349546371243,0.043841362628346564,35.534992730072744,24.701112463201664,26.099049691262845,1,98.86363636363636,74.80223584156168,217792.2342857143,262914.92373333336,0.8283753207810082,0,10294519.027700003,531.2166646835612,979486.4186491739,0.39310599331795404,0.503561283594874,0.48174787133203323,1.045279727344776,0.48513815702598473,0.8108894430590191,1.2869393139841687,,,0.07346659832564498,0.0001835535976505557,0.0,1.0,1.0,0.0,0.0,64724.14,0.06457837119729937,0.14122496104179127,0.3972008429155178,0.8662,1.092836130140239
2024-07-16,585.3,587.5,554.4,576.2,347825.03,0,1,-0.015547582436357232,0.08226897069872297,0.11472238343973706,-0.006722978796759094,-0.05664702030124413,-0.015669713646746915,0.9,0.15555555555555556,544.625,0.057975671333486425,587.366,-0.019010293411603565,586.373,-0.017349025279131205,,,547.2388742818044,555.4127438520135,0,0,0,55.433723712544,0,0,-8.173869570209035,-16.432361213394433,8.258491643185398,0,606.9464037744708,482.30359622552925,544.625,0.22885987156105864,0.7533238830295278,26.19175315020187,0.04545601032662594,33.16314624151799,22.662284171812527,23.743132163038503,1,91.48455162019597,85.92130610697033,238430.29557142858,271014.8529333334,0.8797683705921453,0,9946693.997700004,532.5433903200708,974078.5803218205,0.44678191974249765,0.504966479652453,0.48105323241865156,1.0497101892727543,0.4945746077744169,0.7982820725962871,1.2669305189094109,,,0.057445331482124294,0.0,1.0,1.0,1.0,1.0,1.0,65043.99,0.0049417419837483045,0.12048217054263555,0.3969461938564722,0.8589,1.0877514436000382
2024-07-17,576.3,584.0,564.3,568.9,198271.205,0,1,-0.012669212079139291,0.0442364170337739,0.08423861254049925,0.021914855397880295,-0.05858017540956473,-0.012750150893826508,0.8444444444444444,0.14444444444444443,543.9849999999999,0.045800895245273456,586.71,-0.030355712362155167,586.198,-0.029508800780623616,,,550.5713551615268,556.4117998629755,0,0,0,53.31767566386118,0,0,-5.840444701448746,-14.313977911005296,8.47353320955655,0,604.95147137221,483.0185286277898,543.9849999999999,0.22414761940939587,0.7043336233771018,25.728056496616027,0.04522421602498863,30.960717359288573,21.422817393468733,22.444550638475505,1,85.98342125094196,92.11053641159144,237403.29514285713,269773.5921666667,0.880009393195865,0,9748422.792700004,532.3542328414959,971566.6403764889,0.47806255535161685,0.5053104152677489,0.481745449294023,1.048915803996196,0.49438190506453655,0.7881684677195899,1.2508795074758134,,,0.034628229917384505,0.0001735508503990091,1.0,1.0,1.0,1.0,1.0,64087.99,-0.014697745325894074,0.1102130154861296,0.39903947355493685,0.8598,1.0839640738198368
2024-07-18,568.9,579.6,561.6,571.9,153121.784,0,1,0.005273334505185412,-0.022894242268921894,0.08974847560975618,0.11351246105919,-0.02837240910635419,0.005259479164668765,0.8444444444444444,0.32222222222222224,544.2099999999999,0.050881093695448555,586.2339999999999,-0.024450987148476457,586.112,-0.024247925311203303,499.43800000000005,0.14508707787553196,553.8526851366764,557.5590739471995,1,1,0,54.093228343115925,0,0,-3.7063888105230944,-12.192460090908856,8.486071280385762,0,605.5722513825592,482.8477486174406,544.2099999999999,0.22550945915201606,0.7256273146447024,25.176052461143453,0.04402177384358009,29.041668352785408,20.328776840227043,22.06436533653492,1,88.24415975885454,88.57071087666417,221736.61042857144,259572.89919999999,0.8542363671706891,0,9901544.576700004,531.902667233762,972374.1027635516,0.4739518599643755,0.5003729212217021,0.4814482366137037,1.0393078282747619,0.48937740499130206,0.7923247436963148,1.257475813544415,,,0.03147403392201434,0.0,1.0,1.0,0.0,1.0,1.0,63987.92,-0.001561447004345129,0.11594075258951486,0.3949457653303957,0.856,1.079277701845431
2024-07-19,572.0,598.7,565.0,593.4,331877.529,0,1,0.03759398496240607,0.02985074626865658,0.11165230423379557,0.19228450874020497,-0.009844818955447976,0.03690455693545098,0.8888888888888888,0.4444444444444444,545.38,0.08804869998899846,586.2,0.01228249744114625,585.9490000000001,0.01271612375821088,500.8375,0.18481543414780244,559.9368874233415,560.2139573585181,1,1,1,59.310495976578736,0,0,-0.27706993517654155,-9.809382059762394,9.532312124585852,0,609.6368071347889,481.1231928652111,545.38,0.23564049702881995,0.8736569099929784,25.784905856776064,0.043452824160391076,27.57452122120596,23.722014029036675,20.00455252541802,1,95.84964761158962,90.02574287379537,239451.8605714286,261951.18143333335,0.914108725378546,0,10233422.105700003,534.263838888463,984850.7015981381,0.4967771213035584,0.5095088068487398,0.47936710122997583,1.062878127308748,0.49647182633645226,0.8221113881961762,1.304749340369393,,,0.056791371755982555,0.00017485574401123052,0.0,0.0,0.0,0.0,0.0,66660.0,0.041759132036171875,0.15151211540687282,0.4131763964131368,0.8704,1.0688294049055418
2024-07-20,593.4,597.9,586.7,593.1,144679.404,0,1,-0.0005055611729017917,0.042538231675162574,0.11401202103681451,0.1275665399239545,0.009188361408882129,-0.0005056890120403836,0.8888888888888888,0.5555555555555556,545.925,0.08641296881439771,586.188,0.011791438924031257,585.8340000000001,0.012402830836038813,502.242,0.18090482277467834,565.0389047428275,562.6499605171464,1,1,1,59.209378936848054,0,0,2.3889442256811435,-7.369716802673686,9.75866102835483,0,611.6645138726328,480.1854861273671,545.925,0.24083716214730183,0.8588024706982117,24.74312686700634,0.041718305289169345,26.212170313310757,22.95502886482387,19.35776111112534,1,95.61472200469849,93.23617645838088,237101.99957142858,257123.86916666667,0.9221314238147995,0,10088742.701700004,534.4165302417688,984777.5573089571,0.49374919206554235,0.5062467996752861,0.47493440551394134,1.065929934318952,0.4928498347814492,0.8216957605985038,1.304089709762533,,,0.01888383071994593,0.0,0.0,0.0,0.0,0.0,0.0,67139.96,0.007200120012001321,0.13404393823257288,0.41344836739670043,0.8729,1.0641702361510494
2024-07-21,593.2,603.4,581.5,602.5,243931.763,0,1,0.015848929354240315,0.05350585766742433,0.10591042584434662,0.22783778275932343,0.027981573110390734,0.01572464652012903,0.8444444444444444,0.6555555555555556,547.2049999999999,0.10104988075766866,586.2,0.02780620948481739,585.9029999999999,0.028327214573060894,503.67550000000006,0.19620668466105645,570.8021501670079,565.6018152936541,1,1,1,61.42835314940913,0,0,5.200334873353768,-4.855706467468196,10.056041340821963,0,616.3905012191639,478.01949878083593,547.2049999999999,0.2528686734191536,0.8996140739433114,24.540046376505884,0.040730367429885284,25.200978235981633,23.092660656941746,18.123816044270075,1,99.32024169184292,96.92820376937702,250725.641,258882.17413333332,0.9684932608410016,0,10332674.464700004,535.471150577147,988643.6145879994,0.4909650623783503,0.5081077749601832,0.4759843864822847,1.0674883239664714,0.4958477664968789,0.8347187586589083,1.3247581354441513,,,0.03634854771784229,0.00016860563142812802,0.0,0.0,0.0,0.0,0.0,68165.34,0.015272276003738927,0.12117900105447688,0.4135157556447479,0.8759,1.0712807853847486
2024-07-22,602.5,605.6,580.3,587.2,212452.69,0,1,-0.025394190871369182,-0.010448264239972915,0.0032461985306682095,0.15001958480219346,-0.0065978683809845284,-0.02572218806450412,0.5555555555555556,0.45555555555555555,547.5600000000001,0.07239389290671339,585.886,0.0022427571233995663,586.244,0.0016307203144083646,504.99300000000005,0.16278839508666454,573.3248962951606,567.2016808274576,1,1,1,56.08080799773254,0,0,6.1232154677029484,-2.6599220804339674,8.783137548136915,0,617.5246647657877,477.5953352342124,547.5600000000001,0.255550678522126,0.783285856744244,24.59432877818404,0.041884074894727584,24.365387272854242,22.034796818534875,16.7921137236267,0,81.43289606458126,92.12261992037422,233165.62928571427,262615.94433333335,0.8878578559943094,0,10120221.774700005,536.3923230258316,983248.5504270035,0.33708358881159184,0.5133261236386202,0.476026931645282,1.0783552137783923,0.5004285180435883,0.8135217511776116,1.2911169744942832,,,0.043085831062670416,0.0,0.0,0.0,0.0,0.0,0.0,67532.01,-0.009291085469536275,0.04338211369050238,0.4148928657365144,0.8762,1.0794921389501573
2024-07-23,587.3,593.5,577.2,581.9,214355.311,0,1,-0.009025885558583191,-0.01888383071994615,0.009892398472752362,0.1257496614432192,0.007619047619047636,-0.009066865637681668,0.6333333333333333,0.5666666666666667,548.8199999999999,0.06027477132757561,584.996,-0.005292343879274394,586.3989999999999,-0.007672250464274173,506.315,0.1492845363064495,574.644143018982,568.2904452106088,1,1,0,54.31684588444112,0,0,6.3536978083732265,-0.8571981026725286,7.210895911045755,0,620.3674844164025,477.2725155835974,548.8199999999999,0.26073205938705785,0.7311751438211035,24.001876722599462,0.041247425197799385,23.391958787589697,20.96593043573021,16.90010690481558,0,74.86744432661713,85.2068606943471,214098.5265714286,265060.26023333333,0.8077352915256215,0,9905866.463700004,536.8373656589215,981313.803921043,0.3259555617982115,0.5094172665998289,0.476341809819044,1.0694363923111216,0.500155292764927,0.8061789969520643,1.2794635004397537,,,0.02801168585667633,0.00017029972752028106,0.0,1.0,1.0,0.0,0.0,65936.01,-0.023633237038257815,0.013714103332221672,0.41820584716756365,0.8684,1.0532319631283213
2024-07-24,582.0,589.1,570.4,574.9,160535.208,0,1,-0.012029558343357949,-0.04580912863070541,0.010546669010370824,0.09567371831522764,0.0119697236402041,-0.012102499033378997,0.6444444444444445,0.5888888888888889,551.885,0.04170252860650314,582.78,-0.013521397439857228,586.621,-0.01998053257554708,507.65200000000004,0.13246869903004407,574.6835056314463,568.7800418616748,1,1,0,51.99085092051187,0,0,5.90346376977152,0.494934271816281,5.4085294979552385,0,622.323155778479,481.446844221521,551.885,0.25526388931925664,0.6633702625064453,23.62317124241379,0.04109092232112331,22.057599261499632,19.780463314956155,18.000624446757243,0,65.3498871331828,73.88340917479373,208707.66985714287,258514.25890000004,0.8073352346025771,0,9745331.255700003,538.8455725369648,979382.6362702439,0.3247952909787354,0.508344476615443,0.4768528121268337,1.0660406391400983,0.4943187889992726,0.7964810196730396,1.2640721196130167,,,0.03252739606888162,0.00017185083347658143,1.0,0.0,1.0,0.0,0.0,65376.0,-0.00849323457697837,0.020097525292960494,0.3942961668566168,0.893,1.1462806343234482
2024-07-25,574.9,576.6,553.1,570.6,286997.522,0,1,-0.007479561662897871,-0.02826975476839244,-0.0022731246721453546,0.08727134146341475,-0.013144240747146374,-0.007507673849845581,0.5333333333333333,0.4222222222222222,555.53,0.027127247853401346,580.216,-0.016573138279537252,586.951,-0.027857521326311734,508.99299999999994,0.1210370280141379,574.0552739958392,568.9148535756249,1,1,0,50.55858314536349,0,0,5.140420420214355,1.4240315014958957,3.716388918718459,0,621.5695447719305,489.49045522806944,555.53,0.23775329783065016,0.6140983031609676,23.614373296527088,0.041385161753464926,21.116059721970633,18.374416237294614,21.95398342462971,0,60.49661399548533,66.9046484850951,227832.7752857143,262170.8196666667,0.8690241559887901,0,9458333.733700003,550.4589805859614,977236.020607346,0.32760778035653776,0.5061577277122126,0.4770173113612603,1.0610888025589564,0.4978864288922781,0.7905236907730674,1.254617414248021,,,0.04118471784086926,0.0,1.0,1.0,1.0,0.0,0.0,65799.95,0.006484795643661334,0.028318313831735775,0.3888886133322419,0.8906,1.154368738718878
2024-07-26,570.7,582.8,570.2,580.9,155492.92,0,1,0.018051174202593723,-0.0017185083347653896,-0.021065048870913428,0.08823529411764719,0.013787085514834097,0.017890186219087157,0.35555555555555557,0.6333333333333333,558.2749999999999,0.04052662218440754,577.61,0.005695884766537912,587.419,-0.01109770027867673,510.379,0.13817378849835113,575.1083087657101,569.8026421996527,1,1,1,53.83897829088359,0,0,5.305666566057425,2.200358514408202,3.1053080516492235,0,623.7075164618167,492.84248353818305,558.2749999999999,0.234409624152315,0.6728880472845863,22.82763234677515,0.039297008687855316,19.870884817910422,19.589993010681223,21.08842782157752,0,68.45466155810979,64.76705422892597,202634.974,262194.90553333337,0.7728410038624438,0,9613826.653700003,552.8856152475461,980042.8503935359,0.24673679837178883,0.5081968500871835,0.47835757756190533,1.0623785927618479,0.4965936886826853,0.8047935716264893,1.2772647317502197,,,0.021690480289206247,0.00017525411847182392,0.0,0.0,0.0,0.0,0.0,67907.99,0.0320371064111753,0.018721722172217348,0.3943831949828615,0.8894,1.1409831832866881
2024-07-27,580.9,592.8,572.6,581.6,184468.855,0,1,0.0012050266827337008,0.011654200730562003,-0.019389647614230343,0.09241172051089408,-0.000171909919202351,0.0012043012208228041,0.3888888888888889,0.4888888888888889,562.8199999999999,0.03336768416189917,575.562,0.010490616128236421,587.7139999999999,-0.010403019155575535,511.7815,0.13642247717043315,576.1070304940624,570.676520555234,1,1,1,54.06205402145789,0,0,5.430509938828436,2.8463887992922485,2.5841211395361876,0,620.6787244933694,504.96127550663044,562.8199999999999,0.20560294407934854,0.6622918597363158,22.639944322005494,0.03892700192917038,18.754986324699907,21.496491077579524,19.744449749846332,0,67.74193548387096,65.56440367915536,208319.1812857143,261691.12633333335,0.7960498477902699,0,9798295.508700004,557.0334093163774,980265.1402859442,0.24768638904543228,0.5063177909537578,0.4783308813788542,1.0585095185454627,0.4971755292681072,0.8057633693543919,1.2788038698328936,,,0.03473177441540566,0.0,1.0,0.0,0.0,0.0,0.0,67896.5,-0.00016919953012906053,0.01126810322794336,0.3934238795342389,0.8882,1.1382414891708428
2024-07-28,581.6,584.9,574.5,583.9,92606.642,0,1,0.003954607977991742,0.023308797756747213,-0.030871369294605877,0.07176945668135093,0.029080014099400753,0.0039468090701823095,0.3,0.7222222222222222,566.4849999999999,0.03074220853155879,573.586,0.017981610429822145,588.0129999999999,-0.006994743313498074,513.172,0.13782513465270893,577.3059488795913,571.6560375511426,1,1,1,54.8343777681794,0,0,5.649911328448638,3.407093305123527,2.2428180233251114,0,619.499487592888,513.4705124071118,566.4849999999999,0.1871699606975936,0.6642475556279477,21.765662584719387,0.0372763531164915,17.718794866718714,20.76282069740209,19.07057614405248,0,64.88673139158573,67.02777614452215,186701.30685714286,257767.7289,0.7243005462858887,0,9890902.150700005,565.0877310721875,980631.3632512124,0.21913020363123925,0.5008708203662896,0.4780080154194082,1.047829333838307,0.49457790059349177,0.8089498476032142,1.2838610378188213,,,0.017811269052919982,0.0,0.0,0.0,0.0,0.0,0.0,68249.88,0.005204686544961978,0.0012402197363059475,0.3866789772005699,0.8856,1.1419416939674722
2024-07-29,583.9,598.0,572.2,574.3,213824.089,0,1,-0.016441171433464685,-0.011361680151489084,-0.021968664850136377,-0.018793780967025442,0.007543859649122631,-0.01657782741924114,0.35555555555555557,0.5555555555555556,569.355,0.008685266661397434,571.6120000000001,0.004702490500549103,588.047,-0.023377383100330537,514.5025,0.11622392505381392,576.8434952058079,571.8518866214283,1,1,1,50.98163795726045,0,0,4.991608584379605,3.723996360974743,1.2676122234048623,0,617.011025189285,521.6989748107151,569.355,0.16740355380837946,0.5518822119591268,22.05382954295371,0.03840123549182259,17.468771941278455,23.270707866641164,17.47700495057707,0,40.38095238095225,57.669873085469646,186897.22100000005,261563.4929,0.7145386343018975,0,9677078.061700005,568.3140430791557,977115.844747359,0.18631004198664705,0.503288909402112,0.4791654642665216,1.0503447074853718,0.5000436999965767,0.7956497644776946,1.2627528583992962,,,0.04492425561553188,0.0,1.0,0.0,0.0,0.0,0.0,66784.69,-0.02146802309396001,-0.011066159588615676,0.3934870260015795,0.8846,1.1266003856907365
2024-07-30,574.3,588.3,566.6,588.2,165024.413,0,1,0.024203378025422495,0.011348005502063385,0.010826602509022232,0.02082610204790014,0.010305736860185544,0.023915118249644055,0.6777777777777778,0.5777777777777777,572.53,0.02736974481686562,570.8739999999999,0.030349954630969598,588.1329999999999,0.0001139198106552786,515.9605,0.1400097488082906,578.5906497895298,573.062857982804,1,1,1,55.82173096410084,0,0,5.5277918067258724,4.08475545012497,1.4430363566009028,0,615.9306112011254,529.1293887988745,572.53,0.1516099111002933,0.6805274115539843,22.028556004171296,0.037450792254626476,16.863416778916754,21.633306069334818,18.063091588492014,0,66.8571428571429,57.374942209893625,179849.94985714284,261401.1684,0.6880227466387363,0,9842102.474700006,571.0752964393404,981109.9929986215,0.23988492666147423,0.5043394502209011,0.4817702962822793,1.0468462960725957,0.5016881800754927,0.8149071765031866,1.2933157431838171,,,0.03689221353281185,0.0,0.0,0.0,0.0,0.0,0.0,66188.0,-0.008934532749946156,0.003821735649457869,0.3871250878267834,0.8605,1.1163590837758623
2024-07-31,588.1,592.9,574.7,576.5,194701.723,0,1,-0.019891193471608393,-0.012673402979962334,0.002783092711776014,0.01335911407980328,-0.000693361067775955,-0.020091686410781035,0.5666666666666667,0.4444444444444444,575.115,0.002408214009372023,570.3539999999999,0.010775763823870917,587.853,-0.01931265129207464,517.332,0.11437142879234226,578.2690113603715,573.3174610951888,1,1,1,51.23583231409957,0,0,4.951550265182618,4.2581144131365,0.6934358520461181,0,612.2523708787949,537.9776291212052,575.115,0.1291476343993631,0.5186469850614925,21.755087718159054,0.03773649213904433,16.55411049084307,21.85090321388949,16.983711014657832,0,44.57142857142853,50.60317460317456,184730.8805714286,261608.49413333333,0.7061348722005841,0,9647400.751700006,574.156814543043,977237.1433571731,0.26267244217647717,0.5071189765248596,0.4825939850121695,1.0508190990239377,0.5033164774367125,0.7986977001939596,1.267590149516271,,,0.03156981786643527,-0.00017001020061207535,0.0,0.0,0.0,0.0,0.0,64628.0,-0.023569227050220576,-0.011441507586882005,0.39418417100799413,0.8632,1.1059004271260557
2024-08-01,576.5,578.0,553.7,575.1,280418.865,0,1,-0.002428447528187272,0.0013930001741251363,0.007886435331230235,0.005595383808358223,-0.008619203585588653,-0.002431400989405148,0.6333333333333333,0.4222222222222222,577.1800000000001,-0.00360372847292013,569.4680000000001,0.009889932357919932,587.5419999999999,-0.021176358456076152,518.71,0.10871199706965352,577.7814711510836,573.4495010140638,1,1,1,50.69911159632454,0,0,4.331970137019766,4.2728855579131535,0.0590845791066128,0,608.8324281932053,545.5275718067949,577.1800000000001,0.10967957376626077,0.46714312110110795,21.936867166861976,0.03814443951810464,15.766666660710174,20.12199066791753,22.477710191964047,0,41.904761904761905,51.111111111111114,183791.07242857144,266137.0585,0.6905880506249431,0,9366981.886700006,576.010242455856,976556.1608576068,0.25798034435930717,0.5068861541401793,0.4825806950767327,1.050365585095736,0.5082532897328608,0.7967581047381547,1.2645118733509235,,,0.04225352112676048,0.0,0.0,0.0,0.0,0.0,0.0,65354.02,0.011233830537847433,-0.006777056821471783,0.3931254068729269,0.8678,1.1143938683343624
2024-08-02,575.2,577.6,540.2,542.9,283605.001,0,1,-0.05599026256303263,-0.07701462087725275,-0.06541573420554314,-0.08510279743849003,-0.02478893479432387,-0.05761879780830322,0.14444444444444443,0.32222222222222224,577.7049999999999,-0.06024701188322752,568.33,-0.04474513046997354,586.8829999999999,-0.07494338735318616,519.837,0.044365830058268246,572.4150909739938,571.186575013022,1,1,0,40.254323835419214,0,0,1.2285159609717766,3.664011638524878,-2.4354956775531016,0,606.44437149076,548.9656285092399,577.7049999999999,0.09949497231548993,-0.10552820389948421,23.041376654943264,0.04244129057827089,15.710327667814871,17.7890371474185,24.056651187820837,0,4.128440366972375,30.201543614387603,202092.7982857143,265979.9316,0.7598046855265613,0,9083376.885700006,576.1389625564175,960677.0423874276,0.4067635259085501,0.520471153690494,0.48940859175852003,1.0634695885095957,0.5129215330929464,0.7521474092546412,1.193711521547933,,,0.06888929821329891,0.00017388280299082375,0.0,0.0,0.0,0.0,0.0,61498.33,-0.05899698289408972,-0.09438742039044301,0.4209188716169475,0.8731,1.073826417135088
2024-08-03,542.9,545.3,521.3,529.6,245777.525,0,1,-0.024498065942162417,-0.08135299219427572,-0.08940852819807432,-0.10706457595683694,0.031152647975077885,-0.024803136288606902,0.13333333333333333,0.7333333333333333,576.9449999999999,-0.08206154832783007,566.856,-0.06572392283048953,586.047,-0.09631821338561583,520.909,0.01668429610546186,565.8281539010717,568.1060879750203,1,1,0,36.87512872612188,0,0,-2.277934073948586,2.4756224960301854,-4.753556569978771,0,609.8501891604334,544.0398108395665,576.9449999999999,0.11406698787729665,-0.2194154054116407,23.109849751018746,0.043636423245881316,16.453748239730764,16.469448635105774,28.11379684412402,0,9.845788849347642,18.626330373693975,210851.17971428574,257127.1993,0.8200267427495203,0,8837599.360700006,574.868827933272,954655.9683728762,0.40750658847177623,0.46874344244862515,0.45156501406668903,1.0380419825425162,0.49628368351089924,0.7337212524244944,1.1644678979771328,,,0.045317220543806644,0.0,0.0,0.0,0.0,0.0,1.0,60697.99,-0.013014011925201907,-0.10602181261184307,0.39186846913047757,0.8517,1.0207870354539297
2024-08-04,529.7,532.2,486.5,496.9,390238.285,0,1,-0.061744712990936645,-0.13597635193879332,-0.1489981161157733,-0.17526970954356846,-0.0016073940124573527,-0.06373320601452366,0.03333333333333333,0.45555555555555555,572.525,-0.13209030173354877,564.63,-0.11995466057418136,585.036,-0.15065055825624402,521.8465,-0.04780428727604768,555.2238225316761,562.8315629398336,1,0,0,30.169371960057333,0,0,-7.607740408157497,0.4589499151926488,-8.066690323350146,0,620.8435428065359,524.2064571934641,572.525,0.1687910320301678,-0.2825670602567348,24.723431911660267,0.049755346974562825,18.232418548212543,14.294953358971277,34.45595693415877,0,8.73215785054574,7.568795688955252,253369.98585714283,237044.87000000002,1.0688693067145592,0,8447361.075700006,569.0437302740556,930560.8174674759,0.4821378437075373,0.49668449732331543,0.46497767135550405,1.068189996898947,0.4714676263420154,0.6884178442781934,1.0925681618293754,,,0.09197021533507757,0.00018882175226590396,0.0,1.0,1.0,1.0,1.0,58161.0,-0.04179693594466638,-0.147822677490422,0.4115065608094296,0.8721,1.0508573147578981
2024-08-05,496.9,499.9,400.0,464.2,2114679.75,1,0,-0.06580800965989131,-0.1449622398231718,-0.1917116489639561,-0.20946866485013627,-0.11749049429657799,-0.06807330476793821,0.011111111111111112,0.1111111111111111,566.925,-0.18119680733783125,561.698,-0.17357726037835278,583.716,-0.20475025526112017,522.6025,-0.11175319674130908,541.2201575268028,555.5255212405866,1,0,0,25.228625912203796,0,1,-14.305363713783777,-2.4939128106026365,-11.81145090318114,0,635.2636882796935,498.5863117203064,566.925,0.2410854637904257,-0.25158744326179966,30.093186775113104,0.06482806285030829,21.374007529953584,10.90532554522348,46.81720273753587,0,32.42424242424242,17.000729708045267,524920.7945714286,299980.9569666667,1.749847056557516,1,6332681.3257000055,530.25806453847,791397.9520518994,0.5476591749719361,0.5058277624445624,0.4795774059809623,1.0547364328181927,0.5991777420707073,0.6431144361318926,1.1604999999999999,,,0.21520896165445924,0.0,1.0,1.0,1.0,1.0,1.0,54018.81,-0.07121937380719046,-0.19114979795519005,0.4535398512713223,0.8909,0.9860369541095945
2024-08-06,464.3,494.4,463.5,484.8,458815.007,1,0,0.04437742352434304,-0.08459214501510581,-0.17579054743284606,-0.1668671593057226,-0.012023639698390043,0.043420940914768114,0.022222222222222223,0.4111111111111111,562.72,-0.13847028717657095,559.308,-0.13321461520307235,582.562,-0.16781389791987805,523.453,-0.0738423506981524,532.54013329191,550.2865937412839,1,0,0,32.705343770462875,0,0,-17.7464604493739,-5.544422338356889,-12.20203811101701,0,640.2751579607407,485.16484203925944,562.72,0.2756438653708438,-0.0023521455493915474,30.150816291176454,0.062192277828334266,24.291197298713122,10.10701842313732,43.390023399648385,0,42.82828282828284,27.994894367690335,566890.8794285713,305973.8752333333,1.8527427513092898,0,6791496.332700006,525.5087335904827,811758.9799368628,0.6345321118967068,0.4845539858389045,0.48587531550357366,0.9972805169916902,0.5953585112024257,0.6716541978387366,1.212,,,0.06373762376237618,0.00021542438604054876,1.0,1.0,1.0,1.0,1.0,56022.01,0.03708337891930613,-0.15359264519248195,0.4520102419434341,0.8946,0.9562412515754531
2024-08-07,484.9,497.7,468.1,475.0,322182.487,0,1,-0.020214521452145195,-0.044073254175890475,-0.176062445793582,-0.1737693511915115,-0.06972189580885235,-0.020421630720463466,0.022222222222222223,0.15555555555555556,557.875,-0.148554783777728,557.036,-0.14727234864532984,581.384,-0.1829840518486921,524.2420000000001,-0.09392990260223345,523.6878050931546,544.7098090197073,1,0,0,31.11151965317697,0,0,-21.02200392655277,-8.639938655996065,-12.382065270556705,0,644.5824421622239,471.1675578377761,557.875,0.31084899722060993,0.02209984556489204,30.111472270378133,0.06339257320079607,26.82049248303703,10.180156789989397,40.343380386226336,1,37.878787878787875,37.71043771043771,585102.4171428571,297347.6216,1.9677386824030243,0,6469313.845700006,522.2911604249681,805246.2151418958,0.6343707967124352,0.4724545730157264,0.4867326076535801,0.9706655473388466,0.5754525386050228,0.658077029648102,1.1875,,,0.06231578947368414,0.0002062706270626359,1.0,1.0,1.0,1.0,1.0,55134.16,-0.01584823536320812,-0.14689979575416223,0.4521465739617264,0.9041,0.9414891388251114
2024-08-08,475.0,521.7,467.5,517.1,286744.608,0,1,0.0886315789473684,0.11395950021542456,-0.1008520257346548,-0.09376095338240453,0.0003869220352099578,0.08492147536753455,0.16666666666666666,0.5222222222222223,554.06,-0.06670757679673668,555.392,-0.06894589767227477,580.771,-0.10963185145263786,525.2345,-0.01548736802323534,522.6742966172847,542.6646379812105,1,0,0,43.78544527794782,0,0,-19.990341363925836,-10.91001919758202,-9.080322166343816,0,640.9002623089907,467.21973769100913,554.06,0.3134688023282345,0.2871954838845913,31.832081393922554,0.06155885011394808,27.934651838924598,14.327445179223949,35.43680473500087,1,59.14141414141415,46.61616161616163,586006.0947142857,300127.1551666667,1.952526069788202,0,6756058.453700006,518.2569506967859,830660.84250358,0.9285936230985171,0.5348703338962731,0.5208263615014042,1.02696478794657,0.6043607570043102,0.7164034358548075,1.29275,,,0.10481531618642437,0.0,0.0,1.0,1.0,1.0,1.0,61685.99,0.11883431252058596,-0.05612554514626644,0.566221230253385,0.9235,0.8776171183720626
2024-08-09,517.2,518.4,498.7,508.7,195125.106,0,1,-0.01624444014697357,0.04929867986798686,-0.06299502670841772,-0.12428989499053189,-0.030493615399275864,-0.016377827573456526,0.2222222222222222,0.32222222222222224,549.84,-0.07482176633202393,553.812,-0.0814572454190231,580.24,-0.12329380945815528,526.2485,-0.033346413338945474,520.5244048300101,540.1487388714912,1,0,0,42.12035256176898,0,0,-19.62433404148112,-12.652882166361842,-6.971451875119278,0,636.8948381315182,462.78516186848185,549.84,0.3166551656173366,0.26371215613629795,30.965504151499513,0.06087183831629549,28.96922838367734,13.676373520696648,33.82647582128906,1,54.89898989898989,50.63973063973064,573366.1097142857,299782.6517666666,1.9126060375253486,0,6560933.347700006,516.3716267849643,827491.1443979911,0.881204228895857,0.5349674199076233,0.5010412289345948,1.0677113758585668,0.6050891726848003,0.7047658631199779,1.27175,,,0.03872616473363474,0.00019338619222591903,1.0,1.0,1.0,1.0,1.0,60837.99,-0.013747043696631933,-0.010737527344238496,0.5677424023092995,0.9314,0.8833277018177809
2024-08-10,508.7,525.4,507.2,523.1,126212.238,0,1,0.028307450363672215,0.10126315789473694,-0.012273413897280983,-0.10058459422283361,-0.0032393292682925123,0.02791419854784616,0.5111111111111111,0.4666666666666667,545.8700000000001,-0.04171322842435029,552.552,-0.05330177069307503,579.866,-0.09789503092093685,527.37,-0.008096782145362804,520.9206502407778,538.8858693254548,1,0,0,45.917302611002114,0,0,-17.96521908467696,-13.715349550024866,-4.249869534652094,0,630.0062579078509,461.73374209214927,545.8700000000001,0.30826481729294813,0.364683784576332,30.053682426392406,0.05745303465186848,29.570668790191792,14.748478894206517,32.36328013219578,1,62.171717171717184,58.73737373737374,556285.3544285714,295230.1071333334,1.8842433105148686,0,6687145.585700006,513.4710628180056,831063.8910604641,0.8988304557287627,0.5415122939734385,0.5001794896485229,1.082635944056723,0.602677890991883,0.7247159878082572,1.30775,,,0.03479258268017585,0.0,1.0,0.0,1.0,1.0,1.0,60923.51,0.0014057006156844576,0.003715444284069447,0.5671064086801662,0.9207,0.8845290556352717
2024-08-11,523.2,535.8,502.3,503.4,206038.714,0,1,-0.03766010323073987,-0.026493908334945027,0.013081102837593006,-0.13786607295769826,-0.05695016860247282,-0.03838756767534995,0.7222222222222222,0.17777777777777778,541.6800000000001,-0.07066902968542328,550.798,-0.08605332626480129,579.03,-0.1306149940417595,528.4214999999999,-0.04735140413476732,518.2251655883505,536.2572864124581,1,0,0,41.87055480649569,0,0,-18.032120824107665,-14.578703804841426,-3.4534170192662383,0,625.4958784102615,457.86412158973855,541.6800000000001,0.3094663949573973,0.271642314522868,30.299847967364375,0.060190401206524385,29.604320114604135,16.035439517224663,29.807468429311275,1,52.222222222222214,56.43097643097642,529971.13,295169.03833333333,1.7954834727669016,0,6481106.871700007,510.9772866518995,823304.4518216952,0.8361151396655226,0.5500321373404927,0.5015630095912198,1.096636168980595,0.6093179709560983,0.6974231088944306,1.2585,,,0.06654747715534355,0.0001911680367043065,1.0,1.0,1.0,1.0,1.0,58712.59,-0.03629009556409346,0.009483846563848486,0.5777034099985461,0.9248,0.8857960899367229
2024-08-12,503.5,524.0,499.2,518.2,285951.347,0,1,0.029400079459674267,0.018675054059367202,0.11632916846186991,-0.09768413721051705,-0.02667167543200588,0.028976185426794154,0.9333333333333333,0.35555555555555557,538.495,-0.037688372222583234,549.612,-0.05715304614891946,578.355,-0.10401051257445681,529.552,-0.021436988246668835,518.2212939593735,534.9197096411649,1,0,0,45.73950963261902,0,0,-16.698415681791403,-15.002646180231421,-1.6957695015599814,0,620.7014275883682,456.28857241163183,538.495,0.3053191862073676,0.37656074716187016,29.907001683981207,0.05771324138166963,29.719905899695377,15.085640670239568,28.782325742032082,1,61.27527216174186,58.55640385189375,268724.2152857143,299329.8022,0.8977529578099401,0,6767058.218700007,508.73822319317253,831711.4441450961,0.6841626864583417,0.5572751824063729,0.5022690768742093,1.1095152141845666,0.6138656117401851,0.71792740371294,1.2955,,,0.04785796989579315,0.00019864918553838448,1.0,1.0,1.0,1.0,1.0,59346.64,0.0107992169992841,0.09862916269351363,0.5748543317121211,0.9267,0.9034939442253674
2024-08-13,518.3,527.0,513.1,524.2,255029.497,0,1,0.01157854110382095,0.0021028484037468598,0.08127062706270638,-0.10880652839170346,-0.03781204111600567,0.0115120227612964,0.8222222222222222,0.3,535.96,-0.021941935965370533,548.734,-0.04471018744965683,577.677,-0.0925724929329019,530.662,-0.012177242764697659,519.1410948887006,534.1256570751527,1,0,0,47.27170939811805,0,0,-14.98456218645208,-14.999029381475555,0.014467195023474488,1,616.5505936786248,455.3694063213753,535.96,0.3007336132495884,0.4270386315374723,28.76364442083969,0.05487150786119742,29.665216843572615,15.309905900339352,27.78882376144463,1,64.38569206842926,59.294395484131115,239611.99957142858,302878.57633333333,0.7911157087179496,0,7022087.715700007,507.56639526735603,834664.3136587974,0.6561151163444516,0.5539695647411509,0.5028040517931119,1.1017603433496037,0.6133194888643527,0.7262399556663897,1.3105000000000002,,,0.026516596718809567,0.00019297568506350645,0.0,1.0,1.0,1.0,1.0,60587.15,0.02090278404977952,0.0814883293191373,0.5727293081282574,0.9252,0.9001183743512794
2024-08-14,524.2,531.9,515.4,523.4,220850.011,0,1,-0.0015261350629531822,0.039729837107667754,0.10189473684210526,-0.09210754553339118,-0.10575773107807962,-0.0015273007932605951,0.8555555555555555,0.14444444444444443,533.6,-0.019115442278860653,547.638,-0.04425916390024077,577.029,-0.09293986957327971,531.751,-0.015704718937999174,519.7963110596697,533.3311639584748,1,0,0,47.080812423508334,0,0,-13.53485289880507,-14.70619408494146,1.1713411861363898,0,612.6695097266991,454.53049027330104,533.6,0.2963624802350038,0.4354997897719613,27.88766981935114,0.05328175357155357,29.342637520901,15.917923079314159,26.614429703748225,1,69.32584269662921,64.99560230893344,225135.9315714286,299061.15096666664,0.7528090186361994,0,6801237.704700007,505.55125598370824,834327.2667133567,0.627065478522046,0.5089538863792051,0.5023379246839924,1.0131703408604371,0.6013507717491111,0.7251316154059296,1.3085,,,0.031524646541841804,0.0,1.0,1.0,1.0,1.0,1.0,58683.39,-0.031421844400999266,0.06437442775948687,0.5463739756984369,0.9033,0.8428038910970689
2024-08-15,523.4,533.9,510.0,519.2,229628.306,0,1,-0.008024455483377824,0.001929756850636899,0.004061110036743365,-0.09720048687184835,-0.09892398472752517,-0.008056824706165153,0.5888888888888889,0.15555555555555556,530.5150000000001,-0.021328331903904794,546.562,-0.05006202407046221,576.456,-0.09932414616206608,532.8204999999999,-0.025563017939437167,519.7045708966436,532.2844110726619,1,0,0,46.02986396708718,0,0,-12.579840176018251,-14.28092330315682,1.7010831271385687,0,606.5713025520846,454.4586974479156,530.5150000000001,0.28672630388239534,0.42561431715503545,27.602836260826056,0.0531641684530548,29.223999715322293,14.933452917312502,26.365788407274056,1,67.11711711711713,66.94288396072521,216976.45985714285,295121.2601666667,0.7352112136367527,0,6571609.398700007,504.41010537063283,832484.6245941363,0.3865741768113614,0.5078785770782946,0.5022635496963445,1.0111794443083615,0.5981547406354223,0.7193128290385149,1.298,,,0.04603235747303539,0.0,1.0,1.0,1.0,1.0,1.0,57541.06,-0.019465985179111134,-0.06719402574231204,0.5479847291893593,0.9083,0.8430888707224984
2024-08-16,519.2,524.5,509.9,519.7,174036.141,0,1,0.0009630200308166081,-0.008584509729111067,0.021623746805582877,-0.0427334684103885,-0.08648268588504116,0.0009625566245159008,0.7111111111111111,0.17777777777777778,527.4200000000001,-0.014637290963558505,545.322,-0.046985084042088815,575.7669999999999,-0.09737793239279066,533.8655,-0.02653383670606164,519.7038676817754,531.352232474687,1,0,0,46.18387622188101,0,0,-11.648364792911593,-13.754411601107776,2.106046808196183,0,599.6657385375884,455.1742614624118,527.4200000000001,0.2739590403761264,0.4465712431191811,26.674062242195625,0.05132588462997041,29.117319315894328,14.349610160220013,25.361761918540207,1,82.38128011011705,72.94141330795446,213963.75057142857,294313.42470000003,0.7269928335397082,0,6745645.539700007,502.6295679740301,832652.2248840053,0.3681918455894611,0.5072564157507913,0.5020396507703121,1.0103911413619915,0.5971902480009231,0.7200055417013024,1.29925,,,0.028093130652299445,0.0,1.0,1.0,1.0,1.0,1.0,58874.6,0.023175450712934476,-0.03227243372110089,0.5522448501048876,0.9019,0.8295429153641981
2024-08-17,519.7,547.7,518.3,541.6,196365.586,0,1,0.04213969597844902,0.034772640427971124,0.03536608679028874,0.0226586102719033,-0.05298129043539068,0.04127599958366898,0.7333333333333333,0.24444444444444444,525.3050000000001,0.0310200740522172,544.806,-0.005884663531605777,575.215,-0.0584390184539694,535.0355,0.012269279328194235,523.0725034230406,532.1113263654509,1,1,0,52.568397750552585,0,0,-9.038822942410206,-12.811293869368264,3.772470926958057,0,592.9168792116133,457.69312078838686,525.3050000000001,0.2574195151830392,0.6205039720091161,26.8687720820388,0.04960999276595051,27.702770899468877,19.395620598056745,23.37954628671617,1,95.87000677048069,81.7894679992383,223985.65742857143,295754.88476666674,0.7573354455507404,0,6942011.125700007,502.5214256877457,840927.0109786752,0.41218080392584056,0.5228621932315566,0.5074319550278503,1.0304084873859773,0.6023648370045814,0.7503463563313938,1.354,,,0.054283604135893816,0.0,1.0,1.0,1.0,0.0,0.0,59491.99,0.010486525598475405,-0.023497004686696576,0.553478121898486,0.889,0.8414130367288988
2024-08-18,541.7,542.6,530.8,531.2,148890.018,0,1,-0.019202363367799125,0.023112480739599484,0.05522447357965854,0.06902797343529898,-0.1048196831816649,-0.019389123435841153,0.7777777777777778,0.15555555555555556,523.15,0.015387556150243847,544.03,-0.023583258276197873,574.6709999999999,-0.07564502123823874,536.189,-0.0093045549237301,524.3228875118036,532.0438207087508,1,0,0,49.561397959809376,0,0,-7.720933196947158,-11.793221734884044,4.0722885379368865,0,586.8191282705856,459.4808717294144,523.15,0.2434067792051442,0.5632174510524834,25.792431219036033,0.04855502865029373,26.389261655645246,18.761801427526056,22.615538527340064,1,88.82870683818551,89.02666457292776,215821.558,289655.30106666667,0.7450979050106415,0,6793121.107700007,500.7410306981948,838067.970751201,0.33719703166918585,0.5119801133749858,0.5071132753662468,1.0095971417928746,0.5950958925920425,0.7359379329454143,1.328,,,0.022213855421686874,0.00018463810930580268,1.0,1.0,1.0,1.0,0.0,58427.35,-0.017895518371464747,-0.0048582424996069795,0.5394622899113158,0.8837,0.8402840187501097
2024-08-19,531.3,560.7,529.1,558.4,233275.352,0,1,0.051204819277108404,0.07446603809890306,0.07757622539560005,0.2029297716501508,-0.05850615410554716,0.04993695328593859,0.8111111111111111,0.2222222222222222,521.6600000000001,0.070429015067285,543.554,0.027312833683497875,574.3330000000001,-0.027741745642336595,537.48,0.03892237850710716,529.5655202022954,533.9961302858803,1,1,1,56.56010302778853,0,0,-4.430610083584952,-10.320699404624227,5.890089321039275,0,580.0993666884474,463.2206333115528,521.6600000000001,0.2240515534579891,0.8143429000169411,26.207257560533463,0.04693276783763156,24.740150479639283,22.079113359369092,20.667738337659106,0,97.63374485596701,94.11081948821106,208296.41585714286,292608.49933333334,0.7118604426450923,0,7026396.459700007,500.46370957154926,850012.7929921648,0.4086765165111607,0.53506030920381,0.5167521421165183,1.0354293008100652,0.6027026992179554,0.7736215018010529,1.396,,,0.0565902578796562,0.00018825301204802153,1.0,1.0,0.0,0.0,0.0,59438.5,0.017306107499313272,0.0015478551102472426,0.5420480705968937,0.8736,0.8649071095088333
2024-08-20,558.5,574.9,558.2,569.4,422053.693,0,1,0.019699140401146176,0.05132939438700146,0.08622663105684847,0.17450495049504933,-0.05493775933609957,0.01950762339577451,0.8333333333333334,0.26666666666666666,521.3050000000001,0.09225885038509109,543.404,0.047839176745110415,574.079,-0.008150446192945525,538.82,0.05675364685794871,535.6939017096346,536.6186391535929,1,1,1,59.03563931673539,0,0,-0.9247374439582927,-8.44150701249104,7.516769568532748,0,578.4127826754349,464.19721732456526,521.3050000000001,0.21909547261367068,0.9210897162068263,25.52816773478107,0.04483345229150171,23.822459631836757,25.02062268076023,19.701994945539763,0,94.87895716945997,93.78046962120418,232157.01528571433,298545.897,0.7776258780260991,0,7448450.152700007,502.2360548161845,858326.887947394,0.41216642272510545,0.5362608436363261,0.5184140404733614,1.0344257712361897,0.6014503960703973,0.7888611803823774,1.4235,,,0.029329118370214142,0.00017908309455591466,1.0,1.0,0.0,0.0,0.0,59013.8,-0.007145200501358473,-0.0259683777830777,0.5391877422550445,0.8643,0.8621780169904765
2024-08-21,569.4,575.1,546.1,570.1,345601.77,0,1,0.0012293642430629692,0.07323042168674698,0.08922430263660686,0.20021052631578962,-0.029121253405994585,0.0012286091935990954,0.8333333333333334,0.43333333333333335,521.0550000000001,0.09412633982976835,543.2040000000001,0.049513626556505395,573.863,-0.006557314202170262,540.172,0.05540457483912531,540.98714760046,539.0987399570304,1,1,1,59.195001004354744,0,0,1.888407643429673,-6.375524081306898,8.26393172473657,0,577.2069920441453,464.9030079558549,521.0550000000001,0.2155319190647636,0.9367164744702383,25.776155753725284,0.04521339370939358,22.367854095364656,23.009910408881986,21.471742793903317,0,95.35315985130111,95.9552872922427,249978.69514285712,302984.1996666667,0.8250552187799743,0,7794051.9227000065,502.59481089938896,858751.7584057713,0.4087367426836257,0.5315178945817314,0.5180904234040922,1.0259172348514272,0.6036027542160401,0.7898309781102799,1.4252500000000001,,,0.05086826872478512,0.0,1.0,0.0,0.0,0.0,0.0,61156.03,0.03630049242719502,0.042135261783615485,0.5515322831605015,0.8509,0.8223565320409625
2024-08-22,570.2,590.0,559.7,582.9,365020.284,0,1,0.022452201368180935,0.04387535816618904,0.12268875192604001,0.1272481144846258,0.0017185083347655006,0.02220386101396783,0.9333333333333333,0.6333333333333333,523.0550000000001,0.11441435413101855,543.7280000000001,0.07204337462849054,574.021,0.015468075209792011,541.563,0.07632906974811793,547.4352787388508,542.3432777379911,1,1,1,62.09855632244383,0,0,5.092001000859682,-4.082019064873582,9.174020065733263,0,585.030495157356,461.0795048426442,523.0550000000001,0.23697506058581172,0.982811793984488,26.099287485602048,0.04477489704169162,21.64384029427294,25.179645926561292,19.691196630897974,0,92.22343921139098,94.15185207738404,269320.4062857143,308006.3654333333,0.8743988323319491,0,8159072.2067000065,504.38064398395835,866947.2673256099,0.38537849794340606,0.5351010642501078,0.5179732142037737,1.0330670574783736,0.6086113953604995,0.8075644222776392,1.45725,,,0.051981471950591794,0.0001754078231889541,0.0,0.0,0.0,0.0,0.0,60375.84,-0.012757368324922358,0.04926534200099897,0.5488443622494037,0.8373,0.8183020575613162
2024-08-23,583.0,600.6,574.3,591.7,387772.663,0,1,0.015096929147366822,0.03916403231471732,0.13854146623051755,0.1631609986239435,0.029222473473647703,0.014984104631144496,0.9444444444444444,0.8111111111111111,526.1600000000001,0.12456287060970038,545.29,0.08511067505364134,574.128,0.030606415294150435,543.0155,0.089655820137731,554.2452358559507,545.9993312388807,1,1,1,63.99540235665028,0,0,8.245904617069982,-1.6164343284848692,9.862338945554852,0,595.321973123352,456.99802687664817,526.1600000000001,0.262893314289767,0.9738152849045235,26.113624093773335,0.04413321631531745,21.37962396139688,26.26768036379889,18.27464413506851,0,91.22287968441817,92.9331595823701,299854.19514285715,315580.9472666666,0.9501657110163868,0,8546844.869700007,507.9052185759129,872801.4437442067,0.37048084963988415,0.5355109182034373,0.5176805462802844,1.0344428085066562,0.6110071108193033,0.8197561651426989,1.4792500000000002,,,0.04444820010140285,0.000171556013038296,0.0,0.0,0.0,0.0,0.0,64037.24,0.06064346268308651,0.08768874862844078,0.5779436997882818,0.8165,0.7580851081426497
2024-08-24,591.7,592.4,574.6,580.5,325168.897,0,1,-0.01892851106979898,0.018242413611647024,0.07182422451994097,0.10973045306824702,0.017350157728706517,-0.0191099485447023,0.7444444444444445,0.7444444444444445,530.34,0.09458083493607868,546.946,0.06134792100134195,574.241,0.01089960486973242,544.4045,0.06630272159763562,558.2844303396506,548.554936332297,1,1,1,59.88738993790995,0,0,9.72949400735365,0.652751338682835,9.076742668670816,0,602.1119898450313,458.56801015496876,530.34,0.27066406397794346,0.8494399424364888,25.51979380136095,0.04396174642783971,21.13428022372625,24.95899113301419,17.36417813103769,0,80.17751479289939,87.87461122956951,318254.66814285715,316853.32643333334,1.0044226826503544,0,8221675.972700007,511.37282397311094,866646.4806777879,0.3913809132260088,0.5381543766377871,0.5180186734159825,1.0388706126924407,0.6090188637919827,0.8042394014962594,1.45125,,,0.0306632213608957,0.0,0.0,0.0,0.0,0.0,0.0,64157.01,0.0018703179587378216,0.07841425375079902,0.5776441844818128,0.8133,0.7593301071198671
2024-08-25,580.5,583.9,569.0,573.9,195984.559,0,1,-0.01136950904392764,-0.015440041173443109,0.08038403614457823,0.14004767580452926,-0.012050266827336897,-0.011434636023629296,0.7666666666666667,0.5111111111111111,535.825,0.07105864787943812,547.904,0.04744626795935051,574.171,-0.00047198482682000976,545.7375,0.051604480175908796,560.686825672012,550.4323484558305,1,1,1,57.54322706166153,0,0,10.254477216181499,2.5730965141825677,7.681380701998931,0,602.9298786366656,468.7201213633345,535.825,0.25047311579961956,0.7836977040533386,24.76123710126374,0.04314556037857421,20.583347168434884,23.886205569142064,18.233260446546318,0,73.66863905325441,81.689677843524,324982.4597142857,318203.0477333333,1.0213053018481262,0,8025691.413700007,535.9850991131773,864418.2324617673,0.36861990705431197,0.5366639965519437,0.5182221148982973,1.0355868287428562,0.6094924221448456,0.7950955943474647,1.43475,,,0.025962711273741033,0.0,0.0,0.0,0.0,0.0,0.0,64220.0,0.0009818100937060148,0.09914278159115564,0.5695321072779983,0.8101,0.7652777668091881
2024-08-26,573.9,575.6,546.7,548.2,280985.576,0,1,-0.04478132078759356,-0.07351698495859382,-0.018266475644698965,0.057892705519104526,-0.05742778541953231,-0.04581498124563136,0.43333333333333335,0.23333333333333334,538.9950000000001,0.017078080501674274,549.054,-0.0015554025651391815,573.85,-0.04469809183584556,546.8825,0.0024091098179224884,558.7657755686255,550.2669893109542,1,1,0,49.42962690248754,0,0,8.498786257671327,3.7582344628803197,4.740551794791007,0,601.8032621115505,476.1867378884498,538.9950000000001,0.233056937862319,0.5732785758635658,25.05686302260204,0.0457075210189749,19.298753938863815,21.91836335040963,23.088100220836033,0,42.22712238147745,65.35775874254377,331798.20600000006,321420.2717666666,1.032287740210945,0,7744705.837700007,541.9686510544678,851835.3272462245,0.39132048616174525,0.5525076793487917,0.5256417632793244,1.0511106954323013,0.6130895543134685,0.7594901634801885,1.3705,,,0.05271798613644651,0.0,0.0,0.0,0.0,0.0,0.0,62834.0,-0.021582061663033336,0.05712627337500109,0.5725521445326358,0.8074,0.7805405762844864
2024-08-27,548.3,558.3,520.5,533.3,298073.974,0,1,-0.027179861364465707,-0.08130921619293718,-0.06340007024938532,0.017359786341091032,-0.0866586744305532,-0.027556066262129076,0.2222222222222222,0.18888888888888888,541.9100000000001,-0.015888247125906748,549.5079999999999,-0.0294954759530343,573.438,-0.0699953613119466,547.929,-0.02669871461448476,554.8479639426831,549.0101752879204,1,0,0,45.43016528463362,0,0,5.837788654762676,4.174145301256791,1.6636433535058845,0,597.1707179411196,486.6492820588806,541.9100000000001,0.20394795424007492,0.42209656044304256,25.96708709241618,0.04869133150649949,19.16074971608422,19.639340646188423,27.894376184806212,0,25.799338478500513,47.23169997107746,314086.8175714286,328269.1828333333,0.9567965377087946,0,7446631.863700006,545.5423625713029,843733.7179565491,0.3812339125641048,0.5571004710055616,0.5261876027379698,1.0587487582503643,0.624335009812545,0.7388473261291216,1.3332499999999998,,,0.0708794299643727,0.00018241517694255572,1.0,0.0,0.0,0.0,0.0,59415.0,-0.05441321577489899,0.006798409863455701,0.5918143915800834,0.8074,0.7616408893096196
2024-08-28,533.3,546.8,522.4,537.0,269794.777,0,1,0.006937933620851489,-0.06429691583899633,-0.05805998947553059,0.025983951089033397,-0.06494863311857901,0.006913976902308341,0.25555555555555554,0.2222222222222222,542.905,-0.010876672714379077,549.91,-0.02347656889309154,572.812,-0.062519639951677,548.999,-0.021856141814466008,552.1021233361165,548.1205326740004,1,0,0,46.58593150956246,0,0,3.981590662116105,4.135634373428654,-0.15404371131254901,0,596.9888909764954,488.8211090235045,542.905,0.1992388759598658,0.4454088833718875,25.855152300100738,0.048147397206891505,19.03260293778888,18.315482069417218,26.014058010117132,0,29.878721058434408,32.635060639470794,303257.2471428571,330134.87243333337,0.918585924921022,0,7716426.640700006,547.4255034518551,845605.5362106275,0.38930492083579954,0.5562930413981082,0.5263160375092559,1.0569562805471704,0.6246718789626775,0.743973399833749,1.3425,,,0.04543761638733702,0.0,0.0,0.0,0.0,0.0,0.0,59034.9,-0.006397374400403888,-0.034683906067807135,0.5895457675246267,0.8046,0.7605081368029352
2024-08-29,537.0,545.5,530.9,536.4,166187.113,0,1,-0.0011173184357542443,-0.021524990879241312,-0.07977354606278952,0.03312788906009234,-0.08806528391703516,-0.0011179431013412834,0.2,0.18888888888888888,544.29,-0.014495948850796426,550.144,-0.024982550023266686,571.991,-0.062223007005355,550.0775,-0.024864678158986707,549.686412053637,547.2523450685189,1,0,0,46.41425811949025,0,0,2.434066985118079,3.795320895766539,-1.3612539106484598,0,596.0547268646129,492.525273135387,544.29,0.19021009706080566,0.4237898036182463,25.051212850093545,0.04670248480628924,18.91360950080035,17.553026717843597,24.931118578286412,0,29.21719955898565,28.298419698640192,274852.50842857145,330173.62909999996,0.832448397462193,0,7550239.527700006,548.5833157354441,845419.8522854878,0.33301852068061005,0.5507699487295569,0.5242839054860547,1.0505185129017978,0.6230291451074644,0.743142144638404,1.341,,,0.027218493661446724,0.0,0.0,0.0,0.0,0.0,1.0,59359.01,0.0054901422717748005,-0.016841670443011547,0.589861721805208,0.8163,0.7636557451208397
2024-08-30,536.4,543.4,522.0,535.2,197825.895,0,1,-0.0022371364653243075,0.0035627226701671066,-0.0954875781646104,0.029824898980180814,-0.07163920208152641,-0.002239642593504687,0.17777777777777778,0.2222222222222222,544.895,-0.0177924187228731,550.3520000000001,-0.027531470767799594,571.195,-0.06301700820210261,551.1145,-0.02887693936559458,547.4577332761544,546.3595787671472,0,0,0,46.04876361394693,0,0,1.098154509007145,3.2558876184146603,-2.1577331094075154,0,595.8941320875539,493.8958679124461,544.895,0.1871888422083297,0.40494936283076516,24.79041193222972,0.046319902713433704,19.15984849053507,16.470710893516213,25.958226683627334,0,20.53462940461735,26.543516674012476,247717.25585714285,330277.7681666667,0.7500270370367113,0,7352413.6327000065,548.7391783334855,844977.288761998,0.2876094975469124,0.5484016711278605,0.5240371987854555,1.0464937840269237,0.6245887287515233,0.7414796342477141,1.338,,,0.03998505231689083,0.0,0.0,0.0,0.0,0.0,1.0,59123.99,-0.003959297838693754,-0.07672488695640223,0.5866396685406715,0.8144,0.7627162322969913
2024-08-31,535.2,541.5,531.1,532.9,95954.072,0,1,-0.004297458893871564,-0.00763500931098704,-0.08199827734711462,-0.01606351550960128,-0.07337854286211098,-0.004306719511282235,0.2111111111111111,0.2222222222222222,546.37,-0.02465362300272714,550.3340000000001,-0.031678944059425874,570.5310000000001,-0.06595785329806808,552.1555000000001,-0.03487332825626131,545.2180820028998,545.3625729325438,0,0,0,45.312257406346546,0,0,-0.14449092964400734,2.575811908802927,-2.7203028384469343,0,593.9047230425971,498.8352769574029,546.37,0.17400195121473389,0.3583141003269419,23.76252536564188,0.04459096521981963,19.38849898100302,15.955808329629864,25.146728166061564,0,15.480649188514324,21.74415938403911,214972.28085714285,324128.94173333334,0.6632307491813069,0,7256459.560700007,549.8952635233333,844564.9300818783,0.2909864650813109,0.5484272249376708,0.523881220852876,1.046854140037381,0.6210164481776037,0.7382931559988917,1.33225,,,0.01951585663351469,0.0,0.0,0.0,0.0,0.0,1.0,58973.99,-0.0025370412247210927,-0.08078649550532369,0.5852320363681404,0.8165,0.766563848120566
2024-09-01,532.9,533.2,507.7,512.4,203698.867,0,1,-0.03846875586413967,-0.044742729306487705,-0.10716152639832721,-0.03539156626506035,-0.0561797752808989,-0.039228219280157454,0.16666666666666666,0.3333333333333333,546.08,-0.06167594491649586,549.934,-0.06825182658282629,569.6519999999999,-0.10050346527353535,553.048,-0.07349814121016625,540.169146310146,542.9209008634665,0,0,0,39.2816763516256,0,0,-2.751754553320552,1.510298616378231,-4.262053169698783,0,594.4025827124293,497.7574172875708,546.08,0.17697986636547489,0.1515086931463094,23.886630696667467,0.046617155926361176,20.46380357459328,14.739129194724475,30.226552504794018,0,5.059203444564034,13.691494012565238,216074.32485714284,321465.40393333335,0.6721542107279237,0,7052760.693700007,550.6488114003189,836728.8880974535,0.3326313599653506,0.5347985416168702,0.5232652919429504,1.0220409223609987,0.6159226563189205,0.7098919368246052,1.281,,,0.049765807962529385,0.0,0.0,0.0,0.0,1.0,1.0,57301.86,-0.028353686091105557,-0.10772563064465901,0.5660759162952498,0.8036,0.7617857815375297
2024-09-02,512.3,530.2,501.5,526.3,262984.426,0,1,0.027127244340358958,-0.016629297458894077,-0.03994892375045622,-0.057485673352435596,-0.006231117824773591,0.026765822337153963,0.34444444444444444,0.6444444444444445,546.1850000000001,-0.0364070781877937,549.564,-0.04233173934246059,568.891,-0.07486671436180219,553.9085,-0.049843069748884604,538.0354314932003,541.6897230217282,0,0,0,44.65978898752495,0,0,-3.6542915285278923,0.4773805873970064,-4.131672115924899,0,594.3161486844413,498.0538513155589,546.1850000000001,0.17624485727158806,0.29342898992115535,24.23044278976265,0.046039222477223356,21.66138487943664,13.492135274252204,29.496944775273576,0,25.025227043390462,15.188359892156278,213502.73200000002,322038.96729999996,0.6629717322410505,0,7315745.119700007,550.4925065012939,843862.9308792646,0.3459631522895406,0.5365128350700564,0.49957870515668873,1.0739305529481757,0.6185512682543323,0.729149348850097,1.31575,,,0.05453163594907856,-0.00019516003122564937,0.0,0.0,0.0,1.0,1.0,59132.13,0.03194084799341579,-0.058915077824107986,0.5732531018431913,0.8088,0.7592935345490702
2024-09-03,526.4,538.4,517.9,518.7,224481.65,0,1,-0.014440433212996262,-0.02664665040345271,-0.02737671104444006,-0.08904109589041087,0.04387200643992761,-0.014545711002378638,0.4444444444444444,0.9,545.95,-0.049912995695576515,548.2320000000001,-0.05386770564286659,568.076,-0.08691794759856071,554.7,-0.06489994591671173,535.0607497250157,539.9867805756743,0,0,0,42.44602837447563,0,0,-4.926030850658549,-0.6033017002141048,-4.322729150444444,0,594.5927362457464,497.3072637542536,545.95,0.17819483925541318,0.21989651381522707,23.96398259049389,0.04620008211007112,22.213746206940954,15.111861356407157,27.69457512797458,0,17.35620585267411,15.813545446876205,202989.54285714283,316513.7461333333,0.6413293114025836,0,7091263.469700007,550.5370888556708,840621.3186048964,0.3194276175928295,0.5038503522913531,0.4961648415079416,1.0154898334997977,0.602286892715451,0.7186201163757274,1.29675,,,0.03952188162714478,0.00019000570017104835,0.0,0.0,0.0,1.0,1.0,57487.73,-0.0278089086254798,-0.03243743162501045,0.5658298673802552,0.8028,0.7197975798406495
2024-09-04,518.8,523.7,495.8,507.6,435892.306,0,1,-0.02139965297860036,-0.00936768149882894,-0.054748603351955305,-0.1096298894930714,0.09349418354157701,-0.021631945517121925,0.32222222222222224,0.9666666666666667,545.37,-0.06925573463886898,546.86,-0.07179168342903118,567.113,-0.10494028526942607,555.4735,-0.08618502952886128,530.8360189980903,537.587759792291,0,0,0,39.376017926591686,0,0,-6.751740794200714,-1.8329895190114267,-4.918751275189287,0,595.6062460883792,495.1337539116208,545.37,0.184228124349998,0.12407621049598071,24.2451266911729,0.04776423698024606,23.44361592529818,13.869723865042872,31.92906778716712,0,11.259541984732834,17.880324960265806,226717.76128571428,260554.16466666665,0.8701367778011143,0,6655371.163700007,548.3733857452156,831293.3745204546,0.32447172194048657,0.46463305988023945,0.48491866476270873,0.9581669950930928,0.47036607620815407,0.7032418952618454,1.2690000000000001,,,0.054964539007092264,0.00019278966647370165,0.0,1.0,1.0,1.0,1.0,57970.9,0.008404750022309004,-0.018023237102120948,0.5239952156528459,0.7528,0.676427910047934
2024-09-05,507.6,512.9,496.7,502.4,177237.32,0,1,-0.010244286840031647,-0.045411362340870176,-0.06338553318419093,-0.13810259049579687,0.03630363036303619,-0.010297120686243803,0.2777777777777778,0.8777777777777778,544.505,-0.07732711361695488,545.53,-0.07906072993235935,566.12,-0.1125556419133753,556.2365,-0.0967870680906413,526.4612468445379,534.9812590669361,0,0,0,37.98978972060587,0,0,-8.520012222398236,-3.170394059688789,-5.349618162709447,0,597.1407683069481,491.8692316930519,544.505,0.1933343800587619,0.10003433639970226,23.67047478466055,0.04711479853634663,24.585637806629887,13.191695559865876,30.36819952992822,0,6.2977099236640885,11.637819253690347,228296.36228571428,251168.24176666667,0.9089380117483157,0,6478133.843700007,547.8795521001778,829477.704575616,0.32089752219236617,0.44985278369926807,0.463721526955921,0.9700925179219225,0.46015845113490617,0.6960376835688556,1.256,,,0.032245222929936285,0.0,1.0,1.0,1.0,1.0,1.0,56180.0,-0.030893086013844884,-0.053555643869397485,0.5224583433316624,0.7409,0.6465055078645959
2024-09-06,502.4,509.9,471.3,487.2,357704.727,0,1,-0.030254777070063632,-0.060728744939271384,-0.08968609865470867,-0.17660976846374865,0.025684210526315754,-0.03072189875830159,0.2111111111111111,0.8333333333333334,541.7850000000001,-0.10075029762728774,543.836,-0.10414168977412312,565.035,-0.13775252860442272,556.9145,-0.12517989745284058,520.4210550223013,531.4419065434594,0,0,0,34.19969473258841,0,0,-11.020851521158079,-4.740485551982648,-6.280365969175431,0,600.3421165165806,483.22788348341953,541.7850000000001,0.21616366830599054,0.03391659932107265,24.736869442899078,0.050773541549464445,26.33529403470899,11.721364430438017,34.31773353364938,1,13.129644921552421,10.228965609983119,251136.1954285714,252352.31643333333,0.9951808605446932,0,6120429.116700007,544.4435810567601,818655.4278033231,0.33934755149472245,0.45511231953953435,0.4606537354627763,0.9879705394819495,0.46811293438778667,0.6749792186201165,1.218,,,0.0792282430213464,0.0,1.0,1.0,1.0,1.0,1.0,53962.97,-0.03946297614809535,-0.087291470010735,0.5332896696594686,0.75,0.6482861063384244
2024-09-07,487.3,499.5,482.9,493.5,140367.312,0,1,0.012931034482758674,-0.02777777777777779,-0.0739350722462,-0.14987080103359174,-0.04563914136530656,0.012848142477849059,0.26666666666666666,0.4111111111111111,539.9,-0.08594184108168175,541.8380000000001,-0.08921116643720092,564.019,-0.12502947595737024,557.6089999999999,-0.11497124329054935,516.2793542496396,528.6313949476475,0,0,0,37.00494312428701,0,0,-12.352040698007954,-6.262796581187709,-6.089244116820245,0,602.1994128552171,477.6005871447828,539.9,0.23078130340884295,0.12760483708062514,24.155664482692004,0.04894764839451267,27.9599748179253,11.146005004362532,32.633199997702135,1,19.715808170515096,13.047721005243872,257480.944,247473.07323333333,1.0404402411782012,0,6260796.428700007,543.3407098136361,820470.5223550473,0.37267787501480554,0.3813778561320253,0.46072607365153995,0.8277757173788086,0.43143450446255166,0.6837073981712386,1.23375,,,0.03363728470111454,0.00020525451559938985,1.0,1.0,1.0,1.0,1.0,54160.86,0.0036671443399056702,-0.0816144541008671,0.39697385874958796,0.6063,0.5829064686119971
2024-09-08,493.6,506.9,490.7,503.1,135677.173,0,1,0.019452887537994012,0.0013933121019109596,-0.01814988290398123,-0.12336644014636688,-0.011008452919205713,0.019266098623736676,0.5666666666666667,0.6222222222222222,537.135,-0.0633639587813119,540.038,-0.0683988904484499,563.113,-0.10657363619735298,558.2284999999999,-0.09875615451378768,514.2517612881566,526.740180507081,0,0,0,41.12399369287424,0,0,-12.488419218924491,-7.507921108735066,-4.9804981101894255,0,600.86942513562,473.4005748643801,537.135,0.2373125010867657,0.23299359076686416,23.587402733928286,0.04688412389967856,28.924698443317702,12.840113644954311,31.032291465761944,1,30.488974113135193,21.111475735067575,247763.55914285712,245491.47546666668,1.0092552446958547,0,6396473.601700007,541.9675009133564,823109.8351428893,0.3510458038883339,0.38332784912681894,0.4614355649764917,0.830728877923287,0.42986577392882797,0.6970074812967582,1.2577500000000001,0.6970074812967582,1.749913043478261,0.032200357781753106,0.00020263424518748274,1.0,1.0,1.0,1.0,1.0,54869.95,0.013092295801802267,-0.04244033265237823,0.39887897745995593,0.6106,0.5870402620933768
2024-09-09,503.2,525.7,501.7,518.7,207528.54,0,1,0.03100775193798455,0.06465517241379315,-0.014440433212996262,-0.05381247719810289,-0.00841139361498755,0.030536723860081702,0.5777777777777777,0.6555555555555556,534.6,-0.029741863075196363,538.3620000000001,-0.03652189419015464,562.281,-0.07750750959040037,558.909,-0.07194194403740134,514.9361057053633,526.1446115806307,0,0,0,47.16925945895178,0,0,-11.208505875267406,-8.248038062041534,-2.960467813225872,0,596.9490345174861,472.250965482514,534.6,0.2332548990553163,0.372492011118947,23.616873967219128,0.045530892552957634,28.58154896805908,17.594091290353273,28.779740428941963,1,54.48275862068973,34.89584696811334,239841.2897142857,248202.01886666665,0.9663148221333675,0,6604002.141700007,538.7556947588904,829544.8286312614,0.3647631215035161,0.3850806330171623,0.46585570558406364,0.8266092448827472,0.4331679499953809,0.7186201163757274,1.29675,0.7186201163757274,1.8041739130434784,0.04626951995373058,0.00019876764062803795,1.0,1.0,1.0,1.0,1.0,57042.0,0.03958541970605056,-0.03534677340390069,0.41756318811302395,0.6451,0.5952865205147837
2024-09-10,518.7,524.3,509.2,517.0,161417.812,0,1,-0.003277424330055956,0.04761904761904767,-0.003277424330055956,-0.030564410275642162,0.027016289233214197,-0.0032828068489254244,0.6,0.8666666666666667,531.9449999999999,-0.028095009822443933,536.9580000000001,-0.03716864261264397,561.422,-0.07912408135057056,559.6165,-0.07615304409358904,515.2536279045382,525.4672329450284,0,0,0,46.60763868694592,0,0,-10.213605040490165,-8.64115145773126,-1.5724535827589055,0,592.423250984174,471.4667490158258,531.9449999999999,0.22738535368947585,0.37644318613057504,23.008525826703472,0.044503918426892594,28.26291016960465,16.769332489186255,27.430631581979988,1,60.529801324503346,48.500511352776094,230832.16999999998,246714.6554666667,0.9356240696904502,0,6442584.329700007,536.2642635023853,829015.7939669081,0.3547158057512007,0.36795440715951916,0.4645100093465553,0.7921345068045686,0.42141766595505625,0.71626489332225,1.2925,0.71626489332225,1.7982608695652174,0.029206963249516375,0.0,1.0,1.0,1.0,1.0,1.0,57635.99,0.010413204305599333,0.0025789851156063914,0.40587369792450406,0.6129,0.5567158157696962
2024-09-11,517.0,535.4,506.5,530.1,204079.602,0,1,0.025338491295938237,0.05366726296958846,0.04432624113475181,-0.012849162011173143,0.022964106522578076,0.0250227934853314,0.7777777777777778,0.8444444444444444,529.3050000000001,0.001501969563861968,535.922,-0.010863521184052908,560.4590000000001,-0.05416810150251853,560.3584999999999,-0.05399846705278838,517.5376851499939,525.8104008750263,0,0,0,51.40882503449144,0,0,-8.272715725032413,-8.56746431119149,0.29474858615907706,1,584.8241564853213,473.78584351467885,529.3050000000001,0.20978134151508568,0.5071596909096606,23.42934541051037,0.04419797285514123,27.280323797530308,18.675874050955258,25.01380516551877,1,79.24528301886795,64.75261432135368,197716.06942857147,243985.59730000002,0.8103595934208508,0,6646663.931700007,532.5493951463212,834186.8631858637,0.3482033602856903,0.3655022727596687,0.4674247697782177,0.7819488747528102,0.4240276647199279,0.7344139650872819,1.32525,0.7344139650872819,1.8438260869565217,0.05451801546877943,0.0,1.0,1.0,1.0,1.0,1.0,57338.0,-0.005170207018218909,-0.01091754656215449,0.4047158103474002,0.5935,0.536905774393616
2024-09-12,530.2,548.7,530.0,544.5,273877.8,0,1,0.02716468590831922,0.0497397339502601,0.08379777070063699,0.015100671140939603,0.03872567722243403,0.02680227437925479,0.8444444444444444,0.9444444444444444,526.9449999999999,0.03331467230925441,535.314,0.017160021968414867,559.047,-0.02602106799607193,561.1385,-0.029651324940277706,521.6857335884563,527.1948156250244,0,0,1,56.08371028822944,0,0,-5.509082036568088,-7.95578785626681,2.446705819698722,0,574.7772716429586,479.11272835704136,526.9449999999999,0.18154559448503585,0.6835058151851785,23.091535024045346,0.04240869609558374,25.624731188280833,21.70964240628507,23.5668984585863,1,94.57364341085265,78.11624258474133,211521.8522857143,244613.87406666667,0.8647173145545558,0,6920541.731700007,528.3227570618333,841626.6676001252,0.34553788679995256,0.3720400349322214,0.4682855704903372,0.7944725577229764,0.4257669764171442,0.7543640897755611,1.36125,0.7543640897755611,1.893913043478261,0.034343434343434426,0.00018864365214114832,1.0,1.0,1.0,1.0,1.0,58132.32,0.013853291011196811,0.03475115699537201,0.40193196967924316,0.5961,0.5528727488040414
2024-09-13,544.6,559.7,538.7,556.4,276743.273,0,1,0.02185491276400353,0.07620889748549309,0.14203612479474548,0.039611360239162785,0.06304929308368368,0.021619517676272543,0.9888888888888889,0.9888888888888889,525.74,0.05831779967284203,535.03,0.0399416855129619,557.6229999999999,-0.0021932380837948874,561.9125,-0.009810246257202048,527.026389959463,529.3581626157633,0,0,1,59.54732777042871,0,0,-2.331772656300245,-6.830984816273498,4.499212159973252,0,568.8752048185273,482.6047951814727,525.74,0.16409329637663983,0.8553941627145233,22.942139665184964,0.041233176968341057,24.058135677797974,23.714990016988406,22.026050560187176,0,96.26696832579178,90.0286315851708,199955.9302857143,246476.9828,0.8112559964593753,0,7197285.004700007,525.8756001963765,847674.867689565,0.1800132361572227,0.3765506947327002,0.4462555252491027,0.8438006331070235,0.4274339228771229,0.770850651149903,1.391,0.770850651149903,1.935304347826087,0.037742631200575125,0.00018365472910931633,0.0,1.0,1.0,1.0,1.0,60498.0,0.04069474605520651,0.12110211873067778,0.40889239234631103,0.6185,0.5705728376318988
2024-09-14,556.4,559.2,547.5,553.3,138432.964,0,1,-0.005571531272465902,0.043765327296736434,0.12117527862208699,0.038281103396509586,0.06567796610169463,-0.005587110145223828,0.9555555555555556,0.9888888888888889,524.71,0.05448724057098191,534.4780000000001,0.0352156683717569,556.044,-0.004934861269971492,562.706,-0.016715656133042944,531.0684838118533,531.1316320516327,0,0,1,58.2583022323321,0,0,-0.06314823977936612,-5.4774175009746715,5.414269261195305,0,563.7969960876677,485.62300391233236,524.71,0.14898513879159028,0.8657226553797561,22.13912968910033,0.0400128857565522,22.603439846635315,22.819789698769647,21.194604818213133,0,92.76018099547501,94.53359757737314,199679.59485714286,243437.13806666667,0.8202511598803772,0,7058852.040700007,524.5572964804948,846903.584101499,0.23264731930754162,0.3760430426142027,0.44530217578791836,0.844467112582218,0.4215445232229442,0.7665558326406207,1.3832499999999999,0.7665558326406207,1.9245217391304346,0.021145852159768743,0.0,0.0,1.0,1.0,1.0,1.0,59993.03,-0.008346887500413236,0.10768237431975791,0.40523054802187186,0.617,0.5735441981331671
2024-09-15,553.4,561.9,546.0,553.4,205254.79,0,1,0.00018073377914329392,0.01634527089072546,0.09998012323593719,0.08001561280249803,0.06484510294400603,0.000180717448761437,0.8666666666666667,0.9777777777777777,524.97,0.05415547555098377,533.914,0.03649651441992529,554.738,-0.002411949424773639,563.4,-0.01774937877174299,534.5041016869528,532.7811407885488,0,0,1,58.28966871877913,0,0,1.7229608984040397,-4.03734182109893,5.7603027195029695,0,564.7774364911816,485.1625635088185,524.97,0.15165604316887263,0.8570940822363429,21.6934775684503,0.03920035700840315,21.396212496391644,22.514119625760316,20.085007917662672,0,90.61810154525385,93.21508362217355,209619.2544285714,244477.7597,0.8574164565553789,0,7264106.830700007,523.8639535942696,846940.6805753829,0.2500924329386695,0.3760707869432416,0.44459259346360197,0.8458773098612806,0.4216415174562794,0.7666943751731782,1.3835,0.7666943751731782,1.9248695652173913,0.0287314781351644,0.000180733779143363,1.0,1.0,1.0,1.0,1.0,59132.0,-0.014352167243428138,0.07767548539774505,0.40254106336418594,0.6248,0.5847354813473202
2024-09-16,553.4,555.2,527.0,533.7,267953.69,0,1,-0.035598120708348224,-0.040797987059669194,0.028918449971081506,0.014060421812654544,-0.01458641063515509,-0.036247184012926204,0.7111111111111111,0.5777777777777777,524.99,0.01659079220556589,532.9100000000001,0.0014824266761741447,553.2479999999999,-0.03533315981259741,564.0715,-0.05384335141910195,534.3803937351139,532.8492044338415,0,0,1,50.27479025551971,0,0,1.531189301272434,-2.923635596624657,4.454824897897091,0,564.8154560220956,485.1645439779044,524.99,0.15171891282537053,0.6093521690645253,22.158229170703855,0.041518135976585824,20.49163504987571,20.46748181989055,24.38396793204709,0,68.87417218543052,84.08415157538646,218251.41871428574,246864.02983333336,0.884095665381607,0,6996153.140700007,523.8486694455524,837402.0327745156,0.3580095588329675,0.3729912316764967,0.45041123238813713,0.8281126332015527,0.4204657939509047,0.7394014962593517,1.3342500000000002,0.7394014962593517,1.8563478260869566,0.05283867341202931,0.0,1.0,1.0,1.0,1.0,1.0,58213.99,-0.01552475816816612,0.020546088846814525,0.4039652066393337,0.6373,0.5880927707131307
2024-09-17,533.7,552.7,529.0,546.2,195288.36,0,1,0.023421397789020082,-0.012832098319175644,0.056479690522243775,0.05301715828031628,0.028237951807228878,0.023151325699705516,0.7444444444444445,0.8888888888888888,525.45,0.03948996098582167,532.348,0.02602057300863362,551.98,-0.01047139389108296,564.7655,-0.032872935758292476,536.1987946989425,533.8381522535569,0,0,1,54.545595763923316,0,0,2.3606424453855652,-1.8667799882226128,4.227422433608178,0,566.0642572840659,484.8357427159342,525.45,0.1545884757220129,0.7554521661552189,22.26835565851073,0.040769600253589756,19.651670278110917,18.91152846049384,22.530280353225375,0,82.67108167770427,80.72111846946288,223090.06842857142,248410.64123333333,0.8980696934758999,0,7191441.500700007,523.9761792921995,841975.9591376409,0.37012685056691086,0.37463466501054327,0.44631111411338004,0.8394025001030375,0.4256127544795488,0.7567193128290386,1.3655000000000002,0.7567193128290386,1.899826086956522,0.04339069937751747,0.0,1.0,1.0,1.0,1.0,1.0,60313.99,0.03607380287796791,0.046464023607471594,0.41383048682108153,0.6449,0.5834331370510714
2024-09-18,546.2,559.7,536.8,559.5,201182.985,0,1,0.024350054924935804,0.011022768341163669,0.05546123372948486,0.10224586288416071,0.0019699140401145954,0.024058318712375175,0.7333333333333333,0.7555555555555555,526.605,0.06246617483692707,531.774,0.052138690496338666,551.3240000000001,0.014829755280016704,565.5085,-0.01062495081859959,539.7835955144898,535.7390298644045,0,0,1,58.618171405234506,0,0,4.0445656500852465,-0.684510860561041,4.729076510646287,0,569.7645070943939,483.4454929056061,526.605,0.1639160550864269,0.8810863725581424,22.313473111474256,0.039881095820329324,18.44352031328933,19.765996191143685,20.878672768390548,0,97.35099337748346,82.96541574687275,222676.266,247340.89566666668,0.9002808265887967,0,7392624.4857000075,524.7493540051751,846874.7758723535,0.3682879517683229,0.35204378651606816,0.44934575058051035,0.7834585863141297,0.41980797301114936,0.7751454696591854,1.39875,0.7751454696591854,1.9460869565217391,0.04092940125111723,0.0,1.0,1.0,1.0,1.0,0.0,61759.99,0.023974537250810224,0.07712145523038827,0.41650221759029604,0.6684,0.5625903991047366
2024-09-19,559.5,572.2,553.0,567.0,308427.742,0,1,0.013404825737265424,0.062394603709949426,0.04132231404958686,0.12858280254777066,-0.004214963119072657,0.013315775975772156,0.7,0.6777777777777778,528.1949999999999,0.07346718541447773,531.5840000000001,0.06662352516253299,550.969,0.029096010846345163,566.271,0.0012873694750394102,543.9707346661068,538.0546572818561,0,1,1,60.75361057263175,0,0,5.916077384250684,0.635606788401304,5.28047059584938,0,574.8862580570157,481.50374194298416,528.1949999999999,0.17679553216905025,0.9155488801845352,22.091082174940382,0.03896134422388074,17.63403549941533,22.58061893683085,19.582511351700887,0,94.84638255698707,91.62281920405826,227611.972,243553.36396666666,0.9345466155464458,0,7701052.227700007,527.0713077105124,851009.1960064017,0.34721201662576606,0.34952069759927074,0.4489904232277039,0.7784591374725437,0.42087433068865465,0.7855361596009975,1.4175,0.7855361596009975,1.9721739130434783,0.03386243386243394,0.0,1.0,1.0,1.0,1.0,0.0,62947.99,0.019235754409934414,0.08283980408832803,0.4186959316990145,0.6941,0.5768496208207979
2024-09-20,566.9,577.1,555.0,569.0,257077.709,0,1,0.003527336860670305,0.04174295129989014,0.022645578720345227,0.16789819376026283,-0.0019294860550781445,0.0035211303985789606,0.6666666666666666,0.6888888888888889,530.0,0.07358490566037736,531.462,0.07063157855124169,550.465,0.033671532250006755,567.024,0.003484861310985071,547.8213908713211,540.3469048906074,0,1,1,61.32672571810728,0,0,7.474485980713666,2.0033826268637767,5.471103353849889,0,580.1221665428267,479.8778334571733,530.0,0.18914025110500632,0.8890494235387512,22.09171916244464,0.03882551698144928,17.1404258682454,22.55141704953559,18.183236234532956,0,91.40127388535029,94.53288327327361,224802.60571428572,240602.56193333335,0.9343317207760011,0,7958129.936700007,529.1200520854032,851915.9956854141,0.3290510553789844,0.34966187377022384,0.44610690409178955,0.7838073577500125,0.4167055050661843,0.7883070102521474,1.4225,0.7883070102521474,1.9791304347826086,0.03884007029876981,-0.0001763668430335498,1.0,1.0,1.0,0.0,0.0,63201.05,0.004020144249244684,0.044679989421138044,0.4063133466006533,0.7131,0.610929147055654
2024-09-21,569.1,590.0,566.4,588.6,208752.23,0,1,0.034446397188049316,0.0520107238605898,0.06379902403759274,0.19270516717325226,0.009778692743180661,0.033866401673041585,0.7444444444444445,0.7888888888888889,533.8100000000001,0.10263951593263512,532.3760000000001,0.10560956917667198,550.3530000000001,0.06949539659091519,567.9965,0.03627399112494541,554.095023044964,543.9212082320439,0,1,1,66.49105257796303,0,0,10.173814812920114,3.6374690640750442,6.536345748845069,0,589.5669500034187,478.0530499965815,533.8100000000001,0.20890185647859202,0.991328883633705,22.19945350798431,0.037715687237486084,17.315409498333675,24.989657758474053,16.8024931874104,0,98.59013091641494,94.94592911958411,234848.21514285714,235393.6268,0.9976829803569565,0,8166882.166700007,531.9823058369021,859106.757913885,0.3676866479677085,0.357658260703777,0.4512430023710696,0.7926067746745127,0.4126391447712283,0.8154613466334165,1.4715,0.8154613466334165,2.047304347826087,0.04009514101257224,0.00017574692442886246,1.0,1.0,1.0,0.0,0.0,63348.96,0.0023403092195461994,0.055938664874902955,0.40408807372344113,0.7209,0.6358503351842691
2024-09-22,588.7,594.6,576.4,588.7,202978.791,0,1,0.00016989466530747954,0.03827160493827164,0.0637874954824722,0.17014510037765862,-0.0050701368936961755,0.0001698802348432457,0.7333333333333333,0.6444444444444445,536.9300000000001,0.09641852755480226,533.558,0.10334771477515106,550.207,0.06996094197274853,568.793,0.034998672627827764,559.4188656534311,547.238155770411,0,1,1,66.51562079511727,0,0,12.180709883020086,5.3461172278640525,6.834592655156033,0,597.6776263343902,476.18237366560993,536.9300000000001,0.2262776389264527,0.9261071841311783,21.913778257414005,0.037224016064912525,17.688904099465763,25.006568934939082,15.80571203506651,0,93.64908503767495,94.54682994648006,234523.07242857144,229233.83106666667,1.023073563519368,0,8369860.957700008,535.127464837956,859141.2429276465,0.3676973670467918,0.3549487240372687,0.4505153085908482,0.7878727254518851,0.40880859465879443,0.815599889165974,1.4717500000000001,0.815599889165974,2.0476521739130438,0.03091557669441149,0.00016989466530754796,0.0,1.0,1.0,0.0,0.0,63578.76,0.003627526008319615,0.075200568220253,0.3638696737908845,0.7471,0.7262773095193433
2024-09-23,588.7,616.0,583.4,604.5,376010.207,0,1,0.026838797350093424,0.062390158172231924,0.13265879707700945,0.16541353383458635,0.04134366925064592,0.026484954020631685,0.9666666666666667,0.9444444444444444,541.22,0.1169210302649569,535.71,0.1284090272722181,550.17,0.09875129505425603,569.4425,0.0615646004644894,566.3544247836725,551.4797738614917,0,1,1,70.22959869666403,1,0,14.874650922180763,7.251823966727395,7.622826955453368,0,608.3319912416598,474.10800875834025,541.22,0.24800262829038017,0.9714507707880294,22.677079810455865,0.03751377966990217,18.89574990175933,29.179397257614525,14.182719579216279,0,89.49771689497717,93.91231094968903,249959.7177142857,230928.54140000002,1.082411538213984,0,8745871.164700007,540.8661877253764,869232.9046748861,0.19829121010121872,0.358389036809747,0.45334564962502333,0.7905425740959068,0.4162474187669205,0.8374896093100582,1.51125,0.8374896093100582,2.102608695652174,0.05392886683209268,0.0,0.0,0.0,0.0,0.0,0.0,63339.99,-0.0037554994781276996,0.08805443502498278,0.3639857760658226,0.7357,0.722068014963444
2024-09-24,604.5,613.4,598.5,605.9,261622.131,0,1,0.0023159636062861644,0.029391777098199068,0.10930062248260697,0.1719535783365571,0.055758843004007685,0.002313285896095982,0.8777777777777778,0.9555555555555556,546.135,0.10943264943649461,538.544,0.12507056062271607,550.121,0.10139405694383599,570.043,0.06290227228472232,572.4383594323383,555.5109017236034,0,1,1,70.5413906743682,1,0,16.92745770873489,9.186950715128894,7.740506993605997,0,617.1637495536667,475.1062504463333,546.135,0.2601142558292974,0.9207099264421358,22.121574109709016,0.036510272503233236,20.0163924324605,27.77555431683949,13.500378179683805,0,90.77625570776254,91.30768588013824,259435.97071428574,233116.46046666664,1.1129028391857492,0,9007493.295700006,547.6457644400349,869838.8120088811,0.2134864721225309,0.3563363954777464,0.45198321135159736,0.7883841402254046,0.4160163256038305,0.8394292047658631,1.51475,0.8394292047658631,2.107478260869565,0.024591516751939227,0.0,1.0,0.0,0.0,0.0,0.0,64262.7,0.014567574134444872,0.06546922198315852,0.3664812370246816,0.7363,0.7135204705833524
2024-09-25,605.8,608.3,584.2,587.4,220793.948,0,1,-0.030533091269186352,-0.002208255478172383,0.0498659517426272,0.10809281267685322,0.07150674936154666,-0.03100893718642369,0.6666666666666666,0.9888888888888889,550.385,0.06725292295393222,540.596,0.08657851704415122,549.952,0.06809321540789011,570.5385,0.029553658517348046,574.7401502889016,557.8730571514845,0,1,1,61.391482330636734,0,0,16.8670931374171,10.722979199586536,6.144113937830564,0,620.5621375276777,480.20786247232235,550.385,0.255011083251461,0.7637254902666937,22.262890244729792,0.03790073245612835,20.023401585263763,25.62787123244786,17.044523596199827,0,67.86516853932582,82.71304704735519,262237.53685714287,231110.07286666668,1.1346867473337452,0,8786699.347700005,551.5177861900416,863097.2902429132,0.3346684484302907,0.3414126624096802,0.45662784158590475,0.7476825355719154,0.4122876947796626,0.8137988362427265,1.4685,0.8137988362427265,2.0431304347826087,0.04102826012938357,-0.00016504373659023393,1.0,0.0,0.0,0.0,0.0,63152.01,-0.017283587524333677,0.022539187587303777,0.36445911647142804,0.7396,0.6917845560460758
2024-09-26,587.5,609.0,580.8,596.3,334337.474,0,1,0.015151515151515138,-0.013564929693962058,0.051675485008818356,0.09513314967860409,0.1181323832739547,0.015037877364540502,0.6666666666666666,1.0,555.8399999999999,0.0727907311456535,543.022,0.09811388857173356,550.029,0.08412465524545062,570.8755,0.044535980261895924,578.0570502444552,560.7194973624858,0,1,1,63.82263703264083,0,0,17.337552881969486,12.045893936063127,5.291658945906359,0,622.1941503084589,489.4858496915409,555.8399999999999,0.2387526997281916,0.8048791960405987,22.68696951296338,0.03804623429978766,19.800041327207516,23.352474561174656,16.601677931194843,0,77.8651685393258,78.83553092880472,265938.9271428571,232318.85619999998,1.1447152051829752,0,9121036.821700005,559.5688732208989,868163.0095459435,0.33619983048580476,0.3312092660750021,0.45758485842871477,0.723820423630997,0.40236909188967684,0.8261291216403436,1.4907499999999998,0.8261291216403436,2.074086956521739,0.04729163172899555,0.00017024174327548986,0.0,0.0,0.0,0.0,0.0,65173.99,0.03201766657941674,0.03536252706400944,0.3364659322412897,0.7201,0.7078863266076696
2024-09-27,596.3,614.7,596.0,606.8,356901.64,0,1,0.017608586282072736,0.0014853936293117709,0.06643233743409471,0.09058231488138024,0.12998137802607057,0.017455351345316922,0.7222222222222222,1.0,561.505,0.08066713564438421,544.816,0.11377052068955376,550.104,0.10306414787022074,571.2945,0.06214920675763549,582.4790425145391,564.1328679282275,0,1,1,66.50257571563264,0,0,18.346174586311577,13.305950066112818,5.040224520198759,0,624.7213361631664,498.28866383683356,561.505,0.22516749152070384,0.8582539162273655,22.402185976323143,0.036918566210156795,19.866521317730435,23.777524681114265,15.611814781100408,0,89.66292134831455,78.46441947565539,280199.4887142857,235222.41830000002,1.191210815445841,0,9477938.461700005,564.9921448045235,874447.5428680967,0.34017161777425015,0.33349328042541143,0.45752288148122533,0.7289106051826972,0.3980942183497797,0.8406760875588806,1.517,0.8406760875588806,2.1106086956521737,0.030817402768622357,0.0,0.0,0.0,0.0,0.0,0.0,65769.95,0.009144138635673427,0.04064647660125886,0.33558545264929895,0.725,0.71958265426344
2024-09-28,606.9,618.6,594.5,601.1,262593.381,0,1,-0.009393539881344615,0.023323118828736833,0.021236833163438718,0.08639074643050804,0.12061894108873994,-0.009437937429260676,0.5555555555555556,0.9888888888888889,566.405,0.06125475587256478,546.664,0.0995785345294368,550.2379999999999,0.0924363639007122,571.6125,0.05158652058868564,585.34380520461,566.871174007618,0,1,1,63.74209618210349,0,0,18.472631196991983,14.339286292288651,4.133344904703332,0,625.6260302261992,507.18396977380075,566.405,0.20911196132166637,0.7929280347494789,22.523458406585775,0.03747040160802824,20.114422502991317,23.197055765072818,14.418631055452883,0,80.89519650655022,82.80776213139687,287891.0817142857,238435.96056666665,1.2074146912658816,0,9215345.080700006,568.8980723084795,871980.861471096,0.3057098007948662,0.3354845415109063,0.4554635178756215,0.7365782951742817,0.40128967779193336,0.8327791632031034,1.50275,0.8327791632031034,2.0907826086956525,0.04009316253535189,0.00016479894528678764,0.0,0.0,0.0,0.0,0.0,65858.0,0.0013387572896133015,0.039606648633221386,0.33562194917200544,0.7238,0.7226573595272605
2024-09-29,601.1,602.8,592.4,595.6,160103.084,0,1,-0.009149891864914328,-0.0011739057521380492,0.011720740614914238,0.07625587278641133,0.11285500747384147,-0.009192009235262446,0.5222222222222223,0.9666666666666667,570.25,0.044454186760192936,548.114,0.08663526200753856,550.333,0.08225383540510937,571.438,0.042282802333761554,586.9216813269777,568.9992351922389,0,1,1,61.106342206106795,0,0,17.922446134738834,15.05591826077869,2.8665278739601447,0,626.3322140864811,514.1677859135189,570.25,0.1966934295010299,0.7260074821663536,21.657497091829647,0.03636248672234662,20.179786877971775,22.401391404815758,14.616669495077247,0,74.89082969432314,81.81631584972932,281765.9807142857,237178.53353333334,1.1879910737144599,0,9055241.996700006,572.0983947338292,870515.9355652567,0.3143897740158205,0.3371723153820456,0.4539180586781183,0.7428043650960817,0.3963083418866667,0.8251593239124412,1.489,0.8251593239124412,2.0716521739130433,0.017461383478844822,0.0,0.0,0.0,0.0,0.0,0.0,65602.01,-0.0038869993015275828,0.031822734510707607,0.3356077053383123,0.7242,0.7267232982773356
2024-09-30,595.6,595.8,563.5,567.4,324086.737,0,1,-0.04734721289456023,-0.0649307844429795,-0.06137303556658402,0.06314408843919783,0.06474010133233254,-0.04850477843510308,0.25555555555555554,0.9111111111111111,572.7700000000001,-0.009375491034796022,549.394,0.03277429313024891,550.096,0.031456327622814875,571.259,-0.006755254621809087,583.9183457382119,568.8807733261472,0,0,1,49.747780522464126,0,0,15.03757241206472,15.052249091035897,-0.014676678971177637,0,623.0017199009785,522.5382800990217,572.7700000000001,0.1753992698674107,0.4465477191445368,22.41767587098467,0.039509474569941264,19.113015856377043,20.095924483662888,22.32067181011295,0,42.85714285714282,66.21438968600539,274348.34214285715,244782.9557,1.1207820469293286,0,8731155.259700006,574.0927934513645,855171.3318322144,0.38070856555323646,0.3689719228465363,0.4648956054717162,0.7936661876426022,0.40661177014073185,0.7860903297312275,1.4184999999999999,0.7860903297312275,1.9735652173913043,0.056926330630948103,0.0,0.0,0.0,0.0,0.0,1.0,63327.59,-0.03466997428889751,-0.00019576889734274072,0.3532444812147259,0.7554,0.7858431570777132
2024-10-01,567.4,583.1,536.8,547.3,476372.945,0,1,-0.03542474444836097,-0.08950257860588928,-0.0967156296418551,0.002013914317099852,0.06811085089773616,-0.036067424224878526,0.13333333333333333,0.9333333333333333,573.63,-0.045900667677771456,549.9760000000001,-0.004865666865463507,549.794,-0.004536244484297807,570.832,-0.04122403789556304,578.2847540861793,567.2821975242103,0,0,0,43.53598614012288,0,0,11.002556561968959,14.24231058522251,-3.2397540232535516,0,621.309901977997,525.950098022003,573.63,0.16623922032668104,0.22388785517899532,24.12355616591434,0.044077391130850255,19.324663576870943,17.340937090563127,27.166418206990016,0,12.836185819070893,43.528052790178954,305027.0298571428,253872.09163333336,1.2014988646238924,0,8254782.314700006,574.3710050103582,838295.9419934762,0.4016724654611558,0.3659978610597259,0.4555352997418332,0.8034456633045758,0.4228409793492561,0.758243280687171,1.36825,0.758243280687171,1.9036521739130434,0.08459711310067618,0.0,1.0,1.0,1.0,1.0,1.0,60805.78,-0.03982166382772501,-0.05379356920888789,0.36339900472457276,0.7623,0.7649201809474441
2024-10-02,547.2,558.3,535.4,542.5,282193.663,0,1,-0.008770327060113159,-0.08915379449294836,-0.07643854273067752,-0.030384271671134888,0.030780923427703,-0.008809012735257728,0.2,0.8111111111111111,573.53,-0.054103534252785336,550.3420000000001,-0.014249321331099747,549.538,-0.012807121618523215,570.6625,-0.04935053556173749,572.7794073036902,565.4464791890837,0,0,0,42.18143751003269,0,0,7.332928114606489,12.860434091099307,-5.527505976492819,0,621.4747972041513,525.5852027958487,573.53,0.16719194184838218,0.1763986729584787,24.036159296920456,0.04430628441828655,19.576467479107663,16.160847618850358,25.733722661605015,0,8.533653846153868,21.40899417412253,313798.4177142857,254512.39953333334,1.232939606438262,0,7972588.651700006,574.548899635952,835821.0112746749,0.3851690078075446,0.3597148347613783,0.45296759446639484,0.7941292912689036,0.418002457688544,0.7515932391244112,1.35625,0.7515932391244112,1.8869565217391304,0.04221198156682023,-0.00018271514708552723,1.0,1.0,1.0,1.0,1.0,60649.28,-0.002573768480562233,-0.03963025088195926,0.3524853918841427,0.7502,0.7626456798193042
2024-10-03,542.5,550.8,534.3,544.8,220702.342,0,1,0.0042396313364054805,-0.03983080719069443,-0.08636592319302361,-0.03915343915343927,0.05031810294968175,0.004230669420687945,0.15555555555555556,0.8666666666666667,572.95,-0.04913168688367238,550.77,-0.010839370336075,549.204,-0.008018878231039826,570.5279999999999,-0.045095069830052084,568.4748831031225,563.9171103602627,0,0,0,43.095061418794145,0,0,4.557772742859811,11.199901821451409,-6.642129078591598,0,622.0344385244751,523.8655614755249,572.95,0.17133934383270827,0.21324924104038,23.49786220428328,0.04313117144692232,19.856205275318693,15.350275444263271,24.777385134929528,0,12.455516014234865,11.27511855981988,297564.8274285715,254386.42260000002,1.169735492905868,0,8193290.993700006,574.4451655917034,836756.7078398361,0.35860276346306114,0.35676304937111036,0.4328338948355884,0.8242493335847151,0.4158882016805622,0.7547797173732336,1.3619999999999999,0.7547797173732336,1.8740970072239422,0.030286343612334805,0.0,1.0,1.0,1.0,1.0,1.0,60752.71,0.001705378860227258,-0.06783810535460544,0.3416770353626404,0.7469,0.7766669137792512
2024-10-04,544.8,557.8,541.8,555.3,186169.628,0,1,0.01927312775330403,0.014617211766855487,-0.08487145682267638,-0.02407732864674872,0.09397163120567353,0.019089753412258968,0.16666666666666666,0.9555555555555556,573.05,-0.030974609545414887,551.492,0.006904905238879246,549.0269999999999,0.011425667590118566,570.5275,-0.026690212128249867,566.4479780103344,563.2788058891321,0,0,1,47.19713810050824,0,0,3.1691721212023367,9.593755881401595,-6.424583760199258,0,621.9737645407824,524.1262354592175,573.05,0.1707486765231044,0.31859531695272825,22.962300618263047,0.041351162647691425,19.63944578088864,16.763758727287822,23.544189382747152,0,24.91103202846973,15.300067296286159,273174.54,246062.33333333334,1.1101843028934402,0,8379460.621700006,574.1957126186785,840344.7788640652,0.36449976693240066,0.35318811804586897,0.4091774900853077,0.8631660504399552,0.40798134014562243,0.7693266832917706,1.38825,0.7693266832917706,1.873481781376518,0.02881325409688457,0.0,1.0,1.0,1.0,1.0,1.0,62086.0,0.021946181495442696,-0.056012662317669326,0.34608524987606565,0.7789,0.7914627603435377
2024-10-05,555.3,565.2,551.6,563.0,124906.382,0,1,0.013866378534125756,0.037788018433179804,-0.06338379637331559,-0.04349303431872242,0.12062101910828038,0.013771119892128926,0.24444444444444444,0.9888888888888889,573.53,-0.018359981169250035,552.3580000000001,0.019266490211058657,548.84,0.025799868814226308,570.804,-0.013671943434173507,565.9175198548983,563.2581536010482,0,0,1,50.04127979831961,0,0,2.6593662538500666,8.20687795589129,-5.5475117020412235,0,621.8263701371116,525.2336298628884,573.53,0.16841793851101627,0.39098559612134726,22.29356485981569,0.03959780614532094,18.954713194383196,18.404247760553336,22.518265606027537,0,34.04507710557535,23.803875049426654,253504.9687142857,244317.96873333334,1.0376026373687632,0,8504367.003700005,574.6569764738152,842076.7780382053,0.398187343868822,0.352204966091282,0.40109509201680366,0.8781083915046424,0.4063561636973332,0.7799944582986977,1.4075,0.7799944582986977,1.8994601889338734,0.024156305506216738,0.0,1.0,1.0,1.0,1.0,1.0,62058.0,-0.00045098734014104025,-0.05769989978438461,0.33148546510149784,0.7778,0.8226637687290966
2024-10-06,563.0,571.9,561.1,570.3,106787.34,0,1,0.012966252220248498,0.04680616740088106,-0.04247817327065151,-0.03125530830643808,0.17056650246305405,0.012882910022802618,0.3,1.0,575.3599999999999,-0.00879449388209112,552.932,0.03141073405047987,548.869,0.03904574679932721,570.8715,-0.0010011009482869867,566.5917475695293,563.7797718528224,0,0,1,52.64546668113344,0,0,2.811975716706911,7.1278975080544145,-4.315921791347503,0,619.9318532850384,530.7881467149614,575.3599999999999,0.15493553005088473,0.4432377203653495,21.472595941257424,0.03765140442093184,17.898552833640416,19.971807658345096,21.70927010706554,0,42.70462633451954,33.88691182285488,245888.43385714287,235954.05583333332,1.0421030186945661,0,8611154.343700005,576.4166690323269,843461.4096225748,0.4199968912931022,0.3374336121312709,0.3987691658100619,0.8461878225860476,0.38399521250188484,0.7901080631753948,1.4257499999999999,0.7901080631753948,1.924089068825911,0.018937401367701133,0.0,1.0,1.0,1.0,1.0,1.0,62819.91,0.012277385671468632,-0.04240876156081175,0.3061163486736975,0.7548,0.8282529677584441
2024-10-07,570.4,581.8,563.5,564.3,213046.676,0,1,-0.010520778537611797,0.01620745542949753,-0.005463517800493478,-0.06650124069478913,0.14346504559270512,-0.010576513187398788,0.4111111111111111,0.9888888888888889,576.265,-0.020763017014741536,553.5939999999999,0.01933908243225183,548.812,0.028220957267698122,570.924,-0.011602244782142673,566.2391710203709,563.8183072711317,0,0,1,50.32355738594785,0,0,2.4208637492391745,6.1864907562913665,-3.765627007052192,0,619.042823817092,533.487176182908,576.265,0.14846580589517666,0.36014950116256983,21.24598194545332,0.03765015407664952,16.90579777660244,22.071417838941855,20.37362379864399,0,35.58718861209962,37.44563068406484,230025.568,238376.7013,0.964966654650154,0,8398107.667700004,577.4396754974362,841219.9927262045,0.3056246874213342,0.33967225695134673,0.3612881792473388,0.9401698601348544,0.3835179709439688,0.7817955112219451,1.41075,0.7817955112219451,1.9038461538461537,0.03242955874534814,0.00017534630896023627,0.0,1.0,1.0,1.0,1.0,62224.0,-0.009486005312646983,-0.017426685588382562,0.3090697531411688,0.7621,0.8341048323271425
2024-10-08,564.4,586.8,559.5,580.8,286276.177,0,1,0.029239766081871288,0.03161634103019528,0.06120957427370732,-0.041425977884139376,0.15444245676803803,0.028820438535491884,0.6888888888888889,0.9888888888888889,577.33,0.006010427311935831,554.042,0.04829597756126778,548.798,0.05831289472629265,571.059,0.017057782120586465,568.4792985556985,565.0762104362332,0,1,1,56.06255969820945,0,0,3.4030881194653375,5.629810228926162,-2.226722109460824,0,619.4052258648579,535.2547741351422,577.33,0.14575797503977928,0.5412356669355176,21.678411806492363,0.03732508919850614,16.26445029974729,21.733525047853853,18.540991096489236,0,55.160142348754405,44.48398576512452,202868.88685714288,243396.66809999998,0.8334908133327191,0,8684383.844700003,578.3332687077811,849590.6411764969,0.2294767039795315,0.3443851095260318,0.3636257353640063,0.9470867324098672,0.3882858592612358,0.8046550290939318,1.452,0.8046550290939318,1.959514170040486,0.047004132231404885,0.0001772107035265333,0.0,0.0,1.0,1.0,1.0,62160.49,-0.001020667266649511,0.022279296474776,0.3084932661537429,0.7313,0.8134152451610275
2024-10-09,580.8,586.0,566.2,570.7,324396.054,0,1,-0.017389807162534243,0.0007013852358408457,0.05198156682027655,-0.028430371127000198,0.10025062656641603,-0.017542785967923736,0.6444444444444445,0.9111111111111111,577.515,-0.011800559292832118,554.068,0.03001797613289355,548.736,0.040026533706554804,571.153,-0.000793132488142362,568.8209449317449,565.4927874409566,0,0,1,52.095164711568195,0,0,3.3281574907882714,5.169479681298584,-1.8413221905103123,0,619.4312209526006,535.5987790473994,577.515,0.14516063116144381,0.41870688906203607,21.54423953460005,0.037750551138251355,15.668913356953217,20.30681356208124,17.3238555928503,0,43.17912218268098,44.642151047845005,208897.79985714285,247292.25190000003,0.8447405782111478,0,8359987.7907000035,578.9294458561724,843949.4563531498,0.2609494714186399,0.3413252168984295,0.3618297192309507,0.9433310719304583,0.3843565440397158,0.7906622333056249,1.4267500000000002,0.7906622333056249,1.9254385964912284,0.034694235149815934,0.0,1.0,1.0,1.0,1.0,1.0,60636.02,-0.02452474232426416,-0.0002186340876594306,0.3007209021799319,0.7257,0.8202891149991891
2024-10-10,570.8,572.9,551.5,563.9,178198.309,0,1,-0.011915191869633857,-0.0007088428141058811,0.0350587371512483,-0.0543350662418246,0.09071566731141201,-0.01198674672952604,0.5888888888888889,0.8777777777777778,577.26,-0.023143817344004457,553.944,0.017972935892436814,548.5740000000001,0.027937889874474375,571.134,-0.012666029338123868,568.0638764807072,565.374803186071,0,0,1,49.552604615454754,0,0,2.689073294636273,4.6733984039661225,-1.9843251093298493,0,619.4554549809869,535.064545019013,577.26,0.14619220102202451,0.34168911075825625,21.533936710700047,0.03818750968380927,14.927116151076138,18.86534861150857,20.970158187816896,0,35.11269276393831,44.48398576512457,202825.79514285715,247851.60179999997,0.8183356236951993,0,8181789.481700003,578.964307310049,841826.1893105706,0.28576464706427324,0.3436823975843686,0.35336019018299125,0.9726121027000497,0.3866955544070065,0.7919943820224719,1.4097499999999998,0.7812413410917152,1.8922818791946308,0.0379499911331796,0.00017522340984739624,1.0,1.0,1.0,1.0,1.0,60326.39,-0.005106370767738344,-0.0070173001336072405,0.30040682262450336,0.7351,0.8376596859294617
2024-10-11,563.8,577.5,560.1,573.6,185095.358,0,1,0.017201631494945913,-0.01239669421487588,0.03295515937331195,-0.05471324983520098,0.08205998868138087,0.017055358472274167,0.5777777777777777,0.8666666666666667,576.51,-0.005047614091689595,553.7579999999999,0.035831536519562876,548.7429999999999,0.04529807213941697,571.067,0.0044355565984376885,568.9155877913677,565.9840770241398,0,1,1,53.071135460428295,0,0,2.9315107672279055,4.3250208766184794,-1.393510109390574,0,618.3888176578673,534.6311823421327,576.51,0.14528392450388486,0.46525689880056464,21.238655517078612,0.037026944764781404,13.94038481988662,19.308418540076907,19.743013142330636,0,46.61921708185058,41.63701067615663,202672.328,247218.79366666666,0.819809550050915,0,8366884.839700003,578.5415067759673,845010.1314503116,0.2817612734691786,0.3399805083401527,0.35028871107655374,0.9705722667889567,0.3782067472372956,0.8254425097136279,1.4340000000000002,0.7946799667497922,1.9248322147651007,0.03033472803347276,-0.00017733640716443118,1.0,1.0,1.0,1.0,1.0,62540.0,0.036693891346722296,0.007312437586573406,0.3161825123859977,0.7595,0.813222461128582
2024-10-12,573.7,579.2,573.6,576.6,135773.959,0,1,0.0052301255230124966,0.010338181181005712,0.024156305506216835,-0.04075860921643648,0.05895316804407713,0.0052164959188911505,0.5666666666666667,0.7888888888888889,575.905,0.0012067962597998804,553.456,0.04181723569714667,549.3729999999999,0.04956013491744242,571.048,0.009722475168462233,570.0978050542342,566.7704416890183,0,1,1,54.13656179455918,0,0,3.327363365215888,4.1254893743379615,-0.7981260091220737,0,617.390087999372,534.419912000628,575.905,0.1440692058564243,0.5083765038658056,20.121608694430144,0.034896997388883355,12.977257068508031,19.52805752590263,19.35053929111623,0,61.751824817518354,47.82791155443576,204224.839,242615.33229999998,0.841763944034134,0,8502658.798700003,578.160624288214,845720.2462986379,0.274693764710047,0.3323133204938237,0.3497721826762438,0.9500850466471189,0.3737427257015566,0.8419976635514019,1.4415,0.7988362427265171,1.9348993288590606,0.009712105445716306,0.00017433751743379137,1.0,1.0,1.0,1.0,1.0,63206.22,0.010652702270546932,0.01850236875181288,0.3153708043153336,0.759,0.7959185776995281
2024-10-13,576.6,578.5,564.9,572.2,118779.976,0,1,-0.007630939993062746,0.014718921794644624,0.003331579870243795,-0.039288112827400856,0.02839683680805183,-0.007660204588291888,0.45555555555555555,0.6666666666666666,574.29,-0.0036392763238083867,553.29,0.0341773753366229,550.118,0.04014047895178851,571.0375,0.0020357682288816804,570.421219661275,567.1726311935354,0,1,1,52.26247600789254,0,0,3.248588467739637,3.9501091930182968,-0.7015207252786597,0,613.5427518311217,535.0372481688782,574.29,0.13670010562998386,0.4733776626796538,19.655779501970848,0.03435123995451039,12.583159619742371,18.56294123411372,21.555752795804246,0,61.62601626016275,56.66568605317723,205938.07271428572,237349.88906666668,0.8676560731673313,0,8383878.822700003,576.175340573651,844813.8434294045,0.27258485329989585,0.3280300955850493,0.35023100603392576,0.9366106653426169,0.3700912432040425,0.8479549496147007,1.4305,0.7927403712939873,1.9105175292153591,0.02376791331702206,0.0,1.0,1.0,1.0,1.0,1.0,62870.02,-0.005319096759781039,0.0007976770421986856,0.2951044191134261,0.7578,0.8383086910466917
2024-10-14,572.3,592.3,558.9,589.1,252803.176,0,1,0.029535127577769993,0.02702231520223153,0.0439482544745704,0.03824462460345446,0.06470269293330944,0.02910736791163175,0.6444444444444445,0.8,573.45,0.027290958235242788,553.594,0.0641372558228593,550.749,0.06963426170542297,571.066,0.031579537216363765,573.294878174925,568.7968807347551,0,1,1,58.24188661216569,0,0,4.497997440169911,4.059686842448619,0.43831059772129155,1,610.5124792535644,536.3875207464357,573.45,0.12926141513144765,0.7111299664133357,20.637509537544357,0.035032268778720684,12.062197430534644,21.193372700932454,19.063888780394812,0,94.48275862068978,72.62019989945698,211617.57271428572,241162.22946666667,0.8774905306783765,0,8636681.998700004,574.7452925734352,852280.41748463,0.3068477771593595,0.3373177313570852,0.35416553997536115,0.9524295655092586,0.3818635287818535,0.9271325149512119,1.47275,0.816154059296204,1.959095443964084,0.05669665591580373,0.0001747640685073559,1.0,1.0,1.0,1.0,1.0,66083.99,0.051120868102157546,0.06203378117768077,0.32660003663053155,0.7665,0.7882963385187391
2024-10-15,589.0,599.9,577.7,594.5,324305.897,0,1,0.009166525207944254,0.031044051335414435,0.023588154269972517,0.08624154942444728,0.07426816046259499,0.0091247676031948,0.5777777777777777,0.8555555555555555,573.8050000000001,0.03606625944353907,554.52,0.07209839140157256,551.7869999999999,0.07740849276985519,570.976,0.041199630107044784,576.557204609552,570.7008154951436,0,1,1,59.967345495266926,0,0,5.85638911440833,4.419027296840562,1.4373618175677683,0,611.5596358254934,536.0503641745067,573.8050000000001,0.1315939590121847,0.7740723032749518,20.74911599914833,0.034901793102015695,12.023185873209163,22.189997349048912,17.606964987517028,0,91.76829268292687,82.62568918792648,217050.38985714284,245130.59970000002,0.8854479617101138,0,8960987.895700004,574.9672695591757,855253.1756645655,0.2657148639244879,0.33787343750922055,0.3544479883553935,0.9532384118666399,0.38422820419561093,0.935631098520617,1.48625,0.8236353560543087,1.9770535417359496,0.03734230445752722,-0.00016975046681382233,1.0,1.0,0.0,0.0,1.0,67074.14,0.014983205463229288,0.07904780029887148,0.3237737490150058,0.7746,0.8048172366808563
2024-10-16,594.6,605.5,589.7,600.9,259951.129,0,1,0.010765349032800575,0.050157287661656724,0.05291746977396161,0.10764976958525341,0.12591343451377157,0.010707815209045643,0.7111111111111111,0.9555555555555556,574.0350000000001,0.04680028221275687,555.8720000000001,0.0810042599735189,552.69,0.08722792161971434,570.977,0.05240666436651564,580.3022500542363,572.9377921251329,0,1,1,61.9728709632383,0,0,7.364457929103423,5.008113423293135,2.3563445058102888,0,612.4174672145177,535.6525327854824,574.0350000000001,0.13372866537586608,0.849964475314377,20.395607713494876,0.033941766872183185,12.300323372910535,22.923341665231824,16.63270043468286,0,93.5393258426966,93.2634590487711,207843.972,244863.84766666667,0.8488144492564625,0,9220939.024700005,574.8310752973082,858051.640299721,0.22316416579401632,0.3180416411811355,0.3454923245962236,0.9205461845001341,0.3761872311646785,0.9693498951443781,1.5022499999999999,0.8325020781379884,1.9554181581516432,0.02629389249459137,0.00016820857863754875,0.0,0.0,0.0,0.0,0.0,67620.01,0.008138307848598592,0.11517889861504749,0.31833139411081873,0.7701,0.7667303411009984
2024-10-17,601.0,606.3,585.1,592.9,194199.416,0,1,-0.013313363288400715,0.0064505177389238,0.0514275580776733,0.08828928046989737,0.08549981691688013,-0.013402780626560229,0.6888888888888889,0.8555555555555555,573.3399999999999,0.03411588237346088,556.99,0.0644715344979263,553.45,0.07128015177522798,570.908,0.03852109271546372,582.2403654305076,574.416474189938,0,1,1,58.05755148207855,0,0,7.823891240569651,5.5712689867484375,2.2526222538212135,0,609.6731022043164,537.0068977956835,573.3399999999999,0.12674190603940577,0.7691760242492629,20.453064305388093,0.034496650877699604,12.209816983301712,21.22616376127313,17.00772894309509,0,79.22480620155042,88.17747490905798,210129.84442857144,244827.54953333334,0.8582769579203838,0,9026739.608700005,573.2729901556075,855466.1929241178,0.22842159939548445,0.3165095182810817,0.3441444350722362,0.9196996552178626,0.37354442615788763,0.9584545748464274,1.4822499999999998,0.8214186755333888,1.8786438529784535,0.03575645134086681,0.000166417041105047,1.0,1.0,1.0,0.0,0.0,67421.78,-0.0029315286998625734,0.11761668483726617,0.30526206265163236,0.7618,0.787106396473058
2024-10-18,592.9,602.4,591.8,599.2,136743.669,0,1,0.010625737898465326,0.007905803195963124,0.04463040446304056,0.07905636592832721,0.07095621090259163,0.010569681489687862,0.6777777777777778,0.8111111111111111,573.245,0.04527732470409692,558.246,0.07336192287987744,554.195,0.08120787809345084,571.025,0.04934109714986221,584.8495399796603,576.2522909166092,0,1,1,60.19053349376679,0,0,8.597249063051095,6.176465002008969,2.4207840610421254,0,609.2812083991823,537.2087916008177,573.245,0.12572707445920095,0.8601239024995339,19.749273997860374,0.03295940253314481,12.125775335807806,20.412400264036037,16.35569077263467,0,87.04379562043812,86.60264255489506,203222.4602857143,242679.57233333334,0.8374106577317411,0,9163483.277700005,572.180252976126,856919.1953101862,0.21977719170423687,0.31097884878034676,0.32979854791577506,0.9429357732034814,0.3676995891347309,0.9686388619463304,1.4980000000000002,0.830146855084511,1.8986058301647655,0.017690253671562118,0.0,0.0,0.0,0.0,1.0,0.0,68428.0,0.014924257413553965,0.09414774544291649,0.30118969120944183,0.7536,0.7750739100552388
2024-10-19,599.3,601.4,595.4,597.7,78940.239,0,1,-0.00250333778371159,-0.005325345315360219,0.03659382587582383,0.0616341030195382,0.05414462081128746,-0.0025064763728012006,0.6444444444444445,0.7111111111111111,573.35,0.04246969564838235,559.496,0.06828288316627834,554.924,0.07708442957954616,571.2565,0.04629006409555093,586.8265338289434,577.8410101079716,0,1,1,59.41576755829,0,0,8.985523720971855,6.738276745801547,2.2472469751703086,0,609.6715754353401,537.02842456466,573.35,0.12669948699865713,0.8352002178890628,18.767182998013205,0.03139900116783203,12.047736663134891,19.94625830002067,15.982188699337758,0,84.30656934306585,83.52505705501814,195103.3574285714,235029.98890000003,0.8301211191886815,0,9084543.038700005,571.74674090203,856721.5812272424,0.22607880054537746,0.30947941405191826,0.3276508089410378,0.9445403631144718,0.36328823485420975,0.9662140316844487,1.49425,0.8280687170961486,1.893852978453739,0.01003848084323239,0.00016688918558062257,0.0,0.0,0.0,1.0,0.0,68378.0,-0.000730695037119311,0.08182390910261672,0.29771998727127513,0.7508,0.7775573102638583
2024-10-20,597.8,607.3,593.1,605.9,123572.057,0,1,0.013719257152417397,0.021926125822229636,0.05889549108703229,0.062423285989829935,0.0648506151142354,0.013626000120734671,0.7777777777777778,0.7777777777777778,575.275,0.05323540915214463,560.956,0.0801203659467052,555.645,0.09044443844541028,571.4785,0.06023236219735287,589.7609132398752,579.9194538036774,0,1,1,62.27456789456165,0,0,9.841459436197852,7.358913283880808,2.4825461523170436,0,614.252611657542,536.2973883424579,575.275,0.13550949252980599,0.8928537267633501,18.440955641012255,0.030435642252867233,12.376028934412453,21.134464200096815,15.103139587332686,0,97.49103942652334,89.61380146334244,195787.9404285714,230579.80049999998,0.8491114139400576,0,9208115.095700005,572.3437234153281,858416.8980540786,0.21105969565041724,0.31135977921279573,0.32870210098985536,0.9472400032587718,0.35924223502139613,0.9794697704494018,1.51475,0.8394292047658631,1.9198352344740175,0.023436210595807777,0.00016730801405372101,0.0,0.0,0.0,0.0,0.0,69031.99,0.00956433355757702,0.0980112619655602,0.29832920135044005,0.7518,0.7816594628460348
2024-10-21,605.9,611.8,591.5,598.8,275880.778,0,1,-0.011718105297903958,-0.0006675567423232165,0.016465795280936835,0.061137692716640046,0.0173292558613658,-0.01178730340547009,0.5222222222222223,0.5222222222222223,577.85,0.036255083499177866,562.684,0.06418522652145785,556.309,0.07638021315491927,571.545,0.04768653386872424,591.151541972202,581.3180127811827,0,1,1,58.43627433920291,0,0,9.833529191019352,7.853836465308516,1.9796927257108354,0,615.838003646579,539.8619963534211,577.85,0.13148050063711667,0.7757449456268889,18.573744523797092,0.03101827742785086,12.974098108607159,21.21510943836838,13.924079954334386,0,78.44112769485902,86.74624548814943,199084.74071428573,232817.41876666667,0.8551110211981674,0,8932234.317700004,576.2690869608956,855184.0980478069,0.18123593875933716,0.29873719726092296,0.3267189243694706,0.9143553525020043,0.35700972702316064,0.9679922405431619,1.4969999999999999,0.829592684954281,1.8794726930320147,0.033901135604542346,0.0,0.0,0.0,1.0,0.0,0.0,67377.5,-0.023967004283086846,0.019573727312772737,0.30849376335474227,0.7933,0.7642016335140612
2024-10-22,598.8,609.0,587.0,593.8,203756.934,0,1,-0.008350033400133627,-0.006525012548101228,-0.0011774600504625976,0.022382920110192828,0.008663156106675673,-0.00838509021581389,0.43333333333333335,0.4777777777777778,580.415,0.023061085602542993,564.034,0.052773414368637285,556.799,0.06645306475047545,571.625,0.03879291493549084,591.5589970534018,582.242604427021,0,1,1,55.826722464059635,0,0,9.316392626380775,8.14634769752297,1.1700449288578056,0,615.1405874111946,545.6894125888053,580.415,0.11965778765605516,0.6927253215547481,18.818477057811588,0.031691608382976744,13.095048000851017,19.443551144090932,14.469403576444412,0,70.14925373134326,82.02714028424188,181863.4602857143,232843.35686666667,0.7810549664504921,0,8728477.383700004,579.5394919333361,853482.720843398,0.18410463174317537,0.2998642664906616,0.32578711452995546,0.9204301002613463,0.35864954200636967,0.9599094730035563,1.4845,0.8226655583264062,1.8361162646876932,0.0370495116200741,0.0,0.0,0.0,1.0,0.0,0.0,67426.0,0.0007198248673518926,0.0052458369201602295,0.3084951542759885,0.7915,0.7654535251875131
2024-10-23,593.8,595.0,573.0,584.9,225698.465,0,1,-0.01498821151902996,-0.034659184683941247,-0.02662672657680143,0.024881724198352773,-0.032423490488006634,-0.01510166988067931,0.32222222222222224,0.2222222222222222,582.42,0.004258095532433671,565.358,0.03456570880751671,556.795,0.05047638718020101,571.6225,0.02322774208502995,590.5345359682631,582.439448543538,0,1,1,51.42462891560491,0,0,8.09508742472508,8.136095642963392,-0.041008218238312466,0,612.8525033994541,551.9874966005458,582.42,0.10450363448869944,0.5407459085348283,19.045728696539335,0.032562367407316356,12.294584456052721,17.839298963211707,18.52608037991496,0,55.38971807628524,67.9933665008292,176970.22257142857,227832.96546666665,0.776754242780202,0,8502778.918700004,581.8449381463948,850099.9045104577,0.18519119608868295,0.2924240563535363,0.32488208937638147,0.9000928826666035,0.35209759000684476,0.9455221467830585,1.46225,0.8103352729287892,1.7548754875487547,0.0376132672251667,0.0,0.0,1.0,1.0,0.0,1.0,66668.65,-0.011232313944175898,-0.014069208212184492,0.3104918694500052,0.8409,0.7873465233342566
2024-10-24,584.9,598.0,583.3,594.5,145781.537,0,1,0.01641306206189097,-0.007181028724114857,0.0026986001011974903,0.05426494059230369,-0.018814985971282394,0.01627982368185647,0.43333333333333335,0.2777777777777778,584.3799999999999,0.017317498887710257,567.096,0.04832338792726451,556.978,0.06736711324325206,571.6755,0.03992562214053242,591.1446073577611,583.3328227254982,0,1,1,55.50065250298928,0,0,7.811784632262857,8.071233440823285,-0.2594488085604283,0,612.4128829469196,556.3471170530802,584.3799999999999,0.09594059669023479,0.6805023054382661,18.735319503929386,0.031514414640755904,11.51617151375435,17.983268086163328,17.487806952294417,0,67.29678638941407,64.27858606568087,170053.38271428572,223971.61233333332,0.7592631090282908,0,8648560.455700004,583.666601546059,852492.6259247165,0.2054480943676639,0.29661178879396577,0.3256339075348001,0.9108750100364387,0.35216110545024254,0.9610410604591012,1.48625,0.8236353560543087,1.7241879350348028,0.024726661059714123,0.0,0.0,1.0,0.0,0.0,1.0,68198.28,0.022943767422919148,0.011517049831671677,0.3143876963922974,0.8486,0.7960917341013981
2024-10-25,594.5,597.6,565.8,575.3,254214.693,0,1,-0.03229604709840206,-0.031155271135062335,-0.039886515353805274,0.0029637377963736,-0.02059925093632964,-0.0328290722615888,0.3,0.2777777777777778,584.995,-0.016572791220437866,568.554,0.01186518782736553,557.042,0.03277670265437781,571.62,0.00643784332248688,588.7069754565671,582.7377988199058,0,1,1,47.00528897723465,0,0,5.9691766366612455,7.650822079990878,-1.6816454433296322,0,611.5538898785107,558.4361101214893,584.995,0.09080039958806739,0.31748107612275533,19.668510967934434,0.03418826867362148,11.813782319744591,15.906460695651404,21.82355436987775,0,31.00189035916821,51.22946494162252,186834.95757142856,225085.63716666665,0.8300616597454638,0,8394345.762700005,584.1442547691588,844282.4962264827,0.26997214410129244,0.2982737832039301,0.3187447657817873,0.9357762549366172,0.35794579728379805,0.9300032331070157,1.4382499999999998,0.7970351898032696,1.668503480278422,0.05527550843038427,0.0,1.0,1.0,0.0,0.0,1.0,66698.33,-0.02199395644582236,-0.025277225697083017,0.31720451712080794,0.8535,0.7979028384608209
2024-10-26,575.3,587.1,571.6,583.4,119987.437,0,1,0.014079610637928175,-0.0025645409471704017,-0.02392504600970402,0.011793270898369679,-0.02163340600368935,0.01398141356437342,0.3333333333333333,0.2777777777777778,585.65,-0.003841885084948348,570.478,0.022651180238326504,557.157,0.047101624856189434,571.6345,0.020582207686904788,587.8905176940183,582.786850759172,0,1,1,50.4510622674191,0,0,5.103666934846274,7.141391050961957,-2.037724116115683,0,611.3140235595098,559.9859764404902,585.65,0.08764287051826113,0.45616431704906496,19.370760184510548,0.03320322280512607,12.090135211021245,14.997321138201503,20.57622116726036,0,46.31379962192818,48.20415879017016,192698.84300000002,217940.63593333337,0.8841804199330012,0,8514333.199700005,584.4750743873506,845971.8726208856,0.2953871790531383,0.2978049389475995,0.3142955862423947,0.9475314066864526,0.35140250800796774,0.9430973165211768,1.4585,0.8082571349404267,1.6919953596287702,0.02656839218375043,0.0,1.0,0.0,0.0,0.0,1.0,67092.76,0.005913641316056761,-0.01879610401006182,0.30451830875848845,0.8506,0.8269459749318195
2024-10-27,583.4,591.0,581.7,589.2,94455.099,0,1,0.009941720946177623,-0.00891505466778797,-0.0275623040105627,0.029709891646277464,-0.029004614370467863,0.009892627154854203,0.3111111111111111,0.25555555555555554,586.8950000000001,0.003927448691844282,572.3919999999999,0.029364491467386178,557.115,0.05759134110551688,571.5319999999999,0.030913404673754266,588.0919765103232,583.2618988510851,1,1,1,52.816813616348455,0,0,4.8300776592381,6.6791283726171855,-1.8490507133790857,0,610.5340822691205,563.2559177308797,586.8950000000001,0.08055642753514826,0.5487540077435865,18.65142017133122,0.03165549927245624,12.002017441793448,15.956746024247762,19.843382077805718,0,57.27788279773172,44.86452425960939,188539.27757142857,209192.41790000003,0.9012720416165166,0,8608788.298700005,585.3373517178151,846910.9188570871,0.2870493223064531,0.2945813220886272,0.3145740392645813,0.9364451140892188,0.34835951058006354,0.9524733268671194,1.473,0.8162926018287615,1.708816705336427,0.015784114052953078,0.0,1.0,0.0,0.0,1.0,1.0,68021.7,0.013845607186230069,-0.01463509888676262,0.30589322622256965,0.8552,0.8185299500797684
2024-10-28,589.3,604.6,585.5,601.1,189815.882,0,1,0.02019687712152063,0.04484616721710433,0.003841015364061562,0.02037005601765407,0.0,0.019995625456641082,0.4666666666666667,0.4666666666666667,587.91,0.022435406779949405,574.352,0.04657074407332097,557.195,0.07879647161227213,571.5145,0.05176684056135063,590.0932108933504,584.5832396769306,1,1,1,57.31946435210373,0,0,5.509971216419785,6.4452969413777055,-0.9353257249579201,0,612.1819591298258,563.6380408701741,587.91,0.08257032242971156,0.7717127185623827,18.68346158766471,0.031082118761711377,11.44182539629506,19.990971488401257,18.39439776808138,0,76.73913043478275,60.11027095148089,176244.29242857144,206766.5012666667,0.8523832020607112,0,8798604.180700004,586.641615949238,850744.6069015542,0.31297484266415043,0.2995486725515127,0.31677850671326396,0.9456092070749387,0.3459654877650035,0.9717103136113805,1.50275,0.8327791632031034,1.7433294663573087,0.03177507902179341,0.0001697216564832129,0.0,0.0,0.0,0.0,1.0,69962.21,0.028527808037729363,0.038361619234907884,0.3159079122309634,0.8646,0.8149597441172961
2024-10-29,601.1,612.2,599.9,606.3,301555.357,0,1,0.00865080685410069,0.039252656839218414,0.02105085887504221,0.019848612279226074,0.017965077233042193,0.008613603032568532,0.5222222222222223,0.5444444444444444,589.69,0.028167342162831146,576.104,0.05241414744559995,557.2330000000001,0.08805472755561837,571.568,0.06076617305377483,592.5865630636041,586.1918885897506,1,1,1,59.15377943871503,0,0,6.394674473853456,6.435172447872857,-0.04049797401940047,0,613.869147170541,565.510852829459,589.69,0.08200629880289982,0.8434777885846388,18.227500045688664,0.030063499992889108,11.437630445511079,22.00563163458542,17.507781815026593,0,87.28448275862051,73.76716533037835,190215.4957142857,211481.57703333333,0.8994423929622214,0,9100159.537700005,589.2423210281736,853353.3040507805,0.3091935612250498,0.29924585429899353,0.31695384491489553,0.9441306963142955,0.346442648876588,0.9801163918525702,1.51575,0.8399833748960931,1.7278426902251354,0.020286986640277206,0.0,0.0,0.0,0.0,0.0,1.0,72736.42,0.03965297837218107,0.07875923234360638,0.33333144009788224,0.841,0.7503571322618627
2024-10-30,606.3,606.7,594.1,595.6,186706.281,0,1,-0.017648029028533574,0.010862186014935382,0.018293725423149443,-0.008820103178565408,0.04970038773352137,-0.01780561226783094,0.5111111111111111,0.6777777777777778,591.275,0.007314701281129839,577.6759999999999,0.031027773353921737,557.317,0.06869160639277111,571.7805000000001,0.04165846859065663,593.0501687461266,586.8887857312506,1,1,1,54.009988825336706,0,0,6.161383014876037,6.380414561273493,-0.21903154639745548,0,612.2840581967814,570.2659418032185,591.275,0.07106357683575812,0.6029317915988883,17.825535756710906,0.029928703419595207,10.969645553908864,20.894581243650002,18.94793868578894,0,64.2241379310345,76.08258370814593,184645.1837142857,206902.22850000003,0.8924272350903445,0,8913453.256700005,590.9498751052299,850058.306183883,0.31618013660405175,0.26696279773937437,0.3193139634567653,0.8360511230055268,0.3345813623799751,0.9628192693178145,1.489,0.8251593239124412,1.6725638865487222,0.021155137676292853,0.0,0.0,0.0,0.0,1.0,1.0,72344.74,-0.00538492271134583,0.08513881712019078,0.3143341073604341,0.8182,0.6937097417874315
2024-10-31,595.5,596.5,571.1,576.6,279156.175,0,1,-0.031900604432505086,-0.04075860921643648,-0.030109335576114393,-0.027491988530949474,0.053535538096108226,-0.03242051560555216,0.3,0.6888888888888889,591.425,-0.025066576488988346,578.606,-0.003466953332665012,557.264,0.034698096413907975,571.8315,0.008338994966174506,590.5193735544149,586.1266534548616,1,1,0,46.309392247119874,0,0,4.39272009955323,5.982875668929441,-1.5901555693762104,0,611.9397315489692,570.9102684510307,591.425,0.06937390725440852,0.13867428719181113,18.36656891694584,0.03185322392810586,11.331220335053434,18.83057351157109,26.02104746295777,0,23.27586206896562,58.261494252873554,203698.7034285714,200328.33616666668,1.0168242163160617,0,8634297.081700005,591.2414581637612,841153.0554703168,0.35965018757735046,0.2626640413193923,0.3158590933363058,0.831586130843873,0.31135859853041903,0.9321047526673133,1.4415,0.7988362427265171,1.6192080876158381,0.044051335414498745,-0.00016789791806585416,0.0,0.0,1.0,1.0,1.0,70292.01,-0.028374281253896405,0.03070062764046244,0.30176486300276817,0.806,0.7008594785406552
2024-11-01,576.5,585.5,567.7,573.1,242255.184,0,1,-0.006070065903572619,-0.0547583704436746,-0.003824091778202532,-0.04355807743658213,0.05640552995391701,-0.006088563646609982,0.4,0.7111111111111111,591.25,-0.030697674418604614,579.178,-0.010494183135409105,557.246,0.028450630421752766,571.9335,0.0020395727825001366,587.8394699306588,585.161716161909,1,1,0,45.035580708814884,0,0,2.677753768749767,5.321851288893506,-2.644097520143739,0,612.3486155694474,570.1513844305526,591.25,0.0713695241249805,0.06987699168558804,18.326099708592565,0.0319771413515836,11.85153052816836,17.52414554491696,25.540956824082542,0,15.732758620689772,34.410919540229976,201990.20214285716,198997.05353333332,1.0150411704916147,0,8392041.897700004,590.7865395555515,839682.5505379547,0.3019264587919378,0.26183179614498137,0.31199471355461555,0.8392186943229952,0.3074369422616312,0.9264468153895894,1.43275,0.7939872540870048,1.6093793878124123,0.031059151980457084,-0.00017343045438782993,0.0,1.0,1.0,1.0,1.0,69496.01,-0.011324188908526045,0.04194527809017101,0.3047287554162721,0.8062,0.6919513231637611
2024-11-02,573.1,577.2,562.4,568.6,143716.603,0,1,-0.007852032804048115,-0.045332437877770304,-0.025368529310935806,-0.04868663208967716,0.04368575624082238,-0.007883022340792325,0.32222222222222224,0.6333333333333333,591.0699999999999,-0.038015801850880465,579.422,-0.018677233518920585,557.2260000000001,0.02041182572241767,572.0885,-0.006097832765384956,584.8795514797882,583.934922372138,1,0,0,43.38328533457728,0,0,0.9446291076502575,4.446406852644857,-3.501777744994599,0,612.901613967387,569.2383860326129,591.0699999999999,0.07387150072711204,-0.01462067883681215,18.0742354436931,0.031787258958306544,12.62022153297833,16.4991768623935,26.141629689045065,0,12.449799196787223,17.152806628814215,205380.083,196430.86223333332,1.0455591380342069,0,8248325.294700004,590.5816803551096,838554.0830567123,0.28580729765680185,0.2632164804479374,0.3108351085004182,0.8468042162862155,0.3062011439256782,0.9191723246039444,1.4215,0.7877528401219175,1.5967424880651502,0.026028842771720132,0.0,0.0,1.0,1.0,1.0,1.0,69374.74,-0.0017449922664622974,0.034012313698229324,0.3051896384624916,0.8081,0.6962994630351569
2024-11-03,568.6,569.3,547.0,557.7,217508.468,0,1,-0.019169890960253233,-0.03277835587929234,-0.053462321792260736,-0.07955108103647457,0.004321988114532882,-0.019356015821391365,0.23333333333333334,0.45555555555555555,589.5,-0.05394402035623402,579.51,-0.0376352435678417,556.994,0.0012675181420266956,572.2065,-0.025351861609401432,580.6980820213593,581.9915947890166,1,0,0,39.59397884088261,0,0,-1.2935127676573757,3.29842292858441,-4.591935696241785,0,615.954807542396,563.045192457604,589.5,0.08975337588599151,-0.10102497342000784,18.37607576914359,0.03294975034811474,14.070442932492188,15.069011246693526,29.8616904508028,0,16.411042944785333,14.864533587420786,222959.13571428575,197475.49023333334,1.1290471311191146,0,8030816.826700004,589.4719340060909,834384.4694422205,0.281352658622251,0.26437861749475833,0.3101449540727261,0.8524356563697761,0.30988776666205586,0.9015518913676043,1.3942500000000002,0.7726517040731505,1.5661331086773378,0.03998565537027067,0.0,1.0,1.0,1.0,1.0,1.0,68775.99,-0.008630662976178316,0.011088961316756407,0.30295535348501024,0.8028,0.6998106660300755
2024-11-04,557.7,564.8,543.6,552.5,264951.833,0,1,-0.009324009324009452,-0.035944861280753804,-0.08085177175178837,-0.07732130928523706,-0.018650088809946674,-0.009367750003600272,0.1111111111111111,0.3,587.4,-0.05941436840313241,579.492,-0.04657872757518648,556.703,-0.007549806629387618,572.2085,-0.03444286479491297,576.3599155565348,579.8070322120525,1,0,0,37.89352880200773,0,0,-3.447116655517675,1.9493150117639932,-5.396431667281668,0,618.4521462941552,556.3478537058447,587.4,0.1057274303512266,-0.06195793471720479,18.577784642776187,0.033624949579685405,15.564186174337364,13.840727632793866,28.73489210692716,0,12.973760932944568,13.944867691505719,233692.84299999996,202143.67193333333,1.1560730086919144,0,7765864.993700004,586.9600894507332,831914.0560809152,0.20376174052505436,0.2625136172106643,0.3099988973595405,0.8468211320964726,0.3141139144965703,0.8931458131264145,1.38125,0.7654474923801607,1.5515304689693905,0.03837104072398178,0.0,1.0,1.0,1.0,1.0,1.0,67850.01,-0.01346371022794457,-0.03019058431687638,0.3067873478891838,0.8208,0.7016993142170541
2024-11-05,552.51,572.8,551.22,563.21,211437.753,0,1,0.019384615384615556,-0.009479423144565624,-0.07107042718126322,-0.05151566183900291,-0.012432053305277746,0.01919912697611286,0.14444444444444443,0.3111111111111111,585.5155,-0.038095490213324736,580.0822,-0.029085877829038556,556.4961,0.012064594882156552,572.25455,-0.015805116796362664,574.3368516247602,578.5776224185671,1,0,0,43.29516841154863,0,0,-4.24077079380686,0.7112978506498228,-4.952068644456682,0,617.6730047964976,553.3579952035024,585.5155,0.10984339371544433,0.15318360144613422,18.792228596863595,0.03336629072080324,16.255243102303055,15.746215528268076,26.37791866643128,0,28.5860058309038,19.323603236211245,220818.89957142857,205632.01903333334,1.0738546487530884,0,7977302.746700004,584.841346163479,836012.6956006075,0.25282634549967337,0.2659540864613274,0.30461352007497344,0.8730869411044824,0.3194281919505545,0.9104591011962496,1.408025,0.7802853976170685,1.5816062903678743,0.03831608103549285,1.8099547511295755e-05,1.0,1.0,1.0,1.0,1.0,69372.01,0.022431831623900944,-0.04625481980003965,0.3107958908952475,0.8268,0.7069461531822652
2024-11-06,563.21,595.0,563.0,592.22,535934.927,0,1,0.05150831838923309,0.06189707728169269,-0.005674949630624537,0.012514959822191862,0.04947722842459701,0.050225627103394385,0.37777777777777777,0.6444444444444445,585.4815000000001,0.011509330354588369,581.0026,0.01930697039909976,556.6753,0.06385176421515386,572.3611500000001,0.03469636260252807,577.088105220951,579.5881689060807,1,1,1,54.77025206173088,0,0,-2.500063685129703,0.06902554349391765,-2.569089228623621,0,617.6075532245934,553.3554467754068,585.4815000000001,0.10974233421412394,0.6048759390531271,19.735640839944764,0.03332484691490453,15.309574843921219,21.957317553616523,23.322918526722606,0,70.8746355685131,37.47813411078717,270708.70614285715,216394.96073333334,1.2509935777869403,1,8513237.673700003,584.2042142877111,863617.8024564339,0.43470776304788095,0.3017449045385835,0.3193554857493741,0.944855867531234,0.3289357534379039,0.957355318461041,1.48055,0.8204765863119978,1.6630721707385565,0.05403397386106514,0.0,1.0,1.0,1.0,1.0,1.0,75571.99,0.0893729329739763,0.04460932474150847,0.3954538843808963,0.8675,0.6650505397174392
2024-11-07,592.22,611.2,587.01,598.26,377600.506,0,1,0.01019891256627603,0.08282352941176474,0.03756503642039544,0.0063246425567704545,0.03006198347107447,0.010147254597341523,0.6333333333333333,0.5666666666666667,585.4345,0.02190766003711779,581.7778,0.02833074758094935,556.7759000000001,0.07450771486337661,572.45445,0.04507878312414209,580.3453198023432,580.9712675056303,1,1,1,56.73344077106955,0,0,-0.6259477032871246,-0.06996910586229078,-0.5559785974248338,0,617.4786941370767,553.3903058629232,585.4345,0.10947149215523416,0.7001220555763688,20.053809351377286,0.03352022423591296,14.901133482755306,25.835641934712005,21.31339152551447,0,79.6793002915451,59.71331389698734,284772.182,219439.10503333336,1.2977275948912677,0,8890838.179700002,585.0227051273582,867468.9170021095,0.3757454944348492,0.2918019132091015,0.3179200447441412,0.9178468549975849,0.32598026676199227,0.9671193016488845,1.49565,0.8288445552784706,1.6800336983993258,0.04043392504930975,0.0,1.0,1.0,1.0,1.0,1.0,75857.89,0.0037831476979763856,0.0791822569876719,0.3948739379181506,0.9132,0.6777170749485016
2024-11-08,598.27,605.9,588.1,597.82,318752.718,0,1,-0.0007354661852705391,0.061451323662577106,0.0431338335369047,0.03914479402051119,0.04752058875065712,-0.000735736773205696,0.6444444444444445,0.6333333333333333,585.4405,0.021145615993427184,582.3942000000001,0.026486870920074373,556.9891,0.07330646147294452,572.4210499999999,0.04437109711461542,583.0337321404443,582.2193217644725,1,1,1,56.540909582357266,0,0,0.8144103759717609,0.10690679050451957,0.7075035854672413,1,617.4944075374747,553.3865924625254,585.4405,0.10950355343531794,0.6931043818218883,19.89282296913605,0.033275606318182806,14.521866504529815,24.18438442500837,19.951168829337753,0,79.03790087463558,76.53061224489794,295700.40114285715,219250.9938333333,1.3486844277095407,0,8572085.461700002,585.6311270584218,867234.4851565574,0.37028340118340636,0.2865460149645408,0.31272082334778434,0.9162997586696237,0.3246188616804452,0.9664080181053993,1.49455,0.8282349681352177,1.6787980904240383,0.02977484861664038,1.6715140574317027e-05,1.0,1.0,1.0,1.0,1.0,76509.78,0.008593568843003663,0.10092334797350233,0.38343439040728466,0.9099,0.6829950554706962
2024-11-09,597.82,638.0,597.51,624.66,772172.655,0,1,0.044896457127563405,0.054776941001654755,0.09859303552585286,0.07072334590332541,0.10774960099308384,0.04391779641916568,0.9,0.9,586.3785,0.0652846241804567,583.5074000000001,0.0705262692469708,557.4847,0.12049711857563086,572.51335,0.09108372756722621,589.4377733496067,585.3630757078448,1,1,1,64.46326035770684,0,0,4.0746976417618725,0.9004649607559903,3.1742326810058823,0,621.8672168281017,550.8897831718983,586.3785,0.1210437177628501,1.0393474802910707,21.364049899912047,0.03420108523022452,15.587206174453721,31.64275586502198,17.25029372879523,0,85.86864406779657,81.52861507799243,385479.8371428572,239050.1387,1.6125480589100247,1,9344258.116700001,590.2097158229722,901902.3016568418,0.4161226740894273,0.30856380240414866,0.3238422848666501,0.9528212244772397,0.33765559740623097,0.979090909090909,1.56165,0.8654197838736493,1.7541701769165963,0.06481926167835304,0.0,1.0,0.0,0.0,0.0,1.0,76677.46,0.0021916152418686163,0.1052648269384504,0.38183762795635817,0.8139,0.6621163755584137
2024-11-10,624.67,644.2,611.62,627.33,812783.747,0,1,0.004274325232926923,0.0485909136495839,0.12485207100591711,0.06471486761710787,0.09367154811715483,0.004265216252101706,0.9666666666666667,0.8666666666666667,587.8050000000001,0.0672416872942557,584.2819999999999,0.07367675197935264,558.3290000000001,0.12358483976293541,572.606,0.09557007785458072,595.2673466804364,588.4717367665229,1,1,1,65.1439744378595,0,0,6.795609913913495,2.0794939513874913,4.716115962526004,0,627.4465956447657,548.1634043552344,587.8050000000001,0.13488008997802206,0.9985293775027312,22.165189192775475,0.03533258283961468,16.796529485317294,30.318539827405047,15.439170102218355,0,83.23061630218687,82.71238708153969,470519.1627142858,259973.08500000002,1.809876444379947,1,10157041.8637,594.8875454367646,905376.4037355568,0.3580300369896142,0.3058640888333521,0.32063302129849597,0.9539382051002332,0.3454502005108418,0.9738124805960882,1.5683250000000002,0.8691188694929345,1.7616680707666386,0.05193438859930186,1.600870873753867e-05,0.0,0.0,0.0,0.0,1.0,80370.01,0.04815691599591321,0.16857656283828115,0.39059012241109675,0.7769,0.6125881351067343
2024-11-11,627.34,665.54,613.0,659.63,1006384.738,0,1,0.051488052540130225,0.1033923254491318,0.1939004524886878,0.09737148560971542,0.14399930627818236,0.05020635379471575,1.0,0.9777777777777777,591.0965,0.11594299746318919,585.7006,0.1262238761578868,559.6293000000001,0.1786909656088413,572.83815,0.15151199339638946,605.1692933449847,593.742719228262,1,1,1,72.10520825277584,1,0,11.42657411672269,3.9489099844545317,7.477664132268159,0,642.1292606955619,540.0637393044381,591.0965,0.17267150353812596,1.171465731678122,24.334818536148653,0.03689161884109069,18.5909424469361,31.906693140275884,13.058178449791322,0,95.153354108578,88.08420482618715,576438.1491428572,288993.4443,1.9946409183748297,1,11163426.6017,602.5204196349687,957193.1940012859,0.35350533634901393,0.33511224103062465,0.3315168466321574,1.0108452841386266,0.37354736206285777,0.9911199927878115,1.649075,0.9138681075090053,1.8523729289525412,0.07965071327865617,1.5940573541821536e-05,0.0,0.0,0.0,0.0,0.0,88647.99,0.10299836966550102,0.306528768381906,0.4768211833463497,0.8169,0.5796375055380204
2024-11-12,659.63,667.4,610.0,625.33,1166459.013,0,1,-0.05199884783893993,0.0010725834854161675,0.11029633706787867,0.03138710209467277,0.09285214959804255,-0.053399561368085796,0.9222222222222223,0.8333333333333334,593.118,0.05430959775289232,586.1171999999999,0.06690266042354692,560.9136,0.11484192930961215,572.9748000000001,0.09137435014594003,608.2709405226793,596.0825178039462,1,1,1,58.69876433325292,0,0,12.188422718733136,5.596812531310253,6.591610187422884,0,646.2760252296468,539.9599747703533,593.118,0.17924940814356263,0.8029834146475687,26.696617212138033,0.04269204613905943,20.047809024831995,27.006542651709385,11.85540583030852,0,66.01777059773832,81.46724700283441,712869.7577142856,323916.0788666667,2.2007853398587343,1,9996967.5887,607.9009204030984,896538.6692739389,0.5933134691141768,0.3735340477598726,0.34890463241488084,1.0705906802512872,0.40289625770708176,0.9369643392268505,1.563325,0.8663480188417846,1.6217064315352696,0.09179153407001099,0.0,0.0,0.0,0.0,1.0,0.0,87952.01,-0.00785105223479976,0.26783136311028044,0.47766492817054423,0.7795,0.611775160292271
2024-11-13,625.42,638.06,598.6,620.68,1034672.114,0,1,-0.0074360737530585475,-0.010600481405321105,0.04805646550268472,0.04210879785090649,0.053607197419792696,-0.007463859178164971,0.6666666666666666,0.6333333333333333,594.427,0.04416522129714823,586.4128,0.058435286542176446,562.4784,0.10347348449291562,573.0972,0.0830274515387615,610.1800265961133,597.9045535221724,1,1,1,57.14749337335773,0,0,12.27547307394093,6.932544639836388,5.342928434104541,0,648.9988620767726,539.8551379232274,594.427,0.18361165316101932,0.7405360473412723,27.60828741127103,0.044480710529211556,20.62688652478418,24.249404247263193,13.594494625129718,0,62.26171243941838,74.47761238191157,784117.9272857142,349978.37679999997,2.2404753529496175,1,8962295.4747,609.5337573747171,888844.7711240018,0.5485188472912232,0.3662557807149813,0.3490988603003622,1.0491463088703796,0.4055436254789139,0.9299970032963739,1.5516999999999999,0.8599057910778609,1.5516999999999999,0.06357543339563047,0.00014392400812357977,1.0,0.0,0.0,1.0,1.0,90375.2,0.027551274837266382,0.19588223096943702,0.46548043036625375,0.7531,0.5946534021983333
2024-11-14,620.68,660.4,610.5,622.3,1060649.7,0,1,0.0026100406006315247,-0.056592332064945516,0.04018319794069458,0.07925771765522005,0.046761984861227957,0.002606640359888906,0.6,0.5666666666666667,596.7769999999999,0.04276806914475596,587.1107999999999,0.05993621646885057,563.8534000000001,0.10365566652608615,573.2077,0.08564487183267061,612.044637889019,599.711623631641,1,1,1,57.568216835415576,0,0,12.333014257377954,8.012638563344701,4.3203756940332525,0,651.9256615192827,541.6283384807172,596.7769999999999,0.18482167214648948,0.7314018082839226,29.20055259618024,0.04692359408031535,21.889442450977594,26.754138470770208,11.93511976139436,0,63.57027463651047,63.949919224555735,881696.3835714285,374523.17023333337,2.354183809301088,1,10022945.1747,612.7957356817057,891613.1099040494,0.54839746157696,0.3656004690619662,0.3490827790505318,1.047317401495315,0.42291762684141276,0.9324243332334432,1.55575,0.8621501801052923,1.55575,0.0801864052707697,0.0,0.0,0.0,0.0,1.0,1.0,87325.59,-0.03374388106471693,0.15117346396004416,0.4828551307738313,0.7239,0.5501232255089773
2024-11-15,622.3,628.3,603.4,619.37,654908.221,0,1,-0.00470834002892484,-0.009530967649081346,0.036047639757786465,0.08073634618740178,0.030737227492095176,-0.004719459177388657,0.5666666666666667,0.4888888888888889,598.5755,0.03473997849895288,587.5722000000001,0.05411726422727273,565.2971,0.09565394904732397,573.34055,0.08028291388076422,613.1716166753238,601.1677996589269,1,1,1,56.48799256364649,0,0,12.003817016396852,8.81087425395513,3.192942762441721,0,654.2310914720639,542.9199085279362,598.5755,0.1859601386026119,0.6868141138203311,28.893370267881654,0.04664961213472021,22.606269374361364,25.10725041863283,12.95565915976526,0,61.20355411954767,62.34518039849218,929718.5982857143,387688.4066333333,2.398107816427486,0,9368036.953699999,613.4663045651758,888529.5793118431,0.550854474765383,0.3649663310530837,0.3402127542964178,1.0727591086579276,0.4262573400587956,0.9280341624213365,1.548425,0.8580908839013578,1.548425,0.04020214088509288,0.0,0.0,0.0,1.0,1.0,1.0,91032.07,0.04244437398018164,0.18980959035563827,0.49230437337594135,0.702,0.5224844442806081
2024-11-16,619.37,633.7,617.5,622.69,447887.923,0,1,0.005360285451345703,0.0032383837081912947,-0.003153715621297848,0.09512838550826608,0.050244560634171265,0.005345970254195434,0.4,0.6,600.25,0.037384423157018,587.89,0.059194747316675005,566.3530000000001,0.09947329668952046,573.562,0.08565421000693917,614.6359833406585,602.7620367212286,1,1,1,57.46200240043469,0,0,11.873946619429944,9.423488727050094,2.45045789237985,0,656.7270436828798,543.7729563171202,600.25,0.18817840460767932,0.6986647895913365,27.98670096303297,0.04494483766084724,23.4488679733382,25.447367429908446,12.419992291558753,0,63.88529886914383,62.88637587506734,883392.208,396144.6902,2.2299736178566607,0,9815924.876699999,614.1970037221771,890930.3864293335,0.48072570230268624,0.3625702246987202,0.33753861038297206,1.0741592622169867,0.4241333944827832,0.9330086904405156,1.5567250000000001,0.8626904959822667,1.5567250000000001,0.026016155711509812,0.0,0.0,0.0,1.0,0.0,1.0,90586.92,-0.004890034907478302,0.18140220085537506,0.49279799494741583,0.6937,0.5122816565121404
2024-11-17,622.69,647.6,605.2,618.9,595820.376,0,1,-0.006086495688063187,-0.005463602763940201,-0.0134379034957679,0.10973641742872497,0.032877169559412334,-0.006105093906663155,0.35555555555555557,0.4888888888888889,601.1400000000001,0.02954386665335841,588.246,0.05211085158250119,567.455,0.09065917121181404,573.8475,0.07850953432749992,615.2919859036342,603.9574414085449,1,1,1,55.923030360916115,0,0,11.33454449508929,9.805699880657933,1.5288446144313568,0,658.2311113000414,544.0488886999588,601.1400000000001,0.18994281298879243,0.655540850366903,29.016222322816326,0.04688353905770937,24.660687291138476,26.213026863723332,11.123654216298196,0,60.82390953150241,61.97092084006465,852397.4407142856,411447.24710000004,2.071705295690349,0,9220104.500699999,615.0466496530216,887303.9282799492,0.48047916174489286,0.3622199277147807,0.3348393858199564,1.0817721661619186,0.43911950407788114,0.9273299370692238,1.54725,0.8574397339983375,1.54725,0.06850864436904182,0.0,0.0,1.0,1.0,1.0,1.0,89855.99,-0.008068824947354392,0.11802885180678735,0.49543922967253373,0.695,0.5101615634458276
2024-11-18,618.93,630.91,612.1,618.93,483382.136,0,1,4.84730974308345e-05,-0.0007103992766844813,-0.061701256765156254,0.120235294117647,0.03551949138363719,4.8471922648210644e-05,0.17777777777777778,0.4888888888888889,601.7715000000001,0.028513314439118316,588.7126000000001,0.05132793148983032,568.4133,0.08887318435370864,574.1396500000001,0.07801298865180252,615.8516803799982,605.0665198227268,1,1,1,55.9330910861804,0,0,10.78516055727141,10.001592015980629,0.7835685412907818,0,659.3799950881016,544.1630049118985,601.7715000000001,0.19146302238674168,0.6489233486637616,28.287206442615158,0.045703401745940835,25.785948086238733,24.967973768009507,10.595308512856416,1,58.28025477707003,60.99648772590543,777682.7832857143,424928.6436666667,1.8301491200385258,0,9703486.636699999,615.5455617115167,887327.3593093238,0.318988923215527,0.3620758685854184,0.33397329412207444,1.084146172637001,0.4419240792376316,0.927374887623614,1.5473249999999998,0.8574812967581047,1.5473249999999998,0.03039115893558229,4.847309743088175e-05,1.0,1.0,1.0,1.0,1.0,90464.08,0.006767384122082332,0.02048653331000505,0.4945595597691199,0.6948,0.5106792146988418
2024-11-19,618.93,621.41,605.21,615.5,420441.21,0,1,-0.005541822176982736,-0.01154667651640473,-0.01571969999840095,0.09284281173984832,0.015844198712658963,-0.005557235043455809,0.35555555555555557,0.3333333333333333,602.7665,0.02112509570455566,589.6745999999999,0.043796019024730015,569.5343,0.0807075184058273,574.28215,0.07177282107758355,615.7975757061524,605.8393702062285,1,1,1,54.40409388234312,0,0,9.958205499923906,9.992914712769284,-0.03470921284537809,0,660.6131077884572,544.9198922115427,602.7665,0.19193703627675818,0.6100626336341618,27.423834553856928,0.04455537701682685,26.32887310961978,23.914455433575167,11.942822482022034,1,50.28735632183909,56.463840210137185,671108.8114285715,434824.2821,1.5434023329778792,0,9283045.426699998,615.7712817578623,884997.3488876284,0.07821304249230153,0.36060393127409485,0.3342521677193161,1.0788379735413034,0.4423968394581382,0.9222355409050045,1.53875,0.8527292878913827,1.53875,0.026320064987814674,0.0,1.0,1.0,0.0,1.0,1.0,92310.79,0.020413737695668788,0.04955861725047561,0.4955083450046834,0.693,0.5064787757750332
2024-11-20,615.49,620.78,600.0,605.39,411142.628,0,1,-0.016425670186839936,-0.02182905154306025,-0.024634272088676856,0.022238357367194483,0.011005344021376207,-0.016562067177938677,0.32222222222222224,0.32222222222222224,604.206,0.001959596561437604,590.8364,0.024632199370248617,570.4062,0.061331381040388364,574.3806,0.05398754762956832,614.1964102128982,605.8060835242857,1,1,1,50.06026477076978,0,0,8.390326688612504,9.672397107937929,-1.282070419325425,0,660.7286484275393,547.6833515724608,604.206,0.1870972761857355,0.5104736776578847,26.949274942867145,0.0445155601230069,26.459917821697534,22.597318529512638,12.665948612772663,1,22.863540241323545,43.810383780077565,582033.1705714285,439333.0104333333,1.3248109218957707,0,8871902.798699997,616.3703805960724,878244.0556803498,0.11433123238034508,0.3622820991298507,0.329211642961712,1.1004534829650143,0.4424672487432026,0.9070872040755169,1.513475,0.8387226378498199,1.513475,0.03432498059102392,-1.624695369616719e-05,1.0,1.0,1.0,1.0,1.0,94286.56,0.02140345673566446,0.04327912967274217,0.48568333083283594,0.6737,0.5046155367762997
2024-11-21,605.39,629.37,593.05,621.86,647295.158,0,1,0.02720560299971919,0.004733976378588967,-0.0007070544753333685,0.03944773175542404,0.047254968002694575,0.02684210857236623,0.4666666666666667,0.5555555555555556,606.644,0.025082255820547156,592.4236,0.04968809480243537,571.3828,0.08834217620831436,574.5299,0.08238056887900876,615.3754240262984,606.9952625224868,1,1,1,56.196191299705795,0,0,8.380161503811678,9.413949987112678,-1.0337884833010005,0,661.7048277606165,551.5831722393835,606.644,0.1815259946875481,0.6381744574033048,27.618612446948067,0.044412910376850204,26.91518513250385,22.696282306933202,11.47620421098161,1,42.57250945775537,38.574468673639345,522982.5217142858,454117.6179,1.1516455233178167,0,9519197.956699997,617.1365144970272,895854.1107725383,0.21628004457793257,0.36920918780093953,0.33361672439253615,1.1066866880646098,0.44986685902491574,0.9317650584357208,1.55465,0.8615405929620394,1.55465,0.058405428874666404,0.0,1.0,0.0,1.0,1.0,1.0,98317.12,0.04274798019993509,0.12586837374932136,0.49265139629484467,0.684,0.514688860532673
2024-11-22,621.86,639.64,615.05,633.0,582665.923,0,1,0.017913999935676772,0.02843216896831846,0.022006232139109017,0.05884714462547236,0.08223627970593261,0.0177554351252404,0.5666666666666667,0.8,609.864,0.03793632678761161,594.1876,0.06532011102217554,572.4788000000001,0.1057178012530768,574.7539,0.10134093913934286,618.0868972530217,608.921539372673,1,1,1,59.794479002064875,0,0,9.165357880348665,9.364231565759876,-0.1988736854112112,0,663.0577370274683,556.6702629725318,609.864,0.1744445877358502,0.7174692105957226,27.40228298645178,0.043289546582072326,27.708495822872507,23.918543392427274,10.740603714567385,1,53.732347007397486,39.722798902158814,512662.19342857145,466016.5331666667,1.100094432154454,0,10101863.879699998,618.293227720154,906291.9880796814,0.23715468202492446,0.3686211379822312,0.33122994912002,1.1128858938074546,0.45026178795368427,0.9484566976326042,1.5825,0.8769742310889443,1.5825,0.03884676145339658,0.0,1.0,1.0,1.0,1.0,1.0,98892.0,0.0058472013826280644,0.0863424285529264,0.48778358282837875,0.6659,0.5051383614019004
2024-11-23,633.0,680.0,631.1,650.42,1071184.972,0,1,0.02751974723538697,0.07438180346553458,0.04453259246173835,0.041238433707937006,0.09406223717409579,0.027147885924146638,0.7333333333333333,0.8666666666666667,614.5,0.05845402766476804,596.09,0.09114395477193028,573.7909999999999,0.1335486265905182,575.1235,0.1309223149462679,623.0612207525568,611.9954994191417,1,1,1,64.68040978585648,0,0,11.065721333415127,9.704529519290928,1.361191814124199,1,664.6247521584644,564.3752478415356,614.5,0.16313995820492885,0.8583060110346529,28.937834201705222,0.04449099689693617,29.535779564255392,30.99376739584186,9.444190370654661,1,65.98044853363999,54.09510166626429,601704.6290000001,496863.31433333334,1.211006350523861,1,11173048.851699997,622.2687912310319,935770.7277514664,0.27829748343319705,0.37343147008042094,0.3356062078257653,1.1127072782702911,0.4666179501161354,0.9564999999999999,1.62605,0.9011083402604599,1.62605,0.0751821899695581,0.0,0.0,1.0,1.0,1.0,1.0,97672.4,-0.012332645714516866,0.07821747333941809,0.4926467159231346,0.6153,0.46827334871563125
2024-11-24,650.42,687.75,637.08,659.65,914571.368,0,1,0.014190830540266264,0.06076930498826094,0.06584262401034091,0.05151993368721386,0.14661915522336177,0.014091083261462686,0.8777777777777778,0.9777777777777777,619.8575,0.06419620638614523,598.023,0.10305122043800982,575.1905,0.14683743907453256,575.47875,0.14626300276074483,628.6902637137018,615.5254624251311,1,1,1,66.97074291519056,0,0,13.164801288570743,10.396583873146891,2.7682174154238517,0,664.707654197941,575.0073458020589,619.8575,0.1447111769977488,0.9436160890816603,30.490131758726278,0.04622168082881267,31.394276740227415,29.130274080688817,8.323131807773168,1,70.32734952481519,63.3467150219509,647240.4850000001,518875.2035,1.247391435617139,0,12087620.219699997,626.265400935712,948749.2550517339,0.2668650550230508,0.35878962930681974,0.329806859471061,1.0878780080021406,0.47583391202570935,0.9591421301344966,1.649125,0.9138958160155168,1.649125,0.07681346168422643,0.0,0.0,0.0,0.0,1.0,1.0,97900.04,0.002330648166728677,0.08952157780466274,0.4827950445229053,0.5843,0.4363075567334536
2024-11-25,659.65,676.79,626.43,636.2,783511.29,0,1,-0.03554915485484722,0.0050552922590838545,0.027902993876528948,-0.035519912678319554,0.09050394240658233,-0.03619641201474182,0.5888888888888889,0.7888888888888889,623.507,0.020357429828374178,599.341,0.06149921330261076,576.1365000000001,0.10425220412176622,575.67575,0.10513600755286297,629.8456077577476,617.0569096528991,1,1,1,56.879106525456635,0,0,12.78869810484855,10.875006719487224,1.913691385361325,0,660.059942483618,586.9540575163819,623.507,0.11724950155689685,0.6736248730959037,31.909408061674405,0.05015625284764917,32.3762829955242,25.846422586689492,9.768847577582363,1,45.564941921858576,60.624246660104596,690116.0784285715,540992.6652666667,1.275647754093669,0,11304108.929699998,628.3461304830627,920896.0908730028,0.38222563573257506,0.37638298692204253,0.33773069600327166,1.1144470768460928,0.49230418471172055,0.9250454380225374,1.5905,0.8814075921307842,1.5905,0.07915749764225088,0.0,1.0,1.0,1.0,1.0,1.0,93010.01,-0.04994921350389636,0.028142993329506982,0.5162180160689417,0.6343,0.46412320146414116
2024-11-26,636.16,645.57,600.02,613.51,814621.938,0,1,-0.03566488525620881,-0.05674794748008971,-0.0032331437855401823,-0.018902019733580744,0.04125933469110654,-0.0363164153784195,0.4111111111111111,0.45555555555555555,624.5714999999999,-0.017710542347833532,600.3252,0.021962762849202393,576.9596,0.06335001618830845,575.8153,0.06546317890476341,627.3324373334788,616.7941756045362,1,1,1,49.160036106856566,0,0,10.53826172894253,10.807657721378288,-0.26939599243575785,0,658.4286583195319,590.7143416804679,624.5714999999999,0.10841723748051907,0.3366445893715393,32.8837360572691,0.05359934810723394,31.71593480689884,23.289134633995104,14.53896291670276,1,21.60506863780362,45.83245336149247,746427.6110000001,564998.2265666667,1.3211149626713488,0,10489486.9917,629.5314549139936,891842.6929270424,0.4524089355639192,0.39239671363900264,0.3445052241605189,1.1390152779110518,0.5077616082864947,0.8920537986186841,1.5337749999999999,0.8499722914934885,1.5337749999999999,0.07424491858323429,-6.287331027990774e-05,1.0,1.0,1.0,1.0,1.0,91965.16,-0.011233737099909935,-0.0037441993509099714,0.5203050966521497,0.6393,0.4833782642419038
2024-11-27,613.5,646.75,607.79,644.14,629623.885,0,1,0.04992583657968086,-0.02351246873341928,0.06400832521184685,0.037797254623960885,0.07160206288471138,0.04871952984601154,0.8666666666666667,0.7333333333333333,626.8655000000001,0.027556948021545086,601.592,0.07072567454354446,577.817,0.11478201575931476,576.075,0.1181530182701904,629.9182162052512,618.8197922264225,1,1,1,57.53753893448976,0,0,11.098423978828691,10.865810972868369,0.23261300596032264,1,659.4080761442676,594.3229238557326,626.8655000000001,0.10382634279368544,0.7654138369903275,33.317754910321305,0.051724399835938316,31.1425289953019,21.596890862157476,13.324599676701025,1,53.94931362196411,40.37310806054211,777639.2191428571,579658.4933333334,1.341547183533934,0,11119110.876699999,630.4687838637395,923277.1921162162,0.5194331584190653,0.4125709448754255,0.3579240421023541,1.1526773738139788,0.5161346077289718,0.936590330788804,1.61035,0.8924078692158492,1.61035,0.06048374576955326,-1.6299652817380165e-05,1.0,1.0,1.0,1.0,1.0,95863.11,0.04238507278190995,0.01672083486766307,0.5259716259713532,0.6476,0.5103371619754665
2024-11-28,644.15,664.68,639.79,653.83,684789.628,0,1,0.015043313565374028,0.027711411505815686,0.051410285273212564,0.05066688092559879,0.07839353455385134,0.014931285046687004,0.7444444444444445,0.7444444444444445,629.6659999999999,0.038375900874432003,603.2546000000001,0.08383757040559647,578.6613000000001,0.1299010319162521,576.37015,0.13439254270888262,633.596952173674,621.4131409503913,1,1,1,59.79465851568358,0,0,12.18381122328276,11.129411022951247,1.0544002003315125,0,661.311831786728,598.0201682132719,629.6659999999999,0.1005162476193032,0.8817880370920479,32.71577241672693,0.05003712343686727,31.187750858504927,24.33793089466443,12.600507504607815,1,64.18162618796205,46.5786694825766,782995.5719999999,592432.9690333332,1.3216610366529833,0,11803900.5047,632.1927287149447,933578.697216536,0.5068827255009862,0.4138148167357939,0.3583601939828053,1.1547454870382434,0.5191916763857987,0.9506797528171574,1.6345750000000001,0.9058326406206707,1.6345750000000001,0.038067999327042176,1.552457540284861e-05,1.0,1.0,1.0,1.0,1.0,95643.98,-0.002285863665387078,-0.02718895752845485,0.5201797088432517,0.6397,0.5112087967844466
2024-11-29,653.84,663.8,648.42,654.67,429893.73,0,1,0.001284737622929466,0.06708937099639778,0.03423380726698255,0.056993396515814476,0.0991773002014773,0.0012839130537107538,0.5888888888888889,0.8555555555555555,631.1665,0.03723819309168011,605.07,0.08197398648090289,579.507,0.12970162569218321,576.685,0.13522980483279437,636.8389595315703,623.876611991103,1,1,1,59.993187331342696,0,0,12.962347540467249,11.495998326454448,1.4663492140128014,0,664.6078505613729,597.7251494386272,631.1665,0.10596681085378522,0.8514137378642261,31.47750295838929,0.04808148068246489,31.22974258862202,23.4885320224995,12.160747160581774,1,65.06863780359025,61.06652587117215,761170.9730000001,600539.2173333333,1.2674792104001877,0,12233794.2347,633.5199028807548,934130.9978653286,0.5020356729514663,0.4093432239536044,0.3428447447595336,1.1939609114927863,0.5195098816319017,0.9519011268629589,1.6366749999999999,0.9069963978941535,1.6366749999999999,0.023492752073563775,1.5294495511051657e-05,0.0,1.0,1.0,1.0,1.0,97460.0,0.018987290156683212,-0.014480443311895796,0.5188440382465453,0.6346,0.5029158420101729
2024-11-30,654.67,677.2,648.0,653.43,545812.569,0,1,-0.0018940840423419258,0.014422330549259454,0.0046277789735862385,0.04936645843035836,0.13324661810613936,-0.0018958800877873273,0.4444444444444444,0.9444444444444444,632.4715,0.03313746152988705,606.6666,0.0770825359431357,580.2123,0.1261912234538977,577.1166499999999,0.13223210593560247,639.391427295944,626.065751843614,1,1,1,59.52591191143879,0,0,13.325675452330074,11.861933751629573,1.463741700700501,0,667.2911038400664,597.6518961599336,632.4715,0.11010647543823368,0.8009583350842625,31.314824175647203,0.04792376256928394,31.678708873825286,24.980602316824754,11.350784315651937,1,63.75923970432943,64.33650123196058,686117.7725714286,609427.7638000001,1.1258393747820723,0,11687981.6657,634.8351442069368,933097.182988276,0.4773959313744973,0.39562286494232424,0.3335003765620996,1.1862741176505303,0.5196531536212433,0.9500981461286804,1.6335749999999998,0.9052784704904405,1.6335749999999998,0.044687265659672876,0.0,1.0,1.0,1.0,1.0,1.0,96407.99,-0.010794274574184248,-0.01294541753862899,0.5098264092772424,0.6129,0.4781366465355047
2024-12-01,653.44,664.17,645.16,655.99,434417.253,0,1,0.003917787674272866,0.003303611030390119,-0.005548396877131712,0.059928906123768,0.14463444425056715,0.003910133130214479,0.32222222222222224,0.9666666666666667,632.2895000000001,0.03748362103118891,608.2544,0.07847966245702452,580.8552,0.12935203128077366,577.4916,0.13592994253076593,641.9450538657989,628.2823628181611,1,1,1,60.21487302885423,0,0,13.662691047637736,12.222085210831207,1.4406058368065295,0,666.5448755904431,598.0341244095571,632.2895000000001,0.10835345388605379,0.8459384051624905,30.435908163100976,0.046396908738092005,31.91054904979748,23.86612631344736,11.510890289804646,1,66.46251319957764,65.09679690249912,617524.3275714285,615833.1660999999,1.0027461357466967,0,12122398.9187,634.6551156373463,934799.1375475709,0.4692032868862061,0.3944295558598067,0.33260170634976677,1.185891558370483,0.5193328712423285,0.9538204289349328,1.639975,0.9088251593239125,1.639975,0.028979100291162962,1.530385810278774e-05,1.0,1.0,1.0,1.0,1.0,97185.18,0.008061468764155144,-0.007301937772446254,0.5055046760669918,0.6097,0.47815108964073905
2024-12-02,656.0,667.2,627.99,647.82,771630.192,0,1,-0.012454458147227787,-0.010463286846808195,0.018264696636277833,0.04667733023120557,0.13932465705240937,-0.012532664938356464,0.4666666666666667,0.9333333333333333,633.414,0.02274341899610691,609.7668,0.062406152647208835,581.5283999999999,0.11399546436597102,577.8847000000001,0.1210194698008097,642.8488917325991,629.7295952020011,1,1,1,56.88677776357555,0,0,13.119296530598035,12.401527474784574,0.7177690558134611,0,668.1801901096031,598.6478098903968,633.414,0.10977398702776744,0.707184047987197,31.062629008593767,0.04794947517611955,31.07282015139392,21.714273651773386,14.421273124493236,1,57.83526927138338,62.68567405843015,615827.0278571428,636763.6190666667,0.9671203087258479,0,11350768.7267,635.4393071492802,925188.9016161695,0.41223912614371405,0.3959256843548228,0.33414318662495607,1.1848982717675811,0.5279922510589969,0.9419411123227918,1.61955,0.8975062344139653,1.61955,0.06052607205705294,1.5244134819114475e-05,1.0,1.0,1.0,1.0,1.0,95840.62,-0.01383503122595442,0.03043339098662612,0.5095009030696296,0.6141,0.47967976669198
2024-12-03,647.83,750.01,622.85,734.64,1575647.798,1,0,0.1340187089006204,0.12428263165143938,0.19743769457710547,0.19356620633631194,0.31726734803657863,0.12576770331816262,1.0,1.0,639.112,0.14946988947164194,612.6776,0.19906456511548654,583.1357999999999,0.2598094646221345,578.6534,0.2695682769685617,656.9706006968147,637.5007362981491,1,1,1,73.59100188433459,1,0,19.46986439866555,13.81519485956077,5.6546695391047805,0,695.6367446885479,582.587255311452,639.112,0.17688525544364028,1.3450104509658607,37.926726936551354,0.05162627536827746,32.35902417064942,32.109907187976596,10.967604058163634,1,90.20769622833843,71.50182623309983,724545.0078571428,682034.9300666668,1.0623283000862151,1,12926416.5247,644.2184589567877,1136355.185186235,0.7655400993796476,0.5233392130505463,0.41738966214273987,1.253838464431286,0.6152280751487913,0.9795069399074678,1.8366,0.9795069399074678,1.8366,0.17309158227158877,1.5436386650598785e-05,0.0,1.0,0.0,0.0,0.0,95849.69,9.463628261174861e-05,0.042239147955595246,0.5071552247019389,0.3918,0.4175376953538963
2024-12-04,734.64,793.86,720.0,739.53,2092976.428,1,0,0.006656321463573978,0.1273495022789981,0.14808892476790758,0.22157617403657137,0.3385158371040724,0.00663426597404909,0.9777777777777777,1.0,644.9735000000001,0.14660524812259715,615.5782,0.20135833270248998,585.0491000000001,0.26404775257324536,579.44955,0.27626296370408765,669.6720467434586,645.0584595353232,1,1,1,74.1973934699002,1,0,24.613587208135414,15.974873329275699,8.638713878859715,0,716.484205646816,573.4627943531841,644.9735000000001,0.22174773272643278,1.1611352743951708,40.49338929822626,0.05475557353755259,34.17577345704554,35.66139033478291,9.538680808900168,1,72.94457447338279,73.6625133243682,933595.3711428571,742969.0832333334,1.2565736478292415,1,15019392.9527,660.0741965648895,1150286.7091066858,0.754042047111408,0.5204567154779928,0.416980655048956,1.2481555419324863,0.6347944807440623,0.931562240193485,1.848825,0.931562240193485,1.848825,0.09987424445255773,0.0,1.0,0.0,0.0,0.0,0.0,98587.32,0.028561699051921963,0.028417709377465572,0.5037194826911892,0.3789,0.40429213275053894
2024-12-05,739.54,739.9,690.0,717.1,1159099.388,0,1,-0.030330074506781268,0.10694328671544562,0.09676827309851177,0.15315344289711508,0.27323733598480127,-0.030799548390786607,0.8777777777777778,0.9777777777777777,649.86,0.10346843935616903,617.9022,0.16053964527072412,586.8871,0.22187044152103527,580.16255,0.23603290146873496,676.9686549367727,650.3948699401141,1,1,1,66.63891694503582,0,0,26.573784996658674,18.094655662752295,8.479129333906378,0,727.1286291623703,572.5913708376297,649.86,0.2378008468358425,0.9351054284831662,41.16529006263867,0.05740522948352903,34.60079497591717,32.573658317629096,13.918271728120908,1,60.40033016921173,74.51753362364433,1001353.9082857143,774557.8044000001,1.2928072025062074,0,13860293.5647,666.0518086502411,1115131.1383078813,0.8138145380922127,0.5325750145989581,0.42281915676143284,1.2595810905972096,0.642858110357128,0.9033078880407125,1.79275,0.9033078880407125,1.79275,0.06958583182261885,1.3522101875503232e-05,1.0,0.0,0.0,1.0,0.0,96945.63,-0.016652141472148774,0.013609324915169863,0.5100601644629663,0.3988,0.4295237519904007
2024-12-06,717.1,745.93,705.06,730.22,747138.475,0,1,0.018295914098452215,-0.006016552324948243,0.11540165274107572,0.15358609794628753,0.23302151227584345,0.01813055771414606,0.9222222222222223,0.9666666666666667,655.2365,0.11443730622454648,620.6486,0.17654337736361614,588.8193,0.24014277385269137,580.81565,0.2572319633604914,685.1611695618845,656.3078425371426,1,1,1,68.65061976152182,0,0,28.85332702474193,20.246389935150223,8.606937089591707,0,739.217676656629,571.255323343371,655.2365,0.2563385179446781,0.9464303965791199,41.14419791530734,0.05634493428734811,35.0966564749695,31.309315118514338,12.93073487281297,1,67.16879900949237,66.8379012173623,1046674.5861428572,781597.9226666667,1.339147093139396,0,14607432.0397,670.1125025693602,1128800.71966613,0.809725296661376,0.5184254504373585,0.42273802450660003,1.2263515945660208,0.6431387402362897,0.9198347315647596,1.82555,0.9198347315647596,1.82555,0.05596943386924489,0.0,0.0,0.0,0.0,0.0,0.0,99740.84,0.028832759145512643,0.02340283193104864,0.4574133601326152,0.3418,0.3998900911721734
2024-12-07,730.22,761.0,729.69,749.72,445276.173,0,1,0.026704280901646005,0.013779021811150427,0.1473608496702019,0.15267058208542195,0.25316751913883606,0.026353944888109045,0.9666666666666667,0.9666666666666667,661.7774999999999,0.1328883197147079,623.659,0.2021312929020507,590.9525,0.26866372508788783,581.4717499999999,0.2893489666522924,695.0932973215946,663.2272616084654,1,1,1,71.41006807323234,1,0,31.866035713129236,22.570319090746025,9.29571662238321,0,753.8324922314766,569.7225077685232,661.7774999999999,0.2782052645533483,0.9776628505864432,40.4417552070711,0.053942478801514024,35.807100270634336,32.23958656858665,12.215665391504443,1,77.2286421791168,68.2659237859403,1032312.2438571429,783853.7782333333,1.3169704255094499,0,15052708.2127,674.0551339993804,1140691.4996687318,0.8017870950224925,0.52140456647128,0.4221566837294194,1.2350972673583758,0.6434552320672426,0.9443982566195551,1.8743,0.9443982566195551,1.8743,0.041762257909619516,0.0,0.0,0.0,0.0,0.0,0.0,99831.99,0.0009138683812970338,0.035515728520011614,0.4578104224402268,0.3344,0.3929437381096156
2024-12-08,749.71,757.26,727.47,742.0,343120.564,0,1,-0.01029717761297555,0.03472319062892204,0.13111480357932281,0.12483892973546573,0.24117627379478757,-0.010350560323403845,0.9333333333333333,0.9555555555555556,667.9309999999999,0.11089319106314886,626.545,0.18427247843331293,593.0205,0.25122150077442523,582.10775,0.2746780986853379,702.3097131182724,669.0622792670976,1,1,1,68.827093640288,0,0,33.24743385117483,24.705742042831787,8.541691808343046,0,764.2796078123024,571.5823921876975,667.9309999999999,0.28849868567951625,0.8843802296774983,39.680915549423155,0.05347832284288835,36.36931725376289,30.51076470011731,11.960226527239888,1,73.24597606273215,72.54780575044713,1019269.8597142857,784666.0397666667,1.2989855659069713,0,14709587.6487,677.2292013965812,1137158.3262785594,0.8179387998617981,0.5234684308480482,0.4208257400007366,1.2439078247616981,0.6451518393460866,0.9346736200337591,1.855,0.9346736200337591,1.855,0.04014824797843661,-1.3338312970163401e-05,0.0,0.0,0.0,0.0,0.0,101109.59,0.012797501081567075,0.04038074529470448,0.45789318163026904,0.3307,0.39004875192744914
2024-12-09,742.0,742.5,642.0,689.19,1068109.724,1,0,-0.07117250673854436,-0.05618854591766864,0.06386033157358528,0.08329141779314675,0.10330419748343123,-0.07383224819519106,0.7888888888888889,0.7666666666666667,671.6155,0.02616750209010968,628.2108,0.09706805422638405,594.5834,0.15911409568447432,582.5572,0.18304262654379708,700.2912957154613,670.5532215436089,1,1,1,54.34572530144613,0,0,29.738074171852418,25.712208468635914,4.025865703216503,0,765.1157753668923,578.1152246331077,671.6155,0.27843394134558336,0.593981006638955,44.0251358673215,0.06387953375313266,34.01127844672298,25.535795300813255,23.8771155779274,1,46.00185720181596,65.49215848122165,1061624.0785714285,794530.6087333334,1.3361651104466628,0,13641477.924700001,679.7998040068758,1061138.2797496647,0.9795201196810206,0.5615603610850404,0.44922449239831186,1.2500662154171331,0.6835767442674284,0.8681505555135667,1.4869255663430423,0.8681505555135667,1.7229750000000001,0.1458233578548731,0.0,1.0,1.0,1.0,0.0,1.0,97276.47,-0.0379105483466009,0.014981643482690377,0.477941021925714,0.4209,0.5058110341207149
2024-12-10,689.2,704.92,649.13,676.8,984801.75,0,1,-0.017977625908675576,-0.09726297817852003,-0.07873244037896121,0.10316050268129273,0.0788580173114628,-0.01814118668017592,0.05555555555555555,0.6333333333333333,675.1859999999999,0.0023904524086696597,629.7707999999999,0.07467669190124418,596.2274000000001,0.13513736537435186,582.9397,0.1610120223412472,696.6772502207749,671.0159458737119,1,1,1,51.60250446129865,0,0,25.661304347063037,25.70202764432134,-0.04072329725830315,0,763.3390067911258,587.032993208874,675.1859999999999,0.26112214053942445,0.5091545374273184,44.86548330536997,0.06629060772070032,31.821670983043077,23.26767877165149,21.75632474791639,1,37.08819261568225,52.11200862674347,977217.5002857143,800264.5421666667,1.221118078829231,0,12656676.174700001,681.3791282762919,1043433.8822939557,0.539991070282333,0.5649623060997919,0.45042547305403974,1.2542858694672685,0.6926134162785055,0.852543269594135,1.4477005347593581,0.852543269594135,1.692,0.08243203309692666,1.4509786851217957e-05,1.0,1.0,1.0,1.0,1.0,96593.0,-0.007026056763778543,0.007754954658695246,0.4646185235173269,0.4395,0.5465576645161275
2024-12-11,676.8,713.0,658.54,711.21,526819.302,0,1,0.05084219858156036,-0.04149595687331531,-0.038294592511459946,0.10412332722700035,0.07819535193972382,0.04959193655123726,0.15555555555555556,0.6111111111111112,679.6535,0.046430276604181434,632.119,0.12512042827379022,598.0765,0.1891622559990236,583.48375,0.21890284005338634,698.9130578791172,673.9932832163998,1,1,1,57.950724215127615,0,0,24.919774662717373,25.54557704800055,-0.6258023852831762,0,765.4524327071424,593.8545672928576,679.6535,0.2524784547041762,0.6838979752097376,45.550805926414974,0.06404691430999981,29.99452402483024,22.54766989276535,19.898353158871103,1,51.66949301210457,44.91984760986761,753480.768,784279.0276333333,0.9607304816931403,0,13183495.4767,684.3842907028853,1070218.5338628388,0.6513336758933436,0.5645143792017768,0.4605277820220007,1.225798749259406,0.6916304433766276,0.8958884438062127,1.5213048128342246,0.8958884438062127,1.7780250000000002,0.07657372646616335,0.0,1.0,1.0,0.0,0.0,0.0,101125.0,0.04691851376393741,0.025740429905184437,0.3850826928810326,0.4237,0.6352144570366837
2024-12-12,711.2,725.61,699.36,705.77,576876.965,0,1,-0.0076489363197931315,0.024057226599341064,-0.01579974898898351,0.0794396096844745,0.12863608014968086,-0.007678339464354358,0.23333333333333334,0.8333333333333334,683.292,0.0328966239909145,634.5364000000001,0.1122608569027717,599.9472000000001,0.1763868553766063,584.0115999999999,0.20848626979327134,699.9679720515608,676.3471140892591,1,1,1,56.68483739188193,0,0,23.62085796230167,25.160633230860775,-1.5397752685591044,0,766.9047274622994,599.6792725377006,683.292,0.24473498142024025,0.6344173350291389,44.172176931671046,0.06258721245118247,28.61782230656067,23.629675599579976,19.05371712857999,1,48.488392491667135,45.74869270648466,670306.1361428571,764626.2927,0.8766454182158901,0,12606618.5117,687.2189986435351,1065806.0386931982,0.6280893954851678,0.5401948493067051,0.46052966007590007,1.1729860118405304,0.6767301076371801,0.8890358501499005,1.497496286866115,0.8890358501499005,1.764425,0.037193419952675805,-1.4060544705489102e-05,1.0,1.0,0.0,0.0,0.0,100004.29,-0.011082422744128628,0.03155026172917741,0.38610915881084207,0.4191,0.6017496086407278
2024-12-13,705.77,729.88,696.8,725.72,548598.294,0,1,0.028266999164033635,0.07228132387706876,-0.006162526361918275,0.1085279606519316,0.1692337436360123,0.027874860123065972,0.26666666666666666,0.9222222222222223,687.057,0.05627335141043612,637.1608,0.13899034592209694,602.1283999999999,0.2052578818737002,584.6206999999999,0.2413518713928537,703.9298225051668,680.0043648974622,1,1,1,60.12490097527499,0,0,23.92545760770463,24.91359810622955,-0.9881404985249205,0,771.2169119721407,602.8970880278594,687.057,0.24498669534591935,0.7296996223855282,43.37987857940883,0.059774952570425,27.448650423286466,23.045682545577055,18.01588085310883,1,60.15437693702123,53.43742081359765,641943.2531428571,748423.8320333333,0.8577268997418381,0,13155216.8057,690.4750665939406,1081313.2662110864,0.6439076258361434,0.5433592347924822,0.4602437449334261,1.180590156355256,0.6724092579153059,0.9141662257828836,1.539826013155103,0.9141662257828836,1.8143,0.045582318249462656,0.0,0.0,0.0,0.0,0.0,0.0,101424.25,0.014198990863292016,0.016877840611729367,0.3811117572720038,0.4436,0.6487656245268787
2024-12-14,725.73,732.11,705.01,715.79,341929.145,0,1,-0.013682963126274705,0.0064397294751197265,-0.04525689590780568,0.0954348591279861,0.15023300658846228,-0.013777437650412278,0.13333333333333333,0.9,689.864,0.03758132037618999,639.9706,0.11847325486514533,604.2623,0.18456835715218373,585.1911500000001,0.2231729751893887,705.7544651966796,682.6551526828354,1,1,1,57.66981822419683,0,0,23.09931251384421,24.550740987752484,-1.4514284739082726,0,773.9198559655772,605.8081440344229,689.864,0.24368819351517737,0.6542188804229013,42.217030109451066,0.05897963105023969,26.42277651791416,22.36630539790513,17.189825636844763,1,54.34769896497278,54.330156131220384,627179.392,724466.4802000001,0.8657120917821588,0,12813287.6607,692.7836065103925,1076634.6623282528,0.6170729476569728,0.5461097780978313,0.46143489014887673,1.183503436252155,0.6616214374635215,0.9016577230242108,1.518756630596223,0.9016577230242108,1.789475,0.03786026627921601,1.3779419059679911e-05,1.0,0.0,0.0,0.0,1.0,101420.0,-4.19031937628489e-05,0.015906825056777762,0.3641478670989449,0.4611,0.7092240526782577
2024-12-15,715.8,724.08,702.66,718.87,282457.795,0,1,0.004302938012545665,0.01856128767162102,-0.031172506738544437,0.09585511974267891,0.16064710915930713,0.004293706846060182,0.17777777777777778,0.9111111111111111,693.9975000000001,0.03583946628049805,642.68,0.11855044501151438,606.5790000000001,0.18512180606318374,585.807,0.2271447763512556,707.7722397818059,685.3377339655883,1,1,1,58.239411071506886,0,0,22.434505816217552,24.1274939534455,-1.6929881372279496,0,775.0178282808548,612.9771717191453,693.9975000000001,0.23348881885267525,0.6534954284175454,40.731527958776,0.056660492103963164,25.383676651316637,21.526158981266178,16.956229712127968,1,56.148763230220446,56.883613044071495,618513.2821428572,712051.466,0.868635641770952,0,13095745.4557,695.6240669353974,1077850.0607112981,0.6196011675637558,0.5453881185160665,0.4611700327145679,1.1826182965657348,0.6599399912295054,0.905537500314917,1.5252917462338214,0.905537500314917,1.797175,0.029796764366297208,1.3970577962797616e-05,0.0,0.0,0.0,0.0,0.0,104463.99,0.030013705383553635,0.03317588371192093,0.35477747613658506,0.4893,0.7713982454105858
2024-12-16,718.87,730.0,704.16,720.58,483844.553,0,1,0.002378733289746471,-0.007082621396681921,0.04554622092601468,0.11231514926985886,0.1572050297901042,0.002375908582311503,0.6888888888888889,0.9,699.351,0.030355286544238934,645.3076,0.1166457670729433,608.8498,0.18351028447410198,586.4344,0.22874783607510074,709.7426644307589,687.9482721903596,1,1,1,58.57270777529697,0,0,21.794392240399247,23.66087361083625,-1.866481370437004,0,771.65967601726,627.04232398274,699.351,0.20678793915290045,0.6467942795338466,39.667847390292,0.055049886744417,24.59651041391432,21.590558118237226,16.167269446560677,0,57.14870475410796,55.88172231643373,535046.8291428571,713250.0203333333,0.750153261675066,0,13579590.0087,700.5852820146309,1079000.9978565818,0.3864028021991622,0.5454380637073069,0.4599067862455598,1.1859752454621946,0.6613803271954624,0.9076915325120298,1.5289200084871633,0.9076915325120298,1.80145,0.0358600016653252,0.0,0.0,0.0,0.0,0.0,0.0,106058.66,0.01526526030644626,0.09028072256322628,0.3547836883703131,0.4877,0.7690868625052704
2024-12-17,720.58,737.37,712.24,717.69,502868.872,0,1,-0.004010658080990326,0.0026544098129341887,0.060416666666666785,-0.023072525318523218,0.15962190984003888,-0.004018722339322131,0.7888888888888889,0.9,703.0285,0.02085477331288852,647.6394,0.10816296846671161,610.9956999999999,0.17462365119754544,587.05435,0.22252735202456136,710.9653314414113,690.1513631392219,1,1,1,57.73405368129861,0,0,20.813968302189437,23.09149254910689,-2.2775242469174515,0,770.856721505744,635.200278494256,703.0285,0.19296009053898655,0.6080781691936185,38.62942971955686,0.053824673214837686,24.0886577613907,21.95007171762102,15.416022305009312,0,49.84195969972346,54.3798092280173,466199.27514285716,710151.6368666667,0.6564784912695872,0,13076721.1367,704.2706094183699,1076984.1627514164,0.35695710423010185,0.5451067823091686,0.4598869323235013,1.1853060915540878,0.6535862507981958,0.904051092132114,1.5227880330999364,0.904051092132114,1.7942250000000002,0.03501511794786049,0.0,0.0,0.0,0.0,0.0,0.0,106133.74,0.0007079101319968917,0.09877258186411031,0.3527706826551231,0.4859,0.7700745312257515
2024-12-18,717.7,722.0,681.0,686.38,726576.022,0,1,-0.04362607811171959,-0.045195932505181724,-0.034912332503761245,-0.07186997146836505,0.10897839820335098,-0.044606310720490754,0.17777777777777778,0.7111111111111111,704.656,-0.025936059580845057,649.241,0.05720371942006129,612.6725,0.12030489372380837,587.4767499999999,0.1683526199121924,707.1829727581172,689.8720029066869,1,1,1,49.469897950808644,0,0,17.310969851430286,21.93538800957157,-4.624418158141285,0,768.9855402063358,640.3264597936641,704.656,0.18258424027138315,0.35795017389071954,38.79875616815995,0.05652664146414515,22.419366074701035,20.29325693189158,20.003693464020813,0,37.294117647058826,48.09492736696342,494735.94942857145,718258.0997333335,0.6887996802434269,0,12350145.1147,706.2993026803592,1045286.5004615419,0.34751107139372933,0.5636353821128638,0.4700244809963586,1.1991617562516503,0.6593591759700989,0.864610888569773,1.4563547634203267,0.864610888569773,1.71595,0.05973367522363705,1.3933592498141125e-05,0.0,1.0,1.0,1.0,1.0,100204.01,-0.0558703575319216,-0.009107441285537754,0.39541771153949073,0.5324,0.7766320713687487
2024-12-19,686.39,705.57,648.63,665.62,840266.48,0,1,-0.030245636527870823,-0.07627189208692997,-0.056888221375235526,-0.07178915074606051,0.08142973192526393,-0.030712473087621418,0.12222222222222222,0.5555555555555556,705.2035,-0.05613060627180659,650.6414,0.023021283305980883,614.1587000000001,0.08379153466359743,587.79035,0.1324105610104011,700.7886692568684,688.0755582469324,1,1,1,44.8824422213205,0,0,12.713111009936028,20.090932609644465,-7.377821599708437,0,767.907634430973,642.499365569027,705.2035,0.17783273744663208,0.18436291833694857,40.094559299005674,0.06023641011238495,21.755003589209288,18.23473386986719,23.741268071290143,0,19.848739495798323,35.66160561419355,532363.0229999999,732252.2754,0.7270213297858192,0,11509878.6347,705.9013767605983,1019872.1059209085,0.3806553495878653,0.5717841813216948,0.47422796993602223,1.2057158530713274,0.6738626550061461,0.8384601818960522,1.412306386590282,0.8384601818960522,1.66405,0.08554430455815638,1.4569189078922616e-05,0.0,1.0,1.0,1.0,1.0,97461.86,-0.027365671293993032,-0.025423209344319075,0.4020765989111525,0.5603,0.8149703110235746
2024-12-20,665.61,680.58,618.69,678.6,982349.406,0,1,0.019500615967068313,-0.054466413075283215,-0.06492862260927079,-0.07069102462271648,0.12093030938733706,0.019312915217642293,0.08888888888888889,0.7555555555555555,706.462,-0.03943878085445497,652.6814,0.03971095238810232,615.6437,0.10226093436836933,588.0513500000001,0.15398085558344513,697.3750278327348,687.3736650434558,1,1,1,48.12172193348415,0,0,10.001362789278915,18.073018645571356,-8.071655856292441,0,765.7057688839902,647.2182311160097,706.462,0.16771961941049976,0.26485290753059043,41.65137649193384,0.061378391529522305,21.885097685383236,16.299370496454284,26.355918272694844,0,42.09823624481764,33.08036446255827,594327.4675714286,751292.5013333333,0.791073338968064,0,12492228.0407,704.5741260401948,1039028.5244327922,0.3485285135071906,0.5707845091478788,0.47477020147704335,1.2022332222454741,0.6914609349683872,0.8548106719068853,1.4398472310630173,0.8548106719068853,1.6965000000000001,0.09120247568523428,-1.502358703162601e-05,1.0,1.0,1.0,1.0,1.0,97805.44,0.0035252764517319513,-0.035679928616676904,0.39794449207953864,0.5832,0.8552242065657293
2024-12-21,678.6,693.39,652.0,663.49,529437.789,0,1,-0.022266430887120547,-0.033348873801684165,-0.07306612274549795,-0.11501627274182369,0.06694432830540631,-0.02251807028149788,0.07777777777777778,0.4444444444444444,706.837,-0.06132531262511722,654.4892,0.013752404164957996,616.8336,0.0756385514667164,587.9403,0.12849893092887157,692.1619466276986,685.6045046698665,1,1,1,44.819544687430714,0,0,6.557441957832111,15.769903308023508,-9.212461350191397,0,764.8170732012452,648.8569267987548,706.837,0.16405500334941495,0.12619053748392783,41.63270674250999,0.06274805459390494,21.54205983994932,17.3397082202506,24.48432749937455,0,32.33023020855883,31.42573531639161,621114.4167142856,747363.9223666667,0.8310735882826822,0,11962790.251699999,704.7664664026863,1027239.8344949938,0.35678662402680317,0.5714008339767123,0.47697978034068855,1.1979560927479616,0.6920193040390201,0.8357770891592976,1.4077869722045406,0.8357770891592976,1.658725,0.06238225142805466,0.0,1.0,1.0,1.0,1.0,1.0,97291.99,-0.005249707991702657,-0.04070212975744425,0.3785847096969134,0.5793,0.8942278882998267
2024-12-22,663.5,669.71,639.37,649.77,333704.376,0,1,-0.020678533210749306,-0.023812385445148965,-0.09612308205934317,-0.12429919137466305,0.026492890995260643,-0.020895327951117575,0.022222222222222223,0.16666666666666666,706.9345000000001,-0.080862512722183,656.1126,-0.009666938266389124,617.7673,0.0518038102696598,587.69515,0.10562423392468011,685.6401086849758,682.950096916543,1,1,0,42.00119304599928,0,0,2.6900117684327824,13.153925000105364,-10.463913231672581,0,764.5017938851903,649.3672061148098,706.9345000000001,0.16286457623779918,0.003498461174790068,40.82608483233071,0.06283159399838513,21.536519700106883,16.419276467639843,25.394364560597904,0,25.102980373152363,33.17714894217629,628435.3568571428,739065.2041333334,0.8503111137454766,0,11629085.875699999,706.5399990253936,1020339.3174733054,0.3436848190526331,0.5732117136336264,0.4780058905064821,1.1991729077360673,0.6933589718005202,0.8184944448643338,1.3786760025461489,0.8184944448643338,1.624425,0.04669344537297818,1.507181720898718e-05,1.0,1.0,1.0,1.0,1.0,95186.27,-0.02164330280426996,-0.08881261380117689,0.3832049851157427,0.5851,0.8953727350641993
2024-12-23,649.77,698.5,638.1,694.16,606364.091,0,1,0.0683164812164303,0.022929560860595277,-0.03666490882344786,0.007211364065061732,0.06724885458626728,0.06608402736771975,0.2222222222222222,0.4444444444444444,704.9105000000001,-0.015250872273856186,658.8418,0.05360649551986521,619.1759000000001,0.12110306618846096,587.6099499999999,0.1813278519194579,686.9508611949796,683.7804601079101,1,1,1,52.42491912819629,0,0,3.170401087069422,11.157220217498176,-7.986819130428755,0,761.2088217381034,648.6121782618967,704.9105000000001,0.1597318290424199,0.4045220206562211,42.22422163002137,0.0608277942117399,20.535077866873824,19.611884928745603,22.799679803419224,0,63.591169531513266,40.34146003774149,645938.1479999999,723571.1747666667,0.8927085137247189,0,12235449.966699999,705.7189833898243,1061763.9785064247,0.5951551609359422,0.5992386716084953,0.4950635872123677,1.2104276846187025,0.6990379976843154,0.8744111052326606,1.4728622957776363,0.8744111052326606,1.7353999999999998,0.08701163996773076,0.0,0.0,1.0,1.0,1.0,1.0,94881.47,-0.003202142493870186,-0.10538686798418917,0.3817674015285798,0.5664,0.9101640513831567
2024-12-24,694.16,699.0,682.68,696.9,386936.217,0,1,0.00394721677999299,0.05035494129527196,-0.028967938803661886,0.02969858156028371,0.05646933980140978,0.003939446959238787,0.26666666666666666,0.3888888888888889,702.779,-0.008365360945617356,661.7298,0.05314888342643784,620.6109,0.12292581390368741,587.67445,0.18586064104029026,688.4814979342135,684.7522778776946,1,1,1,52.98658218129886,0,0,3.7292200565188978,9.67162018530232,-5.942400128783422,0,756.7378973786202,648.8201026213798,702.779,0.1535586503826103,0.44552334938621807,40.37392008501985,0.05793359174202877,19.58870889930804,19.13409070368217,22.141385726436127,0,65.89989888776539,51.531349597477025,629376.3401428572,705983.3364,0.8914889455496462,0,12622386.183699999,697.663638767426,1063291.2996349542,0.5978046532193948,0.598205100633383,0.4895338956316205,1.221989132870053,0.6874596124339442,0.8778625954198472,1.478676002546149,0.8778625954198472,1.7422499999999999,0.023417993973310448,0.0,0.0,0.0,1.0,1.0,1.0,98663.58,0.03986141867321402,-0.07038440367785026,0.3994310669251867,0.543,0.8326596126982773
2024-12-25,696.89,713.28,695.94,702.72,232510.25,0,1,0.008351269909599779,0.0814903735167829,0.023806054954981226,-0.011937402454971102,0.10455831499528445,0.008316590996583403,0.6,0.6888888888888889,702.06,0.0009400905905479331,664.52,0.057485102028531944,622.3011,0.12922827872230983,587.77455,0.19556044064854466,690.6720367135653,686.0832202571246,1,1,1,54.22282120987299,0,0,4.588816456440668,8.65505943952999,-4.066242983089323,0,755.5969928180568,648.5230071819431,702.06,0.1525140096802464,0.5061639621993997,38.728640078947,0.05511247734367458,18.23604125869077,21.155877727009376,21.433287334810686,0,70.80384226491405,66.76497022806424,558795.5155714286,687616.6350666668,0.8126556093530976,0,12854896.433699999,695.975326920865,1065233.0554894528,0.5277978065014375,0.5874307552642198,0.4891383125486084,1.2009502020061935,0.675515648947013,0.8851938628977402,1.4910248249522597,0.8851938628977402,1.7568000000000001,0.024675546448087313,-1.4349261013044777e-05,1.0,1.0,1.0,1.0,0.0,99429.6,0.0077639591022340415,-0.007728333426975542,0.36994102187532385,0.5198,0.845863133472679
2024-12-26,702.71,719.99,683.0,689.4,381100.002,0,1,-0.018954918032786927,-0.006857208712688689,0.03572608996123905,-0.023194525128583,0.12369806523121052,-0.019136865358291472,0.6666666666666666,0.7666666666666667,700.019,-0.015169588254033145,666.4636,0.034415082834231205,623.7330999999999,0.10528044767866265,587.85655,0.17273508307426363,690.4763387576321,686.3289076454857,1,1,1,50.92249960559796,0,0,4.147431112146364,7.753533774053265,-3.6061026619069008,0,752.1291505012586,647.9088494987415,700.019,0.14888210320365175,0.3981100620718457,38.60445150187936,0.055997173631968905,17.383866089072757,19.707939754874626,22.36060952173694,0,59.58038422649137,65.42804179305695,493200.30442857137,673165.9038666666,0.7326578806140175,0,12473796.431699999,693.9378355691593,1058009.336189248,0.500262871960587,0.5794146921596547,0.49103114898568495,1.1799957973267932,0.6697227548518836,0.8684150857833874,1.462762571610439,0.8684150857833874,1.7235,0.05365535248041777,-1.4230418943520755e-05,1.0,1.0,1.0,1.0,0.0,95791.6,-0.03658870195595676,-0.01713757566293106,0.3851023714985789,0.5197,0.8020552318129993
2024-12-27,689.4,718.88,685.73,691.85,347156.043,0,1,0.0035538149115172946,-0.007246376811594124,0.019525493663424598,-0.046670892355178295,0.07406774924705806,0.0035475150326284076,0.5555555555555556,0.5,697.1255,-0.007567503986011078,668.3354,0.03518383135174341,625.0566,0.10685976277988268,588.1903000000001,0.17623497021287143,690.6876712564579,686.7378774495239,1,1,1,51.50715286937108,0,0,3.9497938069339398,6.9927857806294,-3.04299197369546,0,743.754084625862,650.496915374138,697.1255,0.13377386030452768,0.4434306226284856,38.21484782317369,0.055235741595972665,16.592560574427463,18.486802197674155,20.975108021909506,0,61.64475901584091,64.00966183574879,402458.3954285714,663750.3091333334,0.6063400497004153,0,12820952.474699998,691.9565898653143,1059243.0645114847,0.490179144449703,0.5636185900877515,0.48970005476883127,1.1509465530973124,0.666022607871832,0.871501272264631,1.4679609590494378,0.871501272264631,1.729625,0.04791501047915007,0.0,1.0,1.0,1.0,1.0,1.0,94299.03,-0.01558142885179914,-0.03585086882692823,0.3680845479181679,0.4802,0.7547236653885229
2024-12-28,691.86,731.24,691.3,722.13,344251.861,0,1,0.043766712437667055,0.027621243169398957,0.08838113611358112,0.008857346428421842,0.10446140434057782,0.04283600897106654,0.8888888888888888,0.7,696.1320000000001,0.03734636534450353,670.8216,0.07648590921938114,626.6079,0.15244317858105527,588.78845,0.2264676727269361,695.5249526016182,689.3595161569666,1,1,1,58.14381956936958,0,0,6.165436444651618,6.827315913433844,-0.6618794687822254,0,739.4650595079142,652.7989404920859,696.1320000000001,0.12449667450401412,0.7999788186575166,38.33807297866129,0.05309026488120046,15.407436959913722,19.413961698029762,19.41428396129982,0,87.15874620829119,69.46129648354118,376003.26285714284,652399.0502333335,0.5763393780580514,0,13165204.335699998,691.1078022062687,1074309.8367180035,0.5052262033784851,0.5747110992913734,0.49654615731345225,1.1574172729496695,0.6698739385325498,0.9096440178368982,1.5322087842138765,0.9096440178368982,1.805325,0.05530860094442836,1.4454000144526856e-05,0.0,0.0,0.0,0.0,0.0,95300.0,0.01061484937862045,-0.020474347374331736,0.369372699393952,0.4877,0.7785184042828465
2024-12-29,722.13,724.7,690.0,694.71,241528.144,0,1,-0.0379710024510822,0.00770234986945173,0.0691629345768503,-0.03360830191828834,0.06116058472207375,-0.03871068578847809,0.8777777777777778,0.4111111111111111,696.408,-0.002438225867594828,672.2225999999999,0.03345231177886625,627.865,0.10646396916534609,589.165,0.1791433639133351,695.3995752782923,689.7558482934876,1,1,1,51.29739401691257,0,0,5.6437269848047436,6.590598127708025,-0.946871142903281,0,739.62505053382,653.1909494661801,696.408,0.12411417023876788,0.4803549758830581,38.07821062304263,0.05481166331712891,14.354628166460557,18.150275984001013,18.394436268576666,0,64.05460060667342,70.95270194360187,362835.22971428564,646120.1973666666,0.5615599561707871,0,12923676.191699998,691.3798302458889,1065138.770970174,0.5621875030004472,0.5874851887925537,0.5020892713823998,1.1700811434887541,0.6740623486381792,0.8751039226060011,1.4740292807129218,0.8751039226060011,1.7367750000000002,0.049948899540815654,0.0,1.0,1.0,1.0,1.0,0.0,93738.2,-0.01638824763903468,-0.015213013389431151,0.36791626395574245,0.5069,0.8294611956332305
2024-12-30,694.71,712.2,687.75,705.36,297267.103,0,1,0.015330137755322326,0.019527354195273627,0.016134608735738132,-0.021121874045907485,0.07947293512694564,0.015213818480789692,0.4888888888888889,0.5444444444444444,697.836,0.010781902911285748,673.7832,0.04686492628489409,629.0326,0.12134092891211046,589.6928,0.19614823175728102,696.9319483124011,690.9117113828589,1,1,1,53.58351606523155,0,0,6.020236929542193,6.476525888074859,-0.4562889585326655,0,740.2041108481692,655.4678891518308,697.836,0.12142712857510699,0.5887931966917653,37.104767007111015,0.05260401356344422,13.464182655944256,17.29598789342499,17.961792654879826,0,73.0283114256825,74.74721941354905,318678.51714285713,637835.3485,0.4996250488347733,0,13220943.294699999,693.1983379483922,1069695.9166092896,0.40945730324704166,0.5885964079045508,0.49738056456113466,1.1833924560842073,0.6724370434238404,0.888519386289774,1.4966263526416295,0.888519386289774,1.7634,0.03466315073154141,0.0,1.0,1.0,1.0,0.0,0.0,92792.05,-0.010093537106537043,-0.022021370453050526,0.3677603439776384,0.5001,0.8199112540240627
2024-12-31,705.35,714.99,698.48,702.3,235464.832,0,1,-0.004338210275603993,-0.027460429562544242,0.007748600947051099,-0.021443798854658858,0.07059558834738322,-0.0043476476137968775,0.4777777777777778,0.45555555555555555,697.3905,0.007039814852654259,674.6366,0.04100489063297175,630.1686,0.11446365306046666,590.1878,0.18996021266451105,697.7578024181855,691.755288317462,1,1,1,52.81638009547455,0,0,6.002514100723488,6.381723530604585,-0.3792094298810973,0,739.3519206146627,655.4290793853372,697.3905,0.12033837746474252,0.5585001642947764,35.633712220888796,0.05073859066052798,12.519876054670123,17.282844721428194,17.36735317157377,0,74.28698356286088,70.45663186507228,297039.7478571429,631203.6011333334,0.47059260644870304,0,12985478.462699998,693.4461587359274,1068674.4206555637,0.4110681292784594,0.5889169778489061,0.4972520995669648,1.1843428682589137,0.6717664585745985,0.8846648023580983,1.4901336728198598,0.8846648023580983,1.75575,0.02350847216289334,-1.4177157763398697e-05,1.0,1.0,0.0,0.0,0.0,93576.0,0.008448460832582105,-0.051564923956742725,0.367845025062286,0.4966,0.8145411218720837
2025-01-01,702.31,711.5,700.3,707.84,135703.339,0,1,0.007888366794817081,0.018899972650458396,0.007285974499089187,0.03126547976339644,0.09264919267697813,0.007857416288885874,0.4666666666666667,0.6111111111111112,697.4939999999999,0.01483310250697514,676.2868,0.04665653684206177,631.202,0.12141596509516768,590.686,0.19833549466213857,699.3089097384646,692.9467484420945,1,1,1,54.09767426752581,0,0,6.362161296370118,6.377811083757693,-0.0156497873875745,0,739.5525448605882,655.4354551394116,697.4939999999999,0.12059901550576296,0.6229952205228932,33.88844706225389,0.047875857626375855,11.64301992491557,16.87485093665123,16.957364407210044,0,79.20924033762773,75.50817844205706,283210.18914285715,610006.0393666666,0.464274401999196,0,13121181.801699998,692.5448193529253,1069744.8983688771,0.4107387876014253,0.5874254318369833,0.4967742879003976,1.1824795407985387,0.6640177054126434,0.8916433628095635,1.501888393804371,0.8916433628095635,1.7696,0.015822784810126646,1.4238929232508765e-05,1.0,1.0,0.0,0.0,1.0,94591.79,0.010855240659998211,-0.04865563172335008,0.36731913801249283,0.4926,0.8068300714104635
2025-01-02,707.84,715.8,698.04,706.25,292533.811,0,1,-0.002246270343580492,0.0012617670409436066,0.024441543371047425,0.06104083410955208,-0.038644778394860024,-0.00224879699320992,0.5888888888888889,0.011111111111111112,696.5205,0.013968720231493589,677.9981999999999,0.04166943216073453,632.2055,0.11712093615129886,591.1632500000001,0.19467845810780682,700.3767697787009,693.9321744834208,1,1,1,53.647398779026,0,0,6.4445952952801235,6.391167926062179,0.05342736921794433,1,736.6869486723435,656.3540513276564,696.5205,0.11533457715126422,0.6211147652032682,32.73641512923575,0.04635244620068779,10.994735118031778,17.159162212577588,16.300248229218724,0,77.79653487338959,77.0975862579594,270557.87614285713,567235.5731333334,0.47697621404160473,0,12828647.990699997,691.4265756428302,1069087.7883447332,0.3877564764171828,0.4576985589686156,0.4946228259818262,0.9253486392587807,0.5816052908805383,0.8896404907666339,1.4985147464460005,0.8896404907666339,1.765625,0.025146902654867243,0.0,1.0,0.0,0.0,0.0,1.0,96984.79,0.025298178626284695,0.012456102622776744,0.3746709811116449,0.6316,0.7711001747355435
2025-01-03,706.24,715.69,697.03,714.88,291701.675,0,1,0.01221946902654869,0.01791257297451243,0.033287562332875664,0.05346301208370163,-0.033331981123145726,0.012145413980130516,0.6111111111111112,0.022222222222222223,696.475,0.026425930578987,679.8498000000001,0.05152638126833298,633.4802999999999,0.1284960242646852,591.7161500000001,0.2081468454089007,702.6080359665931,695.4838652624267,1,1,1,55.797906022989075,0,0,7.124170704166431,6.53776848168303,0.5864022224834011,0,736.5515013180465,656.3984986819536,696.475,0.11508381871006551,0.7296233378001014,31.73095690571892,0.044386410174741105,10.341157663395077,16.438392524211952,15.842915139281002,0,82.4350440197552,79.81360641025752,262635.82357142854,507193.08136666665,0.5178221730938014,0,13120349.665699998,690.9808066722012,1072652.2279273882,0.3912633595566889,0.45880753999698815,0.494116108109378,0.9285419610231085,0.5581096372360753,0.9005114251883204,1.5168258009760238,0.9005114251883204,1.7872,0.026102282900626793,-1.4159292035385352e-05,1.0,0.0,0.0,0.0,1.0,98174.18,0.012263675572221189,0.041094272125598685,0.367024870795854,0.6404,0.799964727510866
2025-01-04,714.87,721.84,707.82,713.41,167274.262,0,1,-0.0020562891674127393,0.00786900994575035,-0.012075388088017447,0.0752385115073324,-0.0051457258401896855,-0.0020584062326795246,0.28888888888888886,0.1111111111111111,696.202,0.02471696432931817,681.7306,0.04646908910939305,634.6514000000001,0.1240974178895688,592.3402,0.2043923407528309,704.2698765871172,696.8117270948395,1,1,1,55.32704203852289,0,0,7.458149492277698,6.721844683801964,0.736304808475734,0,735.7064725515933,656.6975274484067,696.202,0.11348566235544645,0.7177981237127788,30.465888555310425,0.042704599816810004,10.043774591576106,17.339948224338734,15.32215081473519,0,80.8567747476916,80.36278454694548,237353.30942857143,474132.2438333333,0.5006057118359698,0,12953075.403699998,690.6300807285685,1072308.2636744506,0.2859129633991508,0.45013690443284443,0.4932971532502329,0.9125065925618777,0.5457850556367181,0.8986597132995742,1.5137067685126246,0.8986597132995742,1.783525,0.019652093466590016,-1.3988361683066955e-05,0.0,0.0,0.0,0.0,0.0,98220.5,0.0004718144831972193,0.03064533053515217,0.363564463852905,0.6316,0.7815324605165473
2025-01-05,713.41,713.93,702.51,709.29,115144.345,0,1,-0.005775080248384579,0.004304424778760918,0.020987174504469408,0.09160164365852519,-0.028662594834433563,-0.005791820506324187,0.5111111111111111,0.05555555555555555,695.6375,0.01962588273346379,683.4626,0.037789046540366675,635.6763,0.11580375106009143,592.89015,0.19632616598538535,705.0422032660222,697.7360436063328,1,1,1,53.95282192216983,0,0,7.306159659689342,6.838707678979441,0.46745198070990135,0,733.9808287273729,657.2941712726272,695.6375,0.11023939545344483,0.6780296658262426,29.10546794421682,0.041034651474314905,9.4685939893589,16.853976189556537,16.195872349460647,0,76.43332617564951,79.90838164769879,219298.48099999997,453065.7728333333,0.48403232852611017,0,12837931.058699997,689.2163772987691,1071643.2958419279,0.13606843621978923,0.44701345662731784,0.4841206795712415,0.92335129543157,0.5376331068459674,0.893469881339279,1.5049649904519413,0.893469881339279,1.7732249999999998,0.016100607649903367,0.0,0.0,0.0,0.0,1.0,0.0,98363.61,0.0014570278098766654,0.0493439174210728,0.35367348731664405,0.6242,0.7886653623504846
2025-01-06,709.29,745.29,705.91,729.42,357347.859,0,1,0.02838049316922553,0.02033907788719791,0.034110241578768186,0.05079520571626128,-0.027076775329456404,0.02798522809397998,0.6222222222222222,0.06666666666666667,696.2239999999999,0.04768005699315167,685.673,0.0638015497183059,636.9595,0.14515915062103618,593.59875,0.22880986524988464,708.7926335327879,700.0830033391971,1,1,1,59.27523609633741,0,0,8.709630193590783,7.21289218190171,1.4967380116890734,0,736.3069836057332,656.1410163942667,696.2239999999999,0.11514392955638779,0.91409093103603,29.839363091058473,0.04090834236935987,10.338104306426455,22.772070759831685,14.66914153138115,0,74.65261140392909,77.31423744242342,227881.44614285717,450134.8290333334,0.5062515305297162,0,13195278.917699996,688.8024450160931,1081785.0043133148,0.19371308017509456,0.4479040249174939,0.4866182816363703,0.9204422476921944,0.5409526643773023,0.9188269972035371,1.5476766390833863,0.9188269972035371,1.82355,0.05398810013435332,0.0,0.0,0.0,0.0,0.0,0.0,102235.6,0.039364049367443865,0.10177111077942569,0.3718371285023241,0.6506,0.7834807139394973
2025-01-07,729.42,733.33,691.2,698.01,436096.682,0,1,-0.043061610594719024,-0.0215864650060974,-0.006108500640751746,0.0015927679724494492,-0.059285714285714275,-0.04401626848844601,0.3111111111111111,0.011111111111111112,696.8055,0.0017286028884673542,687.2546000000001,0.015649804308330413,637.9836,0.09408768501259275,594.1583,0.17478793109513058,707.133766835436,699.9294475362937,1,1,1,49.63472402011409,0,0,7.204319299142298,7.211177605349828,-0.006858306207529807,0,736.6237425661063,656.9872574338938,696.8055,0.11428796864004741,0.5151249769248383,30.71726572741144,0.04400691355053859,10.346434341612735,20.54115386018354,16.652644589917923,0,24.096965805105153,58.39430112822793,256543.13899999997,453234.0329666667,0.5660279686430069,0,12759182.235699996,689.1460924685382,1063005.9788113819,0.35302677108012354,0.46439102746674765,0.49614340545222985,0.9360016123633847,0.5462194680376862,0.8792608268460433,1.481031190324634,0.8792608268460433,1.745025,0.06035730147132562,0.0,0.0,0.0,1.0,1.0,0.0,96954.61,-0.05165509861535522,0.03610551850901933,0.40001157711616264,0.691,0.8011616430556874
2025-01-08,698.0,707.46,674.72,696.03,427277.957,0,1,-0.002836635578286839,-0.018694751089117223,-0.016684561482821048,-0.00952015027322417,0.00992469420624209,-0.002840666453542927,0.25555555555555554,0.18888888888888888,698.326,-0.0032878626887729357,688.8652000000001,0.01040087378488549,639.2699,0.08878894501367883,594.68295,0.1704219870436843,705.4254950145996,699.6405995706423,1,1,1,49.09269119494272,0,0,5.784895443957339,6.925921173071331,-1.1410257291139922,0,735.3549124021333,661.2970875978667,698.326,0.10605050478468021,0.46899719906615767,30.861746746882055,0.04433967896050753,9.648624480599656,18.984632904927885,19.205023997091544,0,30.196967549950354,42.98218158632821,298196.6558571429,431872.9740666666,0.6904730644504543,0,12331904.278699996,691.2286030673395,1061793.946956738,0.347707474743413,0.4115990085161539,0.48870281263461507,0.8422276235678046,0.4909957778110229,0.876766684302018,1.4768300445576066,0.876766684302018,1.740075,0.04703820237633437,-1.432644231456699e-05,1.0,0.0,1.0,1.0,0.0,95060.61,-0.01953491432743626,0.004956244088414108,0.3886984313536377,0.6567,0.7000657904927773
2025-01-09,696.03,701.72,675.12,685.48,331906.578,0,1,-0.015157392641121703,-0.06023964245564961,-0.0294088495575221,-0.005686103858427605,0.01282505910165499,-0.01527344006112007,0.18888888888888888,0.2111111111111111,698.67,-0.018878726723631962,690.4670000000001,-0.0072226478600716315,640.6517,0.06997296659011443,595.22285,0.15163589569856067,702.3569573200458,698.5916662691133,1,1,0,46.19779386356651,0,0,3.7652910509325466,6.293795148643575,-2.5285040977110285,0,735.0494464817215,662.2905535182784,698.67,0.1041391400281149,0.31871631820144486,30.55733626496191,0.044578012874134786,9.00065818108751,17.804202706215737,18.010890278168077,0,15.247272211988097,23.180401855681215,303821.33685714286,410109.8016666667,0.7408292501725816,0,11999997.700699996,695.8686837965931,1056763.108633821,0.3561434994684576,0.41056335866785565,0.4899213018695819,0.838018998359758,0.47434684985274606,0.8634771874133979,1.4544451517080417,0.8634771874133979,1.7137,0.03880492501604718,0.0,1.0,1.0,1.0,0.0,1.0,92552.49,-0.026384429891623817,-0.04570098053519511,0.39552223896791383,0.6623,0.6921969767052002
2025-01-10,685.47,700.69,683.18,693.21,234590.487,0,1,0.011276769562934108,-0.0068766923109983,-0.030312779767233566,0.001965744019657434,-0.025308980469903375,0.01121366079587633,0.17777777777777778,0.08888888888888889,700.156,-0.009920646255977116,691.8940000000001,0.0019020254547660726,642.1587999999999,0.07949933879283459,595.8484,0.163399952068345,700.9497331169619,698.193024323253,1,1,1,48.58987919422076,0,0,2.7567087937088672,5.586377877656633,-2.829669083947766,0,732.7119271990543,667.6000728009456,700.156,0.09299620998478739,0.39332203691311757,29.625383674607495,0.04273652093104181,8.398975188683375,17.0525509836592,17.250512690597947,0,26.200935241604117,23.881725001180868,295662.5957142857,400368.84116666665,0.7384755388374652,0,12234588.187699996,697.9782233712475,1059408.5314973763,0.35437988686331545,0.3848904591702346,0.47976824583532046,0.8022424629210403,0.4558708151588783,0.8732144206787091,1.4355145992959206,0.8732144206787091,1.733025,0.02525930093333925,-1.4588317675192428e-05,0.0,1.0,1.0,0.0,0.0,94726.11,0.02348526765730452,-0.03512196384018684,0.3761460319950543,0.6143,0.6315607929589867
2025-01-11,693.21,701.47,690.39,696.7,87734.79,0,1,0.005034549415040113,0.0009626021866875334,-0.02342271625012249,-0.03521526594934421,-0.012851212151267277,0.0050219184475485176,0.2777777777777778,0.14444444444444443,702.5024999999999,-0.00825975708271486,693.168,0.005095445837084284,643.6778,0.0823738211881783,596.4408999999999,0.16809561517327218,700.2959280220447,698.0824299289379,1,1,1,49.67772530693863,0,0,2.2134980931067503,4.911801920746656,-2.698303827639906,0,724.9690532690295,680.0359467309704,702.5024999999999,0.06396148987093864,0.37086359152387816,28.300713412135536,0.04062109001311258,7.799993850235912,16.7725422299087,16.768102639080443,0,31.146379481366072,24.19819564498611,284299.81399999995,384064.10199999996,0.7402405289104578,0,12322322.977699995,700.4772498257804,1059850.2366330493,0.358860589765212,0.3846938850871942,0.46631531814985877,0.8249651472173297,0.4521867035850794,0.8776106618295417,1.4198084369268393,0.8776106618295417,1.7417500000000001,0.015903545284914656,0.0,1.0,1.0,1.0,0.0,0.0,94599.99,-0.0013314174940783907,-0.03686104224678144,0.37513852260759045,0.6124,0.6308880236740775
2025-01-12,696.71,698.63,689.8,693.34,78211.295,0,1,-0.004822735754270169,0.011466417692711728,-0.022487276008402723,-0.00197204588965183,-0.04461775891528408,-0.004834402670431424,0.28888888888888886,0.022222222222222223,702.4615,-0.012985053273382199,694.0264,-0.0009890113690198747,645.0581999999999,0.07484875008177572,597.0426,0.16129066837106773,699.2257852494224,697.7311388230906,1,1,0,48.61124193078231,0,0,1.4946464263317694,4.228370821863679,-2.73372439553191,0,724.9950495136669,679.9279504863331,702.4615,0.06415597015257608,0.2976017938392784,26.90994816841157,0.03881205205009313,7.275899621617729,16.379428057932426,16.531699502043818,0,26.38514949695341,27.910821406641215,279023.664,368384.5353666666,0.7574250198159853,0,12244111.682699995,703.0173359143433,1059473.044224265,0.3586369078599097,0.37534724003308334,0.4661232709901096,0.8052531666908508,0.44547208786833775,0.8733781775124078,1.3819812637034086,0.8733781775124078,1.7333500000000002,0.012735454466784032,1.4353380221029e-05,1.0,1.0,0.0,1.0,0.0,94545.06,-0.0005806554525006336,-0.038820759018502904,0.3721711262704246,0.6035,0.6115502894129228
2025-01-13,693.35,700.0,660.0,688.64,386629.943,0,1,-0.006778780973259901,-0.00659251886152834,-0.05590743330317238,-0.023704207780424258,-0.03793011916903,-0.006801861272331652,0.1,0.044444444444444446,702.0485,-0.01909910782517163,694.6062000000001,-0.008589327305169564,646.3146,0.0654873029326584,597.5773,0.15238647786654538,697.5972029033575,697.0577211324915,1,1,0,47.08841779821546,0,0,0.5394817708660185,3.4905930116641475,-2.951111240798129,0,725.3025036394557,678.7944963605443,702.0485,0.06624614578467365,0.2116948073137518,27.844951870667888,0.0404347000910024,8.251106761367604,14.698751212191326,22.47976924472904,0,33.57955211630906,30.370360364876195,283206.8188571428,369874.56196666666,0.765683418052052,0,11857481.739699995,702.3061849802518,1056852.164522964,0.28445579881369004,0.37390972496635816,0.46645630031300883,0.8015964726287358,0.45235424610005465,0.8674577381402262,1.359605133267522,0.8674577381402262,1.7216,0.05808550185873606,1.4422938240965333e-05,1.0,1.0,0.0,1.0,0.0,94536.1,-9.476962625010188e-05,-0.07531133968989279,0.3721686537777978,0.6068,0.6124562039327264
2025-01-14,688.64,699.97,686.3,698.89,159723.609,0,1,0.014884409851301017,0.0031433902684081527,0.0012607269236830643,-0.004855474868289855,-0.02779362054335277,0.014774724088811982,0.4666666666666667,0.1,701.8570000000001,-0.004227356854744055,695.86,0.004354324145661444,647.6005,0.07919929030320387,598.2347500000001,0.16825376660249158,697.7960947643794,697.1934454930476,1,1,1,50.71454080235622,0,0,0.6026492713317566,2.9130042635976694,-2.310354992265913,0,725.150767045254,678.5632329547461,701.8570000000001,0.06637753002464591,0.43631343538733003,26.832455308477332,0.03839295927610544,9.156656248278203,14.163866108204227,21.661734192873755,0,45.59737366631493,35.18735842652581,243724.95128571428,365783.42243333336,0.666309450724588,0,12017205.348699994,702.0168348924998,1059229.556182249,0.16899898889404294,0.37649453099888774,0.46702303991859356,0.8061583665433599,0.4506339143121678,0.880369334643388,1.3798420533070088,0.880369334643388,1.747225,0.019559587345648204,0.0,1.0,0.0,0.0,0.0,0.0,96560.86,0.021417849900725594,-0.004061178730954573,0.3665199122969613,0.6249,0.6447948802826878
2025-01-15,698.89,715.0,688.45,714.59,282718.752,0,1,0.022464193220678608,0.030648743762079267,0.02666551729092137,0.009536053345388762,-0.008312748064059572,0.022215589466563292,0.6444444444444445,0.2,703.1165000000001,0.016318063933928366,697.8816,0.02394159697003042,649.1034000000001,0.10088777843406758,598.9577,0.1930558702225549,700.3797724929365,698.4820791602293,1,1,1,55.7201650680359,0,0,1.8976933327071492,2.7099420774195653,-0.812248744712416,0,726.2980428168423,679.9349571831578,703.1165000000001,0.06593940781319237,0.7474705866355027,26.812279929300377,0.03752120786646941,9.070180919092964,17.166086833182156,20.12960295530731,0,64.00515886973861,47.72736155078755,223073.6362857143,359079.2290666666,0.6212379280905119,0,12299924.100699995,702.5625645644391,1065580.6048542862,0.21167044978674193,0.3823580237173768,0.4688134495526013,0.8155867202237249,0.45108094588090897,0.9001461214823773,1.3559582542694497,0.9001461214823773,1.786475,0.03715417232259051,0.0,0.0,0.0,0.0,0.0,0.0,100497.35,0.04076693186038316,0.05719235338380435,0.38420134524794747,0.6416,0.6413707561194705
2025-01-16,714.59,717.5,700.5,708.1,268104.726,0,1,-0.009082131012188799,0.028258596654275214,0.03299877458131539,0.0026194690265486376,-0.013362315205729502,-0.009123624990957207,0.6666666666666666,0.17777777777777778,703.929,0.00592531349042311,699.1607999999999,0.012785613838762332,650.3764,0.08875414298550814,599.5871999999999,0.18097918034274263,701.5674998017155,699.1945177409531,1,1,1,53.30983506558593,0,0,2.3729820607624106,2.6425500740881347,-0.2695680133257241,0,726.5809281391612,681.2770718608388,703.929,0.0643585592841358,0.5920672177303336,26.11140279149321,0.0368753040410863,8.844400111053481,17.051677386151162,19.193495098595893,0,56.39582600539341,55.33278618048234,213959.08600000004,351253.7575333333,0.6091296716724681,0,12031819.374699995,703.132011209091,1063145.6426077671,0.19061429436851077,0.3830775588882882,0.4690851753296334,0.8166481889330518,0.4489691412394421,0.8919708764769607,1.3436432637571158,0.8919708764769607,1.77025,0.024007908487501766,0.0,0.0,0.0,0.0,0.0,0.0,99987.3,-0.005075258203325772,0.08033073988609063,0.38427701097872735,0.6426,0.6434909238754278
2025-01-17,708.1,729.97,708.1,721.76,289751.278,0,1,0.019291060584663233,0.03272331840489917,0.041185210830772645,0.009623992837958895,0.051545790961275095,0.01910734700235758,0.7555555555555555,0.4777777777777778,703.9105,0.025357627141518752,700.5194,0.030321215943484178,651.8870000000001,0.10718575458630089,600.3115,0.20230913450766805,704.6740382937592,700.8660349453269,1,1,1,57.47908035846202,0,0,3.808003348432294,2.8756407289569665,0.9323626194753274,1,726.5003584371659,681.320641562834,703.9105,0.06418389393869238,0.8950777303374586,25.808445449243692,0.03575765552156353,8.486747886845752,19.47081854144217,18.031744332520343,0,72.41177160276705,64.27091882596636,221839.199,336692.9327333333,0.6588769095896068,0,12321570.652699996,703.2929334250089,1068735.2520661487,0.20721269277330237,0.36325144843149243,0.4703286710068108,0.7723353280885404,0.44047864309493323,0.9091779406948328,1.369563567362429,0.9091779406948328,1.8044,0.030300931057415215,0.0,0.0,0.0,0.0,0.0,0.0,104077.48,0.04090699518838892,0.09872008889629269,0.3677419816471367,0.5948,0.5916178983117703
2025-01-18,721.76,723.32,695.0,709.52,370480.456,0,1,-0.01695854577698963,-0.007094977539568226,0.018401033443375736,-0.005452684991799961,0.06595354706889811,-0.01710398859188893,0.5777777777777777,0.5444444444444444,704.6510000000001,0.006909803576522156,701.6164,0.011264845006473598,653.3432,0.08598359943135546,600.9586,0.1806470528918297,705.41957086395,701.5070693938212,1,1,1,52.919129789574995,0,0,3.9125014701287455,3.0830128771913228,0.8294885929374227,0,726.9399331992039,682.3620668007962,704.6510000000001,0.06326233326626605,0.6092246083848876,25.987842202869146,0.03662735680864408,8.30584679987419,17.955237368662726,20.228763434934027,0,58.06073396646735,62.28944385820929,262231.43700000003,321033.3986,0.8168353764548161,0,11951090.196699996,703.7229712753085,1062452.4422935927,0.24888436358365965,0.3547496229495945,0.4717730986600683,0.751949663847209,0.42119345851253354,0.8937596049681303,1.3463377609108158,0.8937596049681303,1.7738,0.03991430826474243,0.0,0.0,0.0,0.0,0.0,0.0,104556.23,0.0045999384304846735,0.10524567708728072,0.35744607235876347,0.5579,0.5580541033820643
2025-01-19,709.52,714.6,676.0,683.19,712985.298,0,1,-0.037109595219303126,-0.035178647083745185,-0.014639282314593105,-0.03679736074102258,0.0067639257294429544,-0.037815679703300624,0.34444444444444444,0.25555555555555554,703.5425,-0.02892860061758879,702.2115999999999,-0.027088131269833497,654.4391,0.04393212447116928,601.59105,0.1356385704208865,701.9996368848808,700.1502494387233,1,1,0,44.70341826850156,0,0,1.8493874461574933,2.836287790984557,-0.9869003448270637,0,727.8011066116237,679.2838933883763,703.5425,0.06896131111233135,0.08050970680550315,26.888710616949925,0.03935758810426078,9.000247767085238,16.11412437650213,23.201784203376235,0,27.189588462891386,52.55403134404194,352913.4374285714,312054.595,1.130934916784582,1,11238104.898699995,702.2563709653649,1035993.8464874985,0.3488736098887418,0.3690542262634649,0.47739308727685875,0.7730615212059744,0.3990071971204971,0.8605925478043989,1.2963757115749526,0.8605925478043989,1.7079750000000002,0.05649965602541024,0.0,1.0,0.0,0.0,0.0,0.0,101331.57,-0.030841395103859304,0.07178069377712615,0.3703106828017355,0.5968,0.5984744857822728
2025-01-20,683.2,709.38,671.0,682.51,668236.487,0,1,-0.0009953307279089163,-0.054380957659055595,-0.008901603159851335,-0.06431137067807291,0.028666596331519578,-0.0009958263984692645,0.37777777777777777,0.3333333333333333,702.5530000000001,-0.028528808502703878,702.742,-0.02879008227770643,655.4982000000001,0.04120804603277305,602.4356,0.13291777577553512,699.0012312102838,698.8435642951142,1,1,0,44.51122209238851,0,0,0.1576669151695569,2.3005636158215568,-2.142896700652,0,728.5753386626635,676.5306613373367,702.5530000000001,0.07407936102376161,0.1148885720875345,27.709517001453502,0.04059943004711067,9.850594551236819,14.519880746525493,22.195207711714293,0,30.696849856811642,38.649057428723474,393142.9437142857,316681.2182666667,1.2414469852873722,1,10569868.411699995,700.536634392785,1035328.7301784775,0.3473277067115683,0.3627467614396765,0.4746103836968526,0.7643043091770477,0.3963624023556021,0.8597359735973598,1.2901890359168242,0.8597359735973598,1.706275,0.0562336082987795,1.4637216586880523e-05,1.0,1.0,0.0,0.0,0.0,102260.01,0.009162396279856155,0.0817032858347233,0.37040258780152313,0.5957,0.587158701356869
2025-01-21,682.51,697.0,675.01,692.21,294203.471,0,1,0.014212245974418058,-0.024396775284699412,-0.009558013421282263,-0.008309336542456358,0.06531541930221474,0.014112198822172036,0.36666666666666664,0.5333333333333333,701.7715000000001,-0.013624805225062606,703.6297999999999,-0.016229841317124283,656.6983,0.054076125977484665,603.40815,0.14716713720224042,697.9564264087016,698.3521891621428,1,1,0,47.9490206130827,0,0,-0.39576275344120404,1.7612983419690047,-2.1570610954102087,0,728.0627050733927,675.4802949266074,701.7715000000001,0.07492810714995604,0.3181616252790846,27.300980072778252,0.03944031446060914,10.640202279377572,13.684504725055268,20.91824513622248,0,46.03401457767618,34.64015096579308,412354.3525714286,315364.5214333333,1.3075483275584585,0,10864071.882699996,699.8197663156127,1039510.022274857,0.3460621412626192,0.3585994900097765,0.47413758787196497,0.7563194717787527,0.39205210970226,0.8719547527271811,1.2955455736477637,0.8719547527271811,1.730525,0.03176781612516434,0.0,0.0,0.0,0.0,0.0,0.0,106143.82,0.03797975376689289,0.099242695228688,0.37767434026304747,0.5836,0.5577243731187005
2025-01-22,692.21,704.13,689.93,695.52,218410.233,0,1,0.00478178587422895,0.018047688051640032,-0.026686631494983182,-0.0007327270376277228,0.001959202489339562,0.004770389451882939,0.24444444444444444,0.2222222222222222,701.235,-0.008149906949881327,702.8474000000001,-0.010425307115029698,657.7625,0.057402937990535995,604.2557499999999,0.15103579899736175,697.5815915765937,698.1423973723545,1,1,0,49.10771304556404,0,0,-0.5608057957607571,1.2968775144230524,-1.8576833101838095,0,727.5792717233222,674.8907282766778,701.235,0.07513678502448454,0.39153239725088657,26.365195781865523,0.0379071712989785,10.899533463985485,15.089712336081435,20.11350704949867,0,50.76461340574527,42.49849261341105,403167.4212857143,302432.72616666666,1.3330813314943109,0,11082482.115699995,699.3777562503881,1040554.4132418035,0.3100804586831345,0.30331699682624674,0.47117405495860626,0.6437472386990702,0.36080667468960653,0.8761242536467386,1.3017405951712522,0.8761242536467386,1.7388,0.02041637911203135,0.0,0.0,0.0,0.0,0.0,0.0,103706.66,-0.022960922265658046,0.03193427488386513,0.38517576012231913,0.7104,0.5574320990384786
2025-01-23,695.52,697.65,680.26,689.74,331191.456,0,1,-0.008310328962502833,0.010593251380932145,-0.025928541166501895,0.006214623329637625,-0.010274070885349373,-0.008345052254707648,0.24444444444444444,0.17777777777777778,699.978,-0.014626173965467405,701.8516000000001,-0.017256639437738783,658.7149000000001,0.04709943558282946,605.25095,0.13959341988641244,696.3751928725023,697.5199975669949,1,1,0,47.13454919324178,0,0,-1.1448046944925636,0.8085410726399291,-1.9533457671324927,0,725.9777818614456,673.9782181385543,699.978,0.07428742578036918,0.3031137327505506,25.724110368875127,0.03729537270402634,11.59468909073614,14.361073789370689,21.82736921326643,0,42.503930255823924,46.434186079748464,412179.81128571427,300574.5674666667,1.371306344244925,0,10751290.659699995,698.375760270338,1037802.1032928732,0.3095605662692991,0.3040422798550083,0.47077879162018255,0.6458283280108021,0.36113847052737647,0.868843372886907,1.2909227026015349,0.868843372886907,1.72435,0.025212398874938362,0.0,0.0,0.0,0.0,0.0,0.0,103910.34,0.0019640011547956693,0.03923538289362738,0.36920658329922945,0.7284,0.5977632873640888
2025-01-24,689.73,691.31,678.75,680.45,280584.305,0,1,-0.013468843332270053,-0.016989064012366217,-0.05723509199733978,-0.018407120497396123,-0.03169114298724951,-0.013560370979447569,0.08888888888888889,0.06666666666666667,698.33,-0.025603940830266486,701.1186,-0.02947946324630379,659.5103999999999,0.03175021955681087,606.1002000000001,0.12266915602403687,693.9251631998097,696.2555533027731,1,1,0,44.06958793060226,0,0,-2.330390102963406,0.18075483751926208,-2.5111449404826685,0,724.9167089865873,671.7432910134128,698.33,0.07614368274766162,0.16374175891758025,24.78381677109833,0.036422686121093874,12.31005531242434,13.841221060873279,21.47243784109595,0,29.226811490638898,40.831785050736045,410870.24371428567,302177.03596666665,1.3597004232962595,0,10470706.354699995,697.2944449871748,1034022.9572473344,0.26742392968648643,0.3052360655898365,0.4654479783233979,0.6557898622512771,0.3600062861528906,0.8571410576172122,1.273535466966124,0.8571410576172122,1.7011250000000002,0.018458373135425005,-1.4498216719330335e-05,0.0,0.0,0.0,0.0,0.0,104870.5,0.009240273874573157,0.007619515768444884,0.36943192223090576,0.7137,0.5878311356666194
2025-01-25,680.45,689.56,677.68,686.4,140203.276,0,1,0.008744213388198974,-0.013112491373360902,-0.03258540985454961,-0.01478398162767336,-0.00435161009573537,0.00870620416742591,0.17777777777777778,0.2,697.1855,-0.015470057825356478,700.2422,-0.01976773179337099,660.4454,0.03929863089363637,606.9476999999999,0.1309046891519649,692.7674457844544,695.5255123173825,1,1,0,46.4704391506347,0,0,-2.758066532928183,-0.4070094365702269,-2.351057096357956,0,723.7563898688337,670.6146101311664,697.1855,0.07622330030912479,0.29704292830909423,23.862115573162736,0.03476415438980585,13.026491201980546,13.349007170919284,21.029139338143032,0,37.73045590967553,36.48706588537946,377973.50371428573,294147.1451,1.284981037588475,0,10610909.630699996,696.8088918944062,1035248.924610403,0.2768928373925119,0.30156307284262235,0.4590828489510658,0.656881592356691,0.3494162465449667,0.8646360819288035,1.2846715328467153,0.8646360819288035,1.716,0.0173076923076923,0.0,0.0,0.0,0.0,0.0,0.0,104746.85,-0.0011790732379457491,0.0018231338295193744,0.35105640256221526,0.6977,0.5972971776551683
2025-01-26,686.4,690.82,664.64,667.37,195887.168,0,1,-0.027724358974358987,-0.03243251080117149,-0.02315607664046615,-0.037456370611821055,-0.03538339235383392,-0.02811593342117552,0.3,0.05555555555555555,694.083,-0.038486751584464636,698.5952000000001,-0.04469712932467913,661.1271,0.009442813643548967,607.66105,0.09826028836306022,688.860146433,693.4399188123912,1,1,0,40.48473754574613,0,0,-4.5797723793912155,-1.2415620251344248,-3.3382103542567907,0,719.2600522918366,668.9059477081634,694.083,0.07254767021188134,-0.030502929619393188,24.02767874650826,0.036003534390979905,14.296135004294612,12.3100951864128,23.268988103740096,0,10.533085608117768,25.830117669477414,304102.3422857143,289104.8492666667,1.0518756190257261,0,10415022.462699996,694.3621746824396,1029818.0784463005,0.2304372161653898,0.3119771698260124,0.45255190674636353,0.6893732302864047,0.3462096028524798,0.8406646008112262,1.2490548381059332,0.8406646008112262,1.668425,0.03922861381242798,0.0,1.0,1.0,0.0,0.0,0.0,102620.0,-0.020304667873067395,0.012714990994415531,0.3535128387678366,0.7263,0.6386878469601395
2025-01-27,667.36,680.53,637.79,679.74,486667.795,0,1,0.018535445105413828,-0.0010434271438019005,-0.004058548592694611,-0.012924024163568748,-0.05870134186365339,0.018365757360875236,0.45555555555555555,0.022222222222222223,693.1695,-0.019374049204415315,697.35,-0.02525274252527427,661.9475,0.026879019861847077,608.43575,0.11719273563395975,687.4570469817693,692.4251100114733,1,1,0,45.407271095012526,0,0,-4.9680630297040125,-1.9868622260483426,-2.98120080365567,0,719.0622321442783,667.2767678557217,693.1695,0.07470822690345806,0.24067047221651383,25.364273121757673,0.03731466902309364,16.43688333283219,10.828445708870532,28.02957466447123,0,45.508787155565216,31.257442891119513,278163.9577142857,293852.0470666666,0.9466122849611399,0,10901690.257699996,691.2353790197277,1038838.6826450957,0.2653684376138769,0.28919164474310305,0.4530711956021052,0.638291834815904,0.35078395529613954,0.8562466933716273,1.2722066254912971,0.8562466933716273,1.69935,0.06287698237561422,-1.4984191677766315e-05,0.0,0.0,0.0,0.0,0.0,102082.83,-0.0052345546677060595,-0.0017326421149380655,0.35355495371597384,0.7427,0.6028226417752048
2025-01-28,679.75,682.88,659.4,661.29,202591.474,0,1,-0.027142731044222823,-0.03658216783216783,-0.0446685254474799,-0.05379959650302624,-0.048106404111068035,-0.027517899277095973,0.14444444444444443,0.03333333333333333,691.4325,-0.04359427709863225,696.7919999999999,-0.05095064237247264,662.5014,-0.0018285244378351895,609.0732,0.08573156724019365,683.4313474461125,690.1188055661789,1,1,0,40.08222352847768,0,0,-6.687458120066481,-2.9269814048519702,-3.7604767152145104,0,720.9276777503868,661.9373222496132,691.4325,0.08531614510566628,-0.010973357324567239,25.22968218448927,0.038152220938603744,18.239126177379603,10.7739410155961,26.16630898424911,0,25.493599479279652,27.178490747654223,265076.5295714286,292554.1580666667,0.9060767801872208,0,10699098.783699997,690.3421782137326,1033339.7967544611,0.28535904525245376,0.27847133687993125,0.4567286586251227,0.6097084814388605,0.3456363268799155,0.833005819665936,1.2376754632229086,0.833005819665936,1.653225,0.03550635878358968,1.4711507341028782e-05,1.0,0.0,0.0,0.0,0.0,101335.52,-0.0073206238502596666,-0.04529985824893057,0.3502996062375426,0.7383,0.5830995993216358
2025-01-29,661.28,680.01,659.37,667.97,255536.138,0,1,0.010101468342179842,0.0008990515006668254,-0.03961065102369443,-0.06524020767153194,-0.05300839287739589,0.010050789512156582,0.15555555555555556,0.03333333333333333,690.557,-0.032708378888346636,696.6154000000001,-0.041120825063586164,663.1931000000001,0.007202879523324285,609.7510500000001,0.09547986838235037,681.0526786082489,688.4781533020175,1,1,0,42.70221973302665,0,0,-7.425474693768592,-3.826680062635295,-3.5987946311332975,0,721.7847299847522,659.3292700152479,690.557,0.09044215027797027,0.13835027376263428,24.90184774274004,0.03727988943027387,19.913668810043703,10.136082030594432,24.625767486561926,0,32.74029073551751,34.580892456787474,270380.23028571426,291163.12590000004,0.9286211275894062,0,10954634.921699997,689.591791065498,1035921.086962751,0.2957111054982111,0.27614779894063546,0.4571541434768557,0.6040583966720975,0.344449623513873,0.8414204015821429,1.2501778027325474,0.8414204015821429,1.669925,0.030899591299010414,-1.5121958596063611e-05,0.0,0.0,0.0,0.0,1.0,103733.24,0.023661199942527578,0.00025629983648101096,0.35312251760236996,0.7804,0.6062111049897829
2025-01-30,667.97,682.99,666.0,677.53,145419.421,0,1,0.014312020000898151,-0.003251243122370351,-0.017702322614318478,-0.043171868380172396,-0.03526982770895626,0.01421056986779774,0.3333333333333333,0.1,689.773,-0.01774931752910023,695.9418000000001,-0.026455947896792637,664.0304000000001,0.020329792129998674,610.4147,0.10995033376489775,680.5107280531337,687.6671789833495,1,1,0,46.319854909159005,0,0,-7.156450930215783,-4.4926342361513925,-2.6638166940643906,0,721.5035564832611,658.0424435167389,689.773,0.09200289510682826,0.3070787065071074,24.33671576111575,0.03591976113399518,21.207519632610143,10.505271317428456,23.397782243126404,0,43.11130397049249,33.781731395096564,243841.36814285713,288161.61220000003,0.8461965710186886,0,11100054.342699997,689.1310701277436,1038002.332624622,0.31762961302791054,0.2798820086260724,0.4579817740851725,0.611120407979427,0.34483984210942575,0.8534628271987503,1.2680703724499345,0.8534628271987503,1.693825,0.02507638038168053,0.0,0.0,0.0,0.0,0.0,0.0,104722.94,0.00954081835292131,0.00782020345617207,0.35325729698350733,0.7786,0.6127440187192541
2025-01-31,677.53,689.44,673.5,677.47,190707.861,0,1,-8.855696426723902e-05,0.024467329008453165,-0.004379454772576952,-0.06136388827311012,-0.042905176311030746,-8.856088566671234e-05,0.4666666666666667,0.06666666666666667,688.8115,-0.016465317434450493,695.3758,-0.025749817580652073,664.9561,0.01881913708288417,610.87555,0.10901475758851382,680.042923737267,686.9118323919903,1,1,0,46.30009673040917,0,0,-6.868908654723327,-4.96788911986578,-1.9010195348575474,0,720.8224351546353,656.8005648453648,688.8115,0.0929454143975101,0.32284959896965526,23.736950349607486,0.0350376405591502,21.84971938751851,11.942289396736102,22.275479421508873,0,46.39307845200517,40.74822438600507,231001.87614285713,289995.09626666666,0.7965716631650834,0,10909346.481699998,688.7392895036983,1037985.44411539,0.3081627325934177,0.2785927890445889,0.4571741562989649,0.609380003672836,0.3461351518228476,0.8533872471216587,1.2679580759872733,0.8533872471216587,1.693675,0.02352871713876637,0.0,0.0,0.0,0.0,0.0,0.0,102429.56,-0.021899499765762886,-0.023275754382786396,0.3604154396825014,0.7584,0.5823053535392623
2025-02-01,677.48,681.56,650.73,652.94,177371.372,0,1,-0.03620824538355938,-0.02250101052442466,-0.048747086247086124,-0.07974405231705928,-0.0754831858407079,-0.03688002988985937,0.12222222222222222,0.011111111111111112,686.7915,-0.049289340360211195,693.9201999999999,-0.05905607013601832,665.5404999999998,-0.018932732117729556,611.25925,0.06818833416426845,675.8732431623029,684.395400362954,1,1,0,38.97949316785912,0,0,-8.522157200651122,-5.678742736022849,-2.8434144646282737,0,722.4860346104022,651.0969653895979,686.7915,0.10394576697702902,0.02581676201298658,24.243596753206948,0.0371298997659922,23.33049819153737,10.857523486765402,26.960801917244705,0,19.723994271579325,36.40945889802568,236311.6041428571,286156.34829999995,0.8258129010477632,0,10731975.109699998,687.8818660726974,1031563.1379539954,0.36611048549455133,0.2969207650990579,0.38263713591613263,0.775985227853414,0.3526879863696148,0.8224875922706775,1.2220475388358603,0.8224875922706775,1.6323500000000002,0.04721720219315699,1.4760801216276596e-05,0.0,0.0,0.0,0.0,1.0,100635.65,-0.01751359666096397,-0.03924891297447142,0.35865669918055176,0.7721,0.634304098678188
2025-02-02,652.94,663.22,600.0,617.8,506728.603,0,1,-0.0538181149875947,-0.0881584579280622,-0.07427663814675523,-0.09571275926169898,-0.13579901521933757,-0.05532046095630318,0.03333333333333333,0.011111111111111112,683.2495,-0.09579150808013771,691.9603999999999,-0.10717434119062302,665.9655,-0.07232431710051056,611.50375,0.010296339147552222,666.9388980604101,679.462407743476,1,1,0,31.33592133813569,0,0,-12.523509683065868,-7.047696125431453,-5.475813557634415,0,730.3942243127676,636.1047756872324,683.2495,0.13800148939082313,-0.19413387132985313,27.027625556549314,0.0437481799231941,25.92997887870389,9.043473125068566,35.86316975498557,1,16.273541780947117,27.46353816817722,280717.52342857147,293323.91256666667,0.9570222931100784,0,10225246.506699998,683.2014421667944,1004291.9597302382,0.45674425807992447,0.3302842467939951,0.3974687037728763,0.8309691899232597,0.390740684422505,0.7782228604539843,1.1562792438704848,0.7782228604539843,1.5445,0.10233085140822278,0.0,0.0,0.0,0.0,1.0,1.0,97700.59,-0.029165211334154395,-0.04793812122393304,0.3678138001139815,0.7752,0.6882177566755942
2025-02-03,617.8,619.19,500.0,617.21,1340856.885,1,0,-0.0009550016186467003,-0.08894858812936368,-0.09199105540353658,-0.09567625382778266,-0.13484532036276464,-0.0009554579232300516,0.022222222222222223,0.022222222222222223,679.1655,-0.0912229787879389,689.9272,-0.10539836666825128,666.3036,-0.07368052641468532,611.7302999999999,0.00895770570789136,659.2882983588086,674.8511182809963,1,1,0,31.22520787407811,0,0,-15.562819922187714,-8.750720884782705,-6.812099037405009,0,734.111364448569,624.2196355514309,679.1655,0.16180405055489147,-0.0637867437502241,33.610652302510076,0.05445578053257412,29.459800771726947,6.752763212042348,48.03080200564322,1,57.41929162788421,31.1389425601369,402744.53628571425,332443.3333333333,1.2114682290286494,1,8884389.621699998,663.9206392311545,1003011.4392346896,0.4175555780681378,0.3303811440193826,0.39323574041776116,0.8401605196628267,0.53852124669536,0.7774796563625829,1.23442,0.7774796563625829,1.543025,0.19311093468997595,0.0,0.0,0.0,1.0,1.0,1.0,101328.52,0.03713314320824468,-0.007389195616931854,0.38316467083766853,0.7533,0.6421313046226582
2025-02-04,617.21,619.24,557.88,572.69,549571.473,1,0,-0.07213104129874759,-0.12290562685698536,-0.13398055316124535,-0.17266436486037473,-0.19258695315033336,-0.07486476446283079,0.011111111111111112,0.011111111111111112,672.0705,-0.14787213543817201,686.9694000000001,-0.1663529700158406,666.1385,-0.14028388991178256,611.62675,-0.06366096643091552,645.9654832266842,667.2836280379595,1,0,0,24.259968690864127,0,1,-21.31814481127526,-11.264205670081218,-10.053939141194043,0,742.2819617948444,601.8590382051557,672.0705,0.20894076378845478,-0.207722766764112,35.5927485666165,0.06215011361577205,32.734876875991134,5.931268531291434,42.11633481428289,1,35.60966051045905,36.43416463976347,452313.1075714286,346924.23759999993,1.3037806487678758,0,8334818.148699998,656.5475142751192,963370.276619113,0.5564790779266469,0.38779560551676734,0.4178127383160633,0.928156492020143,0.567632332133075,0.7213992391605574,1.14538,0.7213992391605574,1.4317250000000001,0.10714348076620861,0.0,1.0,1.0,1.0,1.0,1.0,97763.13,-0.03518644109279401,-0.03525308795968085,0.39750097358489184,0.7597,0.7277627179600927
2025-02-05,572.69,580.0,561.22,569.55,227055.225,0,1,-0.005482896505963231,-0.07809970864357396,-0.1473419464946032,-0.18111628709454797,-0.21917413835650246,-0.005497982752499507,0.011111111111111112,0.011111111111111112,665.143,-0.143717967414526,684.0065999999999,-0.16733259591354818,665.8229999999999,-0.1445924817856997,611.5089999999999,-0.06861550688542598,634.2092550379635,660.0441000351476,1,0,0,23.855780608422307,0,1,-25.834844997184064,-14.178333535501787,-11.656511461682276,0,746.794837791548,583.491162208452,665.143,0.24551664165915604,-0.08536955557597467,34.39183795471532,0.06038422957548121,35.77601897280788,5.699923725492864,40.473617873184224,1,35.188464457374124,42.73913886523914,448244.40571428573,342581.1498,1.3084327785576417,0,8107762.923699998,652.120672325893,962125.3563192999,0.5276412354267004,0.3733207962995629,0.4129841735047358,0.9039590866919308,0.562637193408745,0.7174438817927593,1.1391,0.7174438817927593,1.4238749999999998,0.032973400052673116,0.0,1.0,1.0,1.0,1.0,1.0,96612.43,-0.011770285996367091,-0.06864540238018224,0.38088887717858455,0.7342,0.705429932438025
2025-02-06,569.55,589.99,568.87,571.72,334342.953,0,1,0.003810025458695687,-0.07370262957502305,-0.15617020648532165,-0.17110795372169219,-0.18092863999083098,0.003802785694993662,0.011111111111111112,0.03333333333333333,657.641,-0.1306503092112565,681.7134,-0.1613484493630314,665.4772,-0.14088717089030248,611.3551,-0.06483155207178277,624.5955234936615,653.5015741066181,1,0,0,24.788375445137106,0,1,-28.90605061295662,-17.123876950992756,-11.782173661963864,0,744.7768643667907,570.5051356332092,657.641,0.26499523103574985,0.006971092647207639,33.44384952937851,0.05849690325575196,38.02193287211048,7.576454138796461,38.64795054141465,1,37.48889237363444,36.09567244715589,475233.48171428574,339189.35883333336,1.401086058091227,0,8442105.876699999,646.2464563109762,963399.2114821654,0.4999736220934274,0.3589564045847631,0.41315818774916424,0.8688110637243185,0.5567591461699046,0.7201773612475751,1.14344,0.7201773612475751,1.4293,0.03694116000839572,0.0,1.0,1.0,1.0,1.0,1.0,96554.35,-0.0006011648811647952,-0.07800191629455777,0.3500901729137623,0.7021,0.7055972721152008
2025-02-07,571.71,589.9,570.58,577.71,222673.88,0,1,0.01047715665010851,0.008765649828004651,-0.14725375293370924,-0.15098831655522083,-0.1699926727296236,0.010422651618991774,0.03333333333333333,0.044444444444444446,651.0505,-0.1126494795718612,679.9551999999999,-0.15037049499731725,665.2983,-0.1316526736953935,611.30765,-0.0549602969961196,617.3823660330983,647.8873834320538,1,0,0,27.430550971962163,0,1,-30.505017398955488,-19.8001050405853,-10.704912358370187,0,741.5391964676882,560.561803532312,651.0505,0.27797750394996423,0.09475325171587258,32.4350031344229,0.05614409155878018,40.10742435003432,7.254101565923028,37.00361058170769,1,40.724242741850965,37.80053319095319,479800.05585714284,332369.2229333333,1.4435754659310958,0,8664779.7567,641.1352079256343,965732.2006048128,0.5246819230977933,0.3622238488846963,0.38794650304832723,0.9336953575776229,0.5536588403955389,0.7277227722772277,1.1554200000000001,0.7277227722772277,1.4442750000000002,0.033442384587422644,-1.7491079549413883e-05,1.0,1.0,1.0,1.0,1.0,96506.8,-0.0004924687494659574,-0.057822761320072025,0.34512657366131816,0.7093,0.7297837024130498
2025-02-08,577.7,633.73,573.62,612.39,490805.546,0,1,0.06003011891779608,0.0752172767974717,-0.06210371550219018,-0.10782342657342658,-0.10662601388807846,0.05829732179369617,0.12222222222222222,0.07777777777777778,647.5105,-0.0542392748843455,678.6309999999999,-0.09760974668118592,665.6561999999999,-0.08002058720402502,611.4601,0.001520786066008191,616.6143097203139,645.257947622272,1,1,0,40.4697607863618,0,0,-28.643637901958073,-21.568811612859854,-7.074826289098219,0,738.2443788870786,556.7766211129214,647.5105,0.2802545406972663,0.3064642422941675,34.41178862482127,0.0561926037734471,39.77219700647566,15.446800539572807,32.38665658144381,1,58.89843831883448,45.703857811439974,524576.3664285714,337665.8552,1.5535369014964928,0,9155585.3027,633.8752303438237,995195.3158967067,0.6989181668789523,0.40630619354952846,0.4063459959779974,0.9999020479373172,0.5762830532988623,0.7714080568362179,1.22478,0.7714080568362179,1.530975,0.09815640359901373,-1.7309722871321087e-05,1.0,1.0,1.0,1.0,1.0,96444.74,-0.0006430634939713631,-0.0416443874511665,0.3354816031675868,0.6186,0.7410808990121397
2025-02-09,612.39,648.13,602.4,615.81,774091.071,0,1,0.005584676431685587,0.07711816973343577,-0.003221107154418923,-0.07725849229063342,-0.11165447699831232,0.0055691399435946675,0.5444444444444444,0.07777777777777778,644.1754999999999,-0.04403380755710206,677.6774,-0.09129329087852138,666.0833,-0.07547599526966081,611.6646499999999,0.006777161308896972,616.4905697633426,643.0766181687704,1,1,0,41.584459620776784,0,0,-26.586048405427846,-22.57225897137345,-4.013789434054395,0,734.3945747657015,553.9564252342984,644.1754999999999,0.28010712846328845,0.3427965478826675,35.220232294476894,0.05719334258046621,38.85105170230439,16.93461787704509,29.383022207139515,1,61.13281249999995,53.58516452022848,562771.0047142857,355649.208,1.5823766567034947,1,9929676.3737,627.7616809002308,999518.3640568986,0.6211739269083029,0.40482543305511337,0.39240335018533956,1.0316564139014273,0.5885422408677989,0.7757161212304435,1.23162,0.7757161212304435,1.5395249999999998,0.0742599178317988,0.0,1.0,1.0,1.0,1.0,1.0,96462.75,0.00018673905907151678,-0.01266972901596597,0.3290006823571464,0.6107,0.7433295301396919
2025-02-10,615.81,622.42,596.24,618.65,360129.038,0,1,0.004611812084896361,0.07086600543525279,0.0023330795029243845,-0.08987259834642658,-0.11202813262523337,0.0046012102627876455,0.5888888888888889,0.07777777777777778,640.4975000000001,-0.03411020339657857,677.055,-0.08626330209510302,666.5838,-0.07190963836804917,611.9049,0.011023118134860465,616.8227897997515,641.2672390451578,1,1,0,42.54654363238975,0,0,-24.444449245406304,-22.946697026180026,-1.4977522192262782,0,728.4403297247723,552.5546702752279,640.4975000000001,0.27460787817211524,0.3757857799869842,34.574501416299974,0.05588701433168993,38.14313542903601,16.018690412212734,29.066423237408873,1,62.631967905405375,60.88773957474661,422667.0265714286,364729.01626666664,1.158852210053947,0,10289805.411700001,624.6310891315856,1001179.2115064692,0.6218824359676666,0.40474627172875527,0.3925048635969862,1.0311879145129224,0.592628446069534,0.7792935782127831,1.2372999999999998,0.7792935782127831,1.546625,0.04231795037581824,0.0,1.0,1.0,1.0,1.0,0.0,97430.82,0.010035687350816946,-0.03846597187050593,0.3300050786014845,0.6152,0.7463695255884505
2025-02-11,618.65,646.94,615.08,642.11,488539.291,0,1,0.03792128020690222,0.0485311647806137,0.12121741256176977,-0.0290039165872763,-0.07388871260853258,0.03721994391689284,0.9555555555555556,0.12222222222222222,637.827,0.006714986979227934,676.0139999999999,-0.050152807486235323,667.4278999999999,-0.03793353559238368,612.2109499999999,0.04883782297588782,620.713129830559,641.3296657825535,1,1,0,49.888567142579824,0,0,-20.616535951994592,-22.48066481134294,1.864128859348348,1,721.893032216537,553.760967783463,637.827,0.2636013596681765,0.5254740225455621,34.380608457992835,0.053543175558693736,36.4916561495669,20.05261827892878,27.142464425661572,1,75.01583614864863,66.260205518018,413948.1434285714,378406.6161333333,1.0939241698742257,0,10778344.7027,623.231420266134,1019705.2468525615,0.36195349258277315,0.42194408095059627,0.3960143623292053,1.065476712685071,0.5987028266580365,0.8088453883556295,1.28422,0.8088453883556295,1.605275,0.049617666754917404,0.0,1.0,1.0,1.0,1.0,0.0,95778.2,-0.016961983897908373,-0.0203034620515935,0.33415846196904464,0.5362,0.6708694718659304
2025-02-12,642.12,705.48,626.88,696.93,822216.623,1,0,0.08537478002211452,0.13172894236858768,0.22365025019752438,0.043355240504812986,0.012038220260222943,0.08192534672410554,1.0,0.4222222222222222,638.1865,0.09204754409565218,676.0146,0.030939272613342932,668.8722,0.041947923684075863,612.7876,0.13731087247849003,632.4388021643191,645.4482090579199,1,1,1,62.08231331843742,0,0,-13.00940689360084,-20.586413227794523,7.577006334193683,0,723.2429328518069,553.1300671481931,638.1865,0.26655666596459465,0.8453207360714752,37.53913642527906,0.0538635679699239,34.596859327941296,28.192436023901607,23.083086272974963,1,95.83901109597038,77.82893838334148,498971.20028571424,392926.1721333333,1.2698853771349092,1,11600561.3257,625.9031807386527,1089901.8101717124,0.4957289550083319,0.4874658117005127,0.430928811462981,1.1311980047135661,0.6246830799497994,0.8779003854583931,1.3938599999999999,0.8779003854583931,1.742325,0.1127803366191727,1.5573655604165806e-05,0.0,0.0,0.0,0.0,0.0,97869.99,0.021839938524633062,0.013016544558500431,0.33973719916055756,0.5447,0.783459439050584
2025-02-13,696.92,732.0,658.28,664.72,1766921.695,0,1,-0.04621698018452347,0.07446860098601804,0.162667039809697,-0.018906911871060972,-0.04889181416245758,-0.04731907594425711,0.9777777777777777,0.16666666666666666,637.4,0.042861625352996625,675.2545999999999,-0.015600930375002027,669.8873,-0.007713685570692197,613.1917,0.0840329378235225,637.4051402928853,646.8757491277037,1,1,0,53.798887262459594,0,0,-9.470608834818336,-18.363252349199286,8.89264351438095,0,721.0908926693323,553.7091073306676,637.4,0.2626008555674062,0.663219671392101,40.12348382347342,0.06036148126049076,33.45367811643114,29.213664850608193,20.0537148036194,1,71.00000000000001,80.61828241487302,703625.3062857144,446499.44166666665,1.575870517685898,1,9833639.6307,635.0223029174313,1008240.0252062927,0.668820905613878,0.504476596347693,0.44135999481816374,1.1430048084796012,0.6505291880961325,0.8373264807396771,1.32944,0.8373264807396771,1.6618000000000002,0.11090383921049468,-1.4348643335759553e-05,1.0,0.0,0.0,0.0,0.0,96608.14,-0.0128931248485874,0.0005570955632758778,0.3366887840862585,0.548,0.8222898444128393
2025-02-14,664.73,684.86,652.0,659.71,650460.875,0,1,-0.007537008063545514,0.027409633863356708,0.1419397275449621,-0.026215182960131034,-0.0767992835052268,-0.007565554837452379,0.9444444444444444,0.1111111111111111,636.0654999999999,0.037173058435019835,674.6608,-0.02216046937957557,670.5621999999998,-0.0161837335895161,613.61875,0.07511382271157793,640.836657170903,647.8264343775035,1,1,0,52.62277828146632,0,0,-6.989777206600479,-16.088557320679524,9.098780114079045,0,717.2811382335597,554.8498617664402,636.0654999999999,0.25536878901169685,0.64556617736601,39.60466355036818,0.06003344431700016,32.19008299070065,27.48233730889416,19.997868082423558,1,68.84051724137933,78.5598427791166,764737.7341428573,458757.5124333333,1.6669759369967572,0,9183178.7557,636.2880588910762,1003337.4963463969,0.6897498408003548,0.4995834861813499,0.4414760755687324,1.131620746464597,0.6528207497195915,0.8310155443025219,1.31942,0.8310155443025219,1.649275,0.04980976489669705,1.5043928270536323e-05,1.0,0.0,0.0,0.0,0.0,97500.48,0.009236695789816451,0.010296476517716924,0.3154337196738681,0.5328,0.8453828435105715
2025-02-15,659.72,671.43,653.46,662.21,255950.897,0,1,0.003789543890497349,-0.049818489661802356,0.08135338591420505,0.014197322878059193,-0.06480723061714444,0.003782381657742659,0.8777777777777778,0.14444444444444443,635.8075000000001,0.04152593355693337,674.068,-0.017591696980126557,671.2017,-0.01339642018189156,613.9888,0.07853758895927755,644.1248637599948,648.8918836828736,1,1,0,53.172899638364925,0,0,-4.767019922878831,-13.824249841119386,9.057229918240555,0,716.6362811885178,554.9787188114824,635.8075000000001,0.25425551346442976,0.6633236305915656,38.05933043962759,0.057473204028371035,31.0167446596652,26.55548067340985,19.323429204849067,1,69.91810344827587,69.9195402298851,731187.0700000001,458352.3848,1.595250934101827,0,9439129.6527,636.2132550262044,1004307.4335043905,0.6345173757721003,0.4995336253408129,0.4415732569390248,1.131258783205233,0.6531941871469699,0.8341647141813419,1.3244200000000002,0.8341647141813419,1.6555250000000001,0.02713640687999262,1.5158175561975572e-05,0.0,0.0,1.0,0.0,0.0,97569.66,0.0007095349684433927,0.011663881306538837,0.31520084706987206,0.5321,0.8446441704265633
2025-02-16,662.21,686.04,653.11,673.1,362205.963,0,1,0.016444934386372845,0.012606811890720993,0.09303194167032047,0.08951116866299791,-0.06741853247616936,0.016311180839651232,0.8888888888888888,0.14444444444444443,635.4755,0.05920684589728481,673.0874,1.8719708614394466e-05,671.9545000000002,0.0017047285195647265,614.4718,0.0954123525278133,648.5825770276879,650.6850774841423,1,1,1,55.59183518596465,0,0,-2.102500456454436,-11.479899964186396,9.37739950773196,0,715.5959328955396,555.3550671044604,635.4755,0.2521589987199808,0.734799654971002,37.692949693939894,0.05599903386412107,30.29106099204857,27.66695799246728,18.117594523595695,1,74.61206896551725,71.12356321839083,672346.3402857144,460767.54096666665,1.4591877259304469,0,9801335.615699999,636.0160470929959,1010263.8868002786,0.6338056048183341,0.49856038217351256,0.43365706477283317,1.1496650756391535,0.6566507918648106,0.8478824981734815,1.3462,0.8478824981734815,1.68275,0.04892289407220316,0.0,0.0,0.0,0.0,0.0,0.0,96118.12,-0.014876960727340904,-0.0035726744261386223,0.29193444155371795,0.5078,0.8685471628782959
2025-02-17,673.1,682.29,657.99,667.51,323350.276,0,1,-0.008304858119150271,0.01182337693835156,0.0789784207548696,0.08149576319243046,-0.059209042733115336,-0.008339535581072815,0.8555555555555555,0.17777777777777778,635.7864999999999,0.04989646681708414,672.5434,-0.007484126674947711,672.383,-0.007247357532834778,614.93385,0.08549887113874116,651.4944882541974,651.9313680408725,1,1,0,54.04843424973446,0,0,-0.4368797866750356,-9.271295928684125,8.83441614200909,0,716.3757565061296,555.1972434938702,635.7864999999999,0.2535104363056771,0.6968221409114697,36.73631043008704,0.05503484656422681,29.617211872118844,26.359751752440182,17.26157585244388,1,62.96232483344819,69.16416574908045,667092.2314285714,459196.53496666666,1.45273794689456,0,9477985.339699998,636.4357550846489,1007578.5086353105,0.6454071468223355,0.4969474981146697,0.4293638084105976,1.1574042534098317,0.6560044490498533,0.8408409543244401,1.3350199999999999,0.8408409543244401,1.668775,0.03640394900450923,0.0,0.0,1.0,0.0,0.0,0.0,95780.0,-0.0035177550289164916,-0.01694350925097421,0.29116951573021016,0.5177,0.8850139855172713
2025-02-18,667.52,668.3,629.65,648.18,366356.988,0,1,-0.028958367664904006,-0.02118663263919318,0.00945320895173718,0.13181651504304237,-0.05124489527071552,-0.02938593587864623,0.5777777777777777,0.2111111111111111,634.797,0.021082330256759128,671.3997999999999,-0.034584162819232246,672.5915,-0.036294690016154006,615.46025,0.05316305967769645,650.984566984321,651.6534889267338,1,1,0,48.98404452520684,0,0,-0.6689219424127941,-7.550821131429859,6.881899189017065,0,714.1996689462621,555.3943310537379,634.797,0.2501671209733572,0.5842729858933157,36.87300254222368,0.05688697976213966,27.957749893751537,24.386173844117906,21.459072169744193,1,50.91931139477687,62.83123506458079,649637.6167142857,447642.25796666666,1.4512428287381671,0,9111628.351699999,636.0635564196122,996969.4082801996,0.6548079145873604,0.49225162919366205,0.4316240518279914,1.140463852996384,0.6570782230970528,0.8164915728214042,1.29636,0.8164915728214042,1.62045,0.05962849825665707,1.4981048973035469e-05,0.0,1.0,0.0,0.0,0.0,95671.74,-0.0011302986009604776,-0.0011115264225052268,0.2787337882521289,0.4794,0.848185891708361
2025-02-19,648.19,664.44,636.99,653.38,352798.243,0,1,0.008022462896109195,-0.029297281236071893,-0.062488341727289676,0.1471863752084981,-0.0426806933231747,0.007990454020034385,0.12222222222222222,0.26666666666666666,633.5895,0.03123552394728756,670.4214,-0.02541893799929411,672.529,-0.028473121605164985,616.07915,0.0605455484088367,651.3530951405793,651.7813786358646,1,1,0,50.33230614000117,0,0,-0.4282834952853136,-6.12631360420095,5.698030108915637,0,710.964568329195,556.2144316708051,633.5895,0.24424353095875154,0.6278868014422977,36.19993093206485,0.055404100113356475,26.416820913839036,23.065333770698825,20.296774113420486,1,51.80530864954331,55.22898162592281,582577.8481428572,437127.6498333334,1.3327407871933532,0,9464426.5947,636.0395684398508,999799.7190944797,0.3537095292584425,0.4930601599493889,0.42958027990916087,1.1477718671202772,0.6540424143728429,0.8230418461693497,1.30676,0.8230418461693497,1.63345,0.042012305243503086,1.5427813261909642e-05,1.0,0.0,0.0,0.0,0.0,96644.37,0.01016632497746972,-0.01252293987155828,0.2790907634704508,0.4848,0.8580201984606257
2025-02-20,653.38,659.03,645.88,656.36,215894.368,0,1,0.004560898711316597,-0.01670386960494974,-0.012576724034179865,0.1480444973063737,-0.05179064156831026,0.0045505293299668076,0.4111111111111111,0.2111111111111111,632.534,0.03766754040099034,669.3918000000001,-0.01946812016520084,672.8393,-0.024492178147144446,616.87645,0.06400560436372638,652.1233881958747,652.1205357739487,1,1,0,51.129407144970486,0,0,0.002852421925922499,-4.900480398975576,4.903332820901499,0,707.9395651722575,557.1284348277425,632.534,0.23842375325992762,0.6579856867697469,34.55350729406022,0.05264413933521271,24.98595828963457,22.43833697058605,19.745036490707523,0,53.14087473671167,51.955164927010635,361002.5157142857,434517.34640000004,0.830812667676472,0,9680320.9627,635.6065780308965,1000784.3914392714,0.23655596807870086,0.4912123661558298,0.4275188111212576,1.148984216314418,0.6526014336488057,0.8267956566649032,1.31272,0.8267956566649032,1.6409,0.020034737034554172,0.0,1.0,0.0,0.0,0.0,0.0,98305.0,0.017182894357943512,0.017564358448470374,0.2591747312463074,0.4895,0.9295823200614207
2025-02-21,656.36,668.5,635.0,647.47,317327.155,0,1,-0.013544396367846878,-0.0010953747415840542,-0.018553606887874996,0.12075262675044574,-0.06908500115021843,-0.013636958452951214,0.36666666666666664,0.14444444444444443,632.2605000000001,0.024055749173006905,668.2162000000001,-0.031047137139147543,673.1072,-0.03808784098580435,617.7927999999999,0.04803746498826158,651.4074823195863,651.7760516425452,1,1,0,48.62245291064788,0,0,-0.3685693229589333,-3.994098183772248,3.6255288608133145,0,707.3936165262536,557.1273834737466,632.2605000000001,0.23766506535282053,0.6012170178957327,34.47825677305592,0.053250740224343854,23.24467422532503,20.881073352320367,20.628701645592347,0,46.628362166940285,50.524848517731776,313411.9842857143,437814.57713333337,0.715855525729256,0,9362993.8077,635.6097578465539,996486.3866736703,0.24540183747109398,0.4919782468863951,0.4056797407868235,1.2127256981879204,0.6577529557872975,0.8155972085758194,1.29494,0.8155972085758194,1.618675,0.05173984895053053,0.0,0.0,0.0,0.0,0.0,0.0,96181.98,-0.02159625654849706,-0.013523010348256759,0.25826370018797923,0.515,0.9831149439631415
2025-02-22,647.47,679.9,645.21,668.57,297923.184,0,1,0.0325883824733193,0.023248339404328355,0.009604204104438185,0.09173892454155053,-0.03069272479485019,0.03206864264796122,0.6111111111111112,0.36666666666666664,634.7990000000001,0.053199516697411235,667.29,0.0019182064769441868,673.5699000000001,-0.007422986092460522,618.71165,0.08058414610424758,654.0478696550346,653.0200478171715,1,1,1,54.34429747976999,0,0,1.02782183786303,-2.9897141794451922,4.017536017308222,0,711.2933393571345,558.3046606428657,634.7990000000001,0.2410033391896787,0.7207418240605422,34.49338128926621,0.05159277456252331,22.037652921264225,21.741767594587614,19.146823853103903,0,53.27784325279909,51.0156933854837,319408.0252857143,436705.63473333337,0.7314034898605217,0,9660916.991700001,636.8440765607367,1006195.2213415314,0.3230636598854717,0.5015743158566497,0.41124782765905277,1.2196400372781606,0.6625840811048161,0.8421762023530598,1.33714,0.8421762023530598,1.6714250000000002,0.051886863006117445,0.0,0.0,0.0,0.0,0.0,0.0,96551.01,0.0038367893861199764,-0.010440233162645085,0.25859423216336663,0.5206,1.0117543996951663
2025-02-23,668.57,671.1,648.49,658.42,166658.013,0,1,-0.015181656371060726,0.0031385215430554947,-0.021809537958698666,0.06919342004839169,-0.032375633771768775,-0.015298077529744384,0.36666666666666664,0.35555555555555557,636.8595,0.03385440587759142,666.1902,-0.011663636000649732,673.9604,-0.023058328056069895,619.62875,0.06260401893875969,654.7205050927215,653.4200442751588,1,1,0,51.3799788607025,0,0,1.30046081756268,-2.131679180043618,3.432139997606298,0,713.5787273916989,560.1402726083012,636.8595,0.24092983583254654,0.640515622569557,33.64456834003291,0.05109894647798201,20.916847424636334,20.698123511822587,18.227741753127333,0,45.801414260459595,48.56920656006634,291472.6038571429,432908.09166666673,0.6732898032351237,0,9494258.9787,645.5733423815876,1003665.0766566816,0.3172630940728892,0.5019763965641934,0.41188556694298867,1.2187278138679587,0.6644979930851973,0.8293905726450507,1.31684,0.8293905726450507,1.6460499999999998,0.03433978311715928,0.0,0.0,0.0,0.0,0.0,0.0,96258.0,-0.003034768875022631,0.0014552927169195762,0.25626368739884064,0.5356,1.0512844486063864
2025-02-24,658.41,659.56,610.6,614.2,360147.153,0,1,-0.0671607788341787,-0.05138462013684031,-0.07986397207532459,-0.0071930817101752975,-0.10518648018648014,-0.06952241756549314,0.07777777777777778,0.1111111111111111,638.935,-0.0387128581154576,664.2883999999999,-0.07540158762368855,673.8755,-0.08855567534359084,620.1142500000001,-0.00953735541474823,648.4865812323028,650.5148558103323,1,0,0,40.91015438801409,0,0,-2.0282745780294817,-2.110998259640791,0.08272368161130927,0,710.4116262862441,567.4583737137558,638.935,0.22373676911186316,0.32697140810099895,34.73852774431627,0.056558983627997834,20.352263497124838,18.614434320144795,24.183602686321734,0,2.965403624382227,34.01488704588032,296729.30057142855,440239.5542333333,0.6740178107988855,0,9134111.8257,648.6265130701106,979477.3133662895,0.5119438913074007,0.5385701705630983,0.4336841108423092,1.241848979703401,0.6772492513008581,0.7736880558284837,1.2284000000000002,0.7736880558284837,1.5355,0.07971344838814705,-1.5187874001383472e-05,0.0,0.0,0.0,0.0,0.0,91552.88,-0.04888030085811046,-0.04413363959072869,0.28896667642677487,0.6086,1.1323622096481591
2025-02-25,614.19,628.7,586.0,623.49,647434.612,0,1,0.015125366330185575,-0.06742749450319341,-0.03809127094325637,-0.028998146734983132,-0.06575063308209839,0.015012118492369405,0.24444444444444444,0.17777777777777778,641.632,-0.02827477432546996,662.1698,-0.05841371805237871,673.9214,-0.07483276239632684,620.6882,0.0045140216939841245,644.6409533504101,648.5130146391966,1,1,0,43.5143022321347,0,0,-3.87206128878654,-2.463210865469941,-1.4088504233165988,0,705.7800313026071,577.4839686973928,641.632,0.199952718388756,0.35859269854737846,35.30720433400797,0.05662834100628393,20.52954799975255,17.006433184190882,27.071237078343025,0,25.678082191780828,24.814966692207566,336883.2468571429,455291.13570000004,0.7399292901654946,0,9781546.4377,648.0577753579918,989269.999047631,0.5174952272445968,0.5360829704804649,0.43493665742297744,1.2325541232987458,0.6849321774279777,0.7853903710981786,1.24698,0.7853903710981786,1.558725,0.06848546087347038,-1.6281341582531593e-05,0.0,1.0,0.0,0.0,0.0,88680.4,-0.0313750916410277,-0.07307633372195399,0.29598525644318724,0.5493,0.9928516948206155
2025-02-26,623.49,632.14,594.07,611.57,428035.431,0,1,-0.01911818954594291,-0.0711551896965461,-0.06399032722152487,-0.12248001951415477,-0.10028834554388433,-0.019303305315013206,0.13333333333333333,0.12222222222222222,643.6245000000001,-0.049803107246539045,660.441,-0.0739975258955758,673.8478,-0.09242116691632733,621.13055,-0.015392174801255423,639.5531143734239,645.7764950362931,1,0,0,41.016507831820874,0,0,-6.223380662869204,-3.215244824949794,-3.0081358379194096,0,700.716746860491,586.5322531395093,643.6245000000001,0.1774085568852361,0.2192744920485645,35.504546881578825,0.05805475559883386,20.547478753160515,16.395978351191964,24.99785677297786,0,17.51369863013702,15.385728148766711,347631.41657142853,453336.72356666665,0.7668282724514522,0,9353511.0067,648.9496582757072,981086.7365453937,0.5134007154030243,0.5345995422634351,0.4262966534868403,1.2540552169263934,0.6841597186860552,0.7703751291159651,1.2231400000000001,0.7703751291159651,1.528925,0.06224961983092685,0.0,0.0,0.0,0.0,0.0,0.0,84250.09,-0.04995816437454048,-0.12824627032076463,0.3237835047697032,0.5407,0.8912654240178626
2025-02-27,611.57,619.77,595.84,605.41,295518.116,0,1,-0.010072436515852767,-0.014311299251058451,-0.07762508379547817,-0.08922553857263216,-0.08450150463488026,-0.010123506728255684,0.1,0.13333333333333333,645.0095,-0.0613936693955671,658.6286,-0.08080213947587463,673.7469,-0.10142814757292393,621.6406000000001,-0.026109298523938257,634.3003275467432,642.786384292864,1,0,0,39.74676550637142,0,0,-8.486056746120767,-4.2694072091839885,-4.216649536936778,0,696.4313964112235,593.5876035887765,645.0095,0.1594453923894874,0.114954885334053,34.677793532894626,0.05727984924744327,20.564128738467915,15.587812412351422,23.76569996261793,0,19.40223910435823,20.86467330875871,359006.2377142857,456434.2783,0.7865453029763949,0,9057992.8907,649.2670959634828,978110.1490826993,0.5040618762818316,0.5301739387651729,0.41998129840180287,1.2623751123745206,0.6848817538807879,0.7626155745345526,1.21082,0.7626155745345526,1.513525,0.03952693216167548,0.0,1.0,0.0,0.0,0.0,0.0,84708.58,0.005442011990729023,-0.13830852957631856,0.3254998627005985,0.5365,0.8722584827691303
2025-02-28,605.41,606.33,559.71,588.07,600999.319,0,1,-0.028641746915313404,-0.05680925115078017,-0.09174170231825407,-0.10859316972609179,-0.11961615042591733,-0.029059926023753305,0.07777777777777778,0.07777777777777778,643.7935,-0.08655492793884988,656.6804000000001,-0.10448065756188249,673.5736999999999,-0.12694037786807869,621.9899499999999,-0.05453456281729289,627.1879694626289,638.7333187896888,1,0,0,36.336752107361626,0,0,-11.545349327059967,-5.7245956327591845,-5.820753694300782,0,699.4399517334807,588.1470482665193,643.7935,0.17287049879652627,-0.0006923017022563369,35.53080828054501,0.060419351914814574,21.536986691867522,14.126899535749278,28.80165766679111,0,22.44914113828863,19.788359624261314,399530.83257142856,467949.71766666666,0.8537900921569211,0,8456993.5717,647.4552833719937,960896.4786916256,0.5151251707295952,0.5339488964915392,0.42189548381939324,1.2655951935245513,0.6968337420371106,0.7407729322550576,1.1761400000000002,0.7407729322550576,1.4701750000000002,0.07927627663373409,0.0,0.0,1.0,1.0,0.0,0.0,84349.94,-0.0042338096093689215,-0.12301722214493815,0.3134128815120962,0.53,0.9015959442109321
2025-03-01,588.07,609.48,586.4,607.93,292254.356,0,1,0.03377148978863054,-0.005951894304822125,-0.09070104850651406,-0.08196795578441896,-0.10272607855002736,0.033213755327001514,0.08888888888888889,0.13333333333333333,643.3995000000001,-0.05512826789576328,654.9748000000001,-0.07182688555345965,673.4344,-0.09726916237127185,622.4086,-0.023262210708528176,624.2252049299167,636.4515914719341,1,0,0,42.42894080963895,0,0,-12.226386542017394,-7.024953814610827,-5.2014327274065675,0,699.983886343717,586.8151136562832,643.3995000000001,0.1758919189204123,0.18657873406504957,34.641464831934655,0.056982653976501665,22.29047468998411,14.104117504078152,27.43099998371312,0,38.169872556004066,26.673750932883664,398721.0,472844.2155,0.8432396694932182,0,8749247.9277,648.1082603860481,970766.3436909624,0.5194305488973651,0.5424302162907102,0.4283677803868435,1.2662722107644535,0.6986914594746184,0.7657899377724031,1.21586,0.7657899377724031,1.519825,0.03796489727435731,0.0,0.0,0.0,0.0,0.0,1.0,86064.53,0.02032710396711601,-0.10861077476040903,0.3197589278472852,0.5469,0.926740205328302
2025-03-02,607.94,635.01,601.5,623.94,469069.23,0,1,0.026335268863191708,0.0306073569977372,-0.052367789556817645,-0.07303521022136383,-0.07901456891080039,0.02599446614112596,0.23333333333333334,0.16666666666666666,643.664,-0.030643317010116976,653.5196,-0.04526199367241612,673.3438000000001,-0.073370839681007,622.9113000000001,0.0016514389769457672,624.1813272483911,635.5248069184574,1,1,0,46.844911408185766,0,0,-11.343479670066358,-7.888658985701934,-3.4548206843644245,0,699.8090206443828,587.5189793556171,643.664,0.17445443785696524,0.32434773579539805,34.56064591536789,0.0553909765608358,21.85706643951741,18.403745773123056,25.53120742836151,0,52.398433675966764,37.67248245675318,441922.60242857144,482122.92779999995,0.9166181007925329,0,9218317.1577,648.0799923275345,983119.4079784628,0.5702999827181585,0.5491292847602565,0.4318223592632081,1.2716555152382611,0.7038584601461184,0.7859572216763662,1.24788,0.7859572216763662,1.5598500000000002,0.053707087219924975,1.6449262250760107e-05,0.0,0.0,0.0,0.0,0.0,94270.0,0.09534090292481712,-0.020652828855783456,0.43123605615969485,0.5083,0.6464214302927457
2025-03-03,623.94,624.36,567.5,576.1,497949.879,0,1,-0.07667403917043314,-0.02035471967622904,-0.06203191142950182,-0.13694176866264174,-0.11768309492449536,-0.07977295316185906,0.2,0.08888888888888889,640.3635,-0.10035472040489506,651.1748,-0.11529131655586178,672.6006,-0.14347385357669912,623.1958,-0.07557143356871138,616.7841999794078,631.122969368942,1,0,0,37.5710635796026,0,0,-14.33876938953415,-9.178681066468378,-5.1600883230657715,0,704.1358980137278,576.5911019862723,640.3635,0.19917561826596222,-0.0038504274699420445,36.153456921413046,0.0627555232102292,22.333888696642735,16.336294821842117,29.380464993053803,0,13.636741825443044,34.73501601913798,461608.70614285715,492808.87803333334,0.9366891034613913,0,8720367.2787,645.6849419394171,944939.5794511043,0.6182800941935869,0.5851873387462804,0.4602273989567887,1.2715178193926353,0.7187130177277203,0.7256947068752677,1.1522000000000001,0.7256947068752677,1.44025,0.0986981426835619,0.0,1.0,1.0,0.0,1.0,1.0,86220.61,-0.08538654927336375,-0.05824251514534551,0.49241593649708376,0.5888,0.6956305502041562
2025-03-04,576.09,588.75,546.83,584.01,488869.851,0,1,0.013730255164033922,-0.03934663530340654,-0.06332098349612669,-0.09900027770063868,-0.05469407575267071,0.013636849230958942,0.17777777777777778,0.3,634.7175,-0.07988987226600808,649.0822000000001,-0.1002526336417792,671.8442000000001,-0.13073596527290124,623.51735,-0.0633620700370246,611.7420153671912,627.6331197860574,1,0,0,39.696792835251735,0,0,-15.89110441886612,-10.521165736947928,-5.3699386819181925,0,697.3883456939925,572.0466543060074,634.7175,0.19747634402389264,0.09544586132128202,36.56535285559782,0.06261083347134094,23.224636132700024,14.998538438016798,31.012319901461982,0,27.94018185917184,31.325119120193904,438956.59742857143,492213.58629999997,0.8918010588213043,0,9209237.1297,639.0537058937011,951651.8872473375,0.6160740771939183,0.5666489499216699,0.4604525921622253,1.2306347267169468,0.7089948828675259,0.735658680371854,1.16802,0.735658680371854,1.460025,0.07177959281519145,-1.7358097552492457e-05,1.0,0.0,0.0,1.0,1.0,87281.98,0.012309933784973248,-0.015769211686009532,0.48915298089514103,0.5792,0.6674440110050692
2025-03-05,584.01,606.06,580.57,598.24,206205.988,0,1,0.02436602112977515,-0.041189857999166635,-0.021796360187713693,-0.08439193118858856,-0.030735082062831154,0.02407390525950709,0.4777777777777778,0.4777777777777778,631.3934999999999,-0.052508459463076355,647.0692,-0.07546209895324953,671.4645999999999,-0.10905206320631036,623.80055,-0.04097551693405854,609.6647822337773,625.4558516537568,1,0,0,43.428703552762904,0,0,-15.791069419979522,-11.575146473554247,-4.215922946425275,0,694.4152076302424,568.3717923697574,631.3934999999999,0.19962735641162774,0.23696761602751015,35.77425622305512,0.05979917127416274,23.34557181541377,17.691391179476195,29.433962170537477,0,38.63380175847298,26.736908481029303,407266.677,454391.8897333333,0.8962894941611096,0,9415443.1177,627.1680303834681,956676.3067080317,0.6410921172581533,0.5716234061330808,0.4638723282683861,1.2322860651484095,0.6080913244082236,0.7535837553220971,1.19648,0.7535837553220971,1.4956,0.042608317732013734,0.0,0.0,0.0,0.0,1.0,1.0,90606.01,0.038083806073143656,0.07544110635371437,0.48984298097935614,0.6061,0.7034890492638964
2025-03-06,598.25,612.9,589.2,596.5,223701.39,0,1,-0.00290853169296601,0.03541051900711678,-0.014717299020498453,-0.09119995124626734,0.041575721594579784,-0.0029127696908327607,0.5333333333333333,0.6888888888888889,628.233,-0.050511514040172914,644.7074,-0.0747740758055515,671.2945,-0.1114183119331381,624.12705,-0.04426510595879485,607.6394311208885,623.3109737534785,1,0,0,43.07765120494461,0,0,-15.67154263258999,-12.394425705361396,-3.277116927228594,0,691.6143873060716,564.8516126939282,628.233,0.20177668892296874,0.24966625575139437,34.91180934997975,0.058527760854953474,23.18782391348414,18.232988572562842,28.00672324964752,0,37.32621928308408,34.633400966909655,397007.14471428574,443529.55363333336,0.8951086606564491,0,9191741.727699999,622.8254355754003,956025.6641254561,0.6392542196077132,0.5271863926657531,0.46383410329688907,1.1365839400737503,0.5843780344850731,0.7513919330864384,1.193,0.7513919330864384,1.49125,0.03973176865046091,1.671569938484706e-05,0.0,0.0,0.0,1.0,1.0,89931.89,-0.007440124556858829,0.06166211262188548,0.4806436213723454,0.5865,0.642540506197188
2025-03-07,596.49,610.2,577.23,594.77,289363.933,0,1,-0.0029002514668902135,0.018424342048937392,0.011393201489618532,-0.08139373252814808,0.0442805723817048,-0.002904465345686798,0.7222222222222222,0.7,624.861,-0.04815630996333586,642.4408,-0.07420263470190559,670.8008,-0.11334333530908133,624.3089,-0.04731455854625813,605.6595186407518,621.1968275495171,1,0,0,42.7080053473279,0,0,-15.53730890876534,-13.023002346042185,-2.5143065627231547,0,687.8056362917039,561.9163637082961,624.861,0.2014676425371527,0.2609724849266783,34.773108682124054,0.05846479930414119,23.345304446086818,16.998164028087782,28.56877155328761,0,36.02615164950775,37.32872423035496,352487.8038571429,445606.51056666666,0.7910292949016678,0,8902377.794699999,620.2647299971837,955186.4359543078,0.6116216706811948,0.5269468458521961,0.45935113067049743,1.147154781317359,0.5895446667738498,0.749212707530295,1.18954,0.749212707530295,1.486925,0.055433192662710004,-1.676445934617084e-05,0.0,0.0,0.0,1.0,1.0,86801.75,-0.034805673493573885,0.029067122039446502,0.4891342400204112,0.5796,0.6236231326018022
2025-03-08,594.77,602.77,590.11,593.1,117220.631,0,1,-0.0028078080602584876,-0.008591869483819181,-0.02439425591762201,-0.11288271983487153,0.03739592807668091,-0.0028117573476030087,0.43333333333333335,0.6888888888888889,620.8610000000001,-0.044713712086924574,639.8676,-0.07308949538935869,670.1935000000001,-0.11503170353039839,624.4274,-0.050169803567236174,603.7272850037131,619.1155810643677,1,0,0,42.330397314548314,0,0,-15.388296060654625,-13.496061088964673,-1.8922349716899518,0,681.0036188847469,560.7183811152534,620.8610000000001,0.1937394002353079,0.2692069241846669,33.19360091911519,0.055966280423394354,23.491536369217876,16.535086914606154,27.790479012707813,0,37.23344330892411,36.86193808050533,327482.986,438369.0998333333,0.747048517161698,0,8785157.1637,617.2161338761443,954857.3029217575,0.5702553372322653,0.5270383013177501,0.45148468556068877,1.1673448029875764,0.587283561423336,0.7471090620512433,1.1862000000000001,0.7471090620512433,1.48275,0.0213454729387961,0.0,0.0,0.0,1.0,1.0,1.0,86222.45,-0.006673828580645025,0.0018349022529955406,0.4891808410789975,0.5798,0.6239093812476691
2025-03-09,593.1,593.1,550.2,554.65,246382.904,0,1,-0.06482886528410059,-0.07015926236378878,-0.11105234477674142,-0.1576045685124996,-0.03991622094130287,-0.0670257346600124,0.05555555555555555,0.4,615.2180000000001,-0.0984496552441575,636.7702,-0.12896363554701534,669.1933,-0.17116623851434262,624.35015,-0.11163631497485828,596.1769334646802,614.3403528373775,1,0,0,34.71900995472424,0,0,-18.163419372697263,-14.429532745711192,-3.73388662698607,0,678.0499190087003,552.3860809912999,615.2180000000001,0.20425903991333216,0.018015676143733728,33.88691513917839,0.06109603378559162,24.547309452288808,15.039871714025086,33.68990833280254,0,6.936928945267403,26.732174634566437,295670.6537142857,439159.40063333337,0.6732649996513441,0,8538774.2597,612.9353361414591,938884.578830036,0.6371891544235277,0.5619368531782409,0.4703301289733272,1.1947711162048664,0.5988499287063968,0.6986748293149925,1.1093,0.6986748293149925,1.386625,0.07734607410078424,0.0,1.0,1.0,1.0,1.0,1.0,80734.37,-0.0636502442229373,-0.14358364272833357,0.5193415578217582,0.6282,0.6771001518808458
2025-03-10,554.65,573.4,523.01,531.49,410154.62,0,1,-0.04175606238168206,-0.1063940682953074,-0.07743447318173935,-0.1346629762292414,-0.13210535769689247,-0.042652901255110995,0.13333333333333333,0.07777777777777778,609.3835,-0.12782344779601026,633.7361999999999,-0.16133873999938766,667.9739,-0.20432519893367085,624.0931,-0.14838026570074245,586.2250975470372,608.2032896642384,1,0,0,31.09246153799488,0,0,-21.97819211720116,-15.939264620009187,-6.038927497191974,0,680.4584707295794,538.3085292704206,609.3835,0.23326844500902758,-0.047967162001116115,35.06570691495136,0.06597623081328222,26.023346463944176,13.496118566932562,35.7704219272776,1,7.571428571428588,17.247266941873388,283128.47385714285,436471.03643333336,0.6486764303325954,0,8128619.6397,606.8779207241332,921758.1369311808,0.5092263335091406,0.5447157958311638,0.47649349486005266,1.1431757237129716,0.5951187827005577,0.6695009195576046,1.06298,0.6695009195576046,1.328725,0.0948089333759807,0.0,1.0,1.0,1.0,1.0,1.0,78595.86,-0.026488223045525672,-0.08843303242693368,0.5226706018263293,0.6606,0.6839811895824724
2025-03-11,531.49,566.0,507.0,551.61,691870.521,0,1,0.0378558392443884,-0.06995447647951447,-0.0554785020804438,-0.11528653226194485,-0.10425293515857159,0.0371568919043022,0.26666666666666666,0.15555555555555556,604.2950000000001,-0.08718423948568176,631.1182,-0.12597988776111985,666.9301,-0.17291182389278878,623.8926500000001,-0.11585751170493848,580.899697924416,604.011194133554,1,0,0,37.22688732005818,0,0,-23.111496209137954,-17.373710937834943,-5.737785271303011,0,676.6676803646094,531.9223196353907,604.2950000000001,0.23952764912703006,0.1360159680795563,36.77529927816912,0.06666902209562757,27.654367298170744,11.949523412268693,34.78090896669762,1,34.848839934380145,16.45239915035873,312128.5695714285,433730.3514333333,0.7196373704075546,0,8820490.1607,598.4809915047334,947949.476152088,0.5735121511446447,0.557446606727905,0.4830090941677882,1.1541120311375723,0.6120951469240345,0.6948454387423475,1.10322,0.6948454387423475,1.379025,0.10695962727289207,0.0,1.0,1.0,1.0,1.0,1.0,82932.99,0.055182677560879245,-0.04982689439446708,0.5520556496112728,0.6807,0.6832244915646536
2025-03-12,551.61,574.95,544.63,569.87,367224.211,0,1,0.03310309820344082,0.027440728387271296,-0.04742243915485422,-0.06818516277776876,-0.07884910692637193,0.03256698980733989,0.3,0.2111111111111111,599.9705,-0.05016996669002894,628.6714,-0.09353280585056033,666.1505999999999,-0.14453278282718643,623.8395,-0.08651183517555402,579.2028213206597,601.4822167903278,1,0,0,42.25152957352332,0,0,-22.27939546966809,-18.354847844201572,-3.9245476254665164,0,669.5252697785519,530.4157302214481,599.9705,0.2318606324095997,0.2836201593662532,36.31420647258562,0.06372366763048698,28.759335756080155,12.997303924720987,32.7066378002281,1,49.113350519490666,30.511206341766485,335131.17285714287,433966.8572,0.7722506161402384,0,9187714.3717,595.1215284172202,960105.735271502,0.5954030912570468,0.5668652480441639,0.48842827844306325,1.1605905576375104,0.6147831077376475,0.7178469755372484,1.13974,0.7178469755372484,1.424675,0.05320511695649894,0.0,1.0,1.0,1.0,1.0,1.0,83680.12,0.009008839546240877,-0.07643963132246967,0.5518296479274111,0.68,0.6945214558231712
2025-03-13,569.87,613.71,567.99,579.8,647497.028,0,1,0.017425026760489182,0.09089540725131218,-0.02799664710813088,-0.04230191110156756,-0.09703944806964548,0.017274951846355403,0.43333333333333335,0.18888888888888888,596.587,-0.028138393897285785,626.3570000000001,-0.07432981510544326,664.6022,-0.12759843407078714,623.869,-0.07063822693546253,579.2946949636352,599.8761266577109,1,0,0,44.83741483893365,0,0,-20.581431694075718,-18.800164614176403,-1.7812670798993153,0,662.9219532694726,530.2520467305274,596.587,0.2223814909459061,0.37346791417937564,36.98604886740093,0.06379104668403059,28.22853845794567,19.335143973405366,29.818777713177024,1,56.8705569877353,46.94424914720205,395673.40685714287,439265.4484333333,0.9007615059830814,0,9835211.3997,592.1945688326447,971388.3883117393,0.6131937598103245,0.5575188077161664,0.49023945214005216,1.137237742255174,0.6232096269869054,0.7303554782959212,1.1596,0.7303554782959212,1.4494999999999998,0.07885477750948608,0.0,1.0,1.0,1.0,1.0,1.0,81115.78,-0.030644554525017353,-0.09803096543395229,0.5559298391184003,0.6861,0.6837286205623455
2025-03-14,579.8,589.81,576.61,587.76,213012.082,0,1,0.013728872024836303,0.06553543264262784,-0.011786068564318963,-0.0005271481286241997,-0.15664413929662946,0.013635484824467022,0.6,0.05555555555555555,592.5465,-0.008077847055041328,624.3174,-0.05855579229411198,663.0844999999999,-0.11359713580999097,624.0668000000001,-0.05817774635664013,580.5970495846144,598.9786357941767,1,0,0,46.89042042919411,0,0,-18.38158620956233,-18.716448933253588,0.33486272369125913,1,649.617830169958,535.4751698300421,592.5465,0.19263072238198334,0.4580656348314829,35.287045376872285,0.06003648662187336,27.735655252535082,18.818515890526974,29.022030712744822,1,63.08882118584485,56.35757623102362,384765.9995714286,418958.6304,0.9183866178006022,0,10048223.481700001,589.1721935209969,974312.8039252613,0.6224594730470199,0.49872928603736505,0.49134699831025785,1.015024591078189,0.589634798227017,0.7403824351900838,1.17552,0.7403824351900838,1.4694,0.022458146182115033,0.0,1.0,1.0,1.0,1.0,1.0,83983.2,0.03534971863674374,-0.03247111953388038,0.5629179154632338,0.7135,0.6212711274139457
2025-03-15,587.76,619.96,587.49,619.83,254324.009,0,1,0.054563086974275254,0.08766911751803041,0.04506828528072848,0.019574622078200044,-0.0675321940064989,0.053126545580804305,0.8777777777777778,0.28888888888888886,590.617,0.049461833980396906,623.105,-0.0052559359979457345,662.1118000000001,-0.06385900387215585,624.49945,-0.0074771082664684225,586.6328881100584,600.5231812909044,0,0,0,54.27418076392545,0,0,-13.890293180846015,-17.751217782772073,3.860924601926058,0,640.4631029886772,540.7708970113227,590.617,0.16879332287650786,0.7930319347796954,35.08582784995284,0.056605565800223995,26.231188189910327,23.712561102243882,27.103581431186228,1,88.14155144129369,69.3669765382913,404352.1964285714,368538.70753333333,1.0971770079049263,0,10302547.4907,588.3167854546483,988189.5069479746,0.7034555707703748,0.5106769334746754,0.5032939779839463,1.0146692704734976,0.5677140263011858,0.7807799863955862,1.23966,0.7807799863955862,1.5495750000000001,0.05238533146185249,0.0,1.0,1.0,1.0,1.0,0.0,84338.44,0.004229893597767154,-0.021850573719489508,0.5628817768558086,0.6979,0.6245823145833319
2025-03-16,619.82,622.8,593.06,602.2,255774.316,0,1,-0.028443282835616257,0.03863401172818226,0.0857297394753449,-0.03484309388723272,-0.08717466765700077,-0.028855630845192843,0.9333333333333333,0.2111111111111111,590.017,0.020648557583934007,621.4209999999999,-0.030930721684654834,660.8316,-0.08872396537937946,624.8254499999999,-0.03621083296142929,589.0278284008186,600.6473900841708,0,0,0,50.14669943076516,0,0,-11.619561683352117,-16.524886562888085,4.905324879535968,0,638.94835776403,541.0856422359701,590.017,0.16586423023075583,0.6244907208456402,34.70398300352764,0.05762866656181939,24.74195152245277,22.845613336915278,25.444528323812477,0,81.11792774369464,77.4494334569444,405693.8267142857,355382.48890000005,1.1415695465750497,0,10046773.174700001,587.0336291894286,980914.4457359003,0.5587529419023578,0.5162705805894859,0.5036811388565308,1.0249948643332885,0.5676511979177089,0.7585720404101479,1.2044000000000001,0.7585720404101479,1.5055,0.04938558618399204,-1.613345594758386e-05,1.0,1.0,1.0,1.0,0.0,82574.53,-0.020914662400679962,0.022792770910332383,0.5635455862536372,0.7047,0.6369702869665312
2025-03-17,602.21,643.72,602.04,631.69,591668.184,0,1,0.04897044171371645,0.0747413910439636,0.18852659504412128,0.09649366429439343,-0.046088098941423405,0.04780915143252816,0.9888888888888889,0.4444444444444444,590.427,0.06988670911052515,620.7074,0.017693683046150325,659.6513,-0.04238800105449642,625.3019,0.010216025251162691,595.5912394160773,602.9468426705286,0,1,1,56.15338691114197,0,0,-7.355603254451239,-14.691029901200716,7.335426646749477,0,640.659416918496,540.194583081504,590.427,0.17015623241652575,0.9107208306037792,35.2022699318471,0.05572712870529389,23.249724558085852,25.158359561040808,23.292621759285073,0,91.20099473376246,86.82015797291695,431624.3358571428,366573.0651333333,1.1774578574128147,0,10638441.358700002,587.8653004229865,1009888.6980543328,0.43978024494171447,0.5366916796210323,0.514060471328362,1.0440244087124417,0.5775586337361817,0.795719648300708,1.2633800000000002,0.795719648300708,1.579225,0.06598173154553667,1.6605778811011132e-05,0.0,0.0,1.0,1.0,0.0,84010.03,0.017384295133135996,0.06888619833156606,0.5670529670698926,0.7037,0.6585104840449872
2025-03-18,631.68,643.33,620.28,627.81,443437.833,0,1,-0.006142253320458035,0.012874497846183441,0.13814107793549768,0.07499871577541484,-0.06728569306195231,-0.006161194559473845,0.9555555555555556,0.32222222222222224,591.2389999999999,0.061854850576501266,619.6687999999999,0.013137985969279117,658.5094,-0.046619531930751607,625.76495,0.0032680801313655335,600.5479718136039,604.7885580282672,0,1,1,55.21083117200633,0,0,-4.240586214663267,-12.600941163893227,8.36035494922996,0,643.3985325697485,539.0794674302514,591.2389999999999,0.1764414477723849,0.8505687090954728,34.334250651000886,0.05468891965881539,21.864085234030856,23.951942027348004,22.175671855302003,0,88.36307782328842,86.8940001002485,396133.9518571429,369280.7941333333,1.0727174501095607,0,10195003.525700001,588.958301581198,1007164.9905521718,0.4642579922575352,0.5341304678285387,0.5122545152284116,1.0427052411443807,0.5746968609631753,0.7908321366487793,1.25562,0.7908321366487793,1.5695249999999998,0.036714929676176025,-1.5830549795159953e-05,1.0,0.0,1.0,0.0,0.0,82715.03,-0.015414826063030795,-0.0026281459284177577,0.5671417980427259,0.7138,0.6647860102777564
2025-03-19,627.81,628.2,604.36,618.7,399993.645,0,1,-0.014510759624727032,0.027399535038193257,0.08568620913541691,0.03420032094142833,-0.07312250003745258,-0.014617070383744603,0.9,0.28888888888888886,591.9035,0.04527173770724457,618.817,-0.0001890704360092916,657.8045,-0.05944699374966258,626.19395,-0.011967458325012446,603.3405915345879,605.8190352113585,0,0,0,52.96294385224621,0,0,-2.478443676770553,-10.576441666468693,8.09799798969814,0,645.1504678998368,538.6565321001632,591.9035,0.17991773287313495,0.7516246563598428,33.584661318786544,0.05428262699011886,20.559720232852165,22.73749668340301,24.43718891444061,0,81.69982445874781,87.08796567193292,400815.29957142856,371835.5731,1.077936939249314,0,9795009.880700001,589.7261189483303,1001360.7789181584,0.489766147738034,0.5350541103371792,0.511973320537692,1.0450820167254946,0.5751754660087852,0.7793565616103596,1.2374,0.7793565616103596,1.54675,0.03853240665912402,0.0,1.0,1.0,0.0,0.0,0.0,86845.94,0.04994146771149088,0.03783240272599997,0.5886035015281774,0.6676,0.6002599450533623
2025-03-20,618.71,637.75,616.55,630.47,578472.125,0,1,0.019023759495716774,-0.0019313270749893308,0.08739220420834792,0.05694886839899427,-0.02732265728655614,0.018845070451311164,0.9111111111111111,0.6444444444444445,594.0235,0.061355316750936646,618.067,0.020067403695715868,657.3412,-0.04087861828834087,626.7843,0.005880332356761324,607.5143466831129,607.6450326031097,0,1,1,55.484695811139716,0,0,-0.13068591999683576,-8.487290517174321,8.356604597177485,0,649.9373044437004,538.1096955562996,594.0235,0.18825452004407378,0.8259168318326289,32.70004265315894,0.05186613582431985,19.16173510469359,23.770621308539415,23.305542498472896,0,90.30866003510826,86.79052077238151,390954.5991428572,378906.07766666665,1.031798174234592,0,10373482.005700001,593.0194645097712,1012365.4934991346,0.4906006792322361,0.5322715028986925,0.5083325742589648,1.0470930446954443,0.5688034201463643,0.7941828533998438,1.26094,0.7941828533998438,1.576175,0.03362570780528819,1.6162922256329247e-05,0.0,0.0,1.0,0.0,0.0,84223.39,-0.030197727147636355,0.038310794767676626,0.593979462418403,0.6516,0.5772796276418285
2025-03-21,630.47,637.8,624.92,635.17,262205.569,0,1,0.0074547559757005555,0.01172329207881373,0.08066217503743012,0.06792541654757289,-0.02787045823257528,0.007427106610193264,0.8666666666666667,0.6333333333333333,595.3855,0.06682141234544674,617.2198,0.029082346353762462,656.5808000000001,-0.03260954325804243,627.3286499999999,0.01249958853306004,611.7690625780185,609.6839190769534,0,1,1,56.487875206481654,0,0,2.0851435010650903,-6.372803713526439,8.45794721459153,0,653.9880364908197,536.7829635091803,595.3855,0.19685577324546774,0.8394434983734224,31.28432532079044,0.04925346808065627,17.865372619118904,23.082998081056303,22.620180136371836,0,93.74634289057924,88.58494246147846,397982.24014285713,375886.32186666667,1.0587835124365825,0,10635687.574700002,594.0613293453067,1014320.1720314992,0.49112878450090275,0.5321920202876045,0.5086498120808621,1.046283725359953,0.5651595790402502,0.8001032927720252,1.27034,0.8001032927720252,1.5879249999999998,0.020278035801438977,0.0,1.0,0.0,0.0,0.0,0.0,84088.79,-0.0015981308755205204,0.0012572752645767515,0.5925934410260514,0.6505,0.5775028402118264
2025-03-22,635.16,636.1,623.79,627.01,140206.083,0,1,-0.012846954358675555,0.01343138839502167,0.011583821370375613,0.05717416961726518,-0.04471631421780731,-0.012930190129392909,0.6888888888888889,0.4777777777777778,595.539,0.05284456601498811,616.2106,0.017525501833301784,655.7932000000001,-0.04389066553297606,627.8702000000001,-0.0013700283912185625,614.1138221814003,610.9673324786606,0,0,1,54.203973714439456,0,0,3.1464897027397,-4.468945030273211,7.615434733012911,0,654.4716116134259,536.606388386574,595.539,0.19791352577556107,0.7670083603831866,29.929016369305412,0.04773291712940051,16.61800836591025,22.404841799369304,22.22530672886576,0,87.77794031597423,90.61098108055393,381679.67928571434,373363.37903333333,1.0222740116449358,0,10495481.491700001,593.0588834853685,1012518.9508823896,0.4061992776326147,0.5330351509594697,0.5081921732725511,1.0488850064866997,0.5650943162969687,0.789824402287557,1.25402,0.789824402287557,1.567525,0.019632860719924816,-1.574381661600974e-05,1.0,1.0,0.0,0.0,0.0,83840.59,-0.0029516419489445944,-0.00590300223717688,0.58921593232717,0.6493,0.5809110425392876
2025-03-23,627.01,629.14,619.5,623.79,155602.578,0,1,-0.005135484282547398,-0.010595270195251305,0.03585187645300558,0.12465518795636887,-0.03657312307906169,-0.005148716202942078,0.8111111111111111,0.5555555555555556,597.9235000000001,0.04326055088987112,615.6276,0.013258664816197217,654.7739,-0.047319998552172074,628.45115,-0.007416885146920362,615.6024649227234,611.9171597024636,0,0,1,53.28837535618477,0,0,3.6853052202598064,-2.8380949801666078,6.523400200426414,0,657.4010992418905,538.4459007581097,597.9235000000001,0.19894718719665774,0.7174474115439914,28.479800914355025,0.04565607161761975,15.575179799728494,21.863147917059457,22.763904101236857,0,85.42276184903447,88.98234835186265,367369.431,367972.5598,0.9983609408257839,0,10339878.913700001,594.0181298338633,1011719.8562887467,0.3528335081519438,0.5319256767346981,0.5080635822966829,1.046966748394261,0.558610912585162,0.7857682714836368,1.24758,0.7857682714836368,1.559475,0.015453918786771168,0.0,0.0,0.0,0.0,0.0,0.0,86082.5,0.02674015056430301,0.042482470078848866,0.5937559111956722,0.6359,0.5632633145306721
2025-03-24,623.8,639.5,618.0,637.08,307575.991,0,1,0.02130524695811098,0.0030070689736607648,0.008532666339502004,0.19866789591525724,-0.04710052799258124,0.021081463117467794,0.6333333333333333,0.4666666666666667,600.577,0.060779883345516136,616.0132,0.03419861782182599,653.9868,-0.025851897928215028,629.12455,0.012645270320479532,618.9067010884582,613.7810737985774,0,1,1,56.550583170443254,0,0,5.1256272898808675,-1.2453505261571127,6.37097781603798,0,662.1397238889864,539.0142761110136,600.577,0.2050119264939763,0.7964699877950856,27.98124370618681,0.04392108323316822,14.748447222489045,23.307846081213945,21.514536735941018,0,95.14335868929199,89.44802028476691,326784.832,368294.3200333333,0.8872926195832278,0,10647454.904700002,597.2107276793461,1018272.8387353874,0.2327417955466946,0.5268759930936906,0.510023300003779,1.0330429866435253,0.55432862417988,0.8025092585594438,1.2741600000000002,0.8025092585594438,1.5927,0.0337477239907076,1.603103608584765e-05,1.0,0.0,0.0,0.0,0.0,87498.16,0.01644538669299811,0.041520399409451514,0.596140136106736,0.6454,0.5637773769875534
2025-03-25,637.08,644.88,627.05,629.82,554571.557,0,1,-0.011395743077792453,0.004481587215515059,0.0032016055813066657,0.14178495676293035,-0.04343731964399611,-0.011461172107819101,0.6111111111111112,0.5111111111111111,602.1560000000001,0.04594158324420912,616.2654,0.021994744472105768,653.0962999999999,-0.035639920177162054,629.83765,-2.8023094522855647e-05,620.5856701517723,614.9691424060901,0,0,1,54.31889307696087,0,0,5.61652774568222,0.12702512821075362,5.489502617471466,0,665.0714474881296,539.2405525118705,602.1560000000001,0.20896726923963066,0.7198506178090798,27.256154870030613,0.043276102489648804,14.19980365156499,23.62866773194545,20.509248227106895,0,84.97755610972574,88.51455888268409,342661.07828571426,381224.7715,0.8988426353761072,0,10092883.347700002,600.1226319896623,1011953.083753564,0.24179185296065447,0.5261265022115268,0.5098262880362124,1.0319720943345247,0.5532661787278463,0.7933640692313506,1.25964,0.7933640692313506,1.5745500000000001,0.02830967578038176,0.0,0.0,0.0,0.0,0.0,0.0,87392.87,-0.0012033395902268929,0.056553688005674285,0.5961520377182857,0.6458,0.5632465675930968
2025-03-26,629.82,634.01,615.3,617.99,222093.835,0,1,-0.018783144390460804,-0.009298000929800043,-0.0011475674802005065,0.08444031094811089,0.00617062845978511,-0.018961788178761593,0.5888888888888889,0.8111111111111111,603.2305,0.02446742994593278,617.1714,0.001326373840395165,652.0704000000001,-0.05226490881966127,630.4601,-0.019779364308700902,620.1863362822689,615.1929096352686,0,0,1,50.80085431030081,0,0,4.9934266470003195,1.100305431968667,3.8931212150316528,0,666.4724139744989,539.9885860255011,603.2305,0.20967744162305738,0.6166908073493119,26.645715236457,0.043116741753842294,13.215139277335451,22.443560618792834,22.630393244900016,0,65.02796202367018,81.71629227422932,317246.8197142857,376622.99423333333,0.8423458593123987,0,9870789.5127,600.8342201879688,1007781.4631825279,0.2542520459274257,0.4883579136776144,0.5106620475792066,0.9563231025150097,0.5392568792380249,0.7784621973647746,1.23598,0.7784621973647746,1.544975,0.030275570802116597,0.0,0.0,0.0,0.0,0.0,0.0,86909.17,-0.005534776464029556,0.0007280708804580094,0.5798847748027348,0.6176,0.5155729151108333
2025-03-27,618.0,642.5,617.2,637.36,743401.847,0,1,0.031343549248369795,0.0004395052426695578,0.010928355036718518,0.09927561228009663,0.0222457457216636,0.030862368975110886,0.6888888888888889,0.8666666666666667,605.36,0.05286110744020087,618.5276,0.03044714577005134,651.2671,-0.02135391147503077,631.1314,0.009868943297703187,622.828438392689,616.8349163289524,0,1,1,55.84366107975787,0,0,5.993522063736577,2.078948758322249,3.9145733054143284,0,670.249153744553,540.470846255447,605.36,0.21438203298715813,0.7465743360282778,26.54959271956721,0.04165556784167066,12.611493146848119,23.20003688921603,21.090017317524147,0,88.98491284605247,79.66347699314947,340808.20857142855,379821.9020666667,0.897284244844863,0,10614191.3597,604.1737821418468,1031082.3155853015,0.29838206522638705,0.4946540570821104,0.5119585270898925,0.9661994691129664,0.5298113985367232,0.8028619655858715,1.27472,0.8028619655858715,1.5934,0.03969499184134548,1.6181491609881882e-05,0.0,0.0,0.0,0.0,0.0,87232.01,0.003714682811951864,0.03572190575563394,0.5728350236201516,0.6345,0.5433439419412698
2025-03-28,637.36,637.51,616.0,619.81,317817.16,0,1,-0.0275354587674157,-0.01589342986885156,-0.024182502322212973,0.054529059480059816,0.013473518975750665,-0.027921665611767656,0.37777777777777777,0.8666666666666667,606.6955,0.021616280325138237,619.4894,0.0005175229794083634,650.6014,-0.047327595667639305,631.63695,-0.01872428457518201,622.3640632553522,617.0552928971781,0,0,1,50.766465676175656,0,0,5.308770358174115,2.724913078292622,2.583857279881493,0,671.6216677762158,541.7693322237843,606.6955,0.21403213894355808,0.6009954880226591,26.189621811026694,0.04225427439219551,11.992678857773198,21.838993961907306,20.18004325302259,0,56.316431434047644,70.10976876792344,348752.7215714285,376147.95970000006,0.9271689838476836,0,10296374.1997,605.1320984419586,1022331.0742805443,0.34142694360105685,0.4983048025439689,0.5133566302397093,0.9706795884009289,0.5220924123959979,0.7807547930365555,1.23962,0.7807547930365555,1.5495249999999998,0.034704183540117124,0.0,0.0,0.0,0.0,0.0,0.0,84424.38,-0.0321857767578666,0.003990900570694622,0.5615494121426292,0.6399,0.5630734460825526
2025-03-29,619.81,623.84,596.97,602.99,254422.261,0,1,-0.027137348542295103,-0.024272237414844855,-0.03830879890272876,-0.02716873981575596,-0.0039972910919872096,-0.0275123666185964,0.28888888888888886,0.8,609.1125,-0.01005150936813798,619.995,-0.027427640545488262,649.9751,-0.07228753839954791,632.0669,-0.0460028835555224,619.3834381391441,616.0134193492389,0,0,0,46.41127614375393,0,0,3.3700187899052025,2.8539342206151384,0.5160845692900642,0,669.307522306885,548.917477693115,609.1125,0.1976482909376675,0.44914446605911745,26.238220253096216,0.043513524690452936,11.725759532783467,20.241504927927778,23.88446000697173,0,19.162485526823726,54.82127660230796,365069.31842857145,374778.0978666667,0.9740945922577651,0,10041951.9387,606.4581580217066,1015426.7287068685,0.3684861081550919,0.5040256076313092,0.5133554344608655,0.9818257951445384,0.5232166547613523,0.759567178091855,1.20598,0.759567178091855,1.5074750000000001,0.044561269672797235,0.0,1.0,0.0,0.0,0.0,0.0,82648.54,-0.02103468216171689,-0.014218053570472233,0.5648288469567473,0.6487,0.5741605844658988
2025-03-30,603.0,613.37,593.58,602.2,195649.405,0,1,-0.0013101378132306385,-0.05516505585540343,-0.03461100690937646,0.0,0.024027751798255226,-0.0013109967941129922,0.3111111111111111,0.9,612.648,-0.017053838419451264,619.7912,-0.028382461706458494,649.2111,-0.07241265591423182,632.4274,-0.04779584186263908,616.7398322715835,614.9902031011471,0,0,0,46.21075554948139,0,0,1.7496291704363784,2.6330732105793864,-0.8834440401430079,0,660.7353729349979,564.5606270650021,612.648,0.15698206126518952,0.3913644127105565,25.77763309216077,0.0428057673400212,11.622252015923552,19.13151888168726,23.514057320879882,0,16.80311890838209,30.7606786230845,370790.2937142857,361266.43406666664,1.026362426036684,0,9846302.5337,609.8163054862481,1015170.4010232419,0.36939320764870126,0.4965479484048283,0.5127876685441303,0.9683305174139452,0.5075646109641556,0.7585720404101479,1.2044000000000001,0.7585720404101479,1.5055,0.03286283626702086,1.6584022952272684e-05,0.0,0.0,0.0,0.0,0.0,82389.99,-0.0031283069247198814,-0.04289501350448688,0.5647694956049024,0.6552,0.571207648894969
2025-03-31,602.2,608.89,587.26,604.81,254764.269,0,1,0.004334108269677728,-0.02420096481179712,-0.05065297921768086,-0.04255251784894509,-0.005132169822183452,0.004324743072532514,0.24444444444444444,0.7888888888888889,615.308,-0.01706137414108064,619.5712,-0.02382486468060496,648.6243,-0.067549581475748,632.7289499999999,-0.044124660330462195,614.9044734605707,614.2361139825437,0,0,0,47.02509183158984,0,0,0.6683594780270141,2.240130464068912,-1.5717709860418978,0,654.1820560758662,576.4339439241338,615.308,0.12635641362006078,0.36497421339939073,25.481373585577856,0.04213120415597933,11.797557058492396,17.97152660054366,23.85994285772105,0,30.45817424505372,22.141259560086525,363245.762,360016.76449999993,1.0089690198301864,0,10101066.8027,616.0765206336009,1016274.5769483332,0.331365784309146,0.48712626149263405,0.5118746988091588,0.9516513760611722,0.5070211384947175,0.7618597737636358,1.20962,0.7618597737636358,1.512025,0.03576329756452439,0.0,0.0,0.0,0.0,0.0,0.0,82550.01,0.0019422262340362817,-0.05655147491101542,0.5614745303934624,0.6504,0.5592432639830562
2025-04-01,604.81,618.54,604.46,611.13,565603.069,0,1,0.010449562672574908,0.013499394683162302,-0.0296751452796038,-0.02656854780905038,-0.020530820271180028,0.010395343377409848,0.35555555555555557,0.7333333333333333,617.371,-0.010108994429605514,619.4208,-0.013384762022844552,648.2379,-0.05724426171317656,633.0026,-0.034553728531288866,614.3237852358675,614.0060314653182,0,0,0,49.037073209096114,0,0,0.3177537705493023,1.8556551253649902,-1.537901354815688,0,649.9638231686884,584.7781768313116,617.371,0.10558585734894697,0.404258063689376,24.666989758036575,0.04036291747751963,11.429836318748784,20.03316245028255,22.88713321926412,0,41.426587990281156,29.562627047905668,364821.69228571426,363234.5591333333,1.0043694442405695,0,10666669.8717,618.3566832116283,1022184.8816656494,0.3458208884548027,0.4819152826194307,0.5124830525435222,0.9403535984802237,0.4997720322280465,0.7698208752172927,1.22226,0.7698208752172927,1.527825,0.023039287876556423,0.0,0.0,0.0,0.0,0.0,0.0,85158.34,0.031596967704788925,-0.025568790680521203,0.49284223121917486,0.6676,0.646818832687175
2025-04-02,611.12,614.0,584.85,590.68,399507.957,0,1,-0.03346260206502716,-0.019129857190302357,-0.04419165358662769,-0.04528850816227592,0.025308106231556993,-0.03403528689200278,0.28888888888888886,0.9222222222222223,617.915,-0.04407564147172348,618.3922,-0.04481330780045423,647.2031,-0.08733440862690553,633.1895,-0.06713550998555726,610.6862798149648,612.278177282702,0,0,0,43.30568793434641,0,0,-1.5918974677372262,1.166144606744547,-2.7580420744817733,0,648.1449896408243,587.6850103591756,617.915,0.097845139350313,0.04953672952602847,24.987204775319675,0.04230243918080801,11.919944734522712,18.363831827793803,26.585712089908466,0,9.711810761285907,27.198857665540274,390166.56685714284,359953.1617333333,1.0839370460821032,0,10267161.9147,619.9695315752979,1008816.3058787463,0.3825331708101538,0.4323812996478167,0.5116819232760615,0.8450196889494946,0.4788698083277962,0.7440606656085456,1.18136,0.7440606656085456,1.4767,0.049349901808085565,-1.636313059413039e-05,1.0,0.0,0.0,1.0,0.0,82516.29,-0.0310251468030025,-0.050545644377917864,0.43565663403993105,0.5838,0.5783504071949397
2025-04-03,590.67,610.58,578.46,592.67,507928.514,0,1,0.003368998442473181,-0.02007241943750926,-0.07011735910631367,-0.05995527146414592,0.014828513210390248,0.0033633360813136934,0.14444444444444443,0.8888888888888888,618.1605,-0.04123605439040508,616.307,-0.03835263918793727,646.1608,-0.08278249005510709,633.3858500000001,-0.06428285380862259,607.9145444588163,610.8257197062056,0,0,0,43.99170022842117,0,0,-2.9111752473893375,0.35068063591777,-3.2618558833071076,0,647.4236577063635,588.8973422936364,618.1605,0.09467818699630141,0.06446087849130486,25.496690148511128,0.04302004513221713,12.61975573908471,16.71138687212912,25.983580510487386,0,21.394158386028202,24.177519045865107,356527.51928571425,360588.45050000004,0.988738044136869,0,10775090.4287,619.1953798311312,1010527.5162513,0.2955509724839163,0.430759912582129,0.49938709936075165,0.8625771733661722,0.47078073733091896,0.7465674048320862,1.1853399999999998,0.7465674048320862,1.4816749999999999,0.05419542072316805,-1.69296404144222e-05,0.0,0.0,0.0,0.0,0.0,83213.09,0.008444393222235336,-0.04607161981020502,0.4347659368174901,0.5802,0.573887354938444
2025-04-04,592.68,600.0,585.0,597.71,177145.405,0,1,0.008503889179475976,-0.0219593212573429,-0.035656088156047705,-0.05897633704362604,-0.0008859320673976212,0.008467934804768856,0.34444444444444444,0.8,617.0545,-0.03134974301297523,614.9668,-0.028061352255113605,645.1107,-0.07347684668693283,633.7058999999999,-0.05680221692744204,606.3446145420754,609.8541849131534,0,0,0,45.78109153243534,0,0,-3.5095703710779844,-0.42136956548138094,-3.0882008055966033,0,647.6917662481171,586.4172337518828,617.0545,0.09930165406173089,0.18429787691666583,24.74692656647462,0.04140289867406371,13.26958024332085,15.987860364103998,24.858610487556707,0,28.98223426678713,20.029401138033762,336431.55428571434,359619.7644,0.935520201029625,0,10952235.8337,618.9426275900598,1012033.9411440734,0.2853379109733272,0.4256801833276095,0.4997391699224899,0.8518047192371031,0.4668863064196454,0.7529161313077873,1.1954200000000001,0.7529161313077873,1.494275,0.02509578223553228,1.6872795991008326e-05,0.0,0.0,0.0,0.0,0.0,83889.87,0.00813309540602325,-0.006331228017309787,0.4196357157243339,0.566,0.5731472332269935
2025-04-05,597.71,599.0,588.71,593.13,85938.079,0,1,-0.00766257884258259,0.004147761901537317,-0.01635184663095579,-0.054034225929410984,-0.005649622799664744,-0.007692087236756826,0.5555555555555556,0.7555555555555555,616.601,-0.038065134503512,613.6351999999999,-0.03341594484801385,644.148,-0.07920229512472293,633.94055,-0.06437598919961822,604.3115969202177,608.615356401068,0,0,0,44.39309623538191,0,0,-4.303759480850317,-1.1978475485551683,-3.105911932295149,0,648.4101750418371,584.7918249581629,616.601,0.10317587886441014,0.13106556568773436,23.714288954583573,0.039981604293466144,13.872988711540122,15.492333072936994,24.08814341838394,0,22.086720867208623,24.15437117334133,312362.38542857143,355027.6540333333,0.879825506210409,0,10866297.7547,619.1002867820022,1011375.4338381558,0.24164043994146744,0.4261865489831636,0.47543550251752237,0.8964129660625341,0.46279666200895786,0.7471468520897891,1.18626,0.7471468520897891,1.482825,0.017348641950331232,0.0,0.0,0.0,1.0,0.0,0.0,83537.99,-0.004194546969735313,0.010761835599273795,0.4193906367809637,0.5656,0.5737877851740694
2025-04-06,593.13,593.78,544.17,555.54,332256.265,0,1,-0.06337565120631228,-0.0626486915146709,-0.0774825639322485,-0.10941182128600968,-0.06595826958320028,-0.0654729855668881,0.12222222222222222,0.34444444444444444,612.7935,-0.09343033175123436,611.5018,-0.09151534795155147,642.7849000000001,-0.1357295418731836,633.92075,-0.12364439876751161,596.8082743171072,604.6838485195074,0,0,0,35.011033824402205,0,0,-7.8755742024001165,-2.533392879324158,-5.342181323075959,0,653.8761864672762,571.7108135327238,612.7935,0.13408329712138323,-0.19680813163964442,25.563982600684746,0.04601645714203252,15.928549756019567,13.344851215485672,33.19411113844905,0,11.289842120941318,20.786265751645704,331877.65114285715,356457.3984333333,0.931044362107487,0,10534041.489699999,615.8943777319433,990318.4766764038,0.4482913937812936,0.46633937107197204,0.4942292425867564,0.9435689572539031,0.477383659605511,0.6997959337918525,1.1110799999999998,0.6997959337918525,1.38885,0.08930050041401162,0.0,1.0,1.0,1.0,1.0,1.0,78430.0,-0.061145713465215135,-0.048063969907023996,0.44348620876434,0.6429,0.6720627789356888
2025-04-07,555.55,567.6,520.0,554.6,727293.86,0,1,-0.0016920473773264222,-0.07212527814491976,-0.08301780724525043,-0.12946568719784013,-0.06491316809981451,-0.0016934805063329203,0.1,0.36666666666666664,609.133,-0.08952560442464948,609.1318,-0.08952381077461392,641.1096,-0.13493730245187402,633.85875,-0.12504165951799193,590.3146936529369,600.9739338143586,0,0,0,34.812897880268906,0,0,-10.659240161421735,-4.158562335743674,-6.5006778256780615,0,657.0583626293841,561.207637370616,609.133,0.15735598836176676,-0.06893674881204441,27.137983843492982,0.048932534878278006,18.390923335331536,11.672932830010973,35.39703378800559,0,27.706598334401043,20.361053774183677,399381.87842857145,376793.1727333333,1.0599498805442125,0,9806747.6297,608.0585550015533,989087.8610080451,0.4407475499729885,0.46633943806953254,0.49415724947473516,0.9437065601389607,0.4997726021229732,0.6986118459174162,1.1092,0.6986118459174162,1.3865,0.08582762351244144,1.8000504014096023e-05,1.0,1.0,1.0,1.0,1.0,79163.24,0.009348973607038236,-0.041026887822303015,0.4447609833748776,0.641,0.6681252703576446
2025-04-08,554.6,566.0,547.64,553.72,212191.86,0,1,-0.0015867291741795686,-0.06644411849004428,-0.09394073274098791,-0.12082817312883054,-0.0016767330749120068,-0.0015879893621434183,0.06666666666666667,0.8,605.884,-0.08609568828356581,606.856,-0.08755948692935386,639.6997,-0.13440634722823847,633.78235,-0.12632467597117517,584.6847407832543,597.4736424207024,0,0,0,34.615397851552075,0,0,-12.788901637448134,-5.884630196084567,-6.9042714413635675,0,659.5456002664656,552.2223997335344,605.884,0.17713489798861035,0.013954114851486236,26.5109849975292,0.0478779617812779,20.677413087549795,11.095503601067964,33.6460357976352,0,27.52653061224492,22.174323689195774,348894.5628571428,375653.47126666666,0.9287670407535557,0,9594555.7697,605.9565396953343,988751.1699932597,0.42012059423129033,0.42398171998494755,0.4936354072319595,0.8588964927828169,0.4857863741106406,0.6975033381200716,1.10744,0.6975033381200716,1.3843,0.03315755255363724,0.0,1.0,1.0,1.0,1.0,1.0,76322.42,-0.03588559538492875,-0.10375871582278373,0.41804584568076275,0.5541,0.5612460277361324
2025-04-09,553.72,585.97,534.3,582.32,378370.127,0,1,0.0516506537600232,0.04820534974979318,-0.01415317938646965,-0.057719380572501144,0.0956367946715837,0.05036098099046833,0.6,1.0,603.4765,-0.03505770315828361,605.5387999999999,-0.03834403344591606,638.4693,-0.08794361764927448,633.75095,-0.08115325113122109,584.3209345089075,596.3511503895393,0,0,0,45.44743637346813,0,0,-12.030215880631772,-7.113747332994008,-4.916468547637764,0,656.8131950903214,550.1398049096786,603.4765,0.1767647790438283,0.3016703138039103,28.30805749770569,0.04861254550368472,21.56880142240141,14.687856184901856,29.25937291954648,0,50.873469387755144,35.36886611146705,345874.8728571429,374593.98816666665,0.923332684942221,0,9972925.8967,601.9180862373029,1008294.2344160727,0.5399468146315342,0.4284566133532964,0.4898369664403966,0.8746922807130176,0.4859749179255707,0.765203679369251,1.1646400000000001,0.7335298415337718,1.4558000000000002,0.08873128176947395,0.0,1.0,1.0,1.0,1.0,1.0,82615.22,0.0824502158081466,0.0011989147839779335,0.4766643680164754,0.6035,0.5435778294256469
2025-04-10,582.32,583.58,566.17,578.03,369219.863,0,1,-0.00736708339057579,0.04224666426253143,-0.024701773330858656,-0.09308710932596964,0.047896158517793275,-0.007394354370358341,0.45555555555555555,0.9555555555555556,600.6195,-0.03761033399681503,604.0318,-0.043047071362799116,637.2266000000001,-0.09289725193518301,633.6976,-0.08784568538684696,583.3530984306141,594.9940281384623,0,0,0,44.2628943787289,0,0,-11.640929707848272,-8.019183807964861,-3.621745899883411,0,652.919468592121,548.319531407879,600.6195,0.17415341523916886,0.2840390672490465,27.52962481929815,0.047626636713143176,22.396519161906483,14.024374629362958,27.93766510770742,0,49.38303123138454,42.59434374379489,326059.3512857143,363838.9662333334,0.8961639119120884,0,9603706.0337,599.3607827820505,1005574.1608958947,0.5392859937028163,0.41693563409361356,0.4898330581394392,0.8511790438915738,0.44970711672823405,0.7595663600525624,1.1560599999999999,0.7281258660217166,1.4450749999999999,0.030119543968306288,0.0,1.0,1.0,1.0,1.0,1.0,79607.3,-0.036408787630172745,-0.04333200461610054,0.4617054253180749,0.5706,0.5160866905303158
2025-04-11,578.03,590.36,575.7,585.93,174700.72,0,1,0.013667110703596608,0.05817019432203985,-0.019708554315638116,-0.05466191252157915,0.028181866039622916,0.013574558077265242,0.5333333333333333,0.9,598.5654999999999,-0.021109636288760347,602.6232,-0.0277008917014812,636.0075,-0.07873727904152089,633.60475,-0.07524367517762456,583.7495448259042,594.3226186467244,0,0,0,47.00227741332643,0,0,-10.573073820820241,-8.529961810535937,-2.043112010284304,0,649.7155506662298,547.4154493337701,598.5654999999999,0.17090878330351433,0.3764859483478268,26.610365903633994,0.04541560579528953,22.75426019398754,15.292416107324382,26.838291781961836,0,63.49191063174107,54.5828037502936,325710.11057142855,357421.5165333333,0.911277288873158,0,9778406.753700001,598.3753454501333,1007961.8149761328,0.5449158396326642,0.408203985273895,0.4906202181964454,0.8320162319736469,0.44188219890163566,0.7699474375821287,1.17186,0.7380772428387876,1.4648249999999998,0.025020053590019232,0.0,0.0,0.0,1.0,1.0,1.0,83423.84,0.047942085713244875,-0.005555259532527557,0.4823364439228872,0.5708,0.4837079088972046
2025-04-12,585.93,600.48,584.0,597.29,151268.708,0,1,0.01938798149949661,0.025707514768511963,0.0070136395056732415,-0.00945289308280406,0.030165574335977885,0.01920242907550953,0.7222222222222222,0.9111111111111111,597.2405,8.288118438044029e-05,601.6196,-0.007196574047787053,634.9179,-0.059264197780532046,633.5617,-0.05725046195185096,585.832691775765,594.5424246728929,0,0,0,50.75066622346631,0,0,-8.709732897127878,-8.565916027854326,-0.14381686927355197,0,646.993141812957,547.487858187043,597.2405,0.16660839917238363,0.5004974610211259,25.88676833908871,0.04334036789346668,22.495580056053996,17.389408485262585,25.617880525708273,0,78.43515323726405,63.7700317001299,335043.05757142854,340880.5725333334,0.9828751902212497,0,9929675.461700002,597.6997533954394,1010894.6098882896,0.5585868375999873,0.4089123969808561,0.4860078683757245,0.8413699110417133,0.423612284775173,0.7887515516467263,1.19458,0.7523870707681455,1.4932249999999998,0.027591287314369935,0.0,0.0,0.0,0.0,1.0,1.0,85276.9,0.022212595344448305,0.020815798895807536,0.47713112341482317,0.6159,0.5284674796310116
2025-04-13,597.3,598.67,580.32,584.28,144896.285,0,1,-0.021781714075239766,0.010812587581959354,0.051733448536559035,-0.02975755562935911,-0.005920783993466738,-0.02202243760980916,0.8555555555555555,0.7111111111111111,594.6004999999999,-0.017357032158566845,599.9338,-0.026092545544191787,633.6119,-0.07785822835713789,633.5461,-0.0777624548552979,585.593816117955,593.7822450674935,0,0,0,46.67882366915337,0,0,-8.188428949538434,-8.490418612191148,0.3019896626527139,1,640.9383719612229,548.2626280387769,594.6004999999999,0.15586220314723237,0.38863860635813774,25.34842774343951,0.0433840414586149,22.39860403182459,16.4902384715463,25.330209520513844,0,65.23239293687843,69.05315226862787,308277.34614285716,338610.0459666667,0.9104199648382684,0,9784779.176700002,595.9498655428166,1007738.5204378552,0.370641268515738,0.41237569257746415,0.4558156629852291,0.9046983815271556,0.4252427177917906,0.7839632894577949,1.16856,0.7359987907187665,1.4606999999999999,0.03140617512151693,1.6742285991714086e-05,0.0,1.0,1.0,1.0,1.0,83760.0,-0.017787935537056265,0.06795868927706228,0.46975320772630735,0.6194,0.5445522251591598
2025-04-14,584.29,593.1,583.14,584.54,153827.795,0,1,0.00044499212706239355,-0.0023722970320686487,0.05398485394879171,-0.03351465749574245,-0.05693496603907533,0.00044489314742816985,0.8555555555555555,0.4111111111111111,592.3365,-0.013162281912392765,598.4562,-0.023253497916806618,632.3232,-0.07556768437406705,633.4873,-0.07726642665133152,585.4316905613466,593.0976343217532,0,0,0,46.77073740397957,0,0,-7.665943760406549,-8.325523641834229,0.6595798814276801,0,635.7621263294521,548.9108736705479,592.3365,0.1466248537088366,0.41023157684760564,24.249254333193836,0.04148433697128313,22.308554866468715,16.006445170641793,24.58706770981916,0,65.49624517962248,69.72126378458832,226353.62257142857,335260.1721666667,0.6751581051473725,0,9938606.971700002,592.425638296561,1007806.9725955535,0.36870187016341205,0.38018989950418225,0.4463649750988267,0.8517467111302963,0.4158516015883164,0.7843121469495096,1.16908,0.7363263043861638,1.261143473570658,0.01703903924453423,1.7115081810075486e-05,1.0,1.0,1.0,1.0,1.0,84591.58,0.009928127984718316,0.06857147332524538,0.47045402114784707,0.6635,0.5351201354929266
2025-04-15,584.53,590.84,579.38,579.52,141640.579,0,1,-0.00858794949875108,-0.029751042207302958,0.0465939463989018,-0.051723855808093244,-0.0376619063434076,-0.008625038434989353,0.8333333333333334,0.5666666666666667,590.413,-0.01844979700650228,597.7626,-0.030518135460465473,631.0255000000001,-0.08162189959042875,633.3509,-0.08499380043511431,584.5221997057548,592.0918836312529,0,0,0,45.152372976788655,0,0,-7.569683925498111,-8.174355698567005,0.604671773068894,0,632.4396642677434,548.3863357322566,590.413,0.1423636141742929,0.3704037045314503,23.335736166537135,0.040267352578922444,22.385725506301373,15.444970760913463,24.87550393782149,0,63.319148936170194,64.68259568422371,216274.86814285716,331455.7142666666,0.652500043999414,0,9796966.392700002,591.1589658264675,1006590.5704561276,0.37828878560739715,0.37218791043657196,0.44642523260025496,0.8337071546532457,0.4084622917681042,0.7775765138402502,1.15904,0.7300027712694933,1.239614973262032,0.019774986195472178,-1.710746912100268e-05,1.0,1.0,1.0,1.0,1.0,83643.99,-0.011201942320973268,0.0959294791753198,0.4674410803774873,0.657,0.5221890992188325
2025-04-16,579.52,587.0,576.0,582.8,174537.948,0,1,0.005659856432910004,-0.0025330321078934626,0.0008242890506935385,-0.013340556646576851,-0.07739555794772768,0.005643899626001216,0.6777777777777778,0.25555555555555554,587.685,-0.008312276134323645,596.9488,-0.023701865218591696,629.5593,-0.07427306688980696,633.2593999999999,-0.07968203867167226,584.2572459048695,591.4035959548638,0,0,0,46.4560421217854,0,0,-7.146350049994339,-7.968754568852473,0.8224045188581339,0,623.5054284555162,551.8645715444837,587.685,0.1219034974706389,0.4318126525752413,22.454612154641627,0.03852884721112153,22.604531030189822,14.904532383010745,25.080264469996543,0,69.33097814086987,66.04879075222085,187155.98542857144,317551.3730666667,0.5893723072936609,0,9971504.340700002,585.5226126432312,1007578.4301839024,0.22440700340840708,0.3427620929541203,0.4465473511768238,0.7675828600277451,0.39287384247616625,0.7819774852741885,1.1656,0.734134482150505,1.2466310160427807,0.018874399450926563,0.0,1.0,1.0,1.0,1.0,1.0,84030.38,0.004619459210398746,0.0171295313381723,0.4649737037193227,0.675,0.4947888508157693
2025-04-17,582.8,592.97,581.0,590.49,151848.259,0,1,0.0131949210706932,0.010178944127005929,0.021555974603394423,-0.0036782695260431097,-0.05944473646485393,0.013108626371955773,0.8,0.4,586.2189999999999,0.007285673101690788,596.5272,-0.010120577904913613,628.4841,-0.06045355801363949,633.2338500000001,-0.06750089244281565,585.2161311502741,591.3359221804295,0,0,0,49.48746081296862,0,0,-6.1197910301553975,-7.598961861113059,1.4791708309576617,0,618.75273627159,553.6852637284098,586.2189999999999,0.1109951614382683,0.5656395558804861,21.70571128645294,0.036758812658051684,22.371688255938754,16.28202614770687,24.0923389494341,0,87.58697813121272,73.41236840275094,156102.89914285715,307831.7206,0.5071046571763116,0,10123352.599700002,583.3671797301319,1009582.0559761296,0.22924714258010925,0.34560219733669595,0.44603042326698716,0.7748399645147606,0.38932822936808625,0.7922956164714406,1.18098,0.7438213286977553,1.2528962444302991,0.0202713001066911,0.0,1.0,1.0,1.0,1.0,1.0,84947.91,0.010919027142326287,0.06708693800694165,0.46344284550921716,0.6766,0.501665227252336
2025-04-18,590.5,596.08,587.08,591.71,191575.748,0,1,0.002066080712628482,0.021034649364991775,0.009864659600976378,-0.010038312894212864,-0.043623727169872284,0.0020639493031440457,0.7555555555555555,0.5444444444444444,585.655,0.010338851371541375,596.2532,-0.007619581748156582,627.4408999999999,-0.05694703676473738,633.3554,-0.06575360374285906,586.2151878963858,591.3636316485458,0,0,0,49.97137923790865,0,0,-5.148443752160006,-7.108858239322449,1.960414487162443,0,617.3447184056829,553.965281594317,585.655,0.10821974850614414,0.59553571796514,20.79816048027773,0.03514924621905617,21.92895222658558,16.84684864324369,23.347660967144957,0,89.10288270377737,82.00694632528666,158513.61742857145,300884.4573666667,0.5268255423223874,0,10314928.347700002,582.5168413916647,1009977.8669340798,0.21712842285111947,0.34370467277864425,0.44592658974327454,0.7707651453942661,0.3843733983357509,0.7939325631633325,1.1834200000000001,0.7453581235986194,1.2554848291958414,0.015210153622551587,1.6935087808414883e-05,1.0,1.0,1.0,1.0,1.0,84474.69,-0.005570707978571843,0.012596519172457299,0.4401520619595647,0.7525,0.5840483714847576
2025-04-19,591.7,594.49,587.7,591.73,96609.003,0,1,3.380034138333876e-05,0.015322580645161343,-0.009308711011401405,-0.002360359449024574,-0.0614462226592859,3.37997701646715e-05,0.6111111111111112,0.4,585.1315,0.01127695227483063,596.3264,-0.0077078593199965935,626.5034,-0.05550392862991651,633.5775500000001,-0.06604960987017305,587.0636205277111,591.3907700449498,0,0,0,49.97983928710863,0,0,-4.327149517238695,-6.5525164949056975,2.2253669776670026,0,616.0058438200018,554.2571561799981,585.1315,0.1055295905963082,0.6068605706807806,19.797577588829316,0.033457113191538906,21.51784019932906,16.43413544359529,22.775691213862896,0,89.12773359840955,88.60586481113323,150705.08814285713,284822.3533,0.529119594711449,0,10411537.350700002,581.9291858630231,1009981.1323513619,0.17807686308193035,0.3383169000970527,0.44227308820257144,0.7649502289908618,0.3803683364338687,0.7939593983550028,1.18346,0.7453833169576499,1.2555272650116698,0.011474828046575234,-1.6900170691708615e-05,1.0,1.0,1.0,1.0,1.0,85077.01,0.007130183016948566,-0.002344011097964338,0.43151736810072466,0.8179,0.6372828885120503
2025-04-20,591.74,595.23,587.5,592.77,115343.598,0,1,0.0017575583458671051,0.0038612000203219754,0.014530704456767296,0.06701587644454055,-0.06675378245194197,0.0017560156475212795,0.7888888888888889,0.35555555555555557,584.5295,0.01409766316327918,596.0232,-0.005458176795802567,625.499,-0.05232462402018235,633.8289000000001,-0.06477915412187753,587.9415250619094,591.4929352268053,0,0,0,50.44907831117883,0,0,-3.5514101648959695,-5.952295228903752,2.400885064007783,0,614.2356910789812,554.8233089210188,584.5295,0.10164137508536761,0.6387000436725565,18.935607761055795,0.031944274779519534,21.075686363067117,16.234074465326813,22.111575470713145,0,90.41998011928425,89.55019880715706,146483.27571428573,279926.95426666667,0.5232910710511337,0,10526880.948700001,581.2545586263985,1010183.8554546691,0.10367017929731522,0.3373249582780259,0.4418849472476488,0.7633773460243632,0.37939001276203826,0.7953548283218613,1.18554,0.746693371627239,1.2577339274347548,0.013040471008991715,1.6899599479476966e-05,1.0,1.0,1.0,1.0,0.0,85179.24,0.0012016172171542827,0.01694412607449869,0.4314646345458693,0.8218,0.6385491795481122
2025-04-21,592.77,608.52,592.53,597.34,171926.422,0,1,0.007709566948394864,0.009514796099440614,0.021897560474903432,0.07706455102776788,-0.04731981946061459,0.007680000104935772,0.8,0.5333333333333333,583.84,0.023122773362565085,595.4912,0.0031046638472574956,624.5054,-0.04349906341882709,634.0916000000001,-0.0579594493918545,589.3874442831541,591.926051135931,0,0,1,52.555300968233595,0,0,-2.5386068527768657,-5.269557553678375,2.7309507009015093,0,611.5174223016351,556.162577698365,583.84,0.09481166861343872,0.743881092915262,18.72520720669467,0.03134765327400588,19.648434827679438,20.313438628964096,20.762881290441474,0,84.9366747507411,88.16146282281164,149068.79385714285,280984.2989,0.5305235717466021,0,10698807.370700002,578.3919587927066,1011509.3337152761,0.10793459495745583,0.3369713208401313,0.44211815728388004,0.7621748061882134,0.38069411634816536,0.8014866696185379,1.19468,0.752450054165722,1.2674305113515807,0.026768674456758308,0.0,1.0,1.0,1.0,1.0,1.0,87516.23,0.02743614523914495,0.03457377199952982,0.4381161342374205,0.8222,0.6283602917344583
2025-04-22,597.32,619.9,595.0,618.51,285468.164,0,1,0.03544045267351925,0.045257127406080455,0.06727981778023184,0.11700859640251382,-0.008464387053335187,0.03482689433181494,0.8555555555555555,0.7666666666666667,585.2315000000001,0.05686382226520597,596.3394000000001,0.03717782189135905,623.7571,-0.008412088615905207,634.40765,-0.025059045236922976,593.8678374703611,593.8952325332693,0,0,1,60.85588046690934,0,0,-0.027395062908226464,-4.221125055524346,4.193729992616119,0,616.8715361134917,553.5914638865084,585.2315000000001,0.10812827441274656,1.0258922568961542,19.16626383478791,0.03098779944509856,18.904669842444818,22.669495767353126,18.836148581535916,0,98.37616822429908,91.24427436477482,169615.59171428572,285313.1517666666,0.5944892153201543,0,10984275.534700003,578.8365784596903,1021626.4546713146,0.19194965075687828,0.3528722783615257,0.4475909698781149,0.7883811383809142,0.38639061894168086,0.8298917200016102,1.23702,0.7791172246995691,1.3123488224061106,0.04025803948198085,-3.3481769176652845e-05,0.0,0.0,0.0,0.0,0.0,93442.99,0.0677218385664009,0.11715127410827719,0.47309530381432535,0.855,0.6346330235386782
2025-04-23,618.5,619.99,601.38,605.71,314125.448,0,1,-0.020694895797966018,0.02182971472915307,0.03931022649279359,0.04016691853276555,-0.04924028379481382,-0.020912036176625626,0.8,0.5111111111111111,585.8835,0.03384034539289809,596.7734,0.014974863155763976,622.9277999999999,-0.027640121375221816,634.6212,-0.045556624959897346,595.6897086287671,594.770400493768,0,0,1,54.6322525565737,0,0,0.9193081349991417,-3.1930384174196487,4.11234655241879,0,618.6850469949675,553.0819530050326,585.8835,0.11197293316834303,0.8022189777061715,19.12653070373163,0.031577042980521414,18.21966813029562,21.127586249753485,17.527044300710244,0,73.46711259754746,85.59331852419588,189556.66314285714,285531.467,0.6638731104997865,0,10670150.086700002,579.23890076461,1015125.6612574651,0.26531559757579554,0.351766163819397,0.44414869747544544,0.7920008902848223,0.38544577941005087,0.8127171973325821,1.2114200000000002,0.7629934749200111,1.285189900275833,0.030724273992504686,-1.6167887342146297e-05,1.0,1.0,0.0,0.0,0.0,93691.08,0.0026549878166355345,0.11496675369074838,0.4714161617155904,0.8454,0.6277281260637986
2025-04-24,605.72,606.78,592.59,601.55,204214.28,0,1,-0.006867973122451465,0.007047912411691781,0.01873020711612372,0.04068992958842954,-0.044885840398844246,-0.006891666194427372,0.7555555555555555,0.5777777777777777,586.0754999999999,0.026403594758695827,596.8396,0.0078922377134492,621.9544000000001,-0.03280690674428884,634.7774499999999,-0.05234503840676757,596.5912919166491,595.2725930497852,0,0,1,52.744326984628884,0,0,1.3186988668638833,-2.2906909605629426,3.609389827426826,0,619.211766965682,552.9392330343178,586.0754999999999,0.11307849232968152,0.7334979377131761,18.773921367750795,0.031209245063171468,16.92933228262926,19.9869445394812,19.925094344349166,0,58.365319485210954,76.73620010235251,197037.52328571427,273852.8911,0.7195013442957012,0,10465935.806700002,579.5984075094037,1013723.1230712044,0.26837259243466227,0.35091068295400346,0.4433784845680187,0.7914472514287514,0.3845559062257764,0.8071354774651478,1.2030999999999998,0.7577532562416547,1.2763632505834923,0.023589061590890102,1.6509550775108393e-05,1.0,0.0,0.0,0.0,1.0,93980.47,0.0030887678955136,0.10633057364212961,0.47127121331146643,0.8456,0.626486338953856
2025-04-25,601.56,610.35,597.2,599.91,257426.554,0,1,-0.0027262904164242485,-0.03007227045641947,0.013858139967213523,0.023859505401669256,-0.02925613683069317,-0.0027300135145122847,0.7333333333333333,0.7333333333333333,586.4145000000001,0.02301358510064106,596.9078,0.005029587484030224,620.8076,-0.033661959035295334,634.9554999999999,-0.05519363167970031,597.1018623910107,595.6161046757271,0,0,1,51.9816839522525,0,0,1.4857577152836257,-1.535401225393629,3.021158940677255,0,619.9904528453563,552.8385471546438,586.4145000000001,0.11451269654947567,0.7009697247038275,18.372212698625738,0.030624948239945556,15.983297923024551,20.353070744973472,18.906417020041776,0,54.35326210502379,62.061898062594075,206444.7812857143,275030.6484,0.7506246394236923,0,10208509.252700003,580.5855384983399,1013021.303524101,0.2703471876678326,0.34703635714099434,0.42013514944302943,0.8260112432893517,0.38288641510878185,0.8049349917481785,1.1998199999999999,0.7556874008011487,1.2728835136855505,0.02191995465986561,1.6623722051352184e-05,1.0,0.0,1.0,0.0,1.0,94638.68,0.007003689170739236,0.12031994435256266,0.47073440704865843,0.8476,0.6216716439020719
2025-04-26,599.9,609.25,599.34,607.23,137533.142,0,1,0.012201830274541248,0.0025094517178188003,0.026194379193213102,0.01664183227577909,-0.04727312664742056,0.012127988010532213,0.7777777777777778,0.5555555555555556,588.999,0.03095251435061858,597.1569999999999,0.016868260775642074,619.7989,-0.02027899694562218,635.08765,-0.04386426031115553,598.6600374077783,596.4763932182659,0,0,1,55.10217385755701,0,0,2.1836441895123926,-0.7915921424124248,2.975236331924817,0,620.4593991007564,557.5386008992436,588.999,0.10682666388484997,0.7897452117758048,17.767768934438184,0.0292603608755137,15.10483744624875,19.542216745291956,18.153196827745557,0,70.99340759263471,61.237329727623155,212291.08685714286,254835.0249,0.833053019067721,0,10346042.394700002,582.5049463177246,1014699.4595799095,0.2763877902493217,0.33617211009032183,0.41972485689969075,0.8009344802055957,0.3775277243108799,0.8147566718995292,1.21446,0.7649081702063336,1.2884150222788033,0.016320010539663667,-1.6669167041707766e-05,0.0,0.0,0.0,0.0,1.0,94628.0,-0.0001128502637609552,0.1122628780677648,0.4708332640655244,0.8724,0.6190321458864098
2025-04-27,607.23,608.68,597.0,603.46,121784.476,0,1,-0.006208520659387706,0.003175130911811319,0.018033976078411618,0.03282672691175481,-0.026379051644858764,-0.0062278736677256665,0.7333333333333333,0.7555555555555555,591.442,0.020319828486986092,597.3642,0.010204495013260009,618.6159,-0.024499693590158245,635.25145,-0.05004545837715119,599.3984931911971,596.9936974243203,0,0,1,53.1851769287496,0,0,2.4047957668767594,-0.15231456055458803,2.5571103274313476,0,619.0017292783272,563.8822707216729,591.442,0.09319503612637302,0.7180355234739357,17.332928296264022,0.028722580280820635,14.09529427000594,18.60159136581778,18.243737381854896,0,62.42327801773137,62.58998257179663,213211.21228571428,248300.6021,0.8586818174522433,0,10224257.918700002,589.6046578064,1013943.3581446707,0.28281542506389795,0.3271794463084201,0.4180671266065081,0.7826002703541123,0.37429321231799473,0.8096982382696669,1.20692,0.7601592220290732,1.2804158709951199,0.019355052530407896,0.0,0.0,0.0,0.0,0.0,1.0,93749.3,-0.009285835059390402,0.10061207402179217,0.4604685389933077,0.8654,0.6111578828486077
2025-04-28,603.46,608.27,598.2,606.16,143778.008,0,1,0.004474198786994954,0.01041822940107684,0.014765460206917158,0.03698634823964153,0.0052571352758752354,0.004464219315290186,0.7222222222222222,0.8444444444444444,594.064,0.02036144253817771,598.3943999999999,0.012977394173474993,617.5823,-0.018495186795347056,635.46275,-0.04611245899149881,600.438725007936,597.6726828002966,0,0,1,54.408506848231795,0,0,2.7660422076394298,0.43135679308421554,2.334685414555214,0,615.8958033587403,572.2321966412596,594.064,0.07349983624235884,0.7770270463057599,16.814147703673733,0.027738794548755663,13.157861320637618,17.805841312457076,17.463295821258797,0,68.56103659922701,67.3259074031977,209190.01028571426,244612.46033333332,0.8551895107904606,0,10368035.926700002,591.9952768877756,1014586.6495336608,0.2810195795404294,0.31755495269649464,0.41766025304943455,0.7603188246378537,0.36751472894800963,0.8133209891451649,1.2123199999999998,0.7635603254981986,1.2861447061319753,0.016612775504817105,0.0,0.0,0.0,0.0,1.0,1.0,95011.18,0.013460153835815225,0.08564068630470034,0.45505854770213,0.8632,0.5986444950721129
2025-04-29,606.16,610.75,598.1,601.0,236809.997,0,1,-0.008512603932954943,-0.01025970390132247,-0.028309970736123846,0.03706515737161786,-0.0019926934573232247,-0.008549043087910312,0.36666666666666664,0.8111111111111111,594.9979999999999,0.010087428865307222,599.7846,0.002026394142163779,616.7604,-0.025553521270172345,635.59975,-0.05443638075691498,600.525075006715,597.9191507410153,0,0,1,51.631690383227436,0,0,2.6059242656997412,0.8662702876073207,1.7396539780924205,0,616.3063661355908,573.6896338644091,594.9979999999999,0.07162500087593861,0.6408367014581908,16.51670858198275,0.027482044229588606,12.507843463425008,17.904252944205908,16.507939911547272,0,56.8310979768129,62.60513753125711,202238.8435714286,245984.4800666667,0.8221609896551921,0,10131225.929700002,595.1863810357103,1012570.7798218356,0.16564981808219714,0.318540605391844,0.4136565721736215,0.7700605449540516,0.3648774162403001,0.806397509694213,1.202,0.7570604388683143,1.275196265648207,0.021048252911813607,0.0,0.0,0.0,1.0,1.0,1.0,94256.82,-0.007939697201950202,0.008709374560895489,0.4560225440177926,0.8646,0.6003144600022838
2025-04-30,601.0,604.44,591.42,599.88,210580.664,0,1,-0.0018635607321131342,-0.0059324561694230615,-0.009625068101897005,0.02930679478380238,-0.008151320249334404,-0.0018652993217282666,0.5222222222222223,0.7555555555555555,596.0905,0.006357256154895901,600.75,-0.0014481897627965118,615.9341,-0.02606463905797706,635.7161500000001,-0.05637130659650551,600.4258326979897,598.0643988342734,0,0,0,51.0229959521468,0,0,2.361433863716229,1.1653030028291025,1.1961308608871266,0,615.9254531728312,576.2555468271688,596.0905,0.06655014019794378,0.5955258116059133,16.266943683269705,0.027116996204690446,11.940843723934425,16.880646078508274,18.497367195901294,0,48.42267248012308,57.93826901872101,187446.73157142854,244511.69323333335,0.7666166353547407,0,9920645.265700001,597.3723942822389,1012178.3499654628,0.11664508626373937,0.31830421611150234,0.4079655246344134,0.7802233200875038,0.36139807655975514,0.8048947389606731,1.19976,0.755649610762603,1.2728198599618077,0.021704340868173796,0.0,0.0,0.0,1.0,1.0,1.0,94172.0,-0.0008998818334843284,0.00513303934590148,0.4562564787810998,0.8662,0.6006731154539695
2025-05-01,599.88,605.28,598.14,599.63,156229.229,0,1,-0.0004167500166699645,-0.01077273327174344,-0.0031917546338624536,0.015478670256905191,-0.018817600183267058,-0.00041683688109283315,0.5555555555555556,0.7333333333333333,596.7755,0.004783205744873961,601.3452000000001,-0.0028522718731272736,615.0083,-0.02500502838742171,635.8533,-0.056968014477553224,600.303396898299,598.180369290994,0,0,0,50.87880879180329,0,0,2.123027607304948,1.3568479237242717,0.7661796835806765,0,616.0719588788498,577.4790411211501,596.7755,0.06466907196709609,0.5739643480164317,15.615019134464726,0.02604109056328857,11.331411238795962,16.713555056872508,17.893227220876344,0,38.13430568216337,47.79602537969979,180591.72428571427,230865.89856666664,0.7822364645749758,0,9764416.036700001,598.1883855428528,1012113.2414316727,0.11008410887678462,0.3166937395760292,0.40429041190304715,0.7833323033442987,0.35976215537720546,0.8045592990647936,1.19926,0.755334693774721,1.2722894122639508,0.011907342861431193,0.0,0.0,1.0,1.0,1.0,1.0,96489.91,0.024613579407891883,0.026701717920755152,0.4531298896855422,0.8588,0.5966578767367743
2025-05-02,599.64,603.61,595.12,600.69,141344.865,0,1,0.0017677567833498387,-0.0005158069883526295,0.0013001950292546027,0.015176353281168176,0.016946570054852117,0.0017661961402815258,0.5777777777777777,0.8888888888888888,596.9455,0.006272766944386073,601.7629999999999,-0.0017830940087706715,614.06,-0.02177311663355355,635.91125,-0.0553870528316647,600.3628742985607,598.3662678620316,0,0,0,51.50457476594088,0,0,1.9966064365290777,1.484799626285233,0.5118068102438447,0,616.3207902592857,577.5702097407144,596.9455,0.06491477114505641,0.5966308104263227,15.106089196288675,0.025147895247613034,11.049883453359728,16.042595340897698,18.602905563849415,0,40.59710680209311,42.38469498812653,164008.62585714288,222260.46216666666,0.7379118366727663,0,9905760.901700001,598.4344518669664,1012363.1047755681,0.10948832155933202,0.30046407958032695,0.3691496621906007,0.8139356752958107,0.35052694927173267,0.8059815642233226,1.2013800000000001,0.7566699418033407,1.2745385105028646,0.014133746191879352,1.6676950786303063e-05,0.0,1.0,1.0,1.0,1.0,96887.14,0.004116803508263045,0.023758361803017713,0.44041563857593613,0.8503,0.5770667197605791
2025-05-03,600.69,601.2,595.23,599.36,100770.294,0,1,-0.002214120428174371,-0.0008668400346735217,-0.012960492729278905,0.01289439440285256,0.011287900517994887,-0.0022165752169442648,0.4777777777777778,0.8444444444444444,597.6995000000001,0.0027781518973998744,601.995,-0.004377112766717316,613.1562,-0.022500302533025023,635.93555,-0.057514554737504484,600.208585944936,598.4398776500293,0,0,0,50.63299501659009,0,0,1.7687082949066735,1.5415813600095212,0.2271269348971523,0,616.1511637104682,579.247836289532,597.6995000000001,0.06174227587765456,0.5449959425354667,14.453511396553772,0.0241149082297013,10.788464795454654,15.569283297510315,18.05405551444866,0,36.503539550631,38.411650678295835,158756.79042857143,208688.52149999997,0.7607356134753749,0,9804990.607700001,598.8802319947071,1012139.9872090695,0.07074893429772823,0.30044693677772116,0.36820459404703165,0.8159782404543936,0.33811732856434323,0.8041970239772438,1.19872,0.7549945834278085,1.2717165287502652,0.009960624666310777,0.0,1.0,1.0,1.0,1.0,1.0,95856.42,-0.010638357164841517,0.012981569937016602,0.44286071269894683,0.8481,0.5723758222653061
2025-05-04,599.36,600.49,584.7,586.03,143960.835,0,1,-0.022240389749065725,-0.02268065306939282,-0.028883438836045605,-0.01137034600266551,-0.019541249100734626,-0.02249143644985769,0.3333333333333333,0.7,597.774,-0.019646220812547934,601.319,-0.02542577234379753,612.212,-0.04276623130549551,635.8612,-0.07836804635980317,598.0272650303305,597.5206274537309,0,0,0,42.813095894087795,0,0,0.5066375765995872,1.3345926033275344,-0.8279550267279472,0,616.0127515731577,579.5352484268423,597.774,0.06102223105440432,0.17804813961927476,14.5489748682285,0.024826331191625858,11.49075982246287,14.362330399776603,21.824210507606196,0,3.7687730235192083,26.956473125414448,161924.84171428572,207582.36916666664,0.7800510340272552,0,9661029.7727,599.0571948902686,1008938.2421300686,0.1431423765267949,0.3065366828295709,0.3678009417729561,0.8334309350920487,0.33842666148641776,0.7863113687289511,1.1720599999999999,0.7382032096339405,1.2434330575005303,0.026944013105131077,0.0,1.0,1.0,1.0,1.0,1.0,94277.62,-0.016470466975503584,0.005635455411400425,0.44711542921659153,0.8514,0.5807506581449049
2025-05-05,586.02,599.98,583.55,597.61,201100.589,0,1,0.019760080541951774,-0.005127436781035222,-0.014105186749373,0.00045200388388511037,0.007553150236878858,0.019567384473807296,0.4666666666666667,0.8333333333333334,598.6785,-0.0017847642766526137,601.2272,-0.006016361202553752,611.3240999999999,-0.022433435881228824,635.8847499999999,-0.06019133184118652,597.9630704102797,597.5272476423434,0,0,0,50.03274540932503,0,0,0.43582276793631536,1.1548386362492906,-0.7190158683129753,0,614.773960327617,582.5830396723829,598.6785,0.05376996276838753,0.4668074109639906,14.683333806212184,0.024570093884326207,12.23658630449818,13.214415299069044,20.639330805340755,0,38.58397365532392,26.285428743158054,170113.78185714287,211421.1195,0.8046205708278017,0,9862130.3617,599.3846532259778,1012912.0059657425,0.19919088206802874,0.31124606278295897,0.3700090297320355,0.841185046236214,0.3405270636092896,0.8018489447060876,1.19522,0.7527901645126345,1.2680033948652663,0.027492846505246003,-1.7063972834139728e-05,1.0,1.0,1.0,1.0,1.0,94733.68,0.0048374152847727725,-0.002920708910256642,0.4463941050381088,0.8362,0.5801096095949109
2025-05-06,597.61,603.18,593.23,602.57,214613.107,0,1,0.008299727246866784,0.005355712760277687,0.0026123128119801553,-0.025771612423404533,0.0846563703783707,0.00826547390907853,0.5888888888888889,0.9888888888888889,599.667,0.004841020099488583,600.6447999999999,0.0032052221212938692,610.6761,-0.01327397617165625,635.9016,-0.052416285790128504,598.6718288086981,597.9007848540216,0,0,1,52.78241852610843,0,0,0.7710439546765429,1.078079699934741,-0.3070357452581982,0,613.9868619517018,585.3471380482982,599.667,0.04775937962803287,0.6013627090048527,14.345238534339881,0.02380675860786279,12.518202134525838,14.15308697709648,19.61678473781986,0,52.19538968166868,31.51604545350395,166942.79757142856,207499.6809,0.8045448400081301,0,10076743.468700001,600.2478652768568,1014693.2362174451,0.20161028252103208,0.2414980864969925,0.3703385094063283,0.6521009302654655,0.30616159362797324,0.808504072240336,1.20514,0.7590381175522133,1.278527477190749,0.01651260434472332,0.0,1.0,1.0,1.0,1.0,1.0,96834.02,0.022170995574119168,0.027342318571748958,0.4030022100380322,0.7993,0.48411618886733576
2025-05-07,602.57,609.07,597.89,602.7,194088.591,0,1,0.00021574256932810343,0.02844564271453698,0.004700940188037794,-0.004969374783312164,0.08672917417958903,0.0002157193002466874,0.6,0.9888888888888889,600.2775,0.004035633519497255,600.1426,0.004261320559480412,609.9057,-0.011814449348481214,635.9266,-0.05224911176855939,599.2915474535138,598.2562822722423,0,0,1,52.8556455917802,0,0,1.035265181271484,1.0695167962020897,-0.0342516149306058,0,613.9777126376126,586.5772873623874,600.2775,0.045646264061580163,0.5884110365319907,14.119150067601323,0.02342649754040372,12.069951872422548,16.332338386573205,18.50727009019203,0,70.4044117647061,53.727925033899574,164586.78714285715,189726.17193333333,0.8674964843579422,0,10270832.059700001,600.9110154222114,1014735.1093887447,0.20102585431734935,0.2412589372483257,0.37028472018621794,0.651549805044603,0.2674550485067787,0.8086785009861934,1.2054,0.7592018743859119,1.2788033099936347,0.01854985896797754,0.0,1.0,1.0,1.0,1.0,1.0,97030.5,0.0020290389679165077,0.030354033045915996,0.40324585646915617,0.8017,0.48478024660021346
2025-05-08,602.7,629.33,600.8,629.17,384267.525,0,1,0.04391903102704475,0.052810361272401574,0.04926371262278395,0.04591472030587651,0.1362602037130678,0.042981929965282065,0.8222222222222222,1.0,602.1505,0.04487167244733666,600.3520000000001,0.04800183892116602,609.5845,0.03212926181686035,636.04295,-0.01080579542623664,603.8882324606654,600.5461872891133,0,0,1,64.81937776466528,0,0,3.342045171552172,1.5240224712721062,1.818022700280066,1,620.404653644121,583.8963463558789,602.1505,0.06062987125019762,1.2400918313378475,15.148496491344092,0.02407695295602793,12.58772772284325,23.688270596566436,16.01757267569054,0,99.6505024027958,74.08343461639019,197163.68657142855,195462.02743333334,1.0087058297738962,0,10655099.584700001,603.2661742036654,1031611.7667419054,0.3228833841527042,0.26742240571808773,0.35312960599531806,0.7572925101092581,0.2734203108918183,0.8441948771619101,1.25834,0.7925452850628574,1.3349671122427327,0.04534545512341671,0.0,1.0,1.0,1.0,1.0,1.0,103261.6,0.06421795208723036,0.0701802913900531,0.4147029133377661,0.8567,0.5593600757682796
2025-05-09,629.17,671.15,623.12,666.29,480734.869,0,1,0.05899836292258054,0.10574705013525376,0.1092077444272419,0.11064993082295671,0.14419906580574238,0.05732352074704578,0.9333333333333333,1.0,605.8785,0.09970893504225671,601.0684,0.1085094475104663,609.5677000000001,0.09305332287127402,636.3804,0.04699956189725509,613.4885043897939,605.4160993417717,0,1,1,74.56658786966408,1,0,8.072405048022233,2.8336989866221316,5.2387060614001015,0,639.313735290744,572.443264709256,605.8785,0.11036943971685413,1.4034107203774318,17.49717531339094,0.026260600209204614,15.076688989061093,36.11579638173491,12.876967725650253,0,94.45205479452052,88.16898965400748,245647.97285714286,198874.1855,1.2351928544146966,1,11135834.453700002,609.2703388382173,1059974.3370127066,0.4376690865995317,0.278389280698683,0.3584120789100935,0.776729627933427,0.25621513929604195,0.8940009929020918,1.3325799999999999,0.8393041594235758,1.4137279864205388,0.07208572843656662,0.0,0.0,0.0,0.0,0.0,0.0,102971.99,-0.002804624371499198,0.06280348454913631,0.35545650789248906,0.6028,0.4790878966182422
2025-05-10,666.29,678.95,648.83,663.9,444595.43,0,1,-0.003587026670068605,0.10154305624688886,0.10768152696209277,0.09332542858554405,0.14855630330605685,-0.0035934754762128244,0.9222222222222223,1.0,609.435,0.08936966206404298,601.643,0.10347830856504596,609.4313999999999,0.08937609712922577,636.7309,0.04266967411193639,621.2441190990564,609.7482401312701,0,1,1,73.16108554382342,1,0,11.495878967786325,4.566134982854971,6.9297439849313545,0,651.1149431760404,567.7550568239595,609.435,0.13678224314665358,1.1533718120723,18.39880564814873,0.02771321832828548,17.633481956421313,34.92081280933726,11.371224537308294,0,84.22431865828086,92.77562528519907,294765.8494285714,201386.70440000002,1.4636807842244595,1,10691239.023700003,615.055672482277,1058379.561347906,0.43999019432191566,0.27719468299455036,0.3518673663344231,0.7877817311739502,0.2628788166429669,0.8907941874974842,1.3277999999999999,0.836293553019424,1.408656906429026,0.04536827835517398,0.0,1.0,0.0,0.0,0.0,1.0,104809.53,0.017845046988020696,0.09340125575313585,0.33101835842320004,0.5922,0.5032588906828537
2025-05-11,663.9,668.49,647.83,651.15,319998.959,0,1,-0.01920469950293724,0.03493491425211004,0.1111205910960189,0.07902760746362625,0.11131022477087704,-0.019391505311401467,0.9333333333333333,0.9666666666666667,612.1255,0.06375244945685156,602.1258,0.08141853413356469,609.1682,0.06891659807586809,637.06215,0.022113776497316634,625.8450238530478,612.8150371585834,0,1,1,66.01264365632568,0,0,13.029986694464355,6.258905325176848,6.771081369287508,0,657.3171627033662,566.9338372966338,612.1255,0.14765489332944373,0.9317665877459866,18.56031953042382,0.02850390774848164,19.911189355461,32.14429044144263,10.851954309383862,0,70.85953878406704,83.17863741228949,319914.15285714285,206229.97903333334,1.551249504832828,0,10371240.064700002,618.4063905669536,1052234.0774990583,0.4292742120756858,0.2843124614726765,0.349378279059526,0.8137668496106945,0.2649063883065232,0.873686752807632,1.3023,0.8202327866374424,1.3816040738383195,0.03172848038086458,0.0,1.0,0.0,1.0,1.0,1.0,104118.0,-0.006597968715249425,0.10437662724196906,0.31311487456525205,0.6091,0.5608344650973321
2025-05-12,651.15,693.0,647.31,660.07,586386.945,0,1,0.013698840512938792,-0.009335274430052887,0.10451632335469618,0.08893691434604745,0.10510807145607681,0.013605859588791304,0.9111111111111111,0.9555555555555556,614.2035,0.07467638982845277,602.8514,0.09491327381839046,609.2395,0.08343270585705626,637.39,0.0355826103327634,631.1104047987328,616.3154047764662,0,1,1,68.34309008263124,0,0,14.795000022266663,7.966124264594811,6.828875757671852,0,664.1980509767666,564.2089490232333,614.2035,0.16279474466285726,0.958714990972867,20.498153849679262,0.031054515202447106,22.71525972681224,35.567342156713686,9.124182711610342,0,69.91320237551399,74.9990199392873,374955.06085714285,220733.92026666665,1.6986744058374128,1,10957627.009700002,624.5030365845129,1060266.8987374827,0.42812963204237664,0.2820835651089277,0.34878349796780866,0.8087640807334379,0.28622156455373,0.9000995459070269,1.32014,0.831469024765072,1.400530447697857,0.0692199312194162,0.0,0.0,0.0,0.0,1.0,1.0,102791.32,-0.01274208110028996,0.0850557056371084,0.31531766576212916,0.5671,0.5145741624291512
2025-05-13,660.08,672.0,640.66,664.13,416309.75,0,1,0.006150862787280165,0.00034643771652365096,0.1021624043679572,0.1050415973377703,0.1366639282535771,0.006132023443444253,0.9111111111111111,0.9777777777777777,617.1245,0.07616858510721902,603.3924,0.10066020055937074,609.7028,0.08926841077324882,637.83415,0.04122678285569999,636.1903425220047,619.857226644876,0,1,1,69.37247890661965,0,0,16.333115877128648,9.63952258710158,6.693593290027069,0,671.6507522865927,562.5982477134073,617.1245,0.17671070355039442,0.931035492343548,21.27257143184503,0.03203073409098374,24.717770330473734,31.82449253473276,10.396942112582078,0,73.6226587482869,71.46513330262265,403768.867,229781.03576666667,1.7571896899708075,0,11373936.759700002,628.269090995696,1062827.5628867396,0.42956088961054406,0.27170538394470845,0.3480674003492588,0.7806114093766696,0.2930822349752394,0.9072814207650273,1.32826,0.8365832766482755,1.4091449183110545,0.047189556261575345,1.5149908343040745e-05,0.0,0.0,0.0,0.0,1.0,104103.72,0.012767615008738131,0.0750738221959597,0.30725642653673035,0.5395,0.48452155442943684
2025-05-14,664.12,667.33,647.15,652.47,290029.994,0,1,-0.017556803637841956,0.0020271826768025747,0.08257839721254356,0.08766753350670142,0.11621103773907704,-0.01771275231756857,0.8666666666666667,0.9555555555555556,619.6705000000001,0.052930549380678864,603.8454,0.08052491581454456,610.0554,0.06952581683565143,638.1795,0.022392602708172334,638.694905210927,622.2729876341444,0,1,1,63.033231506571134,0,0,16.421917576782562,10.996001585037776,5.425915991744786,0,675.8644871198082,563.4765128801919,619.6705000000001,0.18136731414455967,0.7918417225856381,21.194530615284677,0.03248353275290002,26.577244462445123,29.660125998693616,9.68985169908846,1,62.96939241662864,68.8350845134765,417474.7817142857,234321.10906666666,1.7816353950232886,0,11083906.765700001,630.9033452427902,1057735.5632329972,0.4655071161138376,0.27892714093683924,0.33363252246525815,0.836031028617375,0.29645384008755515,0.8913524590163935,1.30494,0.8218955483334593,1.3844048376830045,0.03092862507088458,-1.505729299985079e-05,0.0,0.0,1.0,1.0,1.0,103507.82,-0.005724099004339123,0.06675550471243574,0.309500106320167,0.551,0.5038311307892333
2025-05-15,652.47,661.0,642.29,651.88,313560.813,0,1,-0.0009042561343817201,-0.012407774932961746,0.03609517300570597,0.08713706785851283,0.12486195472114847,-0.0009046652205910722,0.7555555555555555,0.9555555555555556,622.269,0.0475855297307113,604.5232,0.07833744015118034,610.8473,0.06717341633498253,638.4929,0.020966717092703823,640.7233813323229,624.4660996612448,0,1,1,62.72091064969042,0,0,16.25728167107809,12.048257602245839,4.209024068832251,0,679.413895024565,565.124104975435,622.269,0.1836662119583814,0.7590870101981204,21.017064142764344,0.0322406948253733,27.84193159876068,27.774104261900657,10.725414559004424,1,62.43033348560987,66.34079488350848,407373.82285714283,240051.78353333334,1.6970247704932189,0,10770345.952700002,633.54600973763,1057452.0239443402,0.41154441272739245,0.27686107868644977,0.32786875858987197,0.8444265317537398,0.2986980218877195,0.8905464480874317,1.30376,0.8211523442420577,1.3831529811160619,0.028701601521752527,0.0,0.0,0.0,1.0,1.0,1.0,103763.71,0.0024721803627976158,0.004862504551546687,0.30504490221185815,0.5421,0.4992839622611862
2025-05-16,651.88,659.97,644.0,646.76,200793.607,0,1,-0.007854206295637267,-0.02615451794076462,-0.02931156103198307,0.07669513392931449,0.10974605353466038,-0.00788521303617421,0.2777777777777778,0.9222222222222223,624.2455,0.03606673976824823,604.7112,0.0695353418292898,611.6194,0.05745501205488241,638.7212,0.012585772947570925,641.6520918965808,626.1174996863377,0,1,1,59.9451128340123,0,0,15.53459221024309,12.74552452384529,2.7890676863978,0,681.9321615888222,566.5588384111778,624.2455,0.18482043231011575,0.6951447646639565,20.656559561138323,0.03193852365813953,29.016283939625126,26.240338805426823,10.133126498088332,1,57.75239835541344,61.05070808588399,367382.214,240926.97216666667,1.5248695930394005,0,10569552.345700001,634.9118156494958,1055874.949532117,0.1902697435185838,0.27889909428587123,0.3137013440766048,0.8890592901564521,0.29992369954851705,0.883551912568306,1.29352,0.8147028443302345,1.33932491199006,0.02469231244974956,0.0,1.0,1.0,1.0,1.0,1.0,103463.9,-0.002889353127408567,0.004777124342260297,0.3064094809918343,0.5481,0.5062844225286839
2025-05-17,646.76,646.9,635.05,639.51,141777.711,0,1,-0.011209722308120451,-0.019862982206078517,-0.03673746046091275,0.06698812066203952,0.08301580043692525,-0.011273024758400986,0.24444444444444444,0.8666666666666667,626.048,0.021503143528930672,605.1052000000001,0.05685755138114811,612.2973,0.04444360607175639,638.8872500000001,0.0009747416308587823,641.3225392971069,627.109536746609,0,1,1,56.15529024820082,0,0,14.21300255049789,13.03902012917581,1.17398242132208,0,683.2508794269745,568.8451205730255,626.048,0.1827427910542786,0.6176689017655628,20.027519592485586,0.031316976423332844,29.241689791306484,25.13133614604545,12.896903778998245,1,51.12836911831888,57.103700319780735,324122.5398571429,240591.28723333337,1.3471915113151964,0,10427774.634700002,635.7895506198518,1054285.660762326,0.19468488710763193,0.2805252487028226,0.3143318042980267,0.8924494590335784,0.29954935502706664,0.8736475409836065,1.27902,0.8055702516816566,1.3032606480538007,0.018529811887226192,0.0,1.0,1.0,1.0,1.0,1.0,103126.65,-0.00325959102643536,-0.01605655516249338,0.3076405208632399,0.5533,0.5120156452880685
2025-05-18,639.5,655.19,634.39,651.53,189475.296,0,1,0.018795640412190506,-0.0005369086334908735,0.000583582891806822,0.11176902206371686,0.10109682107789286,0.018621184974031434,0.5333333333333333,0.9,628.3165,0.03694555212221858,606.076,0.07499719507124511,613.0355,0.06279326401162742,639.1669,0.01934252227391612,642.8929178667828,628.9184599505639,0,1,1,60.602475091715505,0,0,13.974457916218853,13.22610768658442,0.7483502296344327,0,685.7963503001397,570.8366496998603,628.3165,0.18296463740850247,0.7019272830286368,20.08269676445091,0.03082390183790602,29.825311009805805,26.22064705083103,11.942793162745845,1,62.110552763819086,56.997106745850466,305476.30228571425,240521.27216666666,1.2700593986299793,0,10617249.930700002,637.0325098535496,1057846.9702929354,0.21231115408359305,0.28429944893082537,0.31497128429874416,0.902620216835935,0.30361460613069785,0.8900683060109289,1.3030599999999999,0.820711460459023,1.3030599999999999,0.03192485380565756,-1.5636972056716713e-05,1.0,1.0,1.0,1.0,1.0,106454.26,0.0322672170578604,0.022438579304250972,0.3140468951822968,0.5714,0.5247286917484367
2025-05-19,651.54,653.53,633.51,649.62,210901.52,0,1,-0.0029315610946540893,0.004422042179479169,-0.015831654218492086,0.08703000284466467,0.09783178138678106,-0.0029358665363824195,0.4222222222222222,0.8888888888888888,630.7475000000001,0.029920847882869046,607.0243999999999,0.07017114962759341,613.4078,0.05903446288097421,639.5319999999999,0.01577403476292051,643.9278535795854,630.4519073616333,0,1,1,59.56852772660521,0,0,13.475946217952128,13.276075392857962,0.1998708250941661,0,687.4705304568673,574.0244695431328,630.7475000000001,0.17985970759096867,0.6663565913879617,20.078218424132988,0.03090763588579937,30.281314233727564,24.353174325381413,11.405271371268556,1,56.51999599077878,56.58630595763892,251835.5272857143,244331.02273333335,1.030714497358657,0,10406348.410700003,638.8651709551226,1057228.6996021,0.19009749457104608,0.2847177432886886,0.31281532847240523,0.910178362035749,0.3077576065621371,0.8874590163934426,1.29924,0.8183054946716045,1.29924,0.030818016686678336,1.5348487406552123e-05,1.0,1.0,1.0,1.0,1.0,105573.74,-0.008271345834351629,0.027068627973646064,0.3175374449516693,0.5735,0.5216940495158352
2025-05-20,649.62,653.75,640.14,650.0,169584.291,0,1,0.0005849573596872215,0.016403183687510703,-0.021275955008808523,0.07871284664022427,0.09654672132530329,0.0005847863388209216,0.37777777777777777,0.8777777777777778,633.2535,0.026445175589238697,607.9282,0.06920521206287199,613.7497,0.059063654124800455,639.9165,0.015757524614539487,644.8620299519569,631.8999142237345,0,1,1,59.71578538247468,0,0,12.96211572822233,13.213283459930835,-0.2511677317085059,0,688.6475731296672,577.8594268703329,633.2535,0.1749507049851826,0.6511578681062101,19.616202822409207,0.030178773572937242,30.71546054789265,23.226384594573005,10.840047143229455,1,54.789191462517095,57.80658007237165,216589.03314285717,246139.04583333334,0.8799458550331539,0,10575932.701700002,640.7567165927343,1057327.8991812079,0.18255197312626528,0.28478641476560257,0.3124821589109179,0.9113685586343802,0.309092230964718,0.8879781420765027,1.3,0.8187841684931851,1.3,0.02093846153846156,0.0,1.0,1.0,1.0,1.0,1.0,106849.99,0.012088706907607882,0.026380133197929867,0.3172556975291107,0.5718,0.520759445601021
2025-05-21,650.0,678.0,648.49,673.31,470531.895,0,1,0.03586153846153839,0.03342900557150097,0.03194016583137915,0.11715613074498066,0.1271805002176314,0.03523348477166615,0.7666666666666667,0.9555555555555556,636.9375,0.05710528898047288,609.1718,0.10528753957422189,614.2963,0.09606715847059469,640.4400499999999,0.051324007610080005,649.2386407285788,634.9673279849394,0,1,1,67.52853012379609,0,0,14.271312743639442,13.424889316672557,0.8464234269668847,1,692.7151359163889,581.1598640836111,636.9375,0.17514319981595974,0.8260491360240023,20.32290262080855,0.030183574610221964,32.11060212691026,29.34049080087063,9.715735757887822,1,78.644251626898,63.3178130267313,242375.01900000003,256092.5616,0.9464352165705388,0,11046464.596700002,644.0281703433055,1074201.8968311308,0.2629270666769125,0.29947793134118467,0.31923322030665674,0.9381164374231007,0.3152609315229974,0.9198224043715846,1.34662,0.8481470284433023,1.34662,0.04382825147406097,0.0,0.0,1.0,1.0,0.0,0.0,109643.99,0.02614880918566298,0.05928218756805048,0.3165835580250235,0.5912,0.567432957793514
2025-05-22,673.31,690.02,673.0,686.57,390007.996,0,1,0.01969375176367505,0.05687940642221623,0.053215315702276555,0.09123130473480945,0.11003864125074792,0.019502338845169432,0.8444444444444444,0.9111111111111111,641.2315,0.07070535368271844,611.0896,0.12351772964226528,614.7409,0.11684451124042672,641.0844000000001,0.07095103234457112,654.981926770336,638.7897481342031,0,1,1,70.9767908770356,1,0,16.192178636132894,13.978347180564624,2.21383145556827,0,698.4635709779163,583.9994290220836,641.2315,0.17850673579796486,0.8960934771825263,20.08698100503651,0.029257003663190218,33.77687219036349,31.838999114692,9.127715151200945,1,90.7985117344019,74.74398494127233,253296.04514285715,259577.22266666667,0.9758022777989446,0,11436472.5927,647.6994495920579,1081882.6174902031,0.27362858502017223,0.2888720821150289,0.3211352274210027,0.8995340823706103,0.3101405973835685,0.9379371584699454,1.37314,0.8648502254805633,1.37314,0.02478989760694464,0.0,0.0,1.0,0.0,0.0,0.0,111696.21,0.018717122570968137,0.07644772917236664,0.26325539362428246,0.5423,0.6035639838588686
2025-05-23,686.57,691.35,652.19,656.98,343668.707,0,1,-0.043098300246151244,0.010738461538461586,0.01580184303296428,-0.013972894685497228,0.08464446682405757,-0.0440546098855612,0.6888888888888889,0.8111111111111111,644.1125,0.019977100273632423,612.3758,0.07283795342663768,614.3414,0.06940538273995533,641.6068,0.023960469246897004,655.2893226518228,640.1371741983363,0,1,1,56.54610506311044,0,0,15.152148453486461,14.213107435148993,0.939041018337468,0,698.1835288709037,590.0414711290962,644.1125,0.1678931207542278,0.6189870090203167,21.449339504676757,0.03264839036907784,33.516046906735426,27.686972478495566,14.867348013965675,1,39.45200874096491,69.63159070075494,273706.7737142857,260561.99796666668,1.050447785364697,0,11092803.8857,649.5869990353507,1067071.0803707105,0.4104015035671033,0.3126601936875825,0.33182287265280774,0.9422502770468283,0.32198498682172383,0.8975136612021858,1.31396,0.8275766507948504,1.31396,0.05960607628847144,0.0,1.0,1.0,0.0,1.0,0.0,107318.3,-0.03919479452346686,0.03725357346862057,0.2941386184118089,0.6382,0.6845651271512105
2025-05-24,656.99,677.47,655.4,668.01,165142.039,0,1,0.016788943346829344,-0.007871559905541226,0.044565370361683065,0.006190691369182044,0.11048125675338705,0.016649566863518383,0.7888888888888889,0.9111111111111111,648.2115,0.030543271756209186,613.7818,0.08835094165385812,614.3743,0.08730134056714293,642.1307999999999,0.040302069298031006,657.2463499361577,642.2018279614226,0,1,1,59.82509930826178,0,0,15.044521974735062,14.37939034306621,0.6651316316688529,0,695.7818124028579,600.6411875971421,648.2115,0.14677404644273634,0.7080972249281523,21.493672397199852,0.03217567461145769,33.27385200050937,25.65630346740822,13.776919549370634,1,57.99293998991426,62.7478201550937,277044.53485714283,259259.58993333334,1.0685989857824845,0,11257945.924700001,651.4455928248087,1069843.6407076614,0.40595979829187984,0.31382145797189176,0.3324906253663639,0.9438505450374698,0.3245012796233534,0.9125819672131147,1.33602,0.841470788300204,1.33602,0.03303842756844965,1.5221163505724534e-05,1.0,1.0,0.0,0.0,0.0,107761.91,0.004133591381898505,0.04494725660147014,0.29410445582261635,0.6338,0.6822687695526919
2025-05-25,668.0,671.67,657.1,669.44,169208.322,0,1,0.002140686516669099,-0.024950114336484308,0.027489140945160084,0.028088766029332746,0.11590071844109961,0.002138398511973148,0.7333333333333333,0.9222222222222223,651.803,0.0270587892353979,615.308,0.08797545294389161,614.4716,0.08945637194623818,642.5169,0.0419025554036012,659.1222960998258,644.2194703346506,0,1,1,60.2439510917902,0,0,14.90282576517518,14.484077427488003,0.4187483376871768,0,693.8082613747152,609.7977386252848,651.803,0.12888943860250796,0.7099379866091788,20.99912436882843,0.03136819486261417,33.04895673044231,24.384779899654703,13.094136937279924,1,60.39670532862676,52.61388468650199,274149.2528571429,256318.9822,1.0695628177987626,0,11427154.246700002,653.7561748878696,1070205.862681075,0.3967692660735075,0.31329931815528117,0.3298868028612012,0.9497176468956864,0.32453197528107514,0.9145355191256831,1.33888,0.8432721134708892,1.33888,0.021764459847036233,-1.496983578088787e-05,1.0,0.0,0.0,0.0,0.0,109004.19,0.011528006509906819,0.02395329224025433,0.2946994005917572,0.634,0.6798469083971191
2025-05-26,669.45,678.33,668.22,674.29,180148.252,0,1,0.007244861376672906,0.026347834028433104,0.03797604753548223,0.021543169663823303,0.110435913904122,0.007218743439843464,0.7666666666666667,0.8888888888888888,655.389,0.028839361051222943,617.683,0.09164409575785633,614.5924,0.09713364499788797,642.89705,0.04883044649217153,661.4557890075449,646.4469169765283,0,1,1,61.70232327020932,0,0,15.008872031016608,14.589036348193726,0.41983568282288175,0,691.5339956643961,619.2440043356039,655.389,0.11030089203326911,0.7614608143198368,20.22132977105497,0.029989069645189714,33.14515812684412,25.8664892769866,12.626519942415307,1,70.5048409405255,62.964828753022175,269755.92885714286,257739.48586666668,1.0466224371871855,0,11607302.498700002,656.2617759574694,1071511.011794065,0.3941183691932576,0.31246765120049064,0.32435941411212144,0.9633376976457352,0.3243290754750465,0.9211612021857923,1.34858,0.8493815030357997,1.34858,0.014993548769817162,1.493785850859062e-05,1.0,0.0,0.0,0.0,0.0,109434.79,0.003950306864350717,0.03657206801615609,0.2943355457276096,0.64,0.6854645276789498
2025-05-27,674.3,697.73,666.56,686.91,326163.491,0,1,0.01871598273739794,0.028292989625903875,0.05678461538461543,0.03430051345369134,0.13828588473138215,0.018542993837423326,0.8555555555555555,0.9777777777777777,659.5995,0.041404670561454235,620.3292,0.10733139758695859,614.7305,0.1174164938944789,643.3425,0.06772053766073281,665.3718214679226,649.4441823856744,0,1,1,65.27213668783293,0,0,15.92763908224822,14.856756895004626,1.070882187243594,0,688.866204254067,630.332795745933,659.5995,0.08874083213849315,0.966579696895744,21.00337764455105,0.030576607771834814,33.98835795654054,29.722132839325905,11.288066421593179,1,83.1516661476175,71.35107080558993,292124.386,264552.1197,1.1042224357577128,0,11933465.989700003,659.3707908207765,1077615.4820611903,0.39973631341206955,0.31401581560450087,0.3206578319240109,0.9792862807072055,0.3322347944344115,0.9384016393442622,1.37382,0.8652785125840827,1.37382,0.045377123640651724,1.4830414213455495e-05,0.0,0.0,0.0,0.0,0.0,108938.17,-0.004538044985511469,0.01954309962967704,0.29264690758057194,0.6136,0.6640551863737801
2025-05-28,686.9,689.22,680.04,686.89,211875.743,0,1,-2.9115895823328408e-05,0.026066563097514317,0.02016901575797192,0.05275338329731638,0.13318265804408091,-2.911631969925091e-05,0.6666666666666666,0.9444444444444444,662.4855,0.03683778739308254,622.9926,0.10256526321500439,614.9243,0.11703180375210406,643.65365,0.06717331595960035,668.6823104728576,652.2179466534022,0,1,1,65.26175454120383,0,0,16.464363819455343,15.17827827989477,1.286085539560574,0,690.4734744664944,634.4975255335056,662.4855,0.08449384768872494,0.9359818898151357,20.158850669940264,0.029348004294632715,34.77132922697293,28.755350187688677,10.920895369437538,1,83.12052320149482,78.92567676321262,255173.50714285712,266822.0442,0.9563434232277617,0,11721590.246700002,662.8138010994084,1077609.3131091297,0.3515120823750323,0.31426750973952644,0.3148531150709693,0.99814006816699,0.3317836364950264,0.9383743169398907,1.37378,0.8652533192250522,1.37378,0.013364585304779606,-1.4557947911649132e-05,0.0,0.0,0.0,0.0,0.0,107781.78,-0.010615103962183348,-0.016984150248454122,0.2950362911114405,0.6145,0.6601862464640238
2025-05-29,686.89,691.24,673.33,675.02,260985.136,0,1,-0.017280787316746538,0.0010826202375833205,-0.016822756601657662,0.035497330797079174,0.12316139767054901,-0.017431842890805686,0.3333333333333333,0.9111111111111111,662.922,0.01824950748353495,624.8466000000001,0.08029714813203737,615.1927,0.09724969103176946,643.8921,0.0483433482100494,669.6573396308795,653.9069876420391,0,1,1,59.239285866697564,0,0,15.750351988840407,15.292693021683897,0.4576589671565099,0,691.4273299540591,634.4166700459409,662.922,0.08599904650640379,0.7122059281456804,19.998218479230246,0.02962611252885877,34.870729526464395,26.9158708989411,12.618927923212672,1,64.63718467767046,76.96979134226093,236741.67,267627.8821666667,0.8845926967077664,0,11460605.110700002,664.3510023526046,1073099.2844810814,0.3478710607425628,0.31841801144427545,0.31733818706439315,1.0034027558733838,0.3329280629303427,0.9221584699453552,1.35004,0.8503010606404151,1.35004,0.0265325471837871,0.0,0.0,0.0,0.0,0.0,0.0,105589.75,-0.02033766746104948,-0.05467025246425106,0.30164796534015387,0.6268,0.6671616649940549
2025-05-30,675.02,678.5,653.22,655.36,218723.509,0,1,-0.029125062961097403,-0.045930325661294735,-0.0024658284879296444,0.013297049910322212,0.09248516369940663,-0.029557617092177017,0.4444444444444444,0.7666666666666667,662.4950000000001,-0.010769892602963196,626.3932,0.04624379702717085,615.2125,0.0652579393299064,643.8707499999999,0.017844031585531855,667.4577489184366,654.0146181870733,0,1,1,50.86658022510911,0,0,13.443130731363226,14.922780563619764,-1.4796498322565377,0,691.1938409815539,633.7961590184464,662.4950000000001,0.0866386643870633,0.3756918440611218,20.375488587856655,0.03109052824074807,33.371474544926826,24.53053557875519,18.550401821391546,1,34.02366863905328,60.59379217273952,218892.35599999997,267899.3103333333,0.8170695017006333,0,11241881.601700002,664.309389784762,1066728.9485103842,0.27907740470439607,0.3325548054112904,0.3237655238735232,1.027147058255655,0.33730177704765774,0.8953005464480874,1.31072,0.8255359887133752,1.31072,0.03857421874999996,0.0,1.0,1.0,0.0,1.0,0.0,103985.48,-0.015193425498213675,-0.031055467706812445,0.3064570359723486,0.6419,0.7013616831487571
2025-05-31,655.36,661.42,645.04,658.01,158379.39,0,1,0.0040435791015625,-0.04204457773442616,-0.014969835780901497,0.028928398304952196,0.09736003869052579,0.004035425807190804,0.34444444444444444,0.7888888888888889,662.838,-0.0072838310416722864,627.8348000000001,0.048062324675216955,615.229,0.06953670909531239,644.03415,0.02170047970282327,666.0042490848309,654.3105723954383,0,1,1,51.85435974807722,0,0,11.693676689392646,14.276959788774342,-2.5832830993816955,0,691.1269776563665,634.5490223436334,662.838,0.08535713901848285,0.4146664107369499,20.090096545866892,0.030531597613815735,31.43521482616187,23.10193484696587,20.378397083320692,1,38.15010900031141,45.603654105678395,217926.2632857143,267970.98236666666,0.8132457528088776,0,11400260.991700003,664.5334774905862,1067369.3681019065,0.256119117601305,0.3324136099785373,0.32326755967677073,1.028292508876893,0.33948646345109584,0.8989207650273224,1.31602,0.8288741087849243,1.31602,0.024893238704578952,0.0,1.0,0.0,0.0,1.0,0.0,104591.88,0.005831583409529939,-0.02941698045255503,0.29997202962101976,0.663,0.73979237581985
2025-06-01,658.01,662.48,647.58,660.77,131807.448,0,1,0.004194465129709224,-0.02111048561524098,-0.012951123326959912,0.014182002363667179,0.10001831227421776,0.004185692882216166,0.3888888888888889,0.8,662.8729999999999,-0.003172553415209176,629.1044,0.05033441190365212,615.362,0.073790711808659,644.2346,0.025666736930925443,665.1989799948569,654.7890485142948,0,1,1,52.91606429058404,0,0,10.409931480562136,13.5035541271319,-3.0936226465697647,0,691.1492873316752,634.5967126683247,662.8729999999999,0.08531434326537735,0.4628133641568255,19.719375364019257,0.029843024598603534,29.699179477636648,22.239045919479683,19.278542929958746,1,42.44783556524444,38.20720440153639,212583.2812857143,267653.0684666667,0.7942493710367803,0,11532068.439700004,664.0645215789908,1067922.2298463786,0.2578491651922086,0.3324034084136494,0.31483776034139893,1.0557926979699097,0.34089721797836264,0.902691256830601,1.32154,0.8323507923311415,1.32154,0.022549449884225945,0.0,1.0,0.0,0.0,1.0,0.0,105642.93,0.0100490592577549,-0.030836062356869087,0.3006796414830708,0.6622,0.7370626875603445
2025-06-02,660.77,667.0,650.05,665.93,143785.605,0,1,0.007809071235074239,0.0161285400390625,-0.012398226282460123,0.025106985622363798,0.11106847303790701,0.00777873825091481,0.3888888888888889,0.8666666666666667,662.963,0.004475362878471324,630.7374000000001,0.055795961996228306,615.3356,0.0822224490180642,644.45275,0.03332633773383683,665.3114446110327,655.6143041799025,0,1,1,54.9176692698661,0,0,9.697140431130151,12.742271387931552,-3.045130956801401,0,691.2675773497444,634.6584226502555,662.963,0.08538810567028471,0.5524120173804109,19.521562838017886,0.02931473704145764,28.357387374152463,22.513644000321058,18.08290057659135,1,44.782080222260724,41.79334159593886,207388.61742857145,269086.91216666665,0.7707123908728768,0,11675854.044700004,664.4263993906245,1069045.0618784018,0.25869798444332653,0.33225624818833427,0.3150572430299779,1.0545900960503227,0.3433898431218777,0.9097404371584699,1.3318599999999998,0.8388506789610258,1.3318599999999998,0.025453125703902884,0.0,0.0,0.0,0.0,0.0,0.0,105857.99,0.0020357254385126033,-0.032684304506820805,0.29789331775795536,0.6613,0.7425338562186604
2025-06-03,665.93,673.43,657.11,661.59,158377.459,0,1,-0.006517201507665882,0.005440646798680948,-0.03686072411232899,0.017830769230769317,0.12893537873487726,-0.006538531189139669,0.13333333333333333,0.9333333333333333,663.419,-0.002756930386377163,632.2784,0.04635869262653919,615.3673,0.07511400102020376,644.66385,0.026255776557038223,664.7389146708738,656.0569483147245,0,1,1,52.881408745045924,0,0,8.681966356149246,11.930210381575092,-3.248244025425846,0,691.3025230727337,635.5354769272662,663.419,0.08406006783867734,0.4672028531827016,19.29287977815946,0.02916138360337892,27.48524869370363,23.53392169967181,16.990295648158288,1,31.410134750427122,39.5466835126441,183419.1842857143,269567.46630000003,0.6804203296609546,0,11517476.585700003,664.9719110372857,1068012.8840638266,0.2162161821671328,0.32453483383803466,0.31523066723518145,1.029515423370632,0.34291211813046335,0.9038114754098361,1.32318,0.8333837200513945,1.32318,0.024667845644583405,0.0,0.0,0.0,1.0,0.0,0.0,105376.89,-0.004544767948078454,-0.03269083738050671,0.2929160219162699,0.648,0.7232011370483462
2025-06-04,661.6,671.76,660.84,663.23,124473.802,0,1,0.0024788766456567135,0.003722929309744716,-0.03444510765915931,-0.014970815820350092,0.10980405281036121,0.002475809298948189,0.17777777777777778,0.8111111111111111,663.9865,-0.0011393303930124484,633.9526000000001,0.04618231710067904,615.8575999999999,0.07692102849749696,644.86655,0.028476356852437233,664.5067739522777,656.5882854765969,0,1,1,53.58181211775026,0,0,7.918488475680874,11.12786600039625,-3.209377524715375,0,691.3381194267079,636.6348805732921,663.9865,0.08238607088158535,0.4861708371230615,18.694816936862352,0.02818753213344142,26.67540563328686,22.552020727453748,16.281413039127106,1,34.52267982539388,36.90496493269392,170933.19271428575,267013.2400666667,0.6401674788546362,0,11641950.387700003,665.9321378261974,1068321.4392646006,0.21931287210400294,0.3211933603441921,0.31462594157731366,1.0208737357573061,0.3406857406324014,0.9060519125683061,1.32646,0.8354495754919004,1.32646,0.016464876438038026,1.511510149789281e-05,0.0,1.0,1.0,0.0,0.0,104696.86,-0.00645331248625769,-0.028621906225709037,0.2944191168551862,0.651,0.7155328671494863
2025-06-05,663.24,670.92,625.44,633.32,271543.149,0,1,-0.0450974774964944,-0.048969110867508436,-0.06177594737933678,-0.07755946225439503,0.05103141543721068,-0.04614601438793033,0.07777777777777778,0.6555555555555556,663.3145,-0.04521912305550369,634.9630000000001,-0.0025875523455697875,615.9558999999999,0.028190492208939183,644.93865,-0.018015124384311597,659.7088087288504,654.8647087746267,0,0,0,41.4734943930245,0,0,4.84409995422368,9.871112791161735,-5.027012836938056,0,693.0082983778694,633.6207016221305,663.3145,0.08953158231237064,-0.00506337414809364,20.608044298515033,0.032539702359810255,25.879628209281496,18.997008464740603,25.984702043405555,1,10.900539493705907,25.611118023175646,172441.4802857143,268910.9081333333,0.6412587777964482,0,11370407.238700002,665.2524889592071,1056075.5282132458,0.32824948325239905,0.35142875019298536,0.29906765882750425,1.1750810889106598,0.36077208255705845,0.8651912568306012,1.2666400000000002,0.7977729070616986,1.2666400000000002,0.07181203814817139,1.507772567584534e-05,1.0,1.0,1.0,1.0,1.0,101508.68,-0.030451534076571196,-0.03865024777499715,0.30474665807659607,0.6965,0.805981041628483
2025-06-06,633.33,651.51,629.38,642.7,169535.957,0,1,0.014810838122907732,-0.0285524267295455,-0.019317626953125,-0.02173582148619435,0.06636801061888176,0.014702228744006956,0.3,0.6555555555555556,663.4739999999999,-0.03131094813059727,636.0072,0.010523151310236793,616.2672,0.04289178460252313,645.0575,-0.003654712951946081,657.0920689244118,653.9636192357655,0,0,1,45.6235007704592,0,0,3.1284496886463558,8.52258017065866,-5.394130482012304,0,692.6593333028818,634.2886666971181,663.4739999999999,0.08797732330997711,0.14410206002429682,20.716755420049676,0.032233943395129416,25.140692029847944,17.547513017350767,24.00203685779987,1,23.876054779360906,23.099758032820244,165414.68714285715,268092.48699999996,0.6170060526271188,0,11539943.195700003,665.1254628086946,1058586.497828385,0.3197605054279583,0.3534141999194679,0.30004573574828775,1.177867764186296,0.36432776731585603,0.8780054644808744,1.2854,0.809588592447031,1.2854,0.034432861366111706,1.5789806101166714e-05,1.0,1.0,1.0,1.0,0.0,104288.44,0.027384456186406947,0.002913483690222929,0.31367873423143655,0.6979,0.7889205505747817
2025-06-07,642.71,653.81,639.69,650.82,90666.37,0,1,0.012634199470981766,-0.01871145756374104,-0.010926885609641057,-0.025733147707369564,0.03441041371966258,0.012555053902940636,0.4111111111111111,0.6222222222222222,663.4385,-0.019019848863157513,637.1894,0.02139175573228317,616.7212999999999,0.05529029076829376,645.2341,0.008657167995305947,656.1271352437332,653.7307585516346,0,1,1,48.99517280652434,0,0,2.3963766920985563,7.297339474946639,-4.900962782848083,0,692.6866645128156,634.1903354871844,663.4385,0.08817144170202847,0.2842856088546872,20.245558604331837,0.03110776958964358,24.288331974939954,17.484815372498307,22.806329242347086,0,35.10859039977868,23.295061557615174,155741.39857142858,258305.78183333334,0.6029342334734018,0,11630609.565700002,665.557107106924,1059731.994832275,0.3312733425317757,0.3332899159399804,0.30063072595171275,1.1086355690519585,0.3572925411804496,0.8890983606557378,1.3016400000000001,0.8198170962134382,1.3016400000000001,0.02169570695430363,1.5559358954396925e-05,1.0,1.0,0.0,0.0,0.0,105552.15,0.012117450409652175,0.009181114250934153,0.2557286313048132,0.6534,0.8526373364940213
2025-06-08,650.82,656.39,646.49,652.0,72300.314,0,1,0.0018130973233765335,0.029495357797006072,-0.013272394327829673,-0.026051625239005838,-0.021447117621456124,0.0018114556464716557,0.35555555555555557,0.34444444444444444,663.5575,-0.01741748077596893,638.3948,0.02131157709931216,617.3606,0.05610886085053051,645.46715,0.01012111925448112,655.4921913600818,653.6025542144765,0,1,1,49.485360047788205,0,0,1.8896371456053203,6.215799009078376,-4.326161863473056,0,692.5874916601741,634.5275083398259,663.5575,0.08749804398314877,0.3009386269329248,19.506590132593846,0.029918083025450685,23.30479122830459,17.79570051891429,21.979565942777544,0,36.74090468944523,31.90851662286161,147240.3794285714,244691.29666666666,0.6017393402804645,0,11702909.879700001,666.3169179217708,1059863.0823380677,0.32984413355685677,0.28766643788882135,0.2837413876617105,1.0138331959939186,0.3341457708396858,0.8907103825136612,1.304,0.8213035043962411,1.304,0.015184049079754566,0.0,1.0,1.0,0.0,0.0,0.0,105734.0,0.0017228450581063814,0.0008620548483462276,0.2555018190256707,0.7905,0.883459302957984
2025-06-09,652.0,667.74,648.01,665.58,127272.158,0,1,0.020828220858895685,0.03559981328769246,-0.0005255807667471357,-0.012917290779931423,0.002530501581563538,0.02061427905197028,0.4666666666666667,0.4777777777777778,664.3365,0.0018717923823243793,639.851,0.04021092410576844,617.9371,0.07709991842211782,645.68575,0.03081104081977968,657.0441619200692,654.4897724208116,0,1,1,54.86182882195209,0,0,2.5543894992575815,5.483517107114218,-2.9291276078566364,0,692.6622920593543,636.0107079406457,664.3365,0.08527543514274553,0.5219499599056999,19.522547980265717,0.029331632531424796,21.687287163822447,20.663779117620532,20.39291402005369,0,55.52635219255776,42.458615760593894,144881.31557142857,234113.85426666666,0.6188498157242841,0,11830182.037700001,666.8820705493196,1062513.93495408,0.35379810976869464,0.29405224925317736,0.2856293528172413,1.029488903548808,0.3288473108276804,0.9092622950819673,1.3127810650887575,0.8384097951779911,1.3311600000000001,0.02964331860933324,0.0,0.0,0.0,0.0,0.0,0.0,110263.02,0.042834093101556725,0.04161263594746134,0.27899585161466867,0.8066,0.8442331764871375
2025-06-10,665.58,674.0,657.26,673.51,176645.056,0,1,0.011914420505423795,0.03486371039611558,0.018017200985504633,-0.01950765020162759,0.03433924594947402,0.011844002571515772,0.6333333333333333,0.6111111111111112,664.3465,0.013793253972136528,641.3744,0.05010427606714573,618.4328,0.08905931250735721,645.8883000000001,0.04276544411781405,659.57736777852,655.8986781674182,0,1,1,57.69351371409283,0,0,3.678689611101845,5.122551607911744,-1.4438619968098987,0,692.6857688499134,636.0072311500866,664.3465,0.08531472311486077,0.6616749544339072,19.32379455310388,0.028691176898789743,20.58745260577462,21.69909905809717,19.131044952148255,0,73.05471124620057,55.107322709401195,147490.97228571426,229335.3908333333,0.643123469734776,0,12006827.093700001,666.9785924714324,1064618.5584314682,0.3568721648282484,0.2899824176950734,0.2853607898516163,1.0161957353911877,0.3272172566563349,0.9200956284153006,1.328422090729783,0.8483989620336079,1.3470199999999999,0.024854864812697674,0.0,0.0,0.0,0.0,0.0,0.0,110274.39,0.00010311707406529536,0.04647603473588946,0.27790836078821196,0.8006,0.8293183202325557
2025-06-11,673.51,674.8,662.2,667.43,177934.085,0,1,-0.009027334412258226,0.023665644171779077,0.0063326447838607525,-0.028330591506645963,0.011150332540488028,-0.009068327688721217,0.5222222222222223,0.5,663.3895,0.006090690310895713,642.3528,0.0390396056497301,619.3461,0.07763655894499048,645.97335,0.0332159987714663,660.7854650433632,656.7528501550169,0,1,1,54.85225658317505,0,0,4.032614888346302,4.9045642639986555,-0.8719493756523535,0,689.7956368266084,636.9833631733916,663.3895,0.07960975211880326,0.5765068367730433,18.843523513596455,0.028232958532874546,19.61798113035351,20.96596104237342,18.217312419880084,0,63.81458966565337,64.13188436813725,155128.15557142856,215720.29549999998,0.7191171104780384,0,11828893.0087,665.3154946466835,1063012.287942834,0.36363201855871446,0.28894694897104173,0.28409661616618676,1.01707282849866,0.30668205645343427,0.9117896174863387,1.3164299802761341,0.8407401808883178,1.33486,0.018878384250033575,0.0,0.0,0.0,0.0,0.0,0.0,108645.12,-0.014774690660270262,0.0377113506555975,0.27891004173774325,0.8391,0.8631306668872005
2025-06-12,667.42,669.93,651.91,654.75,152793.975,0,1,-0.018998247007176672,-0.016271522581808417,0.033837554474831055,-0.030028739889188416,-0.014123740833872911,-0.019181032473596517,0.7222222222222222,0.34444444444444444,663.278,-0.012857353930026353,643.3336,0.017745692126137906,620.0535,0.055957268203469565,645.94885,0.013625150040904952,659.8569319597689,656.6044908842749,0,1,1,49.38942426185232,0,0,3.252441075493948,4.574139626297715,-1.3216985508037666,0,689.816591244892,636.739408755108,663.278,0.0800225282457492,0.33932832151289427,18.784700405482425,0.02868988225350504,18.45574841264704,19.529356443082055,20.88180614945823,0,55.239351677346356,64.03621752973343,138163.98785714287,206936.43633333332,0.6676638986601096,0,11676099.0337,664.8826163487014,1060109.4702645757,0.22767990191918447,0.29383265643609324,0.2831348504590904,1.0377834306149767,0.29899132014494745,0.8944672131147541,1.2914201183431953,0.8247675912629431,1.3095,0.02752195494463533,-1.4982844642870272e-05,0.0,0.0,0.0,0.0,0.0,105671.73,-0.027367911232460296,0.04101176372306292,0.2894980144579179,0.844,0.8508368033691976
2025-06-13,654.76,659.42,639.01,655.35,223303.917,0,1,0.0009163802978235935,-0.026963222520823726,0.019682589077330004,-1.52587890625e-05,0.004413996045795177,0.0009159606777332959,0.6555555555555556,0.45555555555555555,662.645,-0.011008911257158749,644.4096,0.01697740070911431,620.6246000000001,0.05595234220493341,646.0446,0.014403649531317309,659.1635578121121,656.5115656335879,0,1,1,49.64497835341692,0,0,2.6519921785242104,4.189710136743014,-1.5377179582188036,0,689.3119813577979,635.9780186422021,662.645,0.08048647875649227,0.36322036412518866,18.90079323366225,0.028840761781738382,18.174663655960558,18.023016924207074,24.14622823636956,0,60.595623987034095,59.883188443344615,145845.125,204712.23376666664,0.7124397126467583,0,11899402.9507,663.9279856839421,1060314.1015745413,0.21716300913236697,0.2892604410575337,0.2831261709031819,1.021666206747272,0.29922233897803924,0.8952868852459017,1.292603550295858,0.8255233920338599,1.3107,0.03114366369115735,1.5273004963712724e-05,0.0,0.0,0.0,0.0,0.0,106066.59,0.003736666372359032,0.017050307780996476,0.28898345932937874,0.8474,0.8422002919678713
2025-06-14,655.35,655.36,639.0,645.61,93690.143,0,1,-0.014862287327382373,-0.03269256701077261,-0.008005285639654636,-0.018844698408838734,-0.00961833466282136,-0.014973837762613821,0.4,0.3333333333333333,661.4535,-0.023952552976135057,645.3236,0.00044380834669607275,621.1157,0.03943596982011575,646.2051,-0.0009209150469409823,657.0783950717872,655.7040422533221,0,0,1,45.61807756433223,0,0,1.3743528184651268,3.626638673087437,-2.2522858546223103,0,688.9584593805665,633.9485406194334,661.4535,0.08316520928702188,0.21198830398575202,18.719308002686375,0.02899476154750759,17.91424559513877,16.897912159048808,22.642691682063248,0,40.86304700162074,52.23267422200041,146277.09257142857,197383.21143333332,0.7410817338982958,0,11805712.8077,663.3572744787524,1058921.6517495317,0.22770217528800066,0.29256009818133166,0.28443073534546337,1.0285811687193178,0.2982822719881694,0.88198087431694,1.2733925049309665,0.8132542261859774,1.29122,0.02534037576865292,0.0,1.0,0.0,0.0,0.0,1.0,105414.64,-0.0061466103511010894,-0.0013027683472103258,0.28967405497004395,0.8465,0.8491478560845531
2025-06-15,645.61,652.0,642.77,648.19,79324.646,0,1,0.003996220628552871,-0.010019091256204593,-0.005843558282208505,-0.01903839460023904,0.0022110210897396954,0.003988256948262037,0.4111111111111111,0.43333333333333335,660.1485,-0.01811486354964066,646.1428,0.00316833987781043,621.6499,0.04269300131794448,646.22535,0.0030401933319390917,655.7109496761276,655.1474465308538,0,1,1,46.847952734769486,0,0,0.5635031452737849,3.014011567524707,-2.450508422250922,0,687.5656189511087,632.7313810488913,660.1485,0.08306348935461856,0.28191545177805094,18.04150028820878,0.027833660328312346,17.672428824375682,16.28041627956273,21.81526586267523,0,46.0899513776338,49.18287412209622,147280.56857142856,193334.24606666664,0.7617924478865602,0,11885037.4537,662.4392611343133,1059238.6505362296,0.22925977591655103,0.29191605151532257,0.2843553942709213,1.0265887596885108,0.29626048079578343,0.8855054644808744,1.2784812623274162,0.8165041695009196,1.29638,0.014239651953902432,0.0,0.0,0.0,0.0,0.0,1.0,105594.01,0.0017015663099546607,-0.0013239828248245988,0.28948705140010805,0.8465,0.8476405425511396
2025-06-16,648.19,659.46,646.26,650.74,124203.787,0,1,0.00393403168823947,-0.0070344090943770254,-0.022296343039153843,-0.022810205276830864,0.01756031961970894,0.003926313621035874,0.2222222222222222,0.5444444444444444,658.3399999999999,-0.011544186894309794,647.0884000000001,0.005643123876119423,622.2262999999999,0.04582528896640995,646.2099,0.007010260907485418,654.9461881874926,654.8209690100498,1,1,1,48.097351732561286,0,0,0.1252191774427729,2.43625308950832,-2.311033912065547,0,682.9527737481828,633.727226251817,658.3399999999999,0.07477222635168126,0.34560862425022304,17.695678839051016,0.02719316292075332,16.817496723262146,18.42419430881382,20.65290981920094,0,51.25607779578608,46.06969205834688,146842.22985714287,192748.44859999997,0.76183352407612,0,12009241.2407,659.8433386969464,1059727.2721700869,0.18031946777196334,0.2901004766374017,0.283412963504802,1.0235963558261385,0.29660296344230463,0.8889890710382514,1.2835108481262327,0.8197163227773159,1.30148,0.02028459907182599,0.0,0.0,0.0,0.0,0.0,1.0,106794.53,0.011369205507016922,-0.03145651189310805,0.29078872185488336,0.8467,0.8384888536817005
2025-06-17,650.74,659.0,640.11,648.08,182982.263,0,1,-0.004087654055383028,0.0038258391288858995,-0.037757420082849436,-0.020420502123671747,-0.005295228155265175,-0.004096031350002905,0.1,0.35555555555555557,656.3995,-0.012674445973831407,647.9268,0.00023644646277956632,623.1605999999999,0.039988728427310896,646.17695,0.0029450911240334514,653.8898515432629,654.3216379722683,1,1,1,46.85995444995732,0,0,-0.43178642900534214,1.8626451858055877,-2.2944316148109296,0,677.3874679566093,635.4115320433907,656.3995,0.06394876277818397,0.30180310887648204,17.780987493404513,0.027436408303611454,16.454922669094703,17.026099732383365,21.55622833607466,0,45.867098865478184,47.73770934629937,147747.54514285715,192532.01416666666,0.767392092075443,0,11826258.9777,657.4908396212653,1058979.3039806718,0.14659591368185668,0.2852552588412445,0.2836527456540182,1.0056495599347413,0.29560564763023434,0.8853551912568307,1.2782642998027614,0.8163656060262515,1.29616,0.029147636094309322,0.0,0.0,0.0,0.0,0.0,0.0,104551.17,-0.02100631933114927,-0.05189981100779606,0.28240443809644905,0.8334,0.835474594259653
2025-06-18,648.09,654.31,637.35,644.77,143725.674,0,1,-0.005107394148870625,-0.005276230734815535,-0.033951125960774875,-0.02783348159763588,-0.00746590314337614,-0.0051204814667784055,0.16666666666666666,0.32222222222222224,654.887,-0.015448466682038219,648.8022,-0.0062148371260146605,624.2934,0.03279964196321787,646.13365,-0.0021104766792443127,652.486797459684,653.6141092335818,1,0,0,45.29824440187178,0,0,-1.127311773897759,1.2646537938649185,-2.3919655677626777,0,674.5425572428411,635.2314427571588,654.887,0.0600273245394737,0.24264275810128144,17.7223455295899,0.027486306015462727,16.307487093891627,15.862263735541767,21.195127985469917,0,39.161264181523435,45.428146947595906,142860.6292857143,190292.8193,0.7507410411555887,0,11682533.3037,654.9868807346392,1058245.2403142417,0.1444561475488534,0.28550901755587466,0.2839643435079508,1.0054396760834186,0.29417609851198545,0.8808333333333334,1.2717357001972387,0.8121961051066938,1.28954,0.026303953347705265,1.5430193803220135e-05,0.0,0.0,1.0,1.0,1.0,104886.78,0.0032100071190022117,-0.03459281005902515,0.28159995314765207,0.8306,0.8358130541796621
2025-06-19,644.77,646.5,638.66,644.65,80404.985,0,1,-0.00018611287746017613,-0.009358576389956075,-0.015425735013363862,0.017889850312638123,-0.008230769230769264,-0.00018613019861091386,0.32222222222222224,0.3,654.3515,-0.014826129381532724,649.6976,-0.007769152910523279,625.2238,0.03107079417002359,646.07695,-0.0022086378410497904,651.2811363120403,652.9501011422053,1,0,0,45.23937994761533,0,0,-1.6689648301650095,0.6779300690589329,-2.3468948992239422,0,674.5294277794816,634.1735722205184,654.3515,0.06167305425136671,0.2596011813991818,17.01646370604777,0.026396437921426773,16.170582631203057,15.340247654800713,20.4976110467628,0,33.619550858652566,39.54930463521807,132519.345,187320.17576666668,0.7074483272163447,0,11602128.3187,654.1007770024179,1058230.2759111212,0.10547555512026699,0.2854981778966231,0.283982734805125,1.0053363916385198,0.2926596127841412,0.9239247273300559,1.2714990138067062,0.8120449449525105,1.2893,0.012161638098192868,0.0,0.0,0.0,0.0,1.0,1.0,104658.59,-0.002175583996381625,-0.009587616290563261,0.2792751986597237,0.8366,0.8488470460761866
2025-06-20,644.65,651.02,638.0,641.61,143279.622,0,1,-0.0047157372217482285,-0.009983335390692516,-0.02096589608606092,-0.0016959701260308435,-0.04708083943502983,-0.004726891391090113,0.26666666666666666,0.13333333333333333,653.5315,-0.01824166088398193,650.5372,-0.013722812469448281,625.9412,0.02503238323344115,646.0459,-0.006866230402514662,649.793269187111,652.11009365019,1,0,0,43.69043789820566,0,0,-2.3168244630790014,0.07897916263134608,-2.3958036257103474,0,674.404397839323,632.6586021606771,653.5315,0.06387725102561374,0.21442633189290944,16.731002012758644,0.026076591718892542,15.602733755478567,16.417247343941174,19.358242450730557,0,11.375166889185577,28.05199397645387,121087.30285714286,176411.76666666666,0.6863901719545703,0,11458848.696700001,653.5334562326665,1057554.6068645378,0.10384868750423788,0.2650701521923489,0.283948846727491,0.9335137481531659,0.28440543690163594,0.9195677411032921,1.2655029585798816,0.8082155543798655,1.28322,0.02029270117361011,0.0,0.0,1.0,1.0,1.0,1.0,103297.99,-0.013000366238452021,-0.026102470155776603,0.2696473377772868,0.8189,0.7962899497516348
2025-06-21,641.61,644.84,621.94,628.97,143508.116,0,1,-0.019700441077913355,-0.02450486219892356,-0.025774074131441616,-0.0335730309455764,-0.0838953056498245,-0.019897081656323968,0.2222222222222222,0.011111111111111112,651.9415,-0.03523552343270062,651.1028,-0.033992788849932724,626.4329,0.0040500746368845085,645.51755,-0.025634547039038676,646.5896893121709,650.3960126390648,1,0,0,37.882576905881685,0,0,-3.806323326893903,-0.6980813352737039,-3.108241991620199,0,675.20103909577,628.68196090423,651.9415,0.07135468165708131,0.006191848741801341,17.171644726133025,0.0273012142489038,16.197005759714877,14.853394466661387,24.194688424069017,0,13.299281119939437,19.43133295592587,128204.15614285716,168195.104,0.762234768396452,0,11315340.5807,652.3001441022591,1054727.4336810776,0.12883239492738102,0.26238708231111824,0.2783543631389648,0.9426368581121357,0.2880239109438854,0.9014518510025368,1.2405719921104537,0.7922933514725519,1.25794,0.036408731736012806,0.0,1.0,1.0,1.0,1.0,1.0,102120.01,-0.011403706887229914,-0.03125400798219302,0.2637544712479483,0.808,0.7947240914687823
2025-06-22,628.98,635.51,601.25,615.81,243515.033,0,1,-0.0209230964910887,-0.04473745443263788,-0.04995448865301855,-0.055506134969325216,-0.06266553015312504,-0.021145086412235437,0.07777777777777778,0.06666666666666667,649.4355,-0.051776504364174886,651.4318,-0.054682316706061954,626.7134000000001,-0.0173977451256031,644.89895,-0.04510621392700371,641.8543524949139,647.8340857769119,1,0,0,32.968691492388814,0,0,-5.979733281998051,-1.7544117246185733,-4.225321557379478,0,676.7888821443917,622.0821178556084,649.4355,0.08423740970240036,-0.11464976839974586,18.392241531409237,0.029866747099607408,17.791237912844856,12.87710581737729,29.010733014212583,0,19.796057104010814,14.82350170437862,151659.92571428572,164856.6482,0.9199503166550836,0,11071825.5477,649.0382896752477,1049632.3451485878,0.1517993301588588,0.23849151099016436,0.2784305438528075,0.856556567717093,0.2862881099210851,0.8825906869419402,1.2146153846153844,0.7757161212304435,1.23162,0.0556340429677985,1.5899009491694206e-05,1.0,1.0,1.0,1.0,1.0,100963.87,-0.01132138549535977,-0.04384850996756351,0.24183956913754762,0.7645,0.7473623571574605
2025-06-23,615.81,642.79,615.05,640.49,219674.329,0,1,0.040077296568747034,-0.0017456087031062495,-0.015751298521683,-0.03769644520568527,-0.04119698806904082,0.039295034015212844,0.35555555555555557,0.17777777777777778,648.3805,-0.012169551675289395,652.5210000000001,-0.018437720778335196,626.92,0.02164550500861362,644.5159,-0.00624639361108078,641.644452111081,647.2900794230666,1,0,0,46.88379647407334,0,0,-5.64562731198555,-2.5326548420919686,-3.112972469893581,0,675.3854324734392,621.3755675265608,648.3805,0.08329964418559542,0.35390631863714717,19.059938564880007,0.02975837025539822,18.601149242806247,14.266666152316706,25.994842114209103,0,53.35146159075463,28.81559993823497,165298.57457142856,166674.39119999998,0.9917454828023309,0,11291499.8767,647.0819735546456,1058436.2983804613,0.3185779060208349,0.2618921408959245,0.2892321655005884,0.9054737755140575,0.290746673180543,0.9179625356513265,1.2632938856015778,0.8068047262741541,1.28098,0.04331059032927916,0.0,1.0,1.0,1.0,1.0,1.0,105333.93,0.043283404251441615,-0.013676730446774865,0.2747371161521898,0.8231,0.7816864375602431
2025-06-24,640.5,644.09,636.17,643.53,131607.231,0,1,0.004746366063482554,0.023148957819927762,-0.007020738180471664,-0.04451307330254939,-0.03870399139579361,0.004735137583710892,0.5,0.18888888888888888,647.3955,-0.005970847804780845,653.4394,-0.015164986990377386,627.3333,0.02581833293402401,644.08245,-0.0008577318012624341,641.9345364016839,647.0115550213579,1,0,0,48.30727630263618,0,0,-5.07701861967405,-3.041527597608385,-2.035491022065665,0,673.5433810452811,621.2476189547189,647.3955,0.08077869260840123,0.42608387667616376,18.264228667388583,0.028381316593458866,19.234560596475436,14.333181823794357,25.189680625777182,0,57.48470428280081,43.54407432585543,157959.2842857143,165421.02149999997,0.9548924486947042,0,11423107.107700001,646.0876735424387,1059060.9544753886,0.32084811008696384,0.2623050250090695,0.28922058506418763,0.9069376059482602,0.2890333067477967,0.9223195218780903,1.2692899408284024,0.8106341168467991,1.2870599999999999,0.012307118549251896,1.5613046261441873e-05,1.0,1.0,1.0,1.0,1.0,106083.0,0.007111383767794521,0.014651485966154176,0.2733353402258095,0.8267,0.7903589053628759
2025-06-25,643.53,652.64,641.85,646.07,169433.154,0,1,0.003946979938775241,0.04913853298907145,0.0020162228391520376,-0.03200335615719985,-0.04185142891040938,0.003939211049181239,0.5888888888888889,0.17777777777777778,648.0330000000001,-0.0030291667245342115,654.3094,-0.01259251357232516,627.4771,0.029631200883665876,643.5642,0.0038936286387589955,642.5707615706556,646.941810204961,1,1,0,49.52444345510168,0,0,-4.371048634305453,-3.3074318049477984,-1.0636168293576542,0,673.3442815288334,622.7217184711668,648.0330000000001,0.07811726109267063,0.46122282473599907,17.73035519114654,0.02744339652227551,19.06243676255507,17.1545940313213,24.094719667490175,0,65.25917297612126,58.698446283225586,161631.78142857147,165063.85156666665,0.9792076211386052,0,11592540.2617,646.3954387399373,1059729.70373519,0.32057373648416815,0.2615489210523361,0.2883810688056593,0.9069559320781718,0.28930796511852225,0.925959898528084,1.2742998027613412,0.8138336734436803,1.29214,0.016700976674354114,0.0,1.0,1.0,1.0,1.0,1.0,107340.58,0.01185467982617383,0.023394750034275047,0.2754714317864635,0.8258,0.7811122614115465
2025-06-26,646.06,650.0,641.12,642.3,103057.286,0,1,-0.005835281006702164,0.002825961373323471,-0.003645388970759389,-0.019014891179839677,-0.06494300563392585,-0.005852372781555292,0.5111111111111111,0.05555555555555555,648.013,-0.008816181156859629,655.1014,-0.01954109699658718,627.6220000000001,0.023386688165806618,643.0657,-0.001190702598505935,642.5291059444008,646.597972412001,1,0,0,47.728108392089055,0,0,-4.068866467600174,-3.4597187374782736,-0.6091477301218999,0,673.3426498614873,622.6833501385128,648.013,0.0781763633182892,0.3872270238388398,17.0981869632075,0.02662025060440215,18.94787527547698,16.518215802924807,23.50584724597623,0,70.520529118708,64.42146879254337,164867.82442857142,157626.97806666666,1.0459365931562954,0,11489482.9757,646.6327487031452,1059128.335511592,0.32272107728009536,0.25483525168581334,0.28834170959420086,0.8837960073291409,0.2791852225608878,0.9205566623192352,1.2668639053254438,0.8090847252664197,1.2846,0.013825315273236799,-1.547819895693128e-05,1.0,1.0,1.0,1.0,1.0,106947.06,-0.0036660878858676416,0.0218660503643322,0.27537192351248935,0.86,0.7926669880926908
2025-06-27,642.3,648.44,639.16,645.71,81302.955,0,1,0.005309045617312824,0.003387565459263886,0.006390174716728314,-0.014709697108415298,-0.05995137503821568,0.005295002317049114,0.6222222222222222,0.1,647.7574999999999,-0.0031609051226730686,655.4322,-0.014833265744343854,627.8921,0.028377327888024086,642.8483,0.004451594567489782,643.0184742606469,646.5321966777788,1,1,0,49.51194112589167,0,0,-3.5137224171318167,-3.4705194734089826,-0.043202943722834064,0,673.0710161524486,622.4439838475513,647.7574999999999,0.07815738498573507,0.4595571791040606,16.53974503726411,0.025614819403856393,18.968589619521705,15.85622147909721,23.41025818203709,0,76.37862910152896,70.71944373211942,156014.01485714287,153274.55180000002,1.0178729151380421,0,11570785.9307,646.5239726614328,1059559.9766085094,0.3228383465778394,0.25570202361074496,0.28838887704521565,0.8866570244685761,0.2793370187213671,0.9254439396328092,1.2735897435897436,0.8133801929811302,1.29142,0.014371776803828477,0.0,1.0,1.0,1.0,1.0,1.0,107047.59,0.0009399977895605538,0.0362988669963471,0.2737042550959948,0.866,0.8057819130237164
2025-06-28,645.72,649.18,644.25,648.6,57714.965,0,1,0.004475693422743898,0.00391598433606255,0.031209755632224168,0.004631278945493422,-0.03913958104945037,0.004465707292421661,0.7888888888888889,0.2222222222222222,647.5875,0.0015634952805606123,655.0784,-0.009889503302200111,628.0734,0.03268184896860786,642.7072999999999,0.00916855931152502,643.8771705282397,646.6853672942397,1,1,0,51.03698457119005,0,0,-2.8081967659999236,-3.338054931927171,0.5298581659272474,1,672.826609063437,622.348390936563,647.5875,0.07794810450614632,0.5200581565192176,15.710477534602386,0.024222136192726465,18.913823995327547,15.837257011036359,22.885528415897426,0,81.34341178491667,76.08085666838456,143757.85042857143,146498.87943333332,0.9812897612912511,0,11628500.8957,646.4113299476722,1059818.291097754,0.28811651078844114,0.2521144045768147,0.28777071085878875,0.8760947346741245,0.2758937534978039,0.9295859429865421,1.2792899408284024,0.817020633361046,1.2972000000000001,0.00760098674067214,1.5486828452387147e-05,0.0,1.0,1.0,1.0,1.0,107296.79,0.002327936574751499,0.05069310118555603,0.26693009283621416,0.8604,0.809174708486188
2025-06-29,648.61,656.0,646.72,654.9,73235.796,0,1,0.00971322849213685,0.019617001401214473,0.06347737126711173,0.010351902991406758,-0.000701904296875,0.009666358350790247,0.9222222222222223,0.45555555555555555,647.0535,0.012126508859004691,654.8983999999999,2.4431270561252167e-06,628.2707,0.04238507382247802,642.42575,0.019417419055820822,645.572990446972,647.2938586057774,1,1,1,54.27915040207951,0,0,-1.7208681588053878,-3.0146175773028148,1.293749418497427,0,671.1141665480638,622.9928334519361,647.0535,0.07436994482856167,0.6630565800063297,15.251157710702214,0.02328776562941245,18.19268836344618,18.34306329185651,21.89086058370443,0,92.16629445112515,83.29611177919027,119432.24514285715,141649.289,0.8431545684839771,0,11701736.6917,645.9340416693744,1060529.6471181053,0.22604789512393103,0.23925608763047132,0.2882041087113838,0.8301619595231708,0.2690061457775487,0.9386152236538489,1.2917159763313608,0.8249565414556722,1.3097999999999999,0.014170102305695485,1.54178230033779e-05,1.0,0.0,1.0,1.0,1.0,108356.93,0.009880444699230884,0.07322480804271869,0.263855806555271,0.8647,0.7813684760171011
2025-06-30,654.9,660.0,651.17,656.9,110702.196,0,1,0.0030539013589860886,0.0173297610382368,0.02562100891504926,0.009466146233518824,-0.0016869044543396106,0.0030492476744193413,0.7444444444444445,0.4222222222222222,646.2230000000001,0.01652216030689082,655.0133999999999,0.002880246419386297,628.5696,0.045071222025373066,642.1813999999999,0.022919692161747506,647.315607301284,648.005424634979,1,1,1,55.291273866910416,0,0,-0.6898173336950322,-2.5496575285812586,1.8598401948862264,0,667.4141700578645,625.0318299421357,646.2230000000001,0.06558469772157408,0.7519209645065705,14.792503588509202,0.022518653658866194,17.151916346942723,19.49244253031758,20.957490622756954,0,94.72340425531912,89.41103683045365,103864.79757142857,140060.04919999998,0.7415733334715163,0,11812438.8877,644.9008177768824,1060867.7207049124,0.0743101313535452,0.2391277486513694,0.2881951076036097,0.8297425679421015,0.2664746915880909,0.9414816619609304,1.2956607495069032,0.8274758773587282,1.3137999999999999,0.013441924189374397,0.0,1.0,0.0,1.0,1.0,1.0,107146.5,-0.011170766835125301,0.017207845563153468,0.2660263301646872,0.8505,0.7618797811660171
2025-07-01,656.9,659.1,644.0,646.33,85803.055,0,1,-0.016090729182523855,-0.003499845821769987,0.004351001507311381,-0.002700283915565982,-0.021853292371021626,-0.01622159063476,0.5555555555555556,0.2777777777777778,645.168,0.0018010812687548586,654.7386,-0.012842682560643253,628.795,0.027886672126845924,641.78445,0.007082673941383354,647.1639754087787,647.8813191064621,1,1,0,49.10442500797983,0,0,-0.7173436976834182,-2.183194762401691,1.4658510647182728,0,663.8682736822151,626.4677263177849,645.168,0.057970245524313305,0.5310690640080085,14.814467617901403,0.022920903590892272,16.76648264052956,18.07328983927748,22.888720002843108,0,76.73191489361709,87.87387120002046,97321.34385714286,138526.56943333332,0.7025464086438615,0,11726635.832700001,643.4955801117428,1059487.0869838742,0.13913697512087167,0.243260856735553,0.2904782136330856,0.8374495756257483,0.2665865385348073,0.9263325355080045,1.274812623274162,0.8141611871110775,1.2926600000000001,0.023362678507883004,0.0,1.0,1.0,1.0,1.0,1.0,105681.14,-0.013676228341569674,-0.003788165870120541,0.26784708135943275,0.8546,0.7736234460788538
2025-07-02,646.34,664.85,643.71,659.71,112807.955,0,1,0.020701499234137444,0.007344632768361725,0.021112263377033536,0.02317105324379254,-0.009340321054765344,0.020490135255606428,0.7111111111111111,0.34444444444444444,645.4159999999999,0.02214695638162069,654.6502,0.007729013143202271,629.0213,0.0487880140147878,641.50405,0.02838010141946887,649.0941330381975,648.7575176911687,1,1,1,55.84044555314209,0,0,0.3366153470287827,-1.6792327405155965,2.015848087544379,0,664.7714076763074,626.0605923236925,645.4159999999999,0.05997808444881267,0.8692508119448471,15.266291359479872,0.02314091246074771,15.866273264935524,18.975981959427685,20.624780032718594,0,91.91823899371072,87.79118604754899,89232.02971428572,137493.9811,0.6489886248139608,0,11839443.787700001,643.1393562788322,1061822.3807779113,0.18394293560952707,0.2498284695800611,0.29304675347490594,0.8525208575683959,0.26874589313824493,0.94550900778238,1.3012031558185404,0.8310155443025219,1.31942,0.03204438313804548,1.5471972521762728e-05,0.0,1.0,1.0,1.0,1.0,108849.6,0.02998131927797143,0.014058243396858794,0.28145815073365665,0.8668,0.767329154997086
2025-07-03,659.7,664.57,656.7,663.59,99001.436,0,1,0.005881372118051953,0.010184198508144338,0.03314650474855996,0.029380283874971047,0.003023020299581347,0.005864144364605909,0.7888888888888889,0.5,645.828,0.02750267873179865,654.8726,0.013311596789971052,629.359,0.05439026056670357,641.22765,0.03487427592992908,651.3242664169363,649.8562200844154,1,1,1,57.59319262797543,0,0,1.4680463325208848,-1.0497769259083003,2.517823258429185,0,666.3871117973275,625.2688882026724,645.828,0.0636674526261715,0.9319739144156247,14.73798483380274,0.022209473973089918,15.030364559026777,18.252191506658463,19.838100381037616,0,98.01886792452832,88.8896739372854,88652.62257142857,135514.78033333333,0.6541915380253337,0,11938445.223700002,643.145906856206,1062404.6450632487,0.17343497163476354,0.2497287551734614,0.2888219022171773,0.8646461824965057,0.26614078593988183,0.9510698980981181,1.3088560157790927,0.8359030559544505,1.32718,0.011859732666254771,-1.5158175561975572e-05,0.0,0.0,1.0,1.0,1.0,109584.78,0.006754090047184302,0.024663791599320195,0.28140106466228515,0.8668,0.7670071442901608
2025-07-04,663.58,664.17,650.21,653.6,89027.412,0,1,-0.015054476408625783,0.011248124023331751,0.012219107648944627,0.01868736459843201,-0.014519849825852305,-0.01516894533808616,0.5888888888888889,0.32222222222222224,646.2275000000001,0.011408520992993868,654.9069999999999,-0.001995703206714698,629.7151,0.03792969233229442,640.89275,0.019827420422527865,651.6743792758692,650.1335371151995,1,1,0,51.88315000775978,0,0,1.5408421606697402,-0.5316531085926922,2.0724952692624323,0,667.0772410055923,625.3777589944078,646.2275000000001,0.06452755726301418,0.6768007573336886,14.68241448853111,0.02246391445613695,14.813214837265427,17.012610482550713,21.64813801372177,0,82.31132075471697,90.74947589098535,89756.11642857142,134333.234,0.6681601697207068,0,11849417.811700001,643.4752305533339,1061064.3839895737,0.2099077698878826,0.2534784470114229,0.28860754627755564,0.8782807320209539,0.2671783361832802,0.936752038754246,1.2891518737672585,0.823318973118686,1.3072000000000001,0.02135862913096683,-1.5069545954566682e-05,1.0,1.0,1.0,1.0,1.0,107984.24,-0.014605495398174795,0.008749846680341067,0.2843685616730944,0.8762,0.7788544573478093
2025-07-05,653.6,656.75,652.0,656.16,51648.289,0,1,0.003916768665850556,-0.005381152324506311,0.01165587419056413,0.04322940680795573,0.03606391713509738,0.003909118097955877,0.5777777777777777,0.6222222222222222,646.626,0.014744226183296051,655.095,0.0016257184072538194,629.9031,0.04168403044849275,640.5850999999999,0.02431355334365422,652.3644747718893,650.5799417733328,1,1,1,53.16459979120188,0,0,1.784532998556415,-0.06841588716287078,1.8529488857192857,0,667.9333136937151,625.3186863062848,646.626,0.06590305274985904,0.7237259970226128,13.972956310778887,0.021295044365366507,14.611575809915601,16.59951710624178,21.122486619301007,0,86.33647798742129,88.88888888888887,88889.44842857143,127003.40533333333,0.6998981499375709,0,11901066.100700002,643.5824221011611,1061266.6783895737,0.20963004229461493,0.21349068952433625,0.28830882796366414,0.740493071378455,0.2379410728742897,0.9404210797873102,1.2942011834319527,0.8265437230745974,1.31232,0.007239088027310412,0.0,1.0,1.0,1.0,1.0,1.0,108198.12,0.001980659399927198,0.008400344502384582,0.2680842498190538,0.8743,0.6992437779610498
2025-07-06,656.17,664.99,653.54,663.13,82399.119,0,1,0.01062240916849544,-0.0006931991139107474,0.012566804092227768,0.07684188304834283,0.03178777034386182,0.01056638775262275,0.5888888888888889,0.5888888888888889,647.2455,0.024541692449001194,655.5673999999999,0.011535961062127387,630.3362999999999,0.05202572023854578,640.46885,0.03538212670296147,654.0207094223678,651.509575716049,1,1,1,56.556961070192905,0,0,2.5111337063187875,0.4474940315334609,2.0636396747853265,0,669.7436360397575,624.7473639602425,647.2455,0.06951963679857942,0.8530181338562846,13.792745145723256,0.020799458847772317,13.570134095277597,19.882482806355803,19.870003783289473,0,96.27553063676409,88.30777645963413,90198.49457142859,124098.84406666666,0.7268278383235657,0,11983465.219700003,643.7212462093792,1062141.9555467153,0.21113871639746742,0.2115421364663066,0.28890391148287675,0.7322231650672706,0.23218910483712216,0.9504106172874894,1.307948717948718,0.8353236086967475,1.32626,0.017266599309336095,1.5240185320639639e-05,1.0,1.0,1.0,1.0,1.0,109203.84,0.009295170747883663,0.007815928339793388,0.2583042583721923,0.8719,0.717130134713994
2025-07-07,663.13,663.5,656.77,661.06,83232.984,0,1,-0.003121559875137625,0.011413708690330315,0.006332775156035808,0.032116036159814954,0.015733997111336384,-0.0031264421059291796,0.5222222222222223,0.5333333333333333,647.8945000000001,0.020320437972540028,655.758,0.008085299759972287,630.9169999999999,0.04777649040999059,640.44605,0.03218686413945395,655.1036772035419,652.2170145518973,1,1,1,55.2764300614111,0,0,2.886662651644656,0.9353277555556999,1.951334896088956,0,671.2273731057429,624.5616268942573,647.8945000000001,0.07202676702994948,0.7821234217563948,13.288263349600168,0.020101448203794163,12.603081074542308,19.16321699493798,19.15118941119836,0,86.36363636363616,89.65854832927386,86274.32142857143,123851.06453333332,0.6965973344972867,0,11900232.235700004,643.9009890958731,1061882.1388035729,0.21282914819379772,0.2089935876055769,0.2758484117289825,0.7576392638827676,0.22974438799935173,0.9474438536396599,1.3038658777120316,0.8327160960370845,1.32212,0.010180619005839135,0.0,1.0,1.0,1.0,1.0,1.0,108262.94,-0.00861599738617247,0.010419752395085302,0.2580018410246962,0.8694,0.707394490549772
2025-07-08,661.06,662.6,657.36,660.63,86374.042,0,1,-0.0006504704565394315,0.006812362838332087,0.022124920706140694,0.02657218777679371,0.0132361963190184,-0.0006506821042322044,0.7222222222222222,0.5333333333333333,648.6875,0.01841025146931303,655.9782,0.0070913941957217175,631.5013,0.04612611248781274,640.3562000000001,0.031660191624598835,655.9538807106893,652.8401986591641,1,1,1,54.99786116246183,0,0,3.1136820515251884,1.3709986147495976,1.7426834367755908,0,672.6429963476743,624.7320036523257,648.6875,0.073858356597512,0.7492642988204966,12.7133873960573,0.01924433857992719,11.705103269573826,18.599046476293445,18.587372988014845,0,83.12040263259773,88.58652321099935,86355.89099999999,124320.18879999999,0.6946248379571315,0,11813858.193700004,644.4264339843014,1061825.95504104,0.17784227719121679,0.2089832437640427,0.24945528388140156,0.8377583369346449,0.2286345037530669,0.9468275694036374,1.30301775147929,0.8321744388179275,1.32126,0.00793182265413319,0.0,1.0,1.0,1.0,1.0,1.0,108922.98,0.006096638424931022,0.0306756721208723,0.258423544745513,0.8669,0.7041794285379327
2025-07-09,660.63,671.5,659.05,668.68,123551.595,0,1,0.012185338237742593,0.008369399665223876,0.01359688347910426,0.034996207841255345,0.004657591874755784,0.012111694648219372,0.5777777777777777,0.4888888888888889,649.889,0.028914168419530012,656.3518,0.01878291489411612,632.14,0.05780365108994837,640.3821499999999,0.044189004955869,657.911745216737,654.0135172770038,1,1,1,59.14848100904619,0,0,3.8982279397332604,1.8764444797463302,2.0217834599869304,0,675.354721769929,624.423278230071,649.889,0.07836945007510211,0.8689469352129091,12.69457401062464,0.01898452774215565,11.774506180263458,22.30390196820375,17.2852824058096,0,91.28014842300541,86.92139580641312,87890.69671428572,124196.17003333334,0.707676385597853,0,11937409.788700005,645.6526404674332,1063331.4730159275,0.14810299831962817,0.20322372340058034,0.2506009885195954,0.8109454180572379,0.22496546127610287,0.9583649835896406,1.318895463510848,0.8423147658277277,1.3373599999999999,0.01861877131064193,0.0,1.0,1.0,1.0,1.0,1.0,111233.99,0.02121691859697572,0.021905362996281097,0.2345965627506615,0.87,0.7567657968110517
2025-07-10,668.69,687.7,667.25,685.8,214967.536,0,1,0.025602679906681747,0.03742474208090041,0.03346946156512298,0.06772536198038304,0.01824768748793626,0.025280420194389874,0.7888888888888889,0.5888888888888889,652.0985,0.0516816094501061,656.6016000000001,0.044468974793847406,632.8867,0.08360627581524455,640.5622999999999,0.07062185832666085,662.2022459526236,656.3680715527812,1,1,1,66.27292592517779,0,0,5.834174399842368,2.6679904637655376,3.1661839360768305,0,681.84765993507,622.3493400649298,652.0985,0.09124130767075868,1.0664277591964981,13.24853300986574,0.019318362510740362,13.078259359444873,28.578910485769597,15.379497144605965,0,96.08570251339083,90.162084522998,104457.28242857142,125473.58603333333,0.8325041606830403,0,12152377.324700005,648.9285425272891,1068835.2180304637,0.20475293125069113,0.21341505473951938,0.252461456305733,0.8453371768602645,0.22683479329086106,0.9829016954982586,1.352662721893491,0.8638802811578867,1.3716,0.029819189268008233,1.4954836394246266e-05,1.0,1.0,1.0,1.0,1.0,116010.0,0.04293660597808269,0.05863241227477034,0.2650061701684779,0.8953,0.7245875766483804
2025-07-11,685.8,697.24,682.83,689.99,268353.904,0,1,0.006109652960046841,0.04444242616895999,0.05567625458996317,0.06857567638723272,0.03380129751434624,0.006091064703841116,0.9,0.6111111111111112,655.1495,0.05317946514497839,656.67,0.050740859183456,633.8797999999999,0.08851867499169414,640.54145,0.07719804861964819,666.4772850368353,658.8585847710937,1,1,1,67.75509866600311,0,0,7.618700265741609,3.658132424160752,3.9605678415808567,0,687.3281974156615,622.9708025843385,655.1495,0.09823314347537938,1.0413597006422481,13.33149493773247,0.01932128717478872,14.848202050433208,31.48383547961962,14.192091172674262,0,86.45619278909022,91.27401457516216,130075.35271428572,128487.58,1.0123574022818838,1,12420731.228700005,654.3431681078961,1070474.7672543775,0.15068861799744693,0.21196325086416898,0.25130862125758463,0.8434380396640364,0.22737412400128829,0.9889068837515944,1.3609270216962526,0.869158289874789,1.37998,0.020884360642907822,0.0,0.0,1.0,1.0,1.0,1.0,117527.66,0.013082148090681978,0.08837789662639661,0.2621265325643767,0.8936,0.7261316390929479
2025-07-12,689.98,697.0,679.63,685.86,134785.185,0,1,-0.005985593994115801,0.02569240892504654,0.045263350402340974,0.057446808510638325,0.04751431844215359,-0.006003579466918803,0.8444444444444444,0.6444444444444445,658.6519999999999,0.04130861213508816,657.2475999999999,0.0435336698072387,634.8117,0.08041486948019395,640.48625,0.0708426605567254,669.4592411850144,660.8586896028645,1,1,1,64.73527313799535,0,0,8.600551582149933,4.646616255758588,3.9539353263913446,0,687.9190611331014,629.3849388668984,658.6519999999999,0.08886957341084972,0.9648228921288482,13.619959585037295,0.01985822118950995,16.1091314838574,28.615806084616437,14.577467690297182,0,78.74089295722025,87.09426275323376,141952.05214285714,127887.287,1.109977820882674,0,12285946.043700004,659.991166713035,1069667.9978605458,0.1715648837036878,0.20430498405749886,0.2514268804572932,0.8125821061213128,0.22666298856512654,0.9829876886474711,1.3527810650887575,0.8639558612349785,1.37172,0.025325868252996243,-1.4492963666126907e-05,1.0,1.0,1.0,1.0,1.0,117420.0,-0.000916039679510372,0.08523142546284546,0.2464560380601846,0.8834,0.7365174524870378
2025-07-13,685.86,694.12,685.12,692.0,84925.723,0,1,0.008952264310500668,0.009040536599591809,0.04353595825856171,0.05664987020919221,0.05592431525139241,0.008912430351927498,0.8333333333333334,0.6555555555555556,661.2275,0.04653844554257051,657.7273999999999,0.05210760567371852,635.7546,0.08847029970369073,640.43265,0.0805195518997978,672.9270502334738,663.1654533359856,1,1,1,67.08408789530458,0,0,9.761596897488175,5.669612384104506,4.091984513383669,0,692.7443492113473,629.7106507886526,661.2275,0.09532830746255211,0.9881912496018272,13.289962471820346,0.01920514808066524,17.279994529179866,27.23161291032293,13.872331821828988,0,90.21109658135623,85.13606077588891,142312.9955714286,123274.68053333332,1.154438161638126,0,12370871.766700003,663.8067690693681,1070428.275379602,0.17012819272507795,0.20540182110360072,0.24908268833206976,0.8246330665492297,0.22112731993828996,0.9917876542502114,1.3648915187376727,0.8716902224573603,1.384,0.01300578034682081,0.0,1.0,1.0,1.0,1.0,1.0,119086.64,0.014193834099812674,0.0904986491317521,0.24834973202712182,0.8847,0.7358379375394191
2025-07-14,692.01,707.54,686.05,689.12,253634.996,0,1,-0.004161849710982657,-0.0012608878389541722,0.04244697909418216,0.04904856142487435,0.06739362773191249,-0.004170534311869114,0.8333333333333334,0.6666666666666666,663.5070000000001,0.03860245634183202,658.1210000000001,0.047102280583661525,636.7144999999999,0.08230611993287427,640.43125,0.07602494412944408,675.4182732744779,665.0880123481347,1,1,1,64.90052720575218,0,0,10.330260926343158,6.601742092552237,3.728518833790921,0,696.2069070335114,630.8070929664888,663.5070000000001,0.09856687882271413,0.8916371990561227,13.875679438118892,0.020135360224806845,19.133522156514097,31.12739453895396,12.337702152595703,0,71.14209619301272,80.03136191052975,166656.14014285713,128606.17563333335,1.2958642096473447,0,12117236.770700004,668.322892754063,1069372.6846448043,0.17260061983261818,0.2000458005997544,0.24927809968298822,0.8025005038716058,0.223256069430751,0.9739661361901801,1.3592110453648916,0.8680623787569597,1.37824,0.031184699326677515,1.4450867052009978e-05,1.0,1.0,1.0,1.0,1.0,119841.18,0.006336059191862198,0.10694555311355836,0.24655380353394604,0.8816,0.7196540421128891
2025-07-15,689.13,693.21,675.3,689.92,188962.491,0,1,0.0011609008590665049,0.005919575423555701,0.04433646670602309,0.06744232822242502,0.06437927150989653,0.001160227534722372,0.8444444444444444,0.6444444444444445,665.6995,0.036383533411096174,658.4336,0.0478201598460346,638.0582999999999,0.08128050367811225,640.4216,0.07729033499182406,677.6493081553274,666.9274188408655,1,1,1,65.23899724097899,0,0,10.721889314461919,7.425771536934174,3.296117777527745,0,699.3433157138834,632.0556842861165,665.6995,0.10107808617516896,0.8599547121226977,14.163845192538977,0.020529692127404596,19.621062579390085,28.31595240475192,16.64460238664516,0,72.39542534858214,77.91620604098371,181311.6328571429,132260.77046666667,1.3708647864170607,0,12306199.261700004,671.2594186592938,1069592.0513629375,0.17001964845691087,0.1999908344360847,0.24860085124438575,0.8044656059503383,0.2265022486816314,0.975096814314385,1.3267692307692307,0.8690701131181819,1.37984,0.0259595315398888,1.4511260738319748e-05,1.0,1.0,1.0,1.0,1.0,117758.09,-0.01738208852749945,0.0811133701997504,0.2544461410616806,0.8589,0.6792856097563841
2025-07-16,689.93,715.56,685.2,708.61,238334.938,0,1,0.02709009740259738,0.024002890173410396,0.05971466172160089,0.07412347849812795,0.08892952638534601,0.02672965582545067,0.9111111111111111,0.7111111111111111,669.015,0.05918402427449314,658.8675999999999,0.07549680694573552,639.5984,0.10789833120282985,640.354,0.10659104182998774,682.4124915160462,670.0150174452458,1,1,1,72.02600221221687,1,0,12.3974740708004,8.42011204370742,3.9773620270929797,0,705.8659907029615,632.1640092970384,669.015,0.11016491619159975,1.0372311469066957,15.320713393071902,0.021620797608094582,21.198048015985204,34.72803578916839,14.288640999629544,0,89.36495791889834,77.63415982016441,197709.25328571425,136065.14216666666,1.4530485188009397,0,12544534.199700003,675.3672109077115,1076048.5680477996,0.20943151801908982,0.21235838692386153,0.25270322260556566,0.8403469680136341,0.23613408041067196,0.9902873274079044,1.3627115384615385,0.89261330713224,1.41722,0.0428444419356203,1.4494434137278099e-05,1.0,1.0,1.0,1.0,1.0,118630.43,0.007407898684498093,0.06649442315249132,0.25367508834419145,0.8238,0.6942797196048106
2025-07-17,708.61,727.85,706.14,720.65,409572.675,0,1,0.016991010569989085,0.04575400510796368,0.050816564596092295,0.08598682921683554,0.11197691643007035,0.016848277863138066,0.8666666666666667,0.8666666666666667,672.7620000000001,0.07118119037638855,659.5427999999999,0.09265084843621982,641.2677,0.12378964354512162,640.4837,0.12516524620376754,688.2951851289621,673.7657568937461,1,1,1,75.36313294146065,1,0,14.52942823521596,9.641975282009128,4.887452953206832,0,714.5452218152627,630.9787781847374,672.7620000000001,0.12421397705358704,1.0730529853792568,15.777091007852484,0.0218928620104801,23.128019925783136,36.8787778401438,12.884224956739239,0,90.72642967542498,84.1622709809685,225509.98742857142,143618.1559,1.5702052850866008,1,12954106.874700004,682.4093625567208,1083007.6216979034,0.18542873639072824,0.2150725990105729,0.2522221319389177,0.8527110502049775,0.23658986672056753,0.9901078518925602,1.3858653846153846,0.9077797092686367,1.4413,0.030125581072642803,0.0,1.0,1.0,1.0,1.0,1.0,119177.56,0.004612054428193568,0.027304197913972983,0.2426817464162135,0.8211,0.7324695105570852
2025-07-18,720.64,765.56,718.73,729.92,556430.085,0,1,0.012863387219870903,0.05797773654916516,0.057870403918897306,0.11676866585067303,0.13206259596445236,0.012781356566911404,0.9,0.9333333333333333,676.828,0.078442381225363,660.6408,0.10486666884636847,642.7437,0.13563151221863393,640.6065,0.13942022130590304,694.6990028014294,677.9253304571723,1,1,1,77.58070883454309,1,0,16.77367234425708,11.068314694458717,5.705357649798362,0,724.1684607631088,629.4875392368912,676.828,0.1398891912364997,1.0607465489792318,17.995155935863014,0.024653600306695275,25.918022161936204,44.99194071031926,10.489261965926689,1,68.61570975695668,82.90236578376,266663.7275714286,157374.96959999998,1.6944481593814307,1,13510536.959700003,692.2652579958994,1090165.197342044,0.18825197105085775,0.21506832599763143,0.25304886839601526,0.8499082701332408,0.2568198873146179,0.9534458435654946,1.4036923076923076,0.9194568311793011,1.45984,0.06415771591407268,-1.3876361617971145e-05,1.0,1.0,1.0,1.0,1.0,117924.84,-0.010511374792368633,0.0033794597799359227,0.2465362762048706,0.7853,0.6895358567261023
2025-07-19,729.92,742.5,718.76,733.2,188095.81,0,1,0.004493643138974157,0.034701740026248595,0.06902283264806242,0.11741038771031476,0.13736135887691003,0.004483576869526762,0.9333333333333333,0.9666666666666667,680.743,0.07705844937076105,662.1976,0.10722237591921216,644.2954,0.13798732693109414,640.761,0.14426439811411756,700.6222331396709,682.0197504233078,1,1,1,78.32415221234902,1,0,18.60248271636317,12.57514829883961,6.02733441752356,0,733.1296938107507,628.3563061892494,680.743,0.15391034152609917,1.0006710309826319,18.40550194044423,0.025102975914408385,28.508738524078336,40.84679558733561,9.522877489166687,1,71.1123013747546,76.8181469357121,274279.5311428571,160964.66376666666,1.7039735599389128,0,13698632.769700004,695.236048609788,1091010.4327881203,0.16440682547386518,0.2146785814661102,0.2530856675044543,0.8482447211766027,0.2621156498146991,0.9577302889388162,1.4100000000000001,0.9235885420603129,1.4664000000000001,0.03237861429350792,0.0,1.0,1.0,1.0,1.0,1.0,117840.0,-0.0007194412983727583,0.0035769034236075026,0.2462538297931752,0.783,0.6869802414478815
2025-07-20,733.2,761.29,731.5,756.82,253255.203,0,1,0.03221494817239501,0.05019079997224729,0.09367052023121403,0.14128451434861944,0.1795639095400634,0.03170692848424075,0.9444444444444444,1.0,685.7389999999999,0.10365605572965828,664.1738,0.1394908983160733,646.0043000000001,0.1715401894383675,641.0059,0.18067556008454844,709.2680434258754,687.5605096512109,1,1,1,82.75819177058712,1,0,21.707533774664512,14.401625394004592,7.30590838065992,0,746.878629632336,624.5993703676638,685.7389999999999,0.1783174929013403,1.0813005445686095,19.218680373269642,0.02539399113827547,31.27869151538498,43.30784593222465,8.468521909474537,1,91.9661733615223,77.23139483107786,298326.59971428575,164630.51646666665,1.8120978182965795,0,13951887.972700004,700.2780561187551,1099169.0360271547,0.2110515538083502,0.2269968483963239,0.25120439648658427,0.903634058842783,0.26887828218697724,0.988583520560113,1.455423076923077,0.9533418990754038,1.51364,0.03936206759863635,0.0,1.0,1.0,1.0,1.0,0.0,117265.12,-0.004878479293957905,-0.015295754418799712,0.24245530211836266,0.6864,0.647378101559584
2025-07-21,756.82,781.99,746.06,766.22,338419.952,0,1,0.012420390581644236,0.04973147742218331,0.11188182029254712,0.159077844673706,0.21821390527370155,0.012343890321294718,1.0,1.0,691.7335,0.1076809204700943,666.2828,0.14999216548888863,647.6936000000001,0.18299763962466195,641.30575,0.19478111649552501,718.0298828988176,693.3871385659361,1,1,1,84.14795674778196,1,0,24.642744332881534,16.44984918177998,8.192895151101553,0,759.7291646528236,623.7378353471765,691.7335,0.1965949737950338,1.047729773510692,20.412346060893242,0.026640320092001308,34.17310882510631,45.10629916146844,7.403781162800501,1,87.34654577549549,83.47500683725747,310438.7362857143,171127.57766666668,1.8140777805574206,0,14290307.924700003,707.0568648288775,1103372.344011616,0.1755880712786427,0.2145363777442702,0.24949040296338595,0.8598983175146603,0.27392913865625557,0.979833501707183,1.4735,0.9651827778197667,1.53244,0.046892537391349826,0.0,1.0,1.0,1.0,1.0,1.0,117380.36,0.00098273041463659,-0.020534010095694888,0.23808110613257727,0.6653,0.6047031800827223
2025-07-22,766.22,788.35,745.0,786.68,359074.056,0,1,0.0267025136383805,0.07294053464266215,0.1402481447124304,0.19080271861707754,0.27747194751627946,0.026352223589367653,1.0,1.0,698.082,0.12691632215126583,668.6978,0.1764357531907536,649.7176,0.2108029703982161,641.66475,0.22599846726814884,728.5914393759226,700.2977208943852,1,1,1,86.66706472229222,1,0,28.29371848153744,18.818623041731474,9.475095439805965,0,776.4125596343589,619.7514403656411,698.082,0.22441650016576536,1.0655391740692821,22.050749913686584,0.028030139209953966,36.94870603389753,40.83252786501422,6.364121304571792,1,98.7084300077339,92.6737163815839,334740.38842857134,174979.54510000002,1.9130258238885507,1,14649381.980700003,714.2573710108243,1112960.5238891446,0.1551539979378412,0.20515935650465167,0.23551827680478796,0.8710973912003457,0.2746347193690738,0.9978816515507071,1.5128461538461537,0.9909555841080291,1.5733599999999999,0.05510499822036918,0.0,0.0,1.0,1.0,0.0,0.0,119954.42,0.02192922223104432,0.018651202647733234,0.23806822773335923,0.6672,0.5812696886835479
2025-07-23,786.69,809.84,752.47,776.74,709087.1566,0,1,-0.012635379061371799,0.026320657487909793,0.09614597592469765,0.16160196207453503,0.212727755312339,-0.012715884325302561,0.9222222222222223,0.9777777777777777,703.7395,0.10373227593448994,671.0008,0.15758431286520072,651.6396,0.19197789698477508,641.9814,0.20991044288822075,735.9989102411653,705.9601119392455,1,1,1,80.01440722966272,1,0,30.03879830191977,21.062658093769134,8.976140208150635,0,787.7215789091043,619.7574210908957,703.7395,0.2386737675208065,0.9346195101874656,24.5735534912804,0.031636781279811,39.7900831129291,40.26989592912153,5.30284785239473,1,76.78659092502978,87.61385556941974,401990.7053714286,191293.30602,2.101436342625601,1,13940294.824100003,725.2040038803071,1104000.9388779534,0.2316140232041786,0.19150095152572494,0.2359392789540692,0.8116535422785828,0.29306029756739843,0.9591277289341105,1.4937307692307693,0.9591277289341105,1.55348,0.07385997888611376,1.2711648955235411e-05,1.0,1.0,1.0,0.0,0.0,118755.99,-0.009990711471907332,0.0010584130901321043,0.21418621888006517,0.597,0.5378505902074171
2025-07-24,776.74,786.16,742.62,770.74,363436.737,0,1,-0.007724592527744156,0.005899089034480998,0.06950669534448073,0.12385535141440651,0.19767532205180816,-0.007754581728666937,0.8888888888888888,0.9666666666666667,709.5965,0.08616657494787533,673.1510000000001,0.14497341606860858,653.5518,0.1793097348978307,642.28865,0.19999006677138084,741.3436932809859,710.7586221659681,1,1,1,76.21153832774364,1,0,30.585071115017854,22.96714069801888,7.617930416998973,0,795.1789736792114,624.0140263207886,709.5965,0.24121447521009862,0.8572197517285144,25.928299670474654,0.0336407863488007,41.62855101926893,35.43967651900796,7.380318674653601,1,70.93801100044597,82.14434397773657,395399.85708571423,199020.95622000002,1.9867247379147086,0,13576858.087100003,729.4482399419187,1101193.5381750155,0.2602290754240165,0.1958332106947536,0.23687568664909908,0.8267341130069434,0.30863502554908473,0.9517188580460337,1.4821923076923078,0.9517188580460337,1.54148,0.05649116433557356,0.0,1.0,1.0,1.0,0.0,1.0,118340.99,-0.0034945605691132364,-0.0070195261591191604,0.21509123814323086,0.6038,0.553813049488305
2025-07-25,770.74,786.0,752.22,785.45,284068.121,0,1,0.01908555414277191,-0.0015635328214774757,0.0760768303375714,0.1383498311569733,0.2157351370594518,0.01890570963946516,0.8888888888888888,0.9777777777777777,716.0609999999999,0.09690375540631334,676.1936000000001,0.161575619763334,655.5783,0.19810249973191613,642.5688,0.22235938003837105,748.1292789300651,716.2913168203407,1,1,1,78.86379895795243,1,0,31.837962109724344,24.741304980359974,7.09665712936437,0,804.1437455234432,627.9782544765567,716.0609999999999,0.2460202287890089,0.8938853153795724,26.489135408297894,0.03372478885772219,43.335699789441634,32.21152749445927,6.708056090155599,1,81.87156236063626,76.53205476203735,356491.0050857143,202842.12178666666,1.7574801621363605,0,13860926.208100002,732.6393259327626,1106615.1356785966,0.26590650048622455,0.1992306981224695,0.23910242025047243,0.8332441717393106,0.3166382705022149,0.9698829398399684,1.5104807692307693,0.9698829398399684,1.5709000000000002,0.04300719332866506,0.0,1.0,1.0,0.0,0.0,1.0,117614.31,-0.0061405604262733116,-0.0026332874396945982,0.21551422337737527,0.572,0.5326227107594809
2025-07-26,785.44,798.0,778.28,793.29,128764.391,0,1,0.009981539245018656,0.021307001055694164,0.08195581014729947,0.15663546496369518,0.23507706679121898,0.009932052710894805,0.8888888888888888,0.9888888888888889,722.5690000000001,0.0978743898506577,679.2054,0.1679677458394764,657.6063,0.20632968388532763,643.0452,0.23364578415327558,755.0770821715935,721.994922981797,1,1,1,80.13503368045457,1,0,33.08215918979647,26.409475822247273,6.672683367549197,0,813.37678332048,631.7612166795202,722.5690000000001,0.25134702241718054,0.889399440301337,26.00562573627662,0.032781991120872093,45.123253418595354,33.76280908345299,6.34472023945668,1,87.69882562806595,80.16946632971606,348015.08808571426,203699.02528666667,1.708476943352826,0,13989690.599100003,735.1657262967129,1107900.402500724,0.2627414274254809,0.19594384737926648,0.23728566126496928,0.8257719675714509,0.3187215569260469,0.9795638644670551,1.5255576923076923,0.9795638644670551,1.5865799999999999,0.02485850067440662,-1.2731555159451149e-05,1.0,0.0,0.0,0.0,1.0,117919.99,0.0025990034716014687,0.0006788017651053746,0.21455786195649687,0.5657,0.5204268095749046
2025-07-27,793.3,847.12,791.04,844.0,397296.2555,0,1,0.0639236596956978,0.0950515089394608,0.11519251605401548,0.21965317919075145,0.30708832138266406,0.06196363993911355,0.9888888888888889,1.0,731.716,0.15345297902464888,683.0690000000001,0.23559991743147457,660.1292,0.27853759536769473,643.7850500000001,0.3109965818560091,768.7575310682713,731.0323360942565,1,1,1,86.00022423355017,1,0,37.72519497401481,28.672619652600783,9.052575321414029,0,832.7189000938522,630.7130999061478,731.716,0.2760713175435611,1.055845425703942,28.15379532654258,0.0333575774011168,47.38409069427733,41.42120730951517,5.441995182061255,1,98.1841461995111,89.25151139607112,368592.3813,214232.13530333334,1.7205279720435336,0,14386986.854600003,742.844529512852,1133297.033135681,0.3923966493161613,0.25229507878200114,0.2667569389317785,0.9457863768879283,0.33936304761373837,0.9963169326659741,1.623076923076923,0.9963169326659741,1.688,0.0664454976303318,1.2605730565103437e-05,0.0,0.0,0.0,0.0,0.0,119415.55,0.01268283689644134,0.018338189565661134,0.2161061828574805,0.5104,0.6065374510576531
2025-07-28,844.0,861.1,820.64,824.07,517734.6912,0,1,-0.02361374407582928,0.04916926602584515,0.0755005089921954,0.19582946366380316,0.270536540240518,-0.023897016838345247,0.8555555555555555,0.9777777777777777,739.888,0.11377667971368641,686.5104000000001,0.20037511449207457,662.4526,0.24396824769047643,644.478,0.27866273169914274,777.2671416731527,737.9240149020893,1,1,1,76.44693859488973,1,0,39.34312677106334,30.806721076293297,8.536405694770043,0,843.0974884662935,636.6785115337066,739.888,0.2789867884498558,0.9078210310454764,29.032809946075254,0.03523099972826975,49.60846368857179,40.737493046093014,4.90028509249815,1,80.06996770721207,88.65097984492972,394208.77261428576,229566.12617666664,1.717190507065121,1,13869252.163400004,751.9901764577615,1121071.3786385057,0.45945054543683406,0.2694607335544784,0.2692343561580864,1.0008408191273297,0.34929683781410387,0.9569968644756707,1.58475,0.9569968644756707,1.6481400000000002,0.049097770820440055,0.0,0.0,0.0,0.0,0.0,0.0,118062.32,-0.011332108758030257,0.005809830537238048,0.2204642233613317,0.5379,0.6674685206764401
2025-07-29,824.07,835.06,800.12,805.1,427366.132,0,1,-0.023019889087092182,0.014887367797400852,0.023414857375298803,0.16694689239332106,0.22934799205985645,-0.023288984451676764,0.5777777777777777,0.9555555555555556,746.7090000000001,0.07819779860695393,689.3008,0.16799516263436812,664.5758999999999,0.21144928668042295,645.03745,0.24814458447335108,781.5491198772829,742.9000137982309,1,1,1,68.63201647868478,0,0,38.64910607905199,32.37519807684504,6.2739080022069516,0,848.1195234651414,645.2984765348588,746.7090000000001,0.271619930830193,0.7878941849662733,29.45475209278416,0.036585209406016846,50.31654071174472,37.28578708574215,9.461237316398183,1,68.16372939169983,82.13928109947435,403964.7834714286,241370.47071,1.6736296792360372,0,13441886.031400004,757.8207879423342,1111233.4576802861,0.4829916871441792,0.2841950895509748,0.26625427280154146,1.0673822679375586,0.35626967804164267,0.9349669027987458,1.5482692307692307,0.9349669027987458,1.6102,0.0433983356104831,0.0,0.0,0.0,0.0,0.0,1.0,117950.76,-0.0009449246804570377,-0.016703511217010636,0.21988157341422132,0.5273,0.6907366935117798
2025-07-30,805.11,811.64,766.21,793.51,369598.736,0,1,-0.014395727238852407,-0.05982227488151659,0.021590236115044847,0.11981202636146815,0.2079616379966509,-0.014500351024425949,0.5555555555555556,0.9111111111111111,752.0945,0.05506688321746795,691.7008000000001,0.14718676051842056,666.5376,0.19049547992491345,645.5215000000001,0.22925417666181516,783.3892552807778,746.6489016650286,1,1,1,64.30666567600787,0,0,36.7403536157492,33.24822918462587,3.4921244311233295,0,851.3016759872678,652.8873240127323,752.0945,0.2638157199321834,0.7087323804344315,30.595841229013864,0.03855760006680932,49.15926360251716,33.331250317571936,16.374352371459892,1,56.38229220443984,68.20532976778392,355466.43767142855,250000.35537666667,1.4218637294969436,0,13072287.295400005,762.2614111562954,1105912.8150890055,0.4855896126025969,0.2907287123225252,0.2687721004780402,1.0816923029043297,0.36936479170210645,0.9215073742887004,1.5259807692307692,0.9215073742887004,1.5870199999999999,0.05725195649708252,1.2420817289766371e-05,0.0,0.0,0.0,1.0,1.0,117840.3,-0.000936492482117024,-0.007710684741039198,0.21615002581099654,0.529,0.7207953488564947
2025-07-31,793.51,814.8,781.38,783.14,335026.145,0,1,-0.013068518355156211,-0.04966811071874966,0.016088434491527526,0.08671338375078053,0.21167205607042838,-0.013154662784285344,0.5,0.9111111111111111,756.7520000000001,0.03487007632619394,694.015,0.1284194145659676,668.1839,0.17204260683323858,645.9704999999999,0.21234638423890892,783.3509083145043,749.3519459861375,1,1,1,60.625143982318065,0,0,33.998962328366815,33.39837581337406,0.6005865149927558,0,852.3639469742711,661.140053025729,756.7520000000001,0.2526903053424928,0.6379953072553834,30.797566855512873,0.039325748723743996,48.15868634912282,31.48061621354688,15.10516385123516,1,45.24127274004352,56.595764778727734,351407.7816714286,258307.79171,1.360422693195222,0,12737261.150400005,766.8072699951024,1101534.5197636157,0.4916795435766299,0.28879384734242863,0.2708202100910759,1.0663674149182156,0.3743221392561746,0.9094646382533967,1.5060384615384614,0.9094646382533967,1.56628,0.04267436218300682,0.0,0.0,0.0,1.0,1.0,1.0,115764.08,-0.017618930026484958,-0.021775295271739825,0.21911693540759095,0.5288,0.7061639253485934
2025-08-01,783.13,795.4,744.69,757.08,393831.558,0,1,-0.03327629797992693,-0.05964476462551238,-0.03611942198739582,0.037209557211749456,0.14759515544709045,-0.03384255132650542,0.06666666666666667,0.8555555555555555,760.313,-0.004252196135012748,696.0616,0.08766235632018782,669.6976,0.13048038398226317,646.3127,0.1713834495283786,779.3092301122729,749.9243944316088,1,1,1,52.49222100887767,0,0,29.384835680664082,32.59566778683207,-3.2108321061679845,0,849.9245927885759,670.7014072114241,760.313,0.23572290040700575,0.481961039306445,32.21988350869052,0.042558096249657264,45.64272795380223,27.94158140835901,21.54089063360464,1,26.921455669523706,42.84834020466903,367088.27267142857,267675.24514333333,1.371394177578364,0,12343429.592400005,768.3172204050862,1088429.2634857087,0.5179271890577148,0.30804910807471797,0.280821132731256,1.096958427161958,0.3874297038266709,0.8792010219486703,1.455923076923077,0.8792010219486703,1.5141600000000002,0.06698103238759434,-1.276910897156435e-05,1.0,1.0,1.0,1.0,1.0,113297.93,-0.021303240176054672,-0.03669944584124163,0.21488548787338238,0.5723,0.8288424563512307
2025-08-02,757.08,770.11,732.36,736.42,209282.992,0,1,-0.02728905795952885,-0.07194616324936043,-0.07168878972380843,0.004391707583196736,0.10975150318720894,-0.027668320027964433,0.011111111111111112,0.6222222222222222,762.534,-0.034246341802463935,697.683,0.055522350408423266,671.0463000000001,0.09742055056409649,646.5003499999999,0.13908677698318347,772.710887018077,748.9240689181563,1,1,1,47.097908677678085,0,0,23.78681809992065,30.833897849449784,-7.047079749529132,0,847.0750907005723,677.9929092994277,762.534,0.22173723584934532,0.34555439382435577,32.61489182949834,0.0442884384311919,42.8535321488207,25.63151768549688,22.460346560968375,1,3.796296296296264,25.31967490195451,378590.9299571429,271351.29701,1.3952058977746138,0,12134146.600400005,768.6072705919555,1082718.127787077,0.5207459868294178,0.32186377241697217,0.2868828827244058,1.1219343913459303,0.39664252535519423,0.8552084543026361,1.4161923076923075,0.8552084543026361,1.47284,0.05126150837837104,0.0,1.0,1.0,1.0,1.0,1.0,112546.35,-0.00663366047376146,-0.045570220960839625,0.21550205037420603,0.5764,0.8685947655913471
2025-08-03,736.43,755.53,730.01,751.21,142700.965,0,1,0.020083647918307523,-0.04077176494624202,-0.10994075829383887,-0.007412594804577011,0.14934210526315783,0.019884631696773535,0.011111111111111112,0.8666666666666667,765.6385,-0.018845055466777057,699.795,0.07347151665845009,672.5593000000001,0.11694240195622885,646.68345,0.1616347998390867,769.403058246065,749.093397146441,1,1,1,50.98141859610798,0,0,20.30966109962401,28.729050499484632,-8.419389399860624,0,843.0914266274567,688.1855733725433,765.6385,0.20232244493310272,0.40685632791256493,32.10811384167703,0.042741861585544695,40.176815501371564,24.176352946588107,21.70800436506404,1,16.172095506903684,15.62994915757456,342220.1741714286,273140.4154433333,1.2529093272995584,0,12276847.565400004,770.8945942564101,1085584.0837257397,0.2798899238406213,0.32025319057353824,0.28927023181524136,1.10710731817744,0.3994186426817435,0.8723841597956102,1.4446346153846155,0.8723841597956102,1.50242,0.03397185873457486,1.3579207517436931e-05,1.0,1.0,1.0,1.0,1.0,114208.8,0.014771247579330682,-0.04360194296303954,0.21385595564221502,0.5712,0.8630167096994367
2025-08-04,751.21,770.0,750.47,768.63,171505.406,0,1,0.023189254669133685,0.015255983515612526,-0.06727583821762717,0.0031453107462608987,0.1714063643013899,0.022924469535732017,0.03333333333333333,0.8666666666666667,769.574,-0.001226652667579674,702.2037999999999,0.0945967538199026,674.1732999999999,0.1401074471504583,646.9861,0.1880162494990233,769.2841262082089,750.5405529133714,1,1,1,55.156946719055625,0,0,18.743573294837574,26.731955058555222,-7.988381763717648,0,838.3389465169134,700.8090534830865,769.574,0.17870912093421423,0.4931360377065968,31.2096771387001,0.04060429223254375,38.16605008182944,26.40742794897286,20.737707044951303,1,29.460675871538633,16.476355891579534,292758.8477142857,277135.6526766667,1.0563738186939324,0,12448352.971400004,773.0537014839002,1089561.1662626069,0.35876229330496906,0.3245889469660348,0.274339338967591,1.1831658856784664,0.4017153833798808,0.892614098246429,1.4781346153846153,0.892614098246429,1.53726,0.025408844307404047,0.0,1.0,1.0,1.0,1.0,1.0,115055.03,0.00740949909288946,-0.025472055775288882,0.21443923823335906,0.5741,0.8765715299594231
2025-08-05,768.62,769.79,745.11,755.13,179458.96,0,1,-0.01756371726318251,0.02540669726514766,-0.062066823997019016,-0.04010525245334817,0.13873599445056017,-0.017719789517981244,0.044444444444444446,0.8111111111111111,771.9,-0.021725612125923024,704.2916,0.07218373753144292,675.69,0.11756870754339999,647.15295,0.16684935145547888,767.1065683300229,750.8805119568253,1,1,1,51.49599163004284,0,0,16.226056373197594,24.6307753214837,-8.404718948286106,0,834.8866304945178,708.9133695054821,771.9,0.16319893896752907,0.36687651118708764,30.74327162879295,0.04071255496244746,36.08079645657222,24.893193434623615,20.793917695395695,1,19.162407506293384,21.59839296157858,257343.53742857144,280370.98071,0.9178679504451039,0,12268894.011400003,775.0922865795543,1086409.1998288222,0.351548761721202,0.33087299345650023,0.27658440492818814,1.1962821748478822,0.4045718074272612,0.876936476599698,1.452173076923077,0.876936476599698,1.51026,0.032683114165772714,-1.3010160935678942e-05,1.0,1.0,1.0,1.0,1.0,114129.75,-0.008042064740672372,-0.03239495870988873,0.2152962321624677,0.583,0.9036657866081613
2025-08-06,755.13,774.84,746.26,769.55,163684.71,0,1,0.01909604968680889,0.02441394550125775,-0.03019495658529825,-0.009256636712413502,0.16411520890690712,0.018916008568684573,0.14444444444444443,0.8555555555555555,774.345,-0.006192330292053377,706.7209999999999,0.08890212686477418,677.3239,0.13616247706599455,647.4531,0.18858030025649736,767.4824808946347,752.2634369970605,1,1,1,54.936593180560855,0,0,15.219043897574238,22.748429036701808,-7.5293851391275695,0,832.5716871351714,716.1183128648287,774.345,0.15038952181565413,0.4588247225119588,30.588752226736315,0.03974888210868211,34.319474456032,24.411112713226267,19.40617564627047,1,30.162483789762724,26.26185572253159,227927.248,283052.70491000003,0.8052466697764721,0,12432578.721400004,778.3916669230056,1089534.931183953,0.38571803378824165,0.33271845241709996,0.2778580331146979,1.1974404651448607,0.40944190761226573,0.893682499129021,1.479903846153846,0.893682499129021,1.5391,0.03713858748619329,0.0,1.0,1.0,1.0,1.0,1.0,114992.27,0.007557363439418818,-0.02416855693680342,0.21375094959128202,0.5838,0.9162413092626923
2025-08-07,769.55,788.68,764.17,788.67,188106.802,0,1,0.024845689039048713,0.026072362515124237,0.007061317261281452,0.023263357292991005,0.19381499477771214,0.024542053978015545,0.45555555555555555,0.8777777777777778,777.2825,0.014650400594378403,709.599,0.11143054034743553,679.2006,0.1611738858887933,647.9805,0.21711995962841468,770.7420992185371,754.9602194417226,1,1,1,59.081231310459955,0,0,15.781879776814435,21.355119184724334,-5.573239407909899,0,831.8876772656295,722.6773227343706,777.2825,0.14050278313387843,0.6042712483525592,30.154555639112292,0.038234693394084085,33.149533699185994,26.27219996556581,18.279491196278467,1,44.74788313372488,31.357591476593672,206938.77042857144,286443.79691,0.7224410954641519,0,12620685.523400003,782.1228434109095,1094208.574292575,0.41491064649292775,0.33694235983666204,0.2813975418578912,1.1973891371333358,0.41288172584728844,0.9158866566020206,1.5166730769230767,0.9158866566020206,1.57734,0.031077637034501112,0.0,1.0,1.0,1.0,1.0,1.0,117472.01,0.021564406024856986,0.014753540130928222,0.22084798184537455,0.6034,0.9280024639967406
2025-08-08,788.67,798.5,780.74,793.5,195309.718,0,1,0.006124234470691325,0.05081244289062803,0.04810588048819131,0.010248901903367358,0.18666626787102958,0.006105557562485255,0.7666666666666667,0.8666666666666667,780.2975,0.016919828655096277,712.576,0.11356543021375962,681.1367999999999,0.16496421864154182,648.53545,0.2235260231341248,774.2433147233776,757.815018001595,1,1,1,60.080072103829124,0,0,16.428296721782544,20.369754692135977,-3.941457970353433,0,831.1867121232644,729.4082878767356,780.2975,0.13043540988729152,0.6297180625239466,29.269230236318556,0.03688623848307317,32.37518937501586,27.529995083632986,17.487231199237343,1,48.43237470440155,41.114247209296394,178578.50757142855,288835.73434333334,0.6182701319053403,0,12815995.241400003,783.9575593973813,1095404.6968000117,0.33565592138189454,0.3364302549905697,0.27911803574294736,1.2053332709048004,0.4134525396390475,0.9214957612356288,1.5259615384615384,0.9214957612356288,1.587,0.022381852551984865,0.0,1.0,1.0,1.0,1.0,1.0,116674.74,-0.006786893320374743,0.029804692813010902,0.21519225143253964,0.6061,0.9552969977158382
2025-08-09,793.5,819.44,792.81,798.83,202384.753,0,1,0.006717076244486586,0.03804820999285319,0.08474783411640119,0.006983574733073761,0.16481481481481497,0.006694617204476799,0.9222222222222223,0.8333333333333334,782.398,0.02100209867612138,715.7203999999999,0.11612020559984056,683.1288000000001,0.1693695244586379,649.0685500000001,0.23073287097333547,778.0258816890118,760.8531648162916,1,1,1,61.20547723179476,0,0,17.17271687272023,19.730347128252827,-2.5576302555325974,0,832.6712535774585,732.1247464225415,782.398,0.12851069040937857,0.6634268605142337,29.08071379086724,0.036404133283511185,32.26065850398831,30.872603719891618,16.34340742118134,1,52.49828362193915,48.55951382002187,177593.04485714287,288416.3082433333,0.6157524376440939,0,13018379.994400004,786.0357003176676,1096764.1306166342,0.23650691368631188,0.33130635005541087,0.2786146676438293,1.1891202744535354,0.41411213794544066,0.9276855185228197,1.5362115384615385,0.9276855185228197,1.59766,0.03333625427187275,0.0,1.0,1.0,1.0,1.0,1.0,116462.25,-0.0018212168289383213,0.034793665010015795,0.1761933848097266,0.6273,1.1892784002539076
2025-08-10,798.83,815.5,793.68,807.22,162735.303,0,1,0.010502860433383887,0.023520610648306794,0.07455971033399456,-0.04357819905213267,0.1699010130581602,0.01044808856845143,0.8777777777777778,0.8333333333333334,784.448,0.029029330178673474,719.2854,0.12225272471817174,685.1941,0.17808953696478116,649.62705,0.24258988291820663,782.517284506087,764.28774520027,1,1,1,62.974912464627934,0,0,18.229539305816957,19.430185563765654,-1.2006462579486978,0,835.2841746873463,733.6118253126537,784.448,0.1296100562111098,0.7239743660892353,28.56209137723387,0.035383280118473116,32.15430840946273,29.1879526399716,15.451583096564166,1,58.89846670226563,53.27637500953546,180455.09314285713,284895.68821,0.6334075965721234,0,13181115.297400003,787.7920659238162,1098473.3167916276,0.2293272618690429,0.3316617418738916,0.27792063028535474,1.193368558258371,0.4152059801395844,0.9374288700499361,1.5523461538461538,0.9374288700499361,1.61444,0.027031044820495093,0.0,1.0,1.0,1.0,1.0,1.0,119294.01,0.024314831629991707,0.04452555319730167,0.186066870351592,0.6093,1.0948542646738928
2025-08-11,807.22,827.59,792.0,805.09,316220.572,0,1,-0.0026386858601125107,0.014606175173282887,0.047435046771528544,-0.023032023978545535,0.17384014230309397,-0.0026421733278855285,0.7666666666666667,0.8444444444444444,785.3685,0.025111142094443553,723.071,0.11343146108750041,687.2514,0.1714636012382078,650.2038,0.2382117729856393,785.990009966689,767.3101344446945,1,1,1,62.1992871230946,0,0,18.679875521994404,19.280123555411407,-0.6002480334170031,0,837.0347733420258,733.7022266579743,785.3685,0.1315720539900079,0.6908546787325415,29.064084850288598,0.03610041715868859,32.39171983210973,29.60624200299259,14.10008237659259,1,71.47072822465499,60.95582618295327,201128.68828571428,290943.53444333334,0.6912980165396589,0,12864894.725400003,789.7809360998917,1097638.9100396144,0.22125153186117621,0.3308143470200381,0.2742827566154373,1.2061069791706296,0.41990503338359897,0.9349552897456741,1.5068126520681266,0.9349552897456741,1.6101800000000002,0.044206237811921685,0.0,1.0,1.0,1.0,1.0,1.0,118686.0,-0.005096735368355865,0.0315585507213374,0.186749042363363,0.6127,1.0941853397515364
2025-08-12,805.09,839.9,797.73,832.47,268762.259,0,1,0.03400862015426842,0.04211158819773919,0.10241945095546456,0.03399577692212152,0.20299132947976872,0.03344311275774297,0.9666666666666667,0.8888888888888888,788.155,0.05622624991277104,726.9105999999999,0.14521648191675854,689.7158000000001,0.2069753947930437,650.9639,0.2788266753348382,793.1407776641214,772.136791152495,1,1,1,67.705483844876,0,0,21.003986511626408,19.624896146654407,1.3790903649720008,1,843.7256789403821,732.5843210596179,788.155,0.14101459469363792,0.8987264583139476,30.000221646696556,0.03603760093059997,32.931892564537925,29.564587012496094,12.684377422277498,1,93.23869323869329,74.53596272187131,213886.30242857145,297071.41897666664,0.7199827676635936,0,13133656.984400002,792.7689063679496,1106779.1436177485,0.19641785877554058,0.34060937377071804,0.28101953129560914,1.2120487576090408,0.42876983516528,0.9667518290558588,1.5580572711959575,0.9667518290558588,1.66494,0.05065648011339743,0.0,0.0,1.0,0.0,1.0,1.0,120134.08,0.012200933555769122,0.05260968327714721,0.1855576834857425,0.6383,1.1814695594803901
2025-08-13,832.48,858.89,828.23,848.01,395861.313,0,1,0.01866733936358056,0.05053145363098044,0.10195568838931846,0.06868218421948047,0.23056942187137208,0.018495243005953416,0.9555555555555556,0.9555555555555556,792.0184999999999,0.07069468705592116,731.0002000000001,0.16006808206071615,692.2198,0.2250588613616658,651.77195,0.30108391439674576,801.5821964850259,777.7570288449027,1,1,1,70.34571216983001,1,0,23.82516764012314,20.464950445348155,3.360217194774986,0,852.9745374022931,731.0624625977067,792.0184999999999,0.15392579189070255,0.9592777219955383,30.047348671932514,0.03543277634925592,33.876706155201866,31.924076775122494,11.759876999358783,1,91.5580384854128,85.42248664958703,247054.3885714286,301812.29621000006,0.818569659599054,0,13529518.297400001,798.3174846757266,1114168.821088432,0.1959849687880022,0.34097013700596057,0.2797421815340077,1.2188728032940914,0.4300750074942637,0.9847985135292068,1.4978010138297686,0.9847985135292068,1.69602,0.03615523401846673,1.2012444892898129e-05,0.0,0.0,1.0,1.0,1.0,123306.43,0.02640674486373884,0.07230190342359522,0.19975170532081649,0.6389,1.0995301263823543
2025-08-14,848.02,869.4,820.6,840.42,592656.9793,0,1,-0.008950366151342593,0.043883292551143205,0.06561679790026242,0.07314145618918699,0.21814123376623384,-0.008990661296192526,0.8444444444444444,0.9222222222222223,794.767,0.057441992433002256,734.8871999999999,0.14360407964650912,694.5982999999999,0.20993673609624455,652.6371999999999,0.2877292314933934,807.5572431796372,782.398730411947,1,1,1,67.44542728687495,0,0,25.15851276769024,21.403662909816575,3.7548498578736655,0,859.3266546980941,730.207345301906,794.767,0.1624618402578216,0.8535722132769376,31.38682376679448,0.0373465930924948,34.97716206525312,30.77051048339213,10.453864910990841,1,79.20941243991676,88.00204805467429,304847.27104285714,315268.77915333334,0.9669440528222821,0,12936861.318100002,804.1372033243877,1108864.3241215483,0.22097094764489625,0.34371727403875824,0.28111369322839386,1.2226984395224796,0.43931639110931103,0.9666666666666667,1.4598228243877018,0.9666666666666667,1.68084,0.05806620499274167,1.1792313769874064e-05,1.0,0.0,0.0,1.0,1.0,118295.09,-0.0406413517932519,0.00700660523302532,0.22778614812087442,0.6167,0.9381719875259662
2025-08-15,840.42,853.53,812.57,827.81,252091.108,0,1,-0.015004402560624519,-0.005597799320095742,0.04323881537492125,0.09342473714798949,0.16821664949690218,-0.015118107424731827,0.6888888888888889,0.7777777777777778,796.493,0.03931861296960537,738.5974000000001,0.12078650696577029,696.8494000000001,0.18793242844149666,653.37755,0.26697037570390947,810.6730519212315,785.7625281592102,1,1,1,62.81198715960813,0,0,24.910523762021285,22.10503508025752,2.805488681763766,0,862.7108774080033,730.2751225919968,796.493,0.1662735953938157,0.7364693737239519,32.0706220691663,0.03874152531277262,35.513166087892884,27.963401787283146,11.288651367218302,1,70.16285242843817,80.31010111792258,312958.89818571426,315727.31815333327,0.9912316109235929,0,12684770.210100003,805.6142064759276,1105081.8476551624,0.2652269951772453,0.34379587260465405,0.2839254432863765,1.210866728339983,0.44117071609913466,0.952162410858063,1.437170138888889,0.952162410858063,1.6556199999999999,0.049479953129341184,0.0,1.0,1.0,1.0,1.0,1.0,117342.05,-0.008056462867562786,0.005719404217228163,0.22797371693003246,0.6177,0.9390823582839234
2025-08-16,827.8,839.79,825.06,838.71,114512.1,0,1,0.013167272683345388,-0.010966851805992772,0.04992301240564334,0.13890171369598892,0.16382432526191648,0.013081337679505084,0.7555555555555555,0.7444444444444445,796.2284999999999,0.05335340294902795,742.4574,0.12964056927710604,698.9448,0.19996600589917837,654.26465,0.281912449342938,814.9864285487342,789.6845631103798,1,1,1,65.04724947840376,0,0,25.30186543835441,22.744401151876897,2.557464286477515,0,861.6852683042968,730.7717316957031,796.2284999999999,0.16441704436426685,0.8245004382320801,30.832006207082994,0.03676122403105125,36.010884108915526,27.009150116006985,10.903425903036014,1,77.98263863978768,75.78496783604754,300405.66204285715,305891.9656533334,0.982064571069206,0,12799282.310100002,804.6604263752148,1106589.6597014049,0.26862828764083463,0.3428572335160962,0.2840128440268774,1.2071891843160802,0.4390924831781677,0.9646997929606625,1.45609375,0.9646997929606625,1.6774200000000001,0.01756268555281327,-1.2080066681957098e-05,0.0,1.0,1.0,1.0,1.0,117380.66,0.00032903805583761603,0.007885902942799117,0.22751518171045457,0.6148,0.9340826883648405
2025-08-17,838.71,864.0,838.04,855.38,164953.856,0,1,0.01987576158624549,0.017800623497775003,0.05966155447090005,0.1386696130243208,0.17188185006576062,0.019680817511243086,0.8111111111111111,0.8,797.794,0.07218154059819955,746.5930000000001,0.14571125097610066,700.8357000000001,0.22051430884585344,655.2017,0.3055216431825498,821.2008241566213,794.5508917688702,1,1,1,68.19575461136819,0,0,26.64993238775105,23.52550739905173,3.124424988699321,0,867.4193590825118,728.1686409174881,797.794,0.17454470472957145,0.9135418528452816,30.484005763719924,0.03563796881353308,37.0376564850491,31.038997478116617,10.240190662710916,1,88.71992919784377,78.95514008868987,300722.5981857143,292842.75801999995,1.0269080929949996,0,12964236.166100003,803.1429581425988,1109868.2432159928,0.27916921329538524,0.34478565747619866,0.2850463459071459,1.209577538624238,0.4284280128183012,0.9838739360478491,1.4850347222222222,0.9838739360478491,1.71076,0.030349084617363086,0.0,1.0,1.0,1.0,0.0,1.0,117405.01,0.0002074447357851561,-0.015834826912097255,0.2254903672920458,0.6261,0.9651019907908133
2025-08-18,855.38,858.51,825.0,846.99,233741.603,0,1,-0.009808506161004482,0.023169567896014875,0.05204387087157958,0.1019476210920729,0.15519639934533536,-0.009856926438110805,0.7555555555555555,0.7222222222222222,799.8885,0.05888508210831883,750.4348000000001,0.12866567488607922,702.6666,0.20539385250416056,656.049,0.29104685778044026,825.1683896709872,798.4352701563613,1,1,1,65.02115629696374,0,0,26.733119514625855,24.167029822166555,2.5660896924593004,0,872.8782767246626,726.8987232753375,799.8885,0.18249987773211523,0.8226582003235862,30.7001482091685,0.036246175526474335,37.198037036981596,28.619007286898817,12.475757373394462,1,81.9695872556119,82.89071836441445,288939.88832857145,294364.28445333336,0.9815725058668867,0,12730494.563100003,804.1401446590932,1107575.5872628842,0.2939858980658528,0.3475699249879519,0.28644156484576094,1.2134060403388263,0.43029536706193616,0.974223602484472,1.47046875,0.974223602484472,1.69398,0.03956363121170261,0.0,0.0,1.0,0.0,1.0,0.0,116227.05,-0.010033302667407429,-0.020718113341084865,0.22733905241618976,0.6321,0.9743550354797393
2025-08-19,847.0,851.95,823.0,824.11,211802.026,0,1,-0.027013305942218957,-0.01740768561242867,-0.010042403930471955,0.09134850952816076,0.08891149811051502,-0.02738487206149716,0.2777777777777778,0.4777777777777778,801.4185,0.028314170436544727,753.779,0.09330453621021549,704.3961999999999,0.16995236487647167,656.7822,0.25476908478944776,825.0055604908353,800.3371019966308,1,1,1,57.20102577695759,0,0,24.6684584942044,24.267315556574125,0.40114293763027575,0,875.1246569305711,727.7123430694289,801.4185,0.1839392450525439,0.6539321879268154,30.575137622799325,0.03710079676596489,37.227104179232015,26.683447114781558,12.09923021418954,1,63.22072437875591,77.97008027740387,280802.7121857143,292982.51188666665,0.9584282364755483,0,12518692.537100002,806.4233493196971,1101854.1143353644,0.2928876252564835,0.35001833646806324,0.2932584056873175,1.1935492032963761,0.4288913067068033,0.9479066022544284,1.4307465277777778,0.9479066022544284,1.64822,0.03512880562060895,1.1806514834875153e-05,1.0,1.0,1.0,1.0,1.0,112872.94,-0.028858256318128994,-0.060441966176458806,0.24165353215450242,0.6919,1.0095460450715485
2025-08-20,824.1,881.02,818.57,869.05,392159.8615,0,1,0.05453155525354614,0.015981201337417206,0.024811028171837446,0.12929634201806262,0.1342042755344417,0.05309664486407008,0.5666666666666667,0.6555555555555556,805.714,0.078608538513666,758.2334,0.14615104003595727,706.4859999999999,0.2301022242478975,657.8627500000001,0.32102022800348523,831.7816281076298,805.4269462931767,1,1,1,65.88098251986679,0,0,26.3546818144531,24.68478880814992,1.6698930063031803,0,884.7552660776521,726.672733922348,805.714,0.19620179388133266,0.9006514770257924,32.85191350688508,0.037802098276146466,37.96120837498345,29.380873655469273,10.456366730719395,1,89.75609756097559,78.31546973178114,280273.93340000004,294773.84220333333,0.950810055956962,0,12910852.398600003,811.2674969172537,1123239.2014909748,0.4322406958824062,0.378411321471634,0.3055656794284687,1.2383960207161226,0.4400244485352762,0.9864134752900048,1.4957831325301203,0.9864134752900048,1.7381,0.07186007709567911,-1.2134302459612072e-05,1.0,0.0,0.0,0.0,0.0,114271.24,0.012388265956393196,-0.07327428099248345,0.24477281167599102,0.6916,1.0798522065869671
2025-08-21,869.05,883.86,833.46,839.49,277889.676,0,1,-0.034014153385881096,-0.008854886126164363,-0.0011065895623616484,0.06443759747422884,0.06713021813189624,-0.03460609641513308,0.34444444444444444,0.45555555555555555,809.8345,0.03661921046831169,761.829,0.1019401991785559,708.2396000000001,0.18531920553439807,658.9712,0.27394034822766167,832.9675314756867,807.9501354566451,1,1,1,57.60531888044849,0,0,25.0173960190416,24.75131025032826,0.26608576871333867,0,886.7646940517664,732.9043059482337,809.8345,0.18998991535126325,0.6927429169101327,34.10534825639329,0.04062627101739543,38.704440851782735,26.8743626463653,9.352641885349039,1,56.972459270752516,69.98309373682801,235307.1757857143,292067.6962033333,0.8056597112400161,0,12632962.722600002,817.3328375128933,1113787.019427158,0.48716740575965867,0.3885074490066976,0.31174108272475654,1.246250399886241,0.4408788053056249,0.9497997420405947,1.4385913803444437,0.9497997420405947,1.67898,0.06003645070221203,0.0,1.0,1.0,1.0,1.0,1.0,112500.0,-0.01550031311465605,-0.0489884237798881,0.23855854015358954,0.6908,1.134770330303617
2025-08-22,839.49,900.71,839.23,900.21,430842.5317,0,1,0.07232962870314119,0.09234204171773186,0.08745968277744898,0.13448015122873347,0.1589592399000952,0.06983350484529989,0.9222222222222223,0.7222222222222222,818.024,0.10046893489677569,766.5614,0.1743481996354108,710.717,0.26662229832690093,660.3862000000001,0.36315689213372393,843.3125266332734,814.7841994968935,1,1,1,66.82416626818282,0,0,28.528327136379858,25.50671362753858,3.021613508841277,0,896.8955065353656,739.1524934646344,818.024,0.1928342115521442,1.0210119827186783,36.06068052379377,0.040058075919834006,39.744756170441,26.93926155728345,8.21368781689874,1,99.54006071198602,82.08953918123804,260843.09345714288,282792.87537333334,0.9223821254788929,0,13063805.254300002,825.6153631051836,1144949.6997745403,0.6248062880844526,0.4322372372839288,0.3316672161828939,1.303225691880191,0.4395009870369637,0.9994448823705743,1.5426441607402968,0.9994448823705743,1.8004200000000001,0.06829517557014476,0.0,0.0,0.0,0.0,0.0,0.0,116935.99,0.03943102222222228,-0.0034604815579751813,0.26568177292236594,0.7517,1.2394666885420382
2025-08-23,900.2,900.21,875.55,880.42,209279.872,0,1,-0.02198375934504182,0.01308325182670722,0.04973113471879431,0.10213687517995051,0.14230479798635076,-0.022229003098532783,0.7222222222222222,0.6777777777777778,824.4845000000001,0.06784299765489807,771.0978,0.14177475282642482,713.0024000000001,0.23480650275510975,661.92485,0.33009056843839596,849.0213686896928,819.6461106452717,1,1,1,62.08552000376751,0,0,29.375258044421116,26.28042251091509,3.094835533506025,0,901.4571993228963,747.511800677104,824.4845000000001,0.1867171531372539,0.8633463584624567,35.24634620066565,0.04003355921113293,40.71076325205225,25.592977754416804,7.803210534654745,1,81.33566369239254,79.28272789171037,274381.3466,277654.3132066667,0.9882120808106067,0,12854525.382300003,830.2857697037897,1140348.941432731,0.6572633981890543,0.4379230678533321,0.3365603895447227,1.301172334765022,0.43088682761265107,0.977473326597906,1.508731042755548,0.977473326597906,1.76084,0.028009359169487383,-1.1108519123305567e-05,0.0,0.0,0.0,0.0,0.0,115438.05,-0.012809914210329953,-0.016549659884345536,0.2679926634124579,0.7573,1.253763650171049
2025-08-24,880.42,886.66,859.34,876.51,289492.317,0,1,-0.004441062220303937,0.04409820248007712,0.024702471416212735,0.0858378137310769,0.11593354128206745,-0.00445095303179575,0.5666666666666667,0.5777777777777777,829.8785,0.056190755634710335,775.5047999999999,0.13024445496662312,715.2999000000001,0.22537414027319153,663.45965,0.32112028214526683,853.2503888912786,823.8582505974738,1,1,1,61.162687363485055,0,0,29.392138293804805,26.902765667493036,2.48937262631177,0,905.4782853728527,754.2787146271473,829.8785,0.18219482821365462,0.8084102671060293,34.68017861490381,0.03956620987199668,40.55913091325564,24.15287940393018,10.702800741964149,1,77.73893846012324,86.20488762150062,292172.5553142857,277835.11974000005,1.0516041153749847,0,12565033.065300003,834.9096827373181,1139063.288040634,0.653543943259003,0.436445964100433,0.3371359162554134,1.2945697656543438,0.427533362204257,0.9731323067357973,1.5020306743209666,0.9731323067357973,1.75302,0.031169068236528888,0.0,0.0,0.0,0.0,0.0,1.0,113493.59,-0.01684418612407268,-0.033315614044068464,0.27165492110577727,0.7652,1.2459664110363977
2025-08-25,876.51,880.75,832.76,839.32,320570.155,0,1,-0.04242963571436709,-0.06763977294186907,-0.009055596878357441,0.042516985678619834,0.05802417779122404,-0.043356073122832926,0.28888888888888886,0.43333333333333335,834.0880000000001,0.006272719425288423,779.0286,0.07739305078144765,717.2979999999999,0.17011339777888712,664.79765,0.2625195049952419,851.1072521387742,825.0035653680313,1,1,1,53.08093897871168,0,0,26.10368677074291,26.742949888143013,-0.6392631174001018,0,901.0447208528673,767.1312791471329,834.0880000000001,0.16055073530099268,0.5390700136846377,35.63088014241068,0.04245208042511876,38.986187648714555,21.829259559165724,15.001585118691072,1,40.38648281219657,66.48702832157079,304576.63417142857,284228.64520666667,1.0715902119927658,0,12244462.910300003,838.4726254521707,1125461.6131430857,0.7106791021666485,0.4566464197483085,0.35081581391554834,1.301669997858867,0.43634676169928915,0.9318426574591157,1.4383000599777227,0.9318426574591157,1.6786400000000001,0.05717723871705667,0.0,1.0,1.0,1.0,1.0,1.0,110111.98,-0.029795603434519924,-0.052613139540236165,0.28382916672255276,0.7848,1.2770094639853828
2025-08-26,839.32,868.0,829.59,863.7,194882.089,0,1,0.029047324024210175,-0.018990936144112958,0.04803970343764785,0.03751486540055504,0.023341232227488184,0.028633446099745767,0.7111111111111111,0.34444444444444444,838.7955,0.029690788756019913,783.0814,0.1029504723263763,719.4197,0.20055094404559676,666.2275999999999,0.2964038115502872,853.0445979635782,827.8699679333623,1,1,1,57.08432037559791,0,0,25.174630030215894,26.42928591655759,-1.2546558863416948,0,899.6035979631422,777.9874020368577,838.7955,0.14498908962468743,0.7047794688060751,35.829388703667064,0.041483603917641616,37.371139178750944,20.157723007740632,14.484828795405786,1,58.00998411617881,58.71180179616621,302159.5003142857,277481.5063233333,1.0889356350912862,0,12439344.999300003,841.2880771829768,1131122.4163287836,0.7037678329556715,0.42784786268332864,0.3542966064467332,1.2075979698881296,0.4270729785608919,0.9589101930699115,1.4800788278639365,0.9589101930699115,1.7274,0.04447145999768434,0.0,0.0,0.0,0.0,0.0,1.0,111763.22,0.01499600679235824,-0.00983158585219801,0.28495489606892965,0.8048,1.2185792093357917
2025-08-27,863.7,867.1,852.9,855.18,135243.457,0,1,-0.009864536297325532,-0.024335147345723396,-0.015959956274092413,0.008455088973007285,0.0377516473115147,-0.009913513191245303,0.18888888888888888,0.4111111111111111,842.1209999999999,0.015507272707841373,786.9724000000001,0.08667089214310417,721.4753,0.18532124384576992,667.4415500000001,0.2812807353692616,853.3731213537969,829.8929332716318,1,1,1,55.30825801053275,0,0,23.480188082165114,25.839466349679096,-2.3592782675139823,0,898.5002137507987,785.741786249201,842.1209999999999,0.13389813043683474,0.6158139598906259,34.284432367690854,0.0400903112417162,35.87145131378473,19.561368071482516,14.056303254615447,1,48.34354436124337,48.9133370965396,265457.1568142857,264731.7985166667,1.0027399741991077,0,12304101.542300003,843.8521075472952,1129788.3023382314,0.6266297500168134,0.42273143516706047,0.35558604227048823,1.1888302264842439,0.4197621818977256,0.949450988664498,1.4654785365435696,0.949450988664498,1.7103599999999999,0.01660469140999561,0.0,1.0,0.0,0.0,1.0,1.0,111262.01,-0.004484570147495814,-0.0263340977134755,0.283704869048266,0.8031,1.2071006970271536
2025-08-28,855.18,881.36,850.85,873.47,232414.922,0,1,0.02138731027386065,0.04068769956631546,0.040476956247245344,0.03932557530758429,0.08492112781021,0.02116181129860086,0.6333333333333333,0.5111111111111111,846.1195,0.0323246302679468,791.0682,0.10416522873754751,723.71,0.2069337165439195,668.72985,0.30616272026738445,856.4649488378282,833.1208641403998,1,1,1,58.30715599043786,0,0,23.344084697428343,25.34039001922895,-1.9963053218006053,0,899.2279746830322,793.0110253169678,846.1195,0.12553421752608757,0.7574965687043004,34.014830055712935,0.03894218468374751,34.99796424853381,21.30258896748781,13.155734272548571,1,69.09462219196732,58.48271688979651,258960.7633857143,258233.42485,1.0028165933055986,0,12536516.464300003,846.8310738585648,1134759.0323873204,0.5943747728547941,0.4199448337770578,0.3570618173386794,1.1761124079496093,0.4176432015804875,0.9697571915488892,1.49682118070431,0.9697571915488892,1.7469400000000002,0.03492964841379783,0.0,0.0,0.0,0.0,1.0,1.0,112566.9,0.011728082208833035,0.0005946666666665212,0.28640967020488756,0.8202,1.2131330275599403
2025-08-29,873.48,878.0,850.19,862.3,180524.219,0,1,-0.012788075148545519,-0.001620933194396268,-0.04211239599648975,0.0416641499861079,0.08669077894418464,-0.012870546435316635,0.07777777777777778,0.5222222222222223,849.293,0.015315091493748269,794.5981999999999,0.08520255897886511,725.5999,0.18839597414497974,669.9481,0.28711462873019566,857.3626490166239,835.2822816114814,1,1,1,55.842678798567476,0,0,22.08036740514251,24.688385496411662,-2.6080180912691517,0,897.8977704394752,800.6882295605249,849.293,0.11445936900333606,0.6338037386288744,33.571627908876295,0.03893265442291116,34.14877996828621,20.042117730130016,12.517735996713872,1,53.238373508643676,56.89218002061813,223201.0044285714,251930.94095,0.8859610637220995,0,12355992.245300002,849.0144025435998,1132450.4751086158,0.392117794241955,0.4193903899535699,0.35888112045195536,1.168605329323015,0.40928307273283204,0.9573558637075196,1.4776797189615287,0.9573558637075196,1.7246,0.03225095674359266,1.1448590106118017e-05,0.0,0.0,0.0,1.0,1.0,108377.4,-0.03721786777462999,-0.07319038390148325,0.30462493959308157,0.8112,1.1264888532405997
2025-08-30,862.3,864.0,851.61,862.0,101039.981,0,1,-0.00034790676098794826,0.007974929254659813,-0.020921832761636394,0.027768835473524822,0.10069719334984817,-0.00034796729458555785,0.18888888888888888,0.5555555555555556,852.0319999999999,0.01169909111394886,798.0383999999999,0.08014852418129265,727.3542,0.18511723724149803,671.04755,0.2845587469919233,858.076087629451,837.2613718624827,1,1,1,55.774493406212656,0,0,20.81471576696822,23.913651550522975,-3.0989357835547544,0,896.6657156489572,807.3982843510427,852.0319999999999,0.10477004537143503,0.6116644654726717,32.0586544868137,0.03719101448586276,33.3602517080563,19.488842039833635,12.172175756135205,1,52.8731434136839,58.402046371431645,207738.16285714283,244131.40215,0.8509276603814517,0,12254952.264300002,850.5414643722869,1132415.322616096,0.37607513323217195,0.41679892454109846,0.3564259313569896,1.169384401842638,0.40352275581567065,0.9570227931298642,1.477165624196727,0.9570227931298642,1.724,0.014373549883990703,0.0,0.0,0.0,0.0,1.0,1.0,108816.33,0.004050014117334522,-0.05736167580793339,0.30180710146465617,0.805,1.1213715093937495
2025-08-31,862.0,867.7,857.0,857.65,94241.193,0,1,-0.005046403712297032,-0.018111669547895226,-0.021517153255524724,0.0026537912974349265,0.13283933005758963,-0.005059179807859102,0.17777777777777778,0.6333333333333333,854.6600000000001,0.003498467226733315,801.4742,0.07009059056423773,729.3609,0.17589248340567742,671.8511500000001,0.27654764005390164,858.0105356864585,838.77164061341,1,1,1,54.73094940031064,0,0,19.238895073048525,22.978700255028087,-3.7398051819795626,0,893.4650013054528,815.8549986945474,854.6600000000001,0.09080804367924722,0.5385259618530118,30.533036309184155,0.03560081188035231,32.777850829682706,19.86658134334623,11.867488729663789,1,47.57730703676641,51.22960798636467,179845.14514285713,234145.05665,0.768092855411804,0,12160711.071300002,853.3582960785276,1131939.7435098893,0.3761899850566726,0.4026804532948367,0.3554665502075615,1.1328223515256397,0.3874906038672997,0.9521932697538608,1.4697112501071032,0.9521932697538608,1.7153,0.012475951728560655,0.0,0.0,0.0,1.0,1.0,1.0,108246.35,-0.005238000583184466,-0.046233800516839674,0.29636812401594537,0.7969,1.093537265274419
2025-09-01,857.66,869.15,840.0,845.68,254185.715,0,1,-0.013956742260828991,-0.019274034558738218,0.007577562788924297,-0.0015466534433701273,0.1483664213356508,-0.014055053395426429,0.4222222222222222,0.6888888888888889,855.3205,-0.011271213539252348,804.5477999999999,0.05112461932031884,731.1376000000001,0.1566632601031595,672.75595,0.25703830638733105,856.1135301962341,839.2833709383426,1,1,1,51.85578976119512,0,0,16.830159257891523,21.748992055600777,-4.918832797709253,0,892.9676224733939,817.6733775266061,855.3205,0.08803044583496804,0.37196232584823374,30.434248001385285,0.03598790086248378,31.173573253791197,18.507419768596197,15.045446816010339,1,33.004626247869375,44.48502556610657,170361.6537142857,235641.81408333333,0.7229686903277629,0,11906525.356300002,854.8580299941945,1128392.1389992498,0.2708565901986872,0.39519436003928987,0.3574482293227178,1.105598874522591,0.3821272890325347,0.9389037537054101,1.4491988689915174,0.9389037537054101,1.69136,0.03446930280957334,1.165976797060678e-05,0.0,1.0,1.0,1.0,1.0,109237.42,0.009155689776144893,-0.007942460030234688,0.29745316693583135,0.7815,1.0493770805580858
2025-09-02,845.68,856.68,840.71,851.8,164333.169,0,1,0.007236779869454146,-0.011832946635730868,-0.013777932152367778,0.033599883510696316,0.1339039682645331,0.007210720028705497,0.23333333333333334,0.6222222222222222,855.51,-0.004336594545943398,807.8014,0.054467100453155955,732.9612000000001,0.16213518532768156,673.7164,0.2643302137219755,855.4499101660442,840.2105286466135,1,1,1,53.20920590447763,0,0,15.239381519430708,20.447069948366764,-5.207688428936056,0,893.0401562956956,817.9798437043044,855.51,0.08773750463628861,0.4505730808743589,29.401087429857757,0.034516421025895465,29.68388693332051,17.789362037836593,14.461707994821424,1,40.45532018504981,40.345751156561874,165997.52228571428,236362.88755,0.7022994345954556,0,12070858.525300002,855.4857673905306,1129581.3819685525,0.20074706701637102,0.3926368620735299,0.3552467897283976,1.1052509788300091,0.3788363446226481,0.9456983934895804,1.459686402193471,0.9456983934895804,1.7036,0.018748532519370645,0.0,0.0,1.0,1.0,1.0,1.0,111240.01,0.018332454208457083,-0.004681414869757705,0.29924925961125454,0.7678,1.0183241809656849
2025-09-03,851.8,864.06,848.91,854.76,116453.022,0,1,0.003474994130077569,-0.0033696729435084283,-0.0004911246755068266,-0.016443242621253074,0.11205651613910472,0.003468970289149726,0.34444444444444444,0.5777777777777777,856.2270000000001,-0.0017133306938464895,811.0981999999999,0.053830473301506636,734.7659,0.16330929347701084,674.6791499999999,0.2669133172412399,855.3437701404989,841.2882672653828,1,1,1,53.88444824555165,0,0,14.055502875116076,19.168756533716625,-5.113253658600549,0,893.0852137386012,819.368786261399,856.2270000000001,0.08609449068670125,0.4800994154192593,28.383152613439346,0.033205990703167376,28.66245839836754,18.968359138957332,13.910337460976226,1,35.390888638920075,36.28361169061309,163313.17442857142,234527.80808333334,0.6963488712201767,0,12187311.547300002,857.1259470752957,1129986.0555364322,0.1945008266137545,0.38859787473331686,0.35525060816784415,1.0938696959238343,0.3774457965190351,0.9489846898557804,1.4647588038728474,0.9489846898557804,1.70952,0.017724273480275138,0.0,1.0,1.0,1.0,1.0,1.0,111705.71,0.004186443348935365,0.003987884094490246,0.29863496211117624,0.7654,1.007044784681176
2025-09-04,854.76,856.72,841.1,843.63,108195.902,0,1,-0.013021198933033884,-0.002424084760192957,-0.034162592876687325,0.004931565593395915,0.11719836319574117,-0.013106717928284713,0.1,0.5888888888888889,857.018,-0.015621608881027042,813.7986,0.036656981223609914,736.3331000000002,0.14571788230082255,675.5318,0.2488383226370691,853.5416516573453,841.4617289494286,1,1,1,50.90945596054132,0,0,12.079922707916694,17.75098976855664,-5.671067060639945,0,891.9364087175923,822.0995912824078,857.018,0.08148815711593509,0.30829596061668424,27.471498855336538,0.032563444703645604,27.215501854651624,18.197987293600857,15.376065715318425,1,19.741282339707485,31.86249705455913,145567.60014285715,232152.37281666667,0.6270347288580742,0,12079115.6453,858.4106894582552,1128577.215172751,0.13780075260553443,0.3866297899860165,0.35680687938696903,1.0835827791501282,0.3745318428392863,0.9366277714247648,1.4456858880987062,0.9366277714247648,1.68726,0.018515225869160656,0.0,1.0,1.0,1.0,1.0,1.0,110730.87,-0.008726859173089796,-0.01631056731596947,0.29878557432313574,0.7672,1.003967109647674
2025-09-05,843.62,857.73,842.22,850.14,120856.951,0,1,0.007716653035098275,-0.0019488142756515225,-0.014101820712049129,-0.05562035525044162,0.10472353973101178,0.007687031954212297,0.2222222222222222,0.5333333333333333,857.5895,-0.008686556913301826,816.3883999999999,0.04134257664611606,737.9656000000001,0.15200491730237814,676.4449500000001,0.2567763274749851,853.0183206331383,842.1045638420635,1,1,1,52.559304066429,0,0,10.913756791074775,16.383543173060268,-5.469786381985493,0,891.6088266897135,823.5701733102866,857.5895,0.07933708770854463,0.39051076660120104,26.617106079955356,0.03130908565642759,25.926549625436596,17.711590145253346,14.736083134921207,1,29.0994052676295,28.0771920820857,137043.7047142857,230724.78085,0.5939704621645356,0,12199972.5963,858.8176978965585,1129509.826330498,0.143362280608588,0.38414993553859017,0.3565709292561097,1.077345077850336,0.37014015442445775,0.9438554029598871,1.456841744494902,0.9438554029598871,1.70028,0.018244053920530724,-1.1853537688312299e-05,1.0,1.0,1.0,1.0,1.0,110659.99,-0.0006401105671796081,0.021061494370597567,0.29772738631538304,0.7651,0.9984544628239348
2025-09-06,850.14,865.0,849.55,860.85,144234.054,0,1,0.012597925047639347,0.007124806963358266,-0.0013341067285382868,-0.02222802753231401,0.09152116854958359,0.01251923141829096,0.3111111111111111,0.5111111111111111,857.863,0.003481907950337019,819.007,0.05108991742439329,739.8239,0.163587713238245,677.5083,0.2706117401070955,854.2231943818862,843.4931146685773,1,1,1,55.22537233552625,0,0,10.730079713308896,15.252850481109995,-4.522770767801099,0,891.8954836157021,823.830516384298,857.863,0.07934246754015982,0.5438845432753225,25.819455645672836,0.02999297862075023,25.124212696105012,18.965782605160204,14.106235606765521,1,54.77483791834594,34.53850850856099,143214.2865714286,229262.35591666668,0.6246742340180992,0,12344206.6503,859.0541191356297,1131326.8761321073,0.16831484651295797,0.379935561474371,0.35682828104571374,1.0647574243861488,0.36738017522468425,0.9557460225821851,1.4751949275983207,0.9557460225821851,1.7217,0.01794737759191502,0.0,1.0,1.0,1.0,1.0,1.0,110187.97,-0.004265498307021387,0.012605093371555576,0.28994458294454917,0.7537,0.9989870986682825
2025-09-07,860.86,884.05,860.55,880.05,136538.058,0,1,0.02230353720160294,0.0431705842608725,0.026117880254182824,0.0040387445665195365,0.10907372400756143,0.0220584508174972,0.5777777777777777,0.5333333333333333,859.516,0.023890189362385333,821.9440000000001,0.07069338057093899,742.0708,0.1859380533501655,678.6416499999999,0.296781593054302,858.1965490923652,846.2010321005345,1,1,1,59.60779460747398,0,0,11.995516991830755,14.601383783254148,-2.6058667914233933,0,894.5224351377433,824.5095648622566,859.516,0.08145615704127282,0.7932889327234094,25.65378024241049,0.029150366731902157,25.271695337224756,23.028965761207814,13.183240093805257,1,92.65515975027543,58.843134312083635,149256.69585714285,227303.30058333333,0.6566411287214141,0,12480744.7083,860.4627904631883,1134372.157788145,0.20907719582036452,0.38389092205215686,0.3583241370252794,1.0713509986771383,0.36828594786743757,0.977062539552131,1.508096992545626,0.977062539552131,1.7601,0.026703028237031988,1.1616425625824365e-05,1.0,1.0,1.0,1.0,1.0,111137.34,0.008615913334277803,0.026707505611043514,0.2911549565958591,0.759,1.0120161463883515
2025-09-08,880.05,885.85,870.01,878.08,177574.781,0,1,-0.0022385091756149667,0.03286517514762277,0.03831236401475757,0.04618024114759556,0.09920759110198674,-0.002241018382567507,0.6222222222222222,0.5,862.2145,0.01840087356452483,824.3692,0.06515381700335246,744.2715000000001,0.17978452755479682,679.7502499999999,0.29176855764304627,861.2555415396936,848.5624371301245,1,1,1,58.970025853712094,0,0,12.69310440956906,14.219727908517132,-1.526623498948073,0,893.8914519234143,830.5375480765858,862.2145,0.07347812388544661,0.7504265567968508,24.952795939381176,0.028417451643792335,25.485021223274746,22.500027560951565,12.585475637174033,1,86.18912193387845,77.87303986749995,138312.2767142857,226476.30151666666,0.6107141267675069,0,12303169.9273,862.649303175857,1133974.6550115186,0.17645039776395138,0.3841083178920958,0.3559638446927103,1.0790655388714592,0.3651219224874425,0.974875376092194,1.4801678944085768,0.974875376092194,1.7561600000000002,0.018039358600583127,0.0,1.0,1.0,1.0,1.0,1.0,112065.23,0.008349039125823854,0.025886825228937038,0.2925329824383233,0.7507,0.9969681651208192
2025-09-09,878.08,884.83,871.38,880.01,150610.03,0,1,0.002197977405247853,0.022257071499099723,0.03311810284104255,0.018883871714715728,0.09017368251529945,0.002195565386639183,0.5777777777777777,0.4777777777777778,862.7625,0.0199910172266411,826.645,0.06455612747914766,746.4639,0.17890496780889206,680.91295,0.2923972146513001,864.1408428412792,850.8918862315968,1,1,1,59.42802232106159,0,0,13.24895660968241,14.025573648750187,-0.7766170390677782,0,895.3047438814922,830.2202561185079,862.7625,0.07543731648395043,0.765001701523864,24.13116765799681,0.027421469821930215,25.68310954603545,21.604252511309163,12.084420470324892,1,87.26281352235544,88.70236506883646,136351.8282857143,226072.12575,0.6031341892918627,0,12453779.9573,863.9378760451319,1134305.6924544624,0.17681957607805018,0.3834905315856521,0.35596119988429054,1.0773380124303162,0.36303769819642534,0.977018130141777,1.4718593721253073,0.977018130141777,1.76002,0.015283917228213368,0.0,1.0,1.0,1.0,1.0,1.0,111546.39,-0.0046298035528057335,0.0027542248512923972,0.28252381502238316,0.7639,1.0489183587679693
2025-09-10,880.0,907.38,877.04,893.77,306830.178,0,1,0.015636185952432324,0.015590023294131061,0.04563854181290661,0.04512500292336119,0.11014917586853645,0.015515200336169576,0.6888888888888889,0.5444444444444444,865.4765000000001,0.03269124002789201,828.7868,0.07840761942637119,748.7423,0.19369508040349795,682.0389499999999,0.3104383554634235,868.6991747118517,854.0680428070341,1,1,1,62.630757211439615,0,0,14.631131904817607,14.146685299963673,0.4844466048539342,1,898.8886901958645,832.0643098041357,865.4765000000001,0.07721108590669845,0.9234008581021119,24.57465568242561,0.027495502962088247,26.768184511530542,26.25342963647801,11.018742649914808,1,79.80112793113682,84.41768779579024,163548.56485714283,225759.11261666665,0.7244383757604692,0,12760610.1353,867.0598008772712,1139103.3461734883,0.18785516357284532,0.3848278271072688,0.35609601325668294,1.0806855813627863,0.3597869272952203,0.9850007714518724,1.487633155792277,0.9850007714518724,1.78754,0.03394609351399133,-1.1363507232862018e-05,1.0,1.0,1.0,1.0,1.0,113960.0,0.02163772399985331,0.020180615655188916,0.290555933149409,0.7606,1.018694252987814
2025-09-11,893.77,904.53,888.38,902.77,179913.182,0,1,0.010069704733880025,0.02811816690962088,0.07010182188874259,0.033544369010956254,0.0844474875971506,0.010019343059770995,0.8555555555555555,0.4111111111111111,865.6045,0.04293589046729765,831.3074,0.08596410906482962,751.1541000000001,0.20184393588479366,683.2607,0.32126727031131735,873.9408401407976,857.6755951916982,1,1,1,64.59917360068584,0,0,16.265244949099383,14.570397229790817,1.6948477193085658,0,899.5916185970026,831.6173814029975,865.6045,0.07852805431811541,1.0467586181795019,23.972894562252353,0.026554819679710618,27.77575412234741,24.990119265174815,10.488522710611456,1,93.15820718314038,86.74071621221088,173793.89057142855,222797.47671666666,0.780053226511374,0,12940523.3173,867.0793095083459,1140915.018793961,0.1292174788384634,0.37483988323473166,0.3561629719895471,1.052439227864857,0.3498437029629801,0.9949194383830369,1.5014885654885655,0.9949194383830369,1.80554,0.017889384893162132,0.0,1.0,1.0,1.0,1.0,1.0,115482.69,0.013361618111618068,0.04291323639017741,0.29103986935238146,0.7549,0.9832654229025628
2025-09-12,902.77,929.9,901.41,924.8,240267.9372,0,1,0.024402671776864615,0.05089714889603525,0.08782082951043346,0.07248057520584483,0.0905531774389452,0.02410968347812227,0.9222222222222223,0.4666666666666667,867.8235000000001,0.06565447928063699,834.3885999999999,0.10835646603992442,753.7697999999999,0.22689977762441538,684.8136999999999,0.35044027302608,881.7653262729825,862.6477733256464,1,1,1,68.91540359629417,0,0,19.117552947336094,15.479828373299874,3.63772457403622,0,910.553913315409,825.0930866845912,867.8235000000001,0.09847719799108665,1.1666972722617421,24.2955449506629,0.026271134245959022,29.49953877337984,30.355687037965122,9.610001822957443,1,94.32703003337039,89.09545504921589,190852.60288571427,217611.03085666668,0.8770355166941086,0,13180791.2545,869.4285141103272,1146778.198403957,0.15381286783884612,0.3772409245057113,0.3579567732831051,1.0538728490754232,0.34831158476496105,0.9945155393053016,1.538128898128898,0.9945155393053016,1.8496,0.03080666089965399,0.0,0.0,1.0,1.0,1.0,1.0,116029.42,0.004734302604139096,0.048521873172046925,0.27976686633008613,0.7558,1.0305588798782426
2025-09-13,924.81,943.86,922.11,933.68,251751.2324,0,1,0.009602076124567427,0.04465354621435047,0.0846024278329558,0.08315545243619482,0.11096832536112888,0.00955626918598517,0.8888888888888888,0.5444444444444444,870.682,0.07235477476277209,837.3531999999999,0.11503723876615037,756.7733999999999,0.2337642945695502,686.36465,0.36032646786223615,889.7521991540622,867.9094197459689,1,1,1,70.477908715773,1,0,21.842779408093293,16.75241858025856,5.090360827834733,0,922.5343651594793,818.8296348405207,870.682,0.11910747014289784,1.1074747005873373,24.113720311329836,0.025826536191553676,31.442263017799064,32.53513330170712,8.990859522727177,1,90.19834392451371,92.56119371367485,206212.1998,206247.50596,0.9998288165481776,0,13432542.4869,873.4959481408383,1149195.5329019155,0.15443927814633404,0.37599315484446494,0.35799539963344346,1.0502737052751225,0.3359425128830902,0.9892145021507426,1.5528981288981287,0.9892145021507426,1.86736,0.023294919030074544,1.0813148788917501e-05,1.0,1.0,1.0,1.0,1.0,115918.29,-0.0009577743299932218,0.052004951175704583,0.2544824914534763,0.7899,1.179974429206536
2025-09-14,933.68,944.95,921.91,926.51,159814.975,0,1,-0.00767929054922456,0.026296841942022864,0.052792454974149194,0.0802891622456714,0.11923025815102495,-0.007708928128782138,0.7333333333333333,0.5888888888888889,875.0414999999999,0.05881835318667751,840.0175999999999,0.10296498549554212,759.6115,0.21971560462157302,687.93935,0.34679023666839237,895.4072454380525,872.2502034684896,1,1,1,67.52642203301991,0,0,23.157041969562897,18.03334325811943,5.123698711443467,0,930.3383213705329,819.744678629467,875.0414999999999,0.12638674021868207,0.9653838930010094,24.03702600337771,0.025943622846356446,33.271905128344606,30.63149433363787,8.37529310634425,1,82.42972844211526,88.98503413333312,209537.47365714284,203171.63486,1.0313323205846592,0,13272727.5119,878.2611269273641,1147968.2672747734,0.17206063225329185,0.373408081613068,0.3560364155970608,1.0487918236871234,0.3276828647149324,0.9804857399862426,1.5409729729729729,0.9804857399862426,1.85302,0.02486751357243859,0.0,1.0,1.0,1.0,1.0,1.0,115268.01,-0.005609813602322822,0.0371672562974783,0.25395377013048404,0.7894,1.173625411898695
2025-09-15,926.51,935.72,910.64,919.68,175249.087,0,1,-0.007371749900162983,-0.00553633217993077,0.047376093294460464,0.08750354744111255,0.09654111671495502,-0.007399055524710678,0.6444444444444445,0.45555555555555555,877.8405,0.04766184745406475,841.5311999999999,0.09286500607464115,762.3001,0.20645399364371053,689.5106999999999,0.33381541432206935,899.1415153706598,875.763521730083,1,1,1,64.74491774355045,0,0,23.377993640576847,19.102273334610913,4.275720305965933,0,936.2970258074246,819.3839741925755,877.8405,0.13318256746510226,0.8578685135842088,24.111524145993595,0.026217297479551146,34.02138342659241,28.355647572455442,11.091681346201286,1,75.75786646201065,82.79531294287989,209205.23165714284,205196.20109333334,1.019537547685817,0,13097478.4249,881.888161533653,1146676.3748351776,0.18632756864595412,0.3736807064715239,0.3559031624321115,1.049950508778644,0.3296417008278207,0.9732578443303878,1.5296133056133054,0.9732578443303878,1.8393599999999999,0.027270354906054325,0.0,1.0,1.0,1.0,1.0,1.0,115349.71,0.000708782948538822,0.02930864461706828,0.25396654120107254,0.7867,1.170747149070963
2025-09-16,919.68,959.0,916.66,955.65,284918.8385,0,1,0.039111430062630514,0.023530545797275426,0.08595356870944637,0.12191829067856297,0.11722275479903677,0.03836595378000151,0.9,0.5777777777777777,882.8640000000001,0.08244304898602708,844.1628,0.13206836406437247,765.3366000000001,0.2486662731143393,691.3486,0.38229830797371966,907.8351283905583,881.6810386389657,1,1,1,71.42144565461042,1,0,26.154089751592664,20.512636618007264,5.641453133585401,0,949.7773684699883,815.950631530012,882.8640000000001,0.1515825052782494,1.0438823486568727,25.413558135565484,0.02659295572182858,35.35377331842539,31.524433855093974,9.771739712535217,1,97.15860899067005,85.11540129826533,228392.2043,209195.03384333334,1.0917668555700202,0,13382397.263400001,887.7007673752883,1157819.9580606963,0.2615270076390985,0.3846601758412353,0.3623828782149649,1.0614744762114714,0.33469579246798026,0.9965067778936392,1.5894386694386693,0.9965067778936392,1.9113,0.0443049233505991,0.0,1.0,1.0,1.0,1.0,1.0,116788.96,0.012477274541912609,0.04699901090479042,0.25672054039289355,0.7943,1.2042720106760667
2025-09-17,955.65,995.44,946.1,989.98,362193.1958,0,1,0.035923193637838136,0.06850438743240761,0.10764514360517818,0.1581964528054658,0.16882135562403344,0.03529300367376316,0.9666666666666667,0.7666666666666667,888.6895000000001,0.11397737905083828,847.8603999999999,0.16762146221241153,768.5806,0.2880626963522108,693.2588499999999,0.4280091772358912,920.4728009458571,889.7031839249682,1,1,1,76.07781866855464,1,0,30.76961702088886,22.56403269858358,8.205584322305278,0,970.735066152374,806.6439338476262,888.6895000000001,0.1846439417870334,1.1172819857924108,27.12258969731081,0.027397108726752873,37.30354335012353,37.02481579001125,8.502008353659082,1,96.46235583776077,89.7929437634805,236301.20684285715,213476.75360333335,1.1069177456292711,0,13744590.459200002,897.6354519123087,1170831.0943677272,0.29779854729311694,0.3930053948924678,0.3678398266678003,1.0684144739101205,0.33918769373888935,0.9945149883468617,1.6465363825363826,0.9945149883468617,1.97996,0.049839390694761544,0.0,1.0,1.0,1.0,0.0,1.0,116447.59,-0.0029229646363835293,0.02182862407862407,0.25513972957714764,0.7618,1.1871524772748216
2025-09-18,989.97,1006.88,979.48,981.04,402672.5617,0,1,-0.009030485464352922,0.06671885873347261,0.08669982387540576,0.16287946137524734,0.1904236084988653,-0.00907150745059954,0.8888888888888888,0.8333333333333334,894.6265,0.09659170614776111,851.6109999999999,0.1519813623825903,771.6559,0.2713438723140716,695.04435,0.41147827473167714,929.7908315695714,896.4688740046003,1,1,1,72.75344766993973,1,0,33.32195756497117,24.7156176718611,8.606339893110071,0,985.3565862941714,803.8964137058285,894.6265,0.20283344232296144,0.9762119354754283,27.142404718931466,0.02766697047921743,39.29152141049452,37.36566370122754,7.888958585481142,1,84.30705696586904,92.6426739314333,268123.9753714286,219839.10479333333,1.2196373144054011,0,13341917.897500003,908.5733821127963,1167194.7656524016,0.3303915100249202,0.38327479001507486,0.3646759777835517,1.051000925107719,0.33724387723228383,0.9743365644366756,1.6316673596673597,0.9743365644366756,1.9620799999999998,0.027929544157220886,-1.0101214165933559e-05,1.0,1.0,0.0,1.0,1.0,117073.53,0.005375293726559649,0.013775571040127277,0.24012308056935253,0.7322,1.1834342766104362
2025-09-19,981.05,1002.99,973.9,984.1,333582.761,0,1,0.003119138873032723,0.029770313399257065,0.06412197231833927,0.15757404662761432,0.13238593866866122,0.003114284451169252,0.7555555555555555,0.5777777777777777,900.7315000000001,0.09255643884997906,855.6302000000001,0.1501464067070096,774.8226000000001,0.27009718095471136,697.08435,0.4117373313573889,938.1460882511758,902.9600685227781,1,1,1,73.18535646922773,1,0,35.186019728397696,26.80969808316842,8.376321645229275,0,998.385404285009,803.0775957149912,900.7315000000001,0.21683243960050008,0.9268569731563616,27.28151866757922,0.027722303289888447,40.73923414106365,34.51976233608617,8.74906517252691,1,85.52087967965426,88.76343082776135,281454.6644857143,217886.53477666667,1.2917487754541823,0,13675500.658500003,916.0531820219435,1168235.2566096103,0.3216449677482743,0.356102582797351,0.3642994662442436,0.9774996007230025,0.31619830941750326,0.9773756554902273,1.6367567567567567,0.9773756554902273,1.9682,0.02956000406462761,1.0193264290947265e-05,1.0,1.0,0.0,1.0,1.0,115632.38,-0.01230978514101344,-0.003421890758395496,0.2409070892237292,0.7331,1.0953444641382963
2025-09-20,984.1,1048.0,982.9,1043.77,380966.0766,0,1,0.06063408190224573,0.05433443099860602,0.11790977636877731,0.21248765754777255,0.24333821725094995,0.058866919753189556,0.9888888888888889,0.9666666666666667,910.0375,0.14695273546419785,861.3639999999999,0.21176413223677804,778.7128,0.3403786351014135,699.38315,0.49241513753941596,954.395920827918,913.3904338173871,1,1,1,79.88231713587928,1,0,41.00548701053083,29.6488558686409,11.356631141889928,0,1024.441509844155,795.6334901558452,910.0375,0.25142702326916183,1.0844747058349393,29.982838762752138,0.028725522636933558,42.738640851993885,39.8889372301322,7.392183878725234,1,97.74339823953053,89.19044496168463,299913.92794285715,221322.41479666668,1.3550996550367211,0,14056466.735100003,926.5385439992037,1191334.784900152,0.4402249550419937,0.37047510022142666,0.37857002826784797,0.978617092104571,0.3193712811764114,0.9959637404580153,1.736,0.9959637404580153,2.08754,0.062370062370062394,0.0,0.0,0.0,0.0,0.0,1.0,115685.63,0.0004605111474831336,-0.002007103451922787,0.2360849127444176,0.6502,1.0364370002120704
2025-09-21,1043.77,1083.47,1039.2,1047.8,464411.2823,0,1,0.0038610038610038533,0.06805023240642583,0.1309106215799074,0.19061416964945166,0.16395063374101593,0.0038535693159899723,0.9888888888888889,0.7,920.1434999999999,0.1387354255069998,867.5916000000001,0.2077110935606106,782.6373,0.3388066221735151,701.63095,0.4933776795336636,968.7657791620843,923.3466979790622,1,1,1,80.24123835500136,1,0,45.41908118302206,32.80290093151714,12.616180251504922,0,1045.7689347821768,794.518065217823,920.1434999999999,0.27305618043745755,1.0080838136852814,31.003350279698417,0.029588996258540196,44.95572654713513,43.992449391499115,6.638228540353172,1,83.28960929448137,88.85129573788873,343427.68612857145,222441.37315,1.5439020235547016,1,14520878.017400002,943.6046722239375,1193127.878654206,0.4191162608720564,0.3194805204738663,0.37683080105278427,0.8478089359503161,0.3035253347094575,0.967077999390846,1.7427027027027027,0.967077999390846,2.0956,0.04225042947127313,0.0,0.0,0.0,0.0,0.0,1.0,115232.29,-0.003918723526854739,-0.0003098864984308891,0.20638965017387506,0.5328,0.8323531215280117
2025-09-22,1047.8,1050.55,976.89,992.9,588730.396,0,1,-0.052395495323535046,0.00894218067269592,0.07961464857341682,0.13076257288629733,0.12775720678766955,-0.05381805293457095,0.8111111111111111,0.5333333333333333,927.1985000000001,0.07086023111555928,872.4254,0.13809157780137993,786.1101999999998,0.26305446742708616,703.61295,0.4111451473427259,972.4787362140714,928.4987944250577,1,1,1,63.59560691149963,0,0,43.979941789013765,35.038309103016466,8.941632685997298,0,1052.5111831527752,801.8858168472249,927.1985000000001,0.27030389534231375,0.7621502402909204,34.05025383114853,0.03429373938075187,44.1108756700745,37.194757623814816,18.683509180532994,1,57.29643076052618,79.44314609817935,402496.44455714285,235089.72395,1.7120971422925644,1,13932147.621400002,953.9511910411002,1162281.057943765,0.5921200817088265,0.3541635362838705,0.39487681529712937,0.8968962536262765,0.3252702154219397,0.9164074685962693,1.6513929313929314,0.9164074685962693,1.9858,0.07418672575284517,0.0,0.0,0.0,1.0,1.0,1.0,112650.99,-0.022400839209218093,-0.02339598426385292,0.21315903588106638,0.574,0.9563787545159946
2025-09-23,992.9,1027.37,962.38,1015.98,420071.07,0,1,0.023245039782455512,-0.026624639527865313,0.06312980693768644,0.15450960784536538,0.15911969059109432,0.022978988865755848,0.7,0.6777777777777778,935.2595000000001,0.08630813159342396,877.3724000000001,0.1579803513308601,789.7881,0.28639568005646077,705.7189999999999,0.43963815626332875,979.1712383349835,934.9788837269052,1,1,1,66.72110799518617,0,0,44.19235460807829,36.86911820402883,7.32323640404946,0,1061.6888018126836,808.8301981873167,935.2595000000001,0.2703619729341074,0.8192317716014706,36.2602357003522,0.03568991092379003,42.79945210836031,32.432974499915424,19.149897170777603,1,67.30610860824493,69.29738288775083,421803.9062,239442.34905,1.7616094557772635,0,14352218.691400003,959.8077619715555,1172045.6266773737,0.5689339004509195,0.35737883644550106,0.3956113426456651,0.9033584175203805,0.3402512601507311,0.9377093966607289,1.6897796257796258,0.9377093966607289,2.03196,0.0639677946416267,0.0,0.0,0.0,0.0,1.0,1.0,111998.8,-0.005789474198140687,-0.041015520645102055,0.20824676882844895,0.5537,0.9526310892926796
2025-09-24,1015.98,1034.5,991.46,1018.49,363049.882,0,1,0.00247052107324941,-0.02797289559076155,0.0287985615871027,0.13954373048994717,0.2134704284420721,0.002467474353022014,0.4111111111111111,0.8888888888888888,944.0024999999999,0.0789060410327304,882.6396,0.15391378315679474,793.4656,0.2835969196396164,707.84595,0.43885827135127353,985.2202785911398,941.1648923397271,1,1,1,67.05240097334502,0,0,44.055386251412756,38.30637181350562,5.749014437907135,0,1067.9110397634734,820.0939602365264,944.0024999999999,0.26251739749306485,0.8005745211031775,36.74450457889847,0.03607743284558363,41.73278660815658,31.105438333423642,17.547691453845147,1,66.69229586344764,63.76494507740625,421926.28994285717,240858.33995,1.7517611805779498,0,14715268.573400002,965.5056246256519,1172942.5490614953,0.5378431132647092,0.3269711578750819,0.3954523240392784,0.8268282622170288,0.33426232074677004,0.9400260274857634,1.693954261954262,0.9400260274857634,2.0369800000000002,0.04225863778731256,0.0,0.0,1.0,1.0,1.0,1.0,113307.0,0.011680482290881589,-0.02696998709891718,0.19130481002612013,0.45,0.7735759916402473
2025-09-25,1018.49,1019.9,939.55,945.9,635121.254,0,1,-0.07127217743915015,-0.04733608621210594,-0.035819130718421244,0.047775180832327235,0.09517193469954832,-0.07393956203920149,0.07777777777777778,0.34444444444444444,948.7905000000001,-0.003046510267545984,886.1666,0.06740651250001971,796.4438,0.18765442081412395,709.8022,0.33262477912860794,979.1710049617337,941.5156410553029,1,1,1,51.183102226069046,0,0,37.65536390643081,38.17617023209066,-0.520806325659855,0,1064.5609009940206,833.0200990059795,948.7905000000001,0.2440378587138478,0.4875162391458358,39.85918282326287,0.04213889715959707,39.0747652487465,26.626595938305023,24.32340736863167,1,24.43699879160716,52.81180108776659,455133.24598571425,255532.97878333332,1.7811135304442336,1,14080147.319400001,968.0754168068204,1127676.0743510318,0.7157435140103269,0.39464185734778146,0.4084782067258376,0.9661270805878198,0.3548602238755683,0.8730283256573785,1.5732224532224532,0.8730283256573785,1.8918,0.08494555449836137,0.0,1.0,1.0,1.0,1.0,1.0,108994.49,-0.03806040226993912,-0.06900825489758444,0.21762481921659652,0.5922,1.0668669929904324
2025-09-26,945.9,966.23,932.01,960.8,384757.514,0,1,0.015752193677978532,-0.05431209275773152,-0.023676455644751626,0.038927335640138505,0.12350616244533308,0.01562941554664885,0.1111111111111111,0.5,953.7879999999999,0.00735173854147888,889.6092,0.08002480190177885,799.6041,0.2015946391470478,711.94875,0.34953534225602606,976.3446965060823,942.9441120882435,1,1,1,53.610055478540865,0,0,33.400584417838786,37.22105306924029,-3.820468651401505,0,1061.9539823166544,845.6220176833452,953.7879999999999,0.2268134686463965,0.5324131480610631,39.45638405017267,0.04106617823706565,36.399302594693175,24.977103476215802,24.181574445228463,1,29.022739107793758,40.05067792094953,462443.92498571426,263850.11401666666,1.7526766160749243,0,14464904.833400002,969.6403529808252,1133736.8492306173,0.7257268362880229,0.3943052988715694,0.4058398774411621,0.9715784987854847,0.35921989369236407,0.8867804369294949,1.598004158004158,0.8867804369294949,1.9216,0.03561615320566198,0.0,1.0,1.0,1.0,1.0,1.0,109643.46,0.0059541541962351285,-0.05179275908703085,0.2181679890569727,0.594,1.0661088487865304
2025-09-27,960.81,985.79,955.56,968.45,245246.415,0,1,0.007962114904246587,-0.04913155750179188,-0.07216149151633011,0.037239739525319226,0.10873870882800785,0.007930584522474558,0.022222222222222223,0.37777777777777777,958.208,0.010688702244189233,893.1081999999999,0.08435909557207084,802.8421000000001,0.20627704999526053,714.03295,0.3563099574046268,975.1301278128389,944.833437118744,1,1,1,54.85113030352973,0,0,30.296690694094877,35.836180594211214,-5.539489900116337,0,1060.7662066515375,855.6497933484624,958.208,0.21406251388328537,0.5499326203840489,38.79735661801748,0.04006129032786151,34.420824806133744,27.188119650292457,22.835737182071473,1,33.44905398368341,28.969597294361453,443055.4019,264277.83045,1.6764758555251715,0,14710151.2484,971.6394811759047,1135689.5293667018,0.5946131171368109,0.3911185094277792,0.40237586397246045,0.972022788758891,0.3580747773390038,0.8938410846631656,1.610727650727651,0.8938410846631656,1.9369,0.031214827817646774,1.0407993338874797e-05,1.0,1.0,1.0,1.0,1.0,109635.85,-6.940678449951498e-05,-0.05229499981977015,0.2151291734318717,0.5853,1.056524186880701
2025-09-28,968.46,993.65,962.68,993.01,188486.48,0,1,0.02536011151840567,0.04980441907178346,-0.052290513456766496,0.07177472450378297,0.1515829757624958,0.025043879199671448,0.06666666666666667,0.6333333333333333,963.9545,0.030141982842551113,896.9918000000001,0.10704467978414056,806.3561,0.2314782513581779,716.1486500000001,0.38659760093103557,977.8808773800944,948.4020714062444,1,1,1,58.67367450183549,0,0,29.478805973849944,34.56470567013896,-5.085899696289019,0,1060.2999528957375,867.6090471042626,963.9545,0.19989626667179305,0.6507881229820106,38.23825971673052,0.0385074266288663,32.78068970988768,27.083482368932813,21.514654233497627,1,47.659549846670124,36.71044764604911,403637.573,264543.23915000004,1.525790544853544,0,14898637.728400001,974.5226309320198,1140469.5675192135,0.6289947112388189,0.3928113543538711,0.4031572792062751,0.974337745128222,0.3579335393052321,0.9165089942499561,1.6515758835758836,0.9165089942499561,1.98602,0.03118800414900155,1.0325778305530388e-05,1.0,1.0,1.0,1.0,1.0,112163.95,0.02305906325348861,-0.026627432293500397,0.19656748182320782,0.6194,1.2288029112269754
2025-09-29,993.01,1036.0,991.12,1029.79,291982.5,0,1,0.03703890192445192,0.07180474604496245,0.03715379192265078,0.11972642658315946,0.19465197215777263,0.03636944245355086,0.4666666666666667,0.8222222222222222,971.4435,0.06006165052316475,901.4432,0.14237924253020037,810.3643000000001,0.27077414441875075,718.3986,0.43345212532429767,985.8668962446952,954.4308068576337,1,1,1,63.63861548515252,0,0,31.436089387061543,33.93898241352348,-2.5028930264619405,0,1063.5047512978554,879.3822487021446,971.4435,0.18953495761278014,0.8168895663346214,38.71266973696405,0.0375927807970208,32.201026487301164,32.654735788768264,19.73307122986737,1,67.81967507943166,49.64275963659508,361245.01642857137,270907.9897833333,1.3334601785554119,0,15190620.228400001,978.6372870363288,1151284.2787003699,0.5821195594119694,0.4029903507655933,0.4070508657721563,0.990024551357088,0.3652758829579254,0.9504554810008583,1.7127484407484408,0.9504554810008583,2.05958,0.043581701123530034,0.0,1.0,1.0,1.0,1.0,1.0,114311.96,0.01915062727373651,0.014744388842033329,0.20321644734411282,0.6444,1.2697811647657142
2025-09-30,1029.79,1034.01,992.93,1008.51,258830.971,0,1,-0.020664407306344,0.041365067891992346,-0.007352506939113046,0.05531313765499912,0.17589925960473396,-0.02088090387995396,0.2222222222222222,0.7666666666666667,977.1804999999998,0.0320611186981322,905.5115999999999,0.1137460856382183,814.2913000000001,0.23851255687000447,720.50235,0.39973172884168945,989.3504506685882,958.4366730163275,1,1,1,59.20659303584415,0,0,30.913777652260706,33.333941461270925,-2.4201638090102193,0,1062.9464494389144,891.4145505610852,977.1804999999998,0.17553757865392244,0.6826453283905758,38.881764755752336,0.03855367299853481,31.662767780613684,30.190384560611076,18.24387778989585,1,50.50838505215897,55.32920332608693,338210.7165714285,276394.3157166667,1.2236529383553971,0,14931789.2574,983.9226327920586,1145935.6900921294,0.5853685586047184,0.40929849479695796,0.4026705904027639,1.0164598670778628,0.37140157764535,0.9308148818149095,1.6773555093555093,0.9308148818149095,2.01702,0.04073335911394041,0.0,1.0,1.0,1.0,1.0,1.0,114048.93,-0.002300984079006363,0.018304928267088405,0.2025192681221717,0.6398,1.2851454999215075
2025-10-01,1008.51,1036.2,1003.35,1026.5,269007.811,0,1,0.017838196944006457,0.033725742943172765,0.007864583844711337,0.0368896341340228,0.21381610065272927,0.017680963397471633,0.3,0.8888888888888888,983.3669999999998,0.04386256606129772,909.3922,0.12877590109086046,818.1514,0.2546577564983694,722.5357,0.42069104682301506,995.0657659503438,963.478400941044,1,1,1,61.638890102710036,0,0,31.587365009299788,32.9846261708767,-1.397261161576914,0,1064.2438730459132,902.4901269540866,983.3669999999998,0.16448970332726914,0.766658430126952,38.45092441605575,0.03745827999615757,31.210665182603748,28.754873591477434,17.130563695372082,1,62.38610854350982,60.238056225033496,324776.13499999995,276888.3855833333,1.1729496501479444,0,15200797.068400001,987.7437082546559,1150734.3044042236,0.5962290430518541,0.4065150420770342,0.3977577546431317,1.0220166353306162,0.37088772665731057,0.947418940995136,1.7072765072765073,0.947418940995136,2.053,0.03200194836824162,0.0,1.0,1.0,1.0,1.0,1.0,118594.99,0.03986061070454605,0.04666957910808689,0.22988561917874853,0.6213,1.0914758515473015
2025-10-02,1026.5,1099.22,1022.01,1090.22,380679.445,1,0,0.06207501217730149,0.058681867176803015,0.15257426789301198,0.11129005952866344,0.27990138530171405,0.06022455326067091,1.0,0.9888888888888889,991.6379999999999,0.09941329396412815,914.2364,0.1924924450612555,822.6183,0.3253048224188546,724.9758,0.5038019200089161,1009.70487888106,972.8666675380036,1,1,1,68.74691337306056,0,0,36.8382113430564,33.75534320531264,3.082868137743759,1,1080.7143801405732,902.5616198594265,991.6379999999999,0.179655035689583,1.0533565679500323,41.219429814908914,0.03780835961082067,31.940394664587956,35.828230272903504,14.838560647192951,1,94.61754679744034,69.17068013103639,288427.30514285713,284099.9281166667,1.0152318835660297,0,15581476.513400001,994.7721809735101,1174364.985588247,0.3969813583801746,0.43537916278238115,0.4122993315071814,1.0559783378518472,0.3905824387443338,0.9918123760484707,1.8132557172557173,0.9918123760484707,2.18044,0.07082056832565907,0.0,1.0,1.0,1.0,1.0,1.0,120529.35,0.01631063841735636,0.1058297534123056,0.22877397330510052,0.6451,1.2251796416237841
2025-10-03,1090.22,1192.42,1083.84,1189.4,744996.7206,1,0,0.09097246427326611,0.17936361563098036,0.23792672772689438,0.208617010466416,0.39150170808180085,0.08706946755283426,1.0,1.0,1004.424,0.18416127053913497,921.216,0.2911195637071003,828.0515999999999,0.436383916171408,727.7643499999999,0.6343202301679111,1037.3502821301279,988.9061736462996,1,1,1,76.15346403491914,1,0,48.444108483828245,36.69309626101577,11.751012222812477,0,1125.9670615309503,882.8809384690496,1004.424,0.24201544672558672,1.2609484147842402,46.03089911384401,0.038700940906208174,33.6871817986862,44.25389163997035,12.338421848985977,1,98.84029031143199,85.28131521746074,339890.04894285713,305051.3847366667,1.1142058877597447,1,16326473.234000001,1013.1817275094764,1242139.173136731,0.5598090780748366,0.4912751287648775,0.44320655882180543,1.1084563596505763,0.4233476009276368,0.9974673353348652,1.9782120582120584,0.9974673353348652,2.3788,0.09128972591222477,0.0,1.0,1.0,0.0,1.0,0.0,122232.0,0.014126434764644369,0.11481341431581948,0.23110799092818235,0.6296,1.349072728428882
2025-10-04,1189.4,1190.47,1134.93,1150.75,337438.509,1,0,-0.03249537581974116,0.1210423770092548,0.18823893850999007,0.1024938444293284,0.3640458494837784,-0.0330350745751426,0.9888888888888889,0.9888888888888889,1015.6360000000001,0.1330338822176448,927.6748,0.24046702572927495,833.1361,0.3812269087847711,730.37905,0.5755517631564049,1054.7963925716467,1000.8946052280553,1,1,1,69.26464505480735,0,0,53.90178734359142,40.1348344775309,13.766952866060521,0,1147.8216175630575,883.4503824369426,1015.6360000000001,0.26030116609308346,1.0110767816156152,46.71012060571229,0.04059102377207238,35.309198423206,40.49535905979943,11.290505862645448,1,83.99831035674511,92.48538248853917,353060.34808571433,312692.80497,1.129096488547561,0,15989034.725000001,1021.464475096204,1231173.9819707228,0.6718886435140108,0.5030316072631217,0.4479815214620446,1.1228847243998237,0.43024771146923413,0.965054259405243,1.9139293139293139,0.965054259405243,2.3015,0.04826417553769278,0.0,1.0,1.0,0.0,1.0,0.0,122391.0,0.0013008050265068682,0.11634105085152346,0.2284577295650823,0.6071,1.3464936437059445
2025-10-05,1150.75,1189.0,1143.14,1167.38,306730.178,1,0,0.01445144470997195,0.0707747060226378,0.1755974260077946,0.11412483298339393,0.3731620674241891,0.014348017837182548,0.9777777777777777,0.9888888888888889,1028.021,0.13556046034079086,934.2481999999999,0.24953946927593787,838.3528,0.39246865997226954,733.12245,0.5923397244212071,1072.116947560624,1013.2268566926438,1,1,1,70.50112751611138,1,0,58.89009086798035,43.88588575562079,15.004205112359557,0,1168.5072616845714,887.5347383154286,1028.021,0.2733139919993296,0.9959880002818272,46.64939770530427,0.03996076487973433,36.81535671740295,37.65178052068721,10.497688095075361,1,90.38439384048233,91.07433150288648,369952.3049428571,318888.57920333336,1.1601303059115327,0,16295764.903,1029.5647577741834,1235606.6761789697,0.6746769230497648,0.5030958101224842,0.44756109607922284,1.1240829789044737,0.43450150493611966,0.9790006876771608,1.9415883575883577,0.9790006876771608,2.33476,0.0392845517312271,0.0,1.0,0.0,1.0,0.0,0.0,123482.31,0.008916587003946264,0.10090907105179525,0.22865249595304635,0.6069,1.3449284334233529
2025-10-06,1167.38,1239.94,1161.85,1223.19,587477.5601,1,0,0.047807911733968256,0.028409281990919855,0.18780528068829572,0.2319367509316146,0.420909566126503,0.04670027876894204,0.9777777777777777,1.0,1041.398,0.17456534389349718,941.6044,0.29904873001867877,844.0987000000001,0.4491077879873525,736.08605,0.6617486501747996,1095.3589556282204,1028.7796821228183,1,1,1,74.24571274395228,1,0,66.57927350540217,48.42456330557707,18.154710199825104,0,1202.3310331600876,880.4649668399122,1041.398,0.3090711392956155,1.0648063558808434,48.89515501206826,0.039973475103678296,38.67657591187013,40.79812272781525,9.30013376663218,1,94.56045205079077,89.6477187493394,412165.8849571428,333663.36274,1.2352746240177235,0,16883242.4631,1045.8567418129983,1263692.7515179175,0.6859567816059153,0.5138843168626513,0.45354589825521824,1.1330370726304742,0.4479143408299636,0.9864912818362179,2.0344116424116425,0.9864912818362179,2.44638,0.06384126750545716,0.0,1.0,0.0,1.0,0.0,0.0,124658.54,0.009525493975614863,0.09051178896766343,0.22793789222400693,0.6111,1.3880295807930891
2025-10-07,1223.17,1349.99,1204.61,1304.43,1351678.4887,1,0,0.06641650111593456,0.133547686291549,0.2934229705208675,0.2839130691549048,0.4822226009885804,0.06430396342725074,1.0,1.0,1057.1205,0.23394636656842818,950.7531999999999,0.3719964339851817,850.5939999999999,0.5335518472973007,739.43235,0.7640964721113432,1127.5237316854173,1049.1982241877947,1,1,1,78.52009398777743,1,0,78.32550749762254,54.404752143986165,23.920755353636373,0,1254.2688158997457,859.9721841002544,1057.1205,0.37299118861046715,1.1272168719051154,55.78692965406339,0.04276728506248966,41.08595701841309,47.29448429147594,7.568989091478858,1,89.09995693573856,91.34826760900391,568286.9589142858,374168.04376333335,1.518801427290609,1,18234920.9518,1085.0174884369535,1353466.5073710459,0.6375140482422019,0.5354122804960515,0.46832519249638943,1.1432489412795774,0.4876074889806651,0.9662516018637175,2.1695301455301457,0.9662516018637175,2.60886,0.11145097858834901,-1.6350689590318602e-05,0.0,0.0,0.0,0.0,0.0,121332.95,-0.02667759465175834,0.06386749967755079,0.24438363517806236,0.4365,0.9653091557343312
2025-10-08,1304.43,1334.19,1264.32,1307.4,826555.123,1,0,0.0022768565580368882,0.11994380578731856,0.27364831953239177,0.2836650335300299,0.4889303935860059,0.002274268447903155,0.9888888888888889,1.0,1073.4385,0.21795519724697793,960.4190000000001,0.3612808576256821,857.099,0.5253780485101488,742.8343,0.7600156589430511,1155.1970037338147,1068.3242816553654,1,1,1,78.65953764433425,1,0,86.87272207844921,60.89834613087878,25.974375947570437,0,1296.4072119211799,850.4697880788201,1073.4385,0.41542894524684904,1.0246509655639626,56.792863250201734,0.0434395466193986,43.323239474488695,43.13844698536035,6.903858653859567,1,89.81051724962919,91.15697541205286,647936.5749142858,395800.72183,1.6370272694767354,1,19061476.0748,1108.3014387414573,1355348.4548234274,0.6630652854249394,0.5344457867543876,0.46847687758891626,1.1408157207352256,0.49552058863244497,0.9684516181601346,2.1744698544698546,0.9684516181601346,2.6148000000000002,0.05344194584671876,0.0,0.0,0.0,0.0,0.0,0.0,123306.0,0.016261452474369165,0.03972351614515923,0.2469385788437196,0.4283,0.9357330020298975
2025-10-09,1307.4,1320.0,1224.38,1255.35,925627.604,1,0,-0.039811840293712875,0.026291908861256097,0.15146484195850363,0.3271487472248651,0.42651788047863093,-0.04062601403163661,0.9222222222222223,0.9777777777777777,1087.001,0.1548747425255358,968.145,0.2966549432161504,863.1892,0.45431615687499316,745.9920999999999,0.6827926193856477,1170.6051570055354,1082.1780385697828,1,1,1,70.07391606924966,1,0,88.42711843575262,66.40410059185355,22.02301784389907,0,1319.8678329550753,854.1341670449247,1087.001,0.4284574401588873,0.8614705406168294,59.566230160901604,0.04744989856287219,44.19932868078342,38.19209412545744,10.9016332156642,1,77.35776831427339,85.42274749988037,725786.3119142858,421634.64096333337,1.7213630982882224,1,18135848.4708,1127.0888189229258,1318497.5164815274,0.7670384604222075,0.5561258250138008,0.4790098480884827,1.1609903788681049,0.5118216227618023,0.9298957770057555,2.0879002079002076,0.9298957770057555,2.5107,0.0761699924323893,0.0,1.0,0.0,0.0,0.0,0.0,121662.4,-0.013329440578722873,0.009400614870983537,0.25062845511793513,0.4548,1.0174860621755215
2025-10-10,1255.35,1278.52,860.11,1102.47,1505025.673,1,0,-0.12178276974548918,-0.1548262459465054,-0.07308727089288725,0.1474500416319735,0.23350526421786366,-0.12986130108056812,0.022222222222222223,0.8555555555555555,1089.9360000000001,0.011499757783943163,973.4046000000001,0.132591730098666,867.6167999999999,0.270687704525777,748.31905,0.47326197295124334,1160.1228251585298,1083.681146823873,1,1,1,52.08984402744739,0,0,76.4416783346569,68.41161614041422,8.030062194242674,0,1321.9868814803128,857.8851185196875,1089.9360000000001,0.4258064353876056,0.5270070079459346,85.19792800655148,0.07727913503909538,42.50973016017999,24.794757831246294,37.61727926801519,1,49.4733404098963,72.21387532459964,834361.8765428571,461574.4907966667,1.807642955100851,1,16630822.7978,1124.2553027529484,1135211.3214855185,1.0310248901790822,0.6910295190871986,0.5552437437746807,1.2445516529180742,0.8570368860989076,0.8166504937073608,1.8336299376299376,0.8166504937073608,2.20494,0.37952053117091616,0.0,1.0,1.0,0.0,0.0,1.0,112774.5,-0.07305379476321361,-0.07737335558609859,0.32785958450721975,0.6634,1.3806751257999255
2025-10-11,1102.57,1182.76,1073.0,1135.07,1050905.245,1,0,0.029569965622647354,-0.13181122839222892,-0.013625896154681794,0.1720481181269038,0.2573191399802828,0.02914120595612567,0.2111111111111111,0.8777777777777778,1094.2995,0.03725716771322646,978.1018,0.1604824773863006,872.3316,0.30119096912229243,750.8453,0.5117228542284277,1156.2685443649098,1087.487728540623,1,1,1,54.75634030358994,0,0,68.78081582428672,68.48545607718873,0.29535974709799007,0,1326.2963184423422,862.3026815576579,1094.2995,0.42400973123416785,0.587868661893164,86.95236172036924,0.07660528577124692,40.940817248191095,22.559155513483905,34.225543107821245,1,56.12803135461744,60.986380026262395,936285.6959714285,490607.55956333334,1.9084208502713906,1,17681728.0428,1127.4831164149182,1166286.5534528282,1.042245455761342,0.693972747203857,0.554379736327632,1.2518003486219185,0.8730784307569092,0.8407988207320054,1.8878503118503118,0.8407988207320054,2.27014,0.09669888200727708,9.070541602030808e-05,1.0,1.0,0.0,0.0,0.0,110644.4,-0.01888813517240162,-0.09597601130802103,0.32963936617274425,0.6412,1.3327236966740796
2025-10-12,1135.07,1319.8,1107.43,1302.65,1205248.016,1,0,0.14763847163611077,0.03767873501413965,0.11587486508249234,0.3118196191377731,0.40857482698961944,0.1377063281219985,0.8777777777777778,0.9555555555555556,1109.7869999999998,0.17378379815225833,986.5464,0.3204143261786776,878.8220999999999,0.4822681405030669,754.2686,0.7270372914900608,1178.78876830877,1103.425674574651,1,1,1,65.412896128446,0,0,75.36309373411882,69.86098360857474,5.502110125544078,0,1354.300612588447,865.2733874115527,1109.7869999999998,0.44064962481709946,0.89438090574658,95.91076445462858,0.07362742444603583,38.06384079858431,29.197105601988042,28.812417218550042,1,90.33640891646935,65.31259356032771,1064645.3871142857,522773.56219,2.0365325718735265,1,18886976.0588,1144.6378570954435,1344227.528477523,1.3427889138554148,0.789001115139496,0.6169250250305893,1.2789254498151936,0.9233531354317867,0.9649330735783228,2.1665696465696467,0.9649330735783228,2.6053,0.1630292096879437,0.0,0.0,0.0,0.0,0.0,0.0,114958.8,0.03899338782622541,-0.0690261625329166,0.3493737505957153,0.6896,1.5677288991405174
2025-10-13,1302.65,1375.11,1251.28,1294.55,1483076.9719,1,0,-0.006218093885541065,0.17422696309196617,0.05833926045830973,0.25710096233212587,0.3865028703624369,-0.006237506747161615,0.5777777777777777,0.9333333333333333,1123.7154999999998,0.15202646933320774,994.9072,0.3011766323532486,885.206,0.46242795462299163,757.5545499999998,0.7088538376543316,1196.5981885689591,1117.5830320135658,1,1,1,64.62061783157408,0,0,79.01515655539333,71.69181819793846,7.3233383574548725,0,1377.2983973541527,870.1326026458469,1123.7154999999998,0.45132935757165044,0.8368415255572488,97.90499556501226,0.0756285933838108,35.896413003156866,30.594613754991215,26.209426136967807,1,84.35728155339807,76.94057394149496,1192588.1602285714,563817.7535066666,2.1152015040520893,1,17403899.0869,1167.177467896344,1335005.6166267649,1.3288911129316636,0.7906512838126831,0.6166430206625373,1.2821863822656856,0.9369704915097811,0.9414155958432416,2.153097713097713,0.9414155958432416,2.553353057199211,0.09565486076242705,0.0,0.0,0.0,0.0,0.0,0.0,115166.0,0.0018023848543999854,-0.07614833287795597,0.3494044513406412,0.6867,1.5648414279822744
2025-10-14,1294.54,1318.26,1143.01,1208.52,1398659.782,1,0,-0.06645552508593722,0.06470966548318602,-0.07352636783882627,0.19832227741916286,0.30437879785431354,-0.06876667394933336,0.022222222222222223,0.8888888888888888,1133.217,0.06645064449262575,1002.2912000000001,0.20575736871679592,890.6599000000001,0.3568815661286646,760.4981,0.5891163962145335,1198.432313404504,1124.3191037162646,1,1,1,56.757620173563964,0,0,74.1132096882393,72.17609649599862,1.9371131922406732,0,1384.4284584295795,882.0055415704207,1133.217,0.4433598479895366,0.64987970785797,103.42963873893996,0.0855837211952967,33.78313967125298,26.891816288082094,30.514490875733777,1,67.65242718446603,80.78203921811117,1199299.7735571428,605112.5804066666,1.9819448684262224,1,16005239.3049,1176.4808457502254,1242056.9463973725,1.3323623879764448,0.8223041698043542,0.6344802031336708,1.2960280962952488,0.9683574567560399,0.8788533280973886,2.010012474012474,0.8788533280973886,2.3836686390532544,0.1450120808923311,-7.724691977900355e-06,0.0,0.0,0.0,0.0,0.0,113028.14,-0.018563291249153346,-0.06844645250939663,0.35321462441415574,0.6938,1.6234758208040063
2025-10-15,1208.55,1222.76,1148.92,1162.57,707327.747,1,0,-0.038021712507860905,-0.1075346409242699,-0.1107771148845037,0.1325572333170968,0.2641027313848294,-0.038763398745632366,0.011111111111111112,0.8444444444444444,1144.0504999999998,0.016187659548245564,1008.2686,0.1530360064768455,895.675,0.29798196890613227,763.296,0.5230919590827148,1192.9150344191958,1127.1525034409858,1,1,1,53.04499001239777,0,0,65.76253097820995,70.89338339244088,-5.1308524142309295,0,1379.4385695876722,908.6624304123274,1144.0504999999998,0.41149943920774906,0.539338229912078,101.31609311472997,0.08714838084135146,31.820814434485094,25.491889404612415,28.925975780482975,1,58.73009708737864,70.2466019417476,1182267.2912714286,622848.53574,1.8981617896344396,0,15297911.5579,1185.7030398549916,1215163.1341521055,1.3380465583929284,0.8326516341775279,0.6409786488636341,1.2990317784433276,0.9732596830775969,0.8454378195198929,1.9335883575883575,0.8454378195198929,2.2930374753451677,0.0635144550435672,2.482375136528375e-05,0.0,0.0,0.0,0.0,0.0,110763.28,-0.020038018850880857,-0.10172027314161514,0.35773249277181873,0.704,1.6468933271883197
2025-10-16,1162.57,1195.0,1122.31,1144.83,716826.497,1,0,-0.015259296214421458,-0.11565408829322932,-0.08803919225713941,0.05009080735998239,0.19795950400251128,-0.015376917352803122,0.03333333333333333,0.6666666666666666,1153.252,-0.007302827135786476,1014.0616,0.1289550851743128,900.5169999999999,0.2713030403645906,766.00915,0.49453828325679916,1185.5173368162427,1128.4619476305425,1,1,1,51.64055642418187,0,0,57.05538918570028,68.12578455109276,-11.070395365392486,0,1372.2989022210356,934.2050977789643,1153.252,0.3798769084658612,0.480775806654637,99.27137217796354,0.0867127627490226,30.23821425107856,24.158599367581832,29.327739442673604,1,55.28543689320388,60.5559870550162,1152438.5617,637245.45769,1.8084688526106771,0,14581085.0609,1190.224610362616,1204224.8663000364,1.327677545439262,0.8300799300028344,0.6416786154347196,1.293606970898474,0.976211733207283,0.8325370334009643,1.90408316008316,0.8325370334009643,2.2580473372781062,0.06349414323524022,0.0,0.0,0.0,0.0,0.0,0.0,108194.28,-0.023193607123227156,-0.11070075882113117,0.36089107136392073,0.7015,1.622779733664262
2025-10-17,1144.83,1156.3,1021.0,1071.15,1066221.771,1,0,-0.06435890044810133,-0.11366795750173753,-0.02840893629758623,-0.09941987556751297,0.08199155538495728,-0.06652331668638924,0.17777777777777778,0.05555555555555555,1158.387,-0.07530902884787197,1018.0151999999999,0.05219450554372877,904.5417,0.18419084493285395,768.3408499999999,0.3941078363853753,1167.922361921436,1124.2166181764283,1,1,1,46.1726359534415,0,0,43.705743745007794,63.241776389875774,-19.53603264486798,0,1363.5692990313487,953.2047009686512,1158.387,0.3542551824758889,0.2874158725878411,101.8448455938233,0.09507990999750109,29.594497051023744,21.866135714817133,33.650110410472784,1,40.97864077669905,51.664724919093864,1089752.2899857142,660713.0768633334,1.6493578349609788,0,13514863.289900001,1186.3474147598818,1135604.0054846492,1.1341434835263386,0.8510666702110691,0.6575415210049715,1.2943162416729488,0.9960305709671795,0.778955865348954,1.7815384615384617,0.778955865348954,2.1127218934911243,0.126312841338748,0.0,1.0,1.0,1.0,1.0,1.0,106431.68,-0.016291064555353674,-0.056243388354636936,0.36316697784625623,0.7077,1.6669069908806347
2025-10-18,1071.15,1131.05,1069.41,1092.43,419996.517,1,0,0.019866498622975293,-0.060331850985316904,-0.0375659650946637,-0.050679991310015104,0.11354277093696497,0.01967173502719502,0.13333333333333333,0.26666666666666666,1163.358,-0.060968334768832885,1022.6178,0.06826812519789903,908.6080000000001,0.20231166795801928,770.74735,0.4173645877601786,1156.3081523950614,1121.8620538670632,1,1,1,47.888839177555724,0,0,34.446098527998174,57.48264081750026,-23.036542289502087,0,1356.1111784815419,970.6048215184579,1163.358,0.3313737963404936,0.3160134101062518,98.9730709085502,0.09059900488685792,28.996759650972837,20.89341181189185,32.15317162077334,1,45.110679611650504,47.12491909385116,999622.4717,661290.54204,1.511623723842001,0,13934859.806900002,1186.4134657934908,1143947.865711284,1.1238570584805114,0.851710398594816,0.6550419224751924,1.3002379990832904,0.9996424707814024,0.7944309909752676,1.816931392931393,0.7944309909752676,2.1546942800788957,0.05642466794211059,0.0,0.0,1.0,1.0,1.0,1.0,107185.01,0.007078061719969053,-0.0312658390302627,0.3635308407344568,0.714,1.680651535493048
2025-10-19,1092.42,1133.76,1068.04,1109.88,409987.572,1,0,0.015973563523520973,-0.030528550090406226,-0.14798295781675808,-0.04925559800579071,0.12781221420587352,0.01584732866374528,0.011111111111111112,0.34444444444444444,1167.3625,-0.04924134534045752,1027.5754000000002,0.08009592288799433,912.8069,0.2158979078707666,773.3433499999999,0.43517106599546024,1149.1653597188981,1120.9744943213548,1,1,1,49.31591069839085,0,0,28.190865397543348,51.62428573350888,-23.43342033596553,0,1351.5701960361528,983.154803963847,1167.3625,0.3155963910715872,0.3439736741815657,96.59785155793948,0.08703450062884228,28.407472646311447,20.078460956728247,30.590650593917573,1,48.49902912621362,44.86278317152107,886013.8368428571,663837.3690733332,1.3346850872219884,0,14344847.378900003,1187.3574258932601,1150496.8282364802,0.5762516779169621,0.8524484489647827,0.647693608460481,1.3161291663677037,1.0037249555372858,0.8071208848746647,1.8459542619542622,0.8071208848746647,2.189112426035503,0.059213608678415706,-9.153904597997954e-06,0.0,0.0,1.0,0.0,0.0,108642.78,0.01360050253295686,-0.054941596467604104,0.36531861573713026,0.7142,1.6739942066284266
2025-10-20,1109.88,1143.2,1088.19,1100.19,481311.055,1,0,-0.008730673586333726,0.027111048872706878,-0.15013711328260781,-0.1005567409805509,0.05405405405405417,-0.008769009210617714,0.011111111111111112,0.03333333333333333,1171.9465,-0.06122847757982123,1032.4261999999999,0.06563549045926981,916.9501999999999,0.199836152497704,775.88095,0.41798815913704296,1141.6306889929137,1119.4349021494024,1,1,1,48.52128912504907,0,0,22.195786843511314,45.738585955509365,-23.54279911199805,0,1343.6482147049846,1000.2447852950155,1171.9465,0.2930197149869633,0.29104314676387766,93.62729073237237,0.08510101958059278,27.73419083835204,19.956002661888583,29.306843218640974,1,46.617475728155355,46.74239482200651,742904.4201428572,667182.2016866668,1.1134955612796043,0,13863536.323900003,1187.8802084149877,1146294.6585217812,0.5733742941284032,0.8370256428943706,0.6432519287620178,1.301240782138475,1.0011850348162035,0.8000741758841112,1.829837837837838,0.8000741758841112,2.17,0.050000454466955696,0.0,1.0,1.0,1.0,0.0,0.0,110532.09,0.017390110967337113,-0.040236788635534815,0.3695066514869131,0.7091,1.6134595591400405
2025-10-21,1100.2,1114.53,1052.46,1057.16,541524.501,1,0,-0.039111426208200406,-0.03228582151716808,-0.1252441002217588,-0.18956172427803708,0.008933002481389618,-0.03989682492186873,0.03333333333333333,0.011111111111111112,1173.4795000000001,-0.0991235892915045,1036.6558,0.019779178392673905,920.6017999999999,0.1483357951287953,778.1782,0.3585063164195555,1128.6351983786194,1114.8219464346319,1,1,1,45.04992909712956,0,0,13.813251943987552,39.353519153205006,-25.540267209217454,0,1340.1883725545865,1006.7706274454137,1173.4795000000001,0.2841274560903474,0.15112984624764694,91.37319853720292,0.08643270511294687,27.434452025917835,18.98770599889915,30.67792691675064,1,38.26213592233012,44.45954692556637,620456.5228571428,669752.6423099999,0.9263965286007189,0,13322011.822900003,1186.8671395662657,1125114.8629609873,0.4983550682346149,0.845632622419712,0.63490964750645,1.3318944289803398,1.003517257854703,0.768782133792933,1.7582702702702704,0.768782133792933,2.085128205128205,0.05871391274736079,9.089339114144743e-06,1.0,1.0,1.0,1.0,0.0,108297.67,-0.0202151248565009,-0.04185214407668747,0.37352537876894426,0.7155,1.6274583538936302
2025-10-22,1057.16,1083.8,1053.25,1071.82,397249.062,0,1,0.013867342691739948,-0.03429199553104856,-0.07805981575302989,-0.18018968945999703,0.07948433880551908,0.01377207086276585,0.07777777777777778,0.07777777777777778,1172.5595,-0.08591419028202844,1041.0562,0.029550566050132496,924.4288,0.1594402943742124,780.5716500000001,0.37312186523812363,1119.8943986280626,1111.6366170691035,1,1,1,46.455426661850936,0,0,8.257781558959095,33.13437163435583,-24.876590075396734,0,1341.3925601792018,1003.7264398207982,1172.5595,0.28797354876951115,0.20165943834378844,87.02868435597414,0.08119710805543294,27.156123128657505,18.511611394854018,29.908713644267767,1,41.10873786407767,41.99611650485439,576159.5678571429,663369.9311766666,0.8685343437788438,0,13719260.884900004,1186.7292576446343,1130623.6518377136,0.510893649349485,0.8306037792108448,0.6331617877934844,1.3118349768160034,0.9967513831775604,0.7794430990975267,1.7826528066528065,0.7794430990975267,2.114043392504931,0.02850292026646261,0.0,1.0,1.0,1.0,1.0,0.0,107567.44,-0.006742804346575482,-0.02885288337434566,0.36874568928266116,0.7037,1.5926586956386999
2025-10-23,1071.83,1161.9,1071.83,1126.72,774946.718,1,0,0.05122128715642571,0.024114016669847915,-0.015818942550422266,-0.10246544788306045,0.10899820862615406,0.049952618882239216,0.28888888888888886,0.24444444444444444,1169.4254999999998,-0.036518358800966634,1046.4954,0.07666025096718056,928.7968000000001,0.21309634141719688,783.42755,0.43819297649157224,1120.9444911468222,1112.7539046936142,1,1,1,51.462273726650714,0,0,8.19058645320797,28.14561459812626,-19.95502814491829,0,1339.2663410960413,999.5846589039583,1169.4254999999998,0.290468851749926,0.37427788356320413,87.24663547340457,0.07743417661300461,25.79662228076522,23.540437363100892,27.70299868586531,1,51.76893203883496,43.71326860841426,584462.4565714287,675199.1194433334,0.8656149567453341,0,14494207.602900004,1185.0243104094056,1170317.4202113212,0.6276867743514142,0.8399948245868257,0.640103591714749,1.3122795051604004,1.0001504275160193,0.8193671778984954,1.873962577962578,0.8193671778984954,2.22232741617357,0.07994000284010239,9.32992480079762e-06,1.0,0.0,0.0,0.0,0.0,110078.18,0.02334107793213258,0.017412195912759776,0.3752535002228071,0.7173,1.6135259583000297
2025-10-24,1126.71,1144.17,1097.39,1109.01,342712.642,1,0,-0.015718190854870806,0.04904650194861704,0.03534518974933465,0.005932134207733419,0.08887667036495195,-0.015843031524422933,0.5222222222222223,0.13333333333333333,1167.3385,-0.0499670832410651,1051.8029999999999,0.054389462665537285,932.8008,0.18890335428528793,786.1995999999999,0.41059598605748476,1119.1084155857727,1112.4765784200133,1,1,1,49.84313119455828,0,0,6.631837165759407,23.842859111652892,-17.211021945893485,0,1339.1598427432855,995.5171572567147,1167.3385,0.29438135167012036,0.3302641014534864,84.35616151101853,0.07606438310837461,24.534228636293815,22.60797803138135,26.6056563025101,0,24.853858970376443,39.243842957763036,481104.0095714285,674521.2114433333,0.7132526026008393,0,14151494.960900005,1184.1464012443173,1164930.5974959882,0.4614698751540003,0.8418549876666439,0.6338283534168884,1.328206576951489,1.0000547252177303,0.80648820821607,1.8445072765072765,0.80648820821607,2.187396449704142,0.042181765718974557,-8.875319511494342e-06,1.0,0.0,0.0,0.0,0.0,111004.89,0.008418652997351561,0.04296850336290858,0.37446665021737996,0.7129,1.6108349493684477
2025-10-25,1109.0,1120.89,1100.96,1116.53,162716.583,1,0,0.006780822535414455,0.04171409378440405,0.02206091008119504,-0.01633379439153526,0.18038904746801987,0.006757936159006421,0.45555555555555555,0.6777777777777778,1164.7959999999998,-0.041437298891822995,1057.1308,0.05618907329159274,936.7595999999999,0.19190665353202693,789.0136500000001,0.41509592387913674,1118.7117362648846,1112.7768318703827,1,1,1,50.55451942494072,0,0,5.9349043945019275,20.2612681682227,-14.326363773720772,0,1338.1131364443327,991.478863555667,1164.7959999999998,0.29759225897810926,0.3607581425870654,79.75429283166007,0.07143049701455408,23.362005966427507,22.204437727272865,26.130759581519936,0,26.977492869447346,34.53342795955293,444349.7332857143,658774.3890766667,0.6745097269317218,0,14314211.543900006,1183.7673330699815,1166033.9497688804,0.45055704132940905,0.8097796303758747,0.6318744611600515,1.281551447560025,0.9902948617652667,0.8119568616328876,1.857014553014553,0.8119568616328876,2.2022287968441816,0.01784994581426389,-9.017051243894018e-06,0.0,0.0,0.0,0.0,0.0,111646.27,0.005777943656356088,0.041622051441708274,0.3573291957292415,0.6876,1.5689780484933435
2025-10-26,1116.53,1143.35,1114.48,1138.19,240939.545,1,0,0.019399389178974324,0.010179991479693395,0.025507262046347234,-0.12625033585383638,0.18462739383846816,0.019213619727013357,0.5,0.6888888888888889,1160.5459999999998,-0.019263346735071053,1062.6776,0.07105861646090976,940.8422999999999,0.2097564065731315,791.7929999999999,0.4374842919803537,1121.7083922241331,1114.6592887688728,1,1,1,52.638193615223756,0,0,7.049103455260365,17.61883522563023,-10.569731770369867,0,1331.9926076040806,989.0993923959189,1160.5459999999998,0.2954585300437568,0.4348018595631064,76.11970048654148,0.06687785034707867,21.942230721150917,23.71048475635531,25.42285664866124,0,33.094236254271294,28.308529364698376,420200.0151428571,653980.4567766667,0.6425268687904457,0,14555151.088900005,1182.0870265809942,1170708.0297709403,0.4549826890808641,0.8102346445919361,0.6318996758024136,1.2822203834225188,0.9893059776102332,0.8277083287882425,1.8505649947158769,0.8277083287882425,2.244950690335306,0.0253648336393747,0.0,0.0,0.0,0.0,0.0,0.0,114559.4,0.026092497313165763,0.05445939435644043,0.36442715394280056,0.6817,1.5260564366429916
2025-10-27,1138.19,1182.6,1131.44,1138.88,494467.695,1,0,0.0006062256740966276,0.02693393206553596,0.03516665303265798,-0.12025028002008409,0.17598223966131443,0.0006060419935434898,0.5333333333333333,0.6777777777777778,1152.2685,-0.011619253672212506,1067.8542,0.06651263814854136,944.8991000000001,0.20529271326430515,794.5972499999999,0.43327956395519895,1124.3501780358051,1116.453415526734,1,1,1,52.70656578829545,0,0,7.896762509071095,15.674420682318404,-7.777658173247309,0,1309.8940933366696,994.6429066633302,1152.2685,0.2735917771537965,0.4575306911885701,74.3368647375028,0.06527190286729312,20.678138500846206,26.316355448067135,24.173108193495803,0,39.655520419834524,33.242416514517735,422079.5351428572,662287.8327766667,0.6373052836759401,0,15049618.783900006,1171.7707202701563,1171007.7887826606,0.44769868911188926,0.8103333991820437,0.6310250526071819,1.2841540852205795,0.9908141722817887,0.8282101068278176,1.7902133077636484,0.8282101068278176,2.246311637080868,0.04492132621522887,0.0,0.0,0.0,0.0,0.0,0.0,114107.65,-0.0039433691168074825,0.03234861477784423,0.3647653847450243,0.682,1.5256258155230251
2025-10-28,1138.88,1148.94,1074.0,1103.45,351579.17,1,0,-0.031109511098623255,-0.01171486659561316,0.04378712777630622,-0.08694105186509116,0.11121740969375948,-0.03160368802765903,0.5888888888888889,0.3111111111111111,1142.0710000000001,-0.03381663661891431,1072.3616,0.028990594217473,948.3654000000001,0.1635283193587618,797.18485,0.3841833547137782,1121.1347660302965,1115.4901995617906,1,1,1,48.810127416817366,0,0,5.6445664685059,13.668449839555903,-8.023883371050003,0,1282.9370169545232,1001.2049830454772,1142.0710000000001,0.2466852182649292,0.3629158372083861,74.37994582768117,0.06740672058333515,19.68217551693424,24.422462011246044,27.949536319402906,0,40.865384615384635,37.8717137631635,394944.48785714287,667724.2557766666,0.5914784200818964,0,14698039.613900006,1162.929472689851,1160070.332691501,0.4143397387141022,0.8150211423851204,0.63437669546776,1.2847589582151366,0.996222124247646,0.8024448953174657,1.7264065335753178,0.8024448953174657,2.176429980276134,0.06791426888395491,0.0,0.0,0.0,0.0,0.0,0.0,112898.45,-0.010597010805147522,0.04248272377420492,0.36057233072047773,0.6855,1.5610757820626566
2025-10-29,1103.45,1121.35,1082.59,1107.7,459713.496,1,0,0.0038515564819430193,-0.026788146091601628,0.03347577018529235,-0.04719715802059221,0.07565620174987142,0.0038441582287183063,0.5111111111111111,0.07777777777777778,1134.6885,-0.023784941858492382,1076.9154,0.028585903776656877,951.7802,0.1638191254661528,799.7369,0.38508051835547424,1119.0678789487124,1114.9131477423987,1,1,1,49.29436862860602,0,0,4.154731206313727,11.765706112907468,-7.610974906593741,0,1265.6883574969106,1003.6886425030892,1134.6885,0.23090012368488919,0.39699034596035215,71.83566398284681,0.06485119074013435,18.757352746158844,23.48121184676155,26.87235148661295,0,49.82758620689657,43.44949708070525,403867.9784285714,673315.2889766666,0.5998200026653,0,15157753.109900005,1154.267912896273,1161840.9451868564,0.4109089367601295,0.8090576970328305,0.634309043802056,1.2754945005723535,0.9951207717304484,0.8055355571554277,1.7330558858501786,0.8055355571554277,2.184812623274162,0.034991423670668945,0.0,0.0,0.0,0.0,0.0,0.0,110021.29,-0.02548449513700146,0.022812200420498918,0.3636714650251477,0.666,1.49339399372828
2025-10-30,1107.7,1129.55,1043.48,1079.05,508291.657,1,0,-0.02586440371941867,-0.052534068558584,-0.04230864811133206,-0.05745831258789513,0.06994477000723842,-0.026204769135414543,0.16666666666666666,0.07777777777777778,1133.5175000000002,-0.04805175041408729,1080.621,-0.0014537936982532635,954.7039,0.13024572330750925,802.21075,0.3450954128949282,1112.911282187372,1112.2566182799987,1,1,0,46.126626829523026,0,0,0.6546639073733331,9.54349767180064,-8.888833764427307,0,1266.138653171059,1000.8963468289413,1133.5175000000002,0.23399930423845927,0.29465002868077017,72.85240226978632,0.06751531650042752,18.41011650404608,21.499683009312026,28.4392149155234,0,35.92202970297029,42.205000175083846,365774.3982857143,681630.6451766667,0.5366167159208519,0,14649461.452900006,1159.983209943097,1148694.2845629961,0.29694875292967715,0.8105364779121146,0.6370987339132053,1.2722305582583961,1.0021567079401823,0.7847008602948128,1.6882314287502347,0.7847008602948128,2.128303747534517,0.07976460775682308,0.0,1.0,0.0,0.0,0.0,0.0,108322.88,-0.015437103127948992,-0.01594593951317136,0.3660593610329953,0.6719,1.499440276959952
2025-10-31,1079.06,1104.93,1071.43,1088.9,537669.646,1,0,0.009128399981465307,-0.013185916897004768,-0.018133290051487228,0.016570975120197895,0.060789089137847085,0.00908698796454273,0.26666666666666666,0.06666666666666667,1131.209,-0.037401576543326626,1084.3436,0.0042019891112007,957.8255,0.1368459077358037,804.7325500000001,0.3531203627838839,1109.2172387739304,1110.5264984074063,1,1,1,47.37864542102928,0,0,-1.3092596334759037,7.372946210745331,-8.682205844221235,0,1265.3153885443996,997.1026114556005,1131.209,0.23710276092994234,0.3422558371035679,70.04151639337302,0.0643231852267178,18.087682850655654,20.76518049270369,27.467634315159668,0,32.648073605520494,39.46589650512913,393625.39885714283,690586.0396766667,0.5699874834444072,0,15187131.098900005,1159.4116873510359,1153602.348149577,0.3005131528647683,0.8094971159370518,0.6360888230985802,1.2726164751547553,1.0020207047083238,0.7918639236133838,1.6916002547731122,0.7918639236133838,2.147731755424063,0.030764992193957202,9.267411148687183e-06,0.0,0.0,0.0,0.0,0.0,109608.01,0.011863883235009975,-0.0125839501304853,0.3471033018034483,0.6933,1.6298273553653302
2025-11-01,1088.9,1096.93,1081.8,1094.53,163493.548,1,0,0.005170355404536586,-0.011889500767355843,-0.019703904059899857,0.0019223199655813428,0.003953330520445331,0.005157035011414702,0.25555555555555554,0.011111111111111112,1120.803,-0.02344122919014326,1087.7382,0.006243965689538132,961.0634,0.13887387658296005,807.3076,0.35577814453871115,1106.957663577941,1109.3415725994503,1,1,1,48.12078712147813,0,0,-2.3839090215092256,5.42157516429442,-7.805484185803645,0,1228.6177751030757,1012.9882248969244,1120.803,0.1923884484661009,0.37815677408369147,66.11926522241781,0.060408819513780174,17.788280172507402,20.425775220603178,27.018677952754352,0,36.69493962047153,35.08834764298745,393736.39385714283,683346.5097766666,0.5761884903543664,0,15350624.646900006,1149.7820742553538,1154447.6678990857,0.29856337406776073,0.7905716648820957,0.6360614086011699,1.242917199804223,0.9942636358620871,0.7959581415304958,1.7003464292926938,0.7959581415304958,2.158836291913215,0.013823284880268343,0.0,0.0,0.0,0.0,0.0,0.0,110098.1,0.004471297307560018,-0.013866741808750027,0.343235492902717,0.6828,1.5849321985486462
2025-11-02,1094.54,1094.92,1071.74,1083.25,132402.548,1,0,-0.010305793354225101,0.0038923126824521592,-0.048269621065024304,-0.023993584892060493,-0.08924667899781413,-0.010359265743411287,0.13333333333333333,0.011111111111111112,1110.238,-0.024308301463289904,1090.7296000000001,-0.006857428275532375,964.0414,0.12365506294646687,809.80985,0.3376596987552078,1103.3103307197962,1107.4088635180094,1,1,0,46.699688610501745,0,0,-4.098532798213228,3.5175535717928903,-7.616086370006117,0,1181.6212436773174,1038.8547563226828,1110.238,0.12859088533686883,0.31096403995034655,63.052174849387974,0.05820648497520237,17.65832855971601,19.889405969101144,27.448828567771823,0,28.586831512363435,32.64328157945183,378231.1085714285,662926.7040233333,0.5705474018106771,0,15218222.098900005,1126.311207713242,1153083.154599825,0.2565791934925228,0.7466807796794891,0.6367582668556275,1.1726283246649774,0.9809846173719237,0.7877551614052695,1.6828230103618087,0.7877551614052695,2.136587771203156,0.021398569120701653,9.136341626077774e-06,0.0,0.0,0.0,0.0,0.0,110540.68,0.004019869552698729,-0.035079792666511844,0.340144847011378,0.676,1.4915146046527956
2025-11-03,1083.25,1087.24,960.18,993.54,685198.885,1,0,-0.08281560120009235,-0.0875746165855451,-0.12761660578814282,-0.09693780165244192,-0.13661525092331095,-0.08644673773757094,0.03333333333333333,0.011111111111111112,1099.489,-0.09636203727367901,1092.0702,-0.0902233208084976,966.0439,0.028462578149916328,811.8251000000001,0.22383503540356142,1086.4225875321354,1098.974132887046,1,1,0,37.2722534717911,0,0,-12.551545354910559,0.3037337864522005,-12.85527914136276,0,1173.2627611035864,1025.7152388964137,1099.489,0.1341964514489665,-0.21806695507387902,67.62416236014597,0.0680638548625581,18.877996536229865,17.220085424666195,35.548587561922446,0,14.998651200431624,26.76014077775554,405478.42142857146,674518.7165566667,0.6011373909659437,0,14533023.213900005,1104.1324194235924,1096337.996996917,0.531539542469021,0.7805563866067456,0.66237212474548,1.178425778268792,1.0011031162682922,0.7225167441150163,1.5434590110453463,0.7225167441150163,1.9596449704142012,0.1278861444934276,0.0,0.0,0.0,0.0,0.0,0.0,106583.04,-0.03580256607793619,-0.06594308094154955,0.35272052941506504,0.7113,1.5765009270758996
2025-11-04,993.54,1002.12,880.8,936.77,985275.518,1,0,-0.05713911870684618,-0.144134925493134,-0.15105351397888445,-0.11388058572023163,-0.19754492967157233,-0.058836535022903654,0.011111111111111112,0.011111111111111112,1088.199,-0.1391556140007481,1092.412,-0.1424755495179475,966.9715999999999,-0.031233182029337652,813.5504,0.15145908600130983,1063.3991125271914,1086.95901193245,1,1,0,32.76463067858569,0,0,-23.559899405258648,-4.468992851889969,-19.09090655336868,0,1186.3944823486545,990.0035176513456,1088.199,0.18047339199660065,-0.27105889384164283,71.45957933442126,0.0762829502806679,20.691708268389355,15.131851185735114,39.172259844064634,0,18.54539430086151,20.710292337885537,496006.4711428572,697136.8945566666,0.7114907775154905,0,13547747.695900006,1082.4434383566672,1040040.2222149657,0.5804413888627519,0.7935877108125294,0.6741693038213911,1.1771341505972455,1.0237040002531148,0.6812327741053443,1.4552671233940748,0.6812327741053443,1.8476725838264298,0.12950884422003273,0.0,1.0,1.0,1.0,0.0,0.0,101497.22,-0.04771697260652341,-0.10098659459009396,0.3718725976737192,0.7207,1.540203240894639
2025-11-05,936.79,969.27,900.39,959.33,526144.027,0,1,0.024082752436564103,-0.11439649203784907,-0.13394420872077273,-0.1049523240842678,-0.2157146477652695,0.023797336278459556,0.044444444444444446,0.011111111111111112,1078.924,-0.11084562026611693,1092.4856,-0.12188316257898496,968.3242,-0.009288418073203146,815.3884000000002,0.17653133157155518,1047.3884798307004,1077.505011048565,1,1,0,36.07326900674271,0,0,-30.116531217864576,-9.59850052508489,-20.518030692779686,0,1188.9295616584461,968.9184383415538,1078.924,0.20391716498742476,-0.04358160713421349,71.27532366767689,0.07429698192246348,22.37586916253745,14.087328284921144,36.468273267568755,0,26.020543406229326,19.854862969174167,505496.54699999996,695092.4434533332,0.7272364298604804,0,14073891.722900007,1069.5640528716233,1052711.2185631837,0.6299984983195484,0.7827382587423675,0.6753434573622851,1.159022494716301,1.0254818657286722,0.697638734355797,1.4754156349487089,0.697638734355797,1.8921696252465483,0.07180011049378211,2.134995783381386e-05,1.0,1.0,0.0,0.0,0.0,103885.16,0.023527146851904046,-0.05577220554312712,0.3791747563869612,0.7186,1.4850537096976442
2025-11-06,959.32,965.23,925.07,950.4,312622.425,0,1,-0.00930857994642098,-0.0434204964067878,-0.119225244427969,-0.15648963362681056,-0.2714059014282101,-0.009352175529623129,0.07777777777777778,0.011111111111111112,1072.8865,-0.11416538468887444,1091.6940000000002,-0.12942637772122975,969.7772,-0.0199810843150365,817.17655,0.16302896846464812,1032.467175241362,1068.0898250449675,1,1,0,35.33209874755019,0,0,-35.622649803605555,-14.803330380789024,-20.81931942281653,0,1197.0339229378365,948.7390770621637,1072.8865,0.2314269457912582,0.0066893170173494216,69.05280054855712,0.07265656623375118,23.939732849960684,13.502116575880974,34.95331882815943,0,23.06163021868788,22.542522641926254,477543.7995714285,660457.24133,0.7230502895384592,0,13761269.297900006,1063.6863275300582,1049801.147727027,0.6317503968209263,0.7520425788608459,0.6743873183808412,1.11514934869542,1.0088367927552777,0.6911447084233262,1.4616816105565893,0.6911447084233262,1.8745562130177513,0.04225589225589222,-1.042394170930848e-05,1.0,1.0,0.0,0.0,0.0,101346.04,-0.024441604556416086,-0.06440781485868918,0.37815781150358535,0.799,1.5892360750059744
2025-11-07,950.4,995.6,925.7,991.15,452713.504,0,1,0.04287668350168361,0.05805053535019278,-0.08976949214803942,-0.10627496596063157,-0.24189230533884054,0.04198293652783957,0.1,0.022222222222222223,1067.8225,-0.07180266383223805,1091.8962000000001,-0.09226719536161052,971.7536,0.01996020390354095,819.1456,0.20998025259489894,1026.1106867426909,1062.3905787453402,1,1,0,41.26280636673108,0,0,-36.279892002649376,-19.098642705161097,-17.18124929748828,0,1196.7825448731505,938.8624551268495,1067.8225,0.24153835468563462,0.2027276933897717,69.11331479508875,0.06973042909255789,24.719356894085827,15.66543970228988,32.428234796303094,0,36.563949635520224,28.548707753479153,465407.20785714284,647995.85403,0.7182255950600511,0,14213982.801900007,1057.4035659652563,1069212.0013549733,0.716442912746658,0.7665939672782811,0.6794715754066467,1.1282208042617439,1.0124428140789687,0.7207787013402565,1.5201687116564417,0.7207787013402565,1.9549309664694279,0.07052413862684757,0.0,1.0,0.0,0.0,0.0,0.0,103339.08,0.01966569192047385,-0.05719408645408297,0.380000245957894,0.8118,1.6379630052385188
2025-11-08,991.14,1007.41,980.05,991.03,301705.689,0,1,-0.00012107148262119338,0.0330438952185379,-0.09456113582999093,-0.11240181634170154,-0.21055482534751258,-0.00012107881236476668,0.1,0.044444444444444446,1061.88,-0.06672128677440024,1092.0348,-0.09249229053872637,973.8325,0.017659607786760033,821.0081999999999,0.20708904003638468,1020.713658013046,1057.104609949389,1,1,0,41.25080892820238,0,0,-36.39095193634296,-22.55710455139747,-13.83384738494549,0,1193.6036191105445,930.1563808894558,1061.88,0.2480951126502888,0.23106569467795346,66.13093516686814,0.0667294987708426,25.18703178292575,16.478106235786566,31.469923291377196,1,36.52418820410869,32.04992268610561,485151.7994285714,627198.4568633332,0.7735219915158149,0,13912277.112900008,1053.0498055064163,1069175.4733998908,0.7113716140377765,0.761148679568761,0.6794855881114183,1.120183699089659,1.0050899551539414,0.7206914355942434,1.5164029745692689,0.7206914355942434,1.9546942800788953,0.027607640535604386,-1.0089290218423957e-05,0.0,0.0,0.0,0.0,0.0,102312.94,-0.009929834869828569,-0.07071112035539218,0.37952601028262445,0.8103,1.6248849038277389
2025-11-09,991.01,1007.16,975.84,996.63,256660.748,0,1,0.005650686659334214,0.04864267676767686,-0.07996307408262171,-0.12437290786248345,-0.0960026123159814,0.005634781418365556,0.13333333333333333,0.07777777777777778,1056.702,-0.056848572255943496,1091.0919999999999,-0.08657565081587977,976.2280000000001,0.020898806426367537,822.9628,0.21102679246255113,1017.0084798571927,1052.6250092123971,1,1,0,42.09691140392502,0,0,-35.61652935520442,-25.16898951215886,-10.447539843045561,0,1190.2144310553763,923.1895689446237,1056.702,0.25269646703683024,0.2750321841751041,63.64443979780613,0.06385964680754756,25.670936405936654,15.898890238572276,30.836226370438943,1,38.379721669980135,37.1559531698697,502902.9708571429,585586.2926966666,0.8588024978201572,0,14168937.860900007,1048.0634077010045,1070625.7828645892,0.7213919653313651,0.6680729063107269,0.6789464595484878,0.9839846675907377,0.7329218797529493,0.7247638370748523,1.5174718699087961,0.7247638370748523,1.965739644970414,0.031425905300863845,-2.0181023783318175e-05,0.0,0.0,0.0,0.0,0.0,104722.96,0.023555378234659363,-0.052629674432977835,0.33011774267713634,0.741,1.5237514684311455
2025-11-10,996.63,1019.56,976.22,991.98,281128.796,0,1,-0.004665723488155082,0.0008374110881299579,-0.0015701431245848108,-0.12898637257656653,-0.1260627097888235,-0.0046766419509120805,0.4222222222222222,0.07777777777777778,1053.4429999999998,-0.05834487485321916,1089.9756,-0.08990623276337559,978.7836,0.013482449031634817,824.9149500000001,0.20252396928919753,1013.1579444945477,1048.1327863077752,1,1,0,41.56165299840417,0,0,-34.9748418132275,-27.13015997237259,-7.844681840854911,0,1190.0544427048317,916.8315572951678,1053.4429999999998,0.25936181208633396,0.2750444663233697,62.194122669391405,0.0626969522262459,25.827398923421427,16.531635026083272,29.301352295601845,1,41.46341463414635,38.78910816941174,445178.67242857144,559927.07773,0.7950654471531722,0,13887809.064900007,1044.586628783331,1069314.1136378953,0.4991165440107168,0.6609262862895311,0.6788560088313422,0.9735883275561229,0.7170453838873909,0.7213822894168467,1.5090361445783131,0.7213822894168467,1.9565680473372782,0.043690396983810074,0.0,0.0,0.0,0.0,0.0,0.0,106011.13,0.012300740926345144,-0.005365863086659872,0.3288367636638978,0.7726,1.5788235938691129
2025-11-11,991.99,1008.6,956.08,958.08,283951.869,0,1,-0.0341740760902437,-0.03324823668304688,0.02274838007194946,-0.13174135665413023,-0.2645146432272675,-0.03477166400009976,0.5,0.022222222222222223,1047.7559999999999,-0.0855886294137183,1089.2792000000002,-0.12044588751901268,980.8523,-0.023216849264665,826.7058000000001,0.15891288049509264,1004.6844145723096,1041.4622095442362,1,1,0,37.78929041653478,0,0,-36.777794971926596,-29.05968697228339,-7.718107999643205,0,1190.4793673782617,905.032632621738,1047.7559999999999,0.27243626832633144,0.18583981149235995,61.50311390729202,0.06419413191726371,26.238295269788498,15.523275545898887,29.85311643432628,1,31.06733668341712,36.97015766251455,344989.57971428573,529217.2061633333,0.6518865518665903,0,13603857.195900006,1040.9622206209876,1059610.3208607223,0.389209825578057,0.5103598943576884,0.6812268897672374,0.7491775530646901,0.6554156583534818,0.6967297161681612,1.45372885213565,0.6967297161681612,1.8897041420118343,0.054817969271877064,1.008084840419253e-05,0.0,0.0,0.0,0.0,0.0,103058.99,-0.027847453375886122,0.015387317997478167,0.31456705280163055,0.77,1.2269898125906091
2025-11-12,958.08,978.61,937.9,952.86,216987.116,0,1,-0.005448396793587218,-0.04391800367237586,-0.006744290285928711,-0.13978514038096956,-0.2639450001931173,-0.005463293440598661,0.4222222222222222,0.03333333333333333,1039.063,-0.08296224579260361,1088.0168,-0.1242230818494715,982.6946,-0.030359991802132648,828.4339500000001,0.15019429128900366,996.7114277150312,1034.8990829113297,1,1,0,37.22894371626862,0,0,-38.18765519629858,-30.88528061708643,-7.302374579212149,0,1182.7116068007288,895.4143931992714,1039.063,0.2764964334226676,0.19995184109379463,60.017891485342595,0.06298710354652583,26.853050217069296,14.771175354446717,30.570378302940153,1,28.96884422110555,33.83319851288969,300824.3067142857,487014.21096666664,0.6176910240815856,0,13386870.079900006,1030.6063160469612,1058428.0889536582,0.36292383547335466,0.510417596245494,0.6810778563623044,0.749426209466974,0.6387957847307925,0.6929336562165936,1.4280404645934808,0.6929336562165936,1.8794082840236688,0.04272400982305904,0.0,0.0,0.0,0.0,0.0,0.0,101654.37,-0.013629281637633106,-0.021473615673307078,0.3155084282977591,0.7643,1.2143431006014085
2025-11-13,952.87,972.2,905.72,927.15,334345.078,0,1,-0.026981928090170637,-0.06535414020443964,-0.024463383838383868,-0.14077197534868635,-0.23282196405520805,-0.027352623577218203,0.2777777777777778,0.05555555555555555,1029.9699999999998,-0.0998281503344756,1086.19,-0.14642005542308442,984.4148,-0.058171413107564046,830.0524,0.1169776751443643,986.0096696050264,1026.9176693623424,1,1,0,34.51435464658837,0,0,-40.90799975731602,-32.88982444513235,-8.018175312183672,0,1177.9345508043655,882.0054491956341,1029.9699999999998,0.2873181758776774,0.15255191381635264,60.479470664960985,0.06523159215333116,27.81193373009242,13.611410222851722,31.970713275386384,1,20.679962521750767,26.90538114209116,303927.5428571428,451537.05416666664,0.673095463711291,0,13052525.001900006,1022.6046608715344,1049406.8141017598,0.39504100381705487,0.4824839294449917,0.6832555722379338,0.7061544011484091,0.6013414997045721,0.6742369701332984,1.3729453576188362,0.6742369701332984,1.828698224852071,0.07170360783044817,1.0494721155249359e-05,0.0,1.0,0.0,0.0,0.0,99692.02,-0.0193041381300183,-0.016320519282253088,0.3158135756851768,0.7735,1.1629739864657653
2025-11-14,927.15,934.04,887.88,915.25,438193.008,0,1,-0.01283503208758019,-0.04470399131596525,-0.07657771275790748,-0.15947286252181103,-0.21273557721255487,-0.0129181127730464,0.15555555555555556,0.07777777777777778,1019.906,-0.10261337809562837,1085.577,-0.15689997116740684,985.8717999999999,-0.07163385746503745,831.59785,0.1005920710352967,975.1235665888685,1018.6459901503171,1,1,0,33.30390128601394,0,0,-43.52242356144859,-35.0163442683956,-8.506079293052991,0,1170.43945652257,869.3725434774299,1019.906,0.29519084410243707,0.15238292397707462,59.456651331749484,0.0649621975763447,28.904609538562568,12.856595362164272,32.341009314966946,1,15.939480867996126,21.862762536950825,301853.18628571427,442565.8962,0.6820525234264859,0,12614331.993900007,1014.697256695884,1043782.5927835265,0.2337445096625564,0.4742979277718151,0.6836047734469561,0.6938189231480227,0.5980296317472463,0.6655831169870047,1.355323559899304,0.6655831169870047,1.8052268244575937,0.0504343075662387,0.0,0.0,0.0,0.0,0.0,0.0,94594.0,-0.05113769386957956,-0.08462510020410474,0.3413792779222344,0.7151,0.977492252201907
2025-11-15,915.26,945.22,914.91,932.28,161984.705,0,1,0.018606937995083284,-0.021598136137522816,-0.05928175736355101,-0.14823714288324674,-0.18566075312491803,0.018435946749984108,0.2,0.1111111111111111,1009.6105000000001,-0.07659438961857086,1085.0066,-0.1407609870760233,987.3078999999999,-0.055735297975433945,833.2542500000001,0.11884217812270371,968.5322486521195,1012.2485093984418,1,1,0,36.72400783935421,0,0,-43.71626074632229,-36.75632756398094,-6.959933182341352,0,1154.1269657127561,865.0940342872441,1009.6105000000001,0.2862816218982588,0.2324509023293447,57.374747665195954,0.061542398920062594,29.60224968341245,13.763311574697875,31.12064167909537,1,24.042592938539133,20.220678776095358,281893.0457142857,424071.1698,0.664730511737527,0,12776316.698900007,1009.3888853765213,1046796.6321456134,0.29083636085443887,0.479803583174097,0.6800281322765593,0.7055643147700934,0.590699144640012,0.6779675807753562,1.380541981341626,0.6779675807753562,1.8388165680473372,0.03251169176642217,1.0925976509140569e-05,1.0,0.0,0.0,0.0,0.0,95596.24,0.010595175169672455,-0.06564858755891478,0.33979133213710155,0.7226,1.0038887639540504
2025-11-16,932.27,949.77,908.16,926.56,252157.877,0,1,-0.006135495773801902,-0.0006363587337540055,-0.07030693436882296,-0.14464804984998847,-0.13498576296503773,-0.006154395272850093,0.2,0.13333333333333333,998.9945,-0.07250740619693108,1084.1688000000001,-0.1453729345467239,988.6385,-0.06279191028874566,834.88765,0.10980201946932612,962.0749796287165,1005.9012124059647,1,1,0,36.05524259973145,0,0,-43.82623277724815,-38.170308606634386,-5.6559241706137655,0,1134.4365325763831,863.552467423617,998.9945,0.27115671322791673,0.23259962722742505,56.248694260539104,0.0607070176357053,30.33663745475478,13.036067525300135,30.333410833223013,1,22.16624685138538,20.71610688597356,281249.7784285714,396935.70666666667,0.7085524776554193,0,12524158.821900006,997.5480058204996,1045249.5185569491,0.27452449548017244,0.44521092667880346,0.6760262386825502,0.658570483220351,0.5550573450841383,0.6738079135487343,1.3720716718495483,0.6738079135487343,1.8275345167652859,0.04490804696943535,-1.0726391212930562e-05,0.0,0.0,0.0,0.0,0.0,94261.44,-0.013962892264381965,-0.09989709992918461,0.3391195565148851,0.7363,0.9530333827256628
2025-11-17,926.59,939.55,891.72,907.36,332891.856,0,1,-0.020721809704714156,-0.008620595465719694,-0.08530413919635482,-0.08674034261328178,-0.16941131239530227,-0.020939519211761733,0.13333333333333333,0.12222222222222222,989.1899999999999,-0.08272424913312906,1082.4558,-0.1617579212010319,989.7238000000001,-0.08321897482913927,836.4262999999999,0.08480567863540418,953.6572904550678,998.6018633388562,1,1,0,33.82837382918643,0,0,-44.944572883788396,-39.525161462065185,-5.419411421723211,0,1121.1389140379351,857.2410859620646,989.1899999999999,0.266781738670903,0.1899178723953962,55.64735895621488,0.06132886501081696,31.230198675071044,12.23572777175405,30.58134065860651,1,19.14096281349096,21.783267534471836,288644.5012857143,394032.2179666667,0.7325403561546642,0,12191266.965900006,988.7201933157256,1038351.396864668,0.27757301353392094,0.4413285423340966,0.677060451823577,0.6518303367822382,0.5539360052881696,0.6598453941866469,1.343639863764253,0.6598453941866469,1.789664694280079,0.05271336624933866,3.237782766370921e-05,0.0,0.0,0.0,0.0,0.0,92215.14,-0.02170877083991085,-0.13013718465221535,0.34133929392192264,0.7371,0.9397379238778476
2025-11-18,907.36,939.99,884.4,932.79,357275.458,0,1,0.02802636219361654,0.000547045951859948,-0.026396543086172453,-0.0042486416089327905,-0.15955779003135484,0.02764081086138212,0.32222222222222224,0.13333333333333333,980.4445,-0.04860499497931804,1080.5158000000001,-0.13671785271441672,990.9794999999999,-0.05871917633008549,838.0867999999999,0.11299927406087298,950.4469380773651,993.7269104989409,1,1,0,39.18585465391407,0,0,-43.27997242157585,-40.27612365396732,-3.003848767608531,0,1102.105474234057,858.7835257659427,980.4445,0.24817513736689262,0.30415042580408763,55.64326188791382,0.05965250687498132,32.15418316799686,11.362583793292071,29.338709482831963,1,35.802012429712924,25.70307403152977,299119.2997142857,392275.1475,0.7625242170466221,0,12548542.423900006,978.372178088769,1048364.5282534662,0.3190010925680463,0.4477225611394103,0.6796046522582939,0.6587985524402306,0.5543468518170226,0.6783384601959116,1.361339754816112,0.6783384601959116,1.793826923076923,0.05959540732640791,0.0,0.0,0.0,0.0,0.0,0.0,92960.83,0.0080864161785148,-0.09798427095006468,0.33912663447688396,0.733,0.9548505596362159
2025-11-19,932.79,941.06,872.38,897.77,296358.274,0,1,-0.037543284126116294,-0.031071921947850023,-0.05781541884432129,-0.06416978516256144,-0.18398640234868524,-0.03826618435204225,0.23333333333333334,0.12222222222222222,971.3805,-0.07577926466508232,1078.3010000000002,-0.1674217124902974,991.9063000000001,-0.09490442796864997,839.57885,0.06930992842423317,942.3427937577703,986.6189912027231,1,1,0,34.985107900921605,0,0,-44.2761974449528,-41.07613841216442,-3.2000590327883813,0,1089.0558084103657,853.7051915896343,971.3805,0.24228468331486105,0.18723047768313367,56.57445746734855,0.06301664955094129,33.168603400842485,10.377305416216174,28.312271298944438,1,17.250985188204915,24.06465347713628,310458.0365714286,386110.0548,0.8040661793494133,0,12252184.149900006,967.998600215511,1037238.2653695588,0.3808180171908025,0.457481345126559,0.672237782163659,0.6805350089876134,0.5633215690437194,0.6528714066511043,1.2713767808083383,0.6528714066511043,1.726480769230769,0.07650066275326638,0.0,0.0,0.0,0.0,0.0,1.0,91554.96,-0.015123251373723723,-0.09935047553784448,0.33355301193937203,0.7507,1.0159255226628268
2025-11-20,897.78,917.0,865.57,866.51,301802.981,0,1,-0.034819608585717976,-0.04502071944983255,-0.06540473494040877,-0.08826809764309762,-0.18034167013507896,-0.0354402610050901,0.2222222222222222,0.13333333333333333,960.2609999999999,-0.09763074830697058,1075.1012,-0.19402006062313024,992.2467,-0.12671919191064082,840.98125,0.03035590864837943,930.6762101027288,977.7220288914102,1,1,0,31.716656095273933,0,0,-47.04581878868146,-42.27007448746783,-4.775744301213628,0,1073.1089599237325,847.4130400762671,960.2609999999999,0.23503601609090186,0.08461366929734233,56.206996219680796,0.0648659521756019,34.20012432802971,9.699066491410886,27.327264137869307,1,0.610429248652472,17.887808955523454,305809.16557142854,378119.33746666665,0.8087636237286789,0,11950381.168900006,955.21930454514,1026729.603701136,0.4002244582855194,0.4548525619486999,0.6754642809127616,0.6733924721142222,0.5634504456950412,0.6301386798147057,1.205612677917994,0.6301386798147057,1.6663653846153845,0.05935303689513099,1.1138710360104375e-05,0.0,0.0,1.0,1.0,1.0,86637.23,-0.05371341978632305,-0.1309512035165905,0.359073641731681,0.7496,0.9371277281789313
2025-11-21,866.51,877.33,790.79,830.46,654486.049,0,1,-0.04160367451039226,-0.10970314861866004,-0.09264135482108704,-0.162124804520002,-0.22518706499225605,-0.04249388563330224,0.1111111111111111,0.06666666666666667,947.0575000000001,-0.12311554472669302,1069.906,-0.22380096943095928,992.0712000000001,-0.16290282391021937,842.1454999999999,-0.013875868243670271,915.2583316253858,966.8137304550095,1,0,0,28.419249845890945,0,1,-51.55539882962364,-44.127139355899,-7.428259473724644,0,1055.4652408141233,838.6497591858769,947.0575000000001,0.22893592166077179,-0.03777294464571055,58.37363934684646,0.07029072965205604,35.96831928122702,8.671991815289434,33.58387808054252,1,17.340560388162817,11.733991608340082,336708.17142857146,386693.90369999997,0.8707356599285625,0,11295895.119900005,941.6957691681575,999500.5791469474,0.44694115886050895,0.4620981186529232,0.6722282148622514,0.6874125608482728,0.5896391580709852,0.6039225952832865,1.1554065334743169,0.6039225952832865,1.5970384615384616,0.1042073067938252,0.0,1.0,1.0,1.0,0.0,1.0,85129.43,-0.01740360350856096,-0.10005465462925778,0.36029324569908316,0.753,0.95317958331771
2025-11-22,830.47,842.93,813.77,833.78,167225.62,0,1,0.003997784360474821,-0.07127660759437271,-0.10565495344746212,-0.15867329949648346,-0.2599936097699518,0.0039898144548263645,0.1,0.044444444444444446,934.5840000000001,-0.1078597536444023,1062.7936,-0.2154826675659319,992.0048000000002,-0.1595000346772517,843.30155,-0.011290801018923833,902.7232036830188,956.9593800509347,1,0,0,29.149789353155313,0,1,-54.236176367915846,-46.14894675830237,-8.087229609613473,0,1034.0507494614264,835.1172505385737,934.5840000000001,0.21285780510136357,-0.006722098318354566,56.28695082207172,0.06750815661454067,37.61021459491023,8.351091147701815,32.341131416826066,1,18.79179962407659,12.247596420297308,337456.8735714285,366436.53376666666,0.9209149265294292,0,11463120.739900004,936.7740292529037,1000169.1111152541,0.40993255934009337,0.4296332386407839,0.6702199454690616,0.6410332034211543,0.5759376749101611,0.6063369475896474,1.1421487376885249,0.6063369475896474,1.6034230769230768,0.03497325433567604,1.2041519158046028e-05,1.0,1.0,1.0,1.0,1.0,84739.74,-0.00457761786963673,-0.11356618210088598,0.34840600005142564,0.733,0.8877670613893339
2025-11-23,833.78,855.46,833.28,843.6,167524.177,0,1,0.011777687159682415,-0.026439394813677852,-0.08953548609911921,-0.15354745492309074,-0.23932155706440872,0.011708870013127516,0.14444444444444443,0.06666666666666667,927.0869999999999,-0.09005303709360596,1056.6506,-0.20162823926849607,992.1626999999999,-0.14973622773764814,844.50605,-0.001072875676852684,893.6273261933236,948.5623889360506,1,0,0,31.380549043543297,0,0,-54.93506274272704,-47.90616995518731,-7.028892787539732,0,1030.3729503565405,823.8010496434594,927.0869999999999,0.22281824760036673,0.09584532208008532,53.8507400490666,0.06383444766366358,38.67633861558226,9.767403820963223,31.389657167060342,1,23.084320496568633,19.738893502936026,325366.34500000003,360596.9182666667,0.9022992946361977,0,11630644.916900003,927.1431391258872,1002142.1584636434,0.4407193353000847,0.433798207649094,0.6708265792073281,0.6466622240306652,0.5731626017863225,0.613478194471715,1.1556006082108465,0.613478194471715,1.6223076923076925,0.026292081555239526,0.0,1.0,1.0,1.0,1.0,1.0,86830.0,0.02466682102163631,-0.07883860038632984,0.3582829880893266,0.7514,0.8934321187367248
2025-11-24,843.6,876.3,830.01,864.92,248464.802,0,1,0.025272641062114687,0.04149507501866423,-0.046773055898430727,-0.12808725982378688,-0.22534996820506392,0.024958568501074672,0.3111111111111111,0.08888888888888889,923.4945,-0.06342701553717976,1050.6014,-0.17673819966354515,992.4248,-0.12847804690088363,845.6848000000001,0.022745117329766182,889.2108144712738,942.3666564222691,1,1,0,36.08566481868909,0,0,-53.155841950995296,-48.95610435434891,-4.199737596646386,0,1030.300566351471,816.688433648529,923.4945,0.23130850557631036,0.2257903881262392,53.31068718841899,0.061636552731372835,38.93140107978353,11.953868223173187,29.442811894972714,1,34.03425003443367,25.303456718359644,313305.3372857143,363455.1922333333,0.8620191538894745,0,11879109.718900003,922.4186999184974,1008421.5202211587,0.49092199908366696,0.4427023042256827,0.6567149917281291,0.6741163363131435,0.5800547716668357,0.6289824086800329,1.1848056875933206,0.6289824086800329,1.6633076923076922,0.05351940063820927,0.0,1.0,1.0,0.0,1.0,1.0,88300.01,0.01692974778302414,-0.04245647732031865,0.36340496807107475,0.7596,0.9095647500766024
2025-11-25,864.9,867.66,837.47,862.57,158750.859,0,1,-0.0027170142903388816,0.03452949219218504,-0.07527953773089324,-0.09968896125584503,-0.24215640622391688,-0.002720712073137042,0.2111111111111111,0.05555555555555555,918.6565,-0.061052743871076946,1043.3890000000001,-0.17329969934511485,992.4967,-0.13090894911791645,846.6662000000001,0.01878402610143163,885.1122276295393,936.4557929835825,1,1,0,35.794323168684585,0,0,-51.34356535404311,-49.43359655428775,-1.9099687997553545,0,1027.3765962927089,809.9364037072912,918.6565,0.2366936853823139,0.24206010704314762,51.65920953210335,0.05988987506185393,39.16824479654184,11.454873693271923,28.213770231955014,1,38.217442231924224,31.778670920975525,284944.6802857143,360715.5693666666,0.789942837194445,0,11720358.859900003,918.840642548122,1007990.1918686521,0.4315589612110709,0.43526749795177794,0.6557476977654557,0.6637728190811919,0.5816199036197903,0.6272734544872774,1.1815865536088548,0.6272734544872774,1.6587884615384616,0.03500005796630991,-2.3123525875204424e-05,1.0,1.0,1.0,1.0,1.0,87369.96,-0.010532841389259029,-0.06014221258566643,0.34918151418298526,0.7481,0.9161851772102638
2025-11-26,862.58,897.25,851.72,891.78,159649.392,0,1,0.033863918290689465,0.057112375533428184,-0.006672087505708579,-0.06410175681632146,-0.21696754706378207,0.03330316035630148,0.5444444444444444,0.12222222222222222,915.7254999999999,-0.026149211745222698,1035.136,-0.1384900148386299,992.9445999999999,-0.1018834283403122,847.8056000000001,0.051868494381258894,886.1380387634564,933.1464749847986,1,1,0,42.0564432681149,0,0,-47.00843622134221,-48.94856448769865,1.9401282663564388,1,1024.002107859107,807.4488921408929,915.7254999999999,0.23648267490444902,0.38942440812719875,51.22140885123883,0.05743727023620044,38.3724374585687,14.853926181299775,26.42242529649248,1,55.66947797806072,42.64039008147288,265414.83999999997,349554.9592666667,0.7592935902177308,0,11880008.251900002,916.2767181212985,1013396.5458344984,0.45585869816315866,0.4517020883278042,0.6594068178836632,0.6850127661365739,0.5835860995086128,0.648515391495953,1.2215997041136422,0.648515391495953,1.7149615384615384,0.05105519298481685,1.1593261996117305e-05,0.0,0.0,1.0,0.0,1.0,90484.02,0.035642227603171595,-0.01169723628299335,0.37202160655633265,0.7703,0.9205735548852042
2025-11-27,891.77,904.86,883.8,895.74,141249.084,0,1,0.004440557088071007,0.03563335337372253,0.0337330209691753,-0.03387801326646167,-0.18823689337985416,0.004430726904695154,0.6777777777777778,0.17777777777777778,910.9550000000002,-0.016702252032208115,1026.9028,-0.12772659690868507,993.6609000000001,-0.09854559035179916,849.02855,0.055017525617954796,887.6152635690785,930.3756249859247,1,1,0,42.869949500263466,0,0,-42.760361416846195,-47.71092387352816,4.950562456681965,0,1013.4949277303654,808.415072269635,910.9550000000002,0.22512621969332225,0.4258093879293104,49.06702250472178,0.0547781973616471,37.38709624368251,15.506352032052762,25.612372538421205,1,66.0145930305699,53.3005044135183,242478.56899999996,342543.95639999997,0.7078757761437474,0,12021257.335900003,911.247591184525,1014023.7704556381,0.3867091368918765,0.4474994361804214,0.657229055902421,0.680888089413475,0.5731226378558633,0.6513951611143837,1.2270242873385295,0.6513951611143837,1.722576923076923,0.023511286757318037,-1.1213528000169219e-05,0.0,0.0,1.0,0.0,0.0,91333.95,0.009393150304329856,0.05421133616575702,0.3750439492896922,0.7773,0.9124210090830905
2025-11-28,895.75,906.5,876.15,887.19,174843.677,0,1,-0.00954518052113329,0.02854261103446687,0.0683115381836572,-0.030658290084676243,-0.1990701453462128,-0.009591027736609114,0.8,0.16666666666666666,905.7629999999999,-0.020505363985943197,1019.5396000000001,-0.129813103875514,993.8423000000001,-0.10731310188749268,850.1641500000001,0.043551412983010386,887.5498384046049,927.1766898017821,1,1,0,41.51471814726133,0,0,-39.626851397177234,-46.094109378257976,6.467257981080742,0,1001.5227949037128,810.003205096287,905.7629999999999,0.21144558765088192,0.40302297525451497,47.73009232581308,0.05379917754462187,36.624814009092624,14.802067703774535,25.59391232669433,1,60.636558057617364,60.77354302208267,173958.23014285715,333048.29576666665,0.5223213340347855,0,11846413.658900004,905.9860669305485,1012354.8559956943,0.24077364121917558,0.4463756749024389,0.6525858780687572,0.6840106258864036,0.5729170582762638,0.6451774767109542,1.2153121190120684,0.6451774767109542,1.7061346153846155,0.034209132203924776,1.1163953825876822e-05,0.0,1.0,0.0,1.0,0.0,90890.7,-0.004853069422706469,0.06767659550874483,0.37084017927262,0.7985,0.9457434867209474
2025-11-29,887.2,889.0,868.25,872.9,80059.932,0,1,-0.016107034569821654,-0.02117114086433869,0.04691885149559827,-0.06369331102243958,-0.19104768083036006,-0.016238162815640597,0.7333333333333333,0.18888888888888888,899.5765000000001,-0.029654509649818712,1014.9481999999999,-0.1399561081048274,994.1764,-0.12198680234211955,851.2080000000001,0.025483783047151685,885.2960171115888,923.1561942609093,1,1,0,39.27970791557157,0,0,-37.86017714932052,-44.447322932470485,6.587145783149964,0,986.1667832217463,812.986216778254,899.5765000000001,0.1925134398725315,0.34596135381792675,45.802942873969286,0.052472153596023925,36.07692263187037,14.32308584056848,25.997701601503827,1,51.64800603849542,59.43305237556091,161505.989,318773.90493333334,0.5066474592196513,0,11766353.726900004,901.238764839097,1011065.3279033127,0.2862911845488822,0.4436533694747328,0.6520960397416641,0.6803497375179453,0.5575769329026108,0.6347855807899004,1.1957370446980178,0.6347855807899004,1.678653846153846,0.023771336922900677,1.1271542736044032e-05,1.0,1.0,1.0,1.0,1.0,90802.44,-0.000971056444718732,0.0715449445561196,0.37003762917487415,0.793,0.9353925149247664
2025-11-30,872.9,899.75,869.56,875.31,106230.587,0,1,0.0027609119028524365,-0.022807957666287182,0.03758890469416776,-0.05531212225867721,-0.19615208008081564,0.0027571075862314583,0.6888888888888889,0.18888888888888888,893.743,-0.0206244971988593,1009.753,-0.1331444422546901,993.9274,-0.11934211693932584,852.3222000000001,0.026970786399790923,883.7597067867289,919.6120317230641,1,1,0,39.86767754875415,0,0,-35.85232493633521,-42.72832333324344,6.87599839690823,0,969.1154481561653,818.3705518438348,893.743,0.16866693927933465,0.3777205699766543,44.687732668685776,0.051053606914905326,35.17341142866634,15.35019104387747,24.743169693595192,1,56.24542490184334,56.17666299931872,152749.76185714285,304392.6029666666,0.5018182451492428,0,11872584.313900003,895.5359902838348,1011358.621195408,0.2845495015486901,0.44202689454445315,0.6508485102551648,0.6791548072702153,0.5581660141147716,0.6365381678556624,1.1990383693374063,0.6365381678556624,1.6832884615384613,0.034490637602677975,0.0,1.0,1.0,1.0,1.0,1.0,90360.0,-0.004872556288134988,0.04065415179085563,0.3663354648567011,0.7891,0.9367445521776876
2025-12-01,875.3,877.12,801.7,826.61,342746.385,0,1,-0.055637431310050056,-0.0682830058950169,-0.044293113813994256,-0.08899444542408741,-0.2447808648460983,-0.05724510957326222,0.3333333333333333,0.05555555555555555,887.1695,-0.06826147652731519,1000.2322,-0.17358189428414725,993.3892999999999,-0.16788916490242037,853.1958500000001,-0.031160313309072058,874.9674442041552,912.7229923361705,1,0,0,32.92874289150065,0,0,-37.75554813201529,-41.733768292997816,3.9782201609825236,0,961.8451499381517,812.4938500618482,887.1695,0.16834584583476273,0.09451641833611862,46.88289462092251,0.056717066840375155,35.5684227433372,13.586356436257084,32.23885225922611,1,23.83709323218211,43.910174724173636,166218.55942857146,310367.6975333333,0.5355536698876973,0,11529837.928900003,887.0833330130084,992289.0927432026,0.43392884977318724,0.463261856181573,0.646886259713172,0.7161411287155525,0.5791853658262279,0.6011228192653679,1.1323269544252819,0.6011228192653679,1.5896346153846155,0.09124012533117185,-1.1424523882956787e-05,1.0,1.0,1.0,1.0,1.0,86286.01,-0.0450862107127048,-0.022808604438436686,0.38167884420272546,0.8067,0.9625314025031639
2025-12-02,826.6,885.0,820.46,876.61,233149.68,0,1,0.06048801732376807,0.0042502004811548755,0.01627693984256351,-0.060227918395351576,-0.19075928917609042,0.058729195876980986,0.5555555555555556,0.2222222222222222,883.357,-0.0076379085692420585,991.8734000000001,-0.11620777409697652,993.3903,-0.11755731860880865,854.3451,0.026060780356790263,875.2201450958237,910.0479558668245,1,1,0,43.75297599679433,0,0,-34.82781077100083,-40.35257678859842,5.524766017597592,0,951.4029727258836,815.3110272741163,883.357,0.15406222563671007,0.4504232232289516,48.144116433713755,0.054920793093523636,35.659442256888696,13.454515011891758,29.151847658785297,1,57.11053437146474,45.73101750183008,176846.96242857142,313725.9352666667,0.5636988930425905,0,11762987.608900003,882.9327947105776,1006391.8546260735,0.5861714008806784,0.5034924244399679,0.6321703601407582,0.7964505395790162,0.592823970039729,0.6374835467708039,1.200819166860728,0.6374835467708039,1.6857884615384615,0.07362453086321165,-1.209760346474263e-05,1.0,1.0,1.0,1.0,0.0,91277.88,0.05785259974357393,0.04472841695246288,0.42554348866932296,0.8443,0.987676246577313
2025-12-03,876.6,922.63,873.6,920.76,227309.929,0,1,0.05036447222824281,0.05192446104808579,0.03249680414451994,0.02560789511790329,-0.07325321577389932,0.0491372203463197,0.6111111111111112,0.35555555555555557,883.0375,0.042719023824016496,986.1181999999999,-0.06627826157148292,994.2047,-0.0738728151254968,855.7513500000001,0.07596675132326682,882.2262766195431,910.8414406174301,1,1,0,51.23642217800546,0,0,-28.615163997886953,-38.00509423045612,9.38993023256917,0,950.2728672204171,815.802132779583,883.0375,0.1522820202322485,0.7805257229899158,48.20739383130563,0.052356090437579425,34.53520795674151,18.052690997430044,27.034041095584772,1,98.58161407766991,59.84308056043894,186512.75342857142,298462.97006666666,0.624910867123351,0,11990297.537900003,880.4840801123214,1017840.1992323978,0.6275747889175661,0.4699440675003022,0.6390461673244848,0.7353835943775896,0.560072960247821,0.6695900691581037,1.2612977904412268,0.6695900691581037,1.7706923076923076,0.0532494895521091,-1.1407581478640336e-05,0.0,0.0,0.0,0.0,0.0,93429.95,0.023577125147954625,0.03255746152746086,0.42422090641707555,0.8612,0.9527327003813711
2025-12-04,920.77,928.24,886.79,899.92,165779.563,0,1,-0.02263347669316651,0.08868753100010873,0.004666532699220793,0.03855696991379198,-0.03933729730883784,-0.022893545493003722,0.5222222222222223,0.36666666666666664,882.2710000000001,0.020004057710159222,980.8652000000001,-0.08252428570205173,994.5669,-0.09516393517620592,856.9933,0.05008988985094747,884.9483879088442,910.0324450161389,1,1,0,47.99070334426739,0,0,-25.08405710729471,-35.42088680582384,10.33682969852913,0,948.2988212175597,816.2431787824404,882.2710000000001,0.1496769614269531,0.6336482082442715,47.72472284335523,0.0530321837978434,33.324519485145636,17.77238697965385,25.356921420421923,1,79.39614405238265,78.36276416717244,190017.10757142858,271146.43823333335,0.7007914572269268,0,11824517.974900004,878.3869132020444,1014088.031357034,0.6488795393819103,0.44331741413075604,0.6391074599011306,0.6936508207858141,0.5191863178370163,0.654434917933838,1.2327502362981329,0.654434917933838,1.7306153846153844,0.0460596497466442,1.0860593422814746e-05,0.0,0.0,0.0,0.0,0.0,92078.06,-0.014469557138797606,0.008147134772995113,0.4049788746335601,0.8456,0.9273776107640407
2025-12-05,899.92,907.92,870.18,883.57,137493.999,0,1,-0.018168281625033256,0.007939676709140864,-0.00408029847045166,0.06395250824844068,-0.07897178238979286,-0.018335351529477142,0.5,0.35555555555555557,879.8354999999999,0.004244543440222791,975.64,-0.09436882456643837,994.8508,-0.11185677289499088,858.1630499999999,0.029606203622959727,884.7363282305605,908.0722639038323,1,1,0,45.5526112658338,0,0,-23.33593567327182,-33.00389657931344,9.667960906041621,0,941.5489322920411,818.1220677079588,879.8354999999999,0.1402840242114376,0.530256784149743,47.01152835454415,0.053206342852908255,32.544366066764226,16.75329061862978,26.42661312346204,1,64.69890943575156,80.89222252193473,184681.43928571432,258191.4373,0.7152887842331026,0,11687023.975900004,876.8406841842968,1011590.0016614499,0.6567577127371849,0.439359618871016,0.6307683296419945,0.696546732332588,0.5084805927464988,0.6425449600395605,1.210353282831742,0.6425449600395605,1.699173076923077,0.04271308441889155,0.0,1.0,1.0,0.0,0.0,0.0,89330.04,-0.029844460232980596,-0.017170733639415348,0.40422621034988854,0.8412,0.9162428227472678
2025-12-06,883.57,897.9,878.01,890.38,81289.981,0,1,0.00770736896906854,-0.032994482818541226,0.020025203345171327,0.06788361438269086,-0.06315235690235688,0.007677818939056738,0.5555555555555556,0.37777777777777777,878.0265000000002,0.014069620905519166,972.0246000000001,-0.0839943762740162,995.0199,-0.10516362537070868,859.3649499999999,0.0360906620638881,885.6045854258589,906.7617258368819,1,1,0,46.765716399792666,0,0,-21.157140411022965,-30.634545345655347,9.477404934632382,0,935.9795838469328,820.0734161530676,878.0265000000002,0.13200759623298974,0.606581903670806,45.074276329219565,0.050623639714750514,31.819937892552915,16.2252368981271,25.593662051473142,1,70.08060692271216,71.39188680361548,184857.16057142857,250480.35583333333,0.7380106114765755,0,11768313.956900004,874.2004810572646,1012216.5335385054,0.6484393854855139,0.43990531182106873,0.6144987405035032,0.7158766695935334,0.5045802430807832,0.6474972911258009,1.2196819221654498,0.6474972911258009,1.7122692307692307,0.02233877670208224,0.0,1.0,0.0,1.0,0.0,0.0,89236.79,-0.0010438817669845557,-0.017242378068254682,0.39996467383045076,0.8437,0.9297132989921129
2025-12-07,890.38,906.0,870.23,894.37,131888.814,0,1,0.004481232732092,-0.006167214863543324,0.021775142520935598,0.06018255097202463,-0.0976441507339958,0.004471221904781935,0.5666666666666667,0.3333333333333333,877.3770000000001,0.01936795698998257,968.0634000000001,-0.07612455961045538,995.3406,-0.10144326474776573,860.47025,0.03939677170709858,886.9531107449576,905.8438202193352,1,1,0,47.50372318524073,0,0,-18.89070947437756,-28.28577817139979,9.395068697022232,0,934.2265307021423,820.5274692978578,877.3770000000001,0.1295897446642487,0.6494559391266848,44.40968516284674,0.04965471243763402,30.86749913409624,16.59456315032377,24.121194811461706,1,73.23376007586533,69.33775881144304,188522.62157142858,239786.19950000002,0.7862113080925184,0,11900202.770900004,871.7164305694433,1012807.558008799,0.6485125745590584,0.4201774813515881,0.6146471347430869,0.6836076467308612,0.4934192370428033,0.6503988771807346,1.2003194159251653,0.6503988771807346,1.7199423076923077,0.03999463309368604,0.0,0.0,0.0,0.0,0.0,0.0,90395.31,0.01298253780755676,0.0003907702523240353,0.3969973676823564,0.8411,0.8909372481854503
2025-12-08,894.38,913.29,888.93,897.12,121354.06,0,1,0.003074790075695777,0.015335513881186591,0.08530020202997779,0.03722887665911312,-0.09475999717465666,0.0030700725764304924,0.8333333333333334,0.35555555555555557,875.5935,0.02458503860524325,963.8081999999999,-0.06919239740852998,995.6918,-0.09899830449542714,861.523,0.04131868795145339,888.5172475534257,905.1976113141993,1,1,0,48.03840558814807,0,0,-16.680363760773616,-25.96469528927456,9.284331528500942,0,927.1113997099794,824.0756002900205,875.5935,0.11767538180669335,0.7089225310152752,42.97756479407198,0.04790614944942926,29.728515361001065,17.13430728894617,23.144618330847976,1,75.40698593330171,72.90711764395975,156895.14657142857,233774.4785333333,0.6711389008576369,0,12021556.830900004,868.4196527821882,1013180.6962681324,0.49589461646728333,0.4204971884583058,0.6107437905062766,0.688500145224128,0.49333556522824173,0.6523987171935337,1.204010146152917,0.6523987171935337,1.7252307692307693,0.02715355805243447,1.1181054820701616e-05,0.0,0.0,0.0,0.0,0.0,90634.34,0.0026442743544992098,0.05039438027091525,0.3970786360189705,0.8434,0.8937460151885348
2025-12-09,897.13,928.0,881.78,897.3,209645.573,0,1,0.00020064205457459572,0.007771962532851173,0.02360228607932835,0.04026339891255182,-0.09966587399536442,0.00020062192864959006,0.6,0.3333333333333333,875.5699999999999,0.02481811848281693,959.7504000000001,-0.06506941804869283,996.0883,-0.0991762477282386,862.7246,0.04007698401088823,889.868440237514,904.6126030687032,1,1,0,48.07568445159612,0,0,-14.7441628311891,-23.72058879765747,8.97642596646837,0,927.04571813871,824.0942818612899,875.5699999999999,0.1175821879203491,0.7110703918830706,43.209167308781126,0.04815464984819027,28.16724196379884,18.25684076869245,21.37623655005067,1,75.54923344397024,74.72999315104578,153537.417,232207.30603333333,0.6612083815224992,0,12231202.403900005,867.5841774473153,1013222.7599866316,0.3714674227582293,0.4197861031524578,0.5531693105951561,0.7588745346353525,0.4982610729223541,0.6525296158125532,1.2023959477929944,0.6525296158125532,1.725576923076923,0.05151008581299457,1.114678080969202e-05,0.0,0.0,0.0,0.0,0.0,92678.8,0.022557233825501566,0.015347858648776747,0.3964927699219204,0.838,0.8879846493050536
2025-12-10,897.3,915.0,884.27,893.43,186333.021,0,1,-0.004312938816449341,-0.0010510191531469815,-0.029682001824579696,0.001850232120029549,-0.09934676102340778,-0.0043222663661621535,0.37777777777777777,0.34444444444444444,876.9159999999999,0.018831906362753115,956.4758,-0.06591468388431793,996.5658,-0.10349120951170512,863.8516999999999,0.0342400205961278,890.4163725086657,903.7842621006511,1,1,0,47.29013435622995,0,0,-13.367889591985318,-21.65004895652304,8.282159364537723,0,928.800430440224,825.0315695597759,876.9159999999999,0.11833386650539855,0.659142153627626,42.31779821529676,0.04736554426793007,26.717488094968203,17.309868875603872,20.267463381166838,1,72.49091196459612,74.48237711395603,147683.573,229047.4468666667,0.6447728408252885,0,12044869.382900005,867.8219246974286,1012419.1170675744,0.18757097861461988,0.4197787255127672,0.5489883221742606,0.7646405370705143,0.49606762851303543,0.6497152955036325,1.16915084339872,0.6497152955036325,1.7181346153846153,0.03439553182677996,0.0,1.0,0.0,0.0,0.0,0.0,92015.37,-0.007158379262571457,-0.01514054112198504,0.3936433840826338,0.8456,0.902479839815452
2025-12-11,893.43,894.7,859.54,885.91,182476.864,0,1,-0.008416999653022561,-0.01249554128767616,-0.015568050493377172,-0.010974166610846936,-0.07532773881095534,-0.008452622627820412,0.4666666666666667,0.4111111111111111,879.6885,0.007072389828899652,952.7575999999999,-0.07016223224039352,996.9068999999998,-0.1113412897433049,864.93405,0.024251502181004452,889.7230844304095,902.460242685788,1,1,0,45.72659495012209,0,0,-12.737158255378517,-19.867470816294137,7.13031256091562,0,926.8298754014245,832.5471245985755,879.6885,0.10717742792232594,0.5659876801113868,41.80652691420414,0.04719048990778312,26.074405585176027,16.27001930017541,23.27518920338266,1,66.54812707444283,71.52942416100308,150068.9017142857,225664.94670000003,0.6650075871720916,0,11862392.518900005,875.1575993622159,1010883.2093666018,0.14191933979183924,0.40954041746187464,0.46281385787487084,0.8848922963162449,0.49222808888268693,0.6442466420868149,1.134705535773753,0.6442466420868149,1.7036730769230768,0.0396880044248288,0.0,0.0,0.0,0.0,0.0,0.0,92513.38,0.005412247975528528,0.0047277277562103315,0.3882009003246193,0.8343,0.8813944112862255
2025-12-12,885.92,896.07,870.58,881.58,110640.466,0,1,-0.004887629668927862,-0.01751922433968567,-0.002252226761886411,-0.0063233354749264725,-0.07480637239468546,-0.004899613194119337,0.5333333333333333,0.4222222222222222,882.0785,-0.0005651424448049939,947.8548,-0.0699208359761431,997.1750999999999,-0.11592256966705235,865.9705,0.018025440820443682,888.4703022103465,900.9135580423963,1,1,0,44.80794915935885,0,0,-12.443255832049772,-18.382627819445265,5.939371987395493,0,923.9748996820368,840.1821003179631,882.0785,0.09499471913675908,0.4940508014556958,40.64106070604671,0.046100252621482686,25.424000014728357,15.781908460095616,22.232463724542075,1,63.126284178915775,67.38844107265159,146232.68271428574,222120.05836666666,0.658349740179209,0,11751752.052900005,877.6418098164694,1010342.4397423961,0.09206645870747565,0.4095095551758659,0.4628243029665353,0.8848056434181583,0.48922590382288167,0.6410978030848442,1.11480924139152,0.6410978030848442,1.6953461538461538,0.028913995326572753,1.128782833469642e-05,0.0,0.0,0.0,0.0,0.0,90268.42,-0.02426632774632176,0.01050464099198889,0.39186676574594814,0.8278,0.8662307207113475
2025-12-13,881.59,904.22,880.32,896.82,92401.054,0,1,0.01728714353773908,0.00379436553507273,0.007232866865832577,0.02740290984076066,-0.032713153211454404,0.01713942090986825,0.5666666666666667,0.4666666666666667,884.7395,0.013654301633418683,943.6109999999999,-0.049587170984653456,997.707,-0.10111886555872611,867.0200500000001,0.03437054310335726,889.7548711010625,900.6103315207373,1,1,0,48.71334747337913,0,0,-10.855460419674841,-16.87719433949118,6.021733919816338,0,922.9434206998875,846.5355793001125,884.7395,0.08636196462323086,0.6581055004131502,39.4452706556148,0.04398348682635846,24.494239238945813,16.574711067221337,21.270270006177082,0,75.16990674885415,68.28143933407092,147819.97885714288,214055.25756666667,0.6905692508445158,0,11844153.106900005,879.8013345503308,1011939.7900259325,0.13437693750699917,0.40642354522421903,0.4465836270960653,0.910072650596285,0.4757266996323251,0.6521805528285011,1.1340811087646532,0.6521805528285011,1.7246538461538463,0.02664971789210764,1.1343270037876205e-05,0.0,0.0,0.0,0.0,0.0,90240.01,-0.00031472800786813693,0.011242224199234485,0.38913294832064826,0.8208,0.8583930249163301
2025-12-14,896.82,899.5,870.11,877.27,110914.028,0,1,-0.021799246225552626,-0.009752683681186536,-0.019119603743417146,0.0022392066810617006,-0.04149685878175369,-0.02204036030423972,0.4444444444444444,0.45555555555555555,885.357,-0.00913416847667098,938.8258000000001,-0.06556679631088119,997.9783,-0.1209528303370925,867.9719499999999,0.01071238534839761,887.834121700899,898.8814180747568,1,1,0,44.375461214483366,0,0,-11.047296373857762,-15.711214746364496,4.663918372506734,0,922.5992160570943,848.1147839429057,885.357,0.08412926323978759,0.39142697647741764,38.7270370373566,0.04414494629630171,23.943606418536387,15.6762417593766,22.000411004010935,0,59.72024656235179,66.00547916337392,144823.58085714286,203145.9582333333,0.7129040721095646,0,11733239.078900004,881.6790419508485,1009521.9478196927,0.18893318979445634,0.4095746046891392,0.44247508548328407,0.9256444444590366,0.47103803028899094,0.6379635083738756,1.1093589954349448,0.6379635083738756,1.6870576923076923,0.03350165855437891,0.0,0.0,0.0,0.0,0.0,0.0,88172.17,-0.022914891077693733,-0.02459353256269603,0.36676359903250044,0.8554,0.9564004755342378
2025-12-15,877.27,895.42,840.75,858.6,210867.871,0,1,-0.02128193144641899,-0.026066834547063267,-0.0429373996789727,0.03870023348374696,-0.07903205045694417,-0.021511656931078316,0.34444444444444444,0.4,885.1584999999999,-0.030004230880683935,933.234,-0.07997351146657752,997.9558000000001,-0.1396412546527612,868.88985,-0.011842525263702875,883.3365645161454,895.8976093284786,1,0,0,40.65241225974011,0,0,-12.561044812333193,-15.081180759558237,2.520135947225043,0,922.9503656104322,847.3666343895676,885.1584999999999,0.08539005299148639,0.14862147487277663,39.86582010611684,0.046431190433399536,24.2290084279335,14.140697679073764,25.10589536164058,0,35.38689923919094,56.759017516798984,157611.26814285715,204775.3971,0.769678732772225,0,11522371.207900004,881.8534486725644,1005034.2722448184,0.21310876662034334,0.4091160947398411,0.4432856496893617,0.9229175251365224,0.4802944537782714,0.6243864127233458,1.0857496933446302,0.6243864127233458,1.6069623806850086,0.06367342184952243,0.0,0.0,0.0,1.0,0.0,0.0,86432.08,-0.019735138649757622,-0.04636498704574887,0.36818504169751687,0.8567,0.9532863155110434
2025-12-16,858.61,878.44,847.0,875.63,240835.336,0,1,0.019834614488702496,-0.023627929796391722,-0.024150228463167278,-0.0011179429849077493,-0.05496675876359869,0.019640471491503015,0.43333333333333335,0.4666666666666667,884.351,-0.009861469032092465,927.9689999999999,-0.05640166859022224,997.9116,-0.12253750733030865,869.9911999999999,0.006481444869787258,882.1509392059692,894.3963049337765,1,1,0,45.17117769274291,0,0,-12.245365727807325,-14.514017753208055,2.26865202540073,0,922.2371901794965,846.4648098205035,884.351,0.08568134186425176,0.3849052918928794,39.26397581282279,0.04484082981718625,24.494024579516534,13.33191644562842,23.669956521975962,0,39.86741341867641,44.991519740073066,162066.9485714286,204397.97906666668,0.7928989773356255,0,11763206.543900004,880.8448962113443,1009811.1482896355,0.2637904253922951,0.41404880191741766,0.42690653989987853,0.9698816092499394,0.4781493934158808,0.6367708765116973,1.1072851199433478,0.6367708765116973,1.6388358600037434,0.03590557655630809,1.164686699276835e-05,0.0,0.0,0.0,0.0,0.0,87863.42,0.016560286412174774,-0.051957729275735165,0.37097217958998774,0.8612,0.9624144952476845
2025-12-17,875.64,876.16,833.39,843.07,378073.209,0,1,-0.037184655619382556,-0.03898457715412584,-0.0563670349104014,-0.08437595030192446,-0.07085390583671303,-0.03789363595404156,0.3,0.45555555555555555,881.7175,-0.04383206639314738,922.7614,-0.08636186992650531,997.5614999999999,-0.15486914841841817,870.9165,-0.03197378853196603,876.1384870204354,890.5943564201634,1,0,0,39.04930289135865,0,0,-14.455869399728044,-14.502388082512052,0.046518682784007837,0,923.4022349947212,840.0327650052787,881.7175,0.0945534935956726,0.0364310219928941,39.51440611190688,0.046869662201130244,25.08608891083705,12.301178323788804,24.300171448378343,1,10.205587770163481,28.486633476010297,189458.404,205904.02416666664,0.9201296806450227,0,11385133.334900003,877.0703985406221,995752.6262140557,0.33540871197846217,0.4236336858604543,0.4299322661586612,0.9853498311385578,0.4774352738504689,0.6130927707601574,1.0661111040857878,0.6130927707601574,1.4890757193069222,0.05073125600483943,1.1420348777441277e-05,1.0,1.0,1.0,1.0,1.0,86243.22,-0.018439983328670806,-0.06273028082156273,0.3695873347493124,0.8572,0.9829064412090337
2025-12-18,843.07,853.49,818.39,830.07,432024.878,0,1,-0.015419834651926867,-0.0332285115303983,-0.06303123342100203,-0.0776180104898212,-0.1101212491557585,-0.015539956744074745,0.2777777777777778,0.3333333333333333,878.8615,-0.05551671110863308,917.2087999999999,-0.09500432180764058,997.0621000000001,-0.16748415168924788,871.7629999999999,-0.04782607199433776,869.0510274788298,886.1110707594106,1,0,0,36.89908595784732,0,0,-17.06004328058077,-15.013919122125795,-2.046124158454976,0,926.3855939557712,831.3374060442287,878.8615,0.10814922250154607,-0.01333435252240882,39.19909138962782,0.047223838218015124,25.990604060977375,11.514404695227396,25.479251223705436,1,10.655962047258518,20.242987745366154,225108.12028571428,208395.67150000003,1.080195757740171,1,10953108.456900002,871.5524997922009,989090.8740297768,0.3382382755195646,0.4153871936093297,0.42845365324272416,0.9695032133942567,0.471199468930603,0.6036389816087441,1.0496718471402018,0.6036389816087441,1.4418447107868682,0.04228559037189637,0.0,1.0,1.0,0.0,1.0,1.0,85516.41,-0.008427445079160933,-0.07563197885538286,0.3687819898264088,0.8624,0.9718189465525706
2025-12-19,830.08,862.33,822.38,856.17,1227346.957,0,1,0.03144313130217924,-0.022223998720920957,-0.02882324916626977,-0.031010559435019402,-0.04633703509807641,0.030958919970738047,0.4222222222222222,0.5,878.025,-0.024891090800375864,912.7511999999999,-0.06198972951227012,996.6861,-0.1409833045730246,872.7142,-0.01895717979608908,867.0693309436252,883.8932136661209,1,0,0,43.61236515779148,0,0,-16.823882722495682,-15.375911842199773,-1.4479708802959088,0,926.568919777554,829.4810802224459,878.025,0.11057525646206894,0.27489456866948936,39.25272771894012,0.04584688522015502,26.389788877510863,12.28596077928864,23.62697578863351,1,34.46765806039592,18.44306929260599,384637.61899999995,239428.62759999998,1.6064813253768155,1,12180455.413900003,865.3447091260714,1027682.5055520579,0.4170754634827992,0.4140551044321192,0.43459013634799,0.95274850900107,0.4598337448286097,0.6226192813665816,1.082676816854032,0.6226192813665816,1.48640625,0.04666129390191206,1.2047176744119056e-05,1.0,0.0,0.0,0.0,1.0,88136.94,0.03064359226492308,-0.023612687582213132,0.3789042094558886,0.8759,0.9585215933389325
2025-12-20,856.17,859.7,850.9,854.17,57015.132,0,1,-0.002335984675940539,0.013166166510491406,-0.04755692335139727,-0.0406680293807139,-0.014241035879562935,-0.0023387173446212228,0.34444444444444444,0.5444444444444444,876.9680000000001,-0.025996387553479845,908.0566,-0.05934277665070662,996.2000999999999,-0.14257185880627793,873.6771000000001,-0.02232758532872173,865.0848184907599,881.6914941352971,1,0,0,43.23279977880568,0,0,-16.60667564453729,-15.622064602667278,-0.9846110418700125,0,926.6676823457087,827.2683176542914,876.9680000000001,0.11334434630615632,0.2706423972549935,37.077532881872976,0.04340767397809918,26.760460492863388,12.077678207117133,23.22643020833292,1,32.64300702490646,25.922209044186985,379582.48728571425,231269.03263333335,1.6413026982627856,0,12123440.281900004,864.870363353061,1027549.3190774091,0.39080850900472985,0.4014564426326724,0.42817492885871694,0.9375991343134882,0.4490817949070837,0.6211648522663642,1.080147700400865,0.6211648522663642,1.4829340277777776,0.010302398819907124,0.0,0.0,0.0,0.0,1.0,1.0,88360.9,0.002541045786250251,-0.02082346843711569,0.3443937121371855,0.8782,1.0258428798850203
2025-12-21,854.17,859.91,845.5,858.64,69986.817,0,1,0.0052331503096574306,0.03441878395797926,-0.021236335449747457,-0.039949908874403195,0.033933000987404593,0.005219504963305238,0.5,0.5777777777777777,878.5695,-0.022684033534057308,903.3388,-0.049481766973808725,995.5385000000001,-0.13751200983186498,874.65415,-0.01830912252574343,864.0933079537199,879.983976051201,1,0,0,44.39755076278068,0,0,-15.890668097481125,-15.675785301630048,-0.21488279585107684,0,923.2472205633638,833.891779436636,878.5695,0.1017056034004456,0.27696377804531147,35.45842339031062,0.04129603022257363,27.254972210226285,11.727087840944154,23.64000741684875,1,36.72110208922543,34.610589058175954,373735.7428571428,211785.72489999997,1.7646880734459873,0,12193427.098900003,866.9272831794574,1027915.5706104646,0.38072703200386404,0.3813789198656033,0.4270540840399193,0.8930459492572222,0.4121466932473231,0.6244155013053502,1.0858002756736935,0.6244155013053502,1.4906944444444443,0.01678235348923876,0.0,0.0,0.0,1.0,1.0,1.0,88658.86,0.003372079732098854,0.005519768879454823,0.34004412803335765,0.8828,0.9938849203736884
2025-12-22,858.63,871.0,850.85,858.66,147275.988,0,1,2.3292648839934316e-05,0.0029083009215460365,6.988120195661196e-05,-0.04287051899411454,0.029840005756914367,2.329237757040171e-05,0.6444444444444445,0.5777777777777777,877.6719999999999,-0.021661850896462397,898.847,-0.044709500059520714,994.7883,-0.13684147672424382,875.7808500000001,-0.019549239972534372,863.2574144223784,878.4044222696306,1,0,0,44.40304735798458,0,0,-15.147007847252212,-15.570029810754482,0.4230219635022703,1,923.2279975137726,832.1160024862272,877.6719999999999,0.10381098522858813,0.29133373169743293,34.364964576717,0.04002162040472015,27.105973328537104,13.541018292566825,22.6499081870148,1,36.73934859958031,35.36781923790409,364651.18814285717,211120.7371666667,1.7272163456637977,0,12340703.086900003,867.0288181801709,1027919.0010583355,0.3581647718353721,0.3812921187240424,0.41226637752534845,0.9248683363721516,0.4095967595150423,0.6244300455963523,1.085825566838225,0.6244300455963523,1.4907291666666667,0.02346679710246195,-1.1646324420002452e-05,0.0,0.0,0.0,1.0,1.0,88620.79,-0.00042939870871350205,0.025322889371631296,0.3396041101128849,0.8854,0.9979181354435471
2025-12-23,858.67,861.46,838.24,844.3,103894.874,0,1,-0.016723732327114327,-0.011555076858236646,-0.03577995271975609,-0.0590660871503399,0.0008297771455665348,-0.016865152875385196,0.4222222222222222,0.5555555555555556,873.8489999999999,-0.03381476662443967,895.8622,-0.05755595001106205,993.9662000000001,-0.1505747378532591,876.7888499999999,-0.03705436035141181,860.3408891266278,875.8781687681765,1,0,0,41.24998368468044,0,0,-15.537279641548707,-15.563479776913328,0.02620013536462018,0,916.946723422609,830.7512765773909,873.8489999999999,0.09863883444990858,0.157186068620755,33.56889567838007,0.039759440576074945,27.354334646956687,12.871983890333603,24.214003071032547,1,26.819169858192698,33.42654018233283,345088.265,208999.7604,1.651141916811499,0,12236808.212900003,864.5822209302978,1026181.4909954002,0.34067790169158846,0.3832938853593368,0.41239149776299966,0.9294417742327336,0.40980572727993575,0.6139872446567911,1.0676665107044854,0.6139872446567911,1.465798611111111,0.027502072722965804,1.1646053152575997e-05,0.0,1.0,1.0,1.0,1.0,87486.0,-0.012805008847246668,-0.004295530494943134,0.33492974368671913,0.8918,1.0247351024113398
2025-12-24,844.3,850.0,835.21,846.58,84917.781,0,1,0.002700461921118169,-0.014045467250535681,0.004163355356020304,-0.05243835555107834,-0.02120427322758167,0.0026968222249259843,0.6555555555555556,0.5444444444444444,871.182,-0.028239793751477848,894.0584000000001,-0.05310436096791896,993.2352000000001,-0.1476540501182399,877.76765,-0.035530644128887595,858.2238292609927,873.7079340446078,1,0,0,41.95476058585449,0,0,-15.484104783615066,-15.547604778253676,0.06349999463860989,0,914.0879164611316,828.2760835388684,871.182,0.09850046594427249,0.2133029424708025,32.22754598706721,0.03806792741036548,27.67608019089755,12.45003641849775,24.091824747817338,1,32.84399394151234,32.1341707997618,303208.91814285715,203548.19303333334,1.4896173413497373,0,12321725.993900003,862.6243676754691,1026410.8082294166,0.25282354085299563,0.3760737971161943,0.41199986823841067,0.9128007703598897,0.39993863702565974,0.615645293831039,1.070549703461096,0.615645293831039,1.4571084337349398,0.017470292234638148,0.0,0.0,1.0,1.0,1.0,1.0,87669.45,0.002096906933680698,0.01653729997558062,0.3313331073147404,0.8897,1.0139955344381384
2025-12-25,846.57,847.99,826.81,829.64,72777.087,0,1,-0.020009922275508574,-0.0337968462488063,-0.0005180285999977219,-0.06351661003939446,-0.038176611753249046,-0.020212832139702402,0.6333333333333333,0.5333333333333333,868.4855,-0.04472786246863075,891.4646,-0.0693517162655702,991.9751000000001,-0.16364836173811229,878.6558499999999,-0.05578503802142772,853.8263170669937,870.443642633896,1,0,0,38.28038760300472,0,0,-16.61732556690231,-15.761548935983402,-0.855776630918907,0,914.7597667945112,822.2112332054888,868.4855,0.10656313040231798,0.08026887630116177,31.438435559419556,0.03789406918593553,28.228007876681897,11.850924974515209,24.840987688870424,1,13.107305138063609,24.25682297925623,251887.80514285713,200682.4006333333,1.2551564280072631,0,12248948.906900004,861.3529031059114,1024954.5443751087,0.2665306200561953,0.3802783222425573,0.4101803076835689,0.9271003876078827,0.3976046770948724,0.6033262793521973,1.0491280871027706,0.6033262793521973,1.4217119355667895,0.02552914517139972,-1.1812232748223328e-05,1.0,1.0,1.0,1.0,1.0,87225.27,-0.00506653115766087,0.019982831365348508,0.33020420113494064,0.8882,1.027142554813478
2025-12-26,829.63,847.16,821.21,834.72,120232.786,0,1,0.006123137746492535,-0.011346677721189025,-0.025053435649462052,-0.053154563397536214,-0.06398439076902374,0.006104467513404876,0.45555555555555555,0.4777777777777778,865.7025,-0.03578885356112517,889.1510000000001,-0.06121682368911471,990.4225000000001,-0.1572081611635439,879.50155,-0.05091696541069192,850.8868836720716,867.7974468832371,1,0,0,39.97803385578363,0,0,-16.91056321116548,-15.991351791019818,-0.9192114201456629,0,913.1134691394093,818.2915308605907,865.7025,0.10953178289171928,0.17325599368262595,31.04640444803244,0.03719379486298692,28.90661410330976,11.143386168478136,24.646293805792816,1,19.025981591518157,21.659093557031387,93728.63785714285,199368.51376666667,0.47012758477419,0,12369181.692900004,860.0773615626962,1025690.7462854312,0.16878263019995565,0.36670168709686396,0.4106712304675052,0.8929324965847093,0.39090335522309566,0.6070205292667497,1.0555520428938152,0.6070205292667497,1.4304172735840974,0.03108826912018393,-1.2053420760800956e-05,1.0,1.0,1.0,1.0,1.0,87369.56,0.0016542224518192317,-0.008706678493716757,0.312690002974329,0.8781,1.0335648004337306
2025-12-27,834.72,846.54,834.0,845.04,89882.366,0,1,0.012363427257044313,-0.001819083843228153,-0.010688738775653572,-0.05773733859637398,-0.05660124589724702,0.012287624240824205,0.5555555555555556,0.5,863.2360000000001,-0.02107882433077413,886.2287999999999,-0.046476485530598764,989.0625,-0.14561516587677728,880.3592,-0.04011907866698051,849.9873631071375,866.1117100770713,1,0,0,43.384913953926784,0,0,-16.124346969933754,-16.017950826802604,-0.10639614313114976,0,909.4858725574476,816.9861274425526,863.2360000000001,0.107154642664225,0.30328594443802315,29.724518416030122,0.03517527976904067,29.53674845660706,10.807593001280715,23.903605996934832,1,32.85661447417085,21.66330040125089,98423.95700000001,197656.28983333334,0.4979550971182982,0,12459064.058900004,858.7569577631775,1026802.0003791632,0.19434241984762995,0.3686388960168095,0.4084533623152452,0.9025238375496422,0.38961525095670463,0.6145253834238715,1.0686022837921572,0.6145253834238715,1.448102133493274,0.014839534223231993,0.0,1.0,1.0,1.0,1.0,1.0,87877.01,0.005808086935541468,-0.005476290983908005,0.3118279464528322,0.8784,1.0421331149668738
2025-12-28,845.05,867.22,839.2,859.32,91601.986,0,1,0.016898608349900757,0.035774552818089944,0.0007919500605608754,-0.02046120350633207,-0.031413789605383324,0.016757415291942124,0.6555555555555556,0.5777777777777777,861.3460000000001,-0.002352132592477433,883.5945999999999,-0.027472553589621137,987.8146999999999,-0.1300797609106241,881.31865,-0.024961062607718555,851.423153398347,865.6086204417327,1,0,0,47.800104572059496,0,0,-14.185467043385643,-15.651454070119213,1.4659870267335702,1,904.7686680554502,817.92333194455,861.3460000000001,0.1008251458889926,0.4766711709490894,29.602767100599397,0.03444906100241982,28.807721003241973,15.066777957358639,22.28749491381018,1,53.13514215240826,35.005912739365776,101511.83828571429,194881.5668,0.5208898920126821,0,12550666.044900004,857.5008114283016,1028349.9464646503,0.22160314819389262,0.3717845139325123,0.4104255011306034,0.9058513978988967,0.3893003831630273,0.6249100071994241,1.0866601752677703,0.6249100071994241,1.4725730442978324,0.03260717776846807,1.1833759348659123e-05,1.0,1.0,1.0,1.0,1.0,87952.71,0.0008614312207482211,-0.007964799005987566,0.31167006582349044,0.8719,1.043357168542657
2025-12-29,859.32,872.12,846.0,852.46,127151.447,0,1,-0.007983056370153174,0.021252635614337656,-0.007220552954603554,-0.0071511763335662115,-0.023416198877305505,-0.008015091571107434,0.5666666666666667,0.5888888888888889,859.1039999999999,-0.007733638767832407,880.7112000000001,-0.032077711740239066,985.9016,-0.13534981584369069,882.3072,-0.033828580340271426,851.5826682601398,864.6346485571598,0,0,0,45.94636370562354,0,0,-13.051980297020009,-15.131559315499372,2.0795790184793628,0,899.2143689967296,818.9936310032703,859.1039999999999,0.0933772139269045,0.4171785230828767,29.353998021985156,0.034434457947569566,27.84980579115824,15.30148864719757,20.870921347840167,1,56.736053288925916,47.575936638501695,98636.90385714285,196451.28396666667,0.5020934547512517,0,12423514.597900003,855.2076489630131,1027334.8892957028,0.2269245505800573,0.3696256938782434,0.40795155934789973,0.9060529011559135,0.39072520081410345,0.6199213153856783,1.0779853058334072,0.6199213153856783,1.4608174106760348,0.0306407338760763,0.0,1.0,1.0,1.0,1.0,1.0,87237.13,-0.008135963064696994,-0.015613266367857759,0.3123733813767504,0.8789,1.0433769993041053
2025-12-30,852.46,864.05,848.7,861.65,73233.047,0,1,0.010780564483964028,0.01965587427814075,0.020549567689210013,-0.015965647590877485,-0.015605899624133168,0.010722868491844716,0.7222222222222222,0.6111111111111112,857.515,0.00482207308326967,878.1045999999999,-0.018738769845870203,984.0400999999999,-0.12437511438812297,883.3386999999999,-0.02455309611137826,853.1314885278106,864.4135634788518,0,0,0,48.81039672288125,0,0,-11.282074951041182,-14.361662442607734,3.079587491566553,0,894.2779891116355,820.7520108883645,857.515,0.08574308113942154,0.5562386261280813,28.35371244898621,0.032906298902090424,26.960313094223345,14.709785202071565,20.063849804070294,1,74.88315734810456,61.58478426314627,94256.64285714286,195351.36596666664,0.4824979973430344,0,12496747.644900003,853.2992280402125,1028124.3828812435,0.20545119444084145,0.3710083514599944,0.4081881879378001,0.9089149623225472,0.38744106114193927,0.6266044171011774,1.08960659593571,0.6266044171011774,1.4765658469711251,0.017814657923750837,0.0,1.0,1.0,1.0,1.0,1.0,88485.49,0.014309961824741313,0.011424570788469035,0.3153196090509131,0.881,1.0398689825032348
2025-12-31,861.66,877.29,857.69,864.3,149994.618,0,1,0.0030754946904194558,0.005795279988828339,0.020931276429870582,0.025181776127723543,0.04559586745865629,0.0030707750310063333,0.7333333333333333,0.6888888888888889,856.4345,0.009184006482690734,876.2289999999999,-0.013614020992229171,982.7541,-0.12053279655612735,884.4321500000001,-0.02276279757582324,854.8497210619936,864.4051513693072,0,0,0,49.63902975109203,0,0,-9.5554303073136,-13.400416015548908,3.844985708235308,0,890.8808521711069,821.988147828893,856.4345,0.08044129976339562,0.6141702895117797,27.72844727405862,0.03208197069774225,25.362637642828588,17.377721439443874,19.050832758864978,1,77.94567062818334,69.85496042173796,103553.33385714286,188926.30706666663,0.5481149526762404,0,12646742.262900004,852.5695105728099,1028585.690532494,0.20544746316348894,0.3297710460707897,0.40801279908692734,0.8082370131740201,0.35660408968529006,0.6285315356589655,1.0929576752361563,0.6285315356589655,1.4811070173935397,0.02267731111882438,1.1605640341195272e-05,1.0,1.0,1.0,1.0,1.0,87648.22,-0.009462229344042727,-0.00024215961204265835,0.2872069922547999,0.8474,0.9828588663851245
2026-01-01,864.31,874.51,856.14,864.39,80713.662,0,1,0.0001041305102396084,0.013994791544471141,0.04188563714382143,0.04134591058585402,-0.013940064566911214,0.00010412508903436567,0.8666666666666667,0.6333333333333333,855.575,0.010303012593869551,874.4595999999999,-0.01151522608934698,981.2381999999999,-0.11908240017561476,885.51315,-0.023854134746615574,856.3174562832254,864.4040290456549,0,0,0,49.668828555077184,0,0,-8.086572762429455,-12.337647364925019,4.251074602495564,0,888.1886461590951,822.961353840905,855.575,0.07623795963906164,0.6351428165529058,27.059986754483003,0.03130529825019147,23.958583750745134,16.535073094229627,18.536198894403398,0,76.99714693295293,76.60865830308029,104687.13028571429,183845.10646666668,0.5694311493936627,0,12727455.924900005,851.9802714238559,1028594.0952873013,0.13237272359618726,0.2815956991479631,0.4078727080529735,0.690400935360917,0.3334069733527096,0.6285969849684753,1.0930714854765489,0.6285969849684753,1.4812612458229801,0.02125198116590891,1.1570056693267274e-05,1.0,1.0,1.0,1.0,1.0,88839.04,0.013586356916318376,0.018501175175496654,0.2344414328579351,0.7683,0.926308776773865
2026-01-02,864.4,891.14,859.64,881.25,129071.742,0,1,0.019505084510464066,0.0227470550687634,0.0557432432432432,0.029293247836294167,-0.04291020461358008,0.0193172982788517,0.9,0.5333333333333333,854.7965,0.030947131861209027,873.5416,0.008824307852081667,979.8658,-0.10064214915960944,886.6656999999999,-0.006107938989858187,860.1532322396523,865.6518787459768,0,0,1,55.03626453547775,0,0,-5.498646506324462,-10.969847193204908,5.4712006868804455,0,883.8092792351672,825.7837207648329,854.7965,0.06788230704072176,0.955893931870115,27.37713055773422,0.031066247441400532,22.73655186938501,19.514998242033336,17.01279426204227,0,85.85728585728587,80.26670113947407,105949.83828571429,180570.5002333333,0.5867505387026444,0,12856527.666900005,851.8328656782982,1031111.6505229241,0.15516692774281698,0.24709875243985688,0.37234052817752883,0.6636364664607294,0.32565352398533504,0.6408578222833083,1.1143919371767474,0.6408578222833083,1.5101533716048325,0.03574468085106383,1.1568852022803254e-05,1.0,1.0,1.0,1.0,1.0,89995.13,0.013013310364452524,0.030051313066015384,0.22677148828630564,0.76,0.8257135512446817
2026-01-03,881.25,884.24,868.65,878.63,79965.205,0,1,-0.0029730496453900246,0.016579891241467193,0.03974959765218222,0.02863598581078719,-0.02365765845852963,-0.0029774779366849085,0.8666666666666667,0.6,854.8645,0.027800312213222066,872.8092,0.006669040610479315,979.1931,-0.10269996796341802,887.81845,-0.010349469534002126,862.9958118950905,866.6132210610896,0,0,1,54.07127009807502,0,0,-3.6174091659991063,-9.499359587763749,5.8819504217646426,0,884.104546421612,825.624453578388,854.8645,0.06840861077191056,0.9063861537243383,26.535192660753204,0.030200644936723312,21.601807979550607,18.696035110738958,16.298838201779905,0,82.11068211068212,81.655038300307,104533.101,177710.02163333332,0.5882228815192073,0,12776562.461900005,851.4920075383841,1030873.9099985553,0.1632367902044862,0.23868720389226503,0.35301741195330627,0.6761343656438008,0.31731120917231465,0.6389525201620234,1.1110787946230984,0.6389525201620234,1.5056636106588983,0.01774353254498484,0.0,1.0,1.0,1.0,1.0,1.0,90628.01,0.007032380529924165,0.03130511609350384,0.22434609091915514,0.7444,0.7899685952040604
2026-01-04,878.64,902.85,878.47,895.43,118687.107,0,1,0.01912067650774496,0.03590971667881382,0.0420215984732113,0.04284682754122793,0.01342281879194629,0.01894017363476491,0.8888888888888888,0.7,856.7060000000001,0.04520103746209296,872.0722000000001,0.026784250203136715,978.5393999999999,-0.08493209368984013,889.0717500000001,0.007151560040007889,867.9856869881535,868.7477972787866,0,1,1,59.03167107057956,0,0,-0.7621102906331316,-7.751909728337626,6.9897994377044945,0,891.1181761804579,822.2938238195424,856.7060000000001,0.08033602234712439,1.0626496824398841,26.38125032784226,0.029462102372985337,21.43683505447091,22.500660004062144,15.222950509841521,0,90.91131798138159,86.29309531644988,108402.404,177083.1252333333,0.6121554713763028,0,12895249.568900006,852.0095243628283,1033143.2877771425,0.16990957930403772,0.23933664618900147,0.3516940132257484,0.6805252213246348,0.3122430184547011,0.6511697246038499,1.132323372829702,0.6511697246038499,1.5344529174877903,0.02722714226684386,1.1381355064123585e-05,1.0,1.0,1.0,1.0,1.0,91529.73,0.00994968332637991,0.04066980994673153,0.20806700640136133,0.7376,0.8465764058367837
2026-01-05,895.43,916.55,890.59,910.31,140352.785,0,1,0.016617714394201677,0.03297588652482264,0.06786242169720569,0.06015186453310961,0.022383701341000428,0.016481151015777806,0.9444444444444444,0.7111111111111111,858.4399999999999,0.06042355901402545,871.7472,0.0442362189405368,977.9580000000001,-0.06917270475828219,890.4000499999999,0.022360679337338422,874.4971197592067,871.8264789618395,0,1,1,62.85794940241647,0,0,2.6706407973672412,-5.667399623196653,8.338040420563894,0,899.6840127712479,817.195987228752,858.4399999999999,0.09609061267240106,1.1288185425565527,26.351161018710666,0.028947458578627794,21.835650760328747,24.6309073358496,14.151737759874473,0,93.45500314663309,88.82566774623228,110288.30942857142,179051.88536666665,0.6159572640227743,0,13035602.353900006,853.0524280499013,1035475.6302727032,0.1479159881994607,0.24298085133931568,0.3531023954724232,0.6881314158580726,0.3138098000301751,0.6619906771094676,1.151139999241265,0.6619906771094676,1.559952017821952,0.028517757686941727,0.0,0.0,0.0,0.0,1.0,1.0,93859.71,0.025455991184503812,0.07591469366312253,0.21976838734377777,0.753,0.8308897983229735
2026-01-06,910.31,923.93,891.66,917.64,166897.189,0,1,0.008052201997121866,0.0443986661051865,0.06497998027041141,0.0868648584626317,0.026018314567796352,0.00801995600379787,0.9444444444444444,0.7222222222222222,862.1685,0.06433951136001836,871.9528,0.052396414117828354,977.2043000000001,-0.060953784177986234,891.7802,0.028997952634516835,881.134485950098,875.2200731128144,0,1,1,64.61133800110903,0,0,5.914412837283635,-3.351037131100595,9.26544996838423,0,910.4449945638103,813.8920054361897,862.1685,0.1119885371915357,1.0745187228401556,26.773935231659905,0.02917694872897858,22.480308654007104,24.47926897340048,12.933397786528376,0,93.87655763239879,92.74762625347118,123668.90114285714,180218.8312,0.6862151991520471,0,13202499.542900005,856.0015918112047,1036819.5201512831,0.14777421871054963,0.24367135832421383,0.3422532153309553,0.7119622180571369,0.3120733888966269,0.6673211597617645,1.1604092110421225,0.6673211597617645,1.5725130665752722,0.035166296150996014,0.0,0.0,0.0,1.0,1.0,0.0,93747.97,-0.0011905001624232803,0.0594728016988999,0.217314290342161,0.7494,0.8386556895125018
2026-01-07,917.64,920.27,892.64,900.3,148651.79,0,1,-0.018896299202301625,0.005438727762080875,0.04165220409580006,0.06345531432351326,0.0035446762974853385,-0.019077115729703026,0.8777777777777778,0.6777777777777778,865.68,0.03999168283892432,871.3029999999999,0.033280041501062285,975.9093999999999,-0.077475839458048,893.13685,0.008020215491052658,884.0830265731598,877.0778454748281,0,1,1,57.67500772309402,0,0,7.005181098331718,-1.2797934852141326,8.28497458354585,0,914.3410826885533,817.0189173114466,865.68,0.11242279523277283,0.855725747221647,26.83508271511277,0.029806822964692625,23.078919555279864,22.67895457336286,11.982218145428691,0,76.9957165109034,88.10909242997845,123477.06857142856,181128.75553333334,0.6817088109938729,0,13053847.752900006,861.095866835842,1034010.5514504854,0.22475639641984033,0.2502873999879624,0.3441774074281025,0.7272046176948631,0.31303480616488427,0.6547112594628793,1.1384817713931639,0.6547112594628793,1.542798389169737,0.030689770076641115,0.0,1.0,1.0,1.0,1.0,0.0,91364.16,-0.02542785726453589,0.042396069195700825,0.23063330080375433,0.7641,0.8275311928814123
2026-01-08,900.31,905.0,875.1,892.26,134522.755,0,1,-0.008930356547817375,-0.01982841010205305,0.03224239058758194,0.07547852080420414,-0.0056168505516549505,-0.008970471185783887,0.7888888888888889,0.6666666666666666,867.4844999999999,0.02856016447556133,871.1928,0.024182018033206836,974.7469,-0.08462391621866147,894.5191,-0.0025254910711241265,885.3410224849814,878.2024495137298,0,0,1,54.74058868268767,0,0,7.1385729712516195,0.40387980607901786,6.734693165172602,0,917.323105824476,817.6458941755238,867.4844999999999,0.11490373793301455,0.7485573140554492,27.054005378318998,0.03032076455104902,22.450655832774686,20.888618296346642,15.667259174431829,0,69.16861370716512,80.01362928348912,131164.08185714285,178624.66160000002,0.734299959939814,0,12919324.997900005,870.8559939498708,1032809.2152845407,0.2405086504346371,0.2516686719189544,0.34416759357414667,0.7312387238595011,0.30578224762780826,0.6488644544800053,1.1283147232514321,0.6488644544800053,1.529020649473053,0.03351041176338733,1.1107408641553822e-05,1.0,1.0,1.0,1.0,0.0,91099.99,-0.0028913963637382523,0.025449959837476888,0.22094928042937204,0.7967,0.9057508000897035
2026-01-09,892.27,901.06,885.28,896.86,81581.367,0,1,0.005155447963598014,-0.022645045987533252,0.017713475177304927,0.07444412497603992,0.0038391368098229517,0.005142204140802716,0.6888888888888889,0.7,869.619,0.031325212535604656,871.7998,0.028745361033576756,973.4505,-0.07867939869567073,895.8009500000001,0.0011822380853692513,887.1131728719074,879.5844902904905,0,1,1,56.11629036921714,0,0,7.528682581416888,1.8288403611465918,5.6998422202702965,0,920.6978529319452,818.5401470680548,869.619,0.11747409597063822,0.7666563405044986,26.24871927986764,0.029267354191142028,21.86726809044845,19.99164284176251,14.994493426084974,0,69.89881018570004,72.02104680125622,124379.74257142858,175132.9398,0.7102018770053706,0,13000906.364900006,872.1353485084145,1033229.8037769083,0.21788679696263286,0.25181241350896416,0.3444105643872892,0.731140213300198,0.301517561920702,0.6522096414105054,1.1341316910937165,0.6522096414105054,1.5369034358666782,0.017594719354191258,1.1207495573029056e-05,1.0,1.0,1.0,1.0,0.0,90641.28,-0.0050352365571061375,0.007179832953183141,0.22047672550459463,0.7898,0.9001941428393958
2026-01-10,896.87,915.91,896.81,907.93,124912.493,0,1,0.012343063577369806,0.00847495279351329,0.03334737033791235,0.07442251254378496,0.024855797993024176,0.012267509049049618,0.8111111111111111,0.7555555555555555,872.0835000000001,0.04110443552710248,873.3492,0.039595616507119895,971.6275999999999,-0.06555762722261077,897.1229500000002,0.012046342142957968,890.3157616608447,881.6841576763801,0,1,1,59.32080453990577,0,0,8.631603984464618,3.189393085810197,5.442210898654421,0,925.6287643834721,818.538235616528,872.0835000000001,0.12279848061217083,0.834730815252681,25.738096474162813,0.02834810665377597,22.002881219269153,23.053140257331307,14.19968821604567,0,81.11648766670599,73.39463718652375,130800.7837142857,173214.12743333334,0.7551392351910112,0,13125818.857900007,874.5894914042857,1034771.6066196151,0.22094427546833892,0.252835944163057,0.3385481264455201,0.7468242309228785,0.29561597029704784,0.6602599064802088,1.1481303506619962,0.6602599064802088,1.5558735326878588,0.021036864075424343,1.115001226500335e-05,1.0,1.0,1.0,0.0,0.0,90504.7,-0.0015068189681346489,-0.001360616877718046,0.21980042492318136,0.7957,0.913286107064892
2026-01-11,907.93,917.33,898.75,904.32,98621.081,0,1,-0.003976077450904669,0.013516239661085505,0.009928190925030611,0.052366987850858804,0.025794596066153863,-0.00398400306239165,0.6777777777777778,0.7666666666666667,874.3665000000001,0.03425737376717882,874.76,0.03379212584023053,968.7768000000001,-0.06653421097615059,898.4141999999999,0.006573582652634067,892.4702598668687,883.360886737389,0,1,1,57.8375588918027,0,0,9.10937312947965,4.373389094544088,4.735984034935562,0,929.3755186959913,819.3574813040088,874.3665000000001,0.1258259978990303,0.7722599012858123,25.226803868865474,0.027895881843667588,22.19014309739046,22.242417131616055,13.45266473706905,0,74.83639163351738,75.28389649530781,127934.20857142856,172813.48126666667,0.7403022474503285,0,13027197.776900006,876.9795207364104,1034379.4815632672,0.20071653416901025,0.2526698792979028,0.33847645462177817,0.7464917451355435,0.2934861834883605,0.6576346619543164,1.1435652954640299,0.6576346619543164,1.5496872590180792,0.020545824486907335,0.0,1.0,1.0,1.0,0.0,0.0,91013.65,0.005623464858730998,-0.0056383865657639864,0.2086699228449061,0.8107,0.9795037795935135
2026-01-12,904.32,910.81,894.0,905.78,108522.173,0,1,0.0016144727530076342,0.009945810940392041,-0.0049763267458338145,0.06254838936724294,0.009990856582145824,0.0016131708928959617,0.5666666666666667,0.7333333333333333,877.4405,0.03229791649690199,876.0036,0.033991184511113846,966.3271000000001,-0.06265694090541403,899.7315999999998,0.006722449228192196,894.5179121950428,885.0215617938786,0,1,1,58.29177040986667,0,0,9.496350401164136,5.397981355868097,4.098369045296039,0,932.245967831337,822.6350321686631,877.4405,0.12492121763546805,0.758546283075389,24.625603592517937,0.027187179660091786,22.016908044164985,21.157904100355296,14.174505508649114,0,75.87398644157916,77.27562191393419,123386.9782857143,173350.8519,0.7117760134048369,0,13135719.949900007,879.6309020238083,1034554.6876546729,0.17153513838219786,0.24793396863859757,0.33397269547204605,0.7423779608334776,0.29156740656946484,0.6586963951974751,1.1454115504748417,0.6586963951974751,1.5268614196854506,0.01855859038618643,0.0,1.0,1.0,1.0,0.0,0.0,91296.2,0.003104479383037706,-0.02731214490221634,0.2088094669104759,0.8283,0.9810889322705798
2026-01-13,905.79,952.96,902.25,943.73,311914.997,0,1,0.04189759102651869,0.03943035256021954,0.028431628961248512,0.09525909592061743,0.0757577484696843,0.04104365733669566,0.7888888888888889,0.8777777777777778,882.298,0.06962726879127008,877.5798000000001,0.07537798841769139,964.0906,-0.021118969524233488,901.2216999999999,0.04716741729587745,902.0890026265746,889.370334994332,0,1,1,67.95523901218435,0,0,12.718667632242614,6.862118611143002,5.856549021099612,0,942.5384094485379,822.0575905514621,882.298,0.13655343081031102,1.0098902925990243,26.488774764480944,0.02806817073154498,23.4119151183625,29.63071869286563,12.236247346911464,0,90.46684569303862,80.39240792271174,144103.808,180050.88420000003,0.8003504600395623,0,13447634.946900006,887.6626351890449,1047623.1746340167,0.3048095917060219,0.265278029628376,0.34349967247862034,0.7722802985929691,0.3012093074400919,0.6862941873741011,1.193401535173687,0.6862941873741011,1.5784341601297898,0.05373358905619196,1.104020843912529e-05,0.0,0.0,0.0,0.0,0.0,95414.0,0.04510373925749378,0.017771371476096975,0.23413422765109007,0.853,0.9682054241403852
2026-01-14,943.73,954.68,928.5,948.47,183208.698,0,1,0.005022622995983994,0.04882121372965309,0.05350438742641339,0.09738516718731938,0.10467039366410447,0.0050100517014480045,0.9444444444444444,0.9222222222222223,888.2395,0.06780885110378451,879.2977999999999,0.07866754585306604,961.3434,-0.013391052562486981,902.72105,0.05067894450893777,909.2245406840246,893.7480879577149,0,1,1,68.92372098507533,0,0,15.47645272630973,8.584985434176348,6.891467292133383,0,950.0322743945003,826.4467256054998,888.2395,0.1391353894856067,0.9873587615234241,26.466719424160875,0.027904645823442886,24.756503163866856,28.00136187765799,11.371698092732416,0,93.69799066368995,86.67960759943594,149040.50914285713,179128.91176666666,0.832029333919012,0,13630843.644900007,893.1891549054322,1048543.3628536558,0.25902363992834554,0.2554284096466244,0.341603962998728,0.7477325713799624,0.2846845834737672,0.6897411843416164,1.199395541167693,0.6897411843416164,1.5786784287616513,0.027602349046358818,0.0,0.0,0.0,0.0,0.0,0.0,96951.78,0.01611692204498283,0.06115767933509142,0.22718451366588396,0.8327,0.9383146608887225
2026-01-15,948.48,948.85,924.05,931.2,131201.468,0,1,-0.01820827227007704,0.028064209852282085,0.043641987761414924,0.07729150036441901,0.06346287815629892,-0.018376083009974224,0.9111111111111111,0.8555555555555555,893.0635,0.04270301048021789,880.0862,0.058078174615168475,957.6111,-0.02758019408922883,904.1025500000001,0.02997165531719823,912.6053805787901,896.5223036645508,0,1,1,61.6168313937554,0,0,16.083076914239314,10.084603730188942,5.998473184050372,0,952.2740898334262,833.8529101665738,893.0635,0.13260107446654396,0.8220412100883249,26.34766803672082,0.028294317049743146,25.681930098017556,26.118750771435483,11.81354225755048,1,75.29461279461287,86.48648305044715,148566.03957142858,175474.4495,0.8466534016476774,0,13499642.176900007,898.0590871366321,1046154.410802078,0.2885276467457259,0.25806920782212,0.3435012528517273,0.751290441241901,0.2813287716554607,0.6771821890612388,1.1775566205945953,0.6771821890612388,1.5487733887733888,0.026632302405498354,1.0543296045200064e-05,1.0,0.0,0.0,0.0,0.0,95604.8,-0.013893298297359746,0.049449072387384385,0.22960932615753896,0.8363,0.9417726732275913
2026-01-16,931.21,939.43,923.69,938.16,77470.383,0,1,0.007474226804123685,-0.005902111832833623,0.04604955065450578,0.06457872340425519,0.11279015977320972,0.007446433175635658,0.9222222222222223,0.9555555555555556,897.7194999999999,0.045048035605776686,880.9345999999999,0.06495987329819948,953.9187,-0.016519961292298786,905.5088499999999,0.03605834443252546,916.5368604897455,899.6065774671766,0,1,1,63.305209929361205,0,0,16.930283022568915,11.453739588664936,5.476543433903979,0,955.6611535835937,839.7778464164062,897.7194999999999,0.129086320579187,0.8489760603885391,25.589977462669328,0.027276773111909833,26.51407498349797,24.971233607336714,11.395004639083604,1,80.79739625711963,83.26333323847417,147978.75614285714,165454.3553,0.8943781254627218,0,13577112.559900006,901.1146879917567,1046733.4420152223,0.28853682792674845,0.22889348685727165,0.3409980042353383,0.6712458255307024,0.26911420315540835,0.6822436023299955,1.1863579458516167,0.6822436023299955,1.5603492723492722,0.016777521957874877,1.0738831615110508e-05,0.0,0.0,0.0,0.0,0.0,95550.94,-0.0005633608354392861,0.054165828196600874,0.22083718711908032,0.8247,0.8602376819980605
2026-01-17,938.17,959.52,935.5,947.12,86187.331,0,1,0.009550609704101598,-0.0014233449661033015,0.04316412058198327,0.07795090083425338,0.14101220379004165,0.009505290950571682,0.8888888888888888,0.9666666666666667,902.1094999999999,0.04989471898921372,882.1331999999999,0.0736700534567797,950.8364,-0.00390855882252722,907.0128,0.044219001098992246,921.2419588759385,903.1260902473858,0,1,1,65.41436360135702,0,0,18.115868628552676,12.786165396642485,5.329703231910191,0,961.0962301669675,843.1227698330323,902.1094999999999,0.13077510028875125,0.8815307262548164,25.477836215335802,0.026900325423743352,27.924258689626868,28.921981108704045,10.627648570074562,1,85.31153755034354,80.46784886735871,142446.59014285714,153926.43706666667,0.9254199139369573,0,13663299.890900007,904.3224946537341,1047556.5835750415,0.286660209565815,0.22214095705143846,0.3368457694998251,0.6594737923569315,0.262729304010003,0.6887594446989695,1.1976883875618054,0.6887594446989695,1.5752515592515592,0.025361094687051253,1.0659162616175179e-05,0.0,0.0,0.0,0.0,0.0,95147.77,-0.00421942473825998,0.05130197658243163,0.21919044840683835,0.8068,0.8231199610969039
2026-01-18,947.11,953.33,931.7,932.51,76848.25,0,1,-0.015425711631049888,0.0014067869415808065,0.031172593772115897,0.041410272159744466,0.08916453508064981,-0.01554592578232052,0.7444444444444445,0.9111111111111111,906.1119999999999,0.029133263879079125,883.3254000000001,0.055681179325308576,949.1368000000001,-0.01751781197399586,908.3767999999999,0.026567389215576734,922.9755036642557,905.3026761549869,0,1,1,59.41723773924191,0,0,17.672827509268814,13.763497819167752,3.909329690101062,0,961.6780451411897,850.54595485881,906.1119999999999,0.1226471896215697,0.7375371500070272,25.202990771383245,0.027027046113589394,28.939202568459194,27.148998639350264,11.053119507209024,1,68.00521203506277,78.03804861417534,139336.18571428573,115576.48016666668,1.205575611174146,0,13586451.640900007,907.8043970383063,1046371.1446311907,0.3109965147939986,0.21458218441783647,0.32887223913918306,0.6524788622460239,0.2525972015130727,0.6781348401218812,1.1792131918714197,0.6781348401218812,1.5509521829521828,0.023195461710866366,-1.0558324182776106e-05,0.0,0.0,0.0,0.0,0.0,93673.14,-0.015498313833314237,0.029220781717907318,0.21044251747927128,0.7913,0.8110527847772201
2026-01-19,932.51,932.51,901.0,923.6,209440.56,0,1,-0.009554857320564936,-0.015519740769165069,0.019673651438539164,0.014599422174863541,0.08128358523478951,-0.009600797840719953,0.6333333333333333,0.8888888888888888,909.2094999999999,0.01582748530454212,884.2912,0.04445232520690019,947.0220999999999,-0.024732368970058764,909.67685,0.015305600005100799,923.071580023601,906.6580334768397,0,1,1,56.04279545516103,0,0,16.413546546761268,14.293507564686454,2.1200389820748136,0,961.1266426815044,857.2923573184954,909.2094999999999,0.11420281614194422,0.6385910246282361,25.653491430570156,0.02777554290880268,27.88198140000008,24.76707572465462,18.631358938488308,1,57.45084103293061,70.25586353944566,153753.09814285714,120657.32776666665,1.2742955690200002,0,13377011.080900006,910.0744190748603,1044369.9699632515,0.32226875044202347,0.21712439868393846,0.32093423862853115,0.6765385943606081,0.2589681690623498,0.6716553584804126,1.1679459780725605,0.6716553584804126,1.5361330561330562,0.03411650064963186,0.0,0.0,0.0,0.0,0.0,0.0,92631.0,-0.011125280950334271,0.014620542804629322,0.21390219962320575,0.8001,0.8162526916903224
2026-01-20,923.6,933.13,884.0,884.2,163760.229,0,1,-0.04265915980944124,-0.0664329757580876,-0.06307948247909889,-0.036441305958763714,0.029768005217553517,-0.04359579608819738,0.17777777777777778,0.7888888888888889,910.2045,-0.028569953235783832,885.4429999999999,-0.0014038170723579323,942.8376,-0.06219268302409652,910.82985,-0.0292369096159946,917.0913369430469,904.9944754415183,0,0,0,44.112430377503294,0,0,12.096861501528679,13.854178352054898,-1.7573168505262196,0,959.1769143510364,861.2320856489637,910.2045,0.10760749776788925,0.23449848915351987,27.330384899815144,0.030909731847789123,26.04332464186237,21.58692493849607,20.682036595369173,1,10.779436152570513,45.41182974018798,132588.13128571428,123783.10816666667,1.071132671084589,0,13213250.851900006,911.948002699698,1037384.0961839098,0.2995573397589281,0.2548362810289574,0.3215802964985652,0.792449922472456,0.2739751542730502,0.643003105206129,1.1181223839451688,0.643003105206129,1.4706029106029106,0.055564351956570904,0.0,1.0,0.0,1.0,0.0,0.0,88427.66,-0.045377249516900364,-0.07322133020311483,0.2535099331793784,0.8551,0.8584952877214121
2026-01-21,884.19,893.69,864.54,883.36,201618.221,0,1,-0.0009500113096584384,-0.052707209574160085,-0.06864740055036012,-0.01881595023880922,0.028765751286888852,-0.0009504628564083428,0.16666666666666666,0.7888888888888889,911.1529999999999,-0.030503109796049505,885.5779999999999,-0.002504578930370727,938.7257,-0.0589796359042902,911.9658499999999,-0.031367238148226624,911.9019004902706,903.3919217051094,0,0,0,43.897872156055776,0,0,8.509978785161138,12.785338438676147,-4.275359653515009,0,957.0260013934478,865.279998606552,911.1529999999999,0.10069220294165286,0.19706582133549258,27.460357406971212,0.031086258611405557,24.86709969818216,19.950126811572993,24.17569269787241,0,19.81469783112239,29.348325005541188,135218.06314285714,125594.51593333334,1.076623944429485,0,13011632.630900005,911.029945483326,1037192.5565937266,0.28955954621555097,0.254883597080215,0.32154645084057265,0.7926804864861966,0.2770094660988901,0.6423922449840377,1.1170601550348387,0.6423922449840377,1.4692058212058212,0.03299900380365886,-1.1309658448304574e-05,1.0,0.0,1.0,0.0,0.0,89454.73,0.01161480468893994,-0.0773276158519215,0.2557114262798162,0.8444,0.8406033969299718
2026-01-22,883.35,897.58,878.18,888.06,98786.472,0,1,0.005320594095272524,-0.038479861411866656,-0.04632731958762892,-0.00470714814067652,0.051829918275494435,0.0053064897414178075,0.2777777777777778,0.8444444444444444,911.4934999999999,-0.025708905219839727,884.9240000000001,0.0035438071518004407,935.5211,-0.05073226034132218,913.0905,-0.027412945376170353,908.2339157994597,902.2562238010273,0,0,1,45.4953004762411,0,0,5.9776919984324195,11.423809150627402,-5.446117152194983,0,956.5253171846143,866.4616828153855,911.4934999999999,0.09880886080836429,0.23981174350647472,26.884617592187563,0.030273424759799522,23.586265146937805,19.955354282658416,22.929604572437604,0,24.763108022741605,18.452414002144856,130587.34942857143,125424.23586666667,1.041165198466056,0,13110419.102900004,911.7834642635088,1037718.1593133427,0.2961258815472485,0.24946354627767117,0.32089960548061736,0.7773881364049823,0.27553363824244015,0.6458101533695486,1.1230035786997812,0.6458101533695486,1.4770228690228688,0.021845370808278825,-1.13204129686548e-05,0.0,1.0,0.0,0.0,0.0,89559.67,0.0011731073359675381,-0.06323040265760715,0.25261140228965806,0.8399,0.8282999468628539
2026-01-23,888.06,904.99,883.1,891.63,96135.61,0,1,0.00401999864873992,0.008403076227097905,-0.04959708365310822,-0.005831456414602032,0.053214108530794446,0.004011940044005873,0.24444444444444444,0.8555555555555555,912.1434999999999,-0.02248933418919272,884.7581999999999,0.007766867828973071,932.8117,-0.04414792395935855,914.24335,-0.024734497658637573,905.6794672149275,901.4690961120623,0,0,1,46.735900197374484,0,0,4.210371102865224,9.981121541074966,-5.770750438209742,0,955.5229898298251,868.7640101701747,912.1434999999999,0.09511549406387299,0.2635576158171408,26.527859192745595,0.029752093573282186,22.03708453000355,20.77437814234203,21.578116903666032,0,28.521794061907798,24.36653330525728,133253.81042857142,125798.1635,1.0592667390456096,0,13206554.712900003,912.1404067798227,1038104.6243356385,0.28984812409769767,0.24953903344440848,0.3170277428564337,0.7871204936074394,0.27713119784236084,0.6484063093134368,1.1275180515686845,0.6484063093134368,1.482960498960499,0.0245505422652894,0.0,0.0,1.0,0.0,0.0,0.0,89600.26,0.0004532173912654702,-0.062277566290818376,0.25258885558995375,0.8394,0.828176268372063
2026-01-24,891.62,894.24,886.53,887.17,51272.563,0,1,-0.0050020748516761415,0.004313077341061344,-0.06329715347580034,-0.022865198858942892,0.069343329636951,-0.005014627103784951,0.18888888888888888,0.8888888888888888,911.7305,-0.026938333202629557,884.8301999999999,0.0026443491643934423,930.2351,-0.046294855999306016,915.3760500000001,-0.030813620260219957,902.8318568741695,900.4099038074651,0,0,1,45.34722781591844,0,0,2.4219530667044182,8.469287846200857,-6.047334779496438,0,955.9295209346328,867.5314790653672,911.7305,0.09695632850855118,0.22216013521743763,25.183726393263772,0.02838658475068338,20.598559671421743,20.320086881344267,21.106249593320715,0,23.826068646030734,25.70365691022673,128265.98642857143,125081.34603333334,1.0254605542411528,0,13155282.149900004,912.5825961032427,1037848.1551376752,0.2667301741030035,0.24169117161325318,0.31716231965664204,0.7620425146180875,0.2740265472122224,0.6451629324199519,1.121878121878122,0.6451629324199519,1.4755426195426196,0.008690555361430208,-1.1215414465631378e-05,1.0,0.0,0.0,0.0,0.0,89225.34,-0.004184362857875601,-0.062244548663620836,0.2524222144980738,0.8534,0.8162781709817324
2026-01-25,887.18,887.75,856.0,866.02,120780.226,0,1,-0.023839850310537924,-0.024818142918271224,-0.07130218442697667,-0.042352264685067254,0.037497603986965666,-0.02412861823339457,0.15555555555555556,0.8333333333333334,909.516,-0.04782323785397946,884.3430000000001,-0.020719336275630714,928.1838,-0.06697358863621627,916.3627499999999,-0.05493757794061349,897.1684942781434,897.8625035254306,0,0,0,39.37268814389145,0,0,-0.6940092472872266,6.63662842750324,-7.3306376747904665,0,958.2229230570498,860.8090769429501,909.516,0.10710514835813738,0.0534926323609722,25.652745936602074,0.029621424374266268,20.550337119568,18.523668895869204,27.741230117157595,0,9.6792890262751,20.675717244737896,134541.98299999998,125099.59403333333,1.0754789736899601,0,13034501.923900004,911.0098965135678,1034968.7726293623,0.27976781921348964,0.2530994410189312,0.3135865672539795,0.8071118710067111,0.27600137100052724,0.6297823446851525,1.0951327153858799,0.6297823446851525,1.4403659043659043,0.03666197085517656,1.1271796837123556e-05,1.0,0.0,0.0,0.0,0.0,86670.36,-0.02863513885181046,-0.07475760927839081,0.266486545747055,0.8677,0.8229095279659622
2026-01-26,866.02,881.44,864.91,879.41,102700.704,0,1,0.015461536685065003,-0.013705236477014049,-0.04784538761368562,-0.029113029653999867,0.04067263088137851,0.015343225087661125,0.28888888888888886,0.8444444444444444,907.6045,-0.03106474240707275,884.0437999999999,-0.005241595495607742,926.0536,-0.05036814283752041,917.3308000000001,-0.04133819555606341,894.4364182353521,896.4956514124358,0,0,0,44.369801537555844,0,0,-2.0592331770836836,4.897456106585856,-6.956689283669539,0,957.9423603878057,857.2666396121944,907.6045,0.11092466021886334,0.21994737377802648,25.001121226844788,0.028429425668169327,20.505559035703808,17.648861710593437,26.431110206717513,0,22.61398763523954,18.706448435848475,119293.43214285714,125526.87196666667,0.9503417895614829,0,13137202.627900004,909.5976365601437,1036556.6833318403,0.3204601814488883,0.2544113172471379,0.3151114850484584,0.8073692306328158,0.2767450117085869,0.6395197475111082,1.1120651500398335,0.6395197475111082,1.4626361746361747,0.01879669323751161,0.0,0.0,0.0,0.0,0.0,0.0,88347.08,0.019345944795891024,-0.04624715268106783,0.2719411553680214,0.872,0.8146736079103633
2026-01-27,879.41,901.22,876.2,898.36,138529.639,0,1,0.021548538224491542,0.012613140660752808,0.016014476362813834,-0.04807519099742508,0.045431271237722726,0.021319650763882286,0.6666666666666666,0.8555555555555555,907.5075,-0.0100798065029766,884.0686000000001,0.016165487610350547,923.9384,-0.027684096688696983,918.37265,-0.021791426388841184,895.0400461991441,896.6337513078108,0,0,1,50.5782404976618,0,0,-1.593705108666768,3.599223863535331,-5.192928972202099,0,957.9120586388782,857.1029413611219,907.5075,0.11108350870682202,0.40925919949486106,25.00246971064159,0.027831236598514615,19.42479812779956,22.038215178991614,24.54185005126231,0,40.919629057187045,24.40430190623391,115689.06214285713,127091.12706666668,0.9102843354451605,0,13275732.266900005,908.9526016139454,1039541.7945530568,0.23423886209260758,0.2571444323927202,0.31757940278170743,0.8097012279145571,0.2751750751753348,0.6533004632356685,1.1360285284335918,0.6533004632356685,1.4941538461538462,0.027850750256022065,0.0,0.0,0.0,0.0,0.0,0.0,89250.0,0.010220145363038613,0.00929957888742039,0.2734516081767058,0.8812,0.8276769332203164
2026-01-28,898.35,909.43,894.41,902.91,110273.24,0,1,0.005064784718820992,0.042597168656612894,0.022131407353740196,-0.04803525678197529,0.05918166248269707,0.0050520018402144705,0.7444444444444445,0.9,908.04,-0.005649530857671463,884.1808,0.021182545470338186,921.9656000000001,-0.020668450102693785,919.4578999999999,-0.017997452629424267,896.2508083223527,897.0986586183434,0,0,1,51.964426943993445,0,0,-0.8478502959907246,2.70980903163012,-3.557659327620845,0,957.9892845952783,858.0907154047217,908.04,0.11001560414800736,0.44864791316265484,24.28943615988148,0.02690128158939593,18.040551816459338,23.479129671278592,23.457843862188454,0,45.314914992271994,36.28284389489954,102639.77914285714,126528.52016666667,0.8111987637858827,0,13386005.506900005,909.6149051082177,1040100.3047739037,0.2335407941037431,0.2557362299729207,0.3158627553713789,0.8096435101132332,0.2715884509712817,0.6566092894386631,1.1417822683645469,0.6566092894386631,1.5017214137214137,0.01663510205889843,-1.1131394986409574e-05,0.0,0.0,0.0,0.0,0.0,89299.99,0.0005601120448179842,-0.0017298135045512586,0.27218725405083194,0.8793,0.8250471647901102
2026-01-29,902.92,906.67,852.81,868.69,270228.686,0,1,-0.03789967992380183,-0.01218999101670426,-0.021811589307028645,-0.06712843642611688,0.008170370800208993,-0.03863655093001539,0.43333333333333335,0.7222222222222222,906.6314999999998,-0.041848865829170724,883.6859999999999,-0.016969828649542787,920.0808999999999,-0.05585476233665961,920.3413499999999,-0.05612194866611162,892.0106839650678,894.9943135355032,0,0,0,42.34482539698232,0,0,-2.9836295704354825,1.571121311217,-4.554750881652483,0,959.4164162166726,853.8465837833271,906.6314999999998,0.11644183158576059,0.14060282065944135,26.401619291318518,0.03039245218814366,18.31489150577621,20.057840809784697,31.294377614210976,0,14.881454409146382,33.70533281953516,127131.524,133095.04146666668,0.9551935413900433,1,13115776.820900004,906.7814599090281,1029858.7240682741,0.34060617449685077,0.2798428728769633,0.32586807060212664,0.8587612537794215,0.2900857740365551,0.6317240075339429,1.0985090858508582,0.6317240075339429,1.444806652806653,0.062001404413542245,1.1075300971293823e-05,0.0,0.0,0.0,0.0,0.0,84650.16,-0.052069770668507376,-0.05481831275171056,0.30927898252368524,0.8995,0.810896171237682
2026-01-30,868.69,869.77,831.83,858.81,295951.354,0,1,-0.011373447374782852,-0.044024667171289944,-0.03680899027623574,-0.08458045535942704,-0.006351961124609562,-0.01143861965425335,0.35555555555555557,0.6666666666666666,904.1754999999999,-0.05017333471212171,883.1440000000001,-0.027553830405913613,917.9508000000001,-0.06442698236114629,921.1898,-0.06771655526363844,886.9028864319804,892.3139940143549,0,0,0,40.04015755638059,0,0,-5.411107582374484,0.17467553249870305,-5.585783114873188,0,961.1135939821219,847.237406017878,904.1754999999999,0.12594478391003058,0.10162435351063583,27.225789341938622,0.031701760973834286,19.163183527827822,18.06132390767287,33.68363357684448,0,21.12929751742495,27.108555639614462,155676.6302857143,137960.266,1.128416425970897,1,12819825.466900004,901.3986124561907,1026492.7369180594,0.33957447486527237,0.28173477359324794,0.30438841284138407,0.9255765387497162,0.29770740555896624,0.6245391277788686,1.0860152505722125,0.6245391277788686,1.4283742203742202,0.04417740827423987,0.0,0.0,0.0,0.0,0.0,0.0,84260.49,-0.004603299036883057,-0.059595474388132286,0.3084830277585936,0.9019,0.8208479687767422
2026-01-31,858.81,860.85,750.0,781.38,407306.151,1,0,-0.09015963950117012,-0.13459813270425625,-0.11924433874003848,-0.1749936650054903,-0.09603304064137719,-0.0944861228838007,0.044444444444444446,0.37777777777777777,898.0285,-0.1298939844336789,881.14,-0.11321696892661778,914.4973999999999,-0.14556345376159613,921.6470999999999,-0.15219176624111325,870.6685962116758,884.0966611244027,0,0,0,27.436955237617653,0,1,-13.428064912726882,-2.545872556546414,-10.882192356180468,0,977.1316942332033,818.9253057667967,898.0285,0.1761707879721041,-0.23731851874470283,33.198947246085865,0.042487582541255044,21.490786276062146,13.753748084506231,43.256160046751376,0,15.433039885899763,17.14793060415705,206538.57142857142,148846.6823,1.3875927110843735,1,12412519.315900004,888.1703334657886,989770.1611772903,0.6331809850730333,0.39244308741659895,0.33943268342701316,1.1561735406690274,0.38056963060309246,0.5682309051639506,1.04184,0.5682309051639506,1.2995925155925157,0.14186439376487756,0.0,0.0,0.0,0.0,0.0,0.0,78741.09,-0.06550401024252306,-0.11750305462551336,0.3570427168241462,0.9235,0.9917332385829111
2026-02-01,781.39,789.72,739.63,758.54,259125.52,1,0,-0.0292303360720777,-0.12680012432513332,-0.12410798826816938,-0.18656100202678794,-0.13924539007092207,-0.02966605414706444,0.03333333333333333,0.3,890.6665,-0.14834564901677572,878.3744,-0.13642747329612528,910.9927,-0.1673478832486803,921.89675,-0.17719636174007558,853.418042948341,874.7961677077802,0,0,0,24.942912886581396,0,1,-21.378124759439174,-6.312322997124966,-15.065801762314209,0,991.2283143024013,790.1046856975988,890.6665,0.22581249952120397,-0.15694170752866557,34.40545101422259,0.04535746435813878,23.791513043147262,12.32348211284766,40.91080690515019,0,9.772609819121431,15.444982407482065,226302.18485714286,153181.80823333334,1.4773437359639292,0,12153393.795900004,878.0907029797816,982195.8351428384,0.6362451873698102,0.39351817143890544,0.3269993357620519,1.2034219290440926,0.3923247677600081,0.5516213248394674,1.0255668374727904,0.5516213248394674,1.2616049896049895,0.06603475096896674,1.2797870434348083e-05,0.0,0.0,0.0,0.0,0.0,76968.21,-0.02251530935119128,-0.11194311411652147,0.35738288712011296,0.9234,0.9935226531832185
2026-02-02,758.54,781.58,728.44,773.94,306663.484,0,1,0.020302159411501153,-0.09882278967408376,-0.11993268213916142,-0.16203984408834993,-0.11915140616641806,0.020098818144497318,0.03333333333333333,0.32222222222222224,882.177,-0.12269306499716039,876.3078,-0.11681717314395694,907.5668000000001,-0.14723632464299047,922.1632000000001,-0.16073423879851204,841.1906517255194,867.3253404701668,0,0,0,29.590308615873994,0,1,-26.134688744647406,-10.276796146629454,-15.857892598017951,0,992.1082047265595,772.2457952734405,882.177,0.24922709326259807,0.007705749840428146,35.74363308463526,0.04618398465596204,26.076347541312714,11.014817797871027,38.80253876679469,1,22.2287361375739,15.811461947531717,255439.72485714286,160738.41753333336,1.5891641138259351,0,12460057.279900003,862.4655278671203,988421.7660806928,0.6475441006605503,0.40017507340127345,0.3278262657687615,1.2206925289004895,0.4098545819154414,0.5628204289111417,1.0624622480918127,0.5628204289111417,1.2872182952182953,0.06866165335814144,0.0,0.0,0.0,0.0,0.0,0.0,78738.61,0.023001704210088736,-0.1087582068360381,0.36495219747043645,0.9292,0.9961670287086613
2026-02-03,773.94,783.57,736.08,754.78,243948.823,0,1,-0.024756441067783186,-0.03404233535539691,-0.1598245692150141,-0.14636959963809104,-0.15707537160917096,-0.02506803514707933,0.011111111111111112,0.2777777777777778,872.4925,-0.13491519984412473,874.2314,-0.1366359066947264,903.7327,-0.164819420609656,922.2875,-0.18162178279549496,827.8967053062087,858.9886485834878,0,0,0,27.323505346284875,0,1,-31.091943277279142,-14.439825572759393,-16.65211770451975,0,991.5790005164913,753.4059994835086,872.4925,0.2729799981466691,0.005768918015611281,36.582659292875604,0.04846797648702351,28.10313898612641,10.382016622424475,35.20455662823471,1,14.553290237029634,15.518212064575009,270499.6082857143,164913.80806666668,1.6402483907009435,0,12216108.456900002,850.7593077438305,982382.4614205381,0.5853112165362679,0.3983566708353941,0.3295002346366964,1.2089723434480042,0.4213706456368402,0.5488869981310587,1.0361594640601832,0.5488869981310587,1.2553513513513512,0.06291899626381199,0.0,0.0,0.0,0.0,0.0,0.0,75770.21,-0.03769942090671896,-0.15103406162464983,0.3746523761096561,0.9267,0.9633815926921974
2026-02-04,754.78,765.33,687.3,697.27,424472.167,0,1,-0.07619438776862131,-0.08077359137290052,-0.22775248917389335,-0.21066156493388877,-0.23403016554800016,-0.07925360584563294,0.011111111111111112,0.08888888888888889,860.7959999999999,-0.18997067830240844,870.6641999999999,-0.19915163618763695,899.3165999999999,-0.22466681922695514,922.10785,-0.24383031767921726,807.8002891052535,847.0094894291555,0,0,0,21.90039111121257,0,1,-39.209200323901996,-19.393700522987913,-19.815499800914083,0,999.8777753243377,721.7142246756622,860.7959999999999,0.3231468903766694,-0.08787716657577331,39.543183629098785,0.05671143693131611,30.582739796470147,8.918681961248698,39.05385368730883,1,4.488362670508273,13.75679634837062,315385.1692857143,174384.45413333332,1.8085624137377099,1,11791636.289900003,832.5992403682051,950040.0645311532,0.6216943978429464,0.4458440714419774,0.36422339645911106,1.2240950904756867,0.45835268468945944,0.5070648893543063,1.0145060381201805,0.5070648893543063,1.1597006237006238,0.11190786926154873,0.0,0.0,0.0,0.0,0.0,0.0,73165.83,-0.03437208369885747,-0.1806737044427441,0.3711045209696651,0.9001,1.0532877212102463
2026-02-05,697.27,703.0,602.17,608.3,799178.67,1,0,-0.1275976307599639,-0.21402175879267138,-0.29975019857486573,-0.31502375965587914,-0.3371038751580141,-0.13650452888572798,0.011111111111111112,0.011111111111111112,844.3030000000001,-0.2795240571216733,865.9688000000001,-0.29754975006027945,894.3651,-0.3198527089216697,921.3652500000001,-0.3397840867126257,777.1079369352145,829.3273050269959,0,0,0,16.458145460054666,0,1,-52.21936809178135,-25.9588340367466,-26.260534055034746,0,1018.5450739691014,670.0609260308988,844.3030000000001,0.41274773148763244,-0.17722736140598014,43.92081336987745,0.0722025536246547,33.56677513773358,7.456194892956151,46.49451723880868,1,1.9950530495345946,7.012235319024186,390949.45271428576,195460.50350000002,2.000145531776376,1,10992457.619900003,795.966908469568,848066.7596852542,0.8633751622827397,0.5759899861367228,0.4536945191650569,1.2695546492312244,0.5280851028405811,0.4423646108311335,1.0101798495441487,0.4423646108311335,1.0117255717255718,0.16575702778234433,0.0,1.0,1.0,1.0,1.0,0.0,62909.86,-0.14017431361060217,-0.2568252676663576,0.5324750274045248,0.9379,0.9714599032877671
2026-02-06,608.3,669.65,570.06,657.21,593322.593,1,0,0.0804044057208615,-0.12926945600042383,-0.23474342404024162,-0.2629117459035698,-0.27000999666777736,0.07733542078885822,0.022222222222222223,0.022222222222222223,829.8075000000001,-0.20799703545701873,862.5116,-0.23802763928044562,889.8602000000001,-0.26144578665277984,920.8202,-0.28627760338011693,758.662100483643,816.5778750249962,0,0,0,27.172379875704692,0,1,-57.91577454135313,-32.35022213766791,-25.565552403685217,0,1015.8700199821459,643.7449800178543,829.8075000000001,0.44844742902937307,0.03618412774221743,47.89718384345764,0.07287957250111476,36.52404042711819,6.3488192457835675,44.37779724772476,1,25.679936352653474,10.721117357565467,433431.0582857143,210282.86359999998,2.0611810723206947,1,11585780.212900003,773.8048150919659,895772.5101761798,1.1503956589214819,0.6331220081749143,0.4847951470933094,1.3059578091301647,0.5954860059651438,0.477932674476951,1.1528786443532262,0.477932674476951,1.1528786443532262,0.15153451712542418,0.0,0.0,0.0,0.0,0.0,0.0,70580.26,0.12192683309102881,-0.16235640215242053,0.6581448272663865,0.94,0.87671700463438
2026-02-07,657.21,663.88,630.83,647.0,217520.601,1,0,-0.015535369212276162,-0.07209545800048756,-0.171977782896926,-0.2707147446374426,-0.2748750364243606,-0.01565730761461727,0.044444444444444446,0.022222222222222223,815.5319999999999,-0.20665283520450448,858.3282,-0.24620908412423131,885.5397,-0.26937211284824386,920.1218000000001,-0.2968322237338579,741.4833157938518,804.0165509490705,0,0,0,26.4109092620361,0,1,-62.53323515521868,-38.38682474117807,-24.14641041404061,0,1011.9399920766465,619.1240079233534,815.5319999999999,0.4816683884302433,0.07096450552217923,46.83667071178209,0.07239052660244527,39.270072481546755,6.028818954064097,42.1410178537342,1,22.67142057341546,16.78213665853453,406318.83685714286,213049.45846666666,1.9071573322995081,0,11368259.611900004,765.9316295842746,892393.2473283686,1.0837640437042384,0.6332790774422371,0.4851317049580757,1.3053755732105037,0.5992362789612096,0.47050781392034097,1.1349682489562503,0.47050781392034097,1.1349682489562503,0.051081916537867006,0.0,0.0,0.0,0.0,0.0,0.0,69289.38,-0.01828953307907888,-0.1200352954219962,0.658675858971451,0.94,0.876401167351622
2026-02-08,647.01,653.0,632.3,639.93,124172.092,0,1,-0.010927357032457619,0.051997369718888686,-0.15636617712974932,-0.26106787372116125,-0.2864772651249917,-0.010987499129064644,0.06666666666666667,0.022222222222222223,801.3485,-0.20143358351578622,854.0434,-0.2507055262062795,881.05,-0.2736734578060269,919.4377499999999,-0.30399855781427293,725.8597287486438,791.8619916195097,0,0,0,25.870273407927726,0,1,-66.00226287086593,-43.90991236711564,-22.092350503750296,0,1005.7064976697267,596.9905023302732,801.3485,0.5100352659791009,0.10505949891700207,44.96976566094052,0.07027294494857331,41.819959389230426,5.830596007546687,40.755453485015025,1,20.58814862834075,22.97983518480325,387039.77571428573,214469.1493,1.8046407932214694,0,11244087.519900003,756.4828601122821,891036.3745456174,1.0875925869215135,0.6314926891123959,0.4852577728954355,1.3013551237817502,0.6010675836720271,0.4653664070510723,1.1225660456794022,0.4653664070510723,1.1225660456794022,0.03234728798462339,1.545595054094421e-05,0.0,0.0,0.0,0.0,0.0,70330.38,0.015023947392803993,-0.08624118970676342,0.6620792694229278,0.9364,0.8662012968322789
2026-02-09,639.93,646.15,616.01,636.39,148751.241,0,1,-0.005531855046645662,-0.031679371890263486,-0.17772695557795182,-0.2763443672462219,-0.2990759199497759,-0.00554721241946716,0.044444444444444446,0.022222222222222223,788.958,-0.1933791152380735,849.5984,-0.2509519791939344,876.4686,-0.27391580257410253,918.7660000000001,-0.3073426748486558,712.0951550950062,780.3455477958423,0,0,0,25.58783512267283,0,1,-68.25039270083607,-48.778008433859725,-19.47238426697635,0,1002.0292033792336,575.8867966207663,788.958,0.5401331968982727,0.14197883716728107,43.91049668515905,0.06899935053215647,44.288620700882845,5.544731778955447,41.40715355383291,1,19.545039337596144,20.934869513117473,364480.8838571428,215263.77423333333,1.6931826321230756,0,11095336.278900003,748.1077383329499,890213.5042423967,1.0539962497589046,0.6278274083839332,0.4852203756604496,1.293901575195346,0.6056813330646071,0.46279206754368746,1.1163561730344176,0.46279206754368746,1.1163561730344176,0.04736089504863368,0.0,0.0,0.0,0.0,0.0,0.0,70138.0,-0.0027353755233514576,-0.10922989369510083,0.6619911461349098,0.9396,0.8641503840927589
2026-02-10,636.38,642.0,613.8,619.85,153549.27,0,1,-0.025990351828281355,-0.04196290571870165,-0.17876732292853537,-0.310020481766775,-0.3145678520877565,-0.026334069668212924,0.044444444444444446,0.022222222222222223,775.7825,-0.20100028036208603,844.8222000000001,-0.2662953222583403,871.8346,-0.2890279876481158,917.9379999999999,-0.3247365290466239,697.9035927726976,768.456988699854,0,0,0,24.255394639660153,0,1,-70.55339592715643,-53.13308593251907,-17.420309994637357,0,996.7186690029164,554.8463309970837,775.7825,0.5695827606395255,0.14710961382257493,42.788318350504845,0.06903011752924876,46.59474625103519,5.28371020946055,39.82681279276142,1,14.671302707958887,18.26816355796528,351566.662,217094.71386666663,1.619416040760542,0,10941787.008900004,738.9254668196451,886222.7046921209,1.0538779867766046,0.6287366362463768,0.4870893752188098,1.2908034299946214,0.6096674268116183,0.45076393888488925,1.0873416833315792,0.45076393888488925,1.0873416833315792,0.04549487779301451,-1.5713634720832988e-05,0.0,0.0,0.0,1.0,0.0,68841.29,-0.01848798083777703,-0.09144649328542198,0.6614921636128073,0.9397,0.8664789771586605
2026-02-11,619.85,624.14,587.14,608.11,236351.539,0,1,-0.018940066145035073,-0.049724188583126216,-0.12787012204741344,-0.3264998726340388,-0.32863388460774134,-0.019121726629597165,0.1,0.022222222222222223,761.7850000000001,-0.20173014695747496,840.0984,-0.2761443183322334,867.9802999999999,-0.29939654160353635,917.0121,-0.3368571690602556,684.0891938845903,756.5794339813464,0,0,0,23.32688113018868,0,1,-72.49024009675611,-57.00451676536648,-15.485723331389629,0,988.1754341944197,535.3945658055804,761.7850000000001,0.5943683170301847,0.16059740874911038,42.374867039754506,0.0696828978963584,48.8968519156565,4.954173098352699,41.83677767789208,1,11.303882831763781,15.173408292439625,324692.2865714286,221355.69273333333,1.466835040753095,0,10705435.469900003,729.9007343157936,881746.1909099801,0.9912758654560778,0.6275371871955148,0.4854389845317537,1.2927210364054849,0.6180271770300515,0.4422264400666129,1.0667473599270254,0.4422264400666129,1.0667473599270254,0.06084425515120619,0.0,1.0,1.0,0.0,1.0,1.0,67082.52,-0.025548184817570818,-0.08314413982592694,0.6623701686400465,0.9389,0.8631748666985434
2026-02-12,608.11,620.87,600.6,614.29,121298.457,0,1,0.010162635049579816,-0.034727132733072485,0.009847114910406018,-0.29285475831424335,-0.34908289447193586,0.010111342691630465,0.6444444444444445,0.011111111111111112,747.9179999999999,-0.17866664527394707,835.4526,-0.26472190044055166,864.7555,-0.2896373599242792,915.8635500000001,-0.3292778165481093,673.3508563638841,746.0394759086541,0,0,0,24.955442557275816,0,1,-72.68861954477006,-60.1413373212472,-12.547282223522863,0,974.7957382412709,521.0402617587289,747.9179999999999,0.6066914775183136,0.20550658465685495,40.79594796548632,0.06641154497954764,51.03452146137628,4.778348408276395,40.351981260210906,1,14.757599012378638,13.577594850700455,227852.25614285716,215001.80806666665,1.05976902330145,0,10826733.926900003,724.0448755687307,882978.9028605482,0.5621855281407375,0.6104391404148827,0.4855075947250622,1.2573215064958312,0.6133813619688459,0.44672062598628476,1.0775883240360664,0.44672062598628476,1.0775883240360664,0.03299744420387762,0.0,1.0,1.0,0.0,1.0,1.0,66272.17,-0.01207989801217968,0.05344647087117971,0.6419268687319387,0.9276,0.8540251581620777
2026-02-13,614.29,622.81,592.49,618.94,211419.814,0,1,0.007569714629898083,-0.0014680971202709614,-0.058231006831910626,-0.2793050849431189,-0.3474332345777936,0.007541208107221436,0.2777777777777778,0.022222222222222223,734.5065,-0.157338975216693,831.2386,-0.2554003146629619,861.3516000000001,-0.2814316476570079,914.8379000000001,-0.3234429837242204,664.979955384825,736.6246999154206,0,0,0,26.22519266902944,0,1,-71.64474453059563,-62.44201876311689,-9.20272576747874,0,958.4171973561721,510.5958026438278,734.5065,0.6096901725339997,0.24193617954713076,40.04766596795158,0.06470363196424787,53.06907176216119,4.519942901743112,39.61630066231739,1,16.809381340486294,14.290287728209591,173294.71628571427,215942.1786,0.8025051771229758,0,11038153.740900002,717.9364645012587,884579.2905196344,0.21500790478649554,0.6111789853889389,0.4851782328707235,1.2596999287719253,0.6176086322681187,0.45010217364429034,1.0857453601375295,0.45010217364429034,1.0857453601375295,0.0489869777361294,0.0,1.0,0.0,1.0,0.0,0.0,68853.96,0.03895737833844892,-0.024458680089871954,0.653700284316354,0.9221,0.8347115837325227
2026-02-14,618.93,637.24,615.7,632.77,113845.924,0,1,0.02234465376288486,0.04055187383861458,-0.021993817619783695,-0.1901891525250199,-0.3204789518900344,0.02209866953235402,0.45555555555555555,0.05555555555555555,722.844,-0.12461056604191231,827.1995999999999,-0.23504556820385306,858.1753,-0.26265647589717395,913.97625,-0.30767347619809604,660.0245776333134,728.9317591809449,0,0,0,30.017822204272008,0,0,-68.90718154763158,-63.735051320019835,-5.172130227611746,0,942.1636362341861,503.524363765814,722.844,0.606824255950623,0.2946513099633713,38.725689827383604,0.0612002620658116,54.20062735296345,7.001943196443266,38.0423452705238,1,28.548666120367848,20.03854882441095,158484.04814285715,215363.66046666668,0.7358903902331602,0,11151999.664900003,712.5314400232456,887123.1382737301,0.27399246471031213,0.6199861802648426,0.48574712684074833,1.2763558362087943,0.6187872768962528,0.4601595508722939,1.1100059642844613,0.4601595508722939,1.1100059642844613,0.03404080471577345,-1.615665492633307e-05,0.0,0.0,0.0,0.0,0.0,69822.95,0.014073119396473155,0.007700602891813846,0.657456797106393,0.9216,0.841795098572744
2026-02-15,632.77,642.49,608.82,615.16,132426.591,0,1,-0.027830017225848325,0.0014162691888195411,-0.03870735861734875,-0.18902101405331295,-0.3442909525027714,-0.028224610414041854,0.36666666666666664,0.03333333333333333,709.6315000000001,-0.13312754577551883,822.6020000000001,-0.25217784542220917,854.4154000000001,-0.2800223404212987,913.0844999999999,-0.3262836024486233,653.1223349204959,720.5042214638379,0,0,0,28.041084678083266,0,1,-67.38188654334203,-64.46441836468428,-2.9174681786577565,0,920.9291283798481,498.3338716201521,709.6315000000001,0.5955136669661591,0.27644921827951263,38.36456912542763,0.06236518812248461,55.316746849249704,6.563005036278061,36.93848866016287,1,21.1231324059763,22.1603932889435,159663.2622857143,217195.53406666667,0.7351130076031248,0,11019573.073900003,707.1286778534874,883437.7039650397,0.3115718482599475,0.6184422117218605,0.4833841361780794,1.2794011334580198,0.6251489531598637,0.4473533026448793,1.0791144791776304,0.4473533026448793,1.0791144791776304,0.05473372781065083,0.0,0.0,1.0,0.0,1.0,1.0,68832.58,-0.014184018291979905,-0.021296628853704536,0.6570190001527539,0.9216,0.8405072596831715
2026-02-16,615.17,631.24,604.49,627.19,105660.883,0,1,0.019555887899083357,0.013329240314085444,-0.014456543943179412,-0.18961418197793112,-0.3377924655798631,0.01936712845981953,0.5,0.044444444444444446,696.0730000000001,-0.09895944821879318,817.9594000000001,-0.23322600119272424,850.7769999999999,-0.26280329628092897,912.30475,-0.31252139156350983,649.1327449327273,713.592056910961,0,0,0,31.366142408361668,0,0,-64.4593119782337,-64.46339708739416,0.004085109160456568,1,890.5078152818451,501.6381847181551,696.0730000000001,0.5586621382580418,0.3228635136661354,37.53495704503994,0.05984623008185707,56.39531593488779,6.2289157374683155,35.882131342382586,1,26.757528921362034,25.476442482568746,153507.49685714283,217844.65246666668,0.7046649762524313,0,11125233.956900002,700.5504454813463,885503.9963483058,0.3458557560321058,0.6223567943328165,0.48550017501984655,1.281887888727075,0.6281277901509349,0.4757710921972904,1.1002175209627059,0.45610169368268727,1.1002175209627059,0.04265055246416556,1.6255933415681946e-05,0.0,0.0,0.0,0.0,1.0,68892.43,0.0008695010415125104,-0.017758846844791787,0.6575755142937139,0.9196,0.8435752392949113
2026-02-17,627.19,631.86,609.3,617.74,91934.084,0,1,-0.01506720451537824,-0.023752706354599584,-0.0034040493667822913,-0.18156283950290142,-0.3375513399320115,-0.015181868072073713,0.5555555555555556,0.05555555555555555,681.8145000000001,-0.09397644080611377,813.265,-0.2404197893675493,846.9881,-0.2706627165127822,911.6080499999999,-0.3223622805875836,644.3030918661539,706.4919045471861,0,0,0,30.186165796622532,0,0,-62.18881268103223,-64.00848020612177,1.8196675250895424,0,852.7941420599492,510.83485794005094,681.8145000000001,0.501542991708006,0.3126253534396388,36.46531725610852,0.05903020244133215,57.360226583399694,6.075101598942851,34.29647417552544,1,24.41747324217752,24.099378189838642,144705.3274285714,218347.5136,0.662729449228642,0,11033299.872900002,694.9045672975261,884118.8067027439,0.3183912843426841,0.6223485048956087,0.4802171411640557,1.2959731162178505,0.6300424409629338,0.5052013477706173,1.0836403185629584,0.44922951618415985,1.0836403185629584,0.036520218862304624,0.0,1.0,0.0,0.0,0.0,1.0,67503.52,-0.02016056045635184,-0.019432668969451172,0.6580614146217976,0.9191,0.84249125578423
2026-02-18,617.76,626.57,601.3,604.8,97256.01,0,1,-0.020947324116942445,-0.016841147018661795,-0.005443094177040475,-0.13261720710772018,-0.3451710697271547,-0.02116983209414532,0.5222222222222223,0.03333333333333333,668.62,-0.09545033053154266,808.128,-0.2516037063435496,843.1163,-0.28266124139694615,910.94995,-0.3360776846192263,638.2256931175148,698.9591708770241,0,0,0,28.59959545853178,0,1,-60.733477759509356,-63.35347971679929,2.6200019572899365,0,818.2782525200978,518.9617474799022,668.62,0.4476631046636289,0.28678088603423463,35.66565173781506,0.05897098501622861,58.34247034481894,5.767647287811745,34.162948541983816,1,26.1320896645103,25.769030609349972,124834.53757142856,214608.0286,0.5816862415902578,0,10936043.862900002,683.6689908123948,882081.5535389533,0.3236200453804467,0.6225851767777834,0.4812473221878175,1.2936906826773067,0.6312748207792314,0.5061087866108787,1.0609409535838332,0.439819359905753,1.0609409535838332,0.04178240740740757,3.237608055165897e-05,1.0,0.0,1.0,1.0,1.0,66461.0,-0.015443935368111283,-0.00926500674095132,0.6582435979570372,0.9193,0.842941343341663
2026-02-19,604.8,614.8,596.0,607.83,109354.363,0,1,0.005009920634920784,-0.030867839091822225,-0.010516205700890291,-0.0007726450764423687,-0.31256503053607776,0.004997412740846467,0.4888888888888889,0.12222222222222222,656.071,-0.07353015146226549,802.9986,-0.2430497388164811,839.6138000000001,-0.27606001711739375,910.23305,-0.3322259612524507,633.5494326378971,692.2088619231705,0,0,0,29.533552266178873,0,1,-58.659429285273404,-62.41466963049412,3.755240345220713,0,778.1255215359488,534.0164784640513,656.071,0.3720771731594561,0.30237929986972445,34.46096232797113,0.05669506659423051,59.31198048798017,5.542896560185311,33.930255776842635,1,37.92549452756309,29.49168581141699,123128.23842857142,212794.49973333333,0.5786250987824941,0,11045398.225900002,671.6786654589777,882629.4102186656,0.3177938727741046,0.6185048658985961,0.48122590707853313,1.2852692608622585,0.6265515673197958,0.5139776763064435,1.0662561835596254,0.44202281999258247,1.0662561835596254,0.03092970073869331,0.0,1.0,0.0,1.0,1.0,1.0,67003.73,0.008166142549765887,0.011038721080055103,0.6516107897351227,0.918,0.8441447156073997
2026-02-20,607.82,629.74,601.23,625.91,159590.806,0,1,0.029745159008275124,0.013225628905364717,0.0112611884835363,-0.047625568691894604,-0.29144403187828294,0.029311353189985106,0.6555555555555556,0.14444444444444443,648.2974999999999,-0.03453275695186228,798.2289999999999,-0.2158766469271349,836.3443,-0.2516120454219632,909.5194500000001,-0.31182340300693967,632.3741353089898,687.2978351140467,0,0,0,34.997385385919316,0,0,-54.92369980505691,-60.91647566540668,5.9927758603497665,0,755.6689643802479,540.9260356197519,648.2974999999999,0.33124133404879086,0.3957474403035229,34.03589359025891,0.05437825500512679,59.25561454714118,8.346600612720096,31.900147705297336,1,50.52124055251495,38.19294158152947,115724.09442857144,211393.58589999998,0.5474342749609956,0,11204989.031900002,658.8557462516412,887376.4641193944,0.3668884369009993,0.6295326255544637,0.48644363118228234,1.29415328971295,0.6290772145866537,0.5292660240148824,1.0979721432831633,0.45517085905854804,1.0979721432831633,0.045549679666405704,-1.6451968478013432e-05,0.0,1.0,0.0,1.0,1.0,68020.01,0.01516751380855963,-0.012111866913682379,0.6526384853640368,0.9161,0.8569371860114132
2026-02-21,625.9,634.8,624.0,625.61,81656.565,0,1,-0.00047930213608982086,0.03440806878306879,-0.011315327844240386,-0.03306027820710966,-0.2955318334346778,-0.0004794170380752959,0.45555555555555555,0.14444444444444443,641.6510000000001,-0.024999571418107432,793.1161999999999,-0.2112000738353345,833.3289,-0.24926400608451232,908.87185,-0.3116631349073029,631.3334991076068,682.7283658463396,0,0,0,34.94896181211104,0,0,-51.39486673873273,-59.01215388007189,7.617287141339162,0,735.9504040054891,547.3515959945111,641.6510000000001,0.2939273966860147,0.41494644017545257,32.37618690524041,0.051751389692045215,58.890425654581854,9.264066620772248,31.1400617370305,1,58.41178256908597,48.95283921638802,111125.61457142858,210822.589,0.5271048757086869,0,11123332.466900002,652.2822861306372,887337.3259533641,0.3377594260542988,0.628413988803919,0.48593413830070675,1.293208151626183,0.6286363947049374,0.5290123456790125,1.0974458828895206,0.45495269469351546,1.0974458828895206,0.01726315116446341,-1.5976737869647243e-05,0.0,1.0,0.0,1.0,0.0,67975.93,-0.0006480445974648141,-0.026452906959674505,0.6524311036322367,0.9164,0.8559790478653226
2026-02-22,625.61,626.87,610.02,614.8,68568.879,0,1,-0.017279135563689985,0.011467022029185703,-0.0005852136029651511,-0.03926992014751618,-0.3104763186523558,-0.0174301620936389,0.5555555555555556,0.13333333333333333,633.694,-0.029815652349556736,787.8396,-0.2196381090770254,830.3244,-0.2595665019599569,908.0981000000002,-0.3229806339204984,628.7898838602827,677.696635042907,0,0,0,33.16809714300642,0,0,-48.90675118262436,-56.99107334058239,8.084322157958027,0,705.0612684521185,562.3267315478814,633.694,0.22524205200654746,0.36762839317104945,31.267173554866098,0.050857471624700876,58.80013845706369,8.907463684546547,33.135056716574944,1,46.87341128622263,51.9354781359412,102003.08428571429,209903.69796666663,0.4859518211151892,0,11054763.587900002,643.817709743461,886152.5149976729,0.306851785068861,0.6268330425765729,0.4863236418572879,1.2889215917669032,0.6289806132049097,0.5198714696431591,1.0784829667052591,0.4470915054068402,1.0784829667052591,0.027407286922576487,0.0,1.0,0.0,1.0,1.0,0.0,67643.4,-0.004891878639983305,-0.017276411838696215,0.6519903736408014,0.9157,0.8539399828988502
2026-02-23,614.8,616.0,583.13,596.41,245062.961,0,1,-0.029912166558230258,-0.04713137671550227,-0.04907603756437462,-0.06282311161394749,-0.32773876483650255,-0.03036866164413809,0.23333333333333334,0.1,625.7755,-0.04692657350759178,781.8592,-0.2371900209142516,826.9657000000001,-0.2787971738126504,907.1367999999999,-0.34253576748291986,623.808363266393,671.6754028175066,0,0,0,30.33607439113466,0,0,-47.86703955111352,-55.16626658268862,7.2992270315751,0,670.8890122598764,580.6619877401235,625.7755,0.14418433530835392,0.17453764372368066,31.38166115808995,0.052617597220184026,59.12780257167755,8.241040956598894,36.77651624304051,1,22.37196765498647,42.55238717009838,121917.66685714286,216363.37790000002,0.5634856880145929,0,10809700.626900002,634.6114752222169,878822.1508909878,0.3192927932594899,0.6285449561444807,0.48809310478233764,1.2877562702402379,0.6360030340885898,0.504320987654321,1.046223204574957,0.43371802983034086,1.046223204574957,0.055113093341828616,0.0,1.0,1.0,1.0,1.0,1.0,64656.02,-0.04416365824308055,-0.0614931132491624,0.6599401126159893,0.9146,0.8453075312976591
2026-02-24,596.4,602.9,577.06,583.6,168285.85,0,1,-0.021478513103401986,-0.06715046114991763,-0.055265969501732126,-0.05848189078002741,-0.3261125609108334,-0.021712533371672026,0.2222222222222222,0.1111111111111111,620.092,-0.05884933203460126,775.325,-0.24728339728500953,823.5361,-0.29134861240448356,906.0872999999999,-0.3559119524134153,617.6224612254096,665.1512989050987,0,0,0,28.509972273218864,0,1,-47.528837679689104,-53.63878080208872,6.1099431223996135,0,654.698368504274,585.485631495726,620.092,0.1116168842825709,-0.027243995501768817,30.985828218226384,0.05309429098393829,59.51573171533951,7.7501518018657665,35.98512869713603,1,9.995414947272002,26.413597962827055,132825.062,217946.8987,0.6094377244744892,0,10641414.776900003,623.8845320308516,875207.6210566456,0.32843281008295305,0.6282200700018957,0.48859700775875037,1.285763236421795,0.6374126509419734,0.4934889227126671,1.0237518857664107,0.4244024114434482,1.0237518857664107,0.044276901987662834,-1.676698915174277e-05,1.0,1.0,1.0,1.0,1.0,64058.15,-0.009246934778849636,-0.0510398568845003,0.6575271908992688,0.9137,0.8470661975531144
2026-02-25,583.61,640.55,581.51,629.42,221645.31,0,1,0.0785126799177518,0.02378009108653223,0.040707671957672,0.0350430020884378,-0.28427013565913517,0.07558294377170408,0.8555555555555555,0.2111111111111111,621.1479999999999,0.013317277041864499,769.5606,-0.18210469714795696,820.7567,-0.2331223126171252,905.2402500000001,-0.30469287020766045,619.4374671907311,662.5045360232394,0,0,0,41.966552092667,0,0,-43.06706883250831,-51.52443840817264,8.45736957566433,0,655.5274954802227,586.7685045197771,621.1479999999999,0.11069663101297203,0.6203042668959267,32.98969763121021,0.052412852516936566,57.80626560951956,14.911329111113318,31.385073548254493,1,80.02445361454986,37.4639454056028,150594.96200000003,221911.7189,0.6786255486933639,0,10863060.086900003,620.1716382341656,892609.5883359466,0.5820845440303872,0.6745217159769095,0.5151915777688452,1.3092638643241798,0.6584363982066733,0.5322340605445628,1.1041293898887836,0.45772338212942965,1.1041293898887836,0.09380064186076065,1.7135023989018e-05,0.0,1.0,1.0,0.0,1.0,67988.04,0.06134879012272432,0.022976482448353153,0.6840961727384093,0.9176,0.885159656779409
2026-02-26,629.42,633.83,614.2,625.74,126675.344,0,1,-0.00584665247370586,0.0491775791821063,0.0294654755441488,0.018639404841361618,-0.3034640901197738,-0.005863811059158155,0.7888888888888889,0.16666666666666666,619.5745,0.009951184240152018,764.0694,-0.18104297855665988,817.6862,-0.23474310805294255,904.33285,-0.3080645030200993,620.4070876229263,659.781237058555,0,0,0,41.29426254654535,0,0,-39.37414943562874,-49.094380613663866,9.720231178035128,0,649.6108348209241,589.5381651790758,619.5745,0.09695794394677038,0.6026340270335682,32.0354335146952,0.05119607746779045,56.218904225543895,14.258682609730304,30.01139597100548,1,74.40012226807278,54.80666360996491,153069.38785714286,221516.57573333333,0.6910064736708971,0,10736384.742900003,617.9092093092298,891868.9616225914,0.5862681309167735,0.6677183265552636,0.5132101366602505,1.3010622332997661,0.6588895547274907,0.5291222729578895,1.097673929060099,0.4550472325850296,1.097673929060099,0.03137085690542397,0.0,0.0,1.0,1.0,0.0,1.0,67485.18,-0.007396300878801609,0.007185420871345549,0.681969512811499,0.9185,0.8797301779232579
2026-02-27,625.74,633.65,605.25,614.03,128167.72,0,1,-0.018713842810112902,0.05214187799862913,-0.018980364589158194,-0.0079329175687467,-0.3199432944590269,-0.01889116247278843,0.43333333333333335,0.13333333333333333,617.926,-0.006304962082838514,758.5047999999999,-0.19047315191677097,814.8487999999999,-0.24644915719333443,903.3775499999999,-0.32029526303813943,619.4259972193992,656.3922565356991,0,0,0,39.1453112220656,0,0,-36.9662593162999,-46.668756354191075,9.702497037891177,0,645.1080144871554,590.7439855128447,617.926,0.08797821903320253,0.4283349657207876,31.775759692216972,0.051749523137659355,54.95794710459438,13.348405202318643,30.107327934860084,1,56.50313311936419,70.30923633399563,148580.37557142857,222113.0584,0.6689402984305968,0,10608217.022900002,615.6554713416393,889470.4510571808,0.5705007774729017,0.6659917251813154,0.5139405985916197,1.2958535033160836,0.6630728681543471,0.5192203619144259,1.0771322316949095,0.44653155020325647,1.0771322316949095,0.046251811800726315,0.0,1.0,1.0,1.0,1.0,1.0,65872.1,-0.023902729458526895,-0.03157761958576588,0.6828706645516681,0.9185,0.8765422185538247
2026-02-28,614.03,621.49,588.64,617.14,172105.1,0,1,0.005064899109163967,-0.019510025102475237,-0.013538786144722814,-0.024700918185122545,-0.2895739561869022,0.0050521156541080674,0.4666666666666667,0.2222222222222222,616.7864999999999,0.0005731318697799866,752.9104,-0.18032743338383955,812.3551,-0.2403075945482462,902.3009000000001,-0.3160374770766604,619.0743053394916,653.4846819774992,0,0,0,40.03779966735916,0,0,-34.41037663800762,-44.21708041095439,9.806703772946769,0,641.9180136830429,591.654986316957,616.7864999999999,0.08149177611067349,0.5070330025572349,31.852491142772905,0.05161307181964045,54.15870830631901,12.365088726086524,31.614216750933817,1,61.25630444750115,64.05318661164607,161501.59485714286,218842.2722,0.7379817127357666,0,10780322.122900002,614.1454750161174,890342.1460248533,0.572382647735175,0.6633256157102819,0.5133085671845246,1.292255103686647,0.6612392170124534,0.5218501606629461,1.0825877977756728,0.4487931874540946,1.0825877977756728,0.05322941309913476,0.0,1.0,1.0,1.0,1.0,1.0,66973.26,0.016716637240956178,-0.014750368255351587,0.6743825154822639,0.919,0.8840043770889433
2026-03-01,617.14,632.16,610.89,617.96,169960.927,0,1,0.0013287098551382215,-0.012433278997666664,0.00513988288874434,0.004551661356395176,-0.2804461988099811,0.0013278279013526663,0.6333333333333333,0.25555555555555554,615.865,0.003401719532689838,747.1110000000001,-0.1728672178565167,810.2301,-0.237303082173817,901.15065,-0.314254503395187,618.9028737488005,650.8532240532401,0,0,0,40.28646741890595,0,0,-31.950350304439553,-41.76373438965142,9.813384085211865,0,639.2616407845437,592.4683592154563,615.865,0.07597977084115416,0.5447713844755019,31.096598918289125,0.05032137827414254,52.84818006023621,14.211856059317011,30.069641795832318,1,64.41959363679332,60.726343734552906,175986.17314285715,214642.5913,0.8199033196393262,0,10950283.0499,613.5519348420993,890567.9747835466,0.5620436579937903,0.6643497149866334,0.5131957748888848,1.2945346542076968,0.6593629899229596,0.5225435481143245,1.0840262428516299,0.4493895033851838,1.0840262428516299,0.03441970354068221,0.0,1.0,1.0,0.0,1.0,1.0,65776.47,-0.01786966917841526,-0.02759958842991328,0.6750868009239911,0.9144,0.8798294778635315
2026-03-02,617.96,652.87,612.96,637.79,202581.15,0,1,0.03208945562819587,0.038695177760044386,0.06938180110997472,0.01690077966804293,-0.18376462156697126,0.03158534511298728,0.9888888888888889,0.3,616.762,0.03409418868218214,741.7804,-0.14019027733814485,808.2701999999999,-0.21091981369596452,900.1375,-0.29145269472719454,621.8085854797542,649.8855778270741,0,0,0,46.107061528277335,0,0,-28.0769923473199,-39.02638598118512,10.94939363386522,0,642.0972116940025,591.4267883059974,616.762,0.08215555333824882,0.914995545606155,31.726127566982758,0.04974384604177356,50.625336606920186,17.59753967629734,27.367769112104636,1,80.10816514971636,68.5946877446703,169917.34300000002,207818.42460000003,0.8176240548789148,0,11152864.199900001,614.3821646951757,897068.6936075805,0.5405716640727374,0.6260073954641763,0.5187138956678281,1.2068452391432682,0.6238951600597651,0.5551116681462913,1.118812054871417,0.4638101679138396,1.118812054871417,0.06257545587105469,0.0,1.0,0.0,0.0,1.0,1.0,68830.06,0.04642374393153048,0.06455763902572409,0.6691970943847823,0.9152,0.8401378436786744
2026-03-03,637.79,643.29,621.0,633.56,150191.056,0,1,-0.006632277081798144,0.0266066046602067,0.0856065798492116,0.025609479716385497,-0.1647638885226883,-0.006654368362616858,1.0,0.3111111111111111,618.0345,0.02512076591193528,736.336,-0.13957758414636806,806.1698000000001,-0.21411097265117118,899.16625,-0.2953917031472212,623.6164954059458,648.6762757658095,0,0,0,45.09723493752297,0,0,-25.05978035986368,-36.233064856920834,11.173284497057153,0,644.0863797988476,591.9826202011524,618.0345,0.08430558423145507,0.7979727397768572,31.052118455055414,0.04901211953888411,48.56126768598388,16.695256724509125,25.964534799095038,1,74.52842632898029,73.01872837183002,167332.37242857143,204187.2758,0.8195044072798753,0,11002673.143900001,615.9842450514248,896072.5849089806,0.5106813448035962,0.6222346720985755,0.516224028248602,1.2053578253798778,0.6164442824425591,0.5608959320083219,1.111391783321054,0.46073405036687975,1.111391783321054,0.035182145337458115,0.0,0.0,0.0,1.0,1.0,1.0,68338.0,-0.007148911391331003,0.06681195132859741,0.666901743327661,0.9147,0.8371671894551344
2026-03-04,633.57,666.16,626.2,657.99,199919.683,0,1,0.038559883831050135,0.06477765551168346,0.04539099488417908,0.08794642857142865,-0.1498178153345221,0.03783502644722456,0.9111111111111111,0.3333333333333333,620.2194999999999,0.06089860122101948,730.6211999999999,-0.09941020052525157,804.1005,-0.181706764266407,898.26265,-0.2674859630421013,628.904726881954,649.3661812646384,0,0,0,51.67954259189219,0,0,-20.461454382684337,-33.07874276207353,12.617288379389194,0,651.7113980224057,588.7276019775942,620.2194999999999,0.10155081554967471,1.0996859886490054,31.688395708265737,0.048159387997181925,45.625286186642384,20.346565271563883,23.625817451665554,1,90.83052749719421,81.82237299196365,164228.71142857143,200629.1491,0.818568548813984,0,11202592.826900002,618.4591992979024,903781.464661001,0.3311171969355,0.6307642985608503,0.5237961292158859,1.2042171817976088,0.6136581725475845,0.5825240139878713,1.1542469213766973,0.4784999018260358,1.1542469213766973,0.06073040623717674,1.5783824736575214e-05,0.0,0.0,0.0,0.0,0.0,72666.77,0.06334352775907992,0.06881695662943077,0.6904516268694546,0.916,0.8214866637924066
2026-03-05,658.0,665.42,646.14,647.85,128037.624,0,1,-0.01541056854967393,0.015773216889571895,0.03533416434941028,0.0658407778490695,-0.14167042051988654,-0.015530545566624036,0.8222222222222222,0.34444444444444444,621.665,0.04212075635591526,724.6087999999999,-0.10593136600052311,801.9533,-0.1921599424804412,897.225,-0.27794031597425395,631.8193842847304,649.2538715413319,0,0,0,49.05090820873708,0,0,-17.43448725660153,-29.949891660979134,12.515404404377605,0,655.4780504235914,587.8519495764085,621.665,0.1087822232990162,0.8872025693034001,30.802081729103897,0.04754508254858979,42.89901765153957,19.43688237163671,22.569521126181165,1,79.45005611672285,81.60300331429914,164423.32285714286,196765.44246666666,0.835631098611217,0,11074555.202900002,620.5231767504478,901808.3320794116,0.3505901914648665,0.6287839879874415,0.5218779722404883,1.204848683856098,0.606096262038006,0.5863267356303115,1.1364593200715716,0.47112594628793336,1.1364593200715716,0.029759975302925016,1.5197799358639045e-05,0.0,0.0,1.0,1.0,0.0,70890.72,-0.02444102029029227,0.0504635239914899,0.6855041547137248,0.9157,0.8244578019032018
2026-03-06,647.85,651.62,624.77,627.31,115031.736,0,1,-0.031704869954464865,-0.009864890460256293,0.021627607771607105,0.0022367433017527194,-0.10033416036829357,-0.03221835176330013,0.7222222222222222,0.3888888888888889,621.392,0.009523778870664398,718.5310000000001,-0.12695485650584332,799.3086,-0.21518422296469727,896.1266,-0.2999761417638982,631.1256328563103,647.6283995753074,0,0,0,44.15190080168477,0,0,-16.502766718997123,-27.260466672582734,10.757699953585611,0,654.9144534964556,587.8695465035445,621.392,0.10789470574598825,0.5882691954606727,30.51979017702505,0.04865184705651919,41.11262023152534,18.21547280508669,26.15269582056254,1,56.39730639730638,75.55929667040783,162546.75371428573,186450.76143333333,0.8717945288327791,0,10959523.466900002,620.7665036772464,898161.2658488953,0.3949800700099788,0.5944158991381657,0.52270183879303,1.1371987910177064,0.5811039095476569,0.5718778773486001,1.1004280251201628,0.45618895942870025,1.1004280251201628,0.04280180453045548,0.0,1.0,1.0,1.0,1.0,1.0,68114.02,-0.0391687374595715,0.03403443946678486,0.6876523238912825,0.9346,0.7948242743631585
2026-03-07,627.31,630.19,617.8,620.26,63118.814,0,1,-0.011238462642074842,-0.0573412969801973,0.005055578961013607,-0.008551653586099994,0.019661351306921038,-0.011302091338338555,0.6111111111111112,0.7444444444444445,621.6469999999999,-0.0022311697796336886,712.173,-0.1290599334712212,796.5537999999999,-0.22132064400420906,895.10735,-0.3070551817053005,629.4539970322626,645.6011107178773,0,0,0,42.57994789946341,0,0,-16.147113685614727,-25.037796075189135,8.890682389574408,0,655.047216891841,588.2467831081589,621.6469999999999,0.10745718033495238,0.4792366617784036,29.224805164380413,0.04711702377129012,39.67720209613107,17.66386285108262,27.064270023869337,1,48.48484848484853,61.44407033295928,146977.2842857143,161915.43289999999,0.9077410451447727,0,10896404.652900003,620.7455044944181,897451.9074157443,0.4036045578584079,0.4423234053075348,0.521955178494283,0.8474356104360015,0.5160042736832001,0.5664888758996091,1.0880609058695576,0.4510620968504338,1.0880609058695576,0.019975494147615677,0.0,1.0,1.0,1.0,1.0,1.0,67262.91,-0.012495371731106153,0.004324860399508745,0.5495550749378059,0.8956,0.7350157798822815
2026-03-08,620.27,624.27,607.86,611.98,81939.554,0,1,-0.013349240641021498,-0.05536775488153123,-0.009677001747685932,-0.004586857514638831,-0.06882122913528399,-0.013439142733411472,0.5,0.4777777777777778,620.8865,-0.014344811813431179,705.4702000000001,-0.13252182728625542,793.8017,-0.22905178963461525,893.822,-0.31532229012040425,626.7656897965298,643.1106580721087,0,0,0,40.74513498354716,0,0,-16.34496827557882,-23.299230515267073,6.954262239688251,0,654.447560315113,587.3254396848869,620.8865,0.10810690944355557,0.36730901949499495,28.30946193835324,0.04625880247451426,38.656080113945,16.932497107871608,28.45167926863933,1,39.19191919191926,48.02469135802475,134402.80242857145,144869.3316,0.9277519330293607,0,10814465.098900003,620.5588271078155,896358.0765913803,0.41230263247603893,0.3793227643417819,0.5215038977946338,0.72736323917402,0.435735265641129,0.5628748022515728,1.0735361190050172,0.44504076037553364,1.0735361190050172,0.026814601784371984,1.612227130556687e-05,1.0,1.0,1.0,1.0,1.0,65971.2,-0.01920389706600567,0.002960481156863537,0.420842892177377,0.857,0.7832756111516134
2026-03-09,611.99,643.0,611.01,634.64,121341.376,0,1,0.0370273538350927,0.011684812931405553,-0.004938929741764464,0.06410019952717083,-0.019103554868624473,0.036358306753977845,0.5444444444444444,0.6111111111111112,621.7315,0.02076217788546986,699.5128,-0.09273997559444229,791.4191000000001,-0.19809870648813008,892.7977500000001,-0.2891559146514427,627.9771221355252,642.4832019186192,0,0,0,47.422441741120785,0,0,-14.506079783094037,-21.540600368832465,7.034520585738427,0,655.8060790567647,587.6569209432353,621.7315,0.10961187926545372,0.6894153993582104,28.572357514185153,0.045021362527078584,36.804860551009874,20.260712441416157,26.176330197546243,1,64.62401795735131,50.76692854470639,122797.12042857143,141663.35743333335,0.8668234514091595,0,10935806.474900004,620.9772898550623,900851.0266553693,0.42899185436701304,0.39320158076779027,0.5287852232746828,0.7435941162136782,0.4357233399242606,0.6224645925693436,1.113286320738168,0.46151944208099716,1.113286320738168,0.05040652968612128,1.6340403281138118e-05,1.0,1.0,1.0,1.0,1.0,68432.16,0.03730355064027946,-0.0057809044478530636,0.43272167284307617,0.8656,0.7973310722239845
2026-03-10,634.64,652.36,634.38,642.0,100783.446,0,1,0.011597125929661,0.03504981781833427,0.013321548077530165,0.100068540095956,0.0032347287984624273,0.011530394696213772,0.6888888888888889,0.6777777777777778,623.5915,0.02952012655720933,693.8808,-0.0747690381402685,789.086,-0.18640046839001073,891.5067,-0.27987080747682547,630.1344879608289,642.4474091839066,0,0,0,49.41628329927811,0,0,-12.312921223077751,-19.695064539681525,7.3821433166037735,0,657.8353925941688,589.3476074058312,623.5915,0.10982796460236792,0.7687851556212203,27.815760548886217,0.04332672982692557,34.671377061348096,21.72882255243077,24.96773887155855,1,71.45894861193152,58.42496192040071,115738.89042857142,140883.7359,0.8215205941921038,0,11036589.920900004,622.1115538565423,902019.8249702565,0.43226663191470355,0.39346976477248147,0.529505136701945,0.7430896085791195,0.4348304227654221,0.6296833928361254,1.1261972423955373,0.46687174116979735,1.1261972423955373,0.028006230529595045,0.0,1.0,1.0,1.0,1.0,0.0,69948.63,0.022160194855752158,0.023568585560010513,0.4353695880773038,0.881,0.8068995109015457
2026-03-11,642.01,656.29,635.02,651.46,120145.814,0,1,0.01473520249221183,0.06451191215399188,-0.009924162981200246,0.03501636427186949,0.02368044752431686,0.014627694213410158,0.4777777777777778,0.7555555555555555,625.7729999999999,0.04104843130016816,689.2260000000001,-0.054794798803295394,787.3344999999999,-0.17257531582827873,890.3619,-0.26831999437532084,633.4153359668552,643.1150085036173,0,0,0,51.939069301765734,0,0,-9.699672536762137,-17.69598613909765,7.996313602335512,0,661.3231407799552,590.2228592200446,625.7729999999999,0.11361992537215673,0.861278456799861,27.34820622396577,0.04197987017463201,32.51655412265323,21.548157645918575,23.580696201376643,1,81.03715170278647,72.37337275735645,104342.62342857143,139930.22166666668,0.7456761104626142,0,11156735.734900003,623.8107950190762,903790.1978681382,0.36901561754179035,0.3952907027904171,0.5298667338476326,0.746019097896578,0.4306424275436489,0.6389619051355487,1.1427919868084062,0.4737511908138259,1.1427919868084062,0.032649740582691156,1.5576323987524774e-05,1.0,1.0,1.0,0.0,0.0,70191.86,0.0034772661022810514,-0.034058346063819855,0.43538078529621543,0.8786,0.8080402888798375
2026-03-12,651.47,657.7,641.63,651.72,101534.056,0,1,0.00039910355202166237,0.026912895499811018,0.0059736050011576225,0.04151884169143738,0.0514156650802613,0.0003990239313829263,0.6333333333333333,0.8777777777777778,627.0635,0.039320579175793284,684.5932,-0.048018589725986174,785.0856,-0.16987396024076862,889.23795,-0.2671028041482035,636.2314381258005,643.7524152811271,0,0,0,52.00991086364006,0,0,-7.520977155326591,-15.660984342343438,8.140007187016847,0,664.4604592206148,589.6665407793852,627.0635,0.11927646632474959,0.8296591556354177,26.542620065111077,0.040727030112795486,30.450619622771644,20.995733730650173,22.56092985947458,1,81.3725490196079,77.95621644477531,100556.39942857143,138196.3812,0.7276340997890864,0,11258269.790900003,625.0645301575018,903830.720470539,0.355574077249123,0.38685983276980335,0.5299975663152672,0.7299275644969304,0.42566862921769266,0.6392169171014949,1.1432480791495634,0.4739402665968541,1.1432480791495634,0.0246578285153134,1.5350136616201923e-05,1.0,1.0,0.0,0.0,0.0,70541.34,0.0049789249066771735,-0.004928430688812324,0.431839637180438,0.877,0.7964307430134367
2026-03-13,651.72,679.0,650.34,655.73,231981.0,0,1,0.00615294911925357,0.021386292834890908,0.04530455436705938,0.06791199127078484,0.07830820081893086,0.006134097018976001,0.9111111111111111,0.9444444444444444,628.5695,0.04321001893983095,679.9465999999999,-0.035615443918684,782.4353,-0.1619370956295044,888.32,-0.26183132204610954,639.2312168756773,644.6396437788214,0,0,0,53.15674013562711,0,0,-5.408426903144118,-13.610472854503573,8.202045951359455,0,668.0858510328106,589.0531489671893,628.5695,0.12573422997078507,0.8436615387064526,26.693861489031715,0.04070861709702425,28.93740435804561,25.085123002806863,20.83074007665498,1,74.2474546259407,78.88571844944504,117263.43714285713,138050.69656666665,0.8494230022680758,0,11490250.790900003,627.8911788453231,905258.0877601726,0.2699070597126841,0.38195796828956413,0.5303361241626598,0.7202186516949645,0.41894375996190286,0.6431499862685865,1.150282426411255,0.4768563969427901,1.150282426411255,0.04370701355740925,0.0,1.0,0.0,0.0,0.0,0.0,70930.0,0.005509677020595349,0.04134214953103621,0.42446254024121477,0.8737,0.7970477850126383
2026-03-14,655.72,658.27,650.11,657.7,55240.265,0,1,0.0030042853003522385,0.009578485248518787,0.06036178376809742,0.06572252649317822,0.07066694883524072,0.0029997814535749775,0.9555555555555556,0.9222222222222223,630.7145,0.042785602677598185,675.268,-0.026016337217223358,780.0131,-0.15680903307905977,887.29,-0.2587541840886293,642.0725681255732,645.6070775729828,0,0,0,53.741590076238154,0,0,-3.5345094474096186,-11.595280173084783,8.060770725675164,0,671.7133212796019,589.7156787203982,630.7145,0.1300075431264126,0.8291009248286131,25.370014239815163,0.03857383950101134,27.52102623970431,24.508811023498236,20.416925231989048,1,70.0590385156031,75.22634738705058,116137.93014285715,135848.75683333335,0.854906094469024,0,11545491.055900004,628.6654917104389,905424.0452762996,0.24296345834365368,0.38128416912078156,0.521772830980572,0.7307474565209365,0.41550853737039634,0.645082192318255,1.153738202996176,0.4782890096065043,1.153738202996176,0.012406872434240487,-1.5250179189591608e-05,1.0,0.0,0.0,0.0,0.0,71211.95,0.0039750458198222205,0.058710513714021584,0.42231355816429905,0.8854,0.8105085318319255
2026-03-15,657.7,679.0,654.46,673.77,92999.094,0,1,0.024433632355177037,0.033833548149512005,0.10096735187424422,0.09031328888601187,0.08858693896015746,0.024139906076435604,1.0,0.9555555555555556,634.5825000000001,0.06175319993854208,671.0,0.004128166915052134,777.9150999999999,-0.1338772058801789,886.3829499999999,-0.2398657938986755,646.9490961062543,647.6932199749841,0,0,1,58.31377931410999,0,0,-0.7441238687298437,-9.425048912213795,8.68092504348395,0,676.5399716387526,592.6250283612476,634.5825000000001,0.13223645984171484,0.9669907226226396,25.310727508399793,0.03756582737195155,27.002651585044077,28.661634527724694,19.002981155660326,1,92.64829912847902,78.9849307566743,117717.86442857143,131901.3995,0.8924686536671009,0,11638490.149900004,632.7166022841343,907696.3509484602,0.2025270236578099,0.3862781597976252,0.5249629083532311,0.7358199096567614,0.41134712490326275,0.6608438934442309,1.1819282180823072,0.48997534742675136,1.1819282180823072,0.0364219243955652,0.0,0.0,0.0,0.0,0.0,0.0,72815.24,0.022514339236602954,0.10374284536282508,0.41263686829520524,0.9086,0.8622578884083706
2026-03-16,673.77,687.82,670.13,679.71,226915.256,0,1,0.008816064829244574,0.03656992969667394,0.07101663935459479,0.06572696342056172,0.07418177220791144,0.008777430233731556,0.9777777777777777,0.9111111111111111,639.388,0.06306342940436793,667.2738,0.01863732698631354,775.8084,-0.12386872841284004,885.41415,-0.23232534740945796,651.9892351668306,650.0648333101705,0,0,1,59.891832262003355,0,0,1.924401856660097,-7.155158758439017,9.079560615099114,0,678.6910308728271,600.0849691271729,639.388,0.12293953240544737,1.0129629840821945,24.766389829228384,0.036436700694749795,26.824546568338285,29.74309927487979,18.03345656158178,1,89.85742871435716,84.18825545281311,132799.8472857143,135670.37723333333,0.9788418812849459,0,11865405.405900003,639.157940032619,909696.8505561008,0.1265055873924097,0.3824138147070102,0.5251117358944355,0.7282522719771927,0.4094885639081275,0.6739143367043426,1.1923481738764343,0.4942950018543972,1.1923481738764343,0.026025805122773027,0.0,0.0,0.0,0.0,0.0,0.0,74884.67,0.028420286742171008,0.0942906083923114,0.41828405128430357,0.9013,0.8355258717865355
2026-03-17,679.7,686.53,663.4,668.61,147117.033,0,1,-0.01633049388709895,0.016588110080583807,0.04144859813084123,0.055322305701117624,0.08688796410689914,-0.01646530611753821,0.8111111111111111,0.9444444444444444,641.3475000000001,0.04250815665454364,663.0578,0.00837362896567987,773.5508,-0.13566116149062216,884.4456999999999,-0.24403499276439458,654.5462759103951,651.4385493612689,0,0,1,55.65215996386894,0,0,3.107726549126255,-5.102581696925963,8.210308246052218,0,682.425681108209,600.2693188917912,641.3475000000001,0.12809960624531605,0.831836747203881,24.649504841426356,0.03686679056763488,26.286368108546736,27.749556226757445,18.774955518303123,1,75.9754877438719,86.16040519556937,139418.93114285712,136160.05863333333,1.0239341297457842,0,11718288.372900004,642.7517611770129,907294.3567480062,0.20038096559839794,0.3756942666701283,0.5249295355320942,0.7157041873997549,0.4030643833150806,0.6832241648869315,1.1728765393116516,0.48622292034819037,1.1728765393116516,0.03459415802934445,-1.471215665503068e-05,0.0,0.0,0.0,0.0,0.0,73909.36,-0.013024161019872249,0.056623410637206106,0.4178913416683282,0.9057,0.8263358526570259
2026-03-18,668.62,676.47,644.43,652.27,144505.186,0,1,-0.0244387610116511,-0.03190999896106983,0.0012433610659134953,-0.00869314123314946,0.03998788245986051,-0.024742343863893162,0.5444444444444444,0.7777777777777778,642.674,0.014931364891064527,658.1360000000001,-0.008913051405788618,771.1023000000001,-0.15410704909063314,883.39705,-0.26163439191923954,654.1960796164882,651.5001382974712,0,0,0,50.03691191606541,0,0,2.695941319017038,-3.5428770937373626,6.238818412754401,0,683.3414458711771,602.0065541288228,642.674,0.12655699739269727,0.6179813459443382,25.17739735275305,0.038599655591630845,24.82481367759637,25.227181072315627,22.450163560328726,0,55.540270135067466,73.79106219776553,142898.8414285714,137454.86873333334,1.039605528311984,0,11573783.186900003,644.3729448650201,903762.829042408,0.25838841675065866,0.38048910558360316,0.5253996520095151,0.7241898698035537,0.40486208275261903,0.6709216210656243,1.1442128898712418,0.4743402345994139,1.1442128898712418,0.049120762874269974,1.4956402087900128e-05,0.0,0.0,0.0,0.0,0.0,71246.54,-0.03602818371042593,0.01502567391717502,0.43272011823319567,0.9181,0.8189869299073136
2026-03-19,652.28,656.4,633.32,639.15,117679.658,0,1,-0.020114369816180422,-0.05967250739285879,-0.019287424047136903,-0.013429034498726677,0.034658594230582374,-0.020319418022010424,0.34444444444444444,0.7555555555555555,643.9300000000001,-0.0074231671144380385,652.8608,-0.02100110773996549,768.5208,-0.16833740869472893,882.3045500000001,-0.2755902709557602,651.8812981370285,650.5853132383992,0,0,0,46.02163560695867,0,0,1.2959848986292855,-2.575104695264033,3.8710895938933185,0,682.3628110918518,605.4971889081484,643.9300000000001,0.11936953113491125,0.43781355222005197,25.027583256127826,0.039157605031882696,23.137955969810477,23.56546209954847,24.142154521320162,0,39.13206603301644,56.882607970651954,145205.356,138313.05453333334,1.049831170961564,0,11456103.528900003,645.5610798834539,901395.7768815544,0.2860632886669287,0.38270865236980006,0.525852581538021,0.7277869612248522,0.4047101849507231,0.6661143071535768,1.1211977686559311,0.4647991797019875,1.1211977686559311,0.03611045920362971,1.5331074555001617e-05,0.0,0.0,0.0,0.0,0.0,69930.0,-0.018478651735228002,-0.008666407527841091,0.43201623269680145,0.9182,0.8250558673703317
2026-03-20,639.16,647.65,636.38,642.11,96688.002,0,1,0.004631150747085977,-0.03963446553297134,-0.020770744056242685,0.023592801007476405,0.061689814814814836,0.004620459962846772,0.3333333333333333,0.8555555555555555,645.1785,-0.004756048132416024,648.3292,-0.00959265755730268,766.0075999999999,-0.1617446093224139,881.2867,-0.2713948820514368,650.3780215005626,649.957512257777,0,0,0,47.053924539519954,0,0,0.4205092427855561,-1.9759819076541154,2.3964911504396715,0,681.5119494429301,608.8450505570698,645.1785,0.1126306888494584,0.4577730707234426,24.044898737832984,0.03744669719803925,21.571588098295003,22.776513175413957,23.33389849156679,0,42.83391695847922,45.8354177088544,125877.78485714285,138294.12093333332,0.9102179037518453,0,11552791.530900003,647.7866050093794,901843.5535942509,0.2842200014632319,0.376902300784943,0.5262782973587842,0.7161653875458867,0.39948673334123197,0.6691991829247957,1.126390204539873,0.4669517347703093,1.126390204539873,0.017551509865910798,1.5645779550951897e-05,0.0,1.0,0.0,0.0,0.0,70510.73,0.008304447304447349,-0.005911039052587164,0.42938223901351324,0.9178,0.8173839704853403
2026-03-21,642.11,646.38,627.76,630.7,54236.699,0,1,-0.01776954104436934,-0.033069127815168464,-0.04105215143682528,0.0168316512430271,0.037625651909251046,-0.01792931490727196,0.25555555555555554,0.7555555555555555,645.8154999999999,-0.02340529144933791,643.767,-0.02029771640981909,763.4555,-0.17388767256244794,880.1812,-0.283443000145879,647.3506335773991,648.5310298683121,0,0,0,43.593112260351155,0,0,-1.180396290912995,-1.8168647843058914,0.6364684933928964,0,680.5512928398277,611.0797071601721,645.8154999999999,0.1075718772306574,0.2824218368974644,23.657405970844916,0.03750976053725212,20.515307945841084,21.496036247358827,24.624713875775797,0,28.564282141070564,36.84342171085543,125734.41828571427,136456.86546666667,0.9214224425844543,0,11498554.831900004,649.3418722855338,900879.7923452593,0.29326565272732574,0.3811489476155173,0.5210619499915191,0.7314848985264054,0.39906892826761164,0.6573078205769552,1.1063747675683264,0.4586542167535689,1.1063747675683264,0.02952275249722531,0.0,1.0,0.0,0.0,0.0,0.0,68918.12,-0.022586775090826627,-0.03221130723144083,0.43496045788580945,0.9198,0.8176770305719349
2026-03-22,630.7,637.7,622.16,626.41,102353.579,0,1,-0.006801966069446719,-0.01993272314793082,-0.07029104887424498,0.023579201934703642,0.0007988368934830348,-0.006825204880337216,0.15555555555555556,0.5555555555555556,645.2465,-0.029192719371589,640.6676,-0.022254285997918462,760.9038,-0.17675532702031463,879.0394500000001,-0.2873926192959828,644.1289976424147,646.8924350632519,0,0,0,42.332412862048,0,0,-2.763437420837249,-2.006179311612163,-0.7572581092250861,0,680.896619229163,609.596380770837,645.2465,0.11050077522051809,0.23581434778777538,23.077591258641714,0.03684103264418147,19.787364760173165,20.4621068408124,25.173582579442854,0,20.049472724905566,30.482557274818465,127070.7732857143,134548.95789999998,0.9444203453448993,0,11396201.252900004,649.705533993437,900183.5867738149,0.20532214010495817,0.3723016419481381,0.5209756475305553,0.7146238863809897,0.3931883289086569,0.6528368350842088,1.0988492439392346,0.4555344663336024,1.0988492439392346,0.024808033077377563,0.0,1.0,0.0,0.0,0.0,0.0,67859.0,-0.015367801675379322,-0.06806597080501287,0.43550276031824253,0.9247,0.8023473919242825
2026-03-23,626.41,650.85,620.33,639.11,257556.874,0,1,0.020274261266582716,-0.004672096681254012,-0.059731356019478876,0.007043363166519656,0.021578938955579385,0.02007147474815355,0.2,0.6444444444444445,645.5240000000001,-0.009936113916756155,638.279,0.001301938493981499,758.3267,-0.15721021032227925,878.01685,-0.2720982518729566,643.3568441589663,646.3159583919,0,0,1,47.2004614963084,0,0,-2.959114232933757,-2.1967662958764818,-0.7623479370572754,0,680.8762558797935,610.1717441202068,645.5240000000001,0.10953041522791822,0.4092844312141023,23.60919188302445,0.036940733024087326,18.420859464075676,22.551173622935647,22.849131564978258,0,27.826344643650867,25.480033169875686,131448.14728571428,140412.30153333335,0.936158341187143,0,11653758.126900004,649.4059168234085,905405.3621282952,0.25486102798355503,0.376796266047,0.5231855348751661,0.720196261039413,0.4008657358624442,0.6660726196431549,1.1211276006034454,0.4647700911199832,1.1211276006034454,0.04775390777800376,0.0,0.0,0.0,0.0,0.0,0.0,70906.45,0.044908560397294295,-0.05312462483977032,0.4542696513030666,0.9193,0.7736116752164187
2026-03-24,639.12,640.17,626.99,638.3,101174.299,0,1,-0.0012673874606876634,0.01205010306009191,-0.0453328547284666,-0.005763239875389514,0.03822381262199093,-0.0012681912754103299,0.2777777777777778,0.7555555555555555,644.5395000000001,-0.009680554876776572,635.5662,0.004301361526147825,755.937,-0.15561746547662048,876.95765,-0.27214273117977816,642.57886813451,645.7221836962037,0,0,1,46.92836401385376,0,0,-3.1433155616937256,-2.3860761490399307,-0.7572394126537949,0,679.5248042681889,609.5541957318113,644.5395000000001,0.10855906974883235,0.4108268438632167,22.864249605665556,0.035820538313748325,17.151961689128008,21.622635860532235,21.90832547430863,0,26.626166839531653,24.833994736029382,124884.89957142856,141499.14886666666,0.882584104368758,0,11552583.827900004,648.7620778896902,905277.1350903987,0.2519550243770157,0.3729260543640297,0.5228880799382641,0.7132043522737409,0.39969388470764955,0.6652284475571119,1.1197066975406098,0.4641810473343951,1.1197066975406098,0.02064859783800713,1.5646758773905753e-05,0.0,0.0,0.0,0.0,0.0,70556.74,-0.004931991377371103,-0.04536123706117867,0.45427480013946797,0.9233,0.7690876921157132
2026-03-25,638.31,652.8,637.5,647.66,117518.94,0,1,0.014663951120162944,0.03392346865471496,-0.007067625369862163,-0.005833051914162168,0.08593081940275993,0.014557475033559478,0.4777777777777778,0.9333333333333333,644.53,0.004856251842427809,633.4238,0.02247500014997848,753.8276,-0.14083803776884793,875.8917,-0.26057068470907996,643.3605807292007,645.8657256446331,0,0,1,50.480808784315364,0,0,-2.5051449154324246,-2.4098899023184295,-0.09525501311399509,0,679.511622242797,609.548377757203,644.53,0.10854924438830471,0.5447377765713036,22.323946062403728,0.03446861943365922,16.51933785925165,24.605255218264848,20.83581482069441,0,40.49488813157493,31.649133204919167,121029.72157142858,137247.6815,0.8818343614163608,0,11670102.767900003,648.4003122820177,907000.4270822521,0.2434790194365818,0.3624091136514587,0.5245129166565058,0.690944116231925,0.3903189552323589,0.6749833249958312,1.1361260218222644,0.4709877755234127,1.1361260218222644,0.02362350616063977,1.5666614444604272e-05,0.0,0.0,0.0,0.0,0.0,71336.53,0.011051956198656399,0.0012630788807428406,0.43344006645362143,0.9181,0.779811350908771
2026-03-26,647.67,648.47,623.01,628.86,94718.073,0,1,-0.029027576197387495,-0.016037927743267955,-0.01609950715794406,-0.035076413183575794,0.07755311857436609,-0.029457210885430095,0.37777777777777777,0.9,644.6075,-0.024429594753396365,632.0556,-0.005055884324100621,751.3598999999999,-0.16303758025947343,874.6357499999999,-0.28100354919176346,641.1297221554776,644.6060422635492,0,0,0,44.09622031863939,0,0,-3.4763201080716044,-2.6231759434690645,-0.85314416460254,0,679.4350189892745,609.7799810107255,644.6075,0.10805806320675604,0.27392159336917515,22.54794991508918,0.035855277669257356,15.512663073923227,22.620754884480615,23.74555085980874,0,12.6389094680693,26.586654813058647,117749.49514285715,134795.42226666666,0.8735422402543653,0,11575384.694900002,648.4723124417329,904250.9910009749,0.27768135295309754,0.3676091741876198,0.5254451792776832,0.6996147051781182,0.38909595846450035,0.6553901950975488,1.103147037153984,0.45731614198136883,1.103147037153984,0.04048595871895181,1.544020010497932e-05,0.0,0.0,0.0,0.0,0.0,68820.31,-0.035272531478612756,-0.015868582868582948,0.4465287338539643,0.9275,0.7750536805154333
2026-03-27,628.86,631.87,605.86,613.95,131734.63,0,1,-0.023709569697547894,-0.038148206172645915,-0.04385541418137073,-0.06371524865417166,-0.02457818308919313,-0.023995164803619226,0.28888888888888886,0.43333333333333335,644.292,-0.047093553854463475,632.1686,-0.028819210571356953,749.0687000000001,-0.18038225332336016,873.3151000000001,-0.29698913942974314,636.9482264392502,642.335224318101,0,0,0,39.79725269105734,0,0,-5.386997878850821,-3.1759403305454157,-2.211057548305405,0,680.1473589036028,608.4366410963972,644.292,0.11130158035053296,0.07688333169980928,22.795239206868526,0.03712882027342377,15.358815609344491,20.77711855947597,27.184170565120205,0,9.870668618838492,21.00148873949426,122756.15628571429,131798.3996,0.9313933754755114,0,11443650.064900002,647.4745505277754,901127.6196094092,0.29984340053440434,0.30320660418857753,0.5250180575876868,0.5775165250157838,0.35835651754573666,0.6398511755877939,1.076991895589938,0.44647337303924783,1.076991895589938,0.04236501343757633,0.0,0.0,0.0,0.0,0.0,0.0,66407.28,-0.035062759816106626,-0.05819610717404289,0.4234571597461032,0.9463,0.6793569373300322
2026-03-28,613.95,619.0,609.9,611.08,70087.882,0,1,-0.004674647772619944,-0.05648025198406559,-0.03110829237355317,-0.07088338148091833,-0.02342826093904815,-0.0046856081089996626,0.3333333333333333,0.4444444444444444,644.247,-0.05148180744341831,631.246,-0.03194634104612139,746.8788000000001,-0.1818217360032177,871.97045,-0.29919643492505965,632.9684992947501,640.0200225167602,0,0,0,39.00890908292706,0,0,-7.051523222010019,-3.9510569088383365,-3.1004663131716823,0,680.2749517801745,608.2190482198254,644.247,0.11184515187552163,0.03970461320741794,21.817007834949347,0.03570237585086952,15.215957249378523,20.158100261191034,26.374265238000945,0,6.36896046852126,9.62617951847637,125020.611,129912.15086666666,0.9623473259888753,0,11373562.182900002,647.5919558110737,900799.9834479303,0.2887933726511468,0.3030558054722578,0.5219365798771078,0.5806372213720172,0.35508498766659774,0.6368600967150242,1.071957337824089,0.4443862672804358,1.071957337824089,0.014891667212149018,0.0,1.0,0.0,0.0,1.0,0.0,66377.03,-0.00045552234634516076,-0.03687114506315603,0.42294430843928316,0.9455,0.6792403297038961
2026-03-29,611.08,615.3,596.42,606.09,83411.719,0,1,-0.008165870262486052,-0.0362083770632573,-0.032438818026532035,-0.10044970835745126,-0.012930964285132518,-0.008199393603961188,0.3333333333333333,0.4888888888888889,642.8195,-0.057138123532344494,630.4277999999999,-0.038605213792919514,744.378,-0.18577658125307303,870.53205,-0.3037706078713587,628.8333455570962,637.5066875155187,0,0,0,37.61378502319872,0,0,-8.673341958422498,-4.895513918755169,-3.7778280396673285,0,682.5249160298839,603.114083970116,642.8195,0.12353519465381485,0.037474938275980384,21.607221561024396,0.03565018654164298,15.65683267952406,18.899972834222044,29.18435044792476,0,10.579868708971622,8.939832598777144,122314.63100000001,128420.28416666666,0.9524556949372375,0,11290150.463900002,647.0669953314649,900118.8541722053,0.28937226525938603,0.2990645818654178,0.521398532456363,0.5735815566194505,0.35022484982794955,0.631659579789895,1.0632038732764975,0.4407574666753933,1.0632038732764975,0.03115048920127373,0.0,1.0,0.0,0.0,0.0,0.0,66010.93,-0.00551546220130672,-0.027233970438703903,0.4173142630843153,0.9434,0.677970818093248
2026-03-30,606.09,621.4,605.09,609.29,122880.083,0,1,0.005279743932419256,-0.007590194641257542,-0.04665863466382947,-0.1036030071648204,-0.01271996629614025,0.005265854949822218,0.26666666666666666,0.4888888888888889,641.184,-0.049742351649448534,629.815,-0.032588934845946965,741.9292,-0.1787760880687808,869.0646499999999,-0.29891291746822285,625.8266770098506,635.4165625143692,0,0,0,39.11753409968133,0,0,-9.58988550451852,-5.83438823590784,-3.7554972686106805,0,683.6315623998023,598.7364376001976,641.184,0.13240368568087268,0.12431293816593195,21.22884859237979,0.03484194487416467,15.691547412438611,19.915240342762132,27.582767200304044,0,14.282543557873712,10.41045757845555,103075.08942857143,126779.45026666667,0.8130267895290939,0,11413030.546900002,645.4885858458705,900767.6295448397,0.2465898086042202,0.2990992916187955,0.5176418881119261,0.5778112214020117,0.34039121506934356,0.6349945806236451,1.0688173174753535,0.44308455323574114,1.0688173174753535,0.026768862118203066,0.0,0.0,0.0,0.0,0.0,1.0,66797.37,0.01191378458082637,-0.05795072239549437,0.4159123806237797,0.9449,0.681389675781025
2026-03-31,609.29,619.77,598.82,617.43,139130.615,0,1,0.013359812240476554,0.010391438109576434,-0.0326962243459189,-0.07654686588594262,-0.0008576606900124739,0.013271356909095342,0.34444444444444444,0.5222222222222223,639.4825000000001,-0.034484915537172825,629.4358,-0.019073907140331105,739.5171,-0.1650903001431611,867.5278,-0.2882879372856985,624.5348805467967,634.0842245503418,0,0,0,42.888636903864565,0,0,-9.549344003545116,-6.577379389435295,-2.9719646141098206,0,682.9124997576362,596.052500242364,639.4825000000001,0.13582857938297324,0.24611443560827176,21.20893083578123,0.03435034066336465,15.997210307049874,18.510090083820362,27.74826697939685,0,26.24609618988129,17.03616948557556,108497.4202857143,125751.7732,0.8627903808016785,0,11552161.161900003,643.5159370323219,902626.3884381418,0.2742349253748921,0.3016998843535095,0.5189902745859115,0.5813208823503057,0.3404406081655035,0.6434779889944973,1.083096516156194,0.4490040796736261,1.083096516156194,0.03393097193204077,0.0,0.0,0.0,1.0,0.0,0.0,68284.48,0.022263002270897836,-0.03220471920896584,0.416989838795722,0.9559,0.6934851683322605
2026-04-01,617.42,621.9,609.58,610.81,126557.565,0,1,-0.010721863207165172,0.007787622300318375,-0.05689713738690061,-0.06356263510509452,-0.042302325216764136,-0.010779756570835028,0.2222222222222222,0.4222222222222222,637.437,-0.041771971190878575,629.255,-0.02931244090233697,737.0386,-0.1712645714892002,865.91345,-0.29460617570959324,622.423360462674,632.3602079169831,0,0,0,40.681682736131556,0,0,-9.936847454309031,-7.249273002410043,-2.687574451898988,0,682.2710979730108,592.6029020269892,637.437,0.1406698951363375,0.2030496742007726,20.574007204653995,0.03368315385251387,16.14027928455767,18.457859444023896,26.5614065540566,0,23.99133044348113,21.50665673041206,109788.65242857144,123217.6537,0.8910139832387626,0,11425603.596900003,641.7592676535274,901269.4555383798,0.23921851625596,0.28778908600302816,0.48492210643846456,0.5934748739683368,0.3241267198573465,0.6365787060196765,1.0714837034698101,0.4441899193519064,1.0714837034698101,0.02016993827867903,-1.619616798663963e-05,0.0,0.0,0.0,0.0,1.0,68113.92,-0.0024977857340350296,-0.045174751281005676,0.3947863654441796,0.948,0.6923949367458473
2026-04-02,610.81,613.6,570.31,583.52,297618.319,0,1,-0.044678377891651966,-0.04229513039767596,-0.07209871831568238,-0.08703747164202458,-0.0789822589809962,-0.04570721812127324,0.14444444444444443,0.4,633.8265,-0.07936951200367928,628.7632,-0.07195586510151994,734.4308,-0.20547994446855986,864.1985000000001,-0.32478475720566524,616.438228083801,628.7424147379472,0,0,0,33.116410545840736,0,0,-12.304186654146179,-8.26025573275727,-4.043930921388908,0,683.7941789324422,583.8588210675579,633.8265,0.15766989525506472,-0.003390402304017205,22.196578118607285,0.038039104261391704,17.713574113120174,15.886546968154464,35.49829472610848,0,16.014062310583142,22.083829647981872,138774.40185714286,128131.8958,1.0830589916015498,1,11127985.277900003,633.8980102311378,887972.3518146196,0.3090595053544668,0.3149160802876317,0.4896252297703388,0.643177804451263,0.34279410050284487,0.6081374020343505,1.0236115496614393,0.42434423427943946,1.0236115496614393,0.07418768851110515,0.0,1.0,1.0,1.0,1.0,1.0,66901.99,-0.01779269200774225,-0.027874329540218512,0.3976439858830081,0.9132,0.7219611094575923
2026-04-03,583.52,590.31,581.93,588.31,76506.375,0,1,0.008208801754866935,-0.04716324117713755,-0.041762358498249164,-0.08378626715048831,-0.1058982659310933,0.008175292795779214,0.3333333333333333,0.37777777777777777,630.357,-0.06670347120758559,628.2436,-0.06356387872474956,731.8480999999999,-0.19613100040841808,862.5416500000001,-0.3179343861250064,612.1108083786008,625.7474210536549,0,0,0,35.38762435447008,0,0,-13.636612675054039,-9.335527121216625,-4.301085553837414,0,682.9141601011281,577.7998398988718,630.357,0.1667536335794737,0.09998789965919905,21.20967968156391,0.03605187687029612,19.174490739642497,15.438202945210024,34.49647549521618,0,21.82082676688083,20.608739840315053,130884.65114285714,124018.11886666667,1.0553671700469247,0,11204491.652900003,632.0585940209976,888600.3774799781,0.3111603103212482,0.2926521405810944,0.4876858690815715,0.6000832895409252,0.3263948898470669,0.6131294814073703,1.0320141739466022,0.42782759197446024,1.0320141739466022,0.01424419098774455,0.0,1.0,1.0,1.0,1.0,1.0,66964.3,0.0009313624303253221,0.008387935780534983,0.3488445731272817,0.8949,0.7474613958531792
2026-04-04,588.32,596.58,587.1,593.36,59665.434,0,1,0.008583909843449922,-0.02856862199374588,-0.028997839890030797,-0.059204058982083474,-0.08410897584317356,0.008547277572153286,0.4111111111111111,0.4111111111111111,626.3365,-0.052649813638515376,627.7320000000001,-0.05475585122313355,729.4852999999999,-0.1866045827105768,860.7301999999999,-0.31063183329689126,609.2260686280468,623.3483528274583,0,0,0,37.78626543596814,0,0,-14.12228419941141,-10.292878536855582,-3.8294056625558284,0,677.1851146475971,575.4878853524029,626.3365,0.162368358374762,0.1757384618190542,20.37184541859506,0.03433302787278391,20.101201336299127,17.12346241624973,33.34984191842359,0,27.942780943144705,21.925890006869576,129395.73,121739.04586666667,1.0628942347857664,0,11264157.086900003,629.7953738661121,889112.5401862045,0.32355899211127853,0.2925364833190874,0.48651572534073523,0.6012888547727971,0.32356122860450004,0.6183925295981324,1.0408728905729223,0.4315000254525093,1.0408728905729223,0.015976810031009873,1.6997841274335968e-05,1.0,1.0,1.0,1.0,1.0,67300.42,0.0050193909291964545,0.013911288287529633,0.3431363448439679,0.8936,0.7583261301991363
2026-04-05,593.36,604.06,587.13,601.5,78031.95,0,1,0.013718484562491584,0.03081299698382245,-0.007573132703063923,-0.03976628725595055,-0.041143932027227326,0.013625237986430947,0.5555555555555556,0.45555555555555555,622.426,-0.03362006085864029,627.1066000000001,-0.04083293015892365,727.1531,-0.17280143617623303,858.7878,-0.2995941488689056,608.0374426852704,621.7299563217206,0,0,0,41.55271055323013,0,0,-13.692513636450144,-10.972805556774496,-2.719708079675648,0,667.717555341631,577.134444658369,622.426,0.14553233747186334,0.26898563272825693,20.12599931726684,0.0334596829879748,20.461507266231187,18.749290402908695,31.34599173588701,0,37.810643714389684,29.19141714147176,128627.19157142857,120505.71966666667,1.0673949081191072,0,11342189.036900003,624.1197437439357,890183.0202876606,0.33839731560520525,0.28265756610699727,0.46176876167379516,0.6121192890624194,0.31902347995578606,0.6268759379689846,1.055152089253763,0.4374195518903943,1.055152089253763,0.028146300914380633,0.0,0.0,1.0,0.0,1.0,1.0,69034.18,0.025761503420038023,0.04579923355117099,0.3326485556464101,0.8848,0.7488548936760131
2026-04-06,601.5,610.29,596.25,600.11,104959.549,0,1,-0.0023108894430590166,0.020057452703506673,-0.015066716998473506,-0.061022359218287914,-0.03248637668074672,-0.0023135636687556887,0.4888888888888889,0.4666666666666667,619.001,-0.030518529049226032,626.8056,-0.042589919426374,724.7038,-0.1719237569887173,856.88315,-0.2996594693220423,606.8178361183058,620.1284780756672,0,0,0,41.09518913074055,0,0,-13.31064195736144,-11.440372836891886,-1.8702691204695547,0,659.7162452502787,578.2857547497213,619.001,0.13155146841532958,0.2680107305767654,19.691285080319208,0.032812792788520784,20.390465738573344,20.054291071535637,29.749572224206986,0,36.125590980725015,33.95967187941982,126067.11528571429,121900.41083333333,1.0341812174700364,0,11237229.487900002,620.1368089695615,889940.4703739283,0.3354650765464694,0.2811177533676608,0.3677050455929526,0.7645197060441118,0.31972264253865706,0.6254272969818243,1.0527137494298846,0.4364087236657431,1.0527137494298846,0.023395710786355772,0.0,1.0,1.0,1.0,1.0,1.0,68853.66,-0.0026149365430282456,0.030783996435787886,0.3304787955476459,0.8833,0.7483059737003349
2026-04-07,600.1,624.85,592.2,620.1,163526.892,0,1,0.03331055973071595,0.04506539031953616,0.0043243768524368065,-0.0285132382892056,0.01326840746429614,0.03276778360985431,0.6555555555555556,0.6222222222222222,617.3925,0.004385378831132516,626.6637999999999,-0.010474196850049263,722.3116,-0.14150624190446337,855.0631500000001,-0.274790405831429,608.8612459462587,620.1263685885807,0,0,0,49.676701823334916,0,0,-11.265122642322012,-11.405322797977911,0.14020015565589894,1,654.9966967842731,579.788303215727,617.3925,0.12181617620645889,0.5359999711672119,20.61690757458212,0.0332477141986488,19.449845364900256,22.83019371917676,26.384360826001156,0,60.358831373499896,44.765022022871555,129552.29771428571,124619.98876666666,1.0395787946735744,0,11400756.379900001,617.3407966023832,895387.6426774727,0.38923911749488693,0.2950485937036206,0.3376695317121717,0.8737791420136743,0.3298463945000441,0.6462606303151576,1.087780233659615,0.4509457425224164,1.087780233659615,0.052652797935816766,-1.666361167117846e-05,0.0,0.0,0.0,1.0,1.0,71924.22,0.04459545069935267,0.053302595260299235,0.3478763289295403,0.8954,0.7574997495286936
2026-04-08,620.11,621.46,599.45,601.16,162114.686,0,1,-0.030543460732140093,-0.0005652535328346531,-0.015798693538088715,-0.07179693048821911,-0.052754317408294504,-0.031019633289938803,0.4888888888888889,0.4444444444444444,615.4929999999999,-0.023287023572973162,626.3322000000001,-0.04018985452129092,719.7986,-0.16482193769201553,852.8501,-0.29511645715935314,607.6764388776035,618.721452396834,0,0,0,43.24790086209204,0,0,-11.045013519230565,-11.333260942228444,0.28824742299787864,0,652.2991848921706,578.6868151078293,615.4929999999999,0.11959903651924776,0.30529087649275966,20.716414176397684,0.034460732877100414,18.576412160775245,21.09763876651107,24.38208456044281,0,39.47031729785055,45.31824655069184,134631.88642857145,125979.09909999999,1.0686843086701472,0,11238641.6939,615.4423767045888,890436.0991315284,0.4308477894457092,0.2883183150539173,0.34196419647948495,0.8431242744771207,0.3238025764234136,0.6265215941303985,1.0545556608076343,0.43717229894335724,1.0545556608076343,0.036612549071794516,1.6126431220756176e-05,1.0,1.0,1.0,1.0,1.0,71069.93,-0.011877640105099618,0.04339803082835347,0.33483411666876184,0.8745,0.7487619363565124
2026-04-09,601.15,612.1,596.94,603.03,107305.176,0,1,0.0031106527380397875,0.004865774607988538,0.03343501508088842,-0.04107432496899155,-0.06070093457943926,0.0031058246675208677,0.8444444444444444,0.4444444444444444,613.539,-0.017128495499063652,626.2968,-0.03714979862582723,717.2124,-0.15920304780006597,850.62625,-0.2910752519099899,606.9616021272029,617.5591225896611,0,0,0,44.01821922437583,0,0,-10.597520462458192,-11.186112846274394,0.5885923838162022,0,648.4985308290934,578.5794691709066,613.539,0.11396025624807359,0.3496976396597634,20.319527449512133,0.0336957157181436,17.89844498894003,19.97331494094471,23.965059951159663,0,53.15139701104613,50.993515227465544,107444.29457142856,126196.4901,0.851404777472718,0,11345946.869900001,613.8930092297518,890769.8882710587,0.3054872414920726,0.28595615190097584,0.3414650522983272,0.8374389999101431,0.32308997567378084,0.6284704852426213,1.057836017261341,0.4385321901520606,1.057836017261341,0.025139711125482925,-1.6634506620518507e-05,0.0,1.0,1.0,1.0,1.0,71787.97,0.010103288409036182,0.0730319083184221,0.3301526802541181,0.8723,0.7513087213475591
2026-04-10,603.03,610.34,597.4,605.54,104265.932,0,1,0.004162313649403782,-0.02348008385744249,0.029287280515374547,-0.01369818389119648,-0.07048782734166348,0.004153675184317156,0.8111111111111111,0.43333333333333335,612.281,-0.011009650797591279,626.251,-0.03307140427719878,714.6247999999999,-0.1526462557694611,848.68945,-0.28649990877110587,606.7428941076332,616.6688172126492,0,0,0,45.09546144085943,0,0,-9.925923105015954,-10.934074898022706,1.0081517930067516,0,646.4420260538744,578.1199739461255,612.281,0.11158610524865048,0.4013349307867842,19.79241834597556,0.032685567173061335,17.268904043664477,19.04058154050108,22.84591613721731,0,64.59479281261454,52.405502373837095,111409.94557142856,125667.1607,0.8865478057341719,0,11450212.801900001,613.0418309069569,891203.8757829901,0.3045162061477251,0.2822229229264206,0.3414908069022444,0.8264436910807091,0.32014032767460326,0.631086376521594,1.0622390625548188,0.44035749867283347,1.0622390625548188,0.02136935627704207,0.0,1.0,1.0,1.0,1.0,1.0,72962.7,0.01636388380950171,0.08957608755710122,0.3330675065659313,0.8816,0.7427304320847207
2026-04-11,605.54,614.12,603.4,607.05,94267.47,0,1,0.0024936420385111013,0.009797724399494223,0.02307199676419036,-0.006594881193951796,-0.06854170502669865,0.002490538072252618,0.7888888888888889,0.45555555555555555,611.313,-0.006973514386247362,625.8738,-0.03007603130215709,712.0514,-0.1474632308847367,846.6448000000001,-0.2829932930551279,606.7901411679973,615.9563122339345,0,0,0,45.77151643424094,0,0,-9.166171065937192,-10.580494131605603,1.4143230656684107,0,644.8803049574452,577.7456950425548,611.313,0.10982035375477123,0.4365007109536433,19.144388464120166,0.031536757209653515,16.420307797326267,19.689354141903742,21.932152587690325,0,67.36340300696729,61.70319761020934,116353.09357142857,125424.94116666667,0.9276711034435864,0,11544480.271900002,612.2131856572338,891438.9451090462,0.3029855306864364,0.28247051628765596,0.3373799732209036,0.8372474322970707,0.31870903042823584,0.63266008004002,1.064887906536154,0.4414555926434976,1.064887906536154,0.017659171402685164,0.0,1.0,1.0,1.0,1.0,1.0,73043.16,0.0011027552434326182,0.0853299281044606,0.33290547540515386,0.8803,0.7425943000864211
2026-04-12,607.06,607.44,589.1,592.19,103774.251,0,1,-0.024479037970512985,-0.017975888430094566,-0.015477971737323237,-0.02293388770644622,-0.09689963857075312,-0.02478363065216543,0.5,0.4,608.967,-0.027549932919189266,625.2053999999999,-0.052807285413721455,709.1608,-0.16494256309711414,844.5133000000001,-0.29877954556784364,604.5439656036899,614.1958446610504,0,0,0,40.487961407892065,0,0,-9.651879057360475,-10.394771116756576,0.7428920593961017,0,640.8716949853172,577.0623050146828,608.967,0.10478300132952091,0.23707631419574998,19.086932145254444,0.03223109499527929,16.452088063729573,18.33800790513793,25.77833052211729,0,40.11734506784026,57.358513629140724,120030.56514285714,121151.38286666667,0.9907486179910712,0,11440706.020900002,608.8016993684552,888898.6512784556,0.33385986407950813,0.2885332351977837,0.3389216860043551,0.8513271564277419,0.31430604386024824,0.6171731699182925,1.0388204750377155,0.4306491844288821,1.0388204750377155,0.03096979010115002,1.6473107651743524e-05,1.0,1.0,1.0,1.0,1.0,70740.98,-0.03151807780495819,0.024723984553738587,0.3459505608823653,0.8871,0.7355691541752541
2026-04-13,592.19,617.97,591.6,614.71,138504.5,0,1,0.0380283355004305,0.01514350827360711,0.02432887303994269,0.008895599796484577,-0.06536414778774513,0.037323082541080216,0.8,0.4777777777777778,607.7875,0.011389671554614093,625.2036,-0.016784292348924437,706.5216,-0.12994875174375417,842.85735,-0.2706832300863248,606.10797089543,614.2339302417133,0,0,0,49.92226543782972,0,0,-8.125959346283366,-9.941008762661934,1.8150494163785673,0,636.7331957076672,578.8418042923329,607.7875,0.09524939459158716,0.6195773642809073,19.60715127773627,0.03189658746032482,15.749078844815335,20.412421336804307,23.30192147319721,0,81.40814081408146,62.962962962963026,124822.70099999999,123926.85736666666,1.0072288094152404,0,11579210.520900002,607.6385910658837,894165.746872775,0.4095573833976727,0.3113894408222744,0.34703185227523,0.8972935446147816,0.3226121352835009,0.6406432382858096,1.0783250885871665,0.4470260560973305,1.0783250885871665,0.04289827723642043,0.0,1.0,1.0,1.0,1.0,1.0,74417.99,0.0519784995910435,0.08081385942301389,0.37714389040257806,0.9046,0.7447104725173596
2026-04-14,614.71,625.38,610.86,613.75,173382.031,0,1,-0.0015617120268094364,0.011036982126678252,-0.010240283825189489,-0.005960189819088746,-0.08908084361132129,-0.0015629327701687124,0.5666666666666667,0.4222222222222222,606.092,0.012635045504642886,625.5504,-0.018864027582749476,703.7048000000001,-0.1278303061169969,841.1221,-0.27031996900331123,607.2836676807484,614.1980835571419,0,0,0,49.56157249276928,0,0,-6.914415876393491,-9.335690185408245,2.4212743090147537,0,628.4199099359104,583.7640900640896,606.092,0.07367828625327635,0.6714894054566997,19.24378332932654,0.031354433123138965,14.626841506007432,22.06271919656646,22.046065439066943,0,78.88142364263668,66.80230317485281,126230.578,126606.2886,0.9970324491448681,0,11405828.489900002,606.4291498200188,893894.9740697297,0.35436485367582965,0.30120251337540555,0.3466895210014128,0.8687961277438728,0.3188185522038108,0.6396427380356845,1.0766410553275094,0.44632793012922606,1.0766410553275094,0.023657841140529504,0.0,1.0,1.0,1.0,1.0,1.0,74131.55,-0.0038490692909066704,0.030689661980345395,0.3722331703855202,0.9032,0.7283561023955079
2026-04-15,613.75,627.64,610.45,622.59,114943.22,0,1,0.014403258655804496,0.051334875631131816,0.035647747687803655,0.019285866308672128,-0.08403583881361165,0.0143005170929483,0.8777777777777778,0.4444444444444444,605.7785,0.027751892812306847,626.3302,-0.005971610501936453,700.8276,-0.11163601433505178,839.3928,-0.25828527478434404,609.6384880375564,614.8197069973536,0,0,0,52.93380976310591,0,0,-5.1812189597972065,-8.504795940286037,3.3235769804888307,0,626.9040916391973,584.6529083608027,605.7785,0.06974691785594007,0.8978941817848848,19.097084520088927,0.030673612682646567,13.728066094358704,21.48948980115886,20.628602009359703,0,91.19134833420557,83.82697093030792,119491.79714285713,122873.88739999999,0.9724751098161898,0,11520771.709900003,606.0323916742337,895550.5309981207,0.2949996921423568,0.3035131617851002,0.3449167799958875,0.8799605568297345,0.3192568346719593,0.6488556778389195,1.09214819492685,0.45275650675218715,1.09214819492685,0.02761046595672905,0.0,1.0,1.0,1.0,1.0,0.0,74809.99,0.009151838859432937,0.05262506942106193,0.36393343078896334,0.9028,0.7503793112904609
2026-04-16,622.58,637.4,614.89,635.77,131546.701,0,1,0.021169630093641034,0.03426005758813089,0.05429248959421584,0.08954277488346585,-0.04911682445670873,0.02094866651253231,0.9444444444444444,0.5333333333333333,606.8695,0.047622264753789674,626.4572000000001,0.014865820043252634,698.0089,-0.08916634157530091,837.6065999999998,-0.24096825407058625,613.658720647163,616.3715805531052,0,0,1,57.49657706679897,0,0,-2.712859905942196,-7.346408733417269,4.633548827475074,0,631.7006836842056,582.0383163157944,606.8695,0.08183368478463854,1.0819396362160283,19.340864197225432,0.03042116519688792,13.490824380600165,23.30751901032837,18.913691819738276,0,97.06147467099335,89.04474888261188,122954.87214285714,122354.87633333333,1.0049037343463878,0,11652318.410900002,606.6819867934041,898335.3259983294,0.3092591890944574,0.30834219916632066,0.34260888606112333,0.8999830760703349,0.3198168771319727,0.6625917125229281,1.1152685682208892,0.46234119452262,1.1152685682208892,0.035405885776302735,-1.6061934820653887e-05,0.0,0.0,1.0,0.0,0.0,75154.29,0.004602326507462173,0.046892536451441647,0.36193983777091093,0.8859,0.7522261265698658
2026-04-17,635.77,645.67,626.66,643.12,153486.838,0,1,0.011560784560454396,0.04785336048879829,0.062060309806123426,0.09316516802366115,-0.014027933217839239,0.011494469305494557,0.9555555555555556,0.6111111111111112,608.4715,0.05694350516006093,626.8048,0.026029156126436817,695.4371000000001,-0.07522908973363672,835.6732499999999,-0.2304169123518073,618.1912251629841,618.3529449565789,0,0,1,59.83500303700504,0,0,-0.16171979359478428,-5.909470945452773,5.7477511518579885,0,638.1144057990506,578.8285942009494,608.4715,0.09743399912420088,1.084431570826463,19.31723104028076,0.030036744371627004,13.733040923253027,24.72714003902508,17.584200471745522,0,95.64623527403114,94.63301942641004,129986.43014285713,122654.26473333333,1.0597791314102687,0,11805805.248900002,608.4231487545528,900109.7542653128,0.3090067448546045,0.30262230901515225,0.3411387317351064,0.8870945479451976,0.312818803817763,0.6702517925629482,1.128161947865137,0.46768622146591915,1.128161947865137,0.029559024754322663,0.0,0.0,0.0,0.0,0.0,0.0,77072.0,0.02551697314950352,0.05632055831267224,0.35131030439866073,0.881,0.7564477616274446
2026-04-18,643.12,648.79,628.03,629.9,119665.359,0,1,-0.020556039308371687,0.011741274353908482,0.037641050984268176,0.06158150195496814,-0.01447234608464365,-0.020770255391822062,0.8777777777777778,0.6111111111111112,609.662,0.033195442720720565,627.1221999999999,0.0044294397487444565,692.8134999999999,-0.09080870970326055,833.7802,-0.24452511585187564,619.9925751379096,619.2082823672026,0,0,1,54.07257433652681,0,0,0.7842927707069975,-4.570718202220819,5.355010972927817,0,640.7780717315162,578.5459282684839,609.662,0.10207646771987157,0.8252017184981245,19.42028596597499,0.030830744508612465,14.127315396809824,23.986620462290787,16.24153964189761,0,69.36425559519948,87.35732184674134,133614.69999999998,122720.45476666668,1.088772855788768,0,11686139.889900003,609.7669122389109,897649.9084418584,0.35623559426122403,0.3028819689859847,0.3424200781391143,0.8845333212701781,0.31173402349554985,0.6564740703685176,1.104971406518612,0.45807244511348183,1.104971406518612,0.03295761231941577,0.0,1.0,1.0,0.0,0.0,0.0,75691.76,-0.017908449242267088,0.03626075323137701,0.3510131312097708,0.8808,0.7575796046812979
2026-04-19,629.9,630.43,615.0,616.06,100590.742,0,1,-0.021971741546277235,-0.03100177737232024,0.040308009253786636,0.0242061512884455,-0.04056937284888895,-0.022216715240285987,0.8777777777777778,0.5666666666666667,610.0005,0.009933598415083197,627.1006,-0.01760578765193342,690.0055,-0.1071665370783277,831.7280000000001,-0.25930111767308556,619.3875635782313,618.9750762659284,0,0,0,48.776542599670975,0,0,0.4124873123029147,-3.5740770993160726,3.9865644116189873,0,641.246557418679,578.754442581321,610.0005,0.10244600592517225,0.5969642332599947,19.135265539833917,0.031060717364922115,13.524853350569241,22.605051842065624,20.16993726510409,0,45.16669458870824,70.05906181931297,133159.913,122850.54609999999,1.0839179574473214,0,11585549.147900002,610.0861173675813,895439.7546566861,0.3473599980575789,0.3088782446670933,0.34270736407249985,0.9012886125252623,0.3132168742286003,0.6420501917625479,1.0806932603585588,0.4480077957399772,1.0806932603585588,0.02504626172775371,0.0,1.0,1.0,1.0,1.0,1.0,73801.79,-0.024969296525804152,0.04326784842392617,0.3596829171340033,0.8857,0.7582307900694121
2026-04-20,616.07,632.08,615.97,629.26,92147.711,0,1,0.021426484433334503,-0.021551187958701368,0.02366969790632978,0.04857442802152945,-0.002283177421912197,0.021200164436395552,0.7888888888888889,0.6777777777777778,610.592,0.030573607253288622,627.3266,0.00308196719220898,687.2188000000001,-0.08433820495015576,829.4232,-0.24132819048225318,620.9063999508111,619.7369224684521,0,0,1,53.45858791681159,0,0,1.1694774823589569,-2.6253661829810673,3.794843665340024,0,642.861375803348,578.322624196652,610.592,0.10569865246628846,0.7892525736128924,18.919175144131497,0.0300657520645385,13.068285142858034,21.853103530900757,18.943148318117906,0,67.28095158317977,60.60396725569584,126537.51457142858,124114.2465,1.0195244956946066,0,11677696.858900001,610.5567894583533,897414.1561519951,0.2951525797245244,0.3114694848580372,0.3452536725860348,0.9021467679838256,0.31230719888894415,0.6558070702017675,1.103848717678841,0.45760702780141227,1.103848717678841,0.025601500174808528,1.6232185176938273e-05,1.0,0.0,0.0,0.0,0.0,75840.97,0.027630495141107048,0.01912145168123991,0.35958193886468004,0.8875,0.7664435926144992
2026-04-21,629.26,640.7,625.0,631.72,105373.239,0,1,0.003909353844198105,0.0028893475154787573,0.029279022403258637,0.018738913078535813,0.008476876167366587,0.0039017321778611475,0.8,0.7333333333333333,611.6375,0.03283399072162838,627.2052,0.007198282157099521,684.4928,-0.07709766998279596,826.6347999999999,-0.23579312170259456,622.5700307276093,620.6245578411593,0,0,1,54.29699955182722,0,0,1.9454728864499202,-1.71119836909487,3.65667125554479,0,645.2630491052926,578.0119508947075,611.6375,0.10995254249548962,0.7986196587766515,18.68923406240782,0.02958468002027452,13.16911424113077,23.836316634964938,17.806483878804354,0,71.40224493214951,61.28329703467919,116821.97285714284,124214.90183333334,0.9404827531393131,0,11783070.097900001,611.3068546137703,897826.0974289554,0.29315283187735974,0.31100097718772857,0.34011012207342733,0.9144125887573133,0.3123405621508968,0.6583708520927131,1.1081640529067118,0.45939597559467976,1.1081640529067118,0.02485278287849054,0.0,1.0,1.0,0.0,0.0,0.0,76336.15,0.006529188643024986,0.029739024747222897,0.3552022209268122,0.89,0.7767766548969955
2026-04-22,631.73,654.19,631.19,637.47,134986.339,0,1,0.009102133856772054,0.03475310846346158,0.023900159013154676,0.060399893539157645,-0.0025660684389228194,0.009060959099896843,0.7777777777777778,0.6777777777777778,614.3349999999999,0.03765860646064461,627.2834,0.016239230944099587,681.8097,-0.06503236900267038,824.0684,-0.22643557258111094,624.8623336925925,621.8723683714438,0,0,1,56.27953051406022,0,0,2.989965321148702,-0.7709656310461557,3.7609309521948577,0,647.1082641356658,581.5617358643341,614.3349999999999,0.10669509025422887,0.8529553831475578,18.997145915092975,0.02980084696549324,13.981395332743139,26.847162583594706,16.26659418378323,0,74.31249039791055,70.99856230441328,119685.27557142857,120129.21733333333,0.9963044647109212,0,11918056.436900001,615.8767065931396,899054.761155369,0.2871365170283494,0.30651755825306065,0.3405958786861307,0.8999450006132509,0.3073259169613822,0.664363431715858,1.1182507104515316,0.46357745925780486,1.1182507104515316,0.036080129260984826,1.5829798011762974e-05,0.0,0.0,0.0,0.0,1.0,78178.23,0.02413116197240761,0.04502393330088661,0.3392418499647574,0.8919,0.8030902189698743
2026-04-23,637.47,640.38,631.0,638.54,98409.256,0,1,0.0016785103612717567,0.014747481168356336,0.0043569215282255325,0.0588859592391755,0.0003759987466709358,0.0016771032371169082,0.6444444444444445,0.7111111111111111,616.8465,0.03516839278491484,626.8944,0.018576653420416492,678.7578,-0.05925206310704645,821.4241999999999,-0.222642819629614,626.9665900475783,623.1070077513368,0,0,1,56.656322483941835,0,0,3.859582296241456,0.15514395441136664,3.7044383418300892,0,648.9133422123934,584.7796577876065,616.8465,0.10397024936477213,0.8382543852667802,18.31020692115776,0.02867511341679106,14.71981047161288,25.86478160841176,15.745492740906245,0,75.95636810569968,73.89036781191993,114951.35485714285,120037.04923333334,0.9576322942902014,0,12016465.6929,617.6982035570501,899219.9421112101,0.259552884653333,0.3065376817125345,0.33858951081908717,0.9053372060197151,0.30626415690843767,0.6654785726196432,1.1201277058555241,0.46435557882642114,1.1201277058555241,0.014689761017320757,0.0,0.0,0.0,0.0,0.0,0.0,78257.48,0.001013709315240252,0.041290922979912326,0.3383974311895576,0.8928,0.8058934188775477
2026-04-24,638.55,640.49,632.04,636.21,70625.818,0,1,-0.003648949165283244,0.007107579307288114,-0.010744495584027791,0.05064900749744039,-0.01767902912021735,-0.0036556228197855557,0.5,0.6222222222222222,618.9889999999999,0.027821172912604455,626.6616,0.01523693170285209,675.6352,-0.05835279156562597,818.4893,-0.22270211718100644,628.3886531171817,624.0775997697564,0,0,1,55.53396215317194,0,0,4.311053347425286,0.9863258330141507,3.3247275144111352,0,650.1620807622759,587.815919237724,618.9889999999999,0.1007225678074278,0.7762158820831093,17.605906426789353,0.027673105463273687,15.411478631006984,25.022704606525387,15.205700621329305,0,72.3767091719158,74.21518922517537,103114.06628571429,118473.94516666667,0.8703522630284285,0,11945839.8749,618.8983403136484,898962.2320915716,0.24858204367235698,0.3035586363251294,0.33251453856419577,0.9129183873760873,0.30434848855031077,0.6630502751375689,1.1160404167982318,0.4626611689246679,1.1160404167982318,0.013281778029267137,1.5660726031244567e-05,0.0,0.0,0.0,0.0,1.0,77437.13,-0.010482704017558353,0.004737518164833032,0.34007105398160364,0.8915,0.7930612391784394
2026-04-25,636.21,638.5,627.15,628.53,58918.337,0,1,-0.012071485830150497,-0.014024189373617713,-0.002174948404508714,0.035384235235977224,-0.0005247590878733055,-0.01214493793105158,0.6,0.7222222222222222,620.3405,0.013201620722812637,626.686,0.002942462413393529,672.6085,-0.06553366482879724,815.1098,-0.22890143143905273,628.4103987914614,624.4074071942189,0,0,1,51.88542095955324,0,0,4.002991597242499,1.5896589858598205,2.4133326113826783,0,650.6529052944944,590.0280947055056,620.3405,0.09772828082156299,0.6350849581291295,17.15905596773297,0.027300297468271957,15.605611880939646,23.840456344740684,16.522853077330712,0,60.57766169918563,69.63691299226706,94435.92028571428,117280.62063333332,0.8052133402410887,0,11886921.5379,619.9275766538954,898251.00022134,0.22481281547370946,0.2932258397016485,0.3302844540751639,0.8877978847739475,0.29789643365367346,0.6550462731365683,1.1025681507209768,0.4570761611798329,1.1025681507209768,0.01805800836873343,0.0,0.0,0.0,0.0,1.0,1.0,77625.0,0.0024260971448708535,0.02554095716627547,0.3202146581915629,0.8766,0.800491137702692
2026-04-26,628.52,638.06,627.0,635.76,54446.34,0,1,0.011503030881580889,-0.004353681836689938,0.031977404798233966,0.07357435958053982,0.03552406547764475,0.011437374043893452,0.8222222222222222,0.8444444444444444,622.123,0.021920102616363554,626.9960000000001,0.013977760623672073,669.5844999999999,-0.05051565560433365,811.7516,-0.21680474667373623,629.5411066696981,625.2483399946472,0,0,1,54.89007490711906,0,0,4.292766675050984,2.1302805236980533,2.162486151352931,0,651.6078429215099,592.6381570784902,622.123,0.0947878246633218,0.7312544115683831,16.7234091128949,0.026304594678644298,15.771844692707917,22.714252926215046,15.806394771564324,0,70.55440166160719,67.8362575109029,87843.86285714286,114704.3443,0.7658285603149807,0,11941367.8779,621.0684115007789,898877.2981517491,0.17142995318386972,0.2859405796194097,0.29262712272159336,0.9771499543856527,0.29037122289677403,0.6625812906453227,1.1152510262077677,0.46233392237711896,1.1152510262077677,0.01739650182458781,-1.5910139531909225e-05,0.0,0.0,0.0,1.0,1.0,78657.55,0.01330177133655397,0.06579461013073007,0.2986140608816873,0.873,0.8336935243595232
2026-04-27,635.77,639.81,618.38,626.83,103945.488,0,1,-0.014046180948785625,-0.01474355951651185,-0.0038616787973173583,0.019716614338468608,0.02577403940564249,-0.014145762138426728,0.5777777777777777,0.8333333333333334,622.4595,0.007021340344231219,627.293,-0.0007380920877484133,666.3816,-0.05935277924840662,808.609,-0.22480457180169897,629.1240133358983,625.3654999950437,0,0,0,50.68033654256042,0,0,3.75851334085462,2.455927087129367,1.302586253725253,0,652.000691562769,592.9183084372311,622.4595,0.09491763420035831,0.5739729809258638,17.059594176259544,0.027215663220106795,15.140056166084639,20.676160396917368,17.99732345971385,0,37.448559670781876,56.19354101052492,89529.25957142857,115832.93116666666,0.7729171546441231,0,11837422.3899,622.0474429529397,897417.2610184912,0.15738699331683964,0.28892116729186235,0.29384584672879027,0.983240602200945,0.29524098705325535,0.6532745539436385,1.0995860084903346,0.4558398964446481,1.0995860084903346,0.034187897835138634,1.5729205989667335e-05,0.0,0.0,0.0,1.0,1.0,77371.32,-0.016352276418474698,0.020178407528279374,0.30500689974298656,0.8753,0.8269671385842253
2026-04-28,626.83,627.58,619.0,624.55,62347.742,0,1,-0.003637349839669568,-0.006332235533705655,-0.011349965174444532,0.017596741344195532,0.030457522810143578,-0.0036439810815789937,0.4666666666666667,0.8444444444444444,623.629,0.0014768395953362263,627.0912,-0.004052361123868432,663.302,-0.05842286017530486,806.2194000000001,-0.22533493984391853,628.4203189765294,625.3050925880035,0,0,0,49.633676135968265,0,0,3.1152263885259117,2.587786947408676,0.5274394411172358,0,651.4198973359568,595.8381026640433,623.629,0.08912637910025589,0.516570173839049,16.453908877955296,0.02634522276511936,14.553395391363024,19.906037462598213,17.326978904118693,0,32.23593964334684,46.74630032524532,83382.76000000001,115130.7986,0.724243738547298,0,11775074.6479,623.2181100722582,897190.4804691238,0.15490967083373378,0.28798169148019165,0.2913030822566827,0.9885981612320723,0.2912023546080352,0.6508983658495914,1.0955864294986493,0.4541818472704002,1.0955864294986493,0.013737891281722907,0.0,0.0,0.0,1.0,1.0,1.0,76342.77,-0.013293685567210223,8.67216908373436e-05,0.308219503472221,0.868,0.8087511732360243
2026-04-29,624.56,629.61,610.26,617.39,101813.172,0,1,-0.011464254263069407,-0.0288945514030452,-0.03149952154611202,-0.008352206106747695,0.013294162057476688,-0.011530475430003904,0.32222222222222224,0.7888888888888889,624.347,-0.011142842041364807,626.599,-0.014696799707628098,660.2398999999999,-0.064900500560478,803.6309999999999,-0.23174939742244874,626.7233468262941,624.7187894333366,0,0,0,46.39337668204963,0,0,2.0045573929575085,2.4711410365184427,-0.4665836435609343,0,650.5963397210352,598.0976602789648,624.347,0.08408573988834799,0.36748238100585584,16.660772529529922,0.026985815334763963,13.774374518161864,18.25467421133338,19.63660837851285,0,16.230366492146562,28.638288602091777,78643.73614285713,114428.56823333334,0.6872736184419723,0,11673261.4759,623.9921878085754,896023.2683779862,0.14411147837356178,0.28992761741595596,0.2921247369233781,0.992478831027588,0.29258780133709894,0.6434363014840754,1.0830263481037086,0.4489749910916218,1.0830263481037086,0.03134161551045534,1.601152830036171e-05,1.0,1.0,1.0,1.0,1.0,75780.0,-0.007371621438415188,-0.03067644278976378,0.3095470192372618,0.8697,0.812492605087575
2026-04-30,617.39,620.53,613.47,615.38,78612.445,0,1,-0.0032556406809309824,-0.01826651564219972,-0.036270241488395305,-0.03207134655614452,-0.0033202144372640463,-0.0032609518096032293,0.28888888888888886,0.6777777777777778,624.839,-0.015138299625983748,625.8774,-0.01677229438225437,657.5517,-0.06413442471519729,800.1946499999999,-0.23096211653002172,624.9782165453258,624.0270272530895,0,0,0,45.49544287992674,0,0,0.9511892922363359,2.1671506876620215,-1.2159613954256856,0,649.9482131550155,599.7297868449846,624.839,0.08037018545582296,0.31164284317466445,15.975003063134924,0.02595957467440431,13.050997993046499,17.678425719402973,19.01673612915105,0,11.654905531527424,20.04040388900696,75815.62028571428,112411.2959,0.6744484144472378,0,11594649.0309,624.684368034281,895767.3345040167,0.13803518686540736,0.28751911928199503,0.29218746702386955,0.9840227652834502,0.2870918903647729,0.641341504085376,1.0795004034663018,0.4475132898459033,1.0795004034663018,0.011472586044395244,0.0,1.0,1.0,1.0,1.0,1.0,76346.57,0.007476510952758142,-0.02441824091447853,0.3050649356961905,0.8651,0.8133844984017811
2026-05-01,615.38,622.84,613.79,615.34,88053.74,0,1,-6.500048750357479e-05,-0.014746617564646458,-0.03280363402021347,-0.04319567110337097,0.0074163815261703014,-6.500260012681083e-05,0.28888888888888886,0.7555555555555555,625.2535,-0.015855169143395437,625.1497999999999,-0.015691918960863274,654.8715,-0.060365277768233826,796.7986,-0.2277345868830592,623.4954139998911,623.3835437528608,0,0,0,45.47657927272692,0,0,0.11187024703031057,1.7560945995356794,-1.6442243525053688,0,649.3807549750779,601.1262450249221,625.2535,0.0771759133697865,0.294558062857957,15.48035998719672,0.025157408891339293,12.161480565825418,18.00607704800874,18.222635631529005,0,11.563851582062448,13.14970786857883,78305.32342857144,111127.83506666667,0.7046418512661146,0,11506595.2909,625.1191241378567,895761.6109679901,0.1414464652845938,0.28573572515604057,0.28464414572365393,1.0038348915612212,0.28610810582143403,0.6412998165749542,1.0794302354138163,0.44748420126389893,1.0794302354138163,0.01470731628043044,0.0,1.0,1.0,1.0,1.0,1.0,78231.13,0.024684278547156602,0.010253479177237068,0.3102370516045732,0.8482,0.7791830808685044
2026-05-02,615.34,621.81,614.15,618.03,51973.994,0,1,0.0043715669386028555,0.0010366219083561834,-0.01670564650851991,-0.018844260993808537,0.05914107485604614,0.00436203939662,0.3888888888888889,0.9111111111111111,626.5455000000001,-0.013591191701161508,624.3958,-0.010195135841720965,652.1712,-0.05235005777624039,793.8461499999999,-0.22147383343737312,622.6545810768309,622.9869849563526,0,0,0,47.06610538881143,0,0,-0.3324038795216211,1.3383949037242193,-1.6707987832458404,0,645.4117310129083,607.6792689870919,626.5455000000001,0.060223019758048536,0.2743189937043118,14.921762845254097,0.024144075279928318,11.335500097691556,17.345840282141943,17.554458216601176,0,17.687229683587457,13.635328932392463,77313.27442857143,102939.6909,0.7510540759606208,0,11558569.2849,626.4105076823342,895988.8187618277,0.13994007234553965,0.2504312007154262,0.2845382096332736,0.880132060429402,0.25711092321127643,0.6441033016508254,1.0841490369434796,0.44944040840369137,1.0841490369434796,0.01239422034529063,0.0,1.0,1.0,1.0,1.0,1.0,78686.85,0.005825302536215382,0.013679227053140064,0.3027460387831519,0.8664,0.7183371687180005
2026-05-03,618.03,622.27,615.09,617.27,72850.13,0,1,-0.0012297137679400105,0.0030712730345476835,-0.029083301874921363,0.0019640944063890053,0.04922574832996207,-0.0012304704863438484,0.32222222222222224,0.8888888888888888,626.6735,-0.015005421483435965,623.5871999999999,-0.01013041961092203,649.4276,-0.04951683605685992,791.11965,-0.21975139917204686,621.8261839880877,622.5635045892153,0,0,0,46.652292929728794,0,0,-0.7373206011276352,0.9232518027538484,-1.6605724038814835,0,645.2338871046518,608.1131128953482,626.6735,0.05923463208401758,0.24667823610092685,14.368779784878802,0.02327794933315859,10.531618419916498,16.955394893888094,16.927896363739777,0,15.957204643751378,15.069428636467114,79942.38728571429,102817.81606666667,0.7775149321775124,0,11485719.1549,627.3960189124531,895899.2339539705,0.10309633808528199,0.24987121237327342,0.27314397456025175,0.9147967213099014,0.2566997297567598,0.6433112389528097,1.0828158439462514,0.4488877253456087,1.0828158439462514,0.01163186288010101,0.0,1.0,1.0,1.0,1.0,1.0,78568.57,-0.0015031736560809916,-0.0011312327932918587,0.30315400948493704,0.8729,0.7212485113229279
2026-05-04,617.28,639.0,615.61,622.63,206649.001,0,1,0.008683396244755226,0.011847108915396198,-0.006700381283601731,-0.010536185360582317,0.049329243629499864,0.008645912394703284,0.5555555555555556,0.8888888888888888,627.1175000000001,-0.007155756297663624,622.5644,0.00010537062511126182,646.7822,-0.03734209135625562,788.5086500000001,-0.21037010817826804,621.9498479899204,622.5684301751994,0,0,1,49.991728176266925,0,0,-0.6185821852790241,0.614885005147274,-1.233467190426298,0,644.7792825589247,609.4557174410754,627.1175000000001,0.05632686875720942,0.3729601617212613,15.013152657387458,0.02411247877132078,11.277284221002647,23.028228602535652,15.044102937575254,0,28.15843387206917,20.600956066469355,94614.3177142857,107717.26830000001,0.878357938402024,0,11692368.1559,628.155501653205,897693.6491132363,0.10158546350316167,0.2498951991414024,0.2721672110728688,0.9181679091920321,0.2633067645402091,0.6488973653493414,1.0922183629793356,0.4527855953341915,1.0922183629793356,0.03756645198593063,1.6200366128259764e-05,1.0,1.0,1.0,1.0,1.0,79861.01,0.01644983483853646,0.03217846095943555,0.3047970569795356,0.8771,0.7209270992095561
2026-05-05,622.64,635.0,622.58,630.42,147021.795,0,1,0.012511443393347532,0.02004757050628614,0.009398767112320794,-0.002057873741531213,0.048079800498753045,0.012433822051575163,0.6888888888888889,0.8666666666666667,627.509,0.004638977289568667,621.5786,0.014224106170965195,644.4262,-0.021734373928310232,786.305,-0.19825004292227572,623.2529482991634,623.1500279399995,0,0,1,54.45408272285458,0,0,0.10292035916393161,0.5124920759506055,-0.4095717167866739,0,645.0951846495241,609.922815350476,627.509,0.056050780624737034,0.5827638301886796,14.827927467574066,0.023520712330785933,11.969688179154073,21.650468388772303,14.144026477639935,0,45.89119053038912,30.002276348736576,106710.611,110016.9298,0.9699471817109371,0,11839389.9509,628.688844093635,899533.1039789672,0.12649587784857985,0.2494206166562031,0.2653530157231993,0.939957723775727,0.2608912693042682,0.657016008004002,1.1058835912009262,0.45845059667953836,1.1058835912009262,0.019701151613210177,1.60609029439489e-05,1.0,1.0,1.0,1.0,1.0,80905.52,0.013079098298406366,0.05976662885038109,0.299789796159893,0.8748,0.7296182867501873
2026-05-06,630.41,664.26,628.97,647.74,241695.256,0,1,0.027473747660289982,0.04936251559285254,0.049158554560326584,0.016110562065665857,0.0793687823898952,0.027103117339507387,0.9222222222222223,0.9666666666666667,628.1075,0.03125659222346502,621.1612,0.04278889280270564,642.1095,0.008768753616010951,784.0815500000001,-0.1738869509172867,627.020187022369,624.9715073518514,0,0,1,62.472170204210215,0,0,2.048679670517572,0.8197295948639989,1.2289500756535732,1,647.5899410823478,608.6250589176522,628.1075,0.06203537159593798,1.0038511323354702,16.289504077033058,0.025148213908409326,14.293615298473014,31.13052096187328,11.955313461509744,0,69.40740740740745,47.819010603288596,126693.76585714286,114574.78670000001,1.1057735258008807,1,12081085.206899999,630.7115467533081,906173.3784530003,0.16726407304478802,0.25980080916012616,0.2699483634598014,0.9624092764645105,0.27468479954882496,0.675066700016675,1.1362663579272358,0.4710459526874214,1.1362663579272358,0.05448173649921259,-1.5862440912393176e-05,1.0,1.0,1.0,1.0,1.0,81447.01,0.006692868422327525,0.07478239641066242,0.2988196062107913,0.841,0.7333767280030793
2026-05-07,647.74,653.49,633.68,637.02,144173.809,0,1,-0.016549850248556597,0.02311163933636351,0.035165263739477925,-0.002380430356751284,0.027285921625544107,-0.016688329014709638,0.8222222222222222,0.7777777777777778,627.8025,0.014682165171371527,620.8562000000001,0.026034692091340832,639.4961,-0.0038719548094194385,781.71725,-0.1851017743308083,628.5586197881584,625.8639882887512,0,0,1,55.91142083794125,0,0,2.694631499407137,1.1947099757726267,1.4999215236345105,0,646.4692910867005,609.1357089132995,627.8025,0.059467081085852726,0.7468956757802667,16.540968071530703,0.025966167579559045,16.45154762355489,28.46745511406075,10.932594085299083,0,49.555555555555536,54.951384497784055,136059.675,113929.68393333333,1.1942425389296802,0,11936911.397899998,630.8744327283351,903787.3235042864,0.2141919886944406,0.24913040198292757,0.2707573206492013,0.9201243437687359,0.2638118979429511,0.6638944472236118,1.1174613198610672,0.4632502127102559,1.1174613198610672,0.031097924711940065,0.0,1.0,1.0,1.0,1.0,1.0,80006.0,-0.017692607745821376,0.04793181933386137,0.28261196958788737,0.8251,0.728413688579785
2026-05-08,637.02,651.53,634.76,649.36,107752.676,0,1,0.019371448306175765,0.03004346308810013,0.055286508271849666,0.020669275868030912,0.08017832191097218,0.019186210199383685,0.9333333333333333,0.9666666666666667,628.7755,0.03273743967441487,621.0604,0.04556658257393332,636.9606,0.01946651017347072,779.4630999999999,-0.16691373844380822,631.7588321284417,627.6044336006956,0,0,1,60.99005831250853,0,0,4.154398527746025,1.7866476861673064,2.3677508415787187,0,649.7843948330486,607.7666051669513,628.7755,0.06682478828468558,0.9898996392618187,16.557327494992794,0.02549791717228162,18.455341925416633,26.40794735487346,10.141664152977965,0,72.40740740740745,63.79012345679016,138873.8087142857,112117.61693333332,1.2386439572369967,0,12044664.0739,631.3376462916364,905874.6488972724,0.22612144662011,0.23535141654812783,0.26327296040477655,0.8939445060604783,0.2602258961700965,0.6767550441887611,1.1391081640529068,0.47222404025859754,1.1391081640529068,0.025825428113835133,0.0,1.0,1.0,1.0,0.0,1.0,80193.17,0.0023394495412842886,0.025080041666277753,0.27877664917920464,0.8122,0.6881411134446395
2026-05-09,649.37,656.0,646.23,649.75,98352.892,0,1,0.0006005913514846029,0.0031030969216043758,0.051324369367182765,0.033761316086742044,0.07747541581679185,0.0006004110686794479,0.9111111111111111,0.9222222222222223,630.4599999999999,0.030596707166196238,621.2132,0.04593720803099478,634.7711999999999,0.023597163828478818,777.4260499999999,-0.16422918938720915,634.5267041086814,629.2448459265701,0,0,1,61.14240435088521,0,0,5.281858182111364,2.4856897853561177,2.796168396755246,0,652.5508163819693,608.3691836180305,630.4599999999999,0.07007840745477707,0.9366067705796663,16.072518388207595,0.024736465391623847,20.529125558235126,27.247865307537463,9.701320418494722,0,73.12962962962965,65.0308641975309,145499.36557142859,111819.20746666666,1.3012019032132918,0,12143016.9659,632.7483543588617,905933.7187936011,0.22954533871746913,0.23541394129954885,0.26224704773153246,0.8976800438209196,0.2578645779264219,0.6771614974153743,1.1397923025646424,0.4725076539331399,1.1397923025646424,0.01503655252020005,1.539977824317929e-05,1.0,1.0,1.0,0.0,1.0,80678.4,0.006050764672352882,0.02530981987460401,0.2782756409159967,0.8125,0.689861276092957
2026-05-10,649.76,666.66,644.84,663.55,119277.217,0,1,0.02123893805309729,0.04164704404885233,0.0749752944416544,0.04371146344532528,0.09579879116160783,0.021016535361658564,0.9777777777777777,1.0,632.1745,0.04963107496427013,621.8702,0.0670233112955083,632.8186000000001,0.04856273187924611,775.3847000000001,-0.14423124418111435,638.9918265534997,631.7859684505278,0,0,1,66.17601681779254,0,0,7.205858102971888,3.4297234488792716,3.7761346540926164,0,658.7421403682688,605.6068596317311,632.1745,0.08405160400575735,1.0904833768653661,16.483052789049903,0.024840709500489645,22.909854600723357,29.290879621447672,8.784002430304627,0,94.48581560283685,80.00761754662467,152131.80657142858,112319.58363333334,1.3544548657521918,0,12262294.1829,634.4699438514195,908467.04021661,0.23419509992010654,0.24144699994343058,0.26406883782136376,0.9143335576262266,0.2616447785043728,0.6915436885109221,1.16400028067221,0.48254321472464023,1.16400028067221,0.032883731444502955,1.5390534821071036e-05,1.0,1.0,0.0,0.0,0.0,82210.07,0.018984883190544366,0.046348049862686924,0.2793852035379614,0.822,0.7130814870133027
2026-05-11,663.56,673.0,649.46,670.6,183665.245,0,1,0.010624670333810649,0.03270912898854261,0.0770441514221929,0.06982754494839116,0.10468659912692546,0.01056862514886999,0.9777777777777777,1.0,634.1184999999999,0.05753104506492099,622.7539999999999,0.07682969519264449,631.7108,0.06156171463270863,773.1041,-0.1325877071406037,643.854622468346,634.6610818986368,0,0,1,68.42623649218275,0,0,9.193540569709171,4.5824868730452515,4.6110536966639195,0,665.7528166597151,602.4841833402847,634.1184999999999,0.09977414839565533,1.0766127397728427,16.987120446974906,0.025331226434498814,25.358174082648592,29.057478816147064,7.9145394330935614,1,96.17468919349702,87.93004480865453,148848.4128571429,115299.50946666667,1.2909717790271715,0,12445959.4279,637.0306036356375,910418.4228965135,0.2338989554616058,0.24241768286920365,0.2649051883215617,0.9151111173214885,0.26713106047009516,0.6988911122227781,1.1763673999228152,0.48767007730290673,1.1763673999228152,0.0351028929317029,1.5070454374185676e-05,1.0,0.0,0.0,0.0,0.0,81745.65,-0.005649186285816454,0.023599000313169194,0.2807040480380702,0.8056,0.6983264628633442
2026-05-12,670.6,671.47,650.49,664.95,161617.089,0,1,-0.008425290784372153,0.023393612928049423,0.05477300847054356,0.06468657433352032,0.1228659720697749,-0.00846098417295589,0.9,1.0,635.4925000000001,0.046353812200773385,623.2707999999999,0.06687173536767671,630.7749,0.054179549630145464,770.8838,-0.1374186355972196,647.1000651655236,636.9047054617008,0,0,1,64.71071012369839,0,0,10.19535970382276,5.705061439200753,4.490298264622007,0,669.9966836517618,600.9883163482383,635.4925000000001,0.10859037251190773,0.9268685255287281,17.272326129333845,0.025975375786651392,27.63161360157917,26.536410882729285,7.227862805062954,1,87.16927000318783,92.60992493317393,150933.45485714287,117227.60406666667,1.28752486292655,0,12284342.3389,638.6092546267109,909056.7519259647,0.2592537789237157,0.2302875640204323,0.26526211691063817,0.868150969699197,0.26751506015417503,0.6930027513756879,1.1664561625092098,0.4835613150947925,1.1664561625092098,0.03155124445447029,0.0,1.0,0.0,0.0,0.0,0.0,80504.47,-0.015183437895472052,-0.004957016529898106,0.26641846780101974,0.7836,0.6808025176953083
2026-05-13,664.95,685.68,663.77,671.68,226062.768,0,1,0.010121061733964876,0.012252279406224087,0.03695927378269048,0.08793469281977351,0.09267784809096957,0.01007018677309586,0.7888888888888889,0.9666666666666667,637.1495,0.054195286977389075,623.9384,0.07651652791365293,629.7523,0.06657808157270717,768.6595499999999,-0.12616710479951745,650.8815936015969,639.4806532052786,0,0,1,67.00870154029349,0,0,11.400940396318333,6.844237230624269,4.556703165694064,0,675.2639914974092,599.0350085025908,637.1495,0.11964065418684054,0.9529838736317283,17.60358854866714,0.026208296433818397,30.225376902349634,29.943132006819003,6.585288976513661,1,80.61210358676082,87.98535426114859,148700.24228571428,120146.213,1.2376606683867288,0,12510405.1069,642.0249100753656,911344.7471566437,0.22311014464660756,0.20838235464710136,0.2659719475367221,0.7834749362743623,0.26267440651171414,0.7000166750041688,1.1782619373399292,0.4884554690170241,1.1782619373399292,0.03261969985707475,0.0,0.0,0.0,0.0,0.0,0.0,79313.61,-0.014792470529897295,-0.026193717854099186,0.2308237919778251,0.6782,0.6135609218905049
2026-05-14,671.68,687.66,665.42,678.27,159800.03,0,1,0.009811219628394596,0.011437518640023736,0.06475463878685117,0.10219701647762358,0.10512423625254574,0.00976340212406652,0.9333333333333333,0.9888888888888889,639.2525,0.06103613204484914,624.5506,0.08601288670605704,628.9872,0.07835262784361899,766.3599500000001,-0.1149459206473409,655.0951945859666,642.3539381530358,0,0,1,69.12860814122251,0,0,12.741256432930868,8.023641071085589,4.717615361845279,0,681.5595340673955,596.9454659326046,639.2525,0.13236407856800064,0.9611230834315253,17.93476079519092,0.02644191958245377,32.69346078182739,28.079491491798553,6.001997008673137,1,87.28847976174362,85.0232844505641,150932.55957142854,119693.47963333334,1.2609923283523246,0,12670205.136899998,644.4613968557674,912912.5803475977,0.162377722115973,0.20883390862932466,0.26208317664138836,0.7968230212467039,0.265707497028378,0.7068846923461731,1.1898221239869489,0.49324781290224057,1.1898221239869489,0.03278930219529098,0.0,0.0,0.0,0.0,0.0,0.0,81089.99,0.02239691271145028,0.01354885883558743,0.23726361132092808,0.6758,0.5959257234288486
2026-05-15,678.28,689.98,669.16,672.38,166504.371,0,1,-0.008683857460893174,0.011173772464095011,0.035450289515830846,0.0926967205122371,0.07997237347210828,-0.008721781864122551,0.7555555555555555,0.9,641.4449999999999,0.048227049863979084,625.4209999999999,0.07508382353646594,628.7383,0.0694115500837153,764.02745,-0.11995308545524122,657.7543954188948,644.5780908824406,0,0,1,65.10211485773618,0,0,13.176304536454154,9.054173764159302,4.122130772294852,0,685.9026025113076,596.9873974886923,641.4449999999999,0.13861703656995578,0.8479157472800276,18.14084930982014,0.02698005489428618,35.05662224592251,26.691089758084317,5.509967841372284,1,76.79018857971778,81.56359064274075,159325.65885714284,121412.18466666667,1.3122707518571255,0,12503700.765899999,646.8741082990364,911466.680123218,0.17447205196542126,0.20898602877619799,0.2620652928633219,0.7974578643849378,0.26666118340285977,0.7007462064365516,1.179489878258429,0.4889645192021002,1.179489878258429,0.030964633094381227,1.4743391274847635e-05,0.0,0.0,0.0,0.0,0.0,79113.21,-0.024377608136343376,-0.013466982287893003,0.24942458633794368,0.6823,0.572813692312392
2026-05-16,672.37,674.92,650.7,656.2,129778.336,0,1,-0.0240637734614354,-0.02304668889947581,0.009926894959599863,0.06176075595035857,0.03213426239048722,-0.024358036365210677,0.5888888888888889,0.7,642.467,0.021375416947485334,626.2660000000001,0.047797581219481765,629.2173,0.04288295951176171,761.7912,-0.1386091096877989,657.5152576621417,645.4389730392969,0,0,1,55.53306690618987,0,0,12.07628462284481,9.658595935896404,2.4176886869484058,0,687.3124037309318,597.6215962690682,642.467,0.13960375779902104,0.6531149109772404,18.575074359118695,0.02830703194013821,34.935419091223686,24.2052000981693,12.095400347677042,1,54.893844304980675,72.99083754881404,163815.008,121353.23916666667,1.3499022286089644,0,12373922.4299,647.8185283899786,908343.7236455119,0.24907939442854668,0.21550441045745952,0.26464657203092107,0.8143102281796425,0.26690465953021747,0.6838836084709021,1.1511069010279622,0.4771981877813412,1.1511069010279622,0.036909478817433575,-1.4872542312369353e-05,0.0,1.0,1.0,1.0,1.0,78148.05,-0.012199732509905803,-0.03136341325559244,0.2526257911986656,0.703,0.5999388432043066
2026-05-17,656.2,657.6,640.01,649.48,95811.952,0,1,-0.010240780249923809,-0.042446223480324896,-0.021204129304498442,0.052181379299172326,0.009889289712650795,-0.0102935778080876,0.2222222222222222,0.6,643.5995,0.009136893363030866,627.034,0.03579710191153913,629.14,0.03232984709285697,759.5001,-0.14485857210552042,656.2790641756583,645.7383083697193,0,0,1,52.10737524518182,0,0,10.540755805938943,9.835027909904912,0.7057278960340305,0,687.9231633841368,599.2758366158632,643.5995,0.13773678625958163,0.5663358977013685,18.504711904895935,0.028491580810642257,33.78746315054167,22.56172112174496,15.400511856128743,1,45.54255748285599,59.07553012251817,160462.82728571427,119430.74296666666,1.343563837080874,0,12278110.4779,648.6282596623282,907362.5344997636,0.21393692215805882,0.21558409047748298,0.2605749459045725,0.8273400565395646,0.2660066349303386,0.6768801067200267,1.139318668210364,0.4723113060046106,1.139318668210364,0.027083205025558957,0.0,1.0,1.0,1.0,0.0,1.0,77457.67,-0.008834257540655255,-0.057808003326113355,0.2436164721322301,0.7023,0.6218343875140165
2026-05-18,649.48,649.7,634.3,643.53,126181.22,0,1,-0.009161175093921337,-0.04290728457122461,-0.04036683566954968,0.033567287152883596,0.021638355294491207,-0.009203396722792908,0.13333333333333333,0.6444444444444445,644.5485000000001,-0.0015801758905654591,627.7828,0.025083834727552302,629.1053,0.02292891190075797,757.3225,-0.15025633069135014,654.3176696870954,645.5747299719624,0,0,1,49.212660131050015,0,0,8.742939715133048,9.61661027095054,-0.8736705558174922,0,687.9581721092475,601.1388278907527,644.5485000000001,0.134697922993374,0.4882687434561022,18.282946768831945,0.028410403196171035,32.221881935572824,21.20428713981005,16.704740958005424,1,31.083086053412373,43.83982928041636,152250.8237142857,119647.93833333332,1.272490155995186,0,12151929.2579,648.9169190467351,906206.5662497791,0.19288494696733335,0.2082284651453779,0.25786738508132956,0.8075021394415742,0.2632465085451942,0.6706790895447724,1.1288811704031154,0.4679843794314637,1.1288811704031154,0.023930508290211944,0.0,1.0,1.0,1.0,0.0,1.0,77001.87,-0.005884504400919921,-0.058030977795148764,0.23824903659136223,0.6858,0.6001095804980658
2026-05-19,643.53,647.19,636.1,640.02,80953.937,0,1,-0.0054542911752365475,-0.024657116732703543,-0.03749154071734728,0.01522794327591126,0.03889231568353746,-0.005469220130674299,0.14444444444444443,0.7444444444444445,645.68,-0.008765952174451691,628.3974,0.018495620764821807,629.1062000000001,0.017348104342319186,755.0781,-0.1523790717807866,652.118028196773,645.1632684925578,0,0,1,47.53503365634449,0,0,6.954759704215235,9.08424015760348,-2.129480453388245,0,687.2497653285951,604.1102346714048,645.68,0.12876274726984008,0.4319216748608087,17.769164856772523,0.027763452480817043,30.768127950244608,20.259007790217836,15.960049728171832,1,18.111784953286275,31.579142829851566,140727.5162857143,118993.37816666668,1.1826499798048085,0,12070975.320899999,649.8118806803287,905765.0199055993,0.19204111593564888,0.19758801189946804,0.2579432673150976,0.766013449221371,0.2614258441013804,0.6670210105052526,1.122723923797495,0.4654318563605821,1.122723923797495,0.01732758351301527,0.0,1.0,1.0,1.0,1.0,1.0,76834.36,-0.0021754017142699977,-0.04558889711341496,0.2257560917678422,0.6494,0.5696940386101705
2026-05-20,640.03,651.77,637.52,649.5,82942.653,0,1,0.014812037123839827,3.079386586191113e-05,-0.03302167698904235,0.002717139593046536,0.03216476496201892,0.014703410245207714,0.16666666666666666,0.6888888888888889,647.386,0.003265439783992908,629.0387999999999,0.03252772325013986,629.2373,0.03220200073962557,752.85295,-0.1372817228118718,651.7152546280387,645.4845078634794,0,0,1,52.26780716032534,0,0,6.230746764559285,8.513541478994641,-2.282794714435356,0,686.4446853472235,608.3273146527764,647.386,0.12066583258588712,0.5270618427272579,17.51779593843163,0.02697120236863992,29.74492992326405,20.94936347025416,15.032704149237697,1,28.09946714031977,25.764779382339494,120281.78557142858,118686.5429,1.013440804934159,0,12153917.9739,650.6767802716396,906993.5695609851,0.20903678556365113,0.19273162236631367,0.2569522173157214,0.750067947962096,0.26039311023481515,0.6769009504752377,1.1393537522366068,0.47232585029561275,1.1393537522366068,0.021939953810623556,1.5624511733994103e-05,1.0,1.0,0.0,1.0,0.0,77552.23,0.009343085567446563,-0.022207790062764854,0.21319309884237397,0.616,0.5578481473620132
2026-05-21,649.5,659.82,646.33,658.58,103055.678,0,1,0.013979984603541329,0.023386633101798004,-0.029029737420201318,0.0338450912059276,0.04251883745963414,0.013883165924411812,0.24444444444444444,0.7555555555555555,649.548,0.013905053975995675,629.9942,0.04537470344965091,629.6246,0.04598835560109953,750.7296000000001,-0.12274672531894315,652.7713693006482,646.4545443180365,0,0,1,56.33112265254645,0,0,6.316824982611706,8.074198179718055,-1.7573731971063484,0,685.825828287591,613.270171712409,649.548,0.1117017627260525,0.6244837470479109,17.23009622854366,0.02616249541216505,29.328696389102426,23.114980621683117,14.192019104868855,1,43.606321839080564,29.939191310895556,112175.44957142857,118609.29086666668,0.9457560090931608,0,12256973.651899999,651.9232708237809,908434.2863527326,0.22213998074466412,0.19615335286579452,0.2579371766911974,0.7604694886640148,0.2592923619341696,0.6863640153410039,1.1552819001508614,0.47892895841059996,1.1552819001508614,0.02048346442345654,0.0,0.0,0.0,0.0,1.0,0.0,77615.52,0.000816095165800057,-0.04284708877137611,0.2125081294928747,0.6042,0.5587316394919675
2026-05-22,658.58,664.2,648.31,650.44,123907.62,0,1,-0.01235992590118129,0.01628074122683687,-0.032630357833367984,0.0016631760502650028,0.02034605550065116,-0.012436945077544162,0.2,0.5888888888888889,651.1685,-0.0011187580480320224,631.3326000000001,0.030265188270018024,630.0478999999999,0.03236595185858114,749.0141,-0.13160513266706186,652.4126971005485,646.7497632574411,0,0,1,52.05313717234869,0,0,5.662933843107339,7.591945312395912,-1.9290114692885725,0,684.2752646291706,618.0617353708294,651.1685,0.10168417123730827,0.4889977168086359,17.134375069361976,0.026342745017775622,29.212852319653617,23.409722114130894,13.25192402589344,1,28.987068965517388,33.564285981639266,106090.19942857143,118240.00023333333,0.8972445806767115,0,12133066.0319,652.6647471753895,906902.7973509409,0.2263880258293256,0.1987247249402287,0.2561798137075469,0.7757235906459494,0.255201804994919,0.6778806069701518,1.1410027014700208,0.473009431972715,1.1410027014700208,0.024429616874731105,0.0,1.0,0.0,0.0,1.0,0.0,75539.5,-0.026747485554435513,-0.04517210210532485,0.21478615435844275,0.6231,0.5775948757236472
2026-05-23,650.45,663.93,635.29,656.26,113009.638,0,1,0.008947789188856747,0.010408006158583616,9.143553794577208e-05,0.010019238168526234,0.027750806527390592,0.00890799492745128,0.5111111111111111,0.6444444444444445,653.118,0.004810769263747039,632.6916,0.03725100823213078,630.4676000000001,0.04090995318395414,747.61155,-0.12219119675184256,653.0045898543103,647.4542252383715,0,0,1,54.701963821211706,0,0,5.550364615938861,7.183629173104502,-1.6332645571656412,0,682.1627165953817,624.0732834046185,653.118,0.08894171220325148,0.5540890111577048,17.956205421550408,0.027361419896916477,27.850909707811233,20.742699665389928,16.921427028345725,1,39.439655172413815,37.34434865900394,103694.67114285716,118726.67963333333,0.8733898013748896,0,12246075.6699,653.5217872497558,907913.9837680738,0.19044271307708383,0.20014270477088458,0.2567631699118624,0.77948369635562,0.26525291117764893,0.6883870223322459,1.1512121531066906,0.47724182065434767,1.1512121531066906,0.04364123975253709,1.5374208228262258e-05,1.0,0.0,1.0,0.0,0.0,76752.01,0.01605133737978126,-0.017864041393227392,0.22039354097084812,0.6295,0.5726770226697955
2026-05-24,656.26,662.6,649.68,656.57,73668.177,0,1,0.0004723737543048667,-0.003052021014910866,0.010916425448050715,-0.010519177153191062,0.03200201191430496,0.00047226222094522765,0.6,0.6555555555555556,654.8149999999999,0.0026801463008637697,633.9558,0.035671572055969984,630.8439,0.04078045297735318,746.0977499999999,-0.11999466557833724,653.5531144921088,648.129467813307,0,0,1,54.84505801816835,0,0,5.423646678801788,6.831632674243959,-1.4079859954421714,0,680.0794159993901,629.5505840006098,654.8149999999999,0.07716504966865502,0.5347326453151039,17.59647646286824,0.02680060993171823,26.58624871110045,19.65483707035621,16.03397323420702,1,39.996408045977134,36.1410440613028,100531.27471428571,118828.09159999999,0.8460227994967288,0,12319743.8469,655.7350552996917,907948.7826814161,0.17640957214983788,0.19968105256974694,0.25507773480928436,0.782824313219826,0.2664573275707957,0.7036211460353864,1.1517559555134549,0.4774672571648814,1.1517559555134549,0.01967802366845892,0.0,0.0,0.0,1.0,0.0,0.0,77064.96,0.0040774176467823775,-0.0050699950050135945,0.21872744905255914,0.6258,0.5722707153892969
2026-05-25,656.58,673.07,655.76,663.15,114244.753,0,1,0.010021779855917679,0.019540618658139053,0.03048808913337364,-0.011109454220101456,0.05508090305951985,0.009971894834443646,0.7,0.8,656.4514999999999,0.010204104949109085,635.1888,0.04402029758711105,631.1477,0.05070493008213449,744.6614999999999,-0.10946114442602439,655.0295584163997,649.2420998271361,0,0,1,57.886064580957544,0,0,5.787458589263565,6.62279785724788,-0.835339267984315,0,679.1748914027564,633.7281085972434,656.4514999999999,0.06923098325697036,0.647392171381326,17.576013858377657,0.026503828482813328,26.141466492632173,22.527155707103827,14.906023360018398,1,51.81393678160918,43.750000000000064,98826.06514285714,120672.30546666666,0.8189622694343558,0,12433988.5999,657.5541598319412,909093.7184456758,0.16442265519296326,0.1972551714723094,0.24818496143355995,0.7947909910936136,0.26848000521420984,0.7106726822629216,1.163298600147353,0.48225232890459674,1.163298600147353,0.026102691698710788,1.5230668474025472e-05,0.0,1.0,1.0,0.0,0.0,77322.01,0.003335497741126403,0.00415756136831491,0.2188334387087747,0.6458,0.5830644654014513
2026-05-26,663.15,668.01,653.45,656.43,122333.282,0,1,-0.01013345396969012,0.00025904367171536435,0.02563982375550755,-0.012812993458154898,0.032512268780671816,-0.010185146929692223,0.6666666666666666,0.6666666666666666,656.886,-0.0006941843790246973,636.3152,0.031611377505990655,631.5604,0.039378023067944086,742.9879,-0.11649974380471072,655.2450109677228,649.7745368769779,0,0,1,53.89414556104885,0,0,5.470474090744915,6.392333103947288,-0.921859013202373,0,679.2373045892822,634.5346954107177,656.886,0.0680523091960621,0.48979925314474315,17.360584297064964,0.02644696966480046,25.502370689177106,21.17764802150428,14.963494680597694,1,39.74497126436776,43.851772030651375,104737.40014285714,122935.20353333333,0.8519723979182094,0,12311655.3179,658.6462924620514,907854.0597635676,0.1780494027858401,0.19801645297091305,0.2438476539984057,0.8120498586884404,0.2694930337866113,0.7218037671948363,1.1515103673297549,0.47736544712786616,1.1515103673297549,0.022180582849656395,0.0,0.0,1.0,0.0,0.0,0.0,75930.01,-0.018002635989416205,-0.011770124720242414,0.22104767453517654,0.6496,0.5828856638259315
2026-05-27,656.43,659.9,646.57,648.84,101737.594,0,1,-0.011562542845390822,-0.01177330673043242,-0.0010161662817551598,-0.034004287756074225,0.035113188583826505,-0.011629908828755734,0.4888888888888889,0.6777777777777778,657.477,-0.013136581203600953,636.89,0.018763051704376022,631.7769,0.02700810998312866,741.27695,-0.12469961463121175,654.2596246649962,649.7053119231276,0,0,1,49.72329363025445,0,0,4.554312741868557,6.0247290315315425,-1.4704162896629853,0,678.1809453143527,636.7730546856473,657.477,0.06297998352597194,0.29141656653206904,17.072685418703177,0.026312627795301115,24.257764646486358,19.99657159443728,17.00743045924227,0,26.113505747126545,39.22413793103451,107422.39171428571,122861.60706666666,0.8743365342437415,0,12209917.7239,659.3639210685433,906677.7144739557,0.17928103534866938,0.19646512632942892,0.24496594776305838,0.8020099451514724,0.2652768995073581,0.7134578802106815,1.1381959793705927,0.471845888692541,1.1381959793705927,0.020544356081622476,0.0,1.0,1.0,0.0,0.0,0.0,74449.3,-0.019500985183592,-0.040010841725634405,0.2231165323408251,0.649,0.5725343491968193
2026-05-28,648.83,649.38,628.22,638.24,145257.685,0,1,-0.01633684729671414,-0.037563145593003,-0.03088463056879953,-0.05901779527326867,0.021919782243215113,-0.016471765024817304,0.2222222222222222,0.5555555555555556,656.921,-0.028437209344807122,637.6315999999999,0.0009541559734493621,631.9819,0.00990234055753814,739.485,-0.1369128515115249,651.7950670242275,648.8560295584515,0,0,1,44.53918364785328,0,0,2.939037465775982,5.407590718380431,-2.4685532526044485,0,679.0882930237492,634.7537069762509,656.921,0.06748845911075807,0.0786359665118794,17.36463646022438,0.027207063894811322,23.357921497759076,18.2560577801873,23.075274867623506,0,16.224093264248676,27.36085675858101,113451.24985714287,125625.27183333335,0.9030925720714721,0,12064660.0389,658.7746480171246,904304.6618554365,0.1718809062366265,0.20260706766101377,0.24687195623047736,0.8206969748798105,0.2704118809806369,0.7018022277690422,1.1196014454618812,0.46413741446138856,1.1196014454618812,0.033153672599648985,-1.5412120091225732e-05,1.0,1.0,0.0,0.0,0.0,73617.51,-0.011172569789104858,-0.05151044533361382,0.22219918760472065,0.6548,0.597933708127789
2026-05-29,638.23,645.0,630.86,643.1,115255.263,0,1,0.00761469039859608,-0.02030681108419774,-0.011284668839554812,-0.043546803890657015,0.04164304572474453,0.007585844983720913,0.36666666666666664,0.7333333333333333,656.5885000000001,-0.020543308327818782,638.433,0.007310085788172024,632.3649,0.016976116163310122,737.7406,-0.12828438613789175,650.4573644051155,648.4296569985662,0,0,1,47.254466608595244,0,0,2.0277074065493252,4.73161405601421,-2.7039066494648845,0,679.3988524742772,633.7781475257229,656.5885000000001,0.06948142550250917,0.20433381037818654,17.134305284494065,0.02664329852976841,22.52235285965517,17.179934876349733,21.715078044388957,0,31.862955032119952,24.73351801449841,112215.19885714285,126073.34153333333,0.8900787231650679,0,12179915.3019,658.2223111123739,905182.2949999903,0.17491647318979678,0.20012094145384776,0.2470944282835985,0.8098966166252939,0.2676921361233367,0.7071462344545485,1.1281268638388944,0.467671677174917,1.1281268638388944,0.021987249261390118,-1.56680872398955e-05,1.0,0.0,0.0,0.0,0.0,73460.78,-0.0021289771957785364,-0.027518318230859373,0.22143485952102301,0.6482,0.586656797452134
2026-05-30,643.11,729.0,642.66,718.74,566380.966,1,0,0.11761778883532892,0.10773071943776591,0.09520616828695938,0.09530630905211823,0.16796125970944775,0.11119944583047722,0.9888888888888889,1.0,659.348,0.09007686381091633,640.697,0.1218095293094864,633.474,0.13460063080726273,736.5439,-0.024172218383724308,660.9623852658669,653.637830554228,0,0,1,71.02840630077104,1,0,7.324554711638939,5.2502021871391555,2.0743525244997834,1,695.2822455634075,623.4137544365924,659.348,0.10899933134978057,1.3263983154342318,22.07756919274449,0.030717045374884507,24.00698533438723,39.55780098234763,15.649193377259746,0,89.81940861282001,45.96881896972957,176982.5314285714,142332.29223333334,1.2434460841706532,1,12746296.2679,665.5195071413681,971798.7718593279,0.7055180244408973,0.3753747134583187,0.3341890366009598,1.1232406582701182,0.34555101397170357,0.7903192109343216,1.2608146510893592,0.5226781857451405,1.2608146510893592,0.12012688872193009,1.554968123152061e-05,0.0,0.0,0.0,0.0,0.0,73884.38,0.0057663422577327594,-0.03736227885106835,0.22092480896362388,0.4159,0.7363756811805525
2026-05-31,718.74,745.74,703.0,710.55,380165.732,1,0,-0.011394941147007343,0.11329593883178735,0.08221514842286415,0.0940290694093735,0.15472746774141122,-0.011460360933424249,0.9666666666666667,0.9888888888888889,661.3455000000001,0.0744005969648237,642.767,0.1054550093579787,634.3204000000001,0.12017523005723903,735.3323499999999,-0.03370224361814077,668.5912490711181,657.8535468094703,0,0,1,67.48175181697164,0,0,10.737702261647769,6.347702202040878,4.390000059606891,0,703.768854280653,618.9221457193472,661.3455000000001,0.12829407406764817,1.0799223191368372,23.553457107548457,0.03314820506304758,25.772517553196327,39.50715505348013,13.62083925652181,1,70.05616065350574,63.91284143281526,220767.89642857146,152069.35863333332,1.4517579242303686,1,12366130.535899999,672.0538420509196,967466.805717079,0.7179348677548638,0.3781993695705374,0.3343077224786548,1.1312911552460025,0.359596829872804,0.7813135700383756,1.2464477423429112,0.5167222985797499,1.2464477423429112,0.06015058757300684,0.0,0.0,0.0,0.0,0.0,0.0,73674.39,-0.0028421433596654833,-0.043996259778763314,0.2070896995802249,0.4579,0.871033200624307
2026-06-01,710.54,729.57,674.07,693.1,533342.526,0,1,-0.024558440644571022,0.07774840615767387,0.04516323607027073,0.0770282659705066,0.12146659547271166,-0.024865029113931382,0.8222222222222222,0.9666666666666667,662.7529999999999,0.04578930612158692,644.7852,0.07493162063893524,634.9953,0.09150414184167974,734.1620999999999,-0.055930563563550716,672.3618261370999,660.464395193954,0,0,1,60.54492618330955,0,0,11.897430943145878,7.4576479502618795,4.439782992883998,0,707.484960598079,618.0210394019208,662.7529999999999,0.13498833079014091,0.8392093661249364,25.835353028437854,0.03727507290208895,25.807973556564065,33.44501027774637,19.529253145568447,1,55.20762423417292,71.69439783349958,280639.00685714284,168114.97636666667,1.6693278191055148,1,11832788.009899998,676.5199648885816,954368.7449490824,0.7503127975165667,0.38785356496342505,0.3240362685740214,1.1969449181421663,0.3844614782430045,0.7621257271037903,1.2158369294460234,0.5040324046803529,1.2158369294460234,0.08007502524888183,-1.4073604953896145e-05,0.0,0.0,0.0,0.0,0.0,71408.9,-0.030750034034893292,-0.0764738267926558,0.22181644016101884,0.4978,0.9049437074069617
2026-06-02,693.1,695.51,642.47,650.69,310137.34,0,1,-0.06118886163612747,-0.09467957815065242,-0.008744268238806696,0.016671354020187046,0.05414162360069352,-0.06314095060625106,0.4222222222222222,0.7555555555555555,661.7035,-0.016644161622237013,645.5047999999999,0.008032783025006356,635.3542000000001,0.02413740241270137,732.8393,-0.1120972906338401,669.0276990390846,659.7403659203278,0,0,1,47.7088822211749,0,0,9.287333118756806,7.823584983960865,1.4637481347959405,0,706.5384019473927,616.8685980526072,661.7035,0.13551357049612922,0.3771771597390504,27.77854209783515,0.04269090057913161,24.480606255767206,28.883618613623632,24.99125020399114,0,19.12014976174271,48.127978216473814,307468.15799999994,176024.55003333333,1.7467345205073692,0,11522650.669899998,675.5343801963859,935391.7941636258,0.85866281190347,0.43366145803136164,0.3508954736388932,1.2358707666820548,0.4080033066707573,0.7154921214387034,1.1414412517980566,0.4731912356102422,1.1414412517980566,0.0815134703161259,0.0,0.0,0.0,0.0,0.0,0.0,66760.83,-0.06509090603552203,-0.12075831413692684,0.2852430683558508,0.6192,0.9667759076250397
2026-06-03,650.7,657.51,616.21,620.63,300913.443,0,1,-0.046197113833008174,-0.12654985574554922,-0.04347759077738744,-0.04444957659738258,-0.00321218058879269,-0.0472982471559402,0.08888888888888889,0.3111111111111111,658.8215,-0.05796941963794445,645.6424,-0.03874033056069422,635.5964,-0.023547018202116975,731.2810499999999,-0.15131125030520065,661.5818991869177,656.8433017780814,0,0,0,41.063568129983324,0,0,4.738597408836313,7.206587468935955,-2.467990060099642,0,706.4931070302109,611.1498929697891,658.8215,0.1447178242671525,0.09943137667042631,28.74436051941835,0.046314809982466766,23.126760313585383,25.919326718779498,28.951931131046198,0,3.4123369103682237,25.913370302094638,335921.85071428574,179166.6981,1.874912326211395,0,11221737.226899998,671.9633489890196,921490.4615834724,0.9023235425644959,0.4556915703732021,0.3646231570244763,1.249760366543622,0.4183343764718806,0.6845158657504936,1.0887099603550505,0.451331166233974,1.0887099603550505,0.06654528463013383,1.5368301341638728e-05,0.0,0.0,0.0,0.0,0.0,64142.75,-0.039215809629688625,-0.1384371646207554,0.2939298295636399,0.6625,1.0509843266718015
2026-06-04,620.63,624.57,588.1,604.53,401431.765,0,1,-0.025941382143950587,-0.12778819795123364,-0.05281712208573586,-0.08207051535121024,-0.04106785952222325,-0.026283794546755362,0.05555555555555555,0.17777777777777778,655.429,-0.07765753422567509,645.2811999999999,-0.06315262245359067,635.8057,-0.049190656831167176,729.6709,-0.17150320781601677,652.8046839273918,652.9682423871124,0,0,0,38.009817049850916,0,0,-0.16355845972054794,5.732558283204654,-5.896116742925202,0,708.4003288487343,602.4576711512657,655.429,0.1616386484233511,0.019560853897511804,29.29619191088847,0.04846110517408313,22.683204914472753,23.614595567788996,33.231188109928304,0,10.422481603653864,10.984989425254957,372518.1478571429,187647.03043333333,1.9852067309399284,1,10820305.461899998,665.134782401353,911076.7667628869,0.9088432474675936,0.46022620270003123,0.36776316000270187,1.2514200788807939,0.42987080608023526,0.6950458167101647,1.0604673192295548,0.43962301197722364,1.0604673192295548,0.060327858005392664,0.0,0.0,0.0,1.0,1.0,0.0,63885.99,-0.004002946552806086,-0.13219029005463512,0.28784048083301467,0.6476,1.059211031707066
2026-06-05,604.5,608.0,556.46,572.22,534838.035,0,1,-0.05344647908292388,-0.12059506062794878,-0.11021614056911833,-0.12025705676157683,-0.11658998981072655,-0.05492776379611646,0.011111111111111112,0.011111111111111112,651.23,-0.1213242633171076,644.0101999999999,-0.11147370026126903,635.2337,-0.09919766536315686,727.9952000000001,-0.21397833392308085,640.4070402462546,646.9868910991781,0,0,0,32.746728945056745,0,0,-6.579850852923528,3.2700764559790185,-9.849927308902547,0,715.9542396633653,586.5057603366347,651.23,0.19877536250899167,-0.11035865705750865,30.885035345825006,0.05397405778516131,23.028040133295516,20.799787494799673,36.58756291956909,0,8.326289095519861,7.387035869847341,432458.54385714285,197418.4564,2.1905679526787285,1,10285467.426899998,654.8451330557411,882491.5569125073,0.9413510273565572,0.4771794313765786,0.3846477349535164,1.2405621768037822,0.4466900979640904,0.6647151071615264,1.0283218919598893,0.416126709863211,1.0283218919598893,0.09007025270001041,-4.962532876775795e-05,1.0,1.0,1.0,1.0,1.0,61056.47,-0.04429014874779269,-0.1688562250496115,0.3032346319920348,0.6759,1.0842533072527134
2026-06-06,572.17,584.43,559.68,574.53,226190.523,0,1,0.0040369088811993414,-0.0742793612941689,-0.20064279155188247,-0.12453905464297688,-0.09809739097673542,0.004028782427701685,0.011111111111111112,0.03333333333333333,647.4825,-0.11267099883008419,642.6383999999999,-0.10598246229917162,634.7216,-0.09483149777792342,726.2039,-0.20885855887031177,630.2721109776,641.6197139807206,0,0,0,33.45616360348508,0,0,-11.347603003120525,0.3465405641591097,-11.694143567279635,0,720.7488225212664,574.2161774787335,647.4825,0.22631135983216996,0.002141656019212722,30.446818535408934,0.052994305842008135,23.34824426505951,19.592073366972873,34.463150992199004,0,9.546703296703264,9.431824665292353,383859.90914285707,200152.34686666666,1.9178386621595245,0,10511657.949899998,650.8980779674409,883404.6674436491,0.38520957267660766,0.4762191239103508,0.3783960894233389,1.2585202046778297,0.4498155416869927,0.7275110165628323,1.032473133738274,0.4178065754739621,1.032473133738274,0.04307869040781161,-8.737898011266333e-05,1.0,1.0,1.0,1.0,1.0,60884.62,-0.0028146075264422477,-0.1759473382601302,0.3027556712499425,0.6745,1.0813809158571899
2026-06-07,574.54,610.54,573.6,604.44,192844.362,0,1,0.05205994465040997,-0.00014887598630330956,-0.14933502216592764,-0.07939747475516701,-0.06917580386842426,0.05075009429898161,0.022222222222222223,0.1111111111111111,645.528,-0.06365022121426175,642.1292000000001,-0.05869410704263258,634.6257,-0.04756457231404274,724.73725,-0.16598739750164623,626.2979400579693,638.8656610932597,0,0,0,41.989086306013,0,0,-12.567721035290447,-2.2363117557308017,-10.331409279559645,0,721.2816377031752,569.7743622968248,645.528,0.23470287176753035,0.22880510266058296,30.91061721145115,0.051139264792950744,22.654980050688796,23.953193498132546,31.521330551522976,0,25.348689771766708,14.407227387996635,357099.7134285714,202988.73639999997,1.7592094998063719,0,10704502.311899997,648.8448912027661,893444.1342555127,0.6284948147183129,0.4975601347279675,0.3879267517910931,1.2826136182428438,0.46051604880593805,0.7713924729124393,1.0862236279337238,0.43955756266771395,1.0862236279337238,0.061114419958970184,1.740553147788785e-05,0.0,0.0,1.0,0.0,0.0,63332.01,0.040197179517585946,-0.14037958101858727,0.3332922782808139,0.7102,1.080820266035412
2026-06-08,604.44,610.44,591.55,601.86,121475.506,0,1,-0.0042684137383364185,0.05179825941071603,-0.13164045592266627,-0.09242252883962898,-0.07370527125817616,-0.004277549422110773,0.03333333333333333,0.1,643.6200000000001,-0.06488300550013998,641.8452000000001,-0.062297264200153045,634.4729,-0.05140156498409935,723.414,-0.16802826597218187,622.5382569721278,636.1245010122775,0,0,0,41.49480781741604,0,0,-13.586244040149722,-4.5062982126145865,-9.079945827535136,0,721.8398811717782,565.400118828222,643.6200000000001,0.24306230748509386,0.23306019278978898,30.052001696347503,0.04993188066385455,22.01123470877313,22.87773429494476,30.106074375305695,0,23.98562975486052,19.627007607776854,298261.56771428575,203759.49019999997,1.4637922750077914,0,10583026.805899998,647.740300099038,892925.6265368309,0.6381386180108527,0.4975062717207014,0.38797674564436513,1.2823095128921345,0.4630188247503756,0.7680998506834105,1.0815871760773461,0.43768134912843343,1.0815871760773461,0.03138603661981208,0.0,1.0,1.0,1.0,0.0,0.0,63085.99,-0.003884607483640612,-0.11655283865176469,0.33098667867538206,0.7128,1.0923837168307542
2026-06-09,601.86,605.68,583.84,593.44,134636.725,0,1,-0.013989964443558267,0.03291386002471608,-0.08798352518096175,-0.09595844187499036,-0.10565895561751171,-0.01408874638216808,0.05555555555555555,0.03333333333333333,640.817,-0.07393218344706828,641.1288,-0.07438255776374404,634.2276999999999,-0.06431081455445713,722.2289,-0.17832144352019133,618.0616020533389,632.9626861224792,0,0,0,39.8462659405008,0,0,-14.901084069140325,-6.585255383919734,-8.315828685220591,0,722.1072317171772,559.5267682828228,640.817,0.2537080998699386,0.20859352348242324,29.46543014660839,0.04965191113947221,21.634976386546892,21.66650929932997,30.381174806747534,0,19.537193575655127,22.95717103409414,273190.05128571426,204271.4738,1.3373871848263634,0,10448390.080899999,646.2408110844435,891042.0635412838,0.5628147316494893,0.4934421312340908,0.3889361516608924,1.2686970062487675,0.46380756880389035,0.775404074059556,1.0664558099414154,0.431558202616518,1.0664558099414154,0.036802372607171605,0.0,1.0,1.0,1.0,0.0,,61730.0,-0.021494312762627588,-0.07535601339887477,0.32305687503488445,0.7084,1.1038782115385317
2026-06-10,593.44,598.52,580.68,586.53,114846.002,0,1,-0.01164397411701279,-0.02963073257891613,-0.05494416963408155,-0.09603292028851496,-0.12536534446764103,-0.011712296060772402,0.1111111111111111,0.011111111111111112,637.2145,-0.07954071980471265,640.225,-0.08386895232144957,633.7151,-0.07445790703109337,720.99265,-0.1864965613727131,613.2105863528252,629.5232278911845,0,0,0,38.49463816660669,0,0,-16.312641538359344,-8.530732614807658,-7.781908923551686,0,721.5203061245877,552.9086938754124,637.2145,0.26460730609421995,0.1994008934266153,28.63504227899351,0.04882110425552574,21.378381152268755,20.702329710923046,29.817429577711547,0,15.88651732882499,19.80311355311357,246608.9882857143,201977.49903333333,1.2209725809359349,0,10333544.078899998,644.6506873899042,889704.7996665534,0.5101891078968014,0.4920583372200771,0.3895838475988762,1.2630357758741342,0.46265655999110156,0.7865073618151098,1.0540380260935196,0.4265331500752667,1.0540380260935196,0.030416176495660977,0.0,1.0,1.0,1.0,1.0,,61510.99,-0.003547869755386346,-0.04102973445946734,0.3233206188522797,0.7043,1.0939790604611717
2026-06-11,586.51,607.33,586.51,605.76,115805.929,0,1,0.0327860467495269,0.006479912271956989,0.0020346384794800443,-0.050889947355226894,-0.08901421159485678,0.03226005034044966,0.5888888888888889,0.08888888888888889,634.9805,-0.04601794858267304,639.5908000000001,-0.052894444385379005,633.4371,-0.0436935253713431,719.80345,-0.15843693163737962,612.0643422985444,627.7629887881338,0,0,0,44.17034959878074,0,0,-15.698646489589464,-9.96431538976402,-5.734331099825445,0,720.1739443919789,549.7870556080211,634.9805,0.2683340492880613,0.3285049970185783,28.07682497335112,0.0463497506823678,20.76280137865973,21.847090548491497,28.238092261012042,0,26.046069315300063,20.489926739926748,205805.29742857142,200450.46036666667,1.0267140172794296,0,10449350.007899998,643.2977313690935,893501.6182686198,0.542331953320397,0.5032119974009324,0.3919755057342675,1.2837842927411787,0.46334085349427406,0.812293828948427,1.0885957660928007,0.4405174858738574,1.0885957660928007,0.0343700475435817,-3.409885257357989e-05,1.0,0.0,0.0,0.0,,63625.99,0.03438409949181431,-0.004069749877868345,0.3464785159432512,0.717,1.0618777836664746
2026-06-12,605.77,613.39,596.58,603.83,105336.327,0,1,-0.0031860802958266765,0.017508088433539903,0.055240991227150316,-0.06106359819623697,-0.10101536445926618,-0.0031911666562275103,0.9,0.05555555555555555,632.359,-0.045115195640451064,638.8965999999999,-0.054886189721466486,632.8955000000001,-0.045924643167790005,718.498,-0.15959404201542662,610.7975204064605,625.9901748038277,0,0,0,43.73414456475673,0,0,-15.192654397367164,-11.009983191284649,-4.1826712060825155,0,718.0207895287272,546.6972104712729,632.359,0.2709277152020518,0.3334788465373313,27.272051760968893,0.04516511561361458,19.932765084556255,22.472404724055412,26.994845838766675,0,25.02641589180051,22.31966751197521,144447.91057142857,196426.24566666668,0.7353798881670588,0,10344013.680899998,642.2278315835134,893166.0082727303,0.3879603275235372,0.5016596868820227,0.38438563426914635,1.3050947854382122,0.4624163452913728,0.8097057955855929,1.0851274125723323,0.4391139617921476,1.0851274125723323,0.027838961297053714,1.6508188061263382e-05,1.0,0.0,0.0,0.0,,63580.01,-0.0007226606611543396,0.041331246303626834,0.34633286978571276,0.7239,1.0695913047150392
2026-06-13,603.84,612.33,599.33,609.65,73491.153,0,1,0.009638474405047726,0.03941827357509431,0.061128226550397624,-0.15177950301917253,-0.10116915092809653,0.009592320641543244,0.9222222222222223,0.05555555555555555,630.013,-0.032321555269494526,638.3654,-0.04498270113010518,632.5135,-0.036147054568795835,717.2334,-0.14999775526348882,610.6209788054665,624.7797914850256,0,0,0,45.48256397129425,0,0,-14.158812679559105,-11.63974908893954,-2.519063590619565,0,715.4526397833966,544.5733602166034,630.013,0.27123135485584143,0.3808340013392872,26.252619492328257,0.04306178871865539,19.162017097174452,21.67754183564348,26.040021404127142,0,28.10122569737952,26.391236968160054,122633.71485714287,193549.2831,0.6336045935844795,0,10417504.833899999,641.4600454781516,893874.3508699182,0.38719576476602946,0.5016204779612347,0.3849082864839252,1.3032207816138655,0.46037965404831366,0.8175101241719633,1.0955863853646264,0.4433463504737803,1.0955863853646264,0.021323710325596653,1.6560952585977682e-05,0.0,0.0,0.0,,,64458.01,0.013809371845018514,0.058691176852216476,0.3408255946488147,0.73,1.0958974824178374
2026-06-14,609.66,617.24,602.79,616.79,122027.611,0,1,0.011711637824981525,0.01820853143159007,0.020432135530408235,-0.13195412004785023,-0.08267646271453644,0.011643587400653296,0.6555555555555556,0.14444444444444443,627.695,-0.017373087247787675,638.1306000000001,-0.03344237057429953,632.4083,-0.024696544937819583,715.8584499999998,-0.13839111628842252,611.5700589892409,624.1879550787274,0,0,0,47.632485289615545,0,0,-12.617896089486521,-11.835378489048939,-0.7825176004375827,0,711.8552502747978,543.5347497252023,627.695,0.2681565100081973,0.4352128827778352,25.409575242876244,0.04119647731460666,18.218156073089833,22.177239626101947,24.98226967725984,0,34.85067298249663,29.326104857225577,112517.03614285715,192066.72443333332,0.5858226430154589,0,10539532.444899999,640.1596401411291,895303.4940545979,0.2571152080231704,0.5032677237338626,0.38452169126751573,1.308814912560379,0.4591355114847509,0.827084506664521,1.1084174963159974,0.44853866236155654,1.1084174963159974,0.023427746883055895,1.6402854096597893e-05,0.0,0.0,0.0,,,65746.45,0.019988826834709927,0.03812353342330366,0.34583693471418725,0.731,1.0846309352538073
2026-06-15,616.79,632.9,612.66,617.87,170537.642,0,1,0.0017510011511212564,0.023251577430733805,0.02660087063436678,-0.10854133602654736,-0.058412069491008856,0.0017494699357849459,0.7222222222222222,0.23333333333333334,625.767,-0.012619713088098361,637.7728,-0.03120672440091512,632.3843999999999,-0.022951862822675435,714.4691,-0.13520402771792372,612.5392806832039,623.7199584062291,0,0,0,47.96674066585135,0,0,-11.18067772302527,-11.704438335844205,0.5237606128189363,1,708.9161854186815,542.6178145813186,625.767,0.2657512633893492,0.4525130645583823,25.040319868385083,0.0405268420029862,17.18327150773144,25.363907812905918,23.53990694580043,0,44.163969795037744,35.70528949163799,119525.9127142857,193425.36796666667,0.6179433130760997,0,10710070.0869,638.9881488650683,895602.1056620494,0.2525618560223253,0.4992564782271845,0.3820258943875277,1.306865543833366,0.4582135140319171,0.8285327325877652,1.1103583366279697,0.449324054075674,1.1103583366279697,0.032757699839772135,0.0,0.0,0.0,0.0,,,66328.74,0.00885659986204601,0.05140206248645707,0.3478917062012017,0.7279,1.06515885375429
